Cites,Authors,Title,Year,Source,Publisher,ArticleURL,CitesURL,GSRank,QueryDate,Type,DOI,ISSN,CitationURL,Volume,Issue,StartPage,EndPage,ECC,CitesPerYear,CitesPerAuthor,AuthorCount,Age,Abstract,FullTextURL,RelatedURL
4186,"D Shi, V Adinolfi, R Comin, M Yuan, E Alarousu, A Buin, Y Chen, ...","Low trap-state density and long carrier diffusion in organolead trihalide perovskite single crystals",2015,"Science","","","https://scholar.google.com/scholar?oi=bibs&hl=en&cites=3223454773708042895",1,"2023-03-01 18:29:43","Journal article","","","https://scholar.google.com/citations?view_op=view_citation&hl=en&user=-2OhI8YAAAAJ&pagesize=100&citation_for_view=-2OhI8YAAAAJ:2osOgNQ5qMEC",347,6221,519,522,4186,523.25,523,8,8,"","",""
2319,"K Lin, J Xing, LN Quan, FPG de Arquer, X Gong, J Lu, L Xie, W Zhao, ...","Perovskite light-emitting diodes with external quantum efficiency exceeding 20 per cent",2018,"Nature","","","https://scholar.google.com/scholar?oi=bibs&hl=en&cites=7743013483777116952",2,"2023-03-01 18:29:43","Journal article","","","https://scholar.google.com/citations?view_op=view_citation&hl=en&user=-2OhI8YAAAAJ&pagesize=100&citation_for_view=-2OhI8YAAAAJ:w7CBUyPWg-0C",562,7726,245,248,2319,463.80,258,9,5,"","",""
2163,"SA McDonald, G Konstantatos, S Zhang, PW Cyr, EJD Klem, L Levina, ...","Solution-processed PbS quantum dot infrared photodetectors and photovoltaics",2005,"Nature materials","","","https://scholar.google.com/scholar?oi=bibs&hl=en&cites=13276455076246471305",3,"2023-03-01 18:29:43","Journal article","","","https://scholar.google.com/citations?view_op=view_citation&hl=en&user=-2OhI8YAAAAJ&pagesize=100&citation_for_view=-2OhI8YAAAAJ:u5HHmVD_uO8C",4,2,138,142,2163,120.17,309,7,18,"","",""
1951,"H Tan, A Jain, O Voznyy, X Lan, FP García de Arquer, JZ Fan, ...","Efficient and stable solution-processed planar perovskite solar cells via contact passivation",2017,"Science","","","https://scholar.google.com/scholar?oi=bibs&hl=en&cites=10795933795724203918",4,"2023-03-01 18:29:43","Journal article","","","https://scholar.google.com/citations?view_op=view_citation&hl=en&user=-2OhI8YAAAAJ&pagesize=100&citation_for_view=-2OhI8YAAAAJ:_OXeSy2IsFwC",355,6326,722,726,1951,325.17,279,7,6,"","",""
1897,"G Konstantatos, I Howard, A Fischer, S Hoogland, J Clifford, E Klem, ...","Ultrasensitive solution-cast quantum dot photodetectors",2006,"Nature","","","https://scholar.google.com/scholar?oi=bibs&hl=en&cites=1678300437241718783",5,"2023-03-01 18:29:43","Journal article","","","https://scholar.google.com/citations?view_op=view_citation&hl=en&user=-2OhI8YAAAAJ&pagesize=100&citation_for_view=-2OhI8YAAAAJ:u-x6o8ySG0sC",442,7099,180,183,1897,111.59,271,7,17,"","",""
1773,"M Yuan, LN Quan, R Comin, G Walters, R Sabatini, O Voznyy, ...","Perovskite energy funnels for efficient light-emitting diodes",2016,"Nature nanotechnology","","","https://scholar.google.com/scholar?oi=bibs&hl=en&cites=663307444754961533,6256437892667898547",6,"2023-03-01 18:29:43","Journal article","","","https://scholar.google.com/citations?view_op=view_citation&hl=en&user=-2OhI8YAAAAJ&pagesize=100&citation_for_view=-2OhI8YAAAAJ:uWQEDVKXjbEC",11,10,872,877,1773,253.29,253,7,7,"","",""
1756,"B Zhang, X Zheng, O Voznyy, R Comin, M Bajdich, M García-Melchor, ...","Homogeneously dispersed multimetal oxygen-evolving catalysts",2016,"Science","","","https://scholar.google.com/scholar?oi=bibs&hl=en&cites=3175096833046850430",7,"2023-03-01 18:29:43","Journal article","","","https://scholar.google.com/citations?view_op=view_citation&hl=en&user=-2OhI8YAAAAJ&pagesize=100&citation_for_view=-2OhI8YAAAAJ:70eg2SAEIzsC",352,6283,333,337,1756,250.86,251,7,7,"","",""
1571,"J Tang, KW Kemp, S Hoogland, KS Jeong, H Liu, L Levina, M Furukawa, ...","Colloidal-quantum-dot photovoltaics using atomic-ligand passivation",2011,"Nature materials","","","https://scholar.google.com/scholar?oi=bibs&hl=en&cites=13918062964113523077",8,"2023-03-01 18:29:43","Journal article","","","https://scholar.google.com/citations?view_op=view_citation&hl=en&user=-2OhI8YAAAAJ&pagesize=100&citation_for_view=-2OhI8YAAAAJ:d1gkVwhDpl0C",10,10,765,771,1571,130.92,196,8,12,"","",""
1369,"BR Sutherland, EH Sargent","Perovskite photonic sources",2016,"Nature Photonics","","","https://scholar.google.com/scholar?oi=bibs&hl=en&cites=13537205845084797942",9,"2023-03-01 18:29:43","Journal article","","","https://scholar.google.com/citations?view_op=view_citation&hl=en&user=-2OhI8YAAAAJ&pagesize=100&citation_for_view=-2OhI8YAAAAJ:yD5IFk8b50cC",10,5,295,302,1369,195.57,685,2,7,"","",""
1363,"AH Ip, SM Thon, S Hoogland, O Voznyy, D Zhitomirsky, R Debnath, ...","Hybrid passivated colloidal quantum dot solids",2012,"Nature nanotechnology","","","https://scholar.google.com/scholar?oi=bibs&hl=en&cites=14515727524571595529",10,"2023-03-01 18:29:43","Journal article","","","https://scholar.google.com/citations?view_op=view_citation&hl=en&user=-2OhI8YAAAAJ&pagesize=100&citation_for_view=-2OhI8YAAAAJ:9yKSN-GCB0IC",7,9,577,582,1363,123.91,195,7,11,"","",""
1343,"CT Dinh, T Burdyny, MG Kibria, A Seifitokaldani, CM Gabardo, ...","CO2 electroreduction to ethylene via hydroxide-mediated copper catalysis at an abrupt interface",2018,"Science","","","https://scholar.google.com/scholar?oi=bibs&hl=en&cites=3662738513090137271",11,"2023-03-01 18:29:43","Journal article","","","https://scholar.google.com/citations?view_op=view_citation&hl=en&user=-2OhI8YAAAAJ&pagesize=100&citation_for_view=-2OhI8YAAAAJ:8RAEygVn5_EC",360,6390,783,787,1343,268.60,224,6,5,"","",""
1328,"G Konstantatos, EH Sargent","Nanostructured materials for photon detection",2010,"Nature nanotechnology","","","https://scholar.google.com/scholar?oi=bibs&hl=en&cites=4680438273431479319",12,"2023-03-01 18:29:43","Journal article","","","https://scholar.google.com/citations?view_op=view_citation&hl=en&user=-2OhI8YAAAAJ&pagesize=100&citation_for_view=-2OhI8YAAAAJ:UeHWp8X0CEIC",5,6,391,400,1328,102.15,664,2,13,"","",""
1258,"M Liu, Y Pang, B Zhang, P De Luna, O Voznyy, J Xu, X Zheng, CT Dinh, ...","Enhanced electrocatalytic CO2 reduction via field-induced reagent concentration",2016,"Nature","","","https://scholar.google.com/scholar?oi=bibs&hl=en&cites=4380609746171431055",13,"2023-03-01 18:29:43","Journal article","","","https://scholar.google.com/citations?view_op=view_citation&hl=en&user=-2OhI8YAAAAJ&pagesize=100&citation_for_view=-2OhI8YAAAAJ:uJ-U7cs_P_0C",537,7620,382,386,1258,179.71,140,9,7,"","",""
1168,"P De Luna, C Hahn, D Higgins, SA Jaffer, TF Jaramillo, EH Sargent","What would it take for renewably powered electrosynthesis to displace petrochemical processes?",2019,"Science 364 (6438), eaav","","","https://scholar.google.com/scholar?oi=bibs&hl=en&cites=17096178253966437093",14,"2023-03-01 18:29:43","Journal article","","","https://scholar.google.com/citations?view_op=view_citation&hl=en&user=-2OhI8YAAAAJ&pagesize=100&citation_for_view=-2OhI8YAAAAJ:hrkNWuzUpWwC",3506,,,,1168,292.00,195,6,4,"","",""
1142,"M Graetzel, RAJ Janssen, DB Mitzi, EH Sargent","Materials interface engineering for solution-processed photovoltaics",2012,"Nature","","","https://scholar.google.com/scholar?oi=bibs&hl=en&cites=1041291961330419688",15,"2023-03-01 18:29:43","Journal article","","","https://scholar.google.com/citations?view_op=view_citation&hl=en&user=-2OhI8YAAAAJ&pagesize=100&citation_for_view=-2OhI8YAAAAJ:IjCSPb-OGe4C",488,7411,304,312,1142,103.82,286,4,11,"","",""
1123,"J Xu, A Buin, AH Ip, W Li, O Voznyy, R Comin, M Yuan, S Jeon, Z Ning, ...","Perovskite–fullerene hybrid materials suppress hysteresis in planar diodes",2015,"Nature communications","","","https://scholar.google.com/scholar?oi=bibs&hl=en&cites=15234812625388547354",16,"2023-03-01 18:29:43","Journal article","","","https://scholar.google.com/citations?view_op=view_citation&hl=en&user=-2OhI8YAAAAJ&pagesize=100&citation_for_view=-2OhI8YAAAAJ:ULOm3_A8WrAC",6,1,7081,7081,1123,140.38,112,10,8,"","",""
1121,"LN Quan, M Yuan, R Comin, O Voznyy, EM Beauregard, S Hoogland, ...","Ligand-stabilized reduced-dimensionality perovskites",2016,"Journal of the American Chemical Society","","","https://scholar.google.com/scholar?oi=bibs&hl=en&cites=1733681133642355273",17,"2023-03-01 18:29:43","Journal article","","","https://scholar.google.com/citations?view_op=view_citation&hl=en&user=-2OhI8YAAAAJ&pagesize=100&citation_for_view=-2OhI8YAAAAJ:nb7KW1ujOQ8C",138,8,2649,2655,1121,160.14,160,7,7,"","",""
1120,"Y Rong, Y Hu, A Mei, H Tan, MI Saidaminov, SI Seok, MD McGehee, ...","Challenges for commercializing perovskite solar cells",2018,"Science 361 (6408), eaat","","","https://scholar.google.com/scholar?oi=bibs&hl=en&cites=8196063544942606484",18,"2023-03-01 18:29:43","Journal article","","","https://scholar.google.com/citations?view_op=view_citation&hl=en&user=-2OhI8YAAAAJ&pagesize=100&citation_for_view=-2OhI8YAAAAJ:NnTm98qLMbgC",8235,,,,1120,224.00,140,8,5,"","",""
1099,"GH Carey, AL Abdelhady, Z Ning, SM Thon, OM Bakr, EH Sargent","Colloidal quantum dot solar cells",2015,"Chemical reviews","","","https://scholar.google.com/scholar?oi=bibs&hl=en&cites=9875850263198627202",19,"2023-03-01 18:29:43","Journal article","","","https://scholar.google.com/citations?view_op=view_citation&hl=en&user=-2OhI8YAAAAJ&pagesize=100&citation_for_view=-2OhI8YAAAAJ:4TOpqqG69KYC",115,23,12732,12763,1099,137.38,183,6,8,"","",""
1088,"J Luo, X Wang, S Li, J Liu, Y Guo, G Niu, L Yao, Y Fu, L Gao, Q Dong, ...","Efficient and stable emission of warm-white light from lead-free halide double perovskites",2018,"Nature","","","https://scholar.google.com/scholar?oi=bibs&hl=en&cites=1703467792908272675",20,"2023-03-01 18:29:43","Journal article","","","https://scholar.google.com/citations?view_op=view_citation&hl=en&user=-2OhI8YAAAAJ&pagesize=100&citation_for_view=-2OhI8YAAAAJ:jKT558fuBk8C",563,7732,541,545,1088,217.60,109,11,5,"","",""
1035,"FP García de Arquer, A Armin, P Meredith, EH Sargent","Solution-processed semiconductors for next-generation photodetectors",2017,"Nature Reviews Materials","","","https://scholar.google.com/scholar?oi=bibs&hl=en&cites=2394051433968793665",21,"2023-03-01 18:29:43","Journal article","","","https://scholar.google.com/citations?view_op=view_citation&hl=en&user=-2OhI8YAAAAJ&pagesize=100&citation_for_view=-2OhI8YAAAAJ:HGTzPopzzJcC",2,3,1,17,1035,172.50,259,4,6,"","",""
1032,"CR Kagan, E Lifshitz, EH Sargent, DV Talapin","Building devices from colloidal quantum dots",2016,"Science 353 (6302), aac","","","https://scholar.google.com/scholar?oi=bibs&hl=en&cites=5798956090203885960",22,"2023-03-01 18:29:43","Journal article","","","https://scholar.google.com/citations?view_op=view_citation&hl=en&user=-2OhI8YAAAAJ&pagesize=100&citation_for_view=-2OhI8YAAAAJ:35r97b3x0nAC",5523,,,,1032,147.43,258,4,7,"","",""
993,"AG Pattantyus-Abraham, IJ Kramer, AR Barkhouse, X Wang, ...","Depleted-heterojunction colloidal quantum dot solar cells",2010,"ACS nano","","","https://scholar.google.com/scholar?oi=bibs&hl=en&cites=16566877819767507254",23,"2023-03-01 18:29:43","Journal article","","","https://scholar.google.com/citations?view_op=view_citation&hl=en&user=-2OhI8YAAAAJ&pagesize=100&citation_for_view=-2OhI8YAAAAJ:qjMakFHDy7sC",4,6,3374,3380,993,76.38,199,5,13,"","",""
871,"J Pan, LN Quan, Y Zhao, W Peng, B Murali, SP Sarmah, M Yuan, ...","Highly efficient perovskite‐quantum‐dot light‐emitting diodes by surface engineering",2016,"Advanced materials","","","https://scholar.google.com/scholar?oi=bibs&hl=en&cites=3957040926831857515",24,"2023-03-01 18:29:43","Journal article","","","https://scholar.google.com/citations?view_op=view_citation&hl=en&user=-2OhI8YAAAAJ&pagesize=100&citation_for_view=-2OhI8YAAAAJ:t7zJ5fGR-2UC",28,39,8718,8725,871,124.43,109,8,7,"","",""
760,"OS Bushuyev, P De Luna, CT Dinh, L Tao, G Saur, J van de Lagemaat, ...","What should we make with CO2 and how can we make it?",2018,"Joule","","","https://scholar.google.com/scholar?oi=bibs&hl=en&cites=15369823157272821977",25,"2023-03-01 18:29:43","Journal article","","","https://scholar.google.com/citations?view_op=view_citation&hl=en&user=-2OhI8YAAAAJ&pagesize=100&citation_for_view=-2OhI8YAAAAJ:T8_be82Iz5gC",2,5,825,832,760,152.00,109,7,5,"","",""
739,"EH Sargent","Colloidal quantum dot solar cells",2012,"Nature photonics","","","https://scholar.google.com/scholar?oi=bibs&hl=en&cites=1650620851307755391",27,"2023-03-01 18:29:43","Journal article","","","https://scholar.google.com/citations?view_op=view_citation&hl=en&user=-2OhI8YAAAAJ&pagesize=100&citation_for_view=-2OhI8YAAAAJ:W7OEmFMy1HYC",6,3,133,135,739,67.18,739,1,11,"","",""
739,"X Zheng, Y Hou, C Bao, J Yin, F Yuan, Z Huang, K Song, J Liu, ...","Managing grains and interfaces via ligand anchoring enables 22.3%-efficiency inverted perovskite solar cells",2020,"Nature Energy","","","https://scholar.google.com/scholar?oi=bibs&hl=en&cites=9352149968057186174",26,"2023-03-01 18:29:43","Journal article","","","https://scholar.google.com/citations?view_op=view_citation&hl=en&user=-2OhI8YAAAAJ&pagesize=100&citation_for_view=-2OhI8YAAAAJ:CmbFvBriOyMC",5,2,131,140,739,246.33,82,9,3,"","",""
716,"Y Zhou, L Wang, S Chen, S Qin, X Liu, J Chen, DJ Xue, M Luo, Y Cao, ...","Thin-film Sb2Se3 photovoltaics with oriented one-dimensional ribbons and benign grain boundaries",2015,"Nature Photonics","","","https://scholar.google.com/scholar?oi=bibs&hl=en&cites=6197648115459685312",28,"2023-03-01 18:29:43","Journal article","","","https://scholar.google.com/citations?view_op=view_citation&hl=en&user=-2OhI8YAAAAJ&pagesize=100&citation_for_view=-2OhI8YAAAAJ:35N4QoGY0k4C",9,6,409,415,716,89.50,72,10,8,"","",""
703,"A Buin, P Pietsch, J Xu, O Voznyy, AH Ip, R Comin, EH Sargent","Materials processing routes to trap-free halide perovskites",2014,"Nano letters","","","https://scholar.google.com/scholar?oi=bibs&hl=en&cites=8219685677819488462",29,"2023-03-01 18:29:43","Journal article","","","https://scholar.google.com/citations?view_op=view_citation&hl=en&user=-2OhI8YAAAAJ&pagesize=100&citation_for_view=-2OhI8YAAAAJ:IWHjjKOFINEC",14,11,6281,6286,703,78.11,100,7,9,"","",""
698,"L Zhang, X Yang, Q Jiang, P Wang, Z Yin, X Zhang, H Tan, Y Yang, M Wei, ...","Ultra-bright and highly efficient inorganic based perovskite light-emitting diodes",2017,"Nature communications","","","https://scholar.google.com/scholar?oi=bibs&hl=en&cites=9417785477315247201",30,"2023-03-01 18:29:43","Journal article","","","https://scholar.google.com/citations?view_op=view_citation&hl=en&user=-2OhI8YAAAAJ&pagesize=100&citation_for_view=-2OhI8YAAAAJ:Azgs6IHzeyYC",8,1,15640,15640,698,116.33,70,10,6,"","",""
684,"MI Saidaminov, V Adinolfi, R Comin, AL Abdelhady, W Peng, I Dursun, ...","Planar-integrated single-crystalline perovskite photodetectors",2015,"Nature communications","","","https://scholar.google.com/scholar?oi=bibs&hl=en&cites=9856860069731589032",31,"2023-03-01 18:29:43","Journal article","","","https://scholar.google.com/citations?view_op=view_citation&hl=en&user=-2OhI8YAAAAJ&pagesize=100&citation_for_view=-2OhI8YAAAAJ:pyW8ca7W8N0C",6,1,8724,8724,684,85.50,98,7,8,"","",""
660,"Y Liao, H Liu, W Zhou, D Yang, Y Shang, Z Shi, B Li, X Jiang, L Zhang, ...","Highly oriented low-dimensional tin halide perovskites with enhanced stability and photovoltaic performance",2017,"Journal of the American Chemical Society","","","https://scholar.google.com/scholar?oi=bibs&hl=en&cites=5849095324203685979",32,"2023-03-01 18:29:43","Journal article","","","https://scholar.google.com/citations?view_op=view_citation&hl=en&user=-2OhI8YAAAAJ&pagesize=100&citation_for_view=-2OhI8YAAAAJ:LXmCCkuhhTsC",139,19,6693,6699,660,110.00,66,10,6,"","",""
654,"M Labib, EH Sargent, SO Kelley","Electrochemical methods for the analysis of clinically relevant biomolecules",2016,"Chemical reviews","","","https://scholar.google.com/scholar?oi=bibs&hl=en&cites=1651871623340332044",33,"2023-03-01 18:29:43","Journal article","","","https://scholar.google.com/citations?view_op=view_citation&hl=en&user=-2OhI8YAAAAJ&pagesize=100&citation_for_view=-2OhI8YAAAAJ:oNZyr7d5Mn4C",116,16,9001,9090,654,93.43,218,3,7,"","",""
644,"V Sukhovatkin, S Hinds, L Brzozowski, EH Sargent","Colloidal quantum-dot photodetectors exploiting multiexciton generation",2009,"Science","","","https://scholar.google.com/scholar?oi=bibs&hl=en&cites=17708390313775871317",34,"2023-03-01 18:29:43","Journal article","","","https://scholar.google.com/citations?view_op=view_citation&hl=en&user=-2OhI8YAAAAJ&pagesize=100&citation_for_view=-2OhI8YAAAAJ:Y0pCki6q_DkC",324,5934,1542,1544,644,46.00,161,4,14,"","",""
628,"P De Luna, R Quintero-Bermudez, CT Dinh, MB Ross, OS Bushuyev, ...","Catalyst electro-redeposition controls morphology and oxidation state for selective carbon dioxide reduction",2018,"Nature Catalysis","","","https://scholar.google.com/scholar?oi=bibs&hl=en&cites=9014849756940173774",35,"2023-03-01 18:29:43","Journal article","","","https://scholar.google.com/citations?view_op=view_citation&hl=en&user=-2OhI8YAAAAJ&pagesize=100&citation_for_view=-2OhI8YAAAAJ:yIeBiWEAh44C",1,2,103,110,628,125.60,105,6,5,"","",""
626,"FP García de Arquer, CT Dinh, A Ozden, J Wicks, C McCallum, ...","CO2 electrolysis to multicarbon products at activities greater than 1 A cm−2",2020,"Science","","","https://scholar.google.com/scholar?oi=bibs&hl=en&cites=10269561823195642495",36,"2023-03-01 18:29:43","Journal article","","","https://scholar.google.com/citations?view_op=view_citation&hl=en&user=-2OhI8YAAAAJ&pagesize=100&citation_for_view=-2OhI8YAAAAJ:v7SMsomtfXcC",367,6478,661,666,626,208.67,104,6,3,"","",""
619,"R Lin, K Xiao, Z Qin, Q Han, C Zhang, M Wei, MI Saidaminov, Y Gao, J Xu, ...","Monolithic all-perovskite tandem solar cells with 24.8% efficiency exploiting comproportionation to suppress Sn(ii) oxidation in precursor ink",2019,"Nature Energy","","","https://scholar.google.com/scholar?oi=bibs&hl=en&cites=2940660084651723638",37,"2023-03-01 18:29:43","Journal article","","","https://scholar.google.com/citations?view_op=view_citation&hl=en&user=-2OhI8YAAAAJ&pagesize=100&citation_for_view=-2OhI8YAAAAJ:-w1eE4La9_EC",4,10,864,873,619,154.75,62,10,4,"","",""
615,"MB Ross, P De Luna, Y Li, CT Dinh, D Kim, P Yang, EH Sargent","Designing materials for electrochemical carbon dioxide recycling",2019,"Nature Catalysis","","","https://scholar.google.com/scholar?oi=bibs&hl=en&cites=8589586808172098274",38,"2023-03-01 18:29:43","Journal article","","","https://scholar.google.com/citations?view_op=view_citation&hl=en&user=-2OhI8YAAAAJ&pagesize=100&citation_for_view=-2OhI8YAAAAJ:QYmifXMdJWgC",2,8,648,658,615,153.75,88,7,4,"","",""
599,"Z Ning, O Voznyy, J Pan, S Hoogland, V Adinolfi, J Xu, M Li, AR Kirmani, ...","Air-stable n-type colloidal quantum dot solids",2014,"Nature materials","","","https://scholar.google.com/scholar?oi=bibs&hl=en&cites=14063711286796894977",39,"2023-03-01 18:29:43","Journal article","","","https://scholar.google.com/citations?view_op=view_citation&hl=en&user=-2OhI8YAAAAJ&pagesize=100&citation_for_view=-2OhI8YAAAAJ:Zph67rFs4hoC",13,8,822,828,599,66.56,67,9,9,"","",""
589,"Y Zhou, F Che, M Liu, C Zou, Z Liang, P De Luna, H Yuan, J Li, Z Wang, ...","Dopant-induced electron localization drives CO2 reduction to C2 hydrocarbons",2018,"Nature chemistry","","","https://scholar.google.com/scholar?oi=bibs&hl=en&cites=9634843958932822686",40,"2023-03-01 18:29:43","Journal article","","","https://scholar.google.com/citations?view_op=view_citation&hl=en&user=-2OhI8YAAAAJ&pagesize=100&citation_for_view=-2OhI8YAAAAJ:nOiSByfp82kC",10,9,974,980,589,117.80,59,10,5,"","",""
584,"M Liu, O Voznyy, R Sabatini, FP García de Arquer, R Munir, AH Balawi, ...","Hybrid organic–inorganic inks flatten the energy landscape in colloidal quantum dot solids",2017,"Nature materials","","","https://scholar.google.com/scholar?oi=bibs&hl=en&cites=12536037325888956145",41,"2023-03-01 18:29:43","Journal article","","","https://scholar.google.com/citations?view_op=view_citation&hl=en&user=-2OhI8YAAAAJ&pagesize=100&citation_for_view=-2OhI8YAAAAJ:ClCfbGk0d_YC",16,2,258,263,584,97.33,83,7,6,"","",""
578,"JP Clifford, G Konstantatos, KW Johnston, S Hoogland, L Levina, ...","Fast, sensitive and spectrally tuneable colloidal-quantum-dot photodetectors",2009,"Nature nanotechnology","","","https://scholar.google.com/scholar?oi=bibs&hl=en&cites=1014151982957806399",42,"2023-03-01 18:29:43","Journal article","","","https://scholar.google.com/citations?view_op=view_citation&hl=en&user=-2OhI8YAAAAJ&pagesize=100&citation_for_view=-2OhI8YAAAAJ:_FxGoFyzp5QC",4,1,40,44,578,41.29,96,6,14,"","",""
565,"M Zhong, K Tran, Y Min, C Wang, Z Wang, CT Dinh, P De Luna, Z Yu, ...","Accelerated discovery of CO2 electrocatalysts using active machine learning",2020,"Nature","","","https://scholar.google.com/scholar?oi=bibs&hl=en&cites=16707747488752242303",43,"2023-03-01 18:29:43","Journal article","","","https://scholar.google.com/citations?view_op=view_citation&hl=en&user=-2OhI8YAAAAJ&pagesize=100&citation_for_view=-2OhI8YAAAAJ:MDQ-9Oe3GGUC",581,7807,178,183,565,188.33,63,9,3,"","",""
552,"GI Koleilat, L Levina, H Shukla, SH Myrskog, S Hinds, ...","Efficient, stable infrared photovoltaics based on solution-cast colloidal quantum dots",2008,"ACS nano","","","https://scholar.google.com/scholar?oi=bibs&hl=en&cites=13111007460290976946",44,"2023-03-01 18:29:43","Journal article","","","https://scholar.google.com/citations?view_op=view_citation&hl=en&user=-2OhI8YAAAAJ&pagesize=100&citation_for_view=-2OhI8YAAAAJ:Tyk-4Ss8FVUC",2,5,833,840,552,36.80,92,6,15,"","",""
541,"MG Kibria, JP Edwards, CM Gabardo, CT Dinh, A Seifitokaldani, D Sinton, ...","Electrochemical CO2 Reduction into Chemical Feedstocks: From Mechanistic Electrocatalysis Models to System Design",2019,"Advanced Materials","","","https://scholar.google.com/scholar?oi=bibs&hl=en&cites=15162632073792310037",45,"2023-03-01 18:29:43","Journal article","","","https://scholar.google.com/citations?view_op=view_citation&hl=en&user=-2OhI8YAAAAJ&pagesize=100&citation_for_view=-2OhI8YAAAAJ:AubyX3KqGToC",31,31,1807166,1807166,541,135.25,77,7,4,"","",""
529,"JY Kim, O Voznyy, D Zhitomirsky, EH Sargent","25th anniversary article: colloidal quantum dot materials and devices: a quarter‐century of advances",2013,"Advanced Materials","","","https://scholar.google.com/scholar?oi=bibs&hl=en&cites=17420293520183381463",46,"2023-03-01 18:29:43","Journal article","","","https://scholar.google.com/citations?view_op=view_citation&hl=en&user=-2OhI8YAAAAJ&pagesize=100&citation_for_view=-2OhI8YAAAAJ:8k81kl-MbHgC",25,36,4986,5010,529,52.90,132,4,10,"","",""
525,"LN Quan, BP Rand, RH Friend, SG Mhaisalkar, TW Lee, EH Sargent","Perovskites for next-generation optical sources",2019,"Chemical reviews","","","https://scholar.google.com/scholar?oi=bibs&hl=en&cites=1257150006618996129",47,"2023-03-01 18:29:43","Journal article","","","https://scholar.google.com/citations?view_op=view_citation&hl=en&user=-2OhI8YAAAAJ&pagesize=100&citation_for_view=-2OhI8YAAAAJ:d6JCS5z0ckYC",119,12,7444,7477,525,131.25,88,6,4,"","",""
523,"J Tang, EH Sargent","Infrared colloidal quantum dots for photovoltaics: fundamentals and recent progress",2011,"Advanced materials","","","https://scholar.google.com/scholar?oi=bibs&hl=en&cites=5806902496153037406",48,"2023-03-01 18:29:43","Journal article","","","https://scholar.google.com/citations?view_op=view_citation&hl=en&user=-2OhI8YAAAAJ&pagesize=100&citation_for_view=-2OhI8YAAAAJ:eQOLeE2rZwMC",23,1,12,29,523,43.58,262,2,12,"","",""
506,"IJ Kramer, EH Sargent","The architecture of colloidal quantum dot solar cells: materials to devices",2014,"Chemical reviews","","","https://scholar.google.com/scholar?oi=bibs&hl=en&cites=4298344643696569757",49,"2023-03-01 18:29:43","Journal article","","","https://scholar.google.com/citations?view_op=view_citation&hl=en&user=-2OhI8YAAAAJ&pagesize=100&citation_for_view=-2OhI8YAAAAJ:UebtZRa9Y70C",114,1,863,882,506,56.22,253,2,9,"","",""
493,"L Bakueva, S Musikhin, MA Hines, TWF Chang, M Tzolov, GD Scholes, ...","Size-tunable infrared (1000–1600 nm) electroluminescence from PbS quantum-dot nanocrystals in a semiconducting polymer",2003,"Applied physics letters","","","https://scholar.google.com/scholar?oi=bibs&hl=en&cites=17020677184436945508",50,"2023-03-01 18:29:43","Journal article","","","https://scholar.google.com/citations?view_op=view_citation&hl=en&user=-2OhI8YAAAAJ&pagesize=100&citation_for_view=-2OhI8YAAAAJ:zYLM7Y9cAGgC",82,17,2895,2897,493,24.65,70,7,20,"","",""
492,"H Tian, EH Sargent","Materials, systems and methods for optoelectronic devices",2011,"US Patent 7,923,801","","","https://scholar.google.com/scholar?oi=bibs&hl=en&cites=6183418267520559966",51,"2023-03-01 18:29:43","Patent","","","https://scholar.google.com/citations?view_op=view_citation&hl=en&user=-2OhI8YAAAAJ&pagesize=100&citation_for_view=-2OhI8YAAAAJ:u0Mu_IsstPMC",,,,,492,41.00,246,2,12,"","",""
486,"J Xing, Y Zhao, M Askerka, LN Quan, X Gong, W Zhao, J Zhao, H Tan, ...","Color-stable highly luminescent sky-blue perovskite light-emitting diodes",2018,"Nature communications","","","https://scholar.google.com/scholar?oi=bibs&hl=en&cites=9607153337537976338",52,"2023-03-01 18:29:43","Journal article","","","https://scholar.google.com/citations?view_op=view_citation&hl=en&user=-2OhI8YAAAAJ&pagesize=100&citation_for_view=-2OhI8YAAAAJ:BCdnXsLIVDwC",9,1,3541,3541,486,97.20,54,9,5,"","",""
480,"Z Ning, X Gong, R Comin, G Walters, F Fan, O Voznyy, E Yassitepe, ...","Quantum-dot-in-perovskite solids",2015,"Nature","","","https://scholar.google.com/scholar?oi=bibs&hl=en&cites=15496306892179143552",53,"2023-03-01 18:29:43","Journal article","","","https://scholar.google.com/citations?view_op=view_citation&hl=en&user=-2OhI8YAAAAJ&pagesize=100&citation_for_view=-2OhI8YAAAAJ:vV6vV6tmYwMC",523,7560,324,328,480,60.00,60,8,8,"","",""
475,"Y Kim, E Yassitepe, O Voznyy, R Comin, G Walters, X Gong, ...","Efficient luminescence from perovskite quantum dot solids",2015,"ACS applied materials &interfaces","","","https://scholar.google.com/scholar?oi=bibs&hl=en&cites=12784824892707261232",54,"2023-03-01 18:29:43","Journal article","","","https://scholar.google.com/citations?view_op=view_citation&hl=en&user=-2OhI8YAAAAJ&pagesize=100&citation_for_view=-2OhI8YAAAAJ:tOudhMTPpwUC",7,45,25007,25013,475,59.38,68,7,8,"","",""
474,"F Li, A Thevenon, A Rosas-Hernández, Z Wang, Y Li, CM Gabardo, ...","Molecular tuning of CO2-to-ethylene conversion",2020,"Nature","","","https://scholar.google.com/scholar?oi=bibs&hl=en&cites=7892514057116575402",55,"2023-03-01 18:29:43","Journal article","","","https://scholar.google.com/citations?view_op=view_citation&hl=en&user=-2OhI8YAAAAJ&pagesize=100&citation_for_view=-2OhI8YAAAAJ:lOG7zRu2uA8C",577,7791,509,513,474,158.00,68,7,3,"","",""
469,"MI Saidaminov, J Kim, A Jain, R Quintero-Bermudez, H Tan, G Long, ...","Suppression of atomic vacancies via incorporation of isovalent small ions to increase the stability of halide perovskite solar cells in ambient air",2018,"Nature Energy","","","https://scholar.google.com/scholar?oi=bibs&hl=en&cites=10174432230353565548",56,"2023-03-01 18:29:43","Journal article","","","https://scholar.google.com/citations?view_op=view_citation&hl=en&user=-2OhI8YAAAAJ&pagesize=100&citation_for_view=-2OhI8YAAAAJ:u_mOZUIutIEC",3,8,648,654,469,93.80,67,7,5,"","",""
465,"G Konstantatos, J Clifford, L Levina, EH Sargent","Sensitive solution-processed visible-wavelength photodetectors",2007,"Nature photonics","","","https://scholar.google.com/scholar?oi=bibs&hl=en&cites=4183506120826558257",57,"2023-03-01 18:29:43","Journal article","","","https://scholar.google.com/citations?view_op=view_citation&hl=en&user=-2OhI8YAAAAJ&pagesize=100&citation_for_view=-2OhI8YAAAAJ:MXK_kJrjxJIC",1,9,531,534,465,29.06,116,4,16,"","",""
459,"X Wang, GI Koleilat, J Tang, H Liu, IJ Kramer, R Debnath, L Brzozowski, ...","Tandem colloidal quantum dot solar cells employing a graded recombination layer",2011,"Nature photonics","","","https://scholar.google.com/scholar?oi=bibs&hl=en&cites=10791391712238926954",58,"2023-03-01 18:29:43","Journal article","","","https://scholar.google.com/citations?view_op=view_citation&hl=en&user=-2OhI8YAAAAJ&pagesize=100&citation_for_view=-2OhI8YAAAAJ:LkGwnXOMwfcC",5,8,480,484,459,38.25,57,8,12,"","",""
454,"TT Zhuang, ZQ Liang, A Seifitokaldani, Y Li, P De Luna, T Burdyny, F Che, ...","Steering post-C–C coupling selectivity enables high efficiency electroreduction of carbon dioxide to multi-carbon alcohols",2018,"Nature Catalysis","","","https://scholar.google.com/scholar?oi=bibs&hl=en&cites=15335754508172066648",59,"2023-03-01 18:29:43","Journal article","","","https://scholar.google.com/citations?view_op=view_citation&hl=en&user=-2OhI8YAAAAJ&pagesize=100&citation_for_view=-2OhI8YAAAAJ:_mQi-xiA4oYC",1,6,421,428,454,90.80,57,8,5,"","",""
426,"Y Hou, E Aydin, M De Bastiani, C Xiao, FH Isikgor, DJ Xue, B Chen, ...","Efficient tandem solar cells with solution-processed perovskite on textured crystalline silicon",2020,"Science","","","https://scholar.google.com/scholar?oi=bibs&hl=en&cites=3940380731171996517",60,"2023-03-01 18:29:43","Journal article","","","https://scholar.google.com/citations?view_op=view_citation&hl=en&user=-2OhI8YAAAAJ&pagesize=100&citation_for_view=-2OhI8YAAAAJ:MvIMIWP2nqIC",367,6482,1135,1140,426,142.00,53,8,3,"","",""
415,"EH Sargent","Infrared photovoltaics made by solution processing",2009,"Nature Photonics","","","https://scholar.google.com/scholar?oi=bibs&hl=en&cites=7088183013133700342",61,"2023-03-01 18:29:43","Journal article","","","https://scholar.google.com/citations?view_op=view_citation&hl=en&user=-2OhI8YAAAAJ&pagesize=100&citation_for_view=-2OhI8YAAAAJ:WF5omc3nYNoC",3,6,325,331,415,29.64,415,1,14,"","",""
414,"Y Dong, YK Wang, F Yuan, A Johnston, Y Liu, D Ma, MJ Choi, B Chen, ...","Bipolar-shell resurfacing for blue LEDs based on strongly confined perovskite quantum dots",2020,"Nature nanotechnology","","","https://scholar.google.com/scholar?oi=bibs&hl=en&cites=6301766997846431074",62,"2023-03-01 18:29:43","Journal article","","","https://scholar.google.com/citations?view_op=view_citation&hl=en&user=-2OhI8YAAAAJ&pagesize=100&citation_for_view=-2OhI8YAAAAJ:PD-wXv1Sh1EC",15,8,668,674,414,138.00,46,9,3,"","",""
410,"X Gong, O Voznyy, A Jain, W Liu, R Sabatini, Z Piontkowski, G Walters, ...","Electron–phonon interaction in efficient perovskite blue emitters",2018,"Nature materials","","","https://scholar.google.com/scholar?oi=bibs&hl=en&cites=11251070520942596169",63,"2023-03-01 18:29:43","Journal article","","","https://scholar.google.com/citations?view_op=view_citation&hl=en&user=-2OhI8YAAAAJ&pagesize=100&citation_for_view=-2OhI8YAAAAJ:NtGNdKbuCngC",17,6,550,556,410,82.00,51,8,5,"","",""
409,"X Zheng, B Zhang, P De Luna, Y Liang, R Comin, O Voznyy, L Han, ...","Theory-driven design of high-valence metal sites for water oxidation confirmed using in situ soft X-ray absorption",2018,"Nature chemistry","","","https://scholar.google.com/scholar?oi=bibs&hl=en&cites=1692260658035703840",64,"2023-03-01 18:29:43","Journal article","","","https://scholar.google.com/citations?view_op=view_citation&hl=en&user=-2OhI8YAAAAJ&pagesize=100&citation_for_view=-2OhI8YAAAAJ:BJtnxTr0fRcC",10,2,149,154,409,81.80,51,8,5,"","",""
405,"L Soleymani, Z Fang, EH Sargent, SO Kelley","Programming the detection limits of biosensors through controlled nanostructuring",2009,"Nature nanotechnology","","","https://scholar.google.com/scholar?oi=bibs&hl=en&cites=8075698203198743837",65,"2023-03-01 18:29:43","Journal article","","","https://scholar.google.com/citations?view_op=view_citation&hl=en&user=-2OhI8YAAAAJ&pagesize=100&citation_for_view=-2OhI8YAAAAJ:KlAtU1dfN6UC",4,12,844,848,405,28.93,101,4,14,"","",""
395,"J Tang, L Brzozowski, DAR Barkhouse, X Wang, R Debnath, R Wolowiec, ...","Quantum dot photovoltaics in the extreme quantum confinement regime: the surface-chemical origins of exceptional air-and light-stability",2010,"ACS nano","","","https://scholar.google.com/scholar?oi=bibs&hl=en&cites=1841522979442260864,1584429160938954570",66,"2023-03-01 18:29:43","Journal article","","","https://scholar.google.com/citations?view_op=view_citation&hl=en&user=-2OhI8YAAAAJ&pagesize=100&citation_for_view=-2OhI8YAAAAJ:hqOjcs7Dif8C",4,2,869,878,395,30.38,56,7,13,"","",""
391,"IJ Kramer, EH Sargent","Colloidal quantum dot photovoltaics: a path forward",2011,"ACS nano","","","https://scholar.google.com/scholar?oi=bibs&hl=en&cites=1254887232989977844",67,"2023-03-01 18:29:43","Journal article","","","https://scholar.google.com/citations?view_op=view_citation&hl=en&user=-2OhI8YAAAAJ&pagesize=100&citation_for_view=-2OhI8YAAAAJ:Se3iqnhoufwC",5,11,8506,8514,391,32.58,196,2,12,"","",""
382,"A Stok, EH Sargent","The role of optical CDMA in access networks",2002,"IEEE Communications Magazine","","","https://scholar.google.com/scholar?oi=bibs&hl=en&cites=11215940513061647401",68,"2023-03-01 18:29:43","Journal article","","","https://scholar.google.com/citations?view_op=view_citation&hl=en&user=-2OhI8YAAAAJ&pagesize=100&citation_for_view=-2OhI8YAAAAJ:YsMSGLbcyi4C",40,9,83,87,382,18.19,191,2,21,"","",""
380,"X Gong, Z Yang, G Walters, R Comin, Z Ning, E Beauregard, V Adinolfi, ...","Highly efficient quantum dot near-infrared light-emitting diodes",2016,"Nature Photonics","","","https://scholar.google.com/scholar?oi=bibs&hl=en&cites=13623598776288499987",69,"2023-03-01 18:29:43","Journal article","","","https://scholar.google.com/citations?view_op=view_citation&hl=en&user=-2OhI8YAAAAJ&pagesize=100&citation_for_view=-2OhI8YAAAAJ:Mojj43d5GZwC",10,4,253,257,380,54.29,48,8,7,"","",""
377,"LN Quan, Y Zhao, FP García de Arquer, R Sabatini, G Walters, O Voznyy, ...","Tailoring the energy landscape in quasi-2D halide perovskites enables efficient green-light emission",2017,"Nano letters","","","https://scholar.google.com/scholar?oi=bibs&hl=en&cites=8564639594376802432",70,"2023-03-01 18:29:43","Journal article","","","https://scholar.google.com/citations?view_op=view_citation&hl=en&user=-2OhI8YAAAAJ&pagesize=100&citation_for_view=-2OhI8YAAAAJ:M0leSnx2MbUC",17,6,3701,3709,377,62.83,54,7,6,"","",""
374,"X Lan, O Voznyy, A Kiani, FP García de Arquer, AS Abbas, GH Kim, M Liu, ...","Passivation using molecular halides increases quantum dot solar cell performance",2016,"Advanced Materials","","","https://scholar.google.com/scholar?oi=bibs&hl=en&cites=12578384691709208211",71,"2023-03-01 18:29:43","Journal article","","","https://scholar.google.com/citations?view_op=view_citation&hl=en&user=-2OhI8YAAAAJ&pagesize=100&citation_for_view=-2OhI8YAAAAJ:ldfaerwXgEUC",28,2,299,304,374,53.43,47,8,7,"","",""
372,"X Lan, O Voznyy, FP García de Arquer, M Liu, J Xu, AH Proppe, G Walters, ...","10.6% certified colloidal quantum dot solar cells via solvent-polarity-engineered halide passivation",2016,"Nano letters","","","https://scholar.google.com/scholar?oi=bibs&hl=en&cites=13611721926815999685",72,"2023-03-01 18:29:43","Journal article","","","https://scholar.google.com/citations?view_op=view_citation&hl=en&user=-2OhI8YAAAAJ&pagesize=100&citation_for_view=-2OhI8YAAAAJ:eJXPG6dFmWUC",16,7,4630,4634,372,53.14,47,8,7,"","",""
369,"J Yang, E Sargent, S Kelley, JY Ying","A general phase-transfer protocol for metal ions and its application in nanocrystal synthesis",2009,"Nature materials","","","https://scholar.google.com/scholar?oi=bibs&hl=en&cites=5874325438892735421",73,"2023-03-01 18:29:43","Journal article","","","https://scholar.google.com/citations?view_op=view_citation&hl=en&user=-2OhI8YAAAAJ&pagesize=100&citation_for_view=-2OhI8YAAAAJ:0EnyYjriUFMC",8,8,683,689,369,26.36,92,4,14,"","",""
368,"J Tang, S Hinds, SO Kelley, EH Sargent","Synthesis of Colloidal CuGaSe2, CuInSe2, and Cu(InGa)Se2 Nanoparticles",2008,"Chemistry of materials","","","https://scholar.google.com/scholar?oi=bibs&hl=en&cites=10687555714823818853",74,"2023-03-01 18:29:43","Journal article","","","https://scholar.google.com/citations?view_op=view_citation&hl=en&user=-2OhI8YAAAAJ&pagesize=100&citation_for_view=-2OhI8YAAAAJ:ufrVoPGSRksC",20,22,6906,6910,368,24.53,92,4,15,"","",""
362,"CT Dinh, A Jain, FPG de Arquer, P De Luna, J Li, N Wang, X Zheng, J Cai, ...","Multi-site electrocatalysts for hydrogen evolution in neutral media by destabilization of water molecules",2019,"Nature Energy","","","https://scholar.google.com/scholar?oi=bibs&hl=en&cites=13810021242555837397",75,"2023-03-01 18:29:43","Journal article","","","https://scholar.google.com/citations?view_op=view_citation&hl=en&user=-2OhI8YAAAAJ&pagesize=100&citation_for_view=-2OhI8YAAAAJ:FQ36aI_S1AEC",4,2,107,114,362,90.50,40,9,4,"","",""
354,"BR Sutherland, S Hoogland, MM Adachi, CTO Wong, EH Sargent","Conformal organohalide perovskites enable lasing on spherical resonators",2014,"ACS nano","","","https://scholar.google.com/scholar?oi=bibs&hl=en&cites=4270955395393401834",76,"2023-03-01 18:29:43","Journal article","","","https://scholar.google.com/citations?view_op=view_citation&hl=en&user=-2OhI8YAAAAJ&pagesize=100&citation_for_view=-2OhI8YAAAAJ:r0BpntZqJG4C",8,10,10947,10952,354,39.33,71,5,9,"","",""
353,"SO Kelley, CA Mirkin, DR Walt, RF Ismagilov, M Toner, EH Sargent","Advancing the speed, sensitivity and accuracy of biomolecular detection using multi-length-scale engineering",2014,"Nature nanotechnology","","","https://scholar.google.com/scholar?oi=bibs&hl=en&cites=5995366474477885686",77,"2023-03-01 18:29:43","Journal article","","","https://scholar.google.com/citations?view_op=view_citation&hl=en&user=-2OhI8YAAAAJ&pagesize=100&citation_for_view=-2OhI8YAAAAJ:GnPB-g6toBAC",9,12,969,980,353,39.22,59,6,9,"","",""
348,"LN Quan, FP García de Arquer, RP Sabatini, EH Sargent","Perovskites for light emission",2018,"Advanced Materials","","","https://scholar.google.com/scholar?oi=bibs&hl=en&cites=4310381544203739854",78,"2023-03-01 18:29:43","Journal article","","","https://scholar.google.com/citations?view_op=view_citation&hl=en&user=-2OhI8YAAAAJ&pagesize=100&citation_for_view=-2OhI8YAAAAJ:Ul_CLA4dPeMC",30,45,1801996,1801996,348,69.60,87,4,5,"","",""
347,"AL Abdelhady, MI Saidaminov, B Murali, V Adinolfi, O Voznyy, K Katsiev, ...","Heterovalent dopant incorporation for bandgap and type engineering of perovskite crystals",2016,"The journal of physical chemistry letters","","","https://scholar.google.com/scholar?oi=bibs&hl=en&cites=3016907250880944944",80,"2023-03-01 18:29:43","Journal article","","","https://scholar.google.com/citations?view_op=view_citation&hl=en&user=-2OhI8YAAAAJ&pagesize=100&citation_for_view=-2OhI8YAAAAJ:SdhP9T11ey4C",7,2,295,301,347,49.57,50,7,7,"","",""
347,"JA Steele, H Jin, I Dovgaliuk, RF Berger, T Braeckevelt, H Yuan, C Martin, ...","Thermal unequilibrium of strained black CsPbI3 thin films",2019,"Science","","","https://scholar.google.com/scholar?oi=bibs&hl=en&cites=8759912132019244041",79,"2023-03-01 18:29:43","Journal article","","","https://scholar.google.com/citations?view_op=view_citation&hl=en&user=-2OhI8YAAAAJ&pagesize=100&citation_for_view=-2OhI8YAAAAJ:NKlx0PmyA3cC",365,6454,679,684,347,86.75,43,8,4,"","",""
343,"K Xiao, R Lin, Q Han, Y Hou, Z Qin, HT Nguyen, J Wen, M Wei, V Yeddu, ...","All-perovskite tandem solar cells with 24.2% certified efficiency and area over 1 cm2 using surface-anchoring zwitterionic antioxidant",2020,"Nature energy","","","https://scholar.google.com/scholar?oi=bibs&hl=en&cites=4751504942212370687",81,"2023-03-01 18:29:43","Journal article","","","https://scholar.google.com/citations?view_op=view_citation&hl=en&user=-2OhI8YAAAAJ&pagesize=100&citation_for_view=-2OhI8YAAAAJ:pfJNqKtVkuoC",5,11,870,880,343,114.33,34,10,3,"","",""
341,"Y Wang, A Xu, Z Wang, L Huang, J Li, F Li, J Wicks, M Luo, DH Nam, ...","Enhanced nitrate-to-ammonia activity on copper–nickel alloys via tuning of intermediate adsorption",2020,"Journal of the American Chemical Society","","","https://scholar.google.com/scholar?oi=bibs&hl=en&cites=18198996254363596394",82,"2023-03-01 18:29:43","Journal article","","","https://scholar.google.com/citations?view_op=view_citation&hl=en&user=-2OhI8YAAAAJ&pagesize=100&citation_for_view=-2OhI8YAAAAJ:0qX8s2k1IRwC",142,12,5702,5708,341,113.67,34,10,3,"","",""
340,"KW Johnston, AG Pattantyus-Abraham, JP Clifford, SH Myrskog, ...","Schottky-quantum dot photovoltaics for efficient infrared power conversion",2008,"Applied Physics Letters","","","https://scholar.google.com/scholar?oi=bibs&hl=en&cites=4183729193367410500",83,"2023-03-01 18:29:43","Journal article","","","https://scholar.google.com/citations?view_op=view_citation&hl=en&user=-2OhI8YAAAAJ&pagesize=100&citation_for_view=-2OhI8YAAAAJ:roLk4NBRz8UC",92,15,151115,151115,340,22.67,68,5,15,"","",""
333,"E Yassitepe, Z Yang, O Voznyy, Y Kim, G Walters, JA Castañeda, ...","Amine‐free synthesis of cesium lead halide perovskite quantum dots for efficient light‐emitting diodes",2016,"Advanced Functional Materials","","","https://scholar.google.com/scholar?oi=bibs&hl=en&cites=2933866494025382012",84,"2023-03-01 18:29:43","Journal article","","","https://scholar.google.com/citations?view_op=view_citation&hl=en&user=-2OhI8YAAAAJ&pagesize=100&citation_for_view=-2OhI8YAAAAJ:F1b5ZUV5XREC",26,47,8757,8763,333,47.57,48,7,7,"","",""
329,"A Buin, R Comin, J Xu, AH Ip, EH Sargent","Halide-dependent electronic structure of organolead perovskite materials",2015,"Chemistry of Materials","","","https://scholar.google.com/scholar?oi=bibs&hl=en&cites=6501709504835239344",85,"2023-03-01 18:29:43","Journal article","","","https://scholar.google.com/citations?view_op=view_citation&hl=en&user=-2OhI8YAAAAJ&pagesize=100&citation_for_view=-2OhI8YAAAAJ:tS2w5q8j5-wC",27,12,4405,4412,329,41.13,66,5,8,"","",""
327,"X Zheng, P De Luna, FPG de Arquer, B Zhang, N Becknell, MB Ross, Y Li, ...","Sulfur-modulated tin sites enable highly selective electrochemical reduction of CO2 to formate",2017,"Joule","","","https://scholar.google.com/scholar?oi=bibs&hl=en&cites=9202949379398904596",86,"2023-03-01 18:29:43","Journal article","","","https://scholar.google.com/citations?view_op=view_citation&hl=en&user=-2OhI8YAAAAJ&pagesize=100&citation_for_view=-2OhI8YAAAAJ:uUvzmPk0f8oC",1,4,794,805,327,54.50,41,8,6,"","",""
322,"X Lan, S Masala, EH Sargent","Charge-extraction strategies for colloidal quantum dot photovoltaics",2014,"Nature materials","","","https://scholar.google.com/scholar?oi=bibs&hl=en&cites=17704723754801612964",87,"2023-03-01 18:29:43","Journal article","","","https://scholar.google.com/citations?view_op=view_citation&hl=en&user=-2OhI8YAAAAJ&pagesize=100&citation_for_view=-2OhI8YAAAAJ:hC7cP41nSMkC",13,3,233,240,322,35.78,107,3,9,"","",""
320,"R Quintero-Bermudez, A Gold-Parker, AH Proppe, R Munir, Z Yang, ...","Compositional and orientational control in metal halide perovskites of reduced dimensionality",2018,"Nature materials","","","https://scholar.google.com/scholar?oi=bibs&hl=en&cites=12409356895102618777",88,"2023-03-01 18:29:43","Journal article","","","https://scholar.google.com/citations?view_op=view_citation&hl=en&user=-2OhI8YAAAAJ&pagesize=100&citation_for_view=-2OhI8YAAAAJ:za7pDTvVV8kC",17,10,900,907,320,64.00,53,6,5,"","",""
313,"FP García de Arquer, DV Talapin, VI Klimov, Y Arakawa, M Bayer, ...","Semiconductor quantum dots: Technological progress and future challenges",2021,"Science 373 (6555), eaaz","","","https://scholar.google.com/scholar?oi=bibs&hl=en&cites=13815950176233516593",89,"2023-03-01 18:29:43","Journal article","","","https://scholar.google.com/citations?view_op=view_citation&hl=en&user=-2OhI8YAAAAJ&pagesize=100&citation_for_view=-2OhI8YAAAAJ:rsrKZ8bNWIsC",8541,,,,313,156.50,52,6,2,"","",""
310,"F Fan, O Voznyy, RP Sabatini, KT Bicanic, MM Adachi, JR McBride, ...","Continuous-wave lasing in colloidal quantum dot solids enabled by facet-selective epitaxy",2017,"Nature","","","https://scholar.google.com/scholar?oi=bibs&hl=en&cites=15178918487002873283",90,"2023-03-01 18:29:43","Journal article","","","https://scholar.google.com/citations?view_op=view_citation&hl=en&user=-2OhI8YAAAAJ&pagesize=100&citation_for_view=-2OhI8YAAAAJ:c_xDhezhKKUC",544,7648,75,79,310,51.67,44,7,6,"","",""
308,"LN Quan, R Quintero‐Bermudez, O Voznyy, G Walters, A Jain, JZ Fan, ...","Highly emissive green perovskite nanocrystals in a solid state crystalline matrix",2017,"Advanced Materials","","","https://scholar.google.com/scholar?oi=bibs&hl=en&cites=14256104405677683200",91,"2023-03-01 18:29:43","Journal article","","","https://scholar.google.com/citations?view_op=view_citation&hl=en&user=-2OhI8YAAAAJ&pagesize=100&citation_for_view=-2OhI8YAAAAJ:hQUaER0FWQ4C",29,21,1605945,1605945,308,51.33,44,7,6,"","",""
305,"R Wang, Y Shang, P Kanjanaboos, W Zhou, Z Ning, EH Sargent","Colloidal quantum dot ligand engineering for high performance solar cells",2016,"Energy &Environmental Science","","","https://scholar.google.com/scholar?oi=bibs&hl=en&cites=12663888932950446027",92,"2023-03-01 18:29:43","Journal article","","","https://scholar.google.com/citations?view_op=view_citation&hl=en&user=-2OhI8YAAAAJ&pagesize=100&citation_for_view=-2OhI8YAAAAJ:9vf0nzSNQJEC",9,4,1130,1143,305,43.57,51,6,7,"","",""
299,"L Bakueva, I Gorelikov, S Musikhin, XS Zhao, EH Sargent, E Kumacheva","PbS quantum dots with stable efficient luminescence in the near‐IR spectral range",2004,"Advanced Materials","","","https://scholar.google.com/scholar?oi=bibs&hl=en&cites=10947630152672990388",93,"2023-03-01 18:29:43","Journal article","","","https://scholar.google.com/citations?view_op=view_citation&hl=en&user=-2OhI8YAAAAJ&pagesize=100&citation_for_view=-2OhI8YAAAAJ:3fE2CSJIrl8C",16,11,926,929,299,15.74,50,6,19,"","",""
298,"BR Sutherland, AK Johnston, AH Ip, J Xu, V Adinolfi, P Kanjanaboos, ...","Sensitive, fast, and stable perovskite photodetectors exploiting interface engineering",2015,"Acs Photonics","","","https://scholar.google.com/scholar?oi=bibs&hl=en&cites=2090137152039637739",94,"2023-03-01 18:29:43","Journal article","","","https://scholar.google.com/citations?view_op=view_citation&hl=en&user=-2OhI8YAAAAJ&pagesize=100&citation_for_view=-2OhI8YAAAAJ:vRqMK49ujn8C",2,8,1117,1123,298,37.25,43,7,8,"","",""
296,"M Yuan, M Liu, EH Sargent","Colloidal quantum dot solids for solution-processed solar cells",2016,"Nature Energy","","","https://scholar.google.com/scholar?oi=bibs&hl=en&cites=13122331176254866447",95,"2023-03-01 18:29:43","Journal article","","","https://scholar.google.com/citations?view_op=view_citation&hl=en&user=-2OhI8YAAAAJ&pagesize=100&citation_for_view=-2OhI8YAAAAJ:0KyAp5RtaNEC",1,3,1,9,296,42.29,99,3,7,"","",""
295,"H Liu, M Li, O Voznyy, L Hu, Q Fu, D Zhou, Z Xia, EH Sargent, J Tang","Physically flexible, rapid‐response gas sensor based on colloidal quantum dot solids",2014,"Advanced Materials","","","https://scholar.google.com/scholar?oi=bibs&hl=en&cites=14653518710536081501",96,"2023-03-01 18:29:43","Journal article","","","https://scholar.google.com/citations?view_op=view_citation&hl=en&user=-2OhI8YAAAAJ&pagesize=100&citation_for_view=-2OhI8YAAAAJ:f2IySw72cVMC",26,17,2718,2724,295,32.78,33,9,9,"","",""
292,"G Konstantatos, L Levina, J Tang, EH Sargent","Sensitive Solution-Processed Bi2S3 Nanocrystalline Photodetectors",2008,"Nano letters","","","https://scholar.google.com/scholar?oi=bibs&hl=en&cites=13672844350795206949",97,"2023-03-01 18:29:43","Journal article","","","https://scholar.google.com/citations?view_op=view_citation&hl=en&user=-2OhI8YAAAAJ&pagesize=100&citation_for_view=-2OhI8YAAAAJ:qxL8FJ1GzNcC",8,11,4002,4006,292,19.47,73,4,15,"","",""
290,"DH Nam, P De Luna, A Rosas-Hernández, A Thevenon, F Li, T Agapie, ...","Molecular enhancement of heterogeneous CO2 reduction",2020,"Nature materials","","","https://scholar.google.com/scholar?oi=bibs&hl=en&cites=10083291359225078079",98,"2023-03-01 18:29:43","Journal article","","","https://scholar.google.com/citations?view_op=view_citation&hl=en&user=-2OhI8YAAAAJ&pagesize=100&citation_for_view=-2OhI8YAAAAJ:P-MJmu9ZMwQC",19,3,266,276,290,96.67,41,7,3,"","",""
289,"KS Jeong, J Tang, H Liu, J Kim, AW Schaefer, K Kemp, L Levina, X Wang, ...","Enhanced mobility-lifetime products in PbS colloidal quantum dot photovoltaics",2012,"ACS nano","","","https://scholar.google.com/scholar?oi=bibs&hl=en&cites=6102224455198176980",99,"2023-03-01 18:29:43","Journal article","","","https://scholar.google.com/citations?view_op=view_citation&hl=en&user=-2OhI8YAAAAJ&pagesize=100&citation_for_view=-2OhI8YAAAAJ:9ZlFYXVOiuMC",6,1,89,99,289,26.27,32,9,11,"","",""
285,"G Long, R Sabatini, MI Saidaminov, G Lakhwani, A Rasmita, X Liu, ...","Chiral-perovskite optoelectronics",2020,"Nature Reviews Materials","","","https://scholar.google.com/scholar?oi=bibs&hl=en&cites=7692039471533020791",100,"2023-03-01 18:29:43","Journal article","","","https://scholar.google.com/citations?view_op=view_citation&hl=en&user=-2OhI8YAAAAJ&pagesize=100&citation_for_view=-2OhI8YAAAAJ:qOpkhvVCMvUC",5,6,423,439,285,95.00,41,7,3,"","",""
282,"G Konstantatos, L Levina, A Fischer, EH Sargent","Engineering the temporal response of photoconductive photodetectors via selective introduction of surface trap states",2008,"Nano letters","","","https://scholar.google.com/scholar?oi=bibs&hl=en&cites=15382448682749673433",101,"2023-03-01 18:29:43","Journal article","","","https://scholar.google.com/citations?view_op=view_citation&hl=en&user=-2OhI8YAAAAJ&cstart=100&pagesize=100&citation_for_view=-2OhI8YAAAAJ:mVmsd5A6BfQC",8,5,1446,1450,282,18.80,71,4,15,"","",""
277,"Y Zhao, H Tan, H Yuan, Z Yang, JZ Fan, J Kim, O Voznyy, X Gong, ...","Perovskite seeding growth of formamidinium-lead-iodide-based perovskites for efficient and stable solar cells",2018,"Nature communications","","","https://scholar.google.com/scholar?oi=bibs&hl=en&cites=5688976503730356930",102,"2023-03-01 18:29:43","Journal article","","","https://scholar.google.com/citations?view_op=view_citation&hl=en&user=-2OhI8YAAAAJ&cstart=100&pagesize=100&citation_for_view=-2OhI8YAAAAJ:oYLFIHfuHKwC",9,1,1607,1607,277,55.40,31,9,5,"","",""
276,"TT Zhuang, Y Pang, ZQ Liang, Z Wang, Y Li, CS Tan, J Li, CT Dinh, ...","Copper nanocavities confine intermediates for efficient electrosynthesis of C3 alcohol fuels from carbon monoxide",2018,"Nature Catalysis","","","https://scholar.google.com/scholar?oi=bibs&hl=en&cites=14749153405864972317",103,"2023-03-01 18:29:43","Journal article","","","https://scholar.google.com/citations?view_op=view_citation&hl=en&user=-2OhI8YAAAAJ&cstart=100&pagesize=100&citation_for_view=-2OhI8YAAAAJ:KIRwYnRZzWQC",1,12,946,951,276,55.20,31,9,5,"","",""
275,"E Istrate, EH Sargent","Photonic crystal heterostructures and interfaces",2006,"Reviews of modern physics","","","https://scholar.google.com/scholar?oi=bibs&hl=en&cites=11193137095526743883",104,"2023-03-01 18:29:43","Journal article","","","https://scholar.google.com/citations?view_op=view_citation&hl=en&user=-2OhI8YAAAAJ&cstart=100&pagesize=100&citation_for_view=-2OhI8YAAAAJ:kNdYIx-mwKoC",78,2,455,455,275,16.18,138,2,17,"","",""
273,"A Klinkova, P De Luna, CT Dinh, O Voznyy, EM Larin, E Kumacheva, ...","Rational design of efficient palladium catalysts for electroreduction of carbon dioxide to formate",2016,"Acs Catalysis","","","https://scholar.google.com/scholar?oi=bibs&hl=en&cites=4729113077592199444",105,"2023-03-01 18:29:43","Journal article","","","https://scholar.google.com/citations?view_op=view_citation&hl=en&user=-2OhI8YAAAAJ&cstart=100&pagesize=100&citation_for_view=-2OhI8YAAAAJ:4X0JR2_MtJMC",6,12,8115,8120,273,39.00,39,7,7,"","",""
272,"F Li, YC Li, Z Wang, J Li, DH Nam, Y Lum, M Luo, X Wang, A Ozden, ...","Cooperative CO2-to-ethanol conversion via enriched intermediates at molecule–metal catalyst interfaces",2020,"Nature Catalysis","","","https://scholar.google.com/scholar?oi=bibs&hl=en&cites=7789018212944467681",106,"2023-03-01 18:29:43","Journal article","","","https://scholar.google.com/citations?view_op=view_citation&hl=en&user=-2OhI8YAAAAJ&cstart=100&pagesize=100&citation_for_view=-2OhI8YAAAAJ:2SFquFhkCoYC",3,1,75,82,272,90.67,27,10,3,"","",""
270,"DAR Barkhouse, R Debnath, IJ Kramer, D Zhitomirsky, ...","Depleted bulk heterojunction colloidal quantum dot photovoltaics",2011,"Advanced Materials","","","https://scholar.google.com/scholar?oi=bibs&hl=en&cites=4314505493632205349",109,"2023-03-01 18:29:43","Journal article","","","https://scholar.google.com/citations?view_op=view_citation&hl=en&user=-2OhI8YAAAAJ&cstart=100&pagesize=100&citation_for_view=-2OhI8YAAAAJ:M3ejUd6NZC8C",23,28,3134,3138,270,22.50,54,5,12,"","",""
270,"DH Nam, OS Bushuyev, J Li, P De Luna, A Seifitokaldani, CT Dinh, ...","Metal–Organic Frameworks Mediate Cu Coordination for Selective CO2 Electroreduction",2018,"Journal of the American Chemical Society","","","https://scholar.google.com/scholar?oi=bibs&hl=en&cites=18121644222608233365",108,"2023-03-01 18:29:43","Journal article","","","https://scholar.google.com/citations?view_op=view_citation&hl=en&user=-2OhI8YAAAAJ&cstart=100&pagesize=100&citation_for_view=-2OhI8YAAAAJ:feST4K8J0scC",140,36,11378,11386,270,54.00,39,7,5,"","",""
270,"YC Li, Z Wang, T Yuan, DH Nam, M Luo, J Wicks, B Chen, J Li, F Li, ...","Binding Site Diversity Promotes CO2 Electroreduction to Ethanol",2019,"Journal of the American Chemical Society","","","https://scholar.google.com/scholar?oi=bibs&hl=en&cites=863955612485381578",107,"2023-03-01 18:29:43","Journal article","","","https://scholar.google.com/citations?view_op=view_citation&hl=en&user=-2OhI8YAAAAJ&cstart=100&pagesize=100&citation_for_view=-2OhI8YAAAAJ:-LHtoeeytlUC",141,21,8584,8591,270,67.50,27,10,4,"","",""
266,"D Zhitomirsky, O Voznyy, L Levina, S Hoogland, KW Kemp, AH Ip, ...","Engineering colloidal quantum dot solids within and beyond the mobility-invariant regime",2014,"Nature communications","","","https://scholar.google.com/scholar?oi=bibs&hl=en&cites=12410835682302817000",111,"2023-03-01 18:29:43","Journal article","","","https://scholar.google.com/citations?view_op=view_citation&hl=en&user=-2OhI8YAAAAJ&cstart=100&pagesize=100&citation_for_view=-2OhI8YAAAAJ:HDshCWvjkbEC",5,1,3803,3803,266,29.56,38,7,9,"","",""
266,"X Li, YB Zhao, F Fan, L Levina, M Liu, R Quintero-Bermudez, X Gong, ...","Bright colloidal quantum dot light-emitting diodes enabled by efficient chlorination",2018,"Nature Photonics","","","https://scholar.google.com/scholar?oi=bibs&hl=en&cites=7771854303647361746",110,"2023-03-01 18:29:43","Journal article","","","https://scholar.google.com/citations?view_op=view_citation&hl=en&user=-2OhI8YAAAAJ&cstart=100&pagesize=100&citation_for_view=-2OhI8YAAAAJ:nWoA1JPTheMC",12,3,159,164,266,53.20,33,8,5,"","",""
264,"DAR Barkhouse, AG Pattantyus-Abraham, L Levina, EH Sargent","Thiols passivate recombination centers in colloidal quantum dots leading to enhanced photovoltaic device efficiency",2008,"ACS nano","","","https://scholar.google.com/scholar?oi=bibs&hl=en&cites=9335215472406590363",112,"2023-03-01 18:29:43","Journal article","","","https://scholar.google.com/citations?view_op=view_citation&hl=en&user=-2OhI8YAAAAJ&cstart=100&pagesize=100&citation_for_view=-2OhI8YAAAAJ:_kc_bZDykSQC",2,11,2356,2362,264,17.60,66,4,15,"","",""
264,"EJD Klem, H Shukla, S Hinds, DD MacNeil, L Levina, EH Sargent","Impact of dithiol treatment and air annealing on the conductivity, mobility, and hole density in PbS colloidal quantum dot solids",2008,"Applied Physics Letters","","","https://scholar.google.com/scholar?oi=bibs&hl=en&cites=5705053446387530997",113,"2023-03-01 18:29:43","Journal article","","","https://scholar.google.com/citations?view_op=view_citation&hl=en&user=-2OhI8YAAAAJ&cstart=100&pagesize=100&citation_for_view=-2OhI8YAAAAJ:7PzlFSSx8tAC",92,21,212105,212105,264,17.60,44,6,15,"","",""
262,"J Xu, O Voznyy, M Liu, AR Kirmani, G Walters, R Munir, M Abdelsamie, ...","2D matrix engineering for homogeneous quantum dot coupling in photovoltaic solids",2018,"Nature nanotechnology","","","https://scholar.google.com/scholar?oi=bibs&hl=en&cites=14832136684962388260",114,"2023-03-01 18:29:43","Journal article","","","https://scholar.google.com/citations?view_op=view_citation&hl=en&user=-2OhI8YAAAAJ&cstart=100&pagesize=100&citation_for_view=-2OhI8YAAAAJ:ojlX30-wUrgC",13,6,456,462,262,52.40,33,8,5,"","",""
262,"JL Brédas, EH Sargent, GD Scholes","Photovoltaic concepts inspired by coherence effects in photosynthetic systems",2017,"Nature materials","","","https://scholar.google.com/scholar?oi=bibs&hl=en&cites=422329766332068385",115,"2023-03-01 18:29:43","Journal article","","","https://scholar.google.com/citations?view_op=view_citation&hl=en&user=-2OhI8YAAAAJ&cstart=100&pagesize=100&citation_for_view=-2OhI8YAAAAJ:QYdC8u9Cj1oC",16,1,35,44,262,43.67,87,3,6,"","",""
261,"A Stok, EH Sargent","Lighting the local area: Optical code-division multiple access and quality of service provisioning",2000,"IEEE Network","","","https://scholar.google.com/scholar?oi=bibs&hl=en&cites=7453740068498847842",116,"2023-03-01 18:29:43","Journal article","","","https://scholar.google.com/citations?view_op=view_citation&hl=en&user=-2OhI8YAAAAJ&cstart=100&pagesize=100&citation_for_view=-2OhI8YAAAAJ:5nxA0vEk-isC",14,6,42,46,261,11.35,131,2,23,"","",""
260,"G Long, C Jiang, R Sabatini, Z Yang, M Wei, LN Quan, Q Liang, ...","Spin control in reduced-dimensional chiral perovskites",2018,"Nature Photonics","","","https://scholar.google.com/scholar?oi=bibs&hl=en&cites=5572557206263263790",117,"2023-03-01 18:29:43","Journal article","","","https://scholar.google.com/citations?view_op=view_citation&hl=en&user=-2OhI8YAAAAJ&cstart=100&pagesize=100&citation_for_view=-2OhI8YAAAAJ:e3CVSTJ63dQC",12,9,528,533,260,52.00,33,8,5,"","",""
259,"CM Gabardo, CP O’Brien, JP Edwards, C McCallum, Y Xu, CT Dinh, J Li, ...","Continuous carbon dioxide electroreduction to concentrated multi-carbon products using a membrane electrode assembly",2019,"Joule","","","https://scholar.google.com/scholar?oi=bibs&hl=en&cites=6895606081204646745",118,"2023-03-01 18:29:43","Journal article","","","https://scholar.google.com/citations?view_op=view_citation&hl=en&user=-2OhI8YAAAAJ&cstart=100&pagesize=100&citation_for_view=-2OhI8YAAAAJ:xm1hsP5ya-EC",3,11,2777,2791,259,64.75,32,8,4,"","",""
257,"G Tikhomirov, S Hoogland, PE Lee, A Fischer, EH Sargent, SO Kelley","DNA-based programming of quantum dot valency, self-assembly and luminescence",2011,"Nature nanotechnology","","","https://scholar.google.com/scholar?oi=bibs&hl=en&cites=16390697097381779177",120,"2023-03-01 18:29:43","Journal article","","","https://scholar.google.com/citations?view_op=view_citation&hl=en&user=-2OhI8YAAAAJ&cstart=100&pagesize=100&citation_for_view=-2OhI8YAAAAJ:dhFuZR0502QC",6,8,485,490,257,21.42,43,6,12,"","",""
257,"X Wang, Z Wang, FP García de Arquer, CT Dinh, A Ozden, YC Li, ...","Efficient electrically powered CO2-to-ethanol via suppression of deoxygenation",2020,"Nature Energy","","","https://scholar.google.com/scholar?oi=bibs&hl=en&cites=4774644121061042622",119,"2023-03-01 18:29:43","Journal article","","","https://scholar.google.com/citations?view_op=view_citation&hl=en&user=-2OhI8YAAAAJ&cstart=100&pagesize=100&citation_for_view=-2OhI8YAAAAJ:3wLP7v6BnpwC",5,6,478,486,257,85.67,37,7,3,"","",""
254,"AH Proppe, R Quintero-Bermudez, H Tan, O Voznyy, SO Kelley, ...","Synthetic control over quantum well width distribution and carrier migration in low-dimensional perovskite photovoltaics",2018,"Journal of the American Chemical Society","","","https://scholar.google.com/scholar?oi=bibs&hl=en&cites=11423750878543475338",121,"2023-03-01 18:29:43","Journal article","","","https://scholar.google.com/citations?view_op=view_citation&hl=en&user=-2OhI8YAAAAJ&cstart=100&pagesize=100&citation_for_view=-2OhI8YAAAAJ:X5YyAB84Iw4C",140,8,2890,2896,254,50.80,42,6,5,"","",""
253,"JE Huang, F Li, A Ozden, A Sedighian Rasouli, FP García de Arquer, ...","CO2 electrolysis to multicarbon products in strong acid",2021,"Science","","","https://scholar.google.com/scholar?oi=bibs&hl=en&cites=15639414411773374784",122,"2023-03-01 18:29:43","Journal article","","","https://scholar.google.com/citations?view_op=view_citation&hl=en&user=-2OhI8YAAAAJ&cstart=100&pagesize=100&citation_for_view=-2OhI8YAAAAJ:0kYikfLtzSYC",372,6546,1074,1078,253,126.50,42,6,2,"","",""
250,"B Zhang, L Wang, Z Cao, SM Kozlov, FP García de Arquer, CT Dinh, J Li, ...","High-valence metals improve oxygen evolution reaction performance by modulating 3d metal oxidation cycle energetics",2020,"Nature Catalysis","","","https://scholar.google.com/scholar?oi=bibs&hl=en&cites=4961259378474972038",123,"2023-03-01 18:29:43","Journal article","","","https://scholar.google.com/citations?view_op=view_citation&hl=en&user=-2OhI8YAAAAJ&cstart=100&pagesize=100&citation_for_view=-2OhI8YAAAAJ:fMcxjvj1mj8C",3,12,985,992,250,83.33,31,8,3,"","",""
245,"MR Narouz, KM Osten, PJ Unsworth, RWY Man, K Salorinne, S Takano, ...","N-heterocyclic carbene-functionalized magic-number gold nanoclusters",2019,"Nature chemistry","","","https://scholar.google.com/scholar?oi=bibs&hl=en&cites=17072718713255583324",125,"2023-03-01 18:29:43","Journal article","","","https://scholar.google.com/citations?view_op=view_citation&hl=en&user=-2OhI8YAAAAJ&cstart=100&pagesize=100&citation_for_view=-2OhI8YAAAAJ:BFa5h04uPMwC",11,5,419,425,245,61.25,35,7,4,"","",""
245,"Y Wang, Z Wang, CT Dinh, J Li, A Ozden, M Golam Kibria, ...","Catalyst synthesis under CO2 electroreduction favours faceting and promotes renewable fuels electrosynthesis",2020,"Nature catalysis","","","https://scholar.google.com/scholar?oi=bibs&hl=en&cites=6136130827232970161",124,"2023-03-01 18:29:43","Journal article","","","https://scholar.google.com/citations?view_op=view_citation&hl=en&user=-2OhI8YAAAAJ&cstart=100&pagesize=100&citation_for_view=-2OhI8YAAAAJ:yL7DKRohVA8C",3,2,98,106,245,81.67,35,7,3,"","",""
241,"G Walters, BR Sutherland, S Hoogland, D Shi, R Comin, DP Sellan, ...","Two-photon absorption in organometallic bromide perovskites",2015,"ACS nano","","","https://scholar.google.com/scholar?oi=bibs&hl=en&cites=7043651318251428602",126,"2023-03-01 18:29:43","Journal article","","","https://scholar.google.com/citations?view_op=view_citation&hl=en&user=-2OhI8YAAAAJ&cstart=100&pagesize=100&citation_for_view=-2OhI8YAAAAJ:wbdj-CoPYUoC",9,9,9340,9346,241,30.13,34,7,8,"","",""
240,"GH Kim, FP García de Arquer, YJ Yoon, X Lan, M Liu, O Voznyy, Z Yang, ...","High-efficiency colloidal quantum dot photovoltaics via robust self-assembled monolayers",2015,"Nano letters","","","https://scholar.google.com/scholar?oi=bibs&hl=en&cites=12987101713289342630,3144688936515994213",127,"2023-03-01 18:29:43","Journal article","","","https://scholar.google.com/citations?view_op=view_citation&hl=en&user=-2OhI8YAAAAJ&cstart=100&pagesize=100&citation_for_view=-2OhI8YAAAAJ:rO6llkc54NcC",15,11,7691,7696,240,30.00,30,8,8,"","",""
240,"O Voznyy, D Zhitomirsky, P Stadler, Z Ning, S Hoogland, EH Sargent","A charge-orbital balance picture of doping in colloidal quantum dot solids",2012,"ACS nano","","","https://scholar.google.com/scholar?oi=bibs&hl=en&cites=17970853928381800733",128,"2023-03-01 18:29:43","Journal article","","","https://scholar.google.com/citations?view_op=view_citation&hl=en&user=-2OhI8YAAAAJ&cstart=100&pagesize=100&citation_for_view=-2OhI8YAAAAJ:j3f4tGmQtD8C",6,9,8448,8455,240,21.82,40,6,11,"","",""
237,"J Tang, H Liu, D Zhitomirsky, S Hoogland, X Wang, M Furukawa, L Levina, ...","Quantum junction solar cells",2012,"Nano letters","","","https://scholar.google.com/scholar?oi=bibs&hl=en&cites=12314499727877906099",130,"2023-03-01 18:29:43","Journal article","","","https://scholar.google.com/citations?view_op=view_citation&hl=en&user=-2OhI8YAAAAJ&cstart=100&pagesize=100&citation_for_view=-2OhI8YAAAAJ:ZeXyd9-uunAC",12,9,4889,4894,237,21.55,30,8,11,"","",""
237,"W Peng, J Yin, KT Ho, O Ouellette, M De Bastiani, B Murali, O El Tall, ...","Ultralow self-doping in two-dimensional hybrid perovskite single crystals",2017,"Nano letters","","","https://scholar.google.com/scholar?oi=bibs&hl=en&cites=16061022064568947388",129,"2023-03-01 18:29:43","Journal article","","","https://scholar.google.com/citations?view_op=view_citation&hl=en&user=-2OhI8YAAAAJ&cstart=100&pagesize=100&citation_for_view=-2OhI8YAAAAJ:yTLRzDEmwhEC",17,8,4759,4767,237,39.50,30,8,6,"","",""
236,"R Lin, J Xu, M Wei, Y Wang, Z Qin, Z Liu, J Wu, K Xiao, B Chen, SM Park, ...","All-perovskite tandem solar cells with improved grain surface passivation",2022,"Nature","","","https://scholar.google.com/scholar?oi=bibs&hl=en&cites=4028622441119981154",131,"2023-03-01 18:29:43","Journal article","","","https://scholar.google.com/citations?view_op=view_citation&hl=en&user=-2OhI8YAAAAJ&cstart=100&pagesize=100&citation_for_view=-2OhI8YAAAAJ:QSG1pgF8pGAC",603,7899,73,78,236,236.00,24,11,1,"","",""
236,"Y Kim, Z Yang, A Jain, O Voznyy, GH Kim, M Liu, LN Quan, ...","Pure Cubic‐Phase Hybrid Iodobismuthates AgBi2I7 for Thin‐Film Photovoltaics",2016,"Angewandte Chemie International Edition","","","https://scholar.google.com/scholar?oi=bibs&hl=en&cites=16939311508847197973",132,"2023-03-01 18:29:43","Journal article","","","https://scholar.google.com/citations?view_op=view_citation&hl=en&user=-2OhI8YAAAAJ&cstart=100&pagesize=100&citation_for_view=-2OhI8YAAAAJ:ILKRHgRFtOwC",55,33,9586,9590,236,33.71,30,8,7,"","",""
236,"Z Ning, Y Ren, S Hoogland, O Voznyy, L Levina, P Stadler, X Lan, ...","All‐inorganic colloidal quantum dot photovoltaics employing solution‐phase halide passivation",2012,"Advanced Materials","","","https://scholar.google.com/scholar?oi=bibs&hl=en&cites=14900825703743401751",133,"2023-03-01 18:29:43","Journal article","","","https://scholar.google.com/citations?view_op=view_citation&hl=en&user=-2OhI8YAAAAJ&cstart=100&pagesize=100&citation_for_view=-2OhI8YAAAAJ:-f6ydRqryjwC",24,47,6295,6299,236,21.45,30,8,11,"","",""
235,"KW Johnston, AG Pattantyus-Abraham, JP Clifford, SH Myrskog, ...","Efficient Schottky-quantum-dot photovoltaics: The roles of depletion, drift, and diffusion",2008,"Applied Physics Letters","","","https://scholar.google.com/scholar?oi=bibs&hl=en&cites=400140607905000226",134,"2023-03-01 18:29:43","Journal article","","","https://scholar.google.com/citations?view_op=view_citation&hl=en&user=-2OhI8YAAAAJ&cstart=100&pagesize=100&citation_for_view=-2OhI8YAAAAJ:QIV2ME_5wuYC",92,12,122111,122111,235,15.67,47,5,15,"","",""
234,"DJ Xue, Y Hou, SC Liu, M Wei, B Chen, Z Huang, Z Li, B Sun, AH Proppe, ...","Regulating strain in perovskite thin films through charge-transport layers",2020,"Nature communications","","","https://scholar.google.com/scholar?oi=bibs&hl=en&cites=7667548008841903738",135,"2023-03-01 18:29:43","Journal article","","","https://scholar.google.com/citations?view_op=view_citation&hl=en&user=-2OhI8YAAAAJ&cstart=100&pagesize=100&citation_for_view=-2OhI8YAAAAJ:Np1obAXpBq8C",11,1,1514,1514,234,78.00,23,10,3,"","",""
229,"J Tang, X Wang, L Brzozowski, DAR Barkhouse, R Debnath, L Levina, ...","Schottky quantum dot solar cells stable in air under solar illumination",2010,"Advanced materials","","","https://scholar.google.com/scholar?oi=bibs&hl=en&cites=2042474136223999673",136,"2023-03-01 18:29:43","Journal article","","","https://scholar.google.com/citations?view_op=view_citation&hl=en&user=-2OhI8YAAAAJ&cstart=100&pagesize=100&citation_for_view=-2OhI8YAAAAJ:Wp0gIr-vW9MC",22,12,1398,1402,229,17.62,33,7,13,"","",""
229,"S Hoogland, V Sukhovatkin, I Howard, S Cauchi, L Levina, EH Sargent","A solution-processed 1.53 μm quantum dot laser with temperature-invariant emission wavelength",2006,"Optics Express","","","https://scholar.google.com/scholar?oi=bibs&hl=en&cites=5812785148152820319",137,"2023-03-01 18:29:43","Journal article","","","https://scholar.google.com/citations?view_op=view_citation&hl=en&user=-2OhI8YAAAAJ&cstart=100&pagesize=100&citation_for_view=-2OhI8YAAAAJ:aqlVkmm33-oC",14,8,3273,3281,229,13.47,38,6,17,"","",""
228,"MB Ross, CT Dinh, Y Li, D Kim, P De Luna, EH Sargent, P Yang","Tunable Cu Enrichment Enables Designer Syngas Electrosynthesis from CO2",2017,"Journal of the American Chemical Society","","","https://scholar.google.com/scholar?oi=bibs&hl=en&cites=4204016309142575248",138,"2023-03-01 18:29:43","Journal article","","","https://scholar.google.com/citations?view_op=view_citation&hl=en&user=-2OhI8YAAAAJ&cstart=100&pagesize=100&citation_for_view=-2OhI8YAAAAJ:RMgMIBzvq-4C",139,27,9359,9363,228,38.00,33,7,6,"","",""
226,"ZQ Liang, TT Zhuang, A Seifitokaldani, J Li, CW Huang, CS Tan, Y Li, ...","Copper-on-nitride enhances the stable electrosynthesis of multi-carbon products from CO2",2018,"Nature communications","","","https://scholar.google.com/scholar?oi=bibs&hl=en&cites=12587156477484748972",139,"2023-03-01 18:29:43","Journal article","","","https://scholar.google.com/citations?view_op=view_citation&hl=en&user=-2OhI8YAAAAJ&cstart=100&pagesize=100&citation_for_view=-2OhI8YAAAAJ:vofGIMt6cyEC",9,1,3828,3828,226,45.20,28,8,5,"","",""
225,"J Das, I Ivanov, L Montermini, J Rak, EH Sargent, SO Kelley","An electrochemical clamp assay for direct, rapid analysis of circulating nucleic acids in serum",2015,"Nature chemistry","","","https://scholar.google.com/scholar?oi=bibs&hl=en&cites=5474751838823147623",140,"2023-03-01 18:29:43","Journal article","","","https://scholar.google.com/citations?view_op=view_citation&hl=en&user=-2OhI8YAAAAJ&cstart=100&pagesize=100&citation_for_view=-2OhI8YAAAAJ:Y5dfb0dijaUC",7,7,569,575,225,28.13,38,6,8,"","",""
223,"BR Sutherland, S Hoogland, MM Adachi, P Kanjanaboos, CTO Wong, ...","Perovskite thin films via atomic layer deposition",2015,"Advanced Materials","","","https://scholar.google.com/scholar?oi=bibs&hl=en&cites=18233417484347816019",142,"2023-03-01 18:29:43","Journal article","","","https://scholar.google.com/citations?view_op=view_citation&hl=en&user=-2OhI8YAAAAJ&cstart=100&pagesize=100&citation_for_view=-2OhI8YAAAAJ:sSrBHYA8nusC",27,1,53,58,223,27.88,37,6,8,"","",""
223,"D Zhitomirsky, M Furukawa, J Tang, P Stadler, S Hoogland, O Voznyy, ...","N‐type colloidal‐quantum‐dot solids for photovoltaics",2012,"Advanced materials","","","https://scholar.google.com/scholar?oi=bibs&hl=en&cites=1075637160242480233",143,"2023-03-01 18:29:43","Journal article","","","https://scholar.google.com/citations?view_op=view_citation&hl=en&user=-2OhI8YAAAAJ&cstart=100&pagesize=100&citation_for_view=-2OhI8YAAAAJ:TQgYirikUcIC",24,46,6181,6185,223,20.27,32,7,11,"","",""
223,"V Adinolfi, O Ouellette, MI Saidaminov, G Walters, AL Abdelhady, ...","Fast and sensitive solution‐processed visible‐blind perovskite UV photodetectors",2016,"Advanced Materials","","","https://scholar.google.com/scholar?oi=bibs&hl=en&cites=15594088198712482351",141,"2023-03-01 18:29:43","Journal article","","","https://scholar.google.com/citations?view_op=view_citation&hl=en&user=-2OhI8YAAAAJ&cstart=100&pagesize=100&citation_for_view=-2OhI8YAAAAJ:yFnVuubrUp4C",28,33,7264,7268,223,31.86,37,6,7,"","",""
221,"D Zhitomirsky, O Voznyy, S Hoogland, EH Sargent","Measuring charge carrier diffusion in coupled colloidal quantum dot solids",2013,"ACS nano","","","https://scholar.google.com/scholar?oi=bibs&hl=en&cites=668305569028024446",144,"2023-03-01 18:29:43","Journal article","","","https://scholar.google.com/citations?view_op=view_citation&hl=en&user=-2OhI8YAAAAJ&cstart=100&pagesize=100&citation_for_view=-2OhI8YAAAAJ:JV2RwH3_ST0C",7,6,5282,5290,221,22.10,55,4,10,"","",""
218,"F Yuan, YK Wang, G Sharma, Y Dong, X Zheng, P Li, A Johnston, G Bappi, ...","Bright high-colour-purity deep-blue carbon dot light-emitting diodes via efficient edge amination",2020,"Nature Photonics","","","https://scholar.google.com/scholar?oi=bibs&hl=en&cites=11207686234672103724",145,"2023-03-01 18:29:43","Journal article","","","https://scholar.google.com/citations?view_op=view_citation&hl=en&user=-2OhI8YAAAAJ&cstart=100&pagesize=100&citation_for_view=-2OhI8YAAAAJ:rCzfLUpcSPoC",14,3,171,176,218,72.67,24,9,3,"","",""
218,"H Tan, F Che, M Wei, Y Zhao, MI Saidaminov, P Todorović, D Broberg, ...","Dipolar cations confer defect tolerance in wide-bandgap metal halide perovskites",2018,"Nature communications","","","https://scholar.google.com/scholar?oi=bibs&hl=en&cites=9169053977639230039",146,"2023-03-01 18:29:43","Journal article","","","https://scholar.google.com/citations?view_op=view_citation&hl=en&user=-2OhI8YAAAAJ&cstart=100&pagesize=100&citation_for_view=-2OhI8YAAAAJ:hEXC_dOfxuUC",9,1,3100,3100,218,43.60,27,8,5,"","",""
216,"N Ma, EH Sargent, SO Kelley","One-step DNA-programmed growth of luminescent and biofunctionalized nanocrystals",2009,"Nature nanotechnology","","","https://scholar.google.com/scholar?oi=bibs&hl=en&cites=12029266094744047682",147,"2023-03-01 18:29:43","Journal article","","","https://scholar.google.com/citations?view_op=view_citation&hl=en&user=-2OhI8YAAAAJ&cstart=100&pagesize=100&citation_for_view=-2OhI8YAAAAJ:RHpTSmoSYBkC",4,2,121,125,216,15.43,72,3,14,"","",""
211,"CM Gabardo, A Seifitokaldani, JP Edwards, CT Dinh, T Burdyny, ...","Combined high alkalinity and pressurization enable efficient CO 2 electroreduction to CO",2018,"Energy &Environmental Science","","","https://scholar.google.com/scholar?oi=bibs&hl=en&cites=4054904365575134925",148,"2023-03-01 18:29:43","Journal article","","","https://scholar.google.com/citations?view_op=view_citation&hl=en&user=-2OhI8YAAAAJ&cstart=100&pagesize=100&citation_for_view=-2OhI8YAAAAJ:vxA22ZmNLkoC",11,9,2531,2539,211,42.20,35,6,5,"","",""
205,"EH Sargent","Solar cells, photodetectors, and optical sources from infrared colloidal quantum dots",2008,"Advanced Materials","","","https://scholar.google.com/scholar?oi=bibs&hl=en&cites=7008786065002090911",149,"2023-03-01 18:29:43","Journal article","","","https://scholar.google.com/citations?view_op=view_citation&hl=en&user=-2OhI8YAAAAJ&cstart=100&pagesize=100&citation_for_view=-2OhI8YAAAAJ:iH-uZ7U-co4C",20,20,3958,3964,205,13.67,205,1,15,"","",""
203,"V Adinolfi, M Yuan, R Comin, ES Thibau, D Shi, MI Saidaminov, ...","The in‐gap electronic state spectrum of methylammonium lead iodide single‐crystal perovskites",2016,"Advanced materials","","","https://scholar.google.com/scholar?oi=bibs&hl=en&cites=11187032666326101911",150,"2023-03-01 18:29:43","Journal article","","","https://scholar.google.com/citations?view_op=view_citation&hl=en&user=-2OhI8YAAAAJ&cstart=100&pagesize=100&citation_for_view=-2OhI8YAAAAJ:MLfJN-KU85MC",28,17,3406,3410,203,29.00,29,7,7,"","",""
202,"G Konstantatos, EH Sargent","PbS colloidal quantum dot photoconductive photodetectors: Transport, traps, and gain",2007,"Applied Physics Letters","","","https://scholar.google.com/scholar?oi=bibs&hl=en&cites=3374621097495246334",151,"2023-03-01 18:29:43","Journal article","","","https://scholar.google.com/citations?view_op=view_citation&hl=en&user=-2OhI8YAAAAJ&cstart=100&pagesize=100&citation_for_view=-2OhI8YAAAAJ:O3NaXMp0MMsC",91,17,173505,173505,202,12.63,101,2,16,"","",""
201,"J Das, KB Cederquist, AA Zaragoza, PE Lee, EH Sargent, SO Kelley","An ultrasensitive universal detector based on neutralizer displacement",2012,"Nature chemistry","","","https://scholar.google.com/scholar?oi=bibs&hl=en&cites=7664230150869740498",152,"2023-03-01 18:29:43","Journal article","","","https://scholar.google.com/citations?view_op=view_citation&hl=en&user=-2OhI8YAAAAJ&cstart=100&pagesize=100&citation_for_view=-2OhI8YAAAAJ:RYcK_YlVTxYC",4,8,642,648,201,18.27,34,6,11,"","",""
200,"MD Ooms, CT Dinh, EH Sargent, D Sinton","Photon management for augmented photosynthesis",2016,"Nature Communications","","","https://scholar.google.com/scholar?oi=bibs&hl=en&cites=1973424162301876028",153,"2023-03-01 18:29:43","Journal article","","","https://scholar.google.com/citations?view_op=view_citation&hl=en&user=-2OhI8YAAAAJ&cstart=100&pagesize=100&citation_for_view=-2OhI8YAAAAJ:HIFyuExEbWQC",7,1,12699,12699,200,28.57,50,4,7,"","",""
200,"Z Ning, D Zhitomirsky, V Adinolfi, B Sutherland, J Xu, O Voznyy, ...","Graded doping for enhanced colloidal quantum dot photovoltaics",2013,"Advanced materials","","","https://scholar.google.com/scholar?oi=bibs&hl=en&cites=14334796628742145056",154,"2023-03-01 18:29:43","Journal article","","","https://scholar.google.com/citations?view_op=view_citation&hl=en&user=-2OhI8YAAAAJ&cstart=100&pagesize=100&citation_for_view=-2OhI8YAAAAJ:hMod-77fHWUC",25,12,1719,1723,200,20.00,29,7,10,"","",""
199,"B Chen, SW Baek, Y Hou, E Aydin, M De Bastiani, B Scheffel, A Proppe, ...","Enhanced optical path and electron diffusion length enable high-efficiency perovskite tandems",2020,"Nature communications","","","https://scholar.google.com/scholar?oi=bibs&hl=en&cites=2626909979010732601",155,"2023-03-01 18:29:43","Journal article","","","https://scholar.google.com/citations?view_op=view_citation&hl=en&user=-2OhI8YAAAAJ&cstart=100&pagesize=100&citation_for_view=-2OhI8YAAAAJ:4WewbtJKmRkC",11,1,1257,1257,199,66.33,25,8,3,"","",""
197,"E Sargent, J Clifford, G Konstantatos, I Howard, EJD Klem, L Levina","Quantum dot optical devices with enhanced gain and sensitivity and methods of making same",2010,"US Patent 7,773,404","","","https://scholar.google.com/scholar?oi=bibs&hl=en&cites=16767043556833484637,18208724864041384209,15959851963150506973,3955126785387236076",157,"2023-03-01 18:29:43","Patent","","","https://scholar.google.com/citations?view_op=view_citation&hl=en&user=-2OhI8YAAAAJ&cstart=100&pagesize=100&citation_for_view=-2OhI8YAAAAJ:tYavs44e6CUC",,,,,197,15.15,33,6,13,"","",""
197,"V Adinolfi, EH Sargent","Photovoltage field-effect transistors",2017,"Nature","","","https://scholar.google.com/scholar?oi=bibs&hl=en&cites=1813976343029884941,10453551576139033680",156,"2023-03-01 18:29:43","Journal article","","","https://scholar.google.com/citations?view_op=view_citation&hl=en&user=-2OhI8YAAAAJ&cstart=100&pagesize=100&citation_for_view=-2OhI8YAAAAJ:CB2v5VPnA5kC",542,7641,324,327,197,32.83,99,2,6,"","",""
194,"F Yan, J Xing, G Xing, L Quan, ST Tan, J Zhao, R Su, L Zhang, S Chen, ...","Highly efficient visible colloidal lead-halide perovskite nanocrystal light-emitting diodes",2018,"Nano letters","","","https://scholar.google.com/scholar?oi=bibs&hl=en&cites=16001536115366718267",158,"2023-03-01 18:29:43","Journal article","","","https://scholar.google.com/citations?view_op=view_citation&hl=en&user=-2OhI8YAAAAJ&cstart=100&pagesize=100&citation_for_view=-2OhI8YAAAAJ:rqnDXT1GswoC",18,5,3157,3164,194,38.80,19,10,5,"","",""
193,"R Comin, G Walters, ES Thibau, O Voznyy, ZH Lu, EH Sargent","Structural, optical, and electronic studies of wide-bandgap lead halide perovskites",2015,"Journal of Materials Chemistry C","","","https://scholar.google.com/scholar?oi=bibs&hl=en&cites=9328490812672378569,10503733948971893434",159,"2023-03-01 18:29:43","Journal article","","","https://scholar.google.com/citations?view_op=view_citation&hl=en&user=-2OhI8YAAAAJ&cstart=100&pagesize=100&citation_for_view=-2OhI8YAAAAJ:Y9VhQm-5nPIC",3,34,8839,8843,193,24.13,32,6,8,"","",""
192,"CT Dinh, FP García de Arquer, D Sinton, EH Sargent","High Rate, Selective, and Stable Electroreduction of CO2 to CO in Basic and Neutral Media",2018,"ACS Energy Letters","","","https://scholar.google.com/scholar?oi=bibs&hl=en&cites=4488852601727327514",160,"2023-03-01 18:29:43","Journal article","","","https://scholar.google.com/citations?view_op=view_citation&hl=en&user=-2OhI8YAAAAJ&cstart=100&pagesize=100&citation_for_view=-2OhI8YAAAAJ:IvSMUa3B7yYC",3,11,2835,2840,192,38.40,48,4,5,"","",""
191,"M Poudineh, PM Aldridge, S Ahmed, BJ Green, L Kermanshah, V Nguyen, ...","Tracking the dynamics of circulating tumour cell phenotypes using nanoparticle-mediated magnetic ranking",2017,"Nature nanotechnology","","","https://scholar.google.com/scholar?oi=bibs&hl=en&cites=3888148007094093774",162,"2023-03-01 18:29:43","Journal article","","","https://scholar.google.com/citations?view_op=view_citation&hl=en&user=-2OhI8YAAAAJ&cstart=100&pagesize=100&citation_for_view=-2OhI8YAAAAJ:Xl6nMSl579sC",12,3,274,281,191,31.83,27,7,6,"","",""
191,"X Zheng, J Troughton, N Gasparini, Y Lin, M Wei, Y Hou, J Liu, K Song, ...","Quantum dots supply bulk-and surface-passivation agents for efficient and stable perovskite solar cells",2019,"Joule","","","https://scholar.google.com/scholar?oi=bibs&hl=en&cites=25851202272494440",161,"2023-03-01 18:29:43","Journal article","","","https://scholar.google.com/citations?view_op=view_citation&hl=en&user=-2OhI8YAAAAJ&cstart=100&pagesize=100&citation_for_view=-2OhI8YAAAAJ:M8meJADSprsC",3,8,1963,1976,191,47.75,21,9,4,"","",""
190,"SA McDonald, PW Cyr, L Levina, EH Sargent","Photoconductivity from PbS-nanocrystal∕ semiconducting polymer composites for solution-processible, quantum-size tunableinfrared photodetectors",2004,"Applied physics letters","","","https://scholar.google.com/scholar?oi=bibs&hl=en&cites=7079584513327912669",163,"2023-03-01 18:29:43","Journal article","","","https://scholar.google.com/citations?view_op=view_citation&hl=en&user=-2OhI8YAAAAJ&cstart=100&pagesize=100&citation_for_view=-2OhI8YAAAAJ:qUcmZB5y_30C",85,11,2089,2091,190,10.00,48,4,19,"","",""
188,"Z Yang, A Janmohamed, X Lan, FP García de Arquer, O Voznyy, ...","Colloidal quantum dot photovoltaics enhanced by perovskite shelling",2015,"Nano letters","","","https://scholar.google.com/scholar?oi=bibs&hl=en&cites=6803560124225897622",164,"2023-03-01 18:29:43","Journal article","","","https://scholar.google.com/citations?view_op=view_citation&hl=en&user=-2OhI8YAAAAJ&cstart=100&pagesize=100&citation_for_view=-2OhI8YAAAAJ:-_dYPAW6P2MC",15,11,7539,7543,188,23.50,31,6,8,"","",""
185,"EJD Klem, DD MacNeil, PW Cyr, L Levina, EH Sargent","Efficient solution-processed infrared photovoltaic cells: Planarized all-inorganic bulk heterojunction devices via inter-quantum-dot bridging during growth from solution",2007,"Applied physics letters","","","https://scholar.google.com/scholar?oi=bibs&hl=en&cites=3780958599497311462",165,"2023-03-01 18:29:43","Journal article","","","https://scholar.google.com/citations?view_op=view_citation&hl=en&user=-2OhI8YAAAAJ&cstart=100&pagesize=100&citation_for_view=-2OhI8YAAAAJ:mB3voiENLucC",90,18,183113,183113,185,11.56,37,5,16,"","",""
183,"E Kumacheva, RK Golding, M Allard, EH Sargent","Colloid crystal growth on mesoscopically patterned surfaces: Effect of confinement",2002,"Advanced Materials","","","https://scholar.google.com/scholar?oi=bibs&hl=en&cites=6502758761653569092",168,"2023-03-01 18:29:43","Journal article","","","https://scholar.google.com/citations?view_op=view_citation&hl=en&user=-2OhI8YAAAAJ&cstart=100&pagesize=100&citation_for_view=-2OhI8YAAAAJ:L8Ckcad2t8MC",14,3,221,224,183,8.71,46,4,21,"","",""
183,"G Konstantatos, EH Sargent","Solution-processed quantum dot photodetectors",2009,"Proceedings of the IEEE","","","https://scholar.google.com/scholar?oi=bibs&hl=en&cites=10790764170528720354",167,"2023-03-01 18:29:43","Conference paper","","","https://scholar.google.com/citations?view_op=view_citation&hl=en&user=-2OhI8YAAAAJ&cstart=100&pagesize=100&citation_for_view=-2OhI8YAAAAJ:g5m5HwL7SMYC",97,10,1666,1683,183,13.07,92,2,14,"","",""
183,"JJY Lee, M Hepp, EH Sargent","Devices, methods, and systems for expanded-field-of-view image and video capture",2017,"US Patent 9,609,190","","","https://scholar.google.com/scholar?oi=bibs&hl=en&cites=16596700762236139736",166,"2023-03-01 18:29:43","Patent","","","https://scholar.google.com/citations?view_op=view_citation&hl=en&user=-2OhI8YAAAAJ&cstart=100&pagesize=100&citation_for_view=-2OhI8YAAAAJ:ruyezt5ZtCIC",,,,,183,30.50,61,3,6,"","",""
181,"Z Ning, H Dong, Q Zhang, O Voznyy, EH Sargent","Solar cells based on inks of n-type colloidal quantum dots",2014,"ACS nano","","","https://scholar.google.com/scholar?oi=bibs&hl=en&cites=3906375355008613589",169,"2023-03-01 18:29:43","Journal article","","","https://scholar.google.com/citations?view_op=view_citation&hl=en&user=-2OhI8YAAAAJ&cstart=100&pagesize=100&citation_for_view=-2OhI8YAAAAJ:KxtntwgDAa4C",8,10,10321,10327,181,20.11,36,5,9,"","",""
180,"H Liu, J Tang, IJ Kramer, R Debnath, GI Koleilat, X Wang, A Fisher, R Li, ...","Electron acceptor materials engineering in colloidal quantum dot solar cells",2011,"Advanced Materials","","","https://scholar.google.com/scholar?oi=bibs&hl=en&cites=13188247967335611787",171,"2023-03-01 18:29:43","Journal article","","","https://scholar.google.com/citations?view_op=view_citation&hl=en&user=-2OhI8YAAAAJ&cstart=100&pagesize=100&citation_for_view=-2OhI8YAAAAJ:k_IJM867U9cC",23,33,3832,3837,180,15.00,20,9,12,"","",""
180,"M Liu, Y Chen, CS Tan, R Quintero-Bermudez, AH Proppe, R Munir, ...","Lattice anchoring stabilizes solution-processed semiconductors",2019,"Nature","","","https://scholar.google.com/scholar?oi=bibs&hl=en&cites=14917019811096836458",170,"2023-03-01 18:29:43","Journal article","","","https://scholar.google.com/citations?view_op=view_citation&hl=en&user=-2OhI8YAAAAJ&cstart=100&pagesize=100&citation_for_view=-2OhI8YAAAAJ:DwFgw5hZUzMC",570,7759,96,101,180,45.00,26,7,4,"","",""
179,"M Poudineh, EH Sargent, K Pantel, SO Kelley","Profiling circulating tumour cells and other biomarkers of invasive cancers",2018,"Nature Biomedical Engineering","","","https://scholar.google.com/scholar?oi=bibs&hl=en&cites=15343469215867918617,8671010667385138452",172,"2023-03-01 18:29:43","Journal article","","","https://scholar.google.com/citations?view_op=view_citation&hl=en&user=-2OhI8YAAAAJ&cstart=100&pagesize=100&citation_for_view=-2OhI8YAAAAJ:DquSII9TDu4C",2,2,72,84,179,35.80,45,4,5,"","",""
176,"MR Malone, PHR Della Nave, MC Brading, JJY Lee, H Tian, IC Ivanov, ...","Devices and methods for high-resolution image and video capture",2013,"US Patent App. 13/894,184","","","https://scholar.google.com/scholar?oi=bibs&hl=en&cites=10939760238086542182",173,"2023-03-01 18:29:43","Patent","","","https://scholar.google.com/citations?view_op=view_citation&hl=en&user=-2OhI8YAAAAJ&cstart=100&pagesize=100&citation_for_view=-2OhI8YAAAAJ:yZoBfgUKqwcC",,,,,176,17.60,25,7,10,"","",""
175,"AJ Labelle, SM Thon, S Masala, MM Adachi, H Dong, M Farahani, AH Ip, ...","Colloidal quantum dot solar cells exploiting hierarchical structuring",2015,"Nano letters","","","https://scholar.google.com/scholar?oi=bibs&hl=en&cites=5320845918449410302",174,"2023-03-01 18:29:43","Journal article","","","https://scholar.google.com/citations?view_op=view_citation&hl=en&user=-2OhI8YAAAAJ&cstart=100&pagesize=100&citation_for_view=-2OhI8YAAAAJ:ns9cj8rnVeAC",15,2,1101,1108,175,21.88,22,8,8,"","",""
175,"IJ Kramer, JC Minor, G Moreno‐Bautista, L Rollny, P Kanjanaboos, ...","Efficient spray‐coated colloidal quantum dot solar cells",2015,"Advanced materials","","","https://scholar.google.com/scholar?oi=bibs&hl=en&cites=490679417048836722",175,"2023-03-01 18:29:43","Journal article","","","https://scholar.google.com/citations?view_op=view_citation&hl=en&user=-2OhI8YAAAAJ&cstart=100&pagesize=100&citation_for_view=-2OhI8YAAAAJ:_xSYboBqXhAC",27,1,116,121,175,21.88,29,6,8,"","",""
175,"S Zhang, PW Cyr, SA McDonald, G Konstantatos, EH Sargent","Enhanced infrared photovoltaic efficiency in PbS nanocrystal/semiconducting polymer composites: 600-fold increase in maximum power output via control of the ligand barrier",2005,"Applied Physics Letters","","","https://scholar.google.com/scholar?oi=bibs&hl=en&cites=14697942279618259203",176,"2023-03-01 18:29:43","Journal article","","","https://scholar.google.com/citations?view_op=view_citation&hl=en&user=-2OhI8YAAAAJ&cstart=100&pagesize=100&citation_for_view=-2OhI8YAAAAJ:4DMP91E08xMC",87,23,233101,233101,175,9.72,35,5,18,"","",""
173,"JP Clifford, KW Johnston, L Levina, EH Sargent","Schottky barriers to colloidal quantum dot films",2007,"Applied Physics Letters","","","https://scholar.google.com/scholar?oi=bibs&hl=en&cites=3326786770336213717",178,"2023-03-01 18:29:43","Journal article","","","https://scholar.google.com/citations?view_op=view_citation&hl=en&user=-2OhI8YAAAAJ&cstart=100&pagesize=100&citation_for_view=-2OhI8YAAAAJ:isC4tDSrTZIC",91,25,253117,253117,173,10.81,43,4,16,"","",""
173,"MG Kibria, CT Dinh, A Seifitokaldani, P De Luna, T Burdyny, ...","A Surface Reconstruction Route to High Productivity and Selectivity in CO2 Electroreduction toward C2+ Hydrocarbons",2018,"Advanced Materials","","","https://scholar.google.com/scholar?oi=bibs&hl=en&cites=3186541056847453783",177,"2023-03-01 18:29:43","Journal article","","","https://scholar.google.com/citations?view_op=view_citation&hl=en&user=-2OhI8YAAAAJ&cstart=100&pagesize=100&citation_for_view=-2OhI8YAAAAJ:RJNGbXJAtMsC",30,49,1804867,1804867,173,34.60,29,6,5,"","",""
171,"JA Castaneda, G Nagamine, E Yassitepe, LG Bonato, O Voznyy, ...","Efficient biexciton interaction in perovskite quantum dots under weak and strong confinement",2016,"ACS nano","","","https://scholar.google.com/scholar?oi=bibs&hl=en&cites=10935579674744860866",179,"2023-03-01 18:29:43","Journal article","","","https://scholar.google.com/citations?view_op=view_citation&hl=en&user=-2OhI8YAAAAJ&cstart=100&pagesize=100&citation_for_view=-2OhI8YAAAAJ:gKiMpY-AVTkC",10,9,8603,8609,171,24.43,29,6,7,"","",""
169,"R Debnath, J Tang, DA Barkhouse, X Wang, AG Pattantyus-Abraham, ...","Ambient-processed colloidal quantum dot solar cells via individual pre-encapsulation of nanoparticles",2010,"Journal of the American Chemical Society","","","https://scholar.google.com/scholar?oi=bibs&hl=en&cites=6257864528493485155",180,"2023-03-01 18:29:43","Journal article","","","https://scholar.google.com/citations?view_op=view_citation&hl=en&user=-2OhI8YAAAAJ&cstart=100&pagesize=100&citation_for_view=-2OhI8YAAAAJ:hFOr9nPyWt4C",132,17,5952,5953,169,13.00,28,6,13,"","",""
167,"G Konstantatos, EH Sargent","Colloidal quantum dot optoelectronics and photovoltaics",2013,"","Cambridge University Press","","https://scholar.google.com/scholar?oi=bibs&hl=en&cites=10368706540005200352",182,"2023-03-01 18:29:43","Book","","","https://scholar.google.com/citations?view_op=view_citation&hl=en&user=-2OhI8YAAAAJ&cstart=100&pagesize=100&citation_for_view=-2OhI8YAAAAJ:PELIpwtuRlgC",,,,,167,16.70,84,2,10,"","",""
167,"W Peng, X Miao, V Adinolfi, E Alarousu, O El Tall, AH Emwas, C Zhao, ...","Engineering of CH3NH3PbI3 perovskite crystals by alloying large organic cations for enhanced thermal stability and transport properties",2016,"Angewandte Chemie International Edition","","","https://scholar.google.com/scholar?oi=bibs&hl=en&cites=9045487499564228439,6601352519476421915",181,"2023-03-01 18:29:43","Journal article","","","https://scholar.google.com/citations?view_op=view_citation&hl=en&user=-2OhI8YAAAAJ&cstart=100&pagesize=100&citation_for_view=-2OhI8YAAAAJ:HeT0ZceujKMC",55,36,10686,10690,167,23.86,21,8,7,"","",""
164,"Z Jin, M Yuan, H Li, H Yang, Q Zhou, H Liu, X Lan, M Liu, J Wang, ...","Graphdiyne: an efficient hole transporter for stable high‐performance colloidal quantum dot solar cells",2016,"Advanced functional materials","","","https://scholar.google.com/scholar?oi=bibs&hl=en&cites=15893867669602342804",183,"2023-03-01 18:29:43","Journal article","","","https://scholar.google.com/citations?view_op=view_citation&hl=en&user=-2OhI8YAAAAJ&cstart=100&pagesize=100&citation_for_view=-2OhI8YAAAAJ:OTTXONDVkokC",26,29,5284,5289,164,23.43,16,10,7,"","",""
163,"MJ Choi, FP García de Arquer, AH Proppe, A Seifitokaldani, J Choi, J Kim, ...","Cascade surface modification of colloidal quantum dot inks enables efficient bulk homojunction photovoltaics",2020,"Nature communications","","","https://scholar.google.com/scholar?oi=bibs&hl=en&cites=1523631150786059188",184,"2023-03-01 18:29:43","Journal article","","","https://scholar.google.com/citations?view_op=view_citation&hl=en&user=-2OhI8YAAAAJ&cstart=100&pagesize=100&citation_for_view=-2OhI8YAAAAJ:P2d6BWbXU0IC",11,1,103,103,163,54.33,23,7,3,"","",""
158,"D Ma, K Lin, Y Dong, H Choubisa, AH Proppe, D Wu, YK Wang, B Chen, ...","Distribution control enables efficient reduced-dimensional perovskite LEDs",2021,"Nature","","","https://scholar.google.com/scholar?oi=bibs&hl=en&cites=14797084761919902154",185,"2023-03-01 18:29:43","Journal article","","","https://scholar.google.com/citations?view_op=view_citation&hl=en&user=-2OhI8YAAAAJ&cstart=100&pagesize=100&citation_for_view=-2OhI8YAAAAJ:YiZc1oW-E3oC",599,7886,594,598,158,79.00,18,9,2,"","",""
158,"T Saberi Safaei, A Mepham, X Zheng, Y Pang, CT Dinh, M Liu, D Sinton, ...","High-Density Nanosharp Microstructures Enable Efficient CO2 Electroreduction",2016,"Nano letters","","","https://scholar.google.com/scholar?oi=bibs&hl=en&cites=2661689857653627779",186,"2023-03-01 18:29:43","Journal article","","","https://scholar.google.com/citations?view_op=view_citation&hl=en&user=-2OhI8YAAAAJ&cstart=100&pagesize=100&citation_for_view=-2OhI8YAAAAJ:zCSUwVk65WsC",16,11,7224,7228,158,22.57,20,8,7,"","",""
158,"X Zhao, I Gorelikov, S Musikhin, S Cauchi, V Sukhovatkin, EH Sargent, ...","Synthesis and optical properties of thiol-stabilized PbS nanocrystals",2005,"Langmuir","","","https://scholar.google.com/scholar?oi=bibs&hl=en&cites=12683210557569659912",187,"2023-03-01 18:29:43","Journal article","","","https://scholar.google.com/citations?view_op=view_citation&hl=en&user=-2OhI8YAAAAJ&cstart=100&pagesize=100&citation_for_view=-2OhI8YAAAAJ:maZDTaKrznsC",21,3,1086,1090,158,8.78,23,7,18,"","",""
157,"FP García de Arquer, OS Bushuyev, P De Luna, CT Dinh, A Seifitokaldani, ...","2D Metal Oxyhalide‐Derived Catalysts for Efficient CO2 Electroreduction",2018,"Advanced Materials","","","https://scholar.google.com/scholar?oi=bibs&hl=en&cites=1487096725933377384",188,"2023-03-01 18:29:43","Journal article","","","https://scholar.google.com/citations?view_op=view_citation&hl=en&user=-2OhI8YAAAAJ&cstart=100&pagesize=100&citation_for_view=-2OhI8YAAAAJ:vjZqxyZ7hS4C",30,38,1802858,1802858,157,31.40,26,6,5,"","",""
155,"X Jiang, H Li, Q Zhou, Q Wei, M Wei, L Jiang, Z Wang, Z Peng, F Wang, ...","One-Step Synthesis of SnI2·(DMSO)x Adducts for High-Performance Tin Perovskite Solar Cells",2021,"Journal of the American Chemical Society","","","https://scholar.google.com/scholar?oi=bibs&hl=en&cites=9588981394286462224",189,"2023-03-01 18:29:43","Journal article","","","https://scholar.google.com/citations?view_op=view_citation&hl=en&user=-2OhI8YAAAAJ&cstart=100&pagesize=100&citation_for_view=-2OhI8YAAAAJ:D_YRMw8gybsC",143,29,10970,10976,155,77.50,16,10,2,"","",""
154,"IJ Kramer, L Levina, R Debnath, D Zhitomirsky, EH Sargent","Solar cells using quantum funnels",2011,"Nano letters","","","https://scholar.google.com/scholar?oi=bibs&hl=en&cites=7863544775131321873",190,"2023-03-01 18:29:43","Journal article","","","https://scholar.google.com/citations?view_op=view_citation&hl=en&user=-2OhI8YAAAAJ&cstart=100&pagesize=100&citation_for_view=-2OhI8YAAAAJ:NaGl4SEjCO4C",11,9,3701,3706,154,12.83,31,5,12,"","",""
153,"EH Jung, B Chen, K Bertens, M Vafaie, S Teale, A Proppe, Y Hou, T Zhu, ...","Bifunctional Surface Engineering on SnO2 Reduces Energy Loss in Perovskite Solar Cells",2020,"ACS Energy Letters","","","https://scholar.google.com/scholar?oi=bibs&hl=en&cites=2458526342451023046",191,"2023-03-01 18:29:43","Journal article","","","https://scholar.google.com/citations?view_op=view_citation&hl=en&user=-2OhI8YAAAAJ&cstart=100&pagesize=100&citation_for_view=-2OhI8YAAAAJ:WsFh9Szeq2wC",5,9,2796,2801,153,51.00,17,9,3,"","",""
153,"H Yang, A Hui, G Pampalakis, L Soleymani, FF Liu, EH Sargent, ...","Direct, electronic microRNA detection for the rapid determination of differential expression profiles",2009,"Angewandte Chemie","","","https://scholar.google.com/scholar?oi=bibs&hl=en&cites=1374087108636530158",192,"2023-03-01 18:29:43","Journal article","","","https://scholar.google.com/citations?view_op=view_citation&hl=en&user=-2OhI8YAAAAJ&cstart=100&pagesize=100&citation_for_view=-2OhI8YAAAAJ:YFjsv_pBGBYC",121,45,8613,8616,153,10.93,22,7,14,"","",""
152,"IJ Kramer, D Zhitomirsky, JD Bass, PM Rice, T Topuria, L Krupp, SM Thon, ...","Ordered nanopillar structured electrodes for depleted bulk heterojunction colloidal quantum dot solar cells",2012,"Advanced Materials","","","https://scholar.google.com/scholar?oi=bibs&hl=en&cites=10960889173097623844",193,"2023-03-01 18:29:43","Journal article","","","https://scholar.google.com/citations?view_op=view_citation&hl=en&user=-2OhI8YAAAAJ&cstart=100&pagesize=100&citation_for_view=-2OhI8YAAAAJ:lSLTfruPkqcC",24,17,2315,2319,152,13.82,19,8,11,"","",""
151,"GH Carey, L Levina, R Comin, O Voznyy, EH Sargent","Record charge carrier diffusion length in colloidal quantum dot solids via mutual dot‐to‐dot surface passivation",2015,"Advanced Materials","","","https://scholar.google.com/scholar?oi=bibs&hl=en&cites=6308154493552985999",196,"2023-03-01 18:29:43","Journal article","","","https://scholar.google.com/citations?view_op=view_citation&hl=en&user=-2OhI8YAAAAJ&cstart=100&pagesize=100&citation_for_view=-2OhI8YAAAAJ:VOx2b1Wkg3QC",27,21,3325,3330,151,18.88,30,5,8,"","",""
151,"X Zheng, S Yuan, J Liu, J Yin, F Yuan, WS Shen, K Yao, M Wei, C Zhou, ...","Chlorine vacancy passivation in mixed halide perovskite quantum dots by organic pseudohalides enables efficient Rec. 2020 blue light-emitting diodes",2020,"ACS Energy Letters","","","https://scholar.google.com/scholar?oi=bibs&hl=en&cites=696895915204234635",194,"2023-03-01 18:29:43","Journal article","","","https://scholar.google.com/citations?view_op=view_citation&hl=en&user=-2OhI8YAAAAJ&cstart=100&pagesize=100&citation_for_view=-2OhI8YAAAAJ:f13iAvnbnnYC",5,3,793,798,151,50.33,15,10,3,"","",""
151,"Z Yang, JZ Fan, AH Proppe, FPG Arquer, D Rossouw, O Voznyy, X Lan, ...","Mixed-quantum-dot solar cells",2017,"Nature communications","","","https://scholar.google.com/scholar?oi=bibs&hl=en&cites=10419999166331454829",195,"2023-03-01 18:29:43","Journal article","","","https://scholar.google.com/citations?view_op=view_citation&hl=en&user=-2OhI8YAAAAJ&cstart=100&pagesize=100&citation_for_view=-2OhI8YAAAAJ:Kqc1aDSOPooC",8,1,1325,1325,151,25.17,19,8,6,"","",""
150,"L Brzozowski, EH Sargent","Azobenzenes for photonic network applications: Third-order nonlinear optical properties",2001,"Journal of Materials Science: Materials in Electronics","","","https://scholar.google.com/scholar?oi=bibs&hl=en&cites=18385684748275938791",197,"2023-03-01 18:29:43","Journal article","","","https://scholar.google.com/citations?view_op=view_citation&hl=en&user=-2OhI8YAAAAJ&cstart=100&pagesize=100&citation_for_view=-2OhI8YAAAAJ:blknAaTinKkC",12,,483,489,150,6.82,75,2,22,"","",""
149,"G Konstantatos, EH Sargent","Colloidal quantum dot photodetectors",2011,"Infrared Physics &Technology","","","https://scholar.google.com/scholar?oi=bibs&hl=en&cites=14076363585074263259",199,"2023-03-01 18:29:43","Journal article","","","https://scholar.google.com/citations?view_op=view_citation&hl=en&user=-2OhI8YAAAAJ&cstart=100&pagesize=100&citation_for_view=-2OhI8YAAAAJ:08ZZubdj9fEC",54,3,278,282,149,12.42,75,2,12,"","",""
149,"Y Pang, J Li, Z Wang, CS Tan, PL Hsieh, TT Zhuang, ZQ Liang, C Zou, ...","Efficient electrocatalytic conversion of carbon monoxide to propanol using fragmented copper",2019,"Nature Catalysis","","","https://scholar.google.com/scholar?oi=bibs&hl=en&cites=14580726348772102444",198,"2023-03-01 18:29:43","Journal article","","","https://scholar.google.com/citations?view_op=view_citation&hl=en&user=-2OhI8YAAAAJ&cstart=100&pagesize=100&citation_for_view=-2OhI8YAAAAJ:JTtNqH-x4gYC",2,3,251,258,149,37.25,17,9,4,"","",""
148,"RM Mohamadi, JD Besant, A Mepham, B Green, L Mahmoudian, T Gibbs, ...","Nanoparticle‐mediated binning and profiling of heterogeneous circulating tumor cell subpopulations",2015,"Angewandte Chemie International Edition","","","https://scholar.google.com/scholar?oi=bibs&hl=en&cites=4931586068830343247",200,"2023-03-01 18:29:43","Journal article","","","https://scholar.google.com/citations?view_op=view_citation&hl=en&user=-2OhI8YAAAAJ&cstart=100&pagesize=100&citation_for_view=-2OhI8YAAAAJ:J-pR_7NvFogC",54,1,139,143,148,18.50,21,7,8,"","",""
147,"V Adinolfi, W Peng, G Walters, OM Bakr, EH Sargent","The electrical and optical properties of organometal halide perovskites relevant to optoelectronic performance",2018,"Advanced Materials","","","https://scholar.google.com/scholar?oi=bibs&hl=en&cites=14065383713579913930",201,"2023-03-01 18:29:43","Journal article","","","https://scholar.google.com/citations?view_op=view_citation&hl=en&user=-2OhI8YAAAAJ&cstart=200&pagesize=100&citation_for_view=-2OhI8YAAAAJ:Ej9njvOgR2oC",30,1,1700764,1700764,147,29.40,29,5,5,"","",""
146,"GB Murdoch, S Hinds, EH Sargent, SW Tsang, L Mordoukhovski, ZH Lu","Aluminum doped zinc oxide for organic photovoltaics",2009,"Applied physics letters","","","https://scholar.google.com/scholar?oi=bibs&hl=en&cites=10345045655812780349",202,"2023-03-01 18:29:43","Journal article","","","https://scholar.google.com/citations?view_op=view_citation&hl=en&user=-2OhI8YAAAAJ&cstart=200&pagesize=100&citation_for_view=-2OhI8YAAAAJ:bEWYMUwI8FkC",94,21,138,138,146,10.43,24,6,14,"","",""
144,"L Dal Negro, JH Yi, J Michel, LC Kimerling, TWF Chang, V Sukhovatkin, ...","Light emission efficiency and dynamics in silicon-rich silicon nitride films",2006,"Applied physics letters","","","https://scholar.google.com/scholar?oi=bibs&hl=en&cites=6922745908926511846",203,"2023-03-01 18:29:43","Journal article","","","https://scholar.google.com/citations?view_op=view_citation&hl=en&user=-2OhI8YAAAAJ&cstart=200&pagesize=100&citation_for_view=-2OhI8YAAAAJ:4JMBOYKVnBMC",88,23,233109,233109,144,8.47,21,7,17,"","",""
142,"J Das, I Ivanov, EH Sargent, SO Kelley","DNA clutch probes for circulating tumor DNA analysis",2016,"Journal of the American Chemical Society","","","https://scholar.google.com/scholar?oi=bibs&hl=en&cites=14400012268313912898",204,"2023-03-01 18:29:43","Journal article","","","https://scholar.google.com/citations?view_op=view_citation&hl=en&user=-2OhI8YAAAAJ&cstart=200&pagesize=100&citation_for_view=-2OhI8YAAAAJ:2VqYfGB8ITEC",138,34,11009,11016,142,20.29,36,4,7,"","",""
142,"L Levina, V Sukhovatkin, S Musikhin, S Cauchi, R Nisman, ...","Efficient infrared‐emitting PbS quantum dots grown on DNA and stable in aqueous solution and blood plasma",2005,"Advanced Materials","","","https://scholar.google.com/scholar?oi=bibs&hl=en&cites=17483576112688239884",206,"2023-03-01 18:29:43","Journal article","","","https://scholar.google.com/citations?view_op=view_citation&hl=en&user=-2OhI8YAAAAJ&cstart=200&pagesize=100&citation_for_view=-2OhI8YAAAAJ:TFP_iSt0sucC",17,15,1854,1857,142,7.89,24,6,18,"","",""
142,"MR Malone, PHR Della Nave, MC Brading, JJY Lee, H Tian, IC Ivanov, ...","Devices and methods for high-resolution image and video capture",2016,"US Patent 9,369,621","","","https://scholar.google.com/scholar?oi=bibs&hl=en&cites=12476649771081706870",205,"2023-03-01 18:29:43","Patent","","","https://scholar.google.com/citations?view_op=view_citation&hl=en&user=-2OhI8YAAAAJ&cstart=200&pagesize=100&citation_for_view=-2OhI8YAAAAJ:hvmnpdAuIbkC",,,,,142,20.29,20,7,7,"","",""
141,"E Sargent, L Bakoueva, S Musikhin","Optically-regulated optical emission using colloidal quantum dot nanocrystals",2008,"US Patent 7,326,908","","","https://scholar.google.com/scholar?oi=bibs&hl=en&cites=13157043534986520238,10411742762625106735",208,"2023-03-01 18:29:43","Patent","","","https://scholar.google.com/citations?view_op=view_citation&hl=en&user=-2OhI8YAAAAJ&cstart=200&pagesize=100&citation_for_view=-2OhI8YAAAAJ:t6usbXjVLHcC",,,,,141,9.40,47,3,15,"","",""
141,"X Zheng, Y Hou, HT Sun, OF Mohammed, EH Sargent, OM Bakr","Reducing defects in halide perovskite nanocrystals for light-emitting applications",2019,"The journal of physical chemistry letters","","","https://scholar.google.com/scholar?oi=bibs&hl=en&cites=9707093290264501295",207,"2023-03-01 18:29:43","Journal article","","","https://scholar.google.com/citations?view_op=view_citation&hl=en&user=-2OhI8YAAAAJ&cstart=200&pagesize=100&citation_for_view=-2OhI8YAAAAJ:iWL_APfBKHwC",10,10,2629,2640,141,35.25,24,6,4,"","",""
140,"L Soleymani, Z Fang, B Lam, X Bin, E Vasilyeva, AJ Ross, EH Sargent, ...","Hierarchical nanotextured microelectrodes overcome the molecular transport barrier to achieve rapid, direct bacterial detection",2011,"ACS nano","","","https://scholar.google.com/scholar?oi=bibs&hl=en&cites=2748303016626186702",209,"2023-03-01 18:29:43","Journal article","","","https://scholar.google.com/citations?view_op=view_citation&hl=en&user=-2OhI8YAAAAJ&cstart=200&pagesize=100&citation_for_view=-2OhI8YAAAAJ:4OULZ7Gr8RgC",5,4,3360,3366,140,11.67,18,8,12,"","",""
139,"L Brzozowski, EH Sargent","Optical signal processing using nonlinear distributed feedback structures",2000,"IEEE Journal of Quantum Electronics","","","https://scholar.google.com/scholar?oi=bibs&hl=en&cites=2079407308702598565",211,"2023-03-01 18:29:43","Journal article","","","https://scholar.google.com/citations?view_op=view_citation&hl=en&user=-2OhI8YAAAAJ&cstart=200&pagesize=100&citation_for_view=-2OhI8YAAAAJ:R3hNpaxXUhUC",36,5,550,555,139,6.04,70,2,23,"","",""
139,"X Bin, EH Sargent, SO Kelley","Nanostructuring of sensors determines the efficiency of biomolecular capture",2010,"Analytical chemistry","","","https://scholar.google.com/scholar?oi=bibs&hl=en&cites=1987534999538782082",210,"2023-03-01 18:29:43","Journal article","","","https://scholar.google.com/citations?view_op=view_citation&hl=en&user=-2OhI8YAAAAJ&cstart=200&pagesize=100&citation_for_view=-2OhI8YAAAAJ:M05iB0D1s5AC",82,14,5928,5931,139,10.69,46,3,13,"","",""
138,"J Li, Z Wang, C McCallum, Y Xu, F Li, Y Wang, CM Gabardo, CT Dinh, ...","Constraining CO coverage on copper promotes high-efficiency ethylene electroproduction",2019,"Nature Catalysis","","","https://scholar.google.com/scholar?oi=bibs&hl=en&cites=10957736976050315022",212,"2023-03-01 18:29:43","Journal article","","","https://scholar.google.com/citations?view_op=view_citation&hl=en&user=-2OhI8YAAAAJ&cstart=200&pagesize=100&citation_for_view=-2OhI8YAAAAJ:mo9XK3BEATIC",2,12,1124,1131,138,34.50,15,9,4,"","",""
137,"D Zhitomirsky, IJ Kramer, AJ Labelle, A Fischer, R Debnath, J Pan, ...","Colloidal quantum dot photovoltaics: the effect of polydispersity",2012,"Nano letters","","","https://scholar.google.com/scholar?oi=bibs&hl=en&cites=4193232007683446061",213,"2023-03-01 18:29:43","Journal article","","","https://scholar.google.com/citations?view_op=view_citation&hl=en&user=-2OhI8YAAAAJ&cstart=200&pagesize=100&citation_for_view=-2OhI8YAAAAJ:zA6iFVUQeVQC",12,2,1007,1012,137,12.45,20,7,11,"","",""
136,"H Sun, Z Yang, M Wei, W Sun, X Li, S Ye, Y Zhao, H Tan, EL Kynaston, ...","Chemically addressable perovskite nanocrystals for light‐emitting applications",2017,"Advanced Materials","","","https://scholar.google.com/scholar?oi=bibs&hl=en&cites=8069052621295176159",215,"2023-03-01 18:29:43","Journal article","","","https://scholar.google.com/citations?view_op=view_citation&hl=en&user=-2OhI8YAAAAJ&cstart=200&pagesize=100&citation_for_view=-2OhI8YAAAAJ:YPNY0knpFBYC",29,34,1701153,1701153,136,22.67,14,10,6,"","",""
136,"M Luo, Z Wang, YC Li, J Li, F Li, Y Lum, DH Nam, B Chen, J Wicks, A Xu, ...","Hydroxide promotes carbon dioxide electroreduction to ethanol on copper via tuning of adsorbed hydrogen",2019,"Nature communications","","","https://scholar.google.com/scholar?oi=bibs&hl=en&cites=15110746884824296178",214,"2023-03-01 18:29:43","Journal article","","","https://scholar.google.com/citations?view_op=view_citation&hl=en&user=-2OhI8YAAAAJ&cstart=200&pagesize=100&citation_for_view=-2OhI8YAAAAJ:pYRxIbzCxX0C",10,1,5814,5814,136,34.00,14,11,4,"","",""
136,"P Maraghechi, AJ Labelle, AR Kirmani, X Lan, MM Adachi, SM Thon, ...","The donor–supply electrode enhances performance in colloidal quantum dot solar cells",2013,"ACS nano","","","https://scholar.google.com/scholar?oi=bibs&hl=en&cites=3028044507998044858",216,"2023-03-01 18:29:43","Journal article","","","https://scholar.google.com/citations?view_op=view_citation&hl=en&user=-2OhI8YAAAAJ&cstart=200&pagesize=100&citation_for_view=-2OhI8YAAAAJ:BqipwSGYUEgC",7,7,6111,6116,136,13.60,19,7,10,"","",""
135,"A Seifitokaldani, CM Gabardo, T Burdyny, CT Dinh, JP Edwards, ...","Hydronium-Induced Switching between CO2 Electroreduction Pathways",2018,"Journal of the American Chemical Society","","","https://scholar.google.com/scholar?oi=bibs&hl=en&cites=14512348356272559659",217,"2023-03-01 18:29:43","Journal article","","","https://scholar.google.com/citations?view_op=view_citation&hl=en&user=-2OhI8YAAAAJ&cstart=200&pagesize=100&citation_for_view=-2OhI8YAAAAJ:Tfl4UtY-dJUC",140,11,3833,3837,135,27.00,23,6,5,"","",""
135,"L Brzozowski, EHT Sargent","All-optical analog-to-digital converters, hardlimiters, and logic gates",2001,"Journal of lightwave technology","","","https://scholar.google.com/scholar?oi=bibs&hl=en&cites=9680412999920299445",219,"2023-03-01 18:29:43","Journal article","","","https://scholar.google.com/citations?view_op=view_citation&hl=en&user=-2OhI8YAAAAJ&cstart=200&pagesize=100&citation_for_view=-2OhI8YAAAAJ:_Qo2XoVZTnwC",19,1,114,114,135,6.14,68,2,22,"","",""
135,"Y Lin, J Zhang, EH Sargent, E Kumacheva","Photonic pseudo-gap-based modification of photoluminescence from CdS nanocrystal satellites around polymer microspheres in a photonic crystal",2002,"Applied Physics Letters","","","https://scholar.google.com/scholar?oi=bibs&hl=en&cites=1831616969978593014",218,"2023-03-01 18:29:43","Journal article","","","https://scholar.google.com/citations?view_op=view_citation&hl=en&user=-2OhI8YAAAAJ&cstart=200&pagesize=100&citation_for_view=-2OhI8YAAAAJ:e5wmG9Sq2KIC",81,17,3134,3136,135,6.43,34,4,21,"","",""
134,"KW Kemp, AJ Labelle, SM Thon, AH Ip, IJ Kramer, S Hoogland, ...","Interface recombination in depleted heterojunction photovoltaics based on colloidal quantum dots",2013,"Advanced Energy Materials","","","https://scholar.google.com/scholar?oi=bibs&hl=en&cites=4310979659228287203",223,"2023-03-01 18:29:43","Journal article","","","https://scholar.google.com/citations?view_op=view_citation&hl=en&user=-2OhI8YAAAAJ&cstart=200&pagesize=100&citation_for_view=-2OhI8YAAAAJ:P5F9QuxV20EC",3,7,917,922,134,13.40,19,7,10,"","",""
134,"M Wei, K Xiao, G Walters, R Lin, Y Zhao, MI Saidaminov, P Todorović, ...","Combining efficiency and stability in mixed tin–lead perovskite solar cells by capping grains with an ultrathin 2D layer",2020,"Advanced Materials","","","https://scholar.google.com/scholar?oi=bibs&hl=en&cites=11253904557212242252",220,"2023-03-01 18:29:43","Journal article","","","https://scholar.google.com/citations?view_op=view_citation&hl=en&user=-2OhI8YAAAAJ&cstart=200&pagesize=100&citation_for_view=-2OhI8YAAAAJ:g9YHGIZn7mcC",32,12,1907058,1907058,134,44.67,17,8,3,"","",""
134,"T Burdyny, PJ Graham, Y Pang, CT Dinh, M Liu, EH Sargent, D Sinton","Nanomorphology-Enhanced Gas-Evolution Intensifies CO2 Reduction Electrochemistry",2017,"ACS Sustainable Chemistry &Engineering","","","https://scholar.google.com/scholar?oi=bibs&hl=en&cites=6117688245851478918",221,"2023-03-01 18:29:43","Journal article","","","https://scholar.google.com/citations?view_op=view_citation&hl=en&user=-2OhI8YAAAAJ&cstart=200&pagesize=100&citation_for_view=-2OhI8YAAAAJ:QsaTk4IG4EwC",5,5,4031,4040,134,22.33,19,7,6,"","",""
134,"YG Zhou, RM Mohamadi, M Poudineh, L Kermanshah, S Ahmed, ...","Interrogating circulating microsomes and exosomes using metal nanoparticles",2016,"Small","","","https://scholar.google.com/scholar?oi=bibs&hl=en&cites=10242743383284558606",222,"2023-03-01 18:29:43","Journal article","","","https://scholar.google.com/citations?view_op=view_citation&hl=en&user=-2OhI8YAAAAJ&cstart=200&pagesize=100&citation_for_view=-2OhI8YAAAAJ:sNmaIFBj_lkC",12,6,727,732,134,19.14,22,6,7,"","",""
133,"J Li, F Che, Y Pang, C Zou, JY Howe, T Burdyny, JP Edwards, Y Wang, ...","Copper adparticle enabled selective electrosynthesis of n-propanol",2018,"Nature communications","","","https://scholar.google.com/scholar?oi=bibs&hl=en&cites=2632723532626765572",224,"2023-03-01 18:29:43","Journal article","","","https://scholar.google.com/citations?view_op=view_citation&hl=en&user=-2OhI8YAAAAJ&cstart=200&pagesize=100&citation_for_view=-2OhI8YAAAAJ:-vzq6BoH5oUC",9,1,4614,4614,133,26.60,15,9,5,"","",""
132,"F Fan, P Kanjanaboos, M Saravanapavanantham, E Beauregard, ...","Colloidal CdSe1–xSx Nanoplatelets with Narrow and Continuously-Tunable Electroluminescence",2015,"Nano letters","","","https://scholar.google.com/scholar?oi=bibs&hl=en&cites=2094880993684690907",225,"2023-03-01 18:29:43","Journal article","","","https://scholar.google.com/citations?view_op=view_citation&hl=en&user=-2OhI8YAAAAJ&cstart=200&pagesize=100&citation_for_view=-2OhI8YAAAAJ:XD-gHx7UXLsC",15,7,4611,4615,132,16.50,26,5,8,"","",""
132,"X Lan, J Bai, S Masala, SM Thon, Y Ren, IJ Kramer, S Hoogland, A Simchi, ...","Self‐Assembled, nanowire network electrodes for depleted bulk heterojunction solar cells",2013,"Advanced Materials","","","https://scholar.google.com/scholar?oi=bibs&hl=en&cites=6900555451142709524",226,"2023-03-01 18:29:43","Journal article","","","https://scholar.google.com/citations?view_op=view_citation&hl=en&user=-2OhI8YAAAAJ&cstart=200&pagesize=100&citation_for_view=-2OhI8YAAAAJ:J_g5lzvAfSwC",25,12,1769,1773,132,13.20,15,9,10,"","",""
131,"G Konstantatos, C Huang, L Levina, Z Lu, EH Sargent","Efficient infrared electroluminescent devices using solution‐processed colloidal quantum dots",2005,"Advanced Functional Materials","","","https://scholar.google.com/scholar?oi=bibs&hl=en&cites=4422796042428852650",228,"2023-03-01 18:29:43","Journal article","","","https://scholar.google.com/citations?view_op=view_citation&hl=en&user=-2OhI8YAAAAJ&cstart=200&pagesize=100&citation_for_view=-2OhI8YAAAAJ:RGFaLdJalmkC",15,11,1865,1869,131,7.28,26,5,18,"","",""
131,"O Voznyy, SM Thon, AH Ip, EH Sargent","Dynamic trap formation and elimination in colloidal quantum dots",2013,"The Journal of Physical Chemistry Letters","","","https://scholar.google.com/scholar?oi=bibs&hl=en&cites=3918277181812759978",227,"2023-03-01 18:29:43","Journal article","","","https://scholar.google.com/citations?view_op=view_citation&hl=en&user=-2OhI8YAAAAJ&cstart=200&pagesize=100&citation_for_view=-2OhI8YAAAAJ:D03iK_w7-QYC",4,6,987,992,131,13.10,33,4,10,"","",""
130,"M Liu, FPG De Arquer, Y Li, X Lan, GH Kim, O Voznyy, LK Jagadamma, ...","Double‐sided junctions enable high‐performance colloidal‐quantum‐dot photovoltaics",2016,"Advanced Materials","","","https://scholar.google.com/scholar?oi=bibs&hl=en&cites=5838500900142406044",230,"2023-03-01 18:29:43","Journal article","","","https://scholar.google.com/citations?view_op=view_citation&hl=en&user=-2OhI8YAAAAJ&cstart=200&pagesize=100&citation_for_view=-2OhI8YAAAAJ:_Re3VWB3Y0AC",28,21,4142,4148,130,18.57,16,8,7,"","",""
130,"WR Leow, Y Lum, A Ozden, Y Wang, DH Nam, B Chen, J Wicks, ...","Chloride-mediated selective electrosynthesis of ethylene and propylene oxides at high current density",2020,"Science","","","https://scholar.google.com/scholar?oi=bibs&hl=en&cites=11152716480774000895",229,"2023-03-01 18:29:43","Journal article","","","https://scholar.google.com/citations?view_op=view_citation&hl=en&user=-2OhI8YAAAAJ&cstart=200&pagesize=100&citation_for_view=-2OhI8YAAAAJ:QZWLLlSfqgYC",368,6496,1228,1233,130,43.33,16,8,3,"","",""
128,"L Soleymani, Z Fang, X Sun, H Yang, BJ Taft, EH Sargent, SO Kelley","Nanostructuring of patterned microelectrodes to enhance the sensitivity of electrochemical nucleic acids detection",2009,"Angewandte Chemie International Edition","","","https://scholar.google.com/scholar?oi=bibs&hl=en&cites=4206250637118303427",231,"2023-03-01 18:29:43","Journal article","","","https://scholar.google.com/citations?view_op=view_citation&hl=en&user=-2OhI8YAAAAJ&cstart=200&pagesize=100&citation_for_view=-2OhI8YAAAAJ:SeFeTyx0c_EC",48,45,8457,8460,128,9.14,18,7,14,"","",""
128,"TWF Chang, S Musikhin, L Bakueva, L Levina, MA Hines, PW Cyr, ...","Efficient excitation transfer from polymer to nanocrystals",2004,"Applied Physics Letters","","","https://scholar.google.com/scholar?oi=bibs&hl=en&cites=11342975458915938448",232,"2023-03-01 18:29:43","Journal article","","","https://scholar.google.com/citations?view_op=view_citation&hl=en&user=-2OhI8YAAAAJ&cstart=200&pagesize=100&citation_for_view=-2OhI8YAAAAJ:M3NEmzRMIkIC",84,21,4295,4297,128,6.74,18,7,19,"","",""
124,"A Jain, O Voznyy, EH Sargent","High-throughput screening of lead-free perovskite-like materials for optoelectronic applications",2017,"The Journal of Physical Chemistry C","","","https://scholar.google.com/scholar?oi=bibs&hl=en&cites=3593737039976998701",234,"2023-03-01 18:29:43","Journal article","","","https://scholar.google.com/citations?view_op=view_citation&hl=en&user=-2OhI8YAAAAJ&cstart=200&pagesize=100&citation_for_view=-2OhI8YAAAAJ:TlpoogIpr_IC",121,13,7183,7187,124,20.67,41,3,6,"","",""
124,"M De Bastiani, AJ Mirabelli, Y Hou, F Gota, E Aydin, TG Allen, J Troughton, ...","Efficient bifacial monolithic perovskite/silicon tandem solar cells via bandgap engineering",2021,"Nature Energy","","","https://scholar.google.com/scholar?oi=bibs&hl=en&cites=5177767287890085602",233,"2023-03-01 18:29:43","Journal article","","","https://scholar.google.com/citations?view_op=view_citation&hl=en&user=-2OhI8YAAAAJ&cstart=200&pagesize=100&citation_for_view=-2OhI8YAAAAJ:OC7j4ufeY2cC",6,2,167,175,124,62.00,16,8,2,"","",""
123,"B Lam, J Das, RD Holmes, L Live, A Sage, EH Sargent, SO Kelley","Solution-based circuits enable rapid and multiplexed pathogen detection",2013,"Nature communications","","","https://scholar.google.com/scholar?oi=bibs&hl=en&cites=1376860502064010606",236,"2023-03-01 18:29:43","Journal article","","","https://scholar.google.com/citations?view_op=view_citation&hl=en&user=-2OhI8YAAAAJ&cstart=200&pagesize=100&citation_for_view=-2OhI8YAAAAJ:p2g8aNsByqUC",4,1,2001,2001,123,12.30,18,7,10,"","",""
123,"F Tan, H Tan, MI Saidaminov, M Wei, M Liu, A Mei, P Li, B Zhang, CS Tan, ...","In situ back‐contact passivation improves photovoltage and fill factor in perovskite solar cells",2019,"Advanced Materials","","","https://scholar.google.com/scholar?oi=bibs&hl=en&cites=6191945067106443573",235,"2023-03-01 18:29:43","Journal article","","","https://scholar.google.com/citations?view_op=view_citation&hl=en&user=-2OhI8YAAAAJ&cstart=200&pagesize=100&citation_for_view=-2OhI8YAAAAJ:EsrhoZGmrkoC",31,14,1807435,1807435,123,30.75,12,10,4,"","",""
122,"A Fischer, L Rollny, J Pan, GH Carey, SM Thon, S Hoogland, O Voznyy, ...","Directly deposited quantum dot solids using a colloidally stable nanoparticle ink",2013,"advanced materials","","","https://scholar.google.com/scholar?oi=bibs&hl=en&cites=17768343378725461416",238,"2023-03-01 18:29:43","Journal article","","","https://scholar.google.com/citations?view_op=view_citation&hl=en&user=-2OhI8YAAAAJ&cstart=200&pagesize=100&citation_for_view=-2OhI8YAAAAJ:LPZeul_q3PIC",25,40,5742,5749,122,12.20,15,8,10,"","",""
122,"H Chen, Q Wei, MI Saidaminov, F Wang, A Johnston, Y Hou, Z Peng, K Xu, ...","Efficient and stable inverted perovskite solar cells incorporating secondary amines",2019,"Advanced Materials","","","https://scholar.google.com/scholar?oi=bibs&hl=en&cites=1948970481234738794",237,"2023-03-01 18:29:43","Journal article","","","https://scholar.google.com/citations?view_op=view_citation&hl=en&user=-2OhI8YAAAAJ&cstart=200&pagesize=100&citation_for_view=-2OhI8YAAAAJ:jPVjDSAV6m0C",31,46,1903559,1903559,122,30.50,14,9,4,"","",""
121,"A Maria, PW Cyr, EJD Klem, L Levina, EH Sargent","Solution-processed infrared photovoltaic devices with  monochromatic internal quantum efficiency",2005,"Applied Physics Letters","","","https://scholar.google.com/scholar?oi=bibs&hl=en&cites=17214732625878147148",240,"2023-03-01 18:29:43","Journal article","","","https://scholar.google.com/citations?view_op=view_citation&hl=en&user=-2OhI8YAAAAJ&cstart=200&pagesize=100&citation_for_view=-2OhI8YAAAAJ:NMxIlDl6LWMC",87,21,213112,213112,121,6.72,24,5,18,"","",""
121,"H Yousefi, A Mahmud, D Chang, J Das, S Gomis, JB Chen, H Wang, ...","Detection of SARS-CoV-2 viral particles using direct, reagent-free electrochemical sensing",2021,"Journal of the American Chemical Society","","","https://scholar.google.com/scholar?oi=bibs&hl=en&cites=9595117384412664099",239,"2023-03-01 18:29:43","Journal article","","","https://scholar.google.com/citations?view_op=view_citation&hl=en&user=-2OhI8YAAAAJ&cstart=200&pagesize=100&citation_for_view=-2OhI8YAAAAJ:IF0FbId8XVwC",143,4,1722,1727,121,60.50,15,8,2,"","",""
120,"J Choi, Y Kim, JW Jo, J Kim, B Sun, G Walters, FP García de Arquer, ...","Chloride passivation of ZnO electrodes improves charge extraction in colloidal quantum dot photovoltaics",2017,"Advanced Materials","","","https://scholar.google.com/scholar?oi=bibs&hl=en&cites=4584222680969744705",241,"2023-03-01 18:29:43","Journal article","","","https://scholar.google.com/citations?view_op=view_citation&hl=en&user=-2OhI8YAAAAJ&cstart=200&pagesize=100&citation_for_view=-2OhI8YAAAAJ:bVQMTfhMCi4C",29,33,1702350,1702350,120,20.00,15,8,6,"","",""
119,"AT Sage, JD Besant, B Lam, EH Sargent, SO Kelley","Ultrasensitive electrochemical biomolecular detection using nanostructured microelectrodes",2014,"Accounts of chemical research","","","https://scholar.google.com/scholar?oi=bibs&hl=en&cites=1835743534395917105",243,"2023-03-01 18:29:43","Journal article","","","https://scholar.google.com/citations?view_op=view_citation&hl=en&user=-2OhI8YAAAAJ&cstart=200&pagesize=100&citation_for_view=-2OhI8YAAAAJ:Fu2w8maKXqMC",47,8,2417,2425,119,13.22,24,5,9,"","",""
119,"M Wei, FPG de Arquer, G Walters, Z Yang, LN Quan, Y Kim, R Sabatini, ...","Ultrafast narrowband exciton routing within layered perovskite nanoplatelets enables low-loss luminescent solar concentrators",2019,"Nature Energy","","","https://scholar.google.com/scholar?oi=bibs&hl=en&cites=500013057489097440",242,"2023-03-01 18:29:43","Journal article","","","https://scholar.google.com/citations?view_op=view_citation&hl=en&user=-2OhI8YAAAAJ&cstart=200&pagesize=100&citation_for_view=-2OhI8YAAAAJ:DUFsPKDdMi0C",4,3,197,205,119,29.75,15,8,4,"","",""
118,"J Pan, AO El-Ballouli, L Rollny, O Voznyy, VM Burlakov, A Goriely, ...","Automated synthesis of photovoltaic-quality colloidal quantum dots using separate nucleation and growth stages",2013,"ACS nano","","","https://scholar.google.com/scholar?oi=bibs&hl=en&cites=16796215756638048344",245,"2023-03-01 18:29:43","Journal article","","","https://scholar.google.com/citations?view_op=view_citation&hl=en&user=-2OhI8YAAAAJ&cstart=200&pagesize=100&citation_for_view=-2OhI8YAAAAJ:kRWSkSYxWN8C",7,11,10158,10166,118,11.80,17,7,10,"","",""
118,"YK Wang, F Yuan, Y Dong, JY Li, A Johnston, B Chen, MI Saidaminov, ...","All‐Inorganic Quantum‐Dot LEDs Based on a Phase‐Stabilized α‐CsPbI3 Perovskite",2021,"Angewandte chemie international edition","","","https://scholar.google.com/scholar?oi=bibs&hl=en&cites=6334886278156154757",244,"2023-03-01 18:29:43","Journal article","","","https://scholar.google.com/citations?view_op=view_citation&hl=en&user=-2OhI8YAAAAJ&cstart=200&pagesize=100&citation_for_view=-2OhI8YAAAAJ:Sw8WaQuuSIgC",60,29,16164,16170,118,59.00,15,8,2,"","",""
117,"MM Adachi, F Fan, DP Sellan, S Hoogland, O Voznyy, AJ Houtepen, ...","Microsecond-sustained lasing from colloidal quantum dot solids",2015,"Nature communications","","","https://scholar.google.com/scholar?oi=bibs&hl=en&cites=2565105742460875345",246,"2023-03-01 18:29:43","Journal article","","","https://scholar.google.com/citations?view_op=view_citation&hl=en&user=-2OhI8YAAAAJ&cstart=200&pagesize=100&citation_for_view=-2OhI8YAAAAJ:TIZ-Mc8IlK0C",6,1,8694,8694,117,14.63,17,7,8,"","",""
116,"M Labib, B Green, RM Mohamadi, A Mepham, SU Ahmed, L Mahmoudian, ...","Aptamer and antisense-mediated two-dimensional isolation of specific cancer cell subpopulations",2016,"Journal of the American Chemical Society","","","https://scholar.google.com/scholar?oi=bibs&hl=en&cites=7577654060432082570",247,"2023-03-01 18:29:43","Journal article","","","https://scholar.google.com/citations?view_op=view_citation&hl=en&user=-2OhI8YAAAAJ&cstart=200&pagesize=100&citation_for_view=-2OhI8YAAAAJ:86PQX7AUzd4C",138,8,2476,2479,116,16.57,17,7,7,"","",""
115,"D Paz-Soldan, A Lee, SM Thon, MM Adachi, H Dong, P Maraghechi, ...","Jointly tuned plasmonic–excitonic photovoltaics using nanoshells",2013,"Nano letters","","","https://scholar.google.com/scholar?oi=bibs&hl=en&cites=1533921985895617341",249,"2023-03-01 18:29:43","Journal article","","","https://scholar.google.com/citations?view_op=view_citation&hl=en&user=-2OhI8YAAAAJ&cstart=200&pagesize=100&citation_for_view=-2OhI8YAAAAJ:HoB7MX3m0LUC",13,4,1502,1508,115,11.50,16,7,10,"","",""
115,"Z Huang, AH Proppe, H Tan, MI Saidaminov, F Tan, A Mei, CS Tan, M Wei, ...","Suppressed ion migration in reduced-dimensional perovskites improves operating stability",2019,"ACS Energy Letters","","","https://scholar.google.com/scholar?oi=bibs&hl=en&cites=1109899192048076427",248,"2023-03-01 18:29:43","Journal article","","","https://scholar.google.com/citations?view_op=view_citation&hl=en&user=-2OhI8YAAAAJ&cstart=200&pagesize=100&citation_for_view=-2OhI8YAAAAJ:MnogvFdIBdwC",4,7,1521,1527,115,28.75,13,9,4,"","",""
114,"DA Salvatore, CM Gabardo, A Reyes, CP O’Brien, S Holdcroft, P Pintauro, ...","Designing anion exchange membranes for CO2 electrolysers",2021,"Nature Energy","","","https://scholar.google.com/scholar?oi=bibs&hl=en&cites=6971008284798173608",250,"2023-03-01 18:29:43","Journal article","","","https://scholar.google.com/citations?view_op=view_citation&hl=en&user=-2OhI8YAAAAJ&cstart=200&pagesize=100&citation_for_view=-2OhI8YAAAAJ:pk6FPx6l9xIC",6,4,339,348,114,57.00,16,7,2,"","",""
113,"R Debnath, O Bakr, EH Sargent","Solution-processed colloidal quantum dot photovoltaics: A perspective",2011,"Energy &Environmental Science","","","https://scholar.google.com/scholar?oi=bibs&hl=en&cites=11601612440540917786",251,"2023-03-01 18:29:43","Journal article","","","https://scholar.google.com/citations?view_op=view_citation&hl=en&user=-2OhI8YAAAAJ&cstart=200&pagesize=100&citation_for_view=-2OhI8YAAAAJ:cFHS6HbyZ2cC",4,12,4870,4881,113,9.42,38,3,12,"","",""
112,"H Liang, F Yuan, A Johnston, C Gao, H Choubisa, Y Gao, YK Wang, ...","High color purity lead‐free perovskite light‐emitting diodes via Sn stabilization",2020,"Advanced Science","","","https://scholar.google.com/scholar?oi=bibs&hl=en&cites=12256826019798410856",253,"2023-03-01 18:29:43","Journal article","","","https://scholar.google.com/citations?view_op=view_citation&hl=en&user=-2OhI8YAAAAJ&cstart=200&pagesize=100&citation_for_view=-2OhI8YAAAAJ:Qh5Z_vBjo80C",7,8,1903213,1903213,112,37.33,14,8,3,"","",""
112,"H Tian, E Sargent","Materials, systems and methods for optoelectronic devices",2013,"US Patent 8,525,287","","","https://scholar.google.com/scholar?oi=bibs&hl=en&cites=18064193963491273653",255,"2023-03-01 18:29:43","Patent","","","https://scholar.google.com/citations?view_op=view_citation&hl=en&user=-2OhI8YAAAAJ&cstart=200&pagesize=100&citation_for_view=-2OhI8YAAAAJ:IUKN3-7HHlwC",,,,,112,11.20,56,2,10,"","",""
112,"J Xu, O Voznyy, R Comin, X Gong, G Walters, M Liu, P Kanjanaboos, ...","Crosslinked remote‐doped hole‐extracting contacts enhance stability under accelerated lifetime testing in perovskite solar cells",2016,"Advanced Materials","","","https://scholar.google.com/scholar?oi=bibs&hl=en&cites=8685388689540236127",254,"2023-03-01 18:29:43","Journal article","","","https://scholar.google.com/citations?view_op=view_citation&hl=en&user=-2OhI8YAAAAJ&cstart=200&pagesize=100&citation_for_view=-2OhI8YAAAAJ:zLWjf1WUPmwC",28,14,2807,2815,112,16.00,14,8,7,"","",""
112,"L Gao, LN Quan, FP García de Arquer, Y Zhao, R Munir, A Proppe, ...","Efficient near-infrared light-emitting diodes based on quantum dots in layered perovskite",2020,"Nature Photonics","","","https://scholar.google.com/scholar?oi=bibs&hl=en&cites=8370047721180296179,13496812444560969826",252,"2023-03-01 18:29:43","Journal article","","","https://scholar.google.com/citations?view_op=view_citation&hl=en&user=-2OhI8YAAAAJ&cstart=200&pagesize=100&citation_for_view=-2OhI8YAAAAJ:DTjSuSUbmXsC",14,4,227,233,112,37.33,16,7,3,"","",""
111,"O Voznyy, BR Sutherland, AH Ip, D Zhitomirsky, EH Sargent","Engineering charge transport by heterostructuring solution-processed semiconductors",2017,"Nature Reviews Materials","","","https://scholar.google.com/scholar?oi=bibs&hl=en&cites=786805444275953807",256,"2023-03-01 18:29:43","Journal article","","","https://scholar.google.com/citations?view_op=view_citation&hl=en&user=-2OhI8YAAAAJ&cstart=200&pagesize=100&citation_for_view=-2OhI8YAAAAJ:lg2tdxc6qMwC",2,6,1,10,111,18.50,22,5,6,"","",""
111,"S Hinds, S Myrskog, L Levina, G Koleilat, J Yang, SO Kelley, EH Sargent","NIR-emitting colloidal quantum dots having 26% luminescence quantum yield in buffer solution",2007,"Journal of the American Chemical Society","","","https://scholar.google.com/scholar?oi=bibs&hl=en&cites=17182139634975398391",258,"2023-03-01 18:29:43","Journal article","","","https://scholar.google.com/citations?view_op=view_citation&hl=en&user=-2OhI8YAAAAJ&cstart=200&pagesize=100&citation_for_view=-2OhI8YAAAAJ:ZHo1McVdvXMC",129,23,7218,7219,111,6.94,16,7,16,"","",""
111,"Y Wan, YG Zhou, M Poudineh, TS Safaei, RM Mohamadi, EH Sargent, ...","Highly specific electrochemical analysis of cancer cells using multi‐nanoparticle labeling",2014,"Angewandte Chemie","","","https://scholar.google.com/scholar?oi=bibs&hl=en&cites=6805703724424699059",257,"2023-03-01 18:29:43","Journal article","","","https://scholar.google.com/citations?view_op=view_citation&hl=en&user=-2OhI8YAAAAJ&cstart=200&pagesize=100&citation_for_view=-2OhI8YAAAAJ:nrtMV_XWKgEC",126,48,13361,13365,111,12.33,16,7,9,"","",""
110,"H Tian, E Sargent","Materials, systems and methods for optoelectronic devices",2011,"US Patent 8,004,057","","","https://scholar.google.com/scholar?oi=bibs&hl=en&cites=12925783779902492796",260,"2023-03-01 18:29:43","Patent","","","https://scholar.google.com/citations?view_op=view_citation&hl=en&user=-2OhI8YAAAAJ&cstart=200&pagesize=100&citation_for_view=-2OhI8YAAAAJ:8p8iYwVyaVcC",,,,,110,9.17,55,2,12,"","",""
110,"L Na Quan, D Ma, Y Zhao, O Voznyy, H Yuan, E Bladt, J Pan, ...","Edge stabilization in reduced-dimensional perovskites",2020,"Nature communications","","","https://scholar.google.com/scholar?oi=bibs&hl=en&cites=1028489048234790338",259,"2023-03-01 18:29:43","Journal article","","","https://scholar.google.com/citations?view_op=view_citation&hl=en&user=-2OhI8YAAAAJ&cstart=200&pagesize=100&citation_for_view=-2OhI8YAAAAJ:ZZwcLRaXOV4C",11,1,170,170,110,36.67,14,8,3,"","",""
108,"B Sun, A Johnston, C Xu, M Wei, Z Huang, Z Jiang, H Zhou, Y Gao, ...","Monolayer perovskite bridges enable strong quantum dot coupling for efficient solar cells",2020,"Joule","","","https://scholar.google.com/scholar?oi=bibs&hl=en&cites=13200088469809094666",261,"2023-03-01 18:29:43","Journal article","","","https://scholar.google.com/citations?view_op=view_citation&hl=en&user=-2OhI8YAAAAJ&cstart=200&pagesize=100&citation_for_view=-2OhI8YAAAAJ:S_Qw7xXuMuIC",4,7,1542,1556,108,36.00,12,9,3,"","",""
108,"H Tian","Materials, systems and methods for optoelectronic devices",2011,"US Patent 8,013,412","","","https://scholar.google.com/scholar?oi=bibs&hl=en&cites=7523774542553076890",262,"2023-03-01 18:29:43","Patent","","","https://scholar.google.com/citations?view_op=view_citation&hl=en&user=-2OhI8YAAAAJ&cstart=200&pagesize=100&citation_for_view=-2OhI8YAAAAJ:_AkkBXT-jcoC",,,,,108,9.00,108,1,12,"","",""
108,"W Lin, K Fritz, G Guerin, GR Bardajee, S Hinds, V Sukhovatkin, ...","Highly luminescent lead sulfide nanocrystals in organic solvents and water through ligand exchange with poly (acrylic acid)",2008,"Langmuir","","","https://scholar.google.com/scholar?oi=bibs&hl=en&cites=5722318115504079026",263,"2023-03-01 18:29:43","Journal article","","","https://scholar.google.com/citations?view_op=view_citation&hl=en&user=-2OhI8YAAAAJ&cstart=200&pagesize=100&citation_for_view=-2OhI8YAAAAJ:2P1L_qKh6hAC",24,15,8215,8219,108,7.20,15,7,15,"","",""
107,"L Zhang, SR Jean, S Ahmed, PM Aldridge, X Li, F Fan, EH Sargent, ...","Multifunctional quantum dot DNA hydrogels",2017,"Nature communications","","","https://scholar.google.com/scholar?oi=bibs&hl=en&cites=221869604886377381",264,"2023-03-01 18:29:43","Journal article","","","https://scholar.google.com/citations?view_op=view_citation&hl=en&user=-2OhI8YAAAAJ&cstart=200&pagesize=100&citation_for_view=-2OhI8YAAAAJ:eH23hyXCXa4C",8,1,1,9,107,17.83,13,8,6,"","",""
107,"V Sukhovatkin, S Musikhin, I Gorelikov, S Cauchi, L Bakueva, ...","Room-temperature amplified spontaneous emission at 1300 nm in solution-processed PbS quantum-dot films",2005,"Optics letters","","","https://scholar.google.com/scholar?oi=bibs&hl=en&cites=16728793321847948786",265,"2023-03-01 18:29:43","Journal article","","","https://scholar.google.com/citations?view_op=view_citation&hl=en&user=-2OhI8YAAAAJ&cstart=200&pagesize=100&citation_for_view=-2OhI8YAAAAJ:fPk4N6BV_jEC",30,2,171,173,107,5.94,18,6,18,"","",""
105,"Y Zhao, W Zhou, H Tan, R Fu, Q Li, F Lin, D Yu, G Walters, EH Sargent, ...","Mobile-ion-induced degradation of organic hole-selective layers in perovskite solar cells",2017,"The Journal of Physical Chemistry C","","","https://scholar.google.com/scholar?oi=bibs&hl=en&cites=9026971010291841856",266,"2023-03-01 18:29:43","Journal article","","","https://scholar.google.com/citations?view_op=view_citation&hl=en&user=-2OhI8YAAAAJ&cstart=200&pagesize=100&citation_for_view=-2OhI8YAAAAJ:yeL6HyUMUGUC",121,27,14517,14523,105,17.50,11,10,6,"","",""
104,"P De Luna, J Wei, Y Bengio, A Aspuru-Guzik, E Sargent","Use machine learning to find energy materials",2017,"Nature","","","https://scholar.google.com/scholar?oi=bibs&hl=en&cites=14614244298447248669",268,"2023-03-01 18:29:43","Journal article","","","https://scholar.google.com/citations?view_op=view_citation&hl=en&user=-2OhI8YAAAAJ&cstart=200&pagesize=100&citation_for_view=-2OhI8YAAAAJ:cNe27ouKFcQC",552,7683,23,27,104,17.33,21,5,6,"","",""
104,"X Wang, A Xu, F Li, SF Hung, DH Nam, CM Gabardo, Z Wang, Y Xu, ...","Efficient Methane Electrosynthesis Enabled by Tuning Local CO2 Availability",2020,"Journal of the American Chemical Society","","","https://scholar.google.com/scholar?oi=bibs&hl=en&cites=382658166552468927",267,"2023-03-01 18:29:43","Journal article","","","https://scholar.google.com/citations?view_op=view_citation&hl=en&user=-2OhI8YAAAAJ&cstart=200&pagesize=100&citation_for_view=-2OhI8YAAAAJ:M7C5BM2v8n8C",142,7,3525,3531,104,34.67,12,9,3,"","",""
104,"Z Fang, L Soleymani, G Pampalakis, M Yoshimoto, JA Squire, EH Sargent, ...","Direct profiling of cancer biomarkers in tumor tissue using a multiplexed nanostructured microelectrode integrated circuit",2009,"Acs Nano","","","https://scholar.google.com/scholar?oi=bibs&hl=en&cites=1207929479041040035",269,"2023-03-01 18:29:43","Journal article","","","https://scholar.google.com/citations?view_op=view_citation&hl=en&user=-2OhI8YAAAAJ&cstart=200&pagesize=100&citation_for_view=-2OhI8YAAAAJ:a0OBvERweLwC",3,10,3207,3213,104,7.43,15,7,14,"","",""
103,"AR Kirmani, GH Carey, M Abdelsamie, B Yan, D Cha, LR Rollny, X Cui, ...","Effect of solvent environment on colloidal‐quantum‐dot solar‐cell manufacturability and performance",2014,"Advanced Materials","","","https://scholar.google.com/scholar?oi=bibs&hl=en&cites=8801925734208014103",271,"2023-03-01 18:29:43","Journal article","","","https://scholar.google.com/citations?view_op=view_citation&hl=en&user=-2OhI8YAAAAJ&cstart=200&pagesize=100&citation_for_view=-2OhI8YAAAAJ:hkOj_22Ku90C",26,27,4717,4723,103,11.44,13,8,9,"","",""
103,"XY Liu, H Chen, R Wang, Y Shang, Q Zhang, W Li, G Zhang, J Su, ...","0D–2D quantum dot: metal dichalcogenide nanocomposite photocatalyst achieves efficient hydrogen generation",2017,"Advanced Materials","","","https://scholar.google.com/scholar?oi=bibs&hl=en&cites=5130364045053015034",270,"2023-03-01 18:29:43","Journal article","","","https://scholar.google.com/citations?view_op=view_citation&hl=en&user=-2OhI8YAAAAJ&cstart=200&pagesize=100&citation_for_view=-2OhI8YAAAAJ:zGdJYJv2LkUC",29,22,1605646,1605646,103,17.17,11,9,6,"","",""
102,"F Bertolotti, DN Dirin, M Ibáñez, F Krumeich, A Cervellino, R Frison, ...","Crystal symmetry breaking and vacancies in colloidal lead chalcogenide quantum dots",2016,"Nature materials","","","https://scholar.google.com/scholar?oi=bibs&hl=en&cites=7087984202426416916",272,"2023-03-01 18:29:43","Journal article","","","https://scholar.google.com/citations?view_op=view_citation&hl=en&user=-2OhI8YAAAAJ&cstart=200&pagesize=100&citation_for_view=-2OhI8YAAAAJ:8xutWZnSdmoC",15,9,987,994,102,14.57,15,7,7,"","",""
100,"AH Ip, A Kiani, IJ Kramer, O Voznyy, HF Movahed, L Levina, MM Adachi, ...","Infrared Colloidal Quantum Dot Photovoltaics via Coupling Enhancement and Agglomeration Suppression",2015,"ACS nano","","","https://scholar.google.com/scholar?oi=bibs&hl=en&cites=13490941128548013549",273,"2023-03-01 18:29:43","Journal article","","","https://scholar.google.com/citations?view_op=view_citation&hl=en&user=-2OhI8YAAAAJ&cstart=200&pagesize=100&citation_for_view=-2OhI8YAAAAJ:LI9QrySNdTsC",9,9,8833,8842,100,12.50,13,8,8,"","",""
100,"JD Besant, EH Sargent, SO Kelley","Rapid electrochemical phenotypic profiling of antibiotic-resistant bacteria",2015,"Lab on a Chip","","","https://scholar.google.com/scholar?oi=bibs&hl=en&cites=9167043762085968737",274,"2023-03-01 18:29:43","Journal article","","","https://scholar.google.com/citations?view_op=view_citation&hl=en&user=-2OhI8YAAAAJ&cstart=200&pagesize=100&citation_for_view=-2OhI8YAAAAJ:tuHXwOkdijsC",15,13,2799,2807,100,12.50,33,3,8,"","",""
99,"AH Ip, LN Quan, MM Adachi, JJ McDowell, J Xu, DH Kim, EH Sargent","A two-step route to planar perovskite cells exhibiting reduced hysteresis",2015,"Applied Physics Letters","","","https://scholar.google.com/scholar?oi=bibs&hl=en&cites=4678396726005550598",278,"2023-03-01 18:29:43","Journal article","","","https://scholar.google.com/citations?view_op=view_citation&hl=en&user=-2OhI8YAAAAJ&cstart=200&pagesize=100&citation_for_view=-2OhI8YAAAAJ:XiVPGOgt02cC",106,14,143902,143902,99,12.38,14,7,8,"","",""
99,"AS Subbiah, FH Isikgor, CT Howells, M De Bastiani, J Liu, E Aydin, ...","High-performance perovskite single-junction and textured perovskite/silicon tandem solar cells via slot-die-coating",2020,"ACS Energy Letters","","","https://scholar.google.com/scholar?oi=bibs&hl=en&cites=7404159594693645332",275,"2023-03-01 18:29:43","Journal article","","","https://scholar.google.com/citations?view_op=view_citation&hl=en&user=-2OhI8YAAAAJ&cstart=200&pagesize=100&citation_for_view=-2OhI8YAAAAJ:8_tS2Vw13FcC",5,9,3034,3040,99,33.00,14,7,3,"","",""
99,"SW Baek, S Jun, B Kim, AH Proppe, O Ouellette, O Voznyy, C Kim, J Kim, ...","Efficient hybrid colloidal quantum dot/organic solar cells mediated by near-infrared sensitizing small molecules",2019,"Nature Energy","","","https://scholar.google.com/scholar?oi=bibs&hl=en&cites=12774802734389412335",276,"2023-03-01 18:29:43","Journal article","","","https://scholar.google.com/citations?view_op=view_citation&hl=en&user=-2OhI8YAAAAJ&cstart=200&pagesize=100&citation_for_view=-2OhI8YAAAAJ:plAW456RD7MC",4,11,969,976,99,24.75,11,9,4,"","",""
99,"YC Li, G Lee, T Yuan, Y Wang, DH Nam, Z Wang, FP García de Arquer, ...","CO2 Electroreduction from Carbonate Electrolyte",2019,"ACS Energy Letters","","","https://scholar.google.com/scholar?oi=bibs&hl=en&cites=11341861787289902825",277,"2023-03-01 18:29:43","Journal article","","","https://scholar.google.com/citations?view_op=view_citation&hl=en&user=-2OhI8YAAAAJ&cstart=200&pagesize=100&citation_for_view=-2OhI8YAAAAJ:cTy_cm4PQvYC",4,6,1427,1431,99,24.75,12,8,4,"","",""
98,"MM Adachi, AJ Labelle, SM Thon, X Lan, S Hoogland, EH Sargent","Broadband solar absorption enhancement via periodic nanostructuring of electrodes",2013,"Scientific reports","","","https://scholar.google.com/scholar?oi=bibs&hl=en&cites=4930076373589908091",279,"2023-03-01 18:29:43","Journal article","","","https://scholar.google.com/citations?view_op=view_citation&hl=en&user=-2OhI8YAAAAJ&cstart=200&pagesize=100&citation_for_view=-2OhI8YAAAAJ:WbkHhVStYXYC",3,1,2928,2928,98,9.80,16,6,10,"","",""
96,"AH Proppe, YC Li, A Aspuru-Guzik, CP Berlinguette, CJ Chang, ...","Bioinspiration in light harvesting and catalysis",2020,"Nature Reviews Materials","","","https://scholar.google.com/scholar?oi=bibs&hl=en&cites=14118999346737785704",280,"2023-03-01 18:29:43","Journal article","","","https://scholar.google.com/citations?view_op=view_citation&hl=en&user=-2OhI8YAAAAJ&cstart=200&pagesize=100&citation_for_view=-2OhI8YAAAAJ:kxd3qP2_5uAC",5,11,828,846,96,32.00,16,6,3,"","",""
96,"M Yuan, O Voznyy, D Zhitomirsky, P Kanjanaboos, EH Sargent","Synergistic doping of fullerene electron transport layer and colloidal quantum dot solids enhances solar cell performance",2015,"Advanced Materials","","","https://scholar.google.com/scholar?oi=bibs&hl=en&cites=12383256218895929874",281,"2023-03-01 18:29:43","Journal article","","","https://scholar.google.com/citations?view_op=view_citation&hl=en&user=-2OhI8YAAAAJ&cstart=200&pagesize=100&citation_for_view=-2OhI8YAAAAJ:olpn-zPbct0C",27,5,917,921,96,12.00,19,5,8,"","",""
95,"X Wang, Z Wang, TT Zhuang, CT Dinh, J Li, DH Nam, F Li, CW Huang, ...","Efficient upgrading of CO to C3 fuel using asymmetric C-C coupling active sites",2019,"Nature communications","","","https://scholar.google.com/scholar?oi=bibs&hl=en&cites=11498114073123527350",282,"2023-03-01 18:29:43","Journal article","","","https://scholar.google.com/citations?view_op=view_citation&hl=en&user=-2OhI8YAAAAJ&cstart=200&pagesize=100&citation_for_view=-2OhI8YAAAAJ:nbnL2fqDbzcC",10,1,5186,5186,95,23.75,11,9,4,"","",""
94,"EJD Klem, L Levina, EH Sargent","PbS quantum dot electroabsorption modulation across the extended communications band ",2005,"Applied Physics Letters","","","https://scholar.google.com/scholar?oi=bibs&hl=en&cites=17994329569541756907",285,"2023-03-01 18:29:43","Journal article","","","https://scholar.google.com/citations?view_op=view_citation&hl=en&user=-2OhI8YAAAAJ&cstart=200&pagesize=100&citation_for_view=-2OhI8YAAAAJ:NhqRSupF_l8C",87,5,53101,53101,94,5.22,31,3,18,"","",""
94,"H Chen, S Teale, B Chen, Y Hou, L Grater, T Zhu, K Bertens, SM Park, ...","Quantum-size-tuned heterostructures enable efficient and stable inverted perovskite solar cells",2022,"Nature Photonics","","","https://scholar.google.com/scholar?oi=bibs&hl=en&cites=17370403334069695530",283,"2023-03-01 18:29:43","Journal article","","","https://scholar.google.com/citations?view_op=view_citation&hl=en&user=-2OhI8YAAAAJ&cstart=200&pagesize=100&citation_for_view=-2OhI8YAAAAJ:r655XaDZu5IC",16,5,352,358,94,94.00,10,9,1,"","",""
94,"S Hinds, BJ Taft, L Levina, V Sukhovatkin, CJ Dooley, MD Roy, ...","Nucleotide-directed growth of semiconductor nanocrystals",2006,"Journal of the American Chemical Society","","","https://scholar.google.com/scholar?oi=bibs&hl=en&cites=11298849429853403709",284,"2023-03-01 18:29:43","Journal article","","","https://scholar.google.com/citations?view_op=view_citation&hl=en&user=-2OhI8YAAAAJ&cstart=200&pagesize=100&citation_for_view=-2OhI8YAAAAJ:u_35RYKgDlwC",128,1,64,65,94,5.53,13,7,17,"","",""
93,"M Liu, N Yazdani, M Yarema, M Jansen, V Wood, EH Sargent","Colloidal quantum dot electronics",2021,"Nature Electronics","","","https://scholar.google.com/scholar?oi=bibs&hl=en&cites=15204830744095858564",286,"2023-03-01 18:29:43","Journal article","","","https://scholar.google.com/citations?view_op=view_citation&hl=en&user=-2OhI8YAAAAJ&cstart=200&pagesize=100&citation_for_view=-2OhI8YAAAAJ:bNB6FdaCRgEC",4,8,548,558,93,46.50,16,6,2,"","",""
93,"O Voznyy, EH Sargent","Atomistic model of fluorescence intermittency of colloidal quantum dots",2014,"Physical review letters","","","https://scholar.google.com/scholar?oi=bibs&hl=en&cites=13062724077259857630",287,"2023-03-01 18:29:43","Journal article","","","https://scholar.google.com/citations?view_op=view_citation&hl=en&user=-2OhI8YAAAAJ&cstart=200&pagesize=100&citation_for_view=-2OhI8YAAAAJ:_B80troHkn4C",112,15,157401,157401,93,10.33,47,2,9,"","",""
91,"F Yuan, X Zheng, A Johnston, YK Wang, C Zhou, Y Dong, B Chen, ...","Color-pure red light-emitting diodes based on two-dimensional lead-free perovskites",2020,"Science Advances 6 (42), eabb","","","https://scholar.google.com/scholar?oi=bibs&hl=en&cites=8953490426645338076",288,"2023-03-01 18:29:43","Journal article","","","https://scholar.google.com/citations?view_op=view_citation&hl=en&user=-2OhI8YAAAAJ&cstart=200&pagesize=100&citation_for_view=-2OhI8YAAAAJ:SoGhKUJvMTQC",253,,,,91,30.33,11,8,3,"","",""
90,"FP García de Arquer, X Gong, RP Sabatini, M Liu, GH Kim, BR Sutherland, ...","Field-emission from quantum-dot-in-perovskite solids",2017,"Nature communications","","","https://scholar.google.com/scholar?oi=bibs&hl=en&cites=1384354939749848162",292,"2023-03-01 18:29:43","Journal article","","","https://scholar.google.com/citations?view_op=view_citation&hl=en&user=-2OhI8YAAAAJ&cstart=200&pagesize=100&citation_for_view=-2OhI8YAAAAJ:CNPyR2KL9-0C",8,1,14757,14757,90,15.00,13,7,6,"","",""
90,"H Coskun, A Aljabour, P De Luna, D Farka, T Greunz, D Stifter, M Kus, ...","Biofunctionalized conductive polymers enable efficient CO2 electroreduction",2017,"Science Advances","","","https://scholar.google.com/scholar?oi=bibs&hl=en&cites=1848487327876716043",291,"2023-03-01 18:29:43","Journal article","","","https://scholar.google.com/citations?view_op=view_citation&hl=en&user=-2OhI8YAAAAJ&cstart=200&pagesize=100&citation_for_view=-2OhI8YAAAAJ:WWeOtg8bX_EC",3,8,1700686,,90,15.00,11,8,6,"","",""
90,"J Kim, MI Saidaminov, H Tan, Y Zhao, Y Kim, J Choi, JW Jo, J Fan, ...","Amide‐catalyzed phase‐selective crystallization reduces defect density in wide‐bandgap perovskites",2018,"Advanced Materials","","","https://scholar.google.com/scholar?oi=bibs&hl=en&cites=11208535998888728591",290,"2023-03-01 18:29:43","Journal article","","","https://scholar.google.com/citations?view_op=view_citation&hl=en&user=-2OhI8YAAAAJ&cstart=200&pagesize=100&citation_for_view=-2OhI8YAAAAJ:j5aT6aphRxQC",30,13,1706275,1706275,90,18.00,10,9,5,"","",""
90,"M Liu, M Liu, X Wang, SM Kozlov, Z Cao, P De Luna, H Li, X Qiu, K Liu, ...","Quantum-dot-derived catalysts for CO2 reduction reaction",2019,"Joule","","","https://scholar.google.com/scholar?oi=bibs&hl=en&cites=7937169957947685536",289,"2023-03-01 18:29:43","Journal article","","","https://scholar.google.com/citations?view_op=view_citation&hl=en&user=-2OhI8YAAAAJ&cstart=200&pagesize=100&citation_for_view=-2OhI8YAAAAJ:nj26e0utjpAC",3,7,1703,1718,90,22.50,9,10,4,"","",""
89,"AH Proppe, M Wei, B Chen, R Quintero-Bermudez, SO Kelley, ...","Photochemically cross-linked quantum well ligands for 2D/3D perovskite photovoltaics with improved photovoltage and stability",2019,"Journal of the American Chemical Society","","","https://scholar.google.com/scholar?oi=bibs&hl=en&cites=12006341976080188571",295,"2023-03-01 18:29:43","Journal article","","","https://scholar.google.com/citations?view_op=view_citation&hl=en&user=-2OhI8YAAAAJ&cstart=200&pagesize=100&citation_for_view=-2OhI8YAAAAJ:SEKBqlyTJecC",141,36,14180,14189,89,22.25,15,6,4,"","",""
89,"AR Kirmani, AD Sheikh, MR Niazi, MA Haque, M Liu, FPG de Arquer, J Xu, ...","Overcoming the Ambient Manufacturability‐Scalability‐Performance Bottleneck in Colloidal Quantum Dot Photovoltaics",2018,"Advanced Materials","","","https://scholar.google.com/scholar?oi=bibs&hl=en&cites=174916412058556007",296,"2023-03-01 18:29:43","Journal article","","","https://scholar.google.com/citations?view_op=view_citation&hl=en&user=-2OhI8YAAAAJ&cstart=200&pagesize=100&citation_for_view=-2OhI8YAAAAJ:1xBWf43XMUgC",30,35,1801661,1801661,89,17.80,11,8,5,"","",""
89,"O Voznyy, L Levina, JZ Fan, M Askerka, A Jain, MJ Choi, O Ouellette, ...","Machine learning accelerates discovery of optimal colloidal quantum dot synthesis",2019,"Acs Nano","","","https://scholar.google.com/scholar?oi=bibs&hl=en&cites=15859562568676609080",294,"2023-03-01 18:29:43","Journal article","","","https://scholar.google.com/citations?view_op=view_citation&hl=en&user=-2OhI8YAAAAJ&cstart=200&pagesize=100&citation_for_view=-2OhI8YAAAAJ:TY5xIG7f_2sC",13,10,11122,11128,89,22.25,11,8,4,"","",""
89,"R Sliz, M Lejay, JZ Fan, MJ Choi, S Kinge, S Hoogland, T Fabritius, ...","Stable colloidal quantum dot inks enable inkjet-printed high-sensitivity infrared photodetectors",2019,"ACS nano","","","https://scholar.google.com/scholar?oi=bibs&hl=en&cites=16183222424603928248",293,"2023-03-01 18:29:43","Journal article","","","https://scholar.google.com/citations?view_op=view_citation&hl=en&user=-2OhI8YAAAAJ&cstart=200&pagesize=100&citation_for_view=-2OhI8YAAAAJ:bxPAEoiBajcC",13,10,11988,11995,89,22.25,11,8,4,"","",""
88,"Y Xu, JP Edwards, S Liu, RK Miao, JE Huang, CM Gabardo, CP O’Brien, ...","Self-Cleaning CO2 Reduction Systems: Unsteady Electrochemical Forcing Enables Stability",2021,"ACS Energy Letters","","","https://scholar.google.com/scholar?oi=bibs&hl=en&cites=2106986520832112600",297,"2023-03-01 18:29:43","Journal article","","","https://scholar.google.com/citations?view_op=view_citation&hl=en&user=-2OhI8YAAAAJ&cstart=200&pagesize=100&citation_for_view=-2OhI8YAAAAJ:W8gSVh4kTHQC",6,2,809,815,88,44.00,11,8,2,"","",""
87,"D Ma, P Todorović, S Meshkat, MI Saidaminov, YK Wang, B Chen, P Li, ...","Chloride insertion–immobilization enables bright, narrowband, and stable blue-emitting perovskite diodes",2020,"Journal of the American Chemical Society","","","https://scholar.google.com/scholar?oi=bibs&hl=en&cites=4787616822523764253",299,"2023-03-01 18:29:43","Journal article","","","https://scholar.google.com/citations?view_op=view_citation&hl=en&user=-2OhI8YAAAAJ&cstart=200&pagesize=100&citation_for_view=-2OhI8YAAAAJ:l7iSsH4_Im4C",142,11,5126,5134,87,29.00,11,8,3,"","",""
87,"D Wakerley, S Lamaison, J Wicks, A Clemens, J Feaster, D Corral, ...","Gas diffusion electrodes, reactor designs and key metrics of low-temperature CO2 electrolysers",2022,"Nature Energy","","","https://scholar.google.com/scholar?oi=bibs&hl=en&cites=11683206126727518983",298,"2023-03-01 18:29:43","Journal article","","","https://scholar.google.com/citations?view_op=view_citation&hl=en&user=-2OhI8YAAAAJ&cstart=200&pagesize=100&citation_for_view=-2OhI8YAAAAJ:EGhj4itiAA0C",7,2,130,143,87,87.00,12,7,1,"","",""
86,"EJD Klem, DD MacNeil, L Levina, EH Sargent","Solution processed photovoltaic devices with 2% infrared monochromatic power conversion efficiency: performance optimization and oxide formation",2008,"Advanced Materials","","","https://scholar.google.com/scholar?oi=bibs&hl=en&cites=3710872270215752850",300,"2023-03-01 18:29:43","Journal article","","","https://scholar.google.com/citations?view_op=view_citation&hl=en&user=-2OhI8YAAAAJ&cstart=200&pagesize=100&citation_for_view=-2OhI8YAAAAJ:u9iWguZQMMsC",20,18,3433,3439,86,5.73,22,4,15,"","",""
85,"H Wang, X Gong, D Zhao, YB Zhao, S Wang, J Zhang, L Kong, B Wei, ...","A multi-functional molecular modifier enabling efficient large-area perovskite light-emitting diodes",2020,"Joule","","","https://scholar.google.com/scholar?oi=bibs&hl=en&cites=9313539579301210142",302,"2023-03-01 18:29:43","Journal article","","","https://scholar.google.com/citations?view_op=view_citation&hl=en&user=-2OhI8YAAAAJ&cstart=300&pagesize=100&citation_for_view=-2OhI8YAAAAJ:BKYZGPsuSFYC",4,9,1977,1987,85,28.33,9,9,3,"","",""
85,"H Yan, JG Manion, M Yuan, FP García de Arquer, GR McKeown, ...","Increasing polymer solar cell fill factor by trap‐filling with F4‐TCNQ at parts per thousand concentration",2016,"Advanced Materials","","","https://scholar.google.com/scholar?oi=bibs&hl=en&cites=13626096644211833552",303,"2023-03-01 18:29:43","Journal article","","","https://scholar.google.com/citations?view_op=view_citation&hl=en&user=-2OhI8YAAAAJ&cstart=300&pagesize=100&citation_for_view=-2OhI8YAAAAJ:a3BOlSfXSfwC",28,30,6491,6496,85,12.14,14,6,7,"","",""
85,"L Kuang, Q Chen, EH Sargent, ZY Wang","[60] Fullerene-containing polyurethane films with large ultrafast nonresonant third-order nonlinearity at telecommunication wavelengths",2003,"Journal of the American Chemical Society","","","https://scholar.google.com/scholar?oi=bibs&hl=en&cites=5758607848048029399",304,"2023-03-01 18:29:43","Journal article","","","https://scholar.google.com/citations?view_op=view_citation&hl=en&user=-2OhI8YAAAAJ&cstart=300&pagesize=100&citation_for_view=-2OhI8YAAAAJ:pqnbT2bcN3wC",125,45,13648,13649,85,4.25,21,4,20,"","",""
85,"Y Wen, P Chen, L Wang, S Li, Z Wang, J Abed, X Mao, Y Min, CT Dinh, ...","Stabilizing highly active Ru sites by suppressing lattice oxygen participation in acidic water oxidation",2021,"Journal of the American Chemical Society","","","https://scholar.google.com/scholar?oi=bibs&hl=en&cites=11330554018389493733",301,"2023-03-01 18:29:43","Journal article","","","https://scholar.google.com/citations?view_op=view_citation&hl=en&user=-2OhI8YAAAAJ&cstart=300&pagesize=100&citation_for_view=-2OhI8YAAAAJ:KVXOKlNwS8oC",143,17,6482,6490,85,42.50,9,10,2,"","",""
84,"SM Thon, AH Ip, O Voznyy, L Levina, KW Kemp, GH Carey, S Masala, ...","Role of bond adaptability in the passivation of colloidal quantum dot solids",2013,"ACS nano","","","https://scholar.google.com/scholar?oi=bibs&hl=en&cites=16753448733616467416",306,"2023-03-01 18:29:43","Journal article","","","https://scholar.google.com/citations?view_op=view_citation&hl=en&user=-2OhI8YAAAAJ&cstart=300&pagesize=100&citation_for_view=-2OhI8YAAAAJ:5Ul4iDaHHb8C",7,9,7680,7688,84,8.40,11,8,10,"","",""
84,"W Zhou, Y Shang, FP García de Arquer, K Xu, R Wang, S Luo, X Xiao, ...","Solution-processed upconversion photodetectors based on quantum dots",2020,"Nature Electronics","","","https://scholar.google.com/scholar?oi=bibs&hl=en&cites=1029466046497059109",305,"2023-03-01 18:29:43","Journal article","","","https://scholar.google.com/citations?view_op=view_citation&hl=en&user=-2OhI8YAAAAJ&cstart=300&pagesize=100&citation_for_view=-2OhI8YAAAAJ:qQc65DSaYXMC",3,5,251,258,84,28.00,11,8,3,"","",""
83,"B Sun, O Voznyy, H Tan, P Stadler, M Liu, G Walters, AH Proppe, M Liu, ...","Pseudohalide‐exchanged quantum dot solids achieve record quantum efficiency in infrared photovoltaics",2017,"Advanced Materials","","","https://scholar.google.com/scholar?oi=bibs&hl=en&cites=12479474920091427124",308,"2023-03-01 18:29:43","Journal article","","","https://scholar.google.com/citations?view_op=view_citation&hl=en&user=-2OhI8YAAAAJ&cstart=300&pagesize=100&citation_for_view=-2OhI8YAAAAJ:N4u4nq0IxgcC",29,27,1700749,1700749,83,13.83,9,9,6,"","",""
83,"E Vasilyeva, B Lam, Z Fang, MD Minden, EH Sargent, SO Kelley","Direct genetic analysis of ten cancer cells: tuning sensor structure and molecular probe design for efficient mRNA capture",2011,"Angewandte Chemie International Edition","","","https://scholar.google.com/scholar?oi=bibs&hl=en&cites=11095557202253714054",309,"2023-03-01 18:29:43","Journal article","","","https://scholar.google.com/citations?view_op=view_citation&hl=en&user=-2OhI8YAAAAJ&cstart=300&pagesize=100&citation_for_view=-2OhI8YAAAAJ:Tiz5es2fbqcC",50,18,4137,4141,83,6.92,14,6,12,"","",""
83,"MI Saidaminov, I Spanopoulos, J Abed, W Ke, J Wicks, MG Kanatzidis, ...","Conventional solvent oxidizes Sn (II) in perovskite inks",2020,"ACS Energy Letters","","","https://scholar.google.com/scholar?oi=bibs&hl=en&cites=1186820350783594227",307,"2023-03-01 18:29:43","Journal article","","","https://scholar.google.com/citations?view_op=view_citation&hl=en&user=-2OhI8YAAAAJ&cstart=300&pagesize=100&citation_for_view=-2OhI8YAAAAJ:uGrg30pLAbkC",5,4,1153,1155,83,27.67,12,7,3,"","",""
83,"N Ma, EH Sargent, SO Kelley","Biotemplated nanostructures: directed assembly of electronic and optical materials using nanoscale complementarity",2008,"Journal of Materials Chemistry","","","https://scholar.google.com/scholar?oi=bibs&hl=en&cites=5234847293359448434",310,"2023-03-01 18:29:43","Journal article","","","https://scholar.google.com/citations?view_op=view_citation&hl=en&user=-2OhI8YAAAAJ&cstart=300&pagesize=100&citation_for_view=-2OhI8YAAAAJ:EUQCXRtRnyEC",18,9,954,964,83,5.53,28,3,15,"","",""
82,"B Lam, Z Fang, EH Sargent, SO Kelley","Polymerase chain reaction-free, sample-to-answer bacterial detection in 30 minutes with integrated cell lysis",2012,"Analytical chemistry","","","https://scholar.google.com/scholar?oi=bibs&hl=en&cites=807607150961481982",312,"2023-03-01 18:29:43","Journal article","","","https://scholar.google.com/citations?view_op=view_citation&hl=en&user=-2OhI8YAAAAJ&cstart=300&pagesize=100&citation_for_view=-2OhI8YAAAAJ:XiSMed-E-HIC",84,1,21,25,82,7.45,21,4,11,"","",""
82,"MI Saidaminov, K Williams, M Wei, A Johnston, R Quintero-Bermudez, ...","Multi-cation perovskites prevent carrier reflection from grain surfaces",2020,"Nature materials","","","https://scholar.google.com/scholar?oi=bibs&hl=en&cites=7834478651845502933",311,"2023-03-01 18:29:43","Journal article","","","https://scholar.google.com/citations?view_op=view_citation&hl=en&user=-2OhI8YAAAAJ&cstart=300&pagesize=100&citation_for_view=-2OhI8YAAAAJ:RZBefGmQYygC",19,4,412,418,82,27.33,14,6,3,"","",""
81,"A Ozden, F Li, FP Garcı́a de Arquer, A Rosas-Hernández, A Thevenon, ...","High-rate and efficient ethylene electrosynthesis using a catalyst/promoter/transport layer",2020,"ACS Energy Letters","","","https://scholar.google.com/scholar?oi=bibs&hl=en&cites=16961743953308472640",313,"2023-03-01 18:29:43","Journal article","","","https://scholar.google.com/citations?view_op=view_citation&hl=en&user=-2OhI8YAAAAJ&cstart=300&pagesize=100&citation_for_view=-2OhI8YAAAAJ:Z7R3Ocg27JUC",5,9,2811,2818,81,27.00,14,6,3,"","",""
81,"M Poudineh, M Labib, S Ahmed, LNM Nguyen, L Kermanshah, ...","Profiling functional and biochemical phenotypes of circulating tumor cells using a two‐dimensional sorting device",2017,"Angewandte Chemie International Edition","","","https://scholar.google.com/scholar?oi=bibs&hl=en&cites=14675131855151821062",314,"2023-03-01 18:29:43","Journal article","","","https://scholar.google.com/citations?view_op=view_citation&hl=en&user=-2OhI8YAAAAJ&cstart=300&pagesize=100&citation_for_view=-2OhI8YAAAAJ:jtI9f0ekYq0C",56,1,163,168,81,13.50,14,6,6,"","",""
80,"J Tang, G Konstantatos, S Hinds, S Myrskog, AG Pattantyus-Abraham, ...","Heavy-metal-free solution-processed nanoparticle-based photodetectors: Doping of intrinsic vacancies enables engineering of sensitivity and speed",2009,"Acs Nano","","","https://scholar.google.com/scholar?oi=bibs&hl=en&cites=17948574335774287706",317,"2023-03-01 18:29:43","Journal article","","","https://scholar.google.com/citations?view_op=view_citation&hl=en&user=-2OhI8YAAAAJ&cstart=300&pagesize=100&citation_for_view=-2OhI8YAAAAJ:1sJd4Hv_s6UC",3,2,331,338,80,5.71,13,6,14,"","",""
80,"JY Kim, V Adinolfi, BR Sutherland, O Voznyy, SJ Kwon, TW Kim, J Kim, ...","Single-step fabrication of quantum funnels via centrifugal colloidal casting of nanoparticle films",2015,"Nature communications","","","https://scholar.google.com/scholar?oi=bibs&hl=en&cites=13107099741042402634",316,"2023-03-01 18:29:43","Journal article","","","https://scholar.google.com/citations?view_op=view_citation&hl=en&user=-2OhI8YAAAAJ&cstart=300&pagesize=100&citation_for_view=-2OhI8YAAAAJ:S16KYo8Pm5AC",6,1,7772,7772,80,10.00,10,8,8,"","",""
80,"M Allard, EH Sargent, PC Lewis, E Kumacheva","Colloidal crystals grown on patterned surfaces",2004,"Advanced Materials","","","https://scholar.google.com/scholar?oi=bibs&hl=en&cites=3292010856271744806",318,"2023-03-01 18:29:43","Journal article","","","https://scholar.google.com/citations?view_op=view_citation&hl=en&user=-2OhI8YAAAAJ&cstart=300&pagesize=100&citation_for_view=-2OhI8YAAAAJ:dfsIfKJdRG4C",16,15,1360,1364,80,4.21,20,4,19,"","",""
80,"M Wang, MA Khan, I Mohsin, J Wicks, AH Ip, KZ Sumon, CT Dinh, ...","Can sustainable ammonia synthesis pathways compete with fossil-fuel based Haber–Bosch processes?",2021,"Energy &Environmental Science","","","https://scholar.google.com/scholar?oi=bibs&hl=en&cites=13558343515122163932",315,"2023-03-01 18:29:43","Journal article","","","https://scholar.google.com/citations?view_op=view_citation&hl=en&user=-2OhI8YAAAAJ&cstart=300&pagesize=100&citation_for_view=-2OhI8YAAAAJ:ipSP0SfFaZ8C",14,5,2535,2548,80,40.00,10,8,2,"","",""
79,"CP O’Brien, RK Miao, S Liu, Y Xu, G Lee, A Robb, JE Huang, K Xie, ...","Single Pass CO2 Conversion Exceeding 85% in the Electrosynthesis of Multicarbon Products via Local CO2 Regeneration",2021,"ACS Energy Letters","","","https://scholar.google.com/scholar?oi=bibs&hl=en&cites=13355775885134493123",319,"2023-03-01 18:29:43","Journal article","","","https://scholar.google.com/citations?view_op=view_citation&hl=en&user=-2OhI8YAAAAJ&cstart=300&pagesize=100&citation_for_view=-2OhI8YAAAAJ:U_h31ocWZrQC",6,8,2952,2959,79,39.50,9,9,2,"","",""
79,"DH Nam, O Shekhah, G Lee, A Mallick, H Jiang, F Li, B Chen, J Wicks, ...","Intermediate Binding Control Using Metal–Organic Frameworks Enhances Electrochemical CO2 Reduction",2020,"Journal of the American Chemical Society","","","https://scholar.google.com/scholar?oi=bibs&hl=en&cites=13821061057240862899",320,"2023-03-01 18:29:43","Journal article","","","https://scholar.google.com/citations?view_op=view_citation&hl=en&user=-2OhI8YAAAAJ&cstart=300&pagesize=100&citation_for_view=-2OhI8YAAAAJ:1Lk_dUza_R0C",142,51,21513,21521,79,26.33,9,9,3,"","",""
79,"J Zhang, N Coombs, E Kumacheva, Y Lin, EH Sargent","A new approach to hybrid polymer–metal and polymer–semiconductor particles",2002,"Advanced Materials","","","https://scholar.google.com/scholar?oi=bibs&hl=en&cites=10926101556989900136",321,"2023-03-01 18:29:43","Journal article","","","https://scholar.google.com/citations?view_op=view_citation&hl=en&user=-2OhI8YAAAAJ&cstart=300&pagesize=100&citation_for_view=-2OhI8YAAAAJ:3s1wT3WcHBgC",14,23,1756,1759,79,3.76,16,5,21,"","",""
78,"A Ozden, Y Wang, F Li, M Luo, J Sisler, A Thevenon, A Rosas-Hernández, ...","Cascade CO2 electroreduction enables efficient carbonate-free production of ethylene",2021,"Joule","","","https://scholar.google.com/scholar?oi=bibs&hl=en&cites=14471860546905343973",322,"2023-03-01 18:29:43","Journal article","","","https://scholar.google.com/citations?view_op=view_citation&hl=en&user=-2OhI8YAAAAJ&cstart=300&pagesize=100&citation_for_view=-2OhI8YAAAAJ:5-bGDoUgDrYC",5,3,706,719,78,39.00,10,8,2,"","",""
78,"I Mora-Sero, L Bertoluzzi, V Gonzalez-Pedro, S Gimenez, ...","Selective contacts drive charge extraction in quantum dot solids via asymmetry in carrier transfer kinetics",2013,"Nature communications","","","https://scholar.google.com/scholar?oi=bibs&hl=en&cites=7629859733125461186",323,"2023-03-01 18:29:43","Journal article","","","https://scholar.google.com/citations?view_op=view_citation&hl=en&user=-2OhI8YAAAAJ&cstart=300&pagesize=100&citation_for_view=-2OhI8YAAAAJ:4fKUyHm3Qg0C",4,1,2272,2272,78,7.80,16,5,10,"","",""
78,"LA Padilha, G Nootz, PD Olszak, S Webster, DJ Hagan, EW Van Stryland, ...","Optimization of band structure and quantum-size-effect tuning for two-photon absorption enhancement in quantum dots",2011,"Nano letters","","","https://scholar.google.com/scholar?oi=bibs&hl=en&cites=16046155942118595740",324,"2023-03-01 18:29:43","Journal article","","","https://scholar.google.com/citations?view_op=view_citation&hl=en&user=-2OhI8YAAAAJ&cstart=300&pagesize=100&citation_for_view=-2OhI8YAAAAJ:5ugPr518TE4C",11,3,1227,1231,78,6.50,11,7,12,"","",""
77,"H Liu, D Zhitomirsky, S Hoogland, J Tang, IJ Kramer, Z Ning, EH Sargent","Systematic optimization of quantum junction colloidal quantum dot solar cells",2012,"Applied Physics Letters","","","https://scholar.google.com/scholar?oi=bibs&hl=en&cites=2924278027106847231",326,"2023-03-01 18:29:43","Journal article","","","https://scholar.google.com/citations?view_op=view_citation&hl=en&user=-2OhI8YAAAAJ&cstart=300&pagesize=100&citation_for_view=-2OhI8YAAAAJ:fQNAKQ3IYiAC",101,15,151112,151112,77,7.00,11,7,11,"","",""
77,"V Adinolfi, IJ Kramer, AJ Labelle, BR Sutherland, S Hoogland, EH Sargent","Photojunction field-effect transistor based on a colloidal quantum dot absorber channel layer",2015,"ACS nano","","","https://scholar.google.com/scholar?oi=bibs&hl=en&cites=14037361103656203508",325,"2023-03-01 18:29:43","Journal article","","","https://scholar.google.com/citations?view_op=view_citation&hl=en&user=-2OhI8YAAAAJ&cstart=300&pagesize=100&citation_for_view=-2OhI8YAAAAJ:BUYA1_V_uYcC",9,1,356,362,77,9.63,13,6,8,"","",""
76,"A Stok, EH Sargent","System performance comparison of optical CDMA and WDMA in a broadcast local area network",2002,"IEEE Communications Letters","","","https://scholar.google.com/scholar?oi=bibs&hl=en&cites=18292154764614706774",329,"2023-03-01 18:29:43","Journal article","","","https://scholar.google.com/citations?view_op=view_citation&hl=en&user=-2OhI8YAAAAJ&cstart=300&pagesize=100&citation_for_view=-2OhI8YAAAAJ:bFI3QPDXJZMC",6,9,409,411,76,3.62,38,2,21,"","",""
76,"N Wang, RK Miao, G Lee, A Vomiero, D Sinton, AH Ip, H Liang, ...","Suppressing the liquid product crossover in electrochemical CO2 reduction",2021,"SmartMat","","","https://scholar.google.com/scholar?oi=bibs&hl=en&cites=8950470448009227840",327,"2023-03-01 18:29:43","Journal article","","","https://scholar.google.com/citations?view_op=view_citation&hl=en&user=-2OhI8YAAAAJ&cstart=300&pagesize=100&citation_for_view=-2OhI8YAAAAJ:oMtqKo3K3HAC",2,1,12,16,76,38.00,10,8,2,"","",""
76,"Y Xu, JP Edwards, J Zhong, CP O’Brien, CM Gabardo, C McCallum, J Li, ...","Oxygen-tolerant electroproduction of C 2 products from simulated flue gas",2020,"Energy &Environmental Science","","","https://scholar.google.com/scholar?oi=bibs&hl=en&cites=3091957071453429686",328,"2023-03-01 18:29:43","Journal article","","","https://scholar.google.com/citations?view_op=view_citation&hl=en&user=-2OhI8YAAAAJ&cstart=300&pagesize=100&citation_for_view=-2OhI8YAAAAJ:URGbnSt0D2cC",13,2,554,561,76,25.33,10,8,3,"","",""
75,"G Lee, YC Li, JY Kim, T Peng, DH Nam, A Sedighian Rasouli, F Li, M Luo, ...","Electrochemical upgrade of CO2 from amine capture solution",2021,"Nature Energy","","","https://scholar.google.com/scholar?oi=bibs&hl=en&cites=17015647325685509621",330,"2023-03-01 18:29:43","Journal article","","","https://scholar.google.com/citations?view_op=view_citation&hl=en&user=-2OhI8YAAAAJ&cstart=300&pagesize=100&citation_for_view=-2OhI8YAAAAJ:0uG9q0SNyf4C",6,1,46,53,75,37.50,8,9,2,"","",""
75,"IJ Kramer, G Moreno-Bautista, JC Minor, D Kopilovic, EH Sargent","Colloidal quantum dot solar cells on curved and flexible substrates",2014,"Applied Physics Letters","","","https://scholar.google.com/scholar?oi=bibs&hl=en&cites=3610482551626197398",333,"2023-03-01 18:29:43","Journal article","","","https://scholar.google.com/citations?view_op=view_citation&hl=en&user=-2OhI8YAAAAJ&cstart=300&pagesize=100&citation_for_view=-2OhI8YAAAAJ:kzcrU_BdoSEC",105,16,163902,163902,75,8.33,15,5,9,"","",""
75,"JW Jo, Y Kim, J Choi, FPG de Arquer, G Walters, B Sun, O Ouellette, J Kim, ...","Enhanced Open‐Circuit Voltage in Colloidal Quantum Dot Photovoltaics via Reactivity‐Controlled Solution‐Phase Ligand Exchange",2017,"Advanced Materials","","","https://scholar.google.com/scholar?oi=bibs&hl=en&cites=12729959904572892252,12092669553868685450",332,"2023-03-01 18:29:43","Journal article","","","https://scholar.google.com/citations?view_op=view_citation&hl=en&user=-2OhI8YAAAAJ&cstart=300&pagesize=100&citation_for_view=-2OhI8YAAAAJ:ndLnGcHYRF0C",29,43,1703627,1703627,75,12.50,8,9,6,"","",""
75,"Y Kim, F Che, JW Jo, J Choi, FP García de Arquer, O Voznyy, B Sun, ...","A Facet‐Specific Quantum Dot Passivation Strategy for Colloid Management and Efficient Infrared Photovoltaics",2019,"Advanced Materials","","","https://scholar.google.com/scholar?oi=bibs&hl=en&cites=18343410582250533222",331,"2023-03-01 18:29:43","Journal article","","","https://scholar.google.com/citations?view_op=view_citation&hl=en&user=-2OhI8YAAAAJ&cstart=300&pagesize=100&citation_for_view=-2OhI8YAAAAJ:Dmoar05iI2YC",31,17,1805580,1805580,75,18.75,9,8,4,"","",""
73,"YK Wang, D Ma, F Yuan, K Singh, JM Pina, A Johnston, Y Dong, C Zhou, ...","Chelating-agent-assisted control of CsPbBr3 quantum well growth enables stable blue perovskite emitters",2020,"Nature communications","","","https://scholar.google.com/scholar?oi=bibs&hl=en&cites=9483452412384280811",334,"2023-03-01 18:29:43","Journal article","","","https://scholar.google.com/citations?view_op=view_citation&hl=en&user=-2OhI8YAAAAJ&cstart=300&pagesize=100&citation_for_view=-2OhI8YAAAAJ:ddB7do2jUx8C",11,1,3674,3674,73,24.33,8,9,3,"","",""
72,"E Istrate, AA Green, EH Sargent","Behavior of light at photonic crystal interfaces",2005,"Physical Review B","","","https://scholar.google.com/scholar?oi=bibs&hl=en&cites=3646309941616163674",335,"2023-03-01 18:29:43","Journal article","","","https://scholar.google.com/citations?view_op=view_citation&hl=en&user=-2OhI8YAAAAJ&cstart=300&pagesize=100&citation_for_view=-2OhI8YAAAAJ:abG-DnoFyZgC",71,19,195122,195122,72,4.00,24,3,18,"","",""
70,"I Dursun, Y Zheng, T Guo, M De Bastiani, B Turedi, L Sinatra, MA Haque, ...","Efficient photon recycling and radiation trapping in cesium lead halide perovskite waveguides",2018,"ACS Energy Letters","","","https://scholar.google.com/scholar?oi=bibs&hl=en&cites=15788726154111730570",337,"2023-03-01 18:29:43","Journal article","","","https://scholar.google.com/citations?view_op=view_citation&hl=en&user=-2OhI8YAAAAJ&cstart=300&pagesize=100&citation_for_view=-2OhI8YAAAAJ:M0j1y4EgrScC",3,7,1492,1498,70,14.00,9,8,5,"","",""
70,"J Kirman, A Johnston, DA Kuntz, M Askerka, Y Gao, P Todorović, D Ma, ...","Machine-learning-accelerated perovskite crystallization",2020,"Matter","","","https://scholar.google.com/scholar?oi=bibs&hl=en&cites=10247944928219754627",336,"2023-03-01 18:29:43","Journal article","","","https://scholar.google.com/citations?view_op=view_citation&hl=en&user=-2OhI8YAAAAJ&cstart=300&pagesize=100&citation_for_view=-2OhI8YAAAAJ:KPAPMsW7zc0C",2,4,938,947,70,23.33,9,8,3,"","",""
70,"L Bakueva, G Konstantatos, L Levina, S Musikhin, EH Sargent","Luminescence from processible quantum dot-polymer light emitters 1100–1600 nm: Tailoring spectral width and shape",2004,"Applied physics letters","","","https://scholar.google.com/scholar?oi=bibs&hl=en&cites=3590524127205024871",338,"2023-03-01 18:29:43","Journal article","","","https://scholar.google.com/citations?view_op=view_citation&hl=en&user=-2OhI8YAAAAJ&cstart=300&pagesize=100&citation_for_view=-2OhI8YAAAAJ:UxriW0iASnsC",84,18,3459,3461,70,3.68,14,5,19,"","",""
70,"Q Chen, L Kuang, EH Sargent, ZY Wang","Ultrafast nonresonant third-order optical nonlinearity of fullerene-containing polyurethane films at telecommunication wavelengths",2003,"Applied Physics Letters","","","https://scholar.google.com/scholar?oi=bibs&hl=en&cites=16962504058937672091",339,"2023-03-01 18:29:43","Journal article","","","https://scholar.google.com/citations?view_op=view_citation&hl=en&user=-2OhI8YAAAAJ&cstart=300&pagesize=100&citation_for_view=-2OhI8YAAAAJ:b0M2c_1WBrUC",83,11,2115,2117,70,3.50,18,4,20,"","",""
69,"G Yilmaz, FL Meng, W Lu, J Abed, CKN Peh, M Gao, EH Sargent, GW Ho","Autonomous atmospheric water seeping MOF matrix",2020,"Science advances 6 (42), eabc","","","https://scholar.google.com/scholar?oi=bibs&hl=en&cites=13189011558182524365",340,"2023-03-01 18:29:43","Journal article","","","https://scholar.google.com/citations?view_op=view_citation&hl=en&user=-2OhI8YAAAAJ&cstart=300&pagesize=100&citation_for_view=-2OhI8YAAAAJ:b2kfBsK7yCQC",8605,,,,69,23.00,9,8,3,"","",""
69,"GH Kim, B Walker, HB Kim, JY Kim, EH Sargent, J Park, JY Kim","Inverted colloidal quantum dot solar cells",2014,"Advanced Materials","","","https://scholar.google.com/scholar?oi=bibs&hl=en&cites=1795889928727481799",341,"2023-03-01 18:29:43","Journal article","","","https://scholar.google.com/citations?view_op=view_citation&hl=en&user=-2OhI8YAAAAJ&cstart=300&pagesize=100&citation_for_view=-2OhI8YAAAAJ:D_sINldO8mEC",26,20,3321,3327,69,7.67,10,7,9,"","",""
68,"D Pelinovsky, J Sears, L Brzozowski, EH Sargent","Stable all-optical limiting in nonlinear periodic structures. I. Analysis",2002,"JOSA B","","","https://scholar.google.com/scholar?oi=bibs&hl=en&cites=16424541208548264751",348,"2023-03-01 18:29:43","Journal article","","","https://scholar.google.com/citations?view_op=view_citation&hl=en&user=-2OhI8YAAAAJ&cstart=300&pagesize=100&citation_for_view=-2OhI8YAAAAJ:xtRiw3GOFMkC",19,1,43,53,68,3.24,17,4,21,"","",""
68,"IC Ivanov, EH Sargent, H Tian","Materials, fabrication equipment, and methods for stable, sensitive photodetectors and image sensors made therefrom",2012,"US Patent 8,203,195","","","https://scholar.google.com/scholar?oi=bibs&hl=en&cites=8435608428309388757,13526110146205444963,3449502495715263319",346,"2023-03-01 18:29:43","Patent","","","https://scholar.google.com/citations?view_op=view_citation&hl=en&user=-2OhI8YAAAAJ&cstart=300&pagesize=100&citation_for_view=-2OhI8YAAAAJ:-FonjvnnhkoC",,,,,68,6.18,23,3,11,"","",""
68,"J Sisler, S Khan, AH Ip, MW Schreiber, SA Jaffer, ER Bobicki, CT Dinh, ...","Ethylene Electrosynthesis: A Comparative Techno-economic Analysis of Alkaline vs Membrane Electrode Assembly vs CO2–CO–C2H4 Tandems",2021,"ACS Energy Letters","","","https://scholar.google.com/scholar?oi=bibs&hl=en&cites=17203009494230064585",342,"2023-03-01 18:29:43","Journal article","","","https://scholar.google.com/citations?view_op=view_citation&hl=en&user=-2OhI8YAAAAJ&cstart=300&pagesize=100&citation_for_view=-2OhI8YAAAAJ:UFuRdyijzaAC",6,3,997,1002,68,34.00,9,8,2,"","",""
68,"J Yang, L Levina, EH Sargent, SO Kelley","Heterogeneous deposition of noble metals on semiconductor nanoparticles in organic or aqueous solvents",2006,"Journal of Materials Chemistry","","","https://scholar.google.com/scholar?oi=bibs&hl=en&cites=15226323156238433862",347,"2023-03-01 18:29:43","Journal article","","","https://scholar.google.com/citations?view_op=view_citation&hl=en&user=-2OhI8YAAAAJ&cstart=300&pagesize=100&citation_for_view=-2OhI8YAAAAJ:dshw04ExmUIC",16,41,4025,4028,68,4.00,17,4,17,"","",""
68,"K Katsiev, AH Ip, A Fischer, I Tanabe, X Zhang, AR Kirmani, O Voznyy, ...","The complete in‐gap electronic structure of colloidal quantum dot solids and its correlation with electronic transport and photovoltaic performance",2014,"Advanced Materials","","","https://scholar.google.com/scholar?oi=bibs&hl=en&cites=5029604142097589217",345,"2023-03-01 18:29:43","Journal article","","","https://scholar.google.com/citations?view_op=view_citation&hl=en&user=-2OhI8YAAAAJ&cstart=300&pagesize=100&citation_for_view=-2OhI8YAAAAJ:PR6Y55bgFSsC",26,6,937,942,68,7.56,9,8,9,"","",""
68,"M Abdinejad, A Seifitokaldani, C Dao, EH Sargent, X Zhang, HB Kraatz","Enhanced Electrochemical Reduction of CO2 Catalyzed by Cobalt and Iron Amino Porphyrin Complexes",2019,"ACS Applied Energy Materials","","","https://scholar.google.com/scholar?oi=bibs&hl=en&cites=16144009254670391398",343,"2023-03-01 18:29:43","Journal article","","","https://scholar.google.com/citations?view_op=view_citation&hl=en&user=-2OhI8YAAAAJ&cstart=300&pagesize=100&citation_for_view=-2OhI8YAAAAJ:onKP9CxGSkIC",2,2,1330,1335,68,17.00,11,6,4,"","",""
68,"Z Yang, O Voznyy, M Liu, M Yuan, AH Ip, OS Ahmed, L Levina, S Kinge, ...","All-quantum-dot infrared light-emitting diodes",2015,"ACS nano","","","https://scholar.google.com/scholar?oi=bibs&hl=en&cites=9549269683953206552",344,"2023-03-01 18:29:43","Journal article","","","https://scholar.google.com/citations?view_op=view_citation&hl=en&user=-2OhI8YAAAAJ&cstart=300&pagesize=100&citation_for_view=-2OhI8YAAAAJ:M7yex6snE4oC",9,12,12327,12333,68,8.50,8,9,8,"","",""
67,"E Sargent, G Konstantatos, L Levina, I Howard, EJD Klem, J Clifford","Methods of making quantum dot films",2010,"US Patent 7,746,681","","","https://scholar.google.com/scholar?oi=bibs&hl=en&cites=4470371676938964079",351,"2023-03-01 18:29:43","Patent","","","https://scholar.google.com/citations?view_op=view_citation&hl=en&user=-2OhI8YAAAAJ&cstart=300&pagesize=100&citation_for_view=-2OhI8YAAAAJ:Dip1O2bNi0gC",,,,,67,5.15,11,6,13,"","",""
67,"I Grigioni, LK Sagar, YC Li, G Lee, Y Yan, K Bertens, RK Miao, X Wang, ...","CO2 Electroreduction to Formate at a Partial Current Density of 930 mA cm–2 with InP Colloidal Quantum Dot Derived Catalysts",2020,"ACS Energy Letters","","","https://scholar.google.com/scholar?oi=bibs&hl=en&cites=855346718735390548",349,"2023-03-01 18:29:43","Journal article","","","https://scholar.google.com/citations?view_op=view_citation&hl=en&user=-2OhI8YAAAAJ&cstart=300&pagesize=100&citation_for_view=-2OhI8YAAAAJ:hXkWDDAEazwC",6,1,79,84,67,22.33,7,9,3,"","",""
67,"M Yuan, D Zhitomirsky, V Adinolfi, O Voznyy, KW Kemp, Z Ning, X Lan, ...","Doping control via molecularly engineered surface ligand coordination",2013,"Advanced Materials","","","https://scholar.google.com/scholar?oi=bibs&hl=en&cites=16108881788537113230",350,"2023-03-01 18:29:43","Journal article","","","https://scholar.google.com/citations?view_op=view_citation&hl=en&user=-2OhI8YAAAAJ&cstart=300&pagesize=100&citation_for_view=-2OhI8YAAAAJ:eMMeJKvmdy0C",25,39,5586,5592,67,6.70,8,8,10,"","",""
66,"J Kim, O Ouellette, O Voznyy, M Wei, J Choi, MJ Choi, JW Jo, SW Baek, ...","Butylamine‐Catalyzed Synthesis of Nanocrystal Inks Enables Efficient Infrared CQD Solar Cells",2018,"Advanced Materials","","","https://scholar.google.com/scholar?oi=bibs&hl=en&cites=7692782841269621598",353,"2023-03-01 18:29:43","Journal article","","","https://scholar.google.com/citations?view_op=view_citation&hl=en&user=-2OhI8YAAAAJ&cstart=300&pagesize=100&citation_for_view=-2OhI8YAAAAJ:TiIbgCYny7sC",30,45,1803830,1803830,66,13.20,7,9,5,"","",""
66,"Y Altintas, K Gungor, Y Gao, M Sak, U Quliyeva, G Bappi, E Mutlugun, ...","Giant alloyed hot injection shells enable ultralow optical gain threshold in colloidal quantum wells",2019,"ACS nano","","","https://scholar.google.com/scholar?oi=bibs&hl=en&cites=9470736475501851959",352,"2023-03-01 18:29:43","Journal article","","","https://scholar.google.com/citations?view_op=view_citation&hl=en&user=-2OhI8YAAAAJ&cstart=300&pagesize=100&citation_for_view=-2OhI8YAAAAJ:UY3hNwcQ290C",13,9,10662,10670,66,16.50,8,8,4,"","",""
65,"M Charbonneau-Lefort, E Istrate, M Allard, J Poon, EH Sargent","Photonic crystal heterostructures: Waveguiding phenomena and methods of solution in an envelope function picture",2002,"Physical Review B","","","https://scholar.google.com/scholar?oi=bibs&hl=en&cites=4178400499401145980",355,"2023-03-01 18:29:43","Journal article","","","https://scholar.google.com/citations?view_op=view_citation&hl=en&user=-2OhI8YAAAAJ&cstart=300&pagesize=100&citation_for_view=-2OhI8YAAAAJ:OU6Ihb5iCvQC",65,12,125318,125318,65,3.10,13,5,21,"","",""
65,"O Voznyy, L Levina, F Fan, G Walters, JZ Fan, A Kiani, AH Ip, SM Thon, ...","Origins of stokes shift in PbS nanocrystals",2017,"Nano letters","","","https://scholar.google.com/scholar?oi=bibs&hl=en&cites=7895181587950528194",354,"2023-03-01 18:29:43","Journal article","","","https://scholar.google.com/citations?view_op=view_citation&hl=en&user=-2OhI8YAAAAJ&cstart=300&pagesize=100&citation_for_view=-2OhI8YAAAAJ:as0KMg8qHbkC",17,12,7191,7195,65,10.83,7,9,6,"","",""
63,"G Nootz, LA Padilha, L Levina, V Sukhovatkin, S Webster, L Brzozowski, ...","Size dependence of carrier dynamics and carrier multiplication in PbS quantum dots",2011,"Physical Review B","","","https://scholar.google.com/scholar?oi=bibs&hl=en&cites=16603729599272524777",360,"2023-03-01 18:29:43","Journal article","","","https://scholar.google.com/citations?view_op=view_citation&hl=en&user=-2OhI8YAAAAJ&cstart=300&pagesize=100&citation_for_view=-2OhI8YAAAAJ:bnK-pcrLprsC",83,15,155302,155302,63,5.25,9,7,12,"","",""
63,"H Tian, E Sargent","Materials, systems and methods for optoelectronic devices",2013,"US Patent 8,482,093","","","https://scholar.google.com/scholar?oi=bibs&hl=en&cites=5322049814635823140",359,"2023-03-01 18:29:43","Patent","","","https://scholar.google.com/citations?view_op=view_citation&hl=en&user=-2OhI8YAAAAJ&cstart=300&pagesize=100&citation_for_view=-2OhI8YAAAAJ:NZNkWSpQBv0C",,,,,63,6.30,32,2,10,"","",""
63,"HM Jafari, K Abdelhalim, L Soleymani, EH Sargent, SO Kelley, R Genov","Nanostructured CMOS wireless ultra-wideband label-free PCR-free DNA analysis SoC",2014,"IEEE Journal of Solid-State Circuits","","","https://scholar.google.com/scholar?oi=bibs&hl=en&cites=13696659872271718384",358,"2023-03-01 18:29:43","Journal article","","","https://scholar.google.com/citations?view_op=view_citation&hl=en&user=-2OhI8YAAAAJ&cstart=300&pagesize=100&citation_for_view=-2OhI8YAAAAJ:KUbvn5osdkgC",49,5,1223,1241,63,7.00,11,6,9,"","",""
63,"M Labib, RM Mohamadi, M Poudineh, SU Ahmed, I Ivanov, CL Huang, ...","Single-cell mRNA cytometry via sequence-specific nanoparticle clustering and trapping",2018,"Nature chemistry","","","https://scholar.google.com/scholar?oi=bibs&hl=en&cites=15359189503897333436",357,"2023-03-01 18:29:43","Journal article","","","https://scholar.google.com/citations?view_op=view_citation&hl=en&user=-2OhI8YAAAAJ&cstart=300&pagesize=100&citation_for_view=-2OhI8YAAAAJ:3MwzVuqRcA0C",10,5,489,495,63,12.60,9,7,5,"","",""
63,"Y Lum, JE Huang, Z Wang, M Luo, DH Nam, WR Leow, B Chen, J Wicks, ...","Tuning OH binding energy enables selective electrochemical oxidation of ethylene to ethylene glycol",2020,"Nature Catalysis","","","https://scholar.google.com/scholar?oi=bibs&hl=en&cites=4792734916468359956",356,"2023-03-01 18:29:43","Journal article","","","https://scholar.google.com/citations?view_op=view_citation&hl=en&user=-2OhI8YAAAAJ&cstart=300&pagesize=100&citation_for_view=-2OhI8YAAAAJ:mnAcAzq93VMC",3,1,14,22,63,21.00,7,9,3,"","",""
62,"AH Proppe, MH Elkins, O Voznyy, RD Pensack, F Zapata, LV Besteiro, ...","Spectrally resolved ultrafast exciton transfer in mixed perovskite quantum wells",2019,"The journal of physical chemistry letters","","","https://scholar.google.com/scholar?oi=bibs&hl=en&cites=16247829244715409974",361,"2023-03-01 18:29:43","Journal article","","","https://scholar.google.com/citations?view_op=view_citation&hl=en&user=-2OhI8YAAAAJ&cstart=300&pagesize=100&citation_for_view=-2OhI8YAAAAJ:9tXw7Op4-u0C",10,3,419,426,62,15.50,9,7,4,"","",""
62,"S Hinds, L Levina, EJD Klem, G Konstantatos, V Sukhovatkin, EH Sargent","Smooth‐Morphology Ultrasensitive Solution‐Processed Photodetectors",2008,"Advanced Materials","","","https://scholar.google.com/scholar?oi=bibs&hl=en&cites=12335153861910962840",362,"2023-03-01 18:29:43","Journal article","","","https://scholar.google.com/citations?view_op=view_citation&hl=en&user=-2OhI8YAAAAJ&cstart=300&pagesize=100&citation_for_view=-2OhI8YAAAAJ:q3oQSFYPqjQC",20,23,4398,4402,62,4.13,10,6,15,"","",""
61,"E Istrate, M Charbonneau-Lefort, EH Sargent","Theory of photonic crystal heterostructures",2002,"Physical Review B","","","https://scholar.google.com/scholar?oi=bibs&hl=en&cites=2778597985439051177",366,"2023-03-01 18:29:43","Journal article","","","https://scholar.google.com/citations?view_op=view_citation&hl=en&user=-2OhI8YAAAAJ&cstart=300&pagesize=100&citation_for_view=-2OhI8YAAAAJ:CHSYGLWDkRkC",66,7,75121,75121,61,2.90,20,3,21,"","",""
61,"H Tian, E Sargent","Materials, systems and methods for optoelectronic devices",2015,"US Patent 9,196,781","","","https://scholar.google.com/scholar?oi=bibs&hl=en&cites=10265286699003426205",365,"2023-03-01 18:29:43","Patent","","","https://scholar.google.com/citations?view_op=view_citation&hl=en&user=-2OhI8YAAAAJ&cstart=300&pagesize=100&citation_for_view=-2OhI8YAAAAJ:HqhvjgTjE9cC",,,,,61,7.63,31,2,8,"","",""
61,"L Li, A Ozden, S Guo, FP Garcı́a de Arquer, C Wang, M Zhang, J Zhang, ...","Stable, active CO2 reduction to formate via redox-modulated stabilization of active sites",2021,"Nature communications","","","https://scholar.google.com/scholar?oi=bibs&hl=en&cites=11503492625129768704",363,"2023-03-01 18:29:43","Journal article","","","https://scholar.google.com/citations?view_op=view_citation&hl=en&user=-2OhI8YAAAAJ&cstart=300&pagesize=100&citation_for_view=-2OhI8YAAAAJ:cpgjJtNNFA0C",12,1,5223,5223,61,30.50,8,8,2,"","",""
61,"M Vasilopoulou, A Fakharuddin, FP García de Arquer, DG Georgiadou, ...","Advances in solution-processed near-infrared light-emitting diodes",2021,"Nature Photonics","","","https://scholar.google.com/scholar?oi=bibs&hl=en&cites=6486085621943010217",364,"2023-03-01 18:29:43","Journal article","","","https://scholar.google.com/citations?view_op=view_citation&hl=en&user=-2OhI8YAAAAJ&cstart=300&pagesize=100&citation_for_view=-2OhI8YAAAAJ:4p3FJGzxjgAC",15,9,656,669,61,30.50,12,5,2,"","",""
60,"R Debnath, MT Greiner, IJ Kramer, A Fischer, J Tang, DAR Barkhouse, ...","Depleted-heterojunction colloidal quantum dot photovoltaics employing low-cost electrical contacts",2010,"Applied Physics Letters","","","https://scholar.google.com/scholar?oi=bibs&hl=en&cites=8376650654641939080",368,"2023-03-01 18:29:43","Journal article","","","https://scholar.google.com/citations?view_op=view_citation&hl=en&user=-2OhI8YAAAAJ&cstart=300&pagesize=100&citation_for_view=-2OhI8YAAAAJ:1qzjygNMrQYC",97,2,23109,23109,60,4.62,9,7,13,"","",""
60,"Y Pang, T Burdyny, CT Dinh, MG Kibria, JZ Fan, M Liu, EH Sargent, ...","Joint tuning of nanostructured Cu-oxide morphology and local electrolyte programs high-rate CO 2 reduction to C 2 H 4",2017,"Green Chemistry","","","https://scholar.google.com/scholar?oi=bibs&hl=en&cites=3321784524135560388",367,"2023-03-01 18:29:43","Journal article","","","https://scholar.google.com/citations?view_op=view_citation&hl=en&user=-2OhI8YAAAAJ&cstart=300&pagesize=100&citation_for_view=-2OhI8YAAAAJ:9shLKfS_uJEC",19,17,4023,4030,60,10.00,8,8,6,"","",""
59,"H Tian, E Sargent","Materials, systems and methods for optoelectronic devices",2013,"US Patent 8,558,286","","","https://scholar.google.com/scholar?oi=bibs&hl=en&cites=5674636734522731687",369,"2023-03-01 18:29:43","Patent","","","https://scholar.google.com/citations?view_op=view_citation&hl=en&user=-2OhI8YAAAAJ&cstart=300&pagesize=100&citation_for_view=-2OhI8YAAAAJ:B2rIPIGFPLEC",,,,,59,5.90,30,2,10,"","",""
59,"L Brzozowski, EH Sargent","Nonlinear distributed-feedback structures as passive optical limiters",2000,"JOSA B","","","https://scholar.google.com/scholar?oi=bibs&hl=en&cites=14786134019349845418",370,"2023-03-01 18:29:43","Journal article","","","https://scholar.google.com/citations?view_op=view_citation&hl=en&user=-2OhI8YAAAAJ&cstart=300&pagesize=100&citation_for_view=-2OhI8YAAAAJ:SP6oXDckpogC",17,8,1360,1365,59,2.57,30,2,23,"","",""
58,"G Walters, M Wei, O Voznyy, R Quintero-Bermudez, A Kiani, DM Smilgies, ...","The quantum-confined Stark effect in layered hybrid perovskites mediated by orientational polarizability of confined dipoles",2018,"Nature communications","","","https://scholar.google.com/scholar?oi=bibs&hl=en&cites=11263945458507952005",374,"2023-03-01 18:29:43","Journal article","","","https://scholar.google.com/citations?view_op=view_citation&hl=en&user=-2OhI8YAAAAJ&cstart=300&pagesize=100&citation_for_view=-2OhI8YAAAAJ:s1ouQE5r0WUC",9,1,4214,4214,58,11.60,8,7,5,"","",""
58,"J Das, I Ivanov, TS Safaei, EH Sargent, SO Kelley","Combinatorial Probes for High‐Throughput Electrochemical Analysis of Circulating Nucleic Acids in Clinical Samples",2018,"Angewandte Chemie","","","https://scholar.google.com/scholar?oi=bibs&hl=en&cites=9887918901631414283",375,"2023-03-01 18:29:43","Journal article","","","https://scholar.google.com/citations?view_op=view_citation&hl=en&user=-2OhI8YAAAAJ&cstart=300&pagesize=100&citation_for_view=-2OhI8YAAAAJ:Nw_I7GeUguwC",130,14,3773,3778,58,11.60,12,5,5,"","",""
58,"JZ Fan, NT Andersen, M Biondi, P Todorović, B Sun, O Ouellette, J Abed, ...","Mixed lead halide passivation of quantum dots",2019,"Advanced Materials","","","https://scholar.google.com/scholar?oi=bibs&hl=en&cites=17292564889768249022",373,"2023-03-01 18:29:43","Journal article","","","https://scholar.google.com/citations?view_op=view_citation&hl=en&user=-2OhI8YAAAAJ&cstart=300&pagesize=100&citation_for_view=-2OhI8YAAAAJ:-c_eYhz9dBkC",31,48,1904304,1904304,58,14.50,7,8,4,"","",""
58,"N Wang, Z Cao, X Zheng, B Zhang, SM Kozlov, P Chen, C Zou, X Kong, ...","Hydration‐Effect‐Promoting Ni–Fe Oxyhydroxide Catalysts for Neutral Water Oxidation",2020,"Advanced Materials","","","https://scholar.google.com/scholar?oi=bibs&hl=en&cites=6769068268533090187",372,"2023-03-01 18:29:43","Journal article","","","https://scholar.google.com/citations?view_op=view_citation&hl=en&user=-2OhI8YAAAAJ&cstart=300&pagesize=100&citation_for_view=-2OhI8YAAAAJ:ZYLUaBFA95QC",32,8,1906806,1906806,58,19.33,6,9,3,"","",""
58,"TS Safaei, RM Mohamadi, EH Sargent, SO Kelley","In situ electrochemical ELISA for specific identification of captured cancer cells",2015,"ACS applied materials &interfaces","","","https://scholar.google.com/scholar?oi=bibs&hl=en&cites=981315691833112273",376,"2023-03-01 18:29:43","Journal article","","","https://scholar.google.com/citations?view_op=view_citation&hl=en&user=-2OhI8YAAAAJ&cstart=300&pagesize=100&citation_for_view=-2OhI8YAAAAJ:4fGpz3EwCPoC",7,26,14165,14169,58,7.25,15,4,8,"","",""
58,"Y Xu, F Li, A Xu, JP Edwards, SF Hung, CM Gabardo, CP O’Brien, S Liu, ...","Low coordination number copper catalysts for electrochemical CO2 methanation in a membrane electrode assembly",2021,"Nature communications","","","https://scholar.google.com/scholar?oi=bibs&hl=en&cites=15855423914087876954",371,"2023-03-01 18:29:43","Journal article","","","https://scholar.google.com/citations?view_op=view_citation&hl=en&user=-2OhI8YAAAAJ&cstart=300&pagesize=100&citation_for_view=-2OhI8YAAAAJ:LiF7i2gyBHwC",12,1,2932,2932,58,29.00,6,9,2,"","",""
57,"H Chen, JM Pina, F Yuan, A Johnston, D Ma, B Chen, Z Li, A Dumont, X Li, ...","Multiple Self-Trapped Emissions in the Lead-Free Halide Cs3Cu2I5",2020,"The journal of physical chemistry letters","","","https://scholar.google.com/scholar?oi=bibs&hl=en&cites=5511475350765516557",377,"2023-03-01 18:29:43","Journal article","","","https://scholar.google.com/citations?view_op=view_citation&hl=en&user=-2OhI8YAAAAJ&cstart=300&pagesize=100&citation_for_view=-2OhI8YAAAAJ:YanO1q2l3soC",11,11,4326,4330,57,19.00,6,10,3,"","",""
57,"I Ivanov, J Stojcic, A Stanimirovic, E Sargent, RK Nam, SO Kelley","Chip-based nanostructured sensors enable accurate identification and classification of circulating tumor cells in prostate cancer patient blood samples",2013,"Analytical chemistry","","","https://scholar.google.com/scholar?oi=bibs&hl=en&cites=8652535798017415282",378,"2023-03-01 18:29:43","Journal article","","","https://scholar.google.com/citations?view_op=view_citation&hl=en&user=-2OhI8YAAAAJ&cstart=300&pagesize=100&citation_for_view=-2OhI8YAAAAJ:5awf1xo2G04C",85,1,398,403,57,5.70,10,6,10,"","",""
56,"A Kiani, BR Sutherland, Y Kim, O Ouellette, L Levina, G Walters, CT Dinh, ...","Single-step colloidal quantum dot films for infrared solar harvesting",2016,"Applied Physics Letters","","","https://scholar.google.com/scholar?oi=bibs&hl=en&cites=13160205698896306841",379,"2023-03-01 18:29:43","Journal article","","","https://scholar.google.com/citations?view_op=view_citation&hl=en&user=-2OhI8YAAAAJ&cstart=300&pagesize=100&citation_for_view=-2OhI8YAAAAJ:SxCCDk4iOpsC",109,18,183105,183105,56,8.00,7,8,7,"","",""
56,"TWF Chang, EH Sargent","Optical CDMA using 2-D codes: The optimal single-user detector",2001,"IEEE Communications Letters","","","https://scholar.google.com/scholar?oi=bibs&hl=en&cites=7687111496750134002",380,"2023-03-01 18:29:43","Journal article","","","https://scholar.google.com/citations?view_op=view_citation&hl=en&user=-2OhI8YAAAAJ&cstart=300&pagesize=100&citation_for_view=-2OhI8YAAAAJ:B3FOqHPlNUQC",5,4,169,171,56,2.55,28,2,22,"","",""
55,"E Istrate, S Hoogland, V Sukhovatkin, L Levina, S Myrskog, PWE Smith, ...","Carrier relaxation dynamics in lead sulfide colloidal quantum dots",2008,"The Journal of Physical Chemistry B","","","https://scholar.google.com/scholar?oi=bibs&hl=en&cites=15536482335641425411",386,"2023-03-01 18:29:43","Journal article","","","https://scholar.google.com/citations?view_op=view_citation&hl=en&user=-2OhI8YAAAAJ&cstart=300&pagesize=100&citation_for_view=-2OhI8YAAAAJ:AXPGKjj_ei8C",112,10,2757,2760,55,3.67,8,7,15,"","",""
55,"EH Sargent, G Koleilat, J Tang, KW Johnston, AG Pattantyus-Abraham, ...","Photodetectors and Photovoltaics Based on Semiconductor Nanocrystals",2010,"US Patent App. 12/426,854","","","https://scholar.google.com/scholar?oi=bibs&hl=en&cites=7697745452440075832,1736702360023920193",385,"2023-03-01 18:29:43","Patent","","","https://scholar.google.com/citations?view_op=view_citation&hl=en&user=-2OhI8YAAAAJ&cstart=300&pagesize=100&citation_for_view=-2OhI8YAAAAJ:ZfRJV9d4-WMC",,,,,55,4.23,9,6,13,"","",""
55,"G Nootz, LA Padilha, PD Olszak, S Webster, DJ Hagan, EW Van Stryland, ...","Role of symmetry breaking on the optical transitions in lead-salt quantum dots",2010,"Nano letters","","","https://scholar.google.com/scholar?oi=bibs&hl=en&cites=11074107467292300232",384,"2023-03-01 18:29:43","Journal article","","","https://scholar.google.com/citations?view_op=view_citation&hl=en&user=-2OhI8YAAAAJ&cstart=300&pagesize=100&citation_for_view=-2OhI8YAAAAJ:UHK10RUVsp4C",10,9,3577,3582,55,4.23,8,7,13,"","",""
55,"L Gao, C Ge, W Li, C Jia, K Zeng, W Pan, H Wu, Y Zhao, Y He, J He, ...","Flexible filter‐free narrowband photodetector with high gain and customized responsive spectrum",2017,"Advanced Functional Materials","","","https://scholar.google.com/scholar?oi=bibs&hl=en&cites=17466065225983230649",382,"2023-03-01 18:29:43","Journal article","","","https://scholar.google.com/citations?view_op=view_citation&hl=en&user=-2OhI8YAAAAJ&cstart=300&pagesize=100&citation_for_view=-2OhI8YAAAAJ:I8rxH6phXEkC",27,33,1702360,1702360,55,9.17,6,11,6,"","",""
55,"M Biondi, MJ Choi, O Ouellette, SW Baek, P Todorović, B Sun, S Lee, ...","A chemically orthogonal hole transport layer for efficient colloidal quantum dot solar cells",2020,"Advanced Materials","","","https://scholar.google.com/scholar?oi=bibs&hl=en&cites=11629665657758931655",381,"2023-03-01 18:29:43","Journal article","","","https://scholar.google.com/citations?view_op=view_citation&hl=en&user=-2OhI8YAAAAJ&cstart=300&pagesize=100&citation_for_view=-2OhI8YAAAAJ:kiex5tMzGo8C",32,17,1906199,1906199,55,18.33,7,8,3,"","",""
55,"N Barakat, EH Sargent","Dual-header optical burst switching: a new architecture for WDM burst-switched networks",2005,"Proceedings IEEE 24th Annual Joint Conference of the IEEE Computer and …","","","https://scholar.google.com/scholar?oi=bibs&hl=en&cites=10841695051162505851",387,"2023-03-01 18:29:43","Conference paper","","","https://scholar.google.com/citations?view_op=view_citation&hl=en&user=-2OhI8YAAAAJ&cstart=300&pagesize=100&citation_for_view=-2OhI8YAAAAJ:K3LRdlH-MEoC",,,,,55,3.06,28,2,18,"","",""
55,"TWF Chang, A Maria, PW Cyr, V Sukhovatkin, L Levina, EH Sargent","High near-infrared photoluminescence quantum efficiency from PbS nanocrystals in polymer films",2005,"Synthetic Metals","","","https://scholar.google.com/scholar?oi=bibs&hl=en&cites=3005303843823206176",388,"2023-03-01 18:29:43","Journal article","","","https://scholar.google.com/citations?view_op=view_citation&hl=en&user=-2OhI8YAAAAJ&cstart=300&pagesize=100&citation_for_view=-2OhI8YAAAAJ:l7t_Zn2s7bgC",148,3,257,261,55,3.06,9,6,18,"","",""
55,"XL Zheng, CT Dinh, FPG de Arquer, B Zhang, M Liu, O Voznyy, YY Li, ...","ZnFe2O4 Leaves Grown on TiO2 Trees Enhance Photoelectrochemical Water Splitting",2016,"Small","","","https://scholar.google.com/scholar?oi=bibs&hl=en&cites=14282003098481084297",383,"2023-03-01 18:29:43","Journal article","","","https://scholar.google.com/citations?view_op=view_citation&hl=en&user=-2OhI8YAAAAJ&cstart=300&pagesize=100&citation_for_view=-2OhI8YAAAAJ:otzGkya1bYkC",12,23,3181,3188,55,7.86,7,8,7,"","",""
54,"A Klinkova, P De Luna, EH Sargent, E Kumacheva, PV Cherepanov","Enhanced electrocatalytic performance of palladium nanoparticles with high energy surfaces in formic acid oxidation",2017,"Journal of Materials Chemistry A","","","https://scholar.google.com/scholar?oi=bibs&hl=en&cites=7301860122075361674",390,"2023-03-01 18:29:43","Journal article","","","https://scholar.google.com/citations?view_op=view_citation&hl=en&user=-2OhI8YAAAAJ&cstart=300&pagesize=100&citation_for_view=-2OhI8YAAAAJ:v6i8RKmR8ToC",5,23,11582,11585,54,9.00,11,5,6,"","",""
54,"A Stok, EH Sargent","Comparison of diverse optical CDMA codes using a normalized throughput metric",2003,"IEEE communications letters","","","https://scholar.google.com/scholar?oi=bibs&hl=en&cites=4285565158266755989",393,"2023-03-01 18:29:43","Journal article","","","https://scholar.google.com/citations?view_op=view_citation&hl=en&user=-2OhI8YAAAAJ&cstart=300&pagesize=100&citation_for_view=-2OhI8YAAAAJ:8AbLer7MMksC",7,5,242,244,54,2.70,27,2,20,"","",""
54,"H Tian, E Sargent","Materials, systems and methods for optoelectronic devices",2013,"US Patent 8,441,090","","","https://scholar.google.com/scholar?oi=bibs&hl=en&cites=9359532814294654295",391,"2023-03-01 18:29:43","Patent","","","https://scholar.google.com/citations?view_op=view_citation&hl=en&user=-2OhI8YAAAAJ&cstart=300&pagesize=100&citation_for_view=-2OhI8YAAAAJ:ujxm2eEBZHIC",,,,,54,5.40,27,2,10,"","",""
54,"Q Chen, EH Sargent, N Leclerc, AJ Attias","Ultrafast nonresonant third-order optical nonlinearity of a conjugated -bipyridine derivative from 1150 to 1600 nm",2003,"Applied Physics Letters","","","https://scholar.google.com/scholar?oi=bibs&hl=en&cites=17784473765365682731",392,"2023-03-01 18:29:43","Journal article","","","https://scholar.google.com/citations?view_op=view_citation&hl=en&user=-2OhI8YAAAAJ&cstart=300&pagesize=100&citation_for_view=-2OhI8YAAAAJ:V3AGJWp-ZtQC",82,25,4420,4422,54,2.70,14,4,20,"","",""
54,"Y Zhao, J Zhang, Z Xu, S Sun, S Langner, NTP Hartono, T Heumueller, ...","Discovery of temperature-induced stability reversal in perovskites using high-throughput robotic learning",2021,"Nature communications","","","https://scholar.google.com/scholar?oi=bibs&hl=en&cites=16813608318345856814",389,"2023-03-01 18:29:43","Journal article","","","https://scholar.google.com/citations?view_op=view_citation&hl=en&user=-2OhI8YAAAAJ&cstart=300&pagesize=100&citation_for_view=-2OhI8YAAAAJ:DGpvO1n63MYC",12,1,2191,2191,54,27.00,7,8,2,"","",""
53,"JW Jo, J Choi, FP García de Arquer, A Seifitokaldani, B Sun, Y Kim, H Ahn, ...","Acid-assisted ligand exchange enhances coupling in colloidal quantum dot solids",2018,"Nano letters","","","https://scholar.google.com/scholar?oi=bibs&hl=en&cites=3352272524143924855",394,"2023-03-01 18:29:43","Journal article","","","https://scholar.google.com/citations?view_op=view_citation&hl=en&user=-2OhI8YAAAAJ&cstart=300&pagesize=100&citation_for_view=-2OhI8YAAAAJ:3BvdIg-l-ZAC",18,7,4417,4423,53,10.60,7,8,5,"","",""
53,"L Soleymani, Z Fang, S Kelley, E Sargent, B Taft","Nanostructured microelectrodes and biosensing devices incorporating the same",2014,"US Patent 8,888,969","","","https://scholar.google.com/scholar?oi=bibs&hl=en&cites=4955019388342613664,8322800311767738936",397,"2023-03-01 18:29:43","Patent","","","https://scholar.google.com/citations?view_op=view_citation&hl=en&user=-2OhI8YAAAAJ&cstart=300&pagesize=100&citation_for_view=-2OhI8YAAAAJ:1yWc8FF-_SYC",,,,,53,5.89,11,5,9,"","",""
53,"P De Luna, SS Mahshid, J Das, B Luan, EH Sargent, SO Kelley, R Zhou","High-curvature nanostructuring enhances probe display for biomolecular detection",2017,"Nano letters","","","https://scholar.google.com/scholar?oi=bibs&hl=en&cites=8326135341074131899",395,"2023-03-01 18:29:43","Journal article","","","https://scholar.google.com/citations?view_op=view_citation&hl=en&user=-2OhI8YAAAAJ&cstart=300&pagesize=100&citation_for_view=-2OhI8YAAAAJ:eGYfIraVYiQC",17,2,1289,1295,53,8.83,8,7,6,"","",""
53,"S Masala, V Adinolfi, JP Sun, S Del Gobbo, O Voznyy, IJ Kramer, IG Hill, ...","The silicon: colloidal quantum dot heterojunction",2015,"","Wiley","","https://scholar.google.com/scholar?oi=bibs&hl=en&cites=16574812592468121526",396,"2023-03-01 18:29:43","Book","","","https://scholar.google.com/citations?view_op=view_citation&hl=en&user=-2OhI8YAAAAJ&cstart=300&pagesize=100&citation_for_view=-2OhI8YAAAAJ:ODE9OILHJdcC",,,,,53,6.63,7,8,8,"","",""
52,"H Tian, E Sargent","Materials, systems and methods for optoelectronic devices",2013,"US Patent 8,546,853","","","https://scholar.google.com/scholar?oi=bibs&hl=en&cites=11299420319141333553",401,"2023-03-01 18:29:43","Patent","","","https://scholar.google.com/citations?view_op=view_citation&hl=en&user=-2OhI8YAAAAJ&cstart=400&pagesize=100&citation_for_view=-2OhI8YAAAAJ:YOwf2qJgpHMC",,,,,52,5.20,26,2,10,"","",""
52,"J Choi, JW Jo, FPG de Arquer, YB Zhao, B Sun, J Kim, MJ Choi, SW Baek, ...","Activated Electron‐Transport Layers for Infrared Quantum Dot Optoelectronics",2018,"Advanced Materials","","","https://scholar.google.com/scholar?oi=bibs&hl=en&cites=16738773002943794503",399,"2023-03-01 18:29:43","Journal article","","","https://scholar.google.com/citations?view_op=view_citation&hl=en&user=-2OhI8YAAAAJ&cstart=300&pagesize=100&citation_for_view=-2OhI8YAAAAJ:i91s68tWr-MC",30,29,1801720,1801720,52,10.40,6,9,5,"","",""
52,"J Guan, LK Sagar, R Li, D Wang, G Bappi, W Wang, N Watkins, ...","Quantum dot-plasmon lasing with controlled polarization patterns",2020,"ACS nano","","","https://scholar.google.com/scholar?oi=bibs&hl=en&cites=1663419719979627802",398,"2023-03-01 18:29:43","Journal article","","","https://scholar.google.com/citations?view_op=view_citation&hl=en&user=-2OhI8YAAAAJ&cstart=300&pagesize=100&citation_for_view=-2OhI8YAAAAJ:ExNiBuTMO9IC",14,3,3426,3433,52,17.33,7,8,3,"","",""
52,"Q Chen, L Kuang, ZY Wang, EH Sargent","Cross-linked C60 Polymer Breaches the Quantum Gap",2004,"Nano letters","","","https://scholar.google.com/scholar?oi=bibs&hl=en&cites=17757056262983404957",402,"2023-03-01 18:29:43","Journal article","","","https://scholar.google.com/citations?view_op=view_citation&hl=en&user=-2OhI8YAAAAJ&cstart=400&pagesize=100&citation_for_view=-2OhI8YAAAAJ:738O_yMBCRsC",4,9,1673,1675,52,2.74,13,4,19,"","",""
52,"SM Mahpeykar, Y Zhao, X Li, Z Yang, Q Xu, ZH Lu, EH Sargent, X Wang","Cellulose Nanocrystal: Polymer Hybrid Optical Diffusers for Index‐Matching‐Free Light Management in Optoelectronic Devices",2017,"Advanced Optical Materials","","","https://scholar.google.com/scholar?oi=bibs&hl=en&cites=1046384835281651381",400,"2023-03-01 18:29:43","Journal article","","","https://scholar.google.com/citations?view_op=view_citation&hl=en&user=-2OhI8YAAAAJ&cstart=300&pagesize=100&citation_for_view=-2OhI8YAAAAJ:6ZzL7HXColQC",5,21,1700430,1700430,52,8.67,7,8,6,"","",""
51,"A Jain, O Voznyy, S Hoogland, M Korkusinski, P Hawrylak, EH Sargent","Atomistic design of CdSe/CdS core–shell quantum dots with suppressed auger recombination",2016,"Nano letters","","","https://scholar.google.com/scholar?oi=bibs&hl=en&cites=6086935223164422349",407,"2023-03-01 18:29:43","Journal article","","","https://scholar.google.com/citations?view_op=view_citation&hl=en&user=-2OhI8YAAAAJ&cstart=400&pagesize=100&citation_for_view=-2OhI8YAAAAJ:kVjdVfd2voEC",16,10,6491,6496,51,7.29,9,6,7,"","",""
51,"E Aydin, J Liu, E Ugur, R Azmi, GT Harrison, Y Hou, B Chen, S Zhumagali, ...","Ligand-bridged charge extraction and enhanced quantum efficiency enable efficient n–i–p perovskite/silicon tandem solar cells",2021,"Energy &Environmental Science","","","https://scholar.google.com/scholar?oi=bibs&hl=en&cites=16912659957305229086",404,"2023-03-01 18:29:43","Journal article","","","https://scholar.google.com/citations?view_op=view_citation&hl=en&user=-2OhI8YAAAAJ&cstart=400&pagesize=100&citation_for_view=-2OhI8YAAAAJ:hwlm9Y4obscC",14,8,4377,4390,51,25.50,6,9,2,"","",""
51,"E Istrate, EH Sargent","Photonic crystal heterostructures—resonant tunnelling, waveguides and filters",2002,"Journal of Optics A: Pure and Applied Optics 4 (6), S","","","https://scholar.google.com/scholar?oi=bibs&hl=en&cites=11465979854410861195",408,"2023-03-01 18:29:43","Journal article","","","https://scholar.google.com/citations?view_op=view_citation&hl=en&user=-2OhI8YAAAAJ&cstart=400&pagesize=100&citation_for_view=-2OhI8YAAAAJ:BrmTIyaxlBUC",242,,,,51,2.43,26,2,21,"","",""
51,"J Pan, X Li, X Gong, J Yin, D Zhou, L Sinatra, R Huang, J Liu, J Chen, ...","Halogen Vacancies Enable Ligand‐Assisted Self‐Assembly of Perovskite Quantum Dots into Nanowires",2019,"Angewandte Chemie International Edition","","","https://scholar.google.com/scholar?oi=bibs&hl=en&cites=1169842551697227540",405,"2023-03-01 18:29:43","Journal article","","","https://scholar.google.com/citations?view_op=view_citation&hl=en&user=-2OhI8YAAAAJ&cstart=400&pagesize=100&citation_for_view=-2OhI8YAAAAJ:RgMnzfD6kpIC",58,45,16077,16081,51,12.75,5,10,4,"","",""
51,"MB Ross, Y Li, P De Luna, D Kim, EH Sargent, P Yang","Electrocatalytic rate alignment enhances syngas generation",2019,"Joule","","","https://scholar.google.com/scholar?oi=bibs&hl=en&cites=6159179252560562676",406,"2023-03-01 18:29:43","Journal article","","","https://scholar.google.com/citations?view_op=view_citation&hl=en&user=-2OhI8YAAAAJ&cstart=400&pagesize=100&citation_for_view=-2OhI8YAAAAJ:pxXbYLTb8EgC",3,1,257,264,51,12.75,9,6,4,"","",""
51,"Y Liu, Z Li, J Xu, Y Dong, B Chen, SM Park, D Ma, S Lee, JE Huang, ...","Wide-bandgap perovskite quantum dots in perovskite matrix for sky-blue light-emitting diodes",2022,"Journal of the American Chemical Society","","","https://scholar.google.com/scholar?oi=bibs&hl=en&cites=10146347297753010568",403,"2023-03-01 18:29:43","Journal article","","","https://scholar.google.com/citations?view_op=view_citation&hl=en&user=-2OhI8YAAAAJ&cstart=400&pagesize=100&citation_for_view=-2OhI8YAAAAJ:IaRkJ05COeQC",144,9,4009,4016,51,51.00,5,10,1,"","",""
50,"E Sargent, G Konstantatos, L Levina, I Howard, EJD Klem, J Clifford","Electronic and optoelectronic devices with quantum dot films",2010,"US Patent 7,742,322","","","https://scholar.google.com/scholar?oi=bibs&hl=en&cites=10739140979500413350",413,"2023-03-01 18:29:43","Patent","","","https://scholar.google.com/citations?view_op=view_citation&hl=en&user=-2OhI8YAAAAJ&cstart=400&pagesize=100&citation_for_view=-2OhI8YAAAAJ:IHkkN1K1AlAC",,,,,50,3.85,8,6,13,"","",""
50,"EH Sargent, R Jain, IC Ivanov, MR Malone, MC Brading, H Tian, ...","Stable, sensitive photodetectors and image sensors made therefrom including circuits, processes, and materials for enhanced imaging performance",2011,"US Patent App. 13/156,235","","","https://scholar.google.com/scholar?oi=bibs&hl=en&cites=9651212471150337595",412,"2023-03-01 18:29:43","Patent","","","https://scholar.google.com/citations?view_op=view_citation&hl=en&user=-2OhI8YAAAAJ&cstart=400&pagesize=100&citation_for_view=-2OhI8YAAAAJ:P7PM_jyRRcwC",,,,,50,4.17,7,7,12,"","",""
50,"M Allard, EH Sargent","Impact of polydispersity on light propagation in colloidal photonic crystals",2004,"Applied physics letters","","","https://scholar.google.com/scholar?oi=bibs&hl=en&cites=10718790954359018453",414,"2023-03-01 18:29:43","Journal article","","","https://scholar.google.com/citations?view_op=view_citation&hl=en&user=-2OhI8YAAAAJ&cstart=400&pagesize=100&citation_for_view=-2OhI8YAAAAJ:HE397vMXCloC",85,24,5887,5889,50,2.63,25,2,19,"","",""
50,"X Gong, Z Huang, R Sabatini, CS Tan, G Bappi, G Walters, A Proppe, ...","Contactless measurements of photocarrier transport properties in perovskite single crystals",2019,"Nature communications","","","https://scholar.google.com/scholar?oi=bibs&hl=en&cites=6188012485545279712",410,"2023-03-01 18:29:43","Journal article","","","https://scholar.google.com/citations?view_op=view_citation&hl=en&user=-2OhI8YAAAAJ&cstart=400&pagesize=100&citation_for_view=-2OhI8YAAAAJ:4uoR24qA-WYC",10,1,1591,1591,50,12.50,6,8,4,"","",""
50,"Y Kim, K Bicanic, H Tan, O Ouellette, BR Sutherland, FP García de Arquer, ...","Nanoimprint-transfer-patterned solids enhance light absorption in colloidal quantum dot solar cells",2017,"Nano letters","","","https://scholar.google.com/scholar?oi=bibs&hl=en&cites=1660769871512283981",411,"2023-03-01 18:29:43","Journal article","","","https://scholar.google.com/citations?view_op=view_citation&hl=en&user=-2OhI8YAAAAJ&cstart=400&pagesize=100&citation_for_view=-2OhI8YAAAAJ:oi2SiIJ9l4AC",17,4,2349,2353,50,8.33,7,7,6,"","",""
50,"Y Li, A Xu, Y Lum, X Wang, SF Hung, B Chen, Z Wang, Y Xu, F Li, J Abed, ...","Promoting CO2 methanation via ligand-stabilized metal oxide clusters as hydrogen-donating motifs",2020,"Nature communications","","","https://scholar.google.com/scholar?oi=bibs&hl=en&cites=3196163509045580813",409,"2023-03-01 18:29:43","Journal article","","","https://scholar.google.com/citations?view_op=view_citation&hl=en&user=-2OhI8YAAAAJ&cstart=400&pagesize=100&citation_for_view=-2OhI8YAAAAJ:GO2DTSf4MZMC",11,1,6190,6190,50,16.67,5,11,3,"","",""
49,"EKH Ng, GE Weichenberg, EH Sargent","Dispersion in multiwavelength optical code-division multiple-access systems: Impact and remedies",2002,"IEEE Transactions on Communications","","","https://scholar.google.com/scholar?oi=bibs&hl=en&cites=4665040197186011676",419,"2023-03-01 18:29:43","Journal article","","","https://scholar.google.com/citations?view_op=view_citation&hl=en&user=-2OhI8YAAAAJ&cstart=400&pagesize=100&citation_for_view=-2OhI8YAAAAJ:dTyEYWd-f8wC",50,11,1811,1816,49,2.33,16,3,21,"","",""
49,"IC Ivanov, EH Sargent, H Tian","Materials, fabrication equipment, and methods for stable, sensitive photodetectors and image sensors made therefrom",2012,"US Patent 8,138,567","","","https://scholar.google.com/scholar?oi=bibs&hl=en&cites=9061174315622377791",418,"2023-03-01 18:29:43","Patent","","","https://scholar.google.com/citations?view_op=view_citation&hl=en&user=-2OhI8YAAAAJ&cstart=400&pagesize=100&citation_for_view=-2OhI8YAAAAJ:HbR8gkJAVGIC",,,,,49,4.45,16,3,11,"","",""
49,"L Protesescu, M Nachtegaal, O Voznyy, O Borovinskaya, AJ Rossini, ...","Atomistic description of thiostannate-capped CdSe nanocrystals: retention of four-coordinate SnS4 motif and preservation of Cd-rich stoichiometry",2015,"Journal of the American Chemical Society","","","https://scholar.google.com/scholar?oi=bibs&hl=en&cites=5565229893631169434",417,"2023-03-01 18:29:43","Journal article","","","https://scholar.google.com/citations?view_op=view_citation&hl=en&user=-2OhI8YAAAAJ&cstart=400&pagesize=100&citation_for_view=-2OhI8YAAAAJ:PVjk1bu6vJQC",137,5,1862,1874,49,6.13,8,6,8,"","",""
49,"SC Liu, CM Dai, Y Min, Y Hou, AH Proppe, Y Zhou, C Chen, S Chen, ...","An antibonding valence band maximum enables defect-tolerant and stable GeSe photovoltaics",2021,"Nature communications","","","https://scholar.google.com/scholar?oi=bibs&hl=en&cites=15322976483434152010",415,"2023-03-01 18:29:43","Journal article","","","https://scholar.google.com/citations?view_op=view_citation&hl=en&user=-2OhI8YAAAAJ&cstart=400&pagesize=100&citation_for_view=-2OhI8YAAAAJ:52neCvzbxIwC",12,1,670,670,49,24.50,5,9,2,"","",""
49,"SW Baek, P Molet, MJ Choi, M Biondi, O Ouellette, J Fan, S Hoogland, ...","Nanostructured Back Reflectors for Efficient Colloidal Quantum‐Dot Infrared Optoelectronics",2019,"Advanced Materials","","","https://scholar.google.com/scholar?oi=bibs&hl=en&cites=16379800375966593577",416,"2023-03-01 18:29:43","Journal article","","","https://scholar.google.com/citations?view_op=view_citation&hl=en&user=-2OhI8YAAAAJ&cstart=400&pagesize=100&citation_for_view=-2OhI8YAAAAJ:C5mqfHIFIucC",31,33,1901745,1901745,49,12.25,6,8,4,"","",""
48,"B Mair, PM Aldridge, RS Atwal, D Philpott, M Zhang, SN Masud, M Labib, ...","High-throughput genome-wide phenotypic screening via immunomagnetic cell sorting",2019,"Nature Biomedical Engineering","","","https://scholar.google.com/scholar?oi=bibs&hl=en&cites=13300595046121258934",420,"2023-03-01 18:29:43","Journal article","","","https://scholar.google.com/citations?view_op=view_citation&hl=en&user=-2OhI8YAAAAJ&cstart=400&pagesize=100&citation_for_view=-2OhI8YAAAAJ:tL5YfqkXb3gC",3,10,796,805,48,12.00,6,8,4,"","",""
48,"B Sun, O Ouellette, FP García de Arquer, O Voznyy, Y Kim, M Wei, ...","Multibandgap quantum dot ensembles for solar-matched infrared energy harvesting",2018,"Nature communications","","","https://scholar.google.com/scholar?oi=bibs&hl=en&cites=35847682236873873",421,"2023-03-01 18:29:43","Journal article","","","https://scholar.google.com/citations?view_op=view_citation&hl=en&user=-2OhI8YAAAAJ&cstart=400&pagesize=100&citation_for_view=-2OhI8YAAAAJ:bCjgOgSFrM0C",9,1,4003,4003,48,9.60,7,7,5,"","",""
48,"H Tian, E Sargent","Materials, systems and methods for optoelectronic devices",2012,"US Patent 8,274,126","","","https://scholar.google.com/scholar?oi=bibs&hl=en&cites=4533827884510632242",425,"2023-03-01 18:29:43","Patent","","","https://scholar.google.com/citations?view_op=view_citation&hl=en&user=-2OhI8YAAAAJ&cstart=400&pagesize=100&citation_for_view=-2OhI8YAAAAJ:WMtz-WDmgKQC",,,,,48,4.36,24,2,11,"","",""
48,"H Tian, IC Ivanov, EH Sargent","Image sensors employing sensitized semiconductor diodes",2014,"US Patent 8,822,897","","","https://scholar.google.com/scholar?oi=bibs&hl=en&cites=6622227271840180763",422,"2023-03-01 18:29:43","Patent","","","https://scholar.google.com/citations?view_op=view_citation&hl=en&user=-2OhI8YAAAAJ&cstart=400&pagesize=100&citation_for_view=-2OhI8YAAAAJ:WC9gN4BGCRcC",,,,,48,5.33,16,3,9,"","",""
48,"JD Besant, J Das, EH Sargent, SO Kelley","Proximal bacterial lysis and detection in nanoliter wells using electrochemistry",2013,"ACS nano","","","https://scholar.google.com/scholar?oi=bibs&hl=en&cites=12628363504769778330",424,"2023-03-01 18:29:43","Journal article","","","https://scholar.google.com/citations?view_op=view_citation&hl=en&user=-2OhI8YAAAAJ&cstart=400&pagesize=100&citation_for_view=-2OhI8YAAAAJ:j8SEvjWlNXcC",7,9,8183,8189,48,4.80,12,4,10,"","",""
48,"M Yuan, KW Kemp, SM Thon, JY Kim, KW Chou, A Amassian, EH Sargent","High‐performance quantum‐dot solids via elemental sulfur synthesis",2014,"Advanced Materials","","","https://scholar.google.com/scholar?oi=bibs&hl=en&cites=4151631526682011623",423,"2023-03-01 18:29:43","Journal article","","","https://scholar.google.com/citations?view_op=view_citation&hl=en&user=-2OhI8YAAAAJ&cstart=400&pagesize=100&citation_for_view=-2OhI8YAAAAJ:gsN89kCJA0AC",26,21,3513,3519,48,5.33,7,7,9,"","",""
47,"B Chen, H Chen, Y Hou, J Xu, S Teale, K Bertens, H Chen, A Proppe, ...","Passivation of the buried interface via preferential crystallization of 2D perovskite on metal oxide transport layers",2021,"Advanced Materials","","","https://scholar.google.com/scholar?oi=bibs&hl=en&cites=10352869191260200823",426,"2023-03-01 18:29:43","Journal article","","","https://scholar.google.com/citations?view_op=view_citation&hl=en&user=-2OhI8YAAAAJ&cstart=400&pagesize=100&citation_for_view=-2OhI8YAAAAJ:zDhyt2jClVkC",33,41,2103394,2103394,47,23.50,5,9,2,"","",""
47,"EH Sargent","Dance Of Molecules",2005,"","Penguin Canada","","https://scholar.google.com/scholar?oi=bibs&hl=en&cites=4256834523248198200",431,"2023-03-01 18:29:43","Book","","","https://scholar.google.com/citations?view_op=view_citation&hl=en&user=-2OhI8YAAAAJ&cstart=400&pagesize=100&citation_for_view=-2OhI8YAAAAJ:0izLItjtcgwC",,,,,47,2.61,47,1,18,"","",""
47,"J Li, A Xu, F Li, Z Wang, C Zou, CM Gabardo, Y Wang, A Ozden, Y Xu, ...","Enhanced multi-carbon alcohol electroproduction from CO via modulated hydrogen adsorption",2020,"Nature communications","","","https://scholar.google.com/scholar?oi=bibs&hl=en&cites=17218806225583211436",429,"2023-03-01 18:29:43","Journal article","","","https://scholar.google.com/citations?view_op=view_citation&hl=en&user=-2OhI8YAAAAJ&cstart=400&pagesize=100&citation_for_view=-2OhI8YAAAAJ:TuM7UPshZo8C",11,1,3685,3685,47,15.67,5,10,3,"","",""
47,"K Ho, M Wei, EH Sargent, GC Walker","Grain transformation and degradation mechanism of formamidinium and cesium lead iodide perovskite under humidity and light",2021,"ACS Energy Letters","","","https://scholar.google.com/scholar?oi=bibs&hl=en&cites=9976489345286418040",428,"2023-03-01 18:29:43","Journal article","","","https://scholar.google.com/citations?view_op=view_citation&hl=en&user=-2OhI8YAAAAJ&cstart=400&pagesize=100&citation_for_view=-2OhI8YAAAAJ:SgTKrLvt1DcC",6,3,934,940,47,23.50,12,4,2,"","",""
47,"PW Cyr, M Tzolov, MA Hines, I Manners, EH Sargent, GD Scholes","Quantum dots in a metallopolymer host: studies of composites of polyferrocenes and CdSe nanocrystals",2003,"Journal of Materials Chemistry","","","https://scholar.google.com/scholar?oi=bibs&hl=en&cites=3475221275601067395",432,"2023-03-01 18:29:43","Journal article","","","https://scholar.google.com/citations?view_op=view_citation&hl=en&user=-2OhI8YAAAAJ&cstart=400&pagesize=100&citation_for_view=-2OhI8YAAAAJ:geHnlv5EZngC",13,9,2213,2219,47,2.35,8,6,20,"","",""
47,"R Comin, MK Crawford, AH Said, N Herron, WE Guise, X Wang, ...","Lattice dynamics and the nature of structural transitions in organolead halide perovskites",2016,"Physical Review B","","","https://scholar.google.com/scholar?oi=bibs&hl=en&cites=15348659767112956435",430,"2023-03-01 18:29:43","Journal article","","","https://scholar.google.com/citations?view_op=view_citation&hl=en&user=-2OhI8YAAAAJ&cstart=400&pagesize=100&citation_for_view=-2OhI8YAAAAJ:fbc8zXXH2BUC",94,9,94301,94301,47,6.71,7,7,7,"","",""
47,"Y Liu, Y Dong, T Zhu, D Ma, A Proppe, B Chen, C Zheng, Y Hou, S Lee, ...","Bright and stable light-emitting diodes based on perovskite quantum dots in perovskite matrix",2021,"Journal of the American Chemical Society","","","https://scholar.google.com/scholar?oi=bibs&hl=en&cites=12066994289828551426",427,"2023-03-01 18:29:43","Journal article","","","https://scholar.google.com/citations?view_op=view_citation&hl=en&user=-2OhI8YAAAAJ&cstart=400&pagesize=100&citation_for_view=-2OhI8YAAAAJ:tvutLEwYQz8C",143,38,15606,15615,47,23.50,5,10,2,"","",""
46,"AR Kirmani, A Kiani, MM Said, O Voznyy, N Wehbe, G Walters, S Barlow, ...","Remote molecular doping of colloidal quantum dot photovoltaics",2016,"ACS Energy Letters","","","https://scholar.google.com/scholar?oi=bibs&hl=en&cites=9064312619513956647",435,"2023-03-01 18:29:43","Journal article","","","https://scholar.google.com/citations?view_op=view_citation&hl=en&user=-2OhI8YAAAAJ&cstart=400&pagesize=100&citation_for_view=-2OhI8YAAAAJ:jL-93Qbq4QoC",1,5,922,930,46,6.57,6,8,7,"","",""
46,"H Tian, E Sargent","Materials, systems and methods for optoelectronic devices",2014,"US Patent 8,643,064","","","https://scholar.google.com/scholar?oi=bibs&hl=en&cites=18074838472358959326",438,"2023-03-01 18:29:43","Patent","","","https://scholar.google.com/citations?view_op=view_citation&hl=en&user=-2OhI8YAAAAJ&cstart=400&pagesize=100&citation_for_view=-2OhI8YAAAAJ:4oJvMfeQlr8C",,,,,46,5.11,23,2,9,"","",""
46,"H Tian, E Sargent","Materials, systems and methods for optoelectronic devices",2012,"US Patent 8,269,302","","","https://scholar.google.com/scholar?oi=bibs&hl=en&cites=13943022347682479022",439,"2023-03-01 18:29:43","Patent","","","https://scholar.google.com/citations?view_op=view_citation&hl=en&user=-2OhI8YAAAAJ&cstart=400&pagesize=100&citation_for_view=-2OhI8YAAAAJ:vD2iS2Kej30C",,,,,46,4.18,23,2,11,"","",""
46,"JD Besant, RM Mohamadi, PM Aldridge, Y Li, EH Sargent, SO Kelley","Velocity valleys enable efficient capture and spatial sorting of nanoparticle-bound cancer cells",2015,"Nanoscale","","","https://scholar.google.com/scholar?oi=bibs&hl=en&cites=15400672115459380296",437,"2023-03-01 18:29:43","Journal article","","","https://scholar.google.com/citations?view_op=view_citation&hl=en&user=-2OhI8YAAAAJ&cstart=400&pagesize=100&citation_for_view=-2OhI8YAAAAJ:kh2fBNsKQNwC",7,14,6278,6285,46,5.75,8,6,8,"","",""
46,"JP Edwards, Y Xu, CM Gabardo, CT Dinh, J Li, ZB Qi, A Ozden, ...","Efficient electrocatalytic conversion of carbon dioxide in a low-resistance pressurized alkaline electrolyzer",2020,"Applied Energy","","","https://scholar.google.com/scholar?oi=bibs&hl=en&cites=17945823983055693786",433,"2023-03-01 18:29:43","Journal article","","","https://scholar.google.com/citations?view_op=view_citation&hl=en&user=-2OhI8YAAAAJ&cstart=400&pagesize=100&citation_for_view=-2OhI8YAAAAJ:TewouNez5YAC",261,,114305,114305,46,15.33,6,8,3,"","",""
46,"L Hu, A Mandelis, X Lan, A Melnikov, S Hoogland, EH Sargent","Imbalanced charge carrier mobility and Schottky junction induced anomalous current-voltage characteristics of excitonic PbS colloidal quantum dot solar cells",2016,"Solar Energy Materials and Solar Cells","","","https://scholar.google.com/scholar?oi=bibs&hl=en&cites=17691755838048107293",436,"2023-03-01 18:29:43","Journal article","","","https://scholar.google.com/citations?view_op=view_citation&hl=en&user=-2OhI8YAAAAJ&cstart=400&pagesize=100&citation_for_view=-2OhI8YAAAAJ:5MTHONV0fEkC",155,,155,165,46,6.57,8,6,7,"","",""
46,"MH Elkins, R Pensack, AH Proppe, O Voznyy, LN Quan, SO Kelley, ...","Biexciton resonances reveal exciton localization in stacked perovskite quantum wells",2017,"The journal of physical chemistry letters","","","https://scholar.google.com/scholar?oi=bibs&hl=en&cites=12632152836530337330",434,"2023-03-01 18:29:43","Journal article","","","https://scholar.google.com/citations?view_op=view_citation&hl=en&user=-2OhI8YAAAAJ&cstart=400&pagesize=100&citation_for_view=-2OhI8YAAAAJ:ifOnle78iJkC",8,16,3895,3901,46,7.67,7,7,6,"","",""
46,"PW Cyr, M Tzolov, I Manners, EH Sargent","Photooxidation and photoconductivity of polyferrocenylsilane thin films",2003,"Macromolecular Chemistry and Physics","","","https://scholar.google.com/scholar?oi=bibs&hl=en&cites=12632534559795758212",441,"2023-03-01 18:29:43","Journal article","","","https://scholar.google.com/citations?view_op=view_citation&hl=en&user=-2OhI8YAAAAJ&cstart=400&pagesize=100&citation_for_view=-2OhI8YAAAAJ:mvPsJ3kp5DgC",204,7,915,921,46,2.30,12,4,20,"","",""
46,"RK Golding, PC Lewis, E Kumacheva, M Allard, EH Sargent","In situ study of colloid crystallization in constrained geometry",2004,"Langmuir","","","https://scholar.google.com/scholar?oi=bibs&hl=en&cites=3443308628069340816",440,"2023-03-01 18:29:43","Journal article","","","https://scholar.google.com/citations?view_op=view_citation&hl=en&user=-2OhI8YAAAAJ&cstart=400&pagesize=100&citation_for_view=-2OhI8YAAAAJ:eflP2zaiRacC",20,4,1414,1419,46,2.42,9,5,19,"","",""
45,"AH Proppe, J Xu, RP Sabatini, JZ Fan, B Sun, S Hoogland, SO Kelley, ...","Picosecond charge transfer and long carrier diffusion lengths in colloidal quantum dot solids",2018,"Nano letters","","","https://scholar.google.com/scholar?oi=bibs&hl=en&cites=14956142504207384646",442,"2023-03-01 18:29:43","Journal article","","","https://scholar.google.com/citations?view_op=view_citation&hl=en&user=-2OhI8YAAAAJ&cstart=400&pagesize=100&citation_for_view=-2OhI8YAAAAJ:cOfwuRB03ygC",18,11,7052,7059,45,9.00,6,8,5,"","",""
45,"E Sargent, S McDonald, S Zhang, L Levina, G Konstantatos, P Cyr","Three-dimensional bicontinuous heterostructures, a method of making them, and their application in quantum dot-polymer nanocomposite photodetectors and photovoltaics",2012,"US Patent 8,115,232","","","https://scholar.google.com/scholar?oi=bibs&hl=en&cites=10495455121765318825",447,"2023-03-01 18:29:43","Patent","","","https://scholar.google.com/citations?view_op=view_citation&hl=en&user=-2OhI8YAAAAJ&cstart=400&pagesize=100&citation_for_view=-2OhI8YAAAAJ:0N-VGjzr574C",,,,,45,4.09,8,6,11,"","",""
45,"H Tian, E Sargent","Materials, systems and methods for optoelectronic devices",2013,"US Patent 8,476,727","","","https://scholar.google.com/scholar?oi=bibs&hl=en&cites=18440224597636733171",445,"2023-03-01 18:29:43","Patent","","","https://scholar.google.com/citations?view_op=view_citation&hl=en&user=-2OhI8YAAAAJ&cstart=400&pagesize=100&citation_for_view=-2OhI8YAAAAJ:urP0JZOBBUsC",,,,,45,4.50,23,2,10,"","",""
45,"H Tian, E Sargent","Materials, systems and methods for optoelectronic devices",2012,"US Patent 8,269,260","","","https://scholar.google.com/scholar?oi=bibs&hl=en&cites=5910294715423066593",446,"2023-03-01 18:29:43","Patent","","","https://scholar.google.com/citations?view_op=view_citation&hl=en&user=-2OhI8YAAAAJ&cstart=400&pagesize=100&citation_for_view=-2OhI8YAAAAJ:htyGaKyDgHMC",,,,,45,4.09,23,2,11,"","",""
45,"P De Luna, W Liang, A Mallick, O Shekhah, FP García de Arquer, ...","Metal–organic framework thin films on high-curvature nanostructures toward tandem electrocatalysis",2018,"ACS applied materials &interfaces","","","https://scholar.google.com/scholar?oi=bibs&hl=en&cites=16974273713301920660",443,"2023-03-01 18:29:43","Journal article","","","https://scholar.google.com/citations?view_op=view_citation&hl=en&user=-2OhI8YAAAAJ&cstart=400&pagesize=100&citation_for_view=-2OhI8YAAAAJ:4E1Y8I9HL1wC",10,37,31225,31232,45,9.00,8,6,5,"","",""
45,"RM Mohamadi, I Ivanov, J Stojcic, RK Nam, EH Sargent, SO Kelley","Sample-to-answer isolation and mRNA profiling of circulating tumor cells",2015,"Analytical chemistry","","","https://scholar.google.com/scholar?oi=bibs&hl=en&cites=12622417816501577754",444,"2023-03-01 18:29:43","Journal article","","","https://scholar.google.com/citations?view_op=view_citation&hl=en&user=-2OhI8YAAAAJ&cstart=400&pagesize=100&citation_for_view=-2OhI8YAAAAJ:bKqednn6t2AC",87,12,6258,6264,45,5.63,8,6,8,"","",""
45,"S Musikhin, L Bakueva, EH Sargent, A Shik","Luminescent properties and electronic structure of conjugated polymer-dielectric nanocrystal composites",2002,"Journal of applied physics","","","https://scholar.google.com/scholar?oi=bibs&hl=en&cites=9264795384117758814",448,"2023-03-01 18:29:43","Journal article","","","https://scholar.google.com/citations?view_op=view_citation&hl=en&user=-2OhI8YAAAAJ&cstart=400&pagesize=100&citation_for_view=-2OhI8YAAAAJ:VL0QpB8kHFEC",91,10,6679,6683,45,2.14,11,4,21,"","",""
44,"AH Proppe, A Johnston, S Teale, A Mahata, R Quintero-Bermudez, ...","Multication perovskite 2D/3D interfaces form via progressive dimensional reduction",2021,"Nature communications","","","https://scholar.google.com/scholar?oi=bibs&hl=en&cites=12660846914270271383",449,"2023-03-01 18:29:43","Journal article","","","https://scholar.google.com/citations?view_op=view_citation&hl=en&user=-2OhI8YAAAAJ&cstart=400&pagesize=100&citation_for_view=-2OhI8YAAAAJ:cAUKuAERoUMC",12,1,3472,3472,44,22.00,7,6,2,"","",""
44,"GH Carey, KW Chou, B Yan, AR Kirmani, A Amassian, EH Sargent","Materials processing strategies for colloidal quantum dot solar cells: advances, present-day limitations, and pathways to improvement",2013,"MRS Communications","","","https://scholar.google.com/scholar?oi=bibs&hl=en&cites=4835754693909737128",452,"2023-03-01 18:29:43","Journal article","","","https://scholar.google.com/citations?view_op=view_citation&hl=en&user=-2OhI8YAAAAJ&cstart=400&pagesize=100&citation_for_view=-2OhI8YAAAAJ:EkHepimYqZsC",3,2,83,90,44,4.40,7,6,10,"","",""
44,"H Tian, E Sargent","Materials, systems and methods for optoelectronic devices",2013,"US Patent 8,466,533","","","https://scholar.google.com/scholar?oi=bibs&hl=en&cites=18343210063504241404",451,"2023-03-01 18:29:43","Patent","","","https://scholar.google.com/citations?view_op=view_citation&hl=en&user=-2OhI8YAAAAJ&cstart=400&pagesize=100&citation_for_view=-2OhI8YAAAAJ:ZysSsiWj_g4C",,,,,44,4.40,22,2,10,"","",""
44,"Z Li, A Johnston, M Wei, MI Saidaminov, JM de Pina, X Zheng, J Liu, Y Liu, ...","Solvent-solute coordination engineering for efficient perovskite luminescent solar concentrators",2020,"Joule","","","https://scholar.google.com/scholar?oi=bibs&hl=en&cites=15299257224128007294",450,"2023-03-01 18:29:43","Journal article","","","https://scholar.google.com/citations?view_op=view_citation&hl=en&user=-2OhI8YAAAAJ&cstart=400&pagesize=100&citation_for_view=-2OhI8YAAAAJ:FtNbRaqWXr4C",4,3,631,643,44,14.67,5,9,3,"","",""
43,"AR Kirmani, FP García de Arquer, JZ Fan, JI Khan, G Walters, S Hoogland, ...","Molecular doping of the hole-transporting layer for efficient, single-step-deposited colloidal quantum dot photovoltaics",2017,"ACS Energy Letters","","","https://scholar.google.com/scholar?oi=bibs&hl=en&cites=898281281408566348",457,"2023-03-01 18:29:43","Journal article","","","https://scholar.google.com/citations?view_op=view_citation&hl=en&user=-2OhI8YAAAAJ&cstart=400&pagesize=100&citation_for_view=-2OhI8YAAAAJ:R22Rs3tN8aoC",2,9,1952,1959,43,7.17,6,7,6,"","",""
43,"GH Carey, IJ Kramer, P Kanjanaboos, G Moreno-Bautista, O Voznyy, ...","Electronically active impurities in colloidal quantum dot solids",2014,"Acs Nano","","","https://scholar.google.com/scholar?oi=bibs&hl=en&cites=15893410285746272685",458,"2023-03-01 18:29:43","Journal article","","","https://scholar.google.com/citations?view_op=view_citation&hl=en&user=-2OhI8YAAAAJ&cstart=400&pagesize=100&citation_for_view=-2OhI8YAAAAJ:vDijr-p_gm4C",8,11,11763,11769,43,4.78,7,6,9,"","",""
43,"M Liu, F Che, B Sun, O Voznyy, A Proppe, R Munir, M Wei, ...","Controlled steric hindrance enables efficient ligand exchange for stable, infrared-bandgap quantum dot inks",2019,"ACS Energy Letters","","","https://scholar.google.com/scholar?oi=bibs&hl=en&cites=13379011492233256426",455,"2023-03-01 18:29:43","Journal article","","","https://scholar.google.com/citations?view_op=view_citation&hl=en&user=-2OhI8YAAAAJ&cstart=400&pagesize=100&citation_for_view=-2OhI8YAAAAJ:JavbeY_VQWIC",4,6,1225,1230,43,10.75,5,8,4,"","",""
43,"M Vafaie, JZ Fan, AM Najarian, O Ouellette, LK Sagar, K Bertens, B Sun, ...","Colloidal quantum dot photodetectors with 10-ns response time and 80% quantum efficiency at 1,550 nm",2021,"Matter","","","https://scholar.google.com/scholar?oi=bibs&hl=en&cites=8982037901380286152",453,"2023-03-01 18:29:43","Journal article","","","https://scholar.google.com/citations?view_op=view_citation&hl=en&user=-2OhI8YAAAAJ&cstart=400&pagesize=100&citation_for_view=-2OhI8YAAAAJ:MbTKqoTs-1EC",4,3,1042,1053,43,21.50,5,8,2,"","",""
43,"R Quintero-Bermudez, AH Proppe, A Mahata, P Todorovic, SO Kelley, ...","Ligand-induced surface charge density modulation generates local type-II band alignment in reduced-dimensional perovskites",2019,"Journal of the American Chemical Society","","","https://scholar.google.com/scholar?oi=bibs&hl=en&cites=2279196244332345354",454,"2023-03-01 18:29:43","Journal article","","","https://scholar.google.com/citations?view_op=view_citation&hl=en&user=-2OhI8YAAAAJ&cstart=400&pagesize=100&citation_for_view=-2OhI8YAAAAJ:gL9scSG3K_gC",141,34,13459,13467,43,10.75,7,6,4,"","",""
43,"VA Chiykowski, Y Cao, H Tan, DP Tabor, EH Sargent, A Aspuru‐Guzik, ...","Precise Control of Thermal and Redox Properties of Organic Hole‐Transport Materials",2018,"Angewandte Chemie International Edition","","","https://scholar.google.com/scholar?oi=bibs&hl=en&cites=5925128510388740877",456,"2023-03-01 18:29:43","Journal article","","","https://scholar.google.com/citations?view_op=view_citation&hl=en&user=-2OhI8YAAAAJ&cstart=400&pagesize=100&citation_for_view=-2OhI8YAAAAJ:o9ULDYDKYbIC",57,47,15529,15533,43,8.60,6,7,5,"","",""
42,"H Tian, E Sargent","Materials, systems and methods for optoelectronic devices",2013,"US Patent 8,530,992","","","https://scholar.google.com/scholar?oi=bibs&hl=en&cites=612820633084977126",463,"2023-03-01 18:29:43","Patent","","","https://scholar.google.com/citations?view_op=view_citation&hl=en&user=-2OhI8YAAAAJ&cstart=400&pagesize=100&citation_for_view=-2OhI8YAAAAJ:LWqeokA2EBkC",,,,,42,4.20,21,2,10,"","",""
42,"H Tian, E Sargent","Materials, systems and methods for optoelectronic devices",2013,"US Patent 8,513,758","","","https://scholar.google.com/scholar?oi=bibs&hl=en&cites=11910836410785265159",464,"2023-03-01 18:29:43","Patent","","","https://scholar.google.com/citations?view_op=view_citation&hl=en&user=-2OhI8YAAAAJ&cstart=400&pagesize=100&citation_for_view=-2OhI8YAAAAJ:It0W0vAlS5QC",,,,,42,4.20,21,2,10,"","",""
42,"J Guan, LK Sagar, R Li, D Wang, G Bappi, NE Watkins, MR Bourgeois, ...","Engineering directionality in quantum dot shell lasing using plasmonic lattices",2020,"Nano letters","","","https://scholar.google.com/scholar?oi=bibs&hl=en&cites=16271321767320746876",459,"2023-03-01 18:29:43","Journal article","","","https://scholar.google.com/citations?view_op=view_citation&hl=en&user=-2OhI8YAAAAJ&cstart=400&pagesize=100&citation_for_view=-2OhI8YAAAAJ:UEFpDhwOD2kC",20,2,1468,1474,42,14.00,5,8,3,"","",""
42,"M Allard, EH Sargent, E Kumacheva, O Kalinina","Characterization of internal order of colloidal crystals by optical diffraction",2002,"Optical and Quantum Electronics","","","https://scholar.google.com/scholar?oi=bibs&hl=en&cites=10570928800840790989",465,"2023-03-01 18:29:43","Journal article","","","https://scholar.google.com/citations?view_op=view_citation&hl=en&user=-2OhI8YAAAAJ&cstart=400&pagesize=100&citation_for_view=-2OhI8YAAAAJ:ZuybSZzF8UAC",34,,27,36,42,2.00,11,4,21,"","",""
42,"S Mahshid, AH Mepham, SS Mahshid, IB Burgess, T Saberi Safaei, ...","Mechanistic control of the growth of three-dimensional gold sensors",2016,"The Journal of Physical Chemistry C","","","https://scholar.google.com/scholar?oi=bibs&hl=en&cites=2395282632536965558",461,"2023-03-01 18:29:43","Journal article","","","https://scholar.google.com/citations?view_op=view_citation&hl=en&user=-2OhI8YAAAAJ&cstart=400&pagesize=100&citation_for_view=-2OhI8YAAAAJ:jgBuDB5drN8C",120,37,21123,21132,42,6.00,7,6,7,"","",""
42,"T Kim, Y Gao, H Hu, B Yan, Z Ning, LK Jagadamma, K Zhao, AR Kirmani, ...","Hybrid tandem solar cells with depleted-heterojunction quantum dot and polymer bulk heterojunction subcells",2015,"Nano Energy","","","https://scholar.google.com/scholar?oi=bibs&hl=en&cites=1121575841234756343",462,"2023-03-01 18:29:43","Journal article","","","https://scholar.google.com/citations?view_op=view_citation&hl=en&user=-2OhI8YAAAAJ&cstart=400&pagesize=100&citation_for_view=-2OhI8YAAAAJ:q3CdL3IzO_QC",17,,196,205,42,5.25,5,9,8,"","",""
42,"Y Gao, G Walters, Y Qin, B Chen, Y Min, A Seifitokaldani, B Sun, ...","Electro‐Optic Modulation in Hybrid Metal Halide Perovskites",2019,"Advanced Materials","","","https://scholar.google.com/scholar?oi=bibs&hl=en&cites=13378814065038722691",460,"2023-03-01 18:29:43","Journal article","","","https://scholar.google.com/citations?view_op=view_citation&hl=en&user=-2OhI8YAAAAJ&cstart=400&pagesize=100&citation_for_view=-2OhI8YAAAAJ:ZOYfmFL0FrgC",31,16,1808336,1808336,42,10.50,5,8,4,"","",""
41,"C Paquet, F Yoshino, L Levina, I Gourevich, EH Sargent, E Kumacheva","High‐Quality Photonic Crystals Infiltrated with Quantum Dots",2006,"Advanced Functional Materials","","","https://scholar.google.com/scholar?oi=bibs&hl=en&cites=6124695327861495413",471,"2023-03-01 18:29:43","Journal article","","","https://scholar.google.com/citations?view_op=view_citation&hl=en&user=-2OhI8YAAAAJ&cstart=400&pagesize=100&citation_for_view=-2OhI8YAAAAJ:ye4kPcJQO24C",16,14,1892,1896,41,2.41,7,6,17,"","",""
41,"D Meggiolaro, E Mosconi, AH Proppe, R Quintero-Bermudez, SO Kelley, ...","Energy Level Tuning at the MAPbI3 Perovskite/Contact Interface Using Chemical Treatment",2019,"ACS Energy Letters","","","https://scholar.google.com/scholar?oi=bibs&hl=en&cites=6916640999732072965",469,"2023-03-01 18:29:43","Journal article","","","https://scholar.google.com/citations?view_op=view_citation&hl=en&user=-2OhI8YAAAAJ&cstart=400&pagesize=100&citation_for_view=-2OhI8YAAAAJ:3pYxbvHKFu8C",4,9,2181,2184,41,10.25,7,6,4,"","",""
41,"D Pelinovsky, EH Sargent","Stable all-optical limiting in nonlinear periodic structures. II. Computations",2002,"JOSA B","","","https://scholar.google.com/scholar?oi=bibs&hl=en&cites=15955881888182854101",473,"2023-03-01 18:29:43","Journal article","","","https://scholar.google.com/citations?view_op=view_citation&hl=en&user=-2OhI8YAAAAJ&cstart=400&pagesize=100&citation_for_view=-2OhI8YAAAAJ:LjlpjdlvIbIC",19,8,1873,1889,41,1.95,21,2,21,"","",""
41,"J Choi, MJ Choi, J Kim, F Dinic, P Todorovic, B Sun, M Wei, SW Baek, ...","Stabilizing surface passivation enables stable operation of colloidal quantum dot photovoltaic devices at maximum power point in an air ambient",2020,"Advanced Materials","","","https://scholar.google.com/scholar?oi=bibs&hl=en&cites=3941583773198188609",468,"2023-03-01 18:29:43","Journal article","","","https://scholar.google.com/citations?view_op=view_citation&hl=en&user=-2OhI8YAAAAJ&cstart=400&pagesize=100&citation_for_view=-2OhI8YAAAAJ:wH03y5nBhxsC",32,7,1906497,1906497,41,13.67,5,9,3,"","",""
41,"J Li, A Ozden, M Wan, Y Hu, F Li, Y Wang, RR Zamani, D Ren, Z Wang, ...","Silica-copper catalyst interfaces enable carbon-carbon coupling towards ethylene electrosynthesis",2021,"Nature communications","","","https://scholar.google.com/scholar?oi=bibs&hl=en&cites=12199588040008702102",466,"2023-03-01 18:29:43","Journal article","","","https://scholar.google.com/citations?view_op=view_citation&hl=en&user=-2OhI8YAAAAJ&cstart=400&pagesize=100&citation_for_view=-2OhI8YAAAAJ:YXeC4bxG7-IC",12,1,2808,2808,41,20.50,4,10,2,"","",""
41,"S He, Y Zhang, L Qiu, L Zhang, Y Xie, J Pan, P Chen, B Wang, X Xu, Y Hu, ...","Chemical‐to‐electricity carbon: water device",2018,"Advanced Materials","","","https://scholar.google.com/scholar?oi=bibs&hl=en&cites=6005611843786953425",470,"2023-03-01 18:29:43","Journal article","","","https://scholar.google.com/citations?view_op=view_citation&hl=en&user=-2OhI8YAAAAJ&cstart=400&pagesize=100&citation_for_view=-2OhI8YAAAAJ:Gpwnp1kGG20C",30,18,1707635,1707635,41,8.20,4,11,5,"","",""
41,"SB Kuntze, D Ban, EH Sargent, SJ Dixon-Warren, JK White, K Hinzer","Electrical scanning probe microscopy: Investigating the inner workings of electronic and optoelectronic devices",2005,"Critical Reviews in Solid State and Materials Sciences","","","https://scholar.google.com/scholar?oi=bibs&hl=en&cites=4849172042097376829",472,"2023-03-01 18:29:43","Journal article","","","https://scholar.google.com/citations?view_op=view_citation&hl=en&user=-2OhI8YAAAAJ&cstart=400&pagesize=100&citation_for_view=-2OhI8YAAAAJ:uLbwQdceFCQC",30,2,71,124,41,2.28,7,6,18,"","",""
41,"X Zheng, AY Alsalloum, Y Hou, EH Sargent, OM Bakr","All-perovskite tandem solar cells: A roadmap to uniting high efficiency with high stability",2020,"Accounts of Materials Research","","","https://scholar.google.com/scholar?oi=bibs&hl=en&cites=14789180915649265845",467,"2023-03-01 18:29:43","Journal article","","","https://scholar.google.com/citations?view_op=view_citation&hl=en&user=-2OhI8YAAAAJ&cstart=400&pagesize=100&citation_for_view=-2OhI8YAAAAJ:s_OEDnM-dbEC",1,1,63,76,41,13.67,8,5,3,"","",""
40,"CT Dinh, YC Li, EH Sargent","Boosting the single-pass conversion for renewable chemical electrosynthesis",2019,"Joule","","","https://scholar.google.com/scholar?oi=bibs&hl=en&cites=16712923002151188879",475,"2023-03-01 18:29:43","Journal article","","","https://scholar.google.com/citations?view_op=view_citation&hl=en&user=-2OhI8YAAAAJ&cstart=400&pagesize=100&citation_for_view=-2OhI8YAAAAJ:YGhAHpnIhDoC",3,1,13,15,40,10.00,13,3,4,"","",""
40,"H Tian, E Sargent","Materials, systems and methods for optoelectronic devices",2013,"US Patent 8,530,993","","","https://scholar.google.com/scholar?oi=bibs&hl=en&cites=13430667308096704573",479,"2023-03-01 18:29:43","Patent","","","https://scholar.google.com/citations?view_op=view_citation&hl=en&user=-2OhI8YAAAAJ&cstart=400&pagesize=100&citation_for_view=-2OhI8YAAAAJ:ybfzIt2tCtgC",,,,,40,4.00,20,2,10,"","",""
40,"H Tian, E Sargent","Materials, systems and methods for optoelectronic devices",2013,"US Patent 8,530,991","","","https://scholar.google.com/scholar?oi=bibs&hl=en&cites=12800032604841169514",480,"2023-03-01 18:29:43","Patent","","","https://scholar.google.com/citations?view_op=view_citation&hl=en&user=-2OhI8YAAAAJ&cstart=400&pagesize=100&citation_for_view=-2OhI8YAAAAJ:SWgZeABleR0C",,,,,40,4.00,20,2,10,"","",""
40,"HI Kim, SW Baek, HJ Cheon, SU Ryu, S Lee, MJ Choi, K Choi, M Biondi, ...","A Tuned Alternating D–A Copolymer Hole‐Transport Layer Enables Colloidal Quantum Dot Solar Cells with Superior Fill Factor and Efficiency",2020,"Advanced Materials","","","https://scholar.google.com/scholar?oi=bibs&hl=en&cites=12136255649617564427",474,"2023-03-01 18:29:43","Journal article","","","https://scholar.google.com/citations?view_op=view_citation&hl=en&user=-2OhI8YAAAAJ&cstart=400&pagesize=100&citation_for_view=-2OhI8YAAAAJ:0vYOBEH00j0C",32,48,2004985,2004985,40,13.33,4,9,3,"","",""
40,"KT Bicanic, X Li, RP Sabatini, N Hossain, CF Wang, F Fan, H Liang, ...","Design of phosphor white light systems for high-power applications",2016,"ACS Photonics","","","https://scholar.google.com/scholar?oi=bibs&hl=en&cites=8914325244414554944",478,"2023-03-01 18:29:43","Journal article","","","https://scholar.google.com/citations?view_op=view_citation&hl=en&user=-2OhI8YAAAAJ&cstart=400&pagesize=100&citation_for_view=-2OhI8YAAAAJ:nRpfm8aw39MC",3,12,2243,2248,40,5.71,5,8,7,"","",""
40,"N Barakat, EH Sargent","Analytical modeling of offset-induced priority in multiclass OBS networks",2005,"IEEE Transactions on Communications","","","https://scholar.google.com/scholar?oi=bibs&hl=en&cites=11436633373960093050",481,"2023-03-01 18:29:43","Journal article","","","https://scholar.google.com/citations?view_op=view_citation&hl=en&user=-2OhI8YAAAAJ&cstart=400&pagesize=100&citation_for_view=-2OhI8YAAAAJ:WA5NYHcadZ8C",53,8,1343,1352,40,2.22,20,2,18,"","",""
40,"T Kim, Y Firdaus, AR Kirmani, RZ Liang, H Hu, M Liu, A El Labban, ...","Hybrid tandem quantum dot/organic solar cells with enhanced photocurrent and efficiency via ink and interlayer engineering",2018,"ACS Energy Letters","","","https://scholar.google.com/scholar?oi=bibs&hl=en&cites=15501593969205481064",476,"2023-03-01 18:29:43","Journal article","","","https://scholar.google.com/citations?view_op=view_citation&hl=en&user=-2OhI8YAAAAJ&cstart=400&pagesize=100&citation_for_view=-2OhI8YAAAAJ:zzCxg_vo7cAC",3,6,1307,1314,40,8.00,5,8,5,"","",""
40,"Y Tian, FP García de Arquer, CT Dinh, G Favraud, M Bonifazi, J Li, M Liu, ...","Enhanced Solar‐to‐Hydrogen Generation with Broadband Epsilon‐Near‐Zero Nanostructured Photocatalysts",2017,"Advanced Materials","","","https://scholar.google.com/scholar?oi=bibs&hl=en&cites=7345686235240049904",477,"2023-03-01 18:29:43","Journal article","","","https://scholar.google.com/citations?view_op=view_citation&hl=en&user=-2OhI8YAAAAJ&cstart=400&pagesize=100&citation_for_view=-2OhI8YAAAAJ:pYKElYtJMmwC",29,27,1701165,1701165,40,6.67,5,8,6,"","",""
39,"D Ban, EH Sargent, SJ Dixon-Warren, T Grevatt, G Knight, G Pakulski, ...","Two-dimensional profiling of carriers in a buried heterostructure multi-quantum-well laser: Calibrated scanning spreading resistance microscopy and scanning capacitance microscopy",2002,"Journal of Vacuum Science &Technology B: Microelectronics and Nanometer …","","","https://scholar.google.com/scholar?oi=bibs&hl=en&cites=14280264648974245117",486,"2023-03-01 18:29:43","Journal article","","","https://scholar.google.com/citations?view_op=view_citation&hl=en&user=-2OhI8YAAAAJ&cstart=400&pagesize=100&citation_for_view=-2OhI8YAAAAJ:WqliGbK-hY8C",,,,,39,1.86,6,7,21,"","",""
39,"J Abed, S Ahmadi, L Laverdure, A Abdellah, CP O'Brien, K Cole, ...","In situ formation of nano ni–co oxyhydroxide enables water oxidation electrocatalysts durable at high current densities",2021,"Advanced Materials","","","https://scholar.google.com/scholar?oi=bibs&hl=en&cites=7692356291393336405",482,"2023-03-01 18:29:43","Journal article","","","https://scholar.google.com/citations?view_op=view_citation&hl=en&user=-2OhI8YAAAAJ&cstart=400&pagesize=100&citation_for_view=-2OhI8YAAAAJ:lu5AzqVF4qYC",33,45,2103812,2103812,39,19.50,6,7,2,"","",""
39,"J Das, S Gomis, JB Chen, H Yousefi, S Ahmed, A Mahmud, W Zhou, ...","Reagentless biomolecular analysis using a molecular pendulum",2021,"Nature chemistry","","","https://scholar.google.com/scholar?oi=bibs&hl=en&cites=3984647754281681847",483,"2023-03-01 18:29:43","Journal article","","","https://scholar.google.com/citations?view_op=view_citation&hl=en&user=-2OhI8YAAAAJ&cstart=400&pagesize=100&citation_for_view=-2OhI8YAAAAJ:gPamCmV4epEC",13,5,428,434,39,19.50,5,8,2,"","",""
39,"J Wicks, ML Jue, VA Beck, JS Oakdale, NA Dudukovic, AL Clemens, ...","3D‐Printable Fluoropolymer Gas Diffusion Layers for CO2 Electroreduction",2021,"Advanced Materials","","","https://scholar.google.com/scholar?oi=bibs&hl=en&cites=7515848470377742342",484,"2023-03-01 18:29:43","Journal article","","","https://scholar.google.com/citations?view_op=view_citation&hl=en&user=-2OhI8YAAAAJ&cstart=400&pagesize=100&citation_for_view=-2OhI8YAAAAJ:ZbXHRDTBJTgC",33,7,2003855,2003855,39,19.50,6,7,2,"","",""
39,"JZ Fan, M Vafaie, K Bertens, M Sytnyk, JM Pina, LK Sagar, O Ouellette, ...","Micron thick colloidal quantum dot solids",2020,"Nano letters","","","https://scholar.google.com/scholar?oi=bibs&hl=en&cites=5434100466358610230",485,"2023-03-01 18:29:43","Journal article","","","https://scholar.google.com/citations?view_op=view_citation&hl=en&user=-2OhI8YAAAAJ&cstart=400&pagesize=100&citation_for_view=-2OhI8YAAAAJ:NObE97JSLecC",20,7,5284,5291,39,13.00,5,8,3,"","",""
39,"L Bakueva, EH Sargent, R Resendes, A Bartole, I Manners","Electronic properties of semiconducting poly (ferrocenylsilane) thin films with vapor-phase iodine diffusion doping",2001,"Journal of Materials Science: Materials in Electronics","","","https://scholar.google.com/scholar?oi=bibs&hl=en&cites=10423723570495860601",487,"2023-03-01 18:29:43","Journal article","","","https://scholar.google.com/citations?view_op=view_citation&hl=en&user=-2OhI8YAAAAJ&cstart=400&pagesize=100&citation_for_view=-2OhI8YAAAAJ:tkaPQYYpVKoC",12,,21,25,39,1.77,8,5,22,"","",""
38,"B Sun, M Vafaie, L Levina, M Wei, Y Dong, Y Gao, HT Kung, M Biondi, ...","Ligand-assisted reconstruction of colloidal quantum dots decreases trap state density",2020,"Nano letters","","","https://scholar.google.com/scholar?oi=bibs&hl=en&cites=10169452037732080609",490,"2023-03-01 18:29:43","Journal article","","","https://scholar.google.com/citations?view_op=view_citation&hl=en&user=-2OhI8YAAAAJ&cstart=400&pagesize=100&citation_for_view=-2OhI8YAAAAJ:INdAjOZKYREC",20,5,3694,3702,38,12.67,4,9,3,"","",""
38,"D Ban, EH Sargent, SJ Dixon-Warren, I Calder, AJ SpringThorpe, ...","Direct imaging of the depletion region of an InP  junction under bias using scanning voltage microscopy",2002,"Applied physics letters","","","https://scholar.google.com/scholar?oi=bibs&hl=en&cites=13931457864219839067",495,"2023-03-01 18:29:43","Journal article","","","https://scholar.google.com/citations?view_op=view_citation&hl=en&user=-2OhI8YAAAAJ&cstart=400&pagesize=100&citation_for_view=-2OhI8YAAAAJ:tzM49s52ZIMC",81,26,5057,5059,38,1.81,6,6,21,"","",""
38,"G Walters, EH Sargent","Electro-optic response in germanium halide perovskites",2018,"The Journal of Physical Chemistry Letters","","","https://scholar.google.com/scholar?oi=bibs&hl=en&cites=14381417429203575451",493,"2023-03-01 18:29:43","Journal article","","","https://scholar.google.com/citations?view_op=view_citation&hl=en&user=-2OhI8YAAAAJ&cstart=400&pagesize=100&citation_for_view=-2OhI8YAAAAJ:Vztgr1qGG8IC",9,5,1018,1027,38,7.60,19,2,5,"","",""
38,"N Barakat, EH Sargent","Separating resource reservations from service requests to improve the performance of optical burst-switching networks",2006,"IEEE Journal on Selected Areas in Communications","","","https://scholar.google.com/scholar?oi=bibs&hl=en&cites=7381945762928616004",494,"2023-03-01 18:29:43","Journal article","","","https://scholar.google.com/citations?view_op=view_citation&hl=en&user=-2OhI8YAAAAJ&cstart=400&pagesize=100&citation_for_view=-2OhI8YAAAAJ:eq2jaN3J8jMC",24,4,,,38,2.24,19,2,17,"","",""
38,"P Todorović, D Ma, B Chen, R Quintero‐Bermudez, MI Saidaminov, ...","Spectrally Tunable and Stable Electroluminescence Enabled by Rubidium Doping of CsPbBr3 Nanocrystals",2019,"Advanced Optical Materials","","","https://scholar.google.com/scholar?oi=bibs&hl=en&cites=10845034009942135829",491,"2023-03-01 18:29:43","Journal article","","","https://scholar.google.com/citations?view_op=view_citation&hl=en&user=-2OhI8YAAAAJ&cstart=400&pagesize=100&citation_for_view=-2OhI8YAAAAJ:G7txJ4jiatkC",7,24,1901440,1901440,38,9.50,6,6,4,"","",""
38,"S Lee, MJ Choi, G Sharma, M Biondi, B Chen, SW Baek, AM Najarian, ...","Orthogonal colloidal quantum dot inks enable efficient multilayer optoelectronic devices",2020,"Nature communications","","","https://scholar.google.com/scholar?oi=bibs&hl=en&cites=8111830587248308789",489,"2023-03-01 18:29:43","Journal article","","","https://scholar.google.com/citations?view_op=view_citation&hl=en&user=-2OhI8YAAAAJ&cstart=400&pagesize=100&citation_for_view=-2OhI8YAAAAJ:dyiPZ63SVtYC",11,1,4814,4814,38,12.67,5,8,3,"","",""
38,"X Wang, P Ou, J Wicks, Y Xie, Y Wang, J Li, J Tam, D Ren, JY Howe, ...","Gold-in-copper at low *CO coverage enables efficient electromethanation of CO2",2021,"Nature communications","","","https://scholar.google.com/scholar?oi=bibs&hl=en&cites=11960313952320026996",488,"2023-03-01 18:29:43","Journal article","","","https://scholar.google.com/citations?view_op=view_citation&hl=en&user=-2OhI8YAAAAJ&cstart=400&pagesize=100&citation_for_view=-2OhI8YAAAAJ:yRRszJvrVdAC",12,1,3387,3387,38,19.00,4,10,2,"","",""
38,"Z Yang, M Wei, O Voznyy, P Todorovic, M Liu, R Quintero-Bermudez, ...","Anchored ligands facilitate efficient B-site doping in metal halide perovskites",2019,"Journal of the American Chemical Society","","","https://scholar.google.com/scholar?oi=bibs&hl=en&cites=7679493140211337452",492,"2023-03-01 18:29:43","Journal article","","","https://scholar.google.com/citations?view_op=view_citation&hl=en&user=-2OhI8YAAAAJ&cstart=400&pagesize=100&citation_for_view=-2OhI8YAAAAJ:ibZ2AwG9z6wC",141,20,8296,8305,38,9.50,5,7,4,"","",""
37,"AT Sage, JD Besant, L Mahmoudian, M Poudineh, X Bai, R Zamel, M Hsin, ...","Fractal circuit sensors enable rapid quantification of biomarkers for donor lung assessment for transplantation",2015,"Science Advances","","","https://scholar.google.com/scholar?oi=bibs&hl=en&cites=1298111565239042999",496,"2023-03-01 18:29:43","Journal article","","","https://scholar.google.com/citations?view_op=view_citation&hl=en&user=-2OhI8YAAAAJ&cstart=400&pagesize=100&citation_for_view=-2OhI8YAAAAJ:GtLg2Ama23sC",1,7,1500417,,37,4.63,5,8,8,"","",""
37,"DE Pelinovsky, L Brzozowski, EH Sargent","Transmission regimes of periodic nonlinear optical structures",2000,"Physical Review E 62 (4), R","","","https://scholar.google.com/scholar?oi=bibs&hl=en&cites=16074260882865735904",500,"2023-03-01 18:29:43","Journal article","","","https://scholar.google.com/citations?view_op=view_citation&hl=en&user=-2OhI8YAAAAJ&cstart=400&pagesize=100&citation_for_view=-2OhI8YAAAAJ:JoZmwDi-zQgC",4536,,,,37,1.61,12,3,23,"","",""
37,"EH Sargent, G Koleilat, L Levina","Photodetectors and Photovoltaics based on semiconductor nanocrystals",2014,"US Patent 8,803,128","","","https://scholar.google.com/scholar?oi=bibs&hl=en&cites=11720161942430801030",497,"2023-03-01 18:29:43","Patent","","","https://scholar.google.com/citations?view_op=view_citation&hl=en&user=-2OhI8YAAAAJ&cstart=400&pagesize=100&citation_for_view=-2OhI8YAAAAJ:tH6gc1N1XXoC",,,,,37,4.11,12,3,9,"","",""
37,"P Stadler, BR Sutherland, Y Ren, Z Ning, A Simchi, SM Thon, S Hoogland, ...","Joint mapping of mobility and trap density in colloidal quantum dot solids",2013,"ACS nano","","","https://scholar.google.com/scholar?oi=bibs&hl=en&cites=5559575617745549310",498,"2023-03-01 18:29:43","Journal article","","","https://scholar.google.com/citations?view_op=view_citation&hl=en&user=-2OhI8YAAAAJ&cstart=400&pagesize=100&citation_for_view=-2OhI8YAAAAJ:9Nmd_mFXekcC",7,7,5757,5762,37,3.70,5,8,10,"","",""
37,"Y Lin, J Zhang, E Kumacheva, EH Sargent","Third-order optical nonlinearity and figure of merit of CdS nanocrystals chemically stabilized in spin-processable polymeric films",2004,"Journal of materials science","","","https://scholar.google.com/scholar?oi=bibs&hl=en&cites=10082535649287109282",499,"2023-03-01 18:29:43","Journal article","","","https://scholar.google.com/citations?view_op=view_citation&hl=en&user=-2OhI8YAAAAJ&cstart=400&pagesize=100&citation_for_view=-2OhI8YAAAAJ:N5tVd3kTz84C",39,,993,996,37,1.95,9,4,19,"","",""
36,"A Manekkathodi, B Chen, J Kim, SW Baek, B Scheffel, Y Hou, O Ouellette, ...","Solution-processed perovskite-colloidal quantum dot tandem solar cells for photon collection beyond 1000 nm",2019,"Journal of Materials Chemistry A","","","https://scholar.google.com/scholar?oi=bibs&hl=en&cites=14084470685675819946",501,"2023-03-01 18:29:43","Journal article","","","https://scholar.google.com/citations?view_op=view_citation&hl=en&user=-2OhI8YAAAAJ&cstart=500&pagesize=100&citation_for_view=-2OhI8YAAAAJ:MSzX15-gZgkC",7,45,26020,26028,36,9.00,5,8,4,"","",""
36,"X Wang, GI Koleilat, A Fischer, J Tang, R Debnath, L Levina, EH Sargent","Enhanced open-circuit voltage in visible quantum dot photovoltaics by engineering of carrier-collecting electrodes",2011,"ACS applied materials &interfaces","","","https://scholar.google.com/scholar?oi=bibs&hl=en&cites=4556122922347180037",502,"2023-03-01 18:29:43","Journal article","","","https://scholar.google.com/citations?view_op=view_citation&hl=en&user=-2OhI8YAAAAJ&cstart=500&pagesize=100&citation_for_view=-2OhI8YAAAAJ:1yQoGdGgb4wC",3,10,3792,3795,36,3.00,5,7,12,"","",""
35,"A Klinkova, EM Larin, E Prince, EH Sargent, E Kumacheva","Large-scale synthesis of metal nanocrystals in aqueous suspensions",2016,"Chemistry of Materials","","","https://scholar.google.com/scholar?oi=bibs&hl=en&cites=10653516479341704712",509,"2023-03-01 18:29:43","Journal article","","","https://scholar.google.com/citations?view_op=view_citation&hl=en&user=-2OhI8YAAAAJ&cstart=500&pagesize=100&citation_for_view=-2OhI8YAAAAJ:5icHVeHT4IsC",28,9,3196,3202,35,5.00,7,5,7,"","",""
35,"EH Sargent, G Koleilat, L Levina","Materials for electronic and optoelectronic devices having enhanced charge transfer",2013,"US Patent 8,476,616","","","https://scholar.google.com/scholar?oi=bibs&hl=en&cites=2665519222368356170",510,"2023-03-01 18:29:43","Patent","","","https://scholar.google.com/citations?view_op=view_citation&hl=en&user=-2OhI8YAAAAJ&cstart=500&pagesize=100&citation_for_view=-2OhI8YAAAAJ:hCrLmN-GePgC",,,,,35,3.50,12,3,10,"","",""
35,"F Eisner, A Seitkhan, Y Han, D Khim, E Yengel, AR Kirmani, J Xu, ...","Solution‐Processed In2O3/ZnO Heterojunction Electron Transport Layers for Efficient Organic Bulk Heterojunction and Inorganic Colloidal Quantum‐Dot Solar Cells",2018,"Solar RRL","","","https://scholar.google.com/scholar?oi=bibs&hl=en&cites=16704845613799563657",505,"2023-03-01 18:29:43","Journal article","","","https://scholar.google.com/citations?view_op=view_citation&hl=en&user=-2OhI8YAAAAJ&cstart=500&pagesize=100&citation_for_view=-2OhI8YAAAAJ:Nufq_to8ts0C",2,7,1800076,1800076,35,7.00,4,8,5,"","",""
35,"JS Lee, JY Park, YH Kim, S Jeon, O Ouellette, EH Sargent, DH Kim, ...","Ultrahigh resolution and color gamut with scattering-reducing transmissive pixels",2019,"Nature communications","","","https://scholar.google.com/scholar?oi=bibs&hl=en&cites=349097519259945695",504,"2023-03-01 18:29:43","Journal article","","","https://scholar.google.com/citations?view_op=view_citation&hl=en&user=-2OhI8YAAAAJ&cstart=500&pagesize=100&citation_for_view=-2OhI8YAAAAJ:1YatL4jblGcC",10,1,4782,4782,35,8.75,4,8,4,"","",""
35,"JZ Fan, M Liu, O Voznyy, B Sun, L Levina, R Quintero-Bermudez, M Liu, ...","Halide re-shelled quantum dot inks for infrared photovoltaics",2017,"ACS applied materials &interfaces","","","https://scholar.google.com/scholar?oi=bibs&hl=en&cites=14805715069358807903",506,"2023-03-01 18:29:43","Journal article","","","https://scholar.google.com/citations?view_op=view_citation&hl=en&user=-2OhI8YAAAAJ&cstart=500&pagesize=100&citation_for_view=-2OhI8YAAAAJ:RXiHnyRawswC",9,43,37536,37541,35,5.83,4,8,6,"","",""
35,"L Brzozowski, EH Sargent, AS Thorpe, M Extavour","Direct measurements of large near-band edge nonlinear index change from 1.48 to 1.55 μm in InGaAs/InAlGaAs multiquantum wells",2003,"Applied physics letters","","","https://scholar.google.com/scholar?oi=bibs&hl=en&cites=2712338698997883877",511,"2023-03-01 18:29:43","Journal article","","","https://scholar.google.com/citations?view_op=view_citation&hl=en&user=-2OhI8YAAAAJ&cstart=500&pagesize=100&citation_for_view=-2OhI8YAAAAJ:JQOojiI6XY0C",82,25,4429,4431,35,1.75,9,4,20,"","",""
35,"O Voznyy, JH Mokkath, A Jain, EH Sargent, U Schwingenschlögl","Computational study of magic-size CdSe clusters with complementary passivation by carboxylic and amine ligands",2016,"The Journal of Physical Chemistry C","","","https://scholar.google.com/scholar?oi=bibs&hl=en&cites=12848604525456608248",508,"2023-03-01 18:29:43","Journal article","","","https://scholar.google.com/citations?view_op=view_citation&hl=en&user=-2OhI8YAAAAJ&cstart=500&pagesize=100&citation_for_view=-2OhI8YAAAAJ:WHdLCjDvYFkC",120,18,10015,10019,35,5.00,7,5,7,"","",""
35,"TT Zhuang, Y Li, X Gao, M Wei, FP García de Arquer, P Todorović, J Tian, ...","Regioselective magnetization in semiconducting nanorods",2020,"Nature nanotechnology","","","https://scholar.google.com/scholar?oi=bibs&hl=en&cites=10442984172221469290",503,"2023-03-01 18:29:43","Journal article","","","https://scholar.google.com/citations?view_op=view_citation&hl=en&user=-2OhI8YAAAAJ&cstart=500&pagesize=100&citation_for_view=-2OhI8YAAAAJ:pe4chHNxNLUC",15,3,192,197,35,11.67,4,8,3,"","",""
35,"Z Yang, O Voznyy, G Walters, JZ Fan, M Liu, S Kinge, S Hoogland, ...","Quantum dots in two-dimensional perovskite matrices for efficient near-infrared light emission",2017,"Acs Photonics","","","https://scholar.google.com/scholar?oi=bibs&hl=en&cites=1666830469999616221",507,"2023-03-01 18:29:43","Journal article","","","https://scholar.google.com/citations?view_op=view_citation&hl=en&user=-2OhI8YAAAAJ&cstart=500&pagesize=100&citation_for_view=-2OhI8YAAAAJ:mUJArPsKIAAC",4,4,830,836,35,5.83,4,8,6,"","",""
34,"E Istrate, EH Sargent","Measurement of the phase shift upon reflection from photonic crystals",2005,"Applied Physics Letters","","","https://scholar.google.com/scholar?oi=bibs&hl=en&cites=16116352609821631654",513,"2023-03-01 18:29:43","Journal article","","","https://scholar.google.com/citations?view_op=view_citation&hl=en&user=-2OhI8YAAAAJ&cstart=500&pagesize=100&citation_for_view=-2OhI8YAAAAJ:uc_IGeMz5qoC",86,15,151112,151112,34,1.89,17,2,18,"","",""
34,"EKH Ng, EH Sargent","Optimum threshold detection in real-time scalable high-speed multi-wavelength optical code-division multiple-access LANs",2002,"IEEE transactions on communications","","","https://scholar.google.com/scholar?oi=bibs&hl=en&cites=1086470754097794042",514,"2023-03-01 18:29:43","Journal article","","","https://scholar.google.com/citations?view_op=view_citation&hl=en&user=-2OhI8YAAAAJ&cstart=500&pagesize=100&citation_for_view=-2OhI8YAAAAJ:NJ774b8OgUMC",50,5,778,784,34,1.62,17,2,21,"","",""
34,"H Tian, E Sargent","Materials, systems and methods for optoelectronic devices",2013,"US Patent 8,530,940","","","https://scholar.google.com/scholar?oi=bibs&hl=en&cites=3687514518054976903",512,"2023-03-01 18:29:43","Patent","","","https://scholar.google.com/citations?view_op=view_citation&hl=en&user=-2OhI8YAAAAJ&cstart=500&pagesize=100&citation_for_view=-2OhI8YAAAAJ:Nnq8S6OXqDYC",,,,,34,3.40,17,2,10,"","",""
34,"Y Lin, J Zhang, L Brzozowski, EH Sargent, E Kumacheva","Nonlinear optical figures of merit of processible composite of poly(2-methoxy,5-(2′-(ethyl)hexyloxy)-p-phenylene vinylene) and poly(methyl methacrylate)",2002,"Journal of applied physics","","","https://scholar.google.com/scholar?oi=bibs&hl=en&cites=18229948011620529948",515,"2023-03-01 18:29:43","Journal article","","","https://scholar.google.com/citations?view_op=view_citation&hl=en&user=-2OhI8YAAAAJ&cstart=500&pagesize=100&citation_for_view=-2OhI8YAAAAJ:tKAzc9rXhukC",91,1,522,524,34,1.62,7,5,21,"","",""
33,"AJ Labelle, SM Thon, JY Kim, X Lan, D Zhitomirsky, KW Kemp, ...","Conformal fabrication of colloidal quantum dot solids for optically enhanced photovoltaics",2015,"ACS nano","","","https://scholar.google.com/scholar?oi=bibs&hl=en&cites=8916424722724105211",518,"2023-03-01 18:29:43","Journal article","","","https://scholar.google.com/citations?view_op=view_citation&hl=en&user=-2OhI8YAAAAJ&cstart=500&pagesize=100&citation_for_view=-2OhI8YAAAAJ:EYYDruWGBe4C",9,5,5447,5453,33,4.13,5,7,8,"","",""
33,"MJ Choi, YJ Kim, H Lim, E Alarousu, A Adhikari, BS Shaheen, YH Kim, ...","Tuning Solute‐Redistribution Dynamics for Scalable Fabrication of Colloidal Quantum‐Dot Optoelectronics",2019,"Advanced Materials","","","https://scholar.google.com/scholar?oi=bibs&hl=en&cites=7466641910735594451",517,"2023-03-01 18:29:43","Journal article","","","https://scholar.google.com/citations?view_op=view_citation&hl=en&user=-2OhI8YAAAAJ&cstart=500&pagesize=100&citation_for_view=-2OhI8YAAAAJ:jMZTt8odoasC",31,32,1805886,1805886,33,8.25,4,8,4,"","",""
33,"YK Wang, K Singh, JY Li, Y Dong, XQ Wang, JM Pina, YJ Yu, R Sabatini, ...","In Situ Inorganic Ligand Replenishment Enables Bandgap Stability in Mixed‐Halide Perovskite Quantum Dot Solids",2022,"Advanced Materials","","","https://scholar.google.com/scholar?oi=bibs&hl=en&cites=1050495055515342836",516,"2023-03-01 18:29:43","Journal article","","","https://scholar.google.com/citations?view_op=view_citation&hl=en&user=-2OhI8YAAAAJ&cstart=500&pagesize=100&citation_for_view=-2OhI8YAAAAJ:kyHTWmgVackC",34,21,2200854,2200854,33,33.00,4,9,1,"","",""
32,"AH Ip, AJ Labelle, EH Sargent","Efficient, air-stable colloidal quantum dot solar cells encapsulated using atomic layer deposition of a nanolaminate barrier",2013,"Applied Physics Letters","","","https://scholar.google.com/scholar?oi=bibs&hl=en&cites=4095240805720722028",522,"2023-03-01 18:29:43","Journal article","","","https://scholar.google.com/citations?view_op=view_citation&hl=en&user=-2OhI8YAAAAJ&cstart=500&pagesize=100&citation_for_view=-2OhI8YAAAAJ:PoWvk5oyLR8C",103,26,263905,263905,32,3.20,11,3,10,"","",""
32,"GI Koleilat, IJ Kramer, CTO Wong, SM Thon, AJ Labelle, S Hoogland, ...","Folded-light-path colloidal quantum dot solar cells",2013,"Scientific Reports","","","https://scholar.google.com/scholar?oi=bibs&hl=en&cites=2140688453341888870",523,"2023-03-01 18:29:43","Journal article","","","https://scholar.google.com/citations?view_op=view_citation&hl=en&user=-2OhI8YAAAAJ&cstart=500&pagesize=100&citation_for_view=-2OhI8YAAAAJ:2KloaMYe4IUC",3,1,1,5,32,3.20,5,7,10,"","",""
32,"L Zhang, Z Wang, J Das, M Labib, S Ahmed, EH Sargent, SO Kelley","Potential‐Responsive Surfaces for Manipulation of Cell Adhesion, Release, and Differentiation",2019,"Angewandte Chemie International Edition","","","https://scholar.google.com/scholar?oi=bibs&hl=en&cites=14974552558948206743",520,"2023-03-01 18:29:43","Journal article","","","https://scholar.google.com/citations?view_op=view_citation&hl=en&user=-2OhI8YAAAAJ&cstart=500&pagesize=100&citation_for_view=-2OhI8YAAAAJ:w9ZB08sdvuUC",58,41,14519,14523,32,8.00,5,7,4,"","",""
32,"MD Ooms, PJ Graham, B Nguyen, EH Sargent, D Sinton","Light dilution via wavelength management for efficient high‐density photobioreactors",2017,"Biotechnology and bioengineering","","","https://scholar.google.com/scholar?oi=bibs&hl=en&cites=15921188136032486422",521,"2023-03-01 18:29:43","Journal article","","","https://scholar.google.com/citations?view_op=view_citation&hl=en&user=-2OhI8YAAAAJ&cstart=500&pagesize=100&citation_for_view=-2OhI8YAAAAJ:naSTrk-c4S8C",114,6,1160,1169,32,5.33,6,5,6,"","",""
32,"N Wang, A Xu, P Ou, SF Hung, A Ozden, YR Lu, J Abed, Z Wang, Y Yan, ...","Boride-derived oxygen-evolution catalysts",2021,"Nature communications","","","https://scholar.google.com/scholar?oi=bibs&hl=en&cites=8924086731804458663",519,"2023-03-01 18:29:43","Journal article","","","https://scholar.google.com/citations?view_op=view_citation&hl=en&user=-2OhI8YAAAAJ&cstart=500&pagesize=100&citation_for_view=-2OhI8YAAAAJ:3q5vy9RXY8EC",12,1,6089,6089,32,16.00,3,10,2,"","",""
31,"A Bibi, I Lee, Y Nah, O Allam, H Kim, LN Quan, J Tang, A Walsh, SS Jang, ...","Lead-free halide double perovskites: Toward stable and sustainable optoelectronic devices",2021,"Materials Today","","","https://scholar.google.com/scholar?oi=bibs&hl=en&cites=404414383154797289",524,"2023-03-01 18:29:43","Journal article","","","https://scholar.google.com/citations?view_op=view_citation&hl=en&user=-2OhI8YAAAAJ&cstart=500&pagesize=100&citation_for_view=-2OhI8YAAAAJ:-0tLmPFCw2kC",49,,123,144,31,15.50,3,10,2,"","",""
31,"A Buin, R Comin, AH Ip, EH Sargent","Perovskite quantum dots modeled using ab initio and replica exchange molecular dynamics",2015,"The Journal of Physical Chemistry C","","","https://scholar.google.com/scholar?oi=bibs&hl=en&cites=9956176214393263743",526,"2023-03-01 18:29:43","Journal article","","","https://scholar.google.com/citations?view_op=view_citation&hl=en&user=-2OhI8YAAAAJ&cstart=500&pagesize=100&citation_for_view=-2OhI8YAAAAJ:HtS1dXgVpQUC",119,24,13965,13971,31,3.88,8,4,8,"","",""
31,"EH Sargent","Solution-processed infrared optoelectronics: Photovoltaics, sensors, and sources",2008,"IEEE Journal of Selected Topics in Quantum Electronics","","","https://scholar.google.com/scholar?oi=bibs&hl=en&cites=5886777428250933362",527,"2023-03-01 18:29:43","Journal article","","","https://scholar.google.com/citations?view_op=view_citation&hl=en&user=-2OhI8YAAAAJ&cstart=500&pagesize=100&citation_for_view=-2OhI8YAAAAJ:ML0RJ9NH7IQC",14,4,1223,1229,31,2.07,31,1,15,"","",""
31,"M Askerka, Z Li, M Lempen, Y Liu, A Johnston, MI Saidaminov, Z Zajacz, ...","Learning-in-templates enables accelerated discovery and synthesis of new stable double perovskites",2019,"Journal of the American Chemical Society","","","https://scholar.google.com/scholar?oi=bibs&hl=en&cites=6853672085965092152",525,"2023-03-01 18:29:43","Journal article","","","https://scholar.google.com/citations?view_op=view_citation&hl=en&user=-2OhI8YAAAAJ&cstart=500&pagesize=100&citation_for_view=-2OhI8YAAAAJ:koF6b02d8EEC",141,8,3682,3690,31,7.75,4,8,4,"","",""
31,"TWF Chang, EH Sargent","Optimizing spectral efficiency in multiwavelength optical CDMA system",2003,"IEEE transactions on communications","","","https://scholar.google.com/scholar?oi=bibs&hl=en&cites=4834199768021233794",528,"2023-03-01 18:29:43","Journal article","","","https://scholar.google.com/citations?view_op=view_citation&hl=en&user=-2OhI8YAAAAJ&cstart=500&pagesize=100&citation_for_view=-2OhI8YAAAAJ:evX43VCCuoAC",51,9,1442,1445,31,1.55,16,2,20,"","",""
30,"A Shik, H Ruda, EH Sargent","Photoelectric phenomena in polymer-based composites",2000,"Journal of Applied Physics","","","https://scholar.google.com/scholar?oi=bibs&hl=en&cites=8600057170082568714",536,"2023-03-01 18:29:43","Journal article","","","https://scholar.google.com/citations?view_op=view_citation&hl=en&user=-2OhI8YAAAAJ&cstart=500&pagesize=100&citation_for_view=-2OhI8YAAAAJ:AvfA0Oy_GE0C",88,6,3448,3453,30,1.30,10,3,23,"","",""
30,"J Bylsma, P Dey, J Paul, S Hoogland, EH Sargent, JM Luther, MC Beard, ...","Quantum beats due to excitonic ground-state splitting in colloidal quantum dots",2012,"Physical Review B","","","https://scholar.google.com/scholar?oi=bibs&hl=en&cites=13684706970563557242",533,"2023-03-01 18:29:43","Journal article","","","https://scholar.google.com/citations?view_op=view_citation&hl=en&user=-2OhI8YAAAAJ&cstart=500&pagesize=100&citation_for_view=-2OhI8YAAAAJ:foquWX3nUaYC",86,12,125322,125322,30,2.73,4,8,11,"","",""
30,"KM Boopathi, B Martín-García, A Ray, JM Pina, S Marras, MI Saidaminov, ...","Permanent lattice compression of lead-halide perovskite for persistently enhanced optoelectronic properties",2020,"ACS Energy Letters","","","https://scholar.google.com/scholar?oi=bibs&hl=en&cites=9892514813078138102",530,"2023-03-01 18:29:43","Journal article","","","https://scholar.google.com/citations?view_op=view_citation&hl=en&user=-2OhI8YAAAAJ&cstart=500&pagesize=100&citation_for_view=-2OhI8YAAAAJ:dT4-KZ621vcC",5,2,642,649,30,10.00,4,7,3,"","",""
30,"L Zhang, SR Jean, X Li, T Sack, Z Wang, S Ahmed, G Chan, J Das, ...","Programmable metal/semiconductor nanostructures for mRNA-modulated molecular delivery",2018,"Nano letters","","","https://scholar.google.com/scholar?oi=bibs&hl=en&cites=10559410884548082134",531,"2023-03-01 18:29:43","Journal article","","","https://scholar.google.com/citations?view_op=view_citation&hl=en&user=-2OhI8YAAAAJ&cstart=500&pagesize=100&citation_for_view=-2OhI8YAAAAJ:dFKc6_kCK1wC",18,10,6222,6228,30,6.00,3,9,5,"","",""
30,"N Barakat, EH Sargent","An accurate model for evaluating blocking probabilities in multi-class OBS systems",2004,"IEEE communications letters","","","https://scholar.google.com/scholar?oi=bibs&hl=en&cites=17726031713638827346",535,"2023-03-01 18:29:43","Journal article","","","https://scholar.google.com/citations?view_op=view_citation&hl=en&user=-2OhI8YAAAAJ&cstart=500&pagesize=100&citation_for_view=-2OhI8YAAAAJ:_Ybze24A_UAC",8,2,119,121,30,1.58,15,2,19,"","",""
30,"N Wang, M Liu, H Tan, J Liang, Q Zhang, C Wei, Y Zhao, EH Sargent, ...","Compound homojunction: heterojunction reduces bulk and interface recombination in ZnO photoanodes for water splitting",2017,"small","","","https://scholar.google.com/scholar?oi=bibs&hl=en&cites=8363225309117488630",532,"2023-03-01 18:29:43","Journal article","","","https://scholar.google.com/citations?view_op=view_citation&hl=en&user=-2OhI8YAAAAJ&cstart=500&pagesize=100&citation_for_view=-2OhI8YAAAAJ:2ywjKiB__4kC",13,10,1603527,1603527,30,5.00,3,9,6,"","",""
30,"PW Cyr, EJD Klem, EH Sargent, I Manners","Photoconductivity in Donor− Acceptor Polyferrocenylsilane− Fullerene Composite Films",2005,"Chemistry of materials","","","https://scholar.google.com/scholar?oi=bibs&hl=en&cites=8237057400320824126",534,"2023-03-01 18:29:43","Journal article","","","https://scholar.google.com/citations?view_op=view_citation&hl=en&user=-2OhI8YAAAAJ&cstart=500&pagesize=100&citation_for_view=-2OhI8YAAAAJ:VLnqNzywnoUC",17,23,5770,5773,30,1.67,8,4,18,"","",""
30,"S Teale, AH Proppe, EH Jung, A Johnston, DH Parmar, B Chen, Y Hou, ...","Dimensional mixing increases the efficiency of 2D/3D perovskite solar cells",2020,"The Journal of Physical Chemistry Letters","","","https://scholar.google.com/scholar?oi=bibs&hl=en&cites=9738072499764804547",529,"2023-03-01 18:29:43","Journal article","","","https://scholar.google.com/citations?view_op=view_citation&hl=en&user=-2OhI8YAAAAJ&cstart=500&pagesize=100&citation_for_view=-2OhI8YAAAAJ:C-SEpTPhZ1wC",11,13,5115,5119,30,10.00,4,8,3,"","",""
29,"D Ban, EH Sargent, SJ Dixon-Warren, I Calder, T Grevatt, G Knight, ...","Two-dimensional transverse cross-section nanopotentiometry of actively driven buried-heterostructure multiple-quantum-well lasers",2002,"Journal of Vacuum Science &Technology B: Microelectronics and Nanometer …","","","https://scholar.google.com/scholar?oi=bibs&hl=en&cites=11572401217948415556",543,"2023-03-01 18:29:43","Journal article","","","https://scholar.google.com/citations?view_op=view_citation&hl=en&user=-2OhI8YAAAAJ&cstart=500&pagesize=100&citation_for_view=-2OhI8YAAAAJ:fEOibwPWpKIC",,,,,29,1.38,4,7,21,"","",""
29,"DAR Barkhouse, IJ Kramer, X Wang, EH Sargent","Dead zones in colloidal quantum dot photovoltaics: evidence and implications",2010,"Optics Express 18 (103), A451-A","","","https://scholar.google.com/scholar?oi=bibs&hl=en&cites=2644327996164106246",540,"2023-03-01 18:29:43","Journal article","","","https://scholar.google.com/citations?view_op=view_citation&hl=en&user=-2OhI8YAAAAJ&cstart=500&pagesize=100&citation_for_view=-2OhI8YAAAAJ:hMsQuOkrut0C",457,,,,29,2.23,7,4,13,"","",""
29,"EH Sargent","Integrated multi-wavelength and wideband lasers",2003,"US Patent 6,628,686","","","https://scholar.google.com/scholar?oi=bibs&hl=en&cites=6577572487603552311",542,"2023-03-01 18:29:43","Patent","","","https://scholar.google.com/citations?view_op=view_citation&hl=en&user=-2OhI8YAAAAJ&cstart=500&pagesize=100&citation_for_view=-2OhI8YAAAAJ:kuK5TVdYjLIC",,,,,29,1.45,29,1,20,"","",""
29,"H Choubisa, M Askerka, K Ryczko, O Voznyy, K Mills, I Tamblyn, ...","Crystal site feature embedding enables exploration of large chemical spaces",2020,"Matter","","","https://scholar.google.com/scholar?oi=bibs&hl=en&cites=6352416726337255024",539,"2023-03-01 18:29:43","Journal article","","","https://scholar.google.com/citations?view_op=view_citation&hl=en&user=-2OhI8YAAAAJ&cstart=500&pagesize=100&citation_for_view=-2OhI8YAAAAJ:5N-NJrZHaHcC",3,2,433,448,29,9.67,4,7,3,"","",""
29,"M De Bastiani, E Van Kerschaver, Q Jeangros, A Ur Rehman, E Aydin, ...","Toward stable monolithic perovskite/silicon tandem photovoltaics: a six-month outdoor performance study in a hot and humid climate",2021,"ACS Energy Letters","","","https://scholar.google.com/scholar?oi=bibs&hl=en&cites=6777032857944041190",538,"2023-03-01 18:29:43","Journal article","","","https://scholar.google.com/citations?view_op=view_citation&hl=en&user=-2OhI8YAAAAJ&cstart=500&pagesize=100&citation_for_view=-2OhI8YAAAAJ:QC-2xSqExF4C",6,8,2944,2951,29,14.50,5,6,2,"","",""
29,"M Nanjo, PW Cyr, K Liu, EH Sargent, I Manners","Donor–Acceptor C60‐Containing Polyferrocenylsilanes: Synthesis, Characterization, and Applications in Photodiode Devices",2008,"Advanced Functional Materials","","","https://scholar.google.com/scholar?oi=bibs&hl=en&cites=11227444438025581163",541,"2023-03-01 18:29:43","Journal article","","","https://scholar.google.com/citations?view_op=view_citation&hl=en&user=-2OhI8YAAAAJ&cstart=500&pagesize=100&citation_for_view=-2OhI8YAAAAJ:7T2F9Uy0os0C",18,3,470,477,29,1.93,6,5,15,"","",""
29,"X Wang, P Ou, A Ozden, SF Hung, J Tam, CM Gabardo, JY Howe, J Sisler, ...","Efficient electrosynthesis of n-propanol from carbon monoxide using a Ag–Ru–Cu catalyst",2022,"Nature Energy","","","https://scholar.google.com/scholar?oi=bibs&hl=en&cites=8771907759629726343",537,"2023-03-01 18:29:43","Journal article","","","https://scholar.google.com/citations?view_op=view_citation&hl=en&user=-2OhI8YAAAAJ&cstart=500&pagesize=100&citation_for_view=-2OhI8YAAAAJ:M3hCyctIOBoC",7,2,170,176,29,29.00,3,9,1,"","",""
28,"J Wang, A Mandelis, A Melnikov, S Hoogland, EH Sargent","Exciton lifetime broadening and distribution profiles of PbS colloidal quantum dot thin films using frequency-and temperature-scanned photocarrier radiometry",2013,"The Journal of Physical Chemistry C","","","https://scholar.google.com/scholar?oi=bibs&hl=en&cites=5931032970759979521",546,"2023-03-01 18:29:43","Journal article","","","https://scholar.google.com/citations?view_op=view_citation&hl=en&user=-2OhI8YAAAAJ&cstart=500&pagesize=100&citation_for_view=-2OhI8YAAAAJ:WZBGuue-350C",117,44,23333,23348,28,2.80,6,5,10,"","",""
28,"M Labib, Z Wang, SU Ahmed, RM Mohamadi, B Duong, B Green, ...","Tracking the expression of therapeutic protein targets in rare cells by antibody-mediated nanoparticle labelling and magnetic sorting",2021,"Nature biomedical engineering","","","https://scholar.google.com/scholar?oi=bibs&hl=en&cites=15675551976200035820",544,"2023-03-01 18:29:43","Journal article","","","https://scholar.google.com/citations?view_op=view_citation&hl=en&user=-2OhI8YAAAAJ&cstart=500&pagesize=100&citation_for_view=-2OhI8YAAAAJ:EcS_2O1c4Q0C",5,1,41,52,28,14.00,4,7,2,"","",""
28,"O Ouellette, A Lesage‐Landry, B Scheffel, S Hoogland, ...","Spatial collection in colloidal quantum dot solar cells",2020,"Advanced Functional Materials","","","https://scholar.google.com/scholar?oi=bibs&hl=en&cites=12296109887674048101",545,"2023-03-01 18:29:43","Journal article","","","https://scholar.google.com/citations?view_op=view_citation&hl=en&user=-2OhI8YAAAAJ&cstart=500&pagesize=100&citation_for_view=-2OhI8YAAAAJ:VHM5RxzNINsC",30,1,1908200,1908200,28,9.33,6,5,3,"","",""
27,"AJ Labelle, M Bonifazi, Y Tian, C Wong, S Hoogland, G Favraud, ...","Broadband epsilon-near-zero reflectors enhance the quantum efficiency of thin solar cells at visible and infrared wavelengths",2017,"ACS Applied Materials &Interfaces","","","https://scholar.google.com/scholar?oi=bibs&hl=en&cites=7679057982336189627",550,"2023-03-01 18:29:43","Journal article","","","https://scholar.google.com/citations?view_op=view_citation&hl=en&user=-2OhI8YAAAAJ&cstart=500&pagesize=100&citation_for_view=-2OhI8YAAAAJ:X9ykpCP0fEIC",9,6,5556,5565,27,4.50,4,7,6,"","",""
27,"GI Koleilat, X Wang, AJ Labelle, AH Ip, GH Carey, A Fischer, L Levina, ...","A donor-supply electrode (DSE) for colloidal quantum dot photovoltaics",2011,"Nano letters","","","https://scholar.google.com/scholar?oi=bibs&hl=en&cites=904276626738746926",551,"2023-03-01 18:29:43","Journal article","","","https://scholar.google.com/citations?view_op=view_citation&hl=en&user=-2OhI8YAAAAJ&cstart=500&pagesize=100&citation_for_view=-2OhI8YAAAAJ:z_wVstp3MssC",11,12,5173,5178,27,2.25,3,8,12,"","",""
27,"H Chen, JM Pina, Y Hou, EH Sargent","Synthesis, applications, and prospects of quantum‐dot‐in‐perovskite solids",2022,"Advanced Energy Materials","","","https://scholar.google.com/scholar?oi=bibs&hl=en&cites=5817751123351170057",547,"2023-03-01 18:29:43","Journal article","","","https://scholar.google.com/citations?view_op=view_citation&hl=en&user=-2OhI8YAAAAJ&cstart=500&pagesize=100&citation_for_view=-2OhI8YAAAAJ:-XtG2q47PdUC",12,4,2100774,2100774,27,27.00,7,4,1,"","",""
27,"H Yuan, E Debroye, E Bladt, G Lu, M Keshavarz, KPF Janssen, ...","Imaging heterogeneously distributed photo‐active traps in perovskite single crystals",2018,"Advanced Materials","","","https://scholar.google.com/scholar?oi=bibs&hl=en&cites=13898250858163107595",548,"2023-03-01 18:29:43","Journal article","","","https://scholar.google.com/citations?view_op=view_citation&hl=en&user=-2OhI8YAAAAJ&cstart=500&pagesize=100&citation_for_view=-2OhI8YAAAAJ:7VEv-pLvLSsC",30,13,1705494,1705494,27,5.40,4,7,5,"","",""
27,"Q Chen, EH Sargent, N Leclerc, AJ Attias","Wavelength dependence and figures of merit of ultrafast third-order optical nonlinearity of a conjugated 3, 3′-bipyridine derivative",2003,"Applied optics","","","https://scholar.google.com/scholar?oi=bibs&hl=en&cites=2418484949009025145",553,"2023-03-01 18:29:43","Journal article","","","https://scholar.google.com/citations?view_op=view_citation&hl=en&user=-2OhI8YAAAAJ&cstart=500&pagesize=100&citation_for_view=-2OhI8YAAAAJ:ipzZ9siozwsC",42,36,7235,7241,27,1.35,7,4,20,"","",""
27,"S Ghosh, S Hoogland, V Sukhovatkin, L Levina, EH Sargent","A tunable colloidal quantum dot photo field-effect transistor",2011,"Applied Physics Letters","","","https://scholar.google.com/scholar?oi=bibs&hl=en&cites=10318692489409601921",552,"2023-03-01 18:29:43","Journal article","","","https://scholar.google.com/citations?view_op=view_citation&hl=en&user=-2OhI8YAAAAJ&cstart=500&pagesize=100&citation_for_view=-2OhI8YAAAAJ:4MWp96NkSFoC",99,10,101102,101102,27,2.25,5,5,12,"","",""
27,"T Kim, E Palmiano, RZ Liang, H Hu, B Murali, AR Kirmani, Y Firdaus, ...","Hybrid tandem quantum dot/organic photovoltaic cells with complementary near infrared absorption",2017,"Applied Physics Letters","","","https://scholar.google.com/scholar?oi=bibs&hl=en&cites=15305544869065293380",549,"2023-03-01 18:29:43","Journal article","","","https://scholar.google.com/citations?view_op=view_citation&hl=en&user=-2OhI8YAAAAJ&cstart=500&pagesize=100&citation_for_view=-2OhI8YAAAAJ:_tF6a-HnqWAC",110,22,223903,223903,27,4.50,3,8,6,"","",""
26,"E Sargent","A sensitive pair",2012,"Nature nanotechnology","","","https://scholar.google.com/scholar?oi=bibs&hl=en&cites=1102129606852365945",559,"2023-03-01 18:29:43","Journal article","","","https://scholar.google.com/citations?view_op=view_citation&hl=en&user=-2OhI8YAAAAJ&cstart=500&pagesize=100&citation_for_view=-2OhI8YAAAAJ:BwyfMAYsbu0C",7,6,349,350,26,2.36,26,1,11,"","",""
26,"EH Sargent, GL Tan, JM Xu","Physical model of OEIC-compatible lateral current injection lasers",1997,"IEEE Journal of Selected Topics in Quantum Electronics","","","https://scholar.google.com/scholar?oi=bibs&hl=en&cites=1668449310317512091",560,"2023-03-01 18:29:43","Journal article","","","https://scholar.google.com/citations?view_op=view_citation&hl=en&user=-2OhI8YAAAAJ&cstart=500&pagesize=100&citation_for_view=-2OhI8YAAAAJ:W5xh706n7nkC",3,2,507,512,26,1.00,9,3,26,"","",""
26,"EH Sargent, J Tang","Colloidal nanoparticle materials for photodetectors and photovoltaics",2013,"US Patent 8,415,192","","","https://scholar.google.com/scholar?oi=bibs&hl=en&cites=14928962847491012889",558,"2023-03-01 18:29:43","Patent","","","https://scholar.google.com/citations?view_op=view_citation&hl=en&user=-2OhI8YAAAAJ&cstart=500&pagesize=100&citation_for_view=-2OhI8YAAAAJ:Ri6SYOTghG4C",,,,,26,2.60,13,2,10,"","",""
26,"GD Scholes, EH Sargent","Boosting plant biology",2014,"Nature materials","","","https://scholar.google.com/scholar?oi=bibs&hl=en&cites=18344317142570382435",557,"2023-03-01 18:29:43","Journal article","","","https://scholar.google.com/citations?view_op=view_citation&hl=en&user=-2OhI8YAAAAJ&cstart=500&pagesize=100&citation_for_view=-2OhI8YAAAAJ:lvd772isFD0C",13,4,329,331,26,2.89,13,2,9,"","",""
26,"O Ouellette, N Hossain, BR Sutherland, A Kiani, FP García de Arquer, ...","Optical resonance engineering for infrared colloidal quantum dot photovoltaics",2016,"ACS Energy Letters","","","https://scholar.google.com/scholar?oi=bibs&hl=en&cites=3698910582116718941",556,"2023-03-01 18:29:43","Journal article","","","https://scholar.google.com/citations?view_op=view_citation&hl=en&user=-2OhI8YAAAAJ&cstart=500&pagesize=100&citation_for_view=-2OhI8YAAAAJ:hsZV8lGYWTMC",1,4,852,857,26,3.71,4,6,7,"","",""
26,"Q Wu, X Gong, D Zhao, YB Zhao, F Cao, H Wang, S Wang, J Zhang, ...","Efficient Tandem Quantum‐Dot LEDs Enabled by An Inorganic Semiconductor‐Metal‐Dielectric Interconnecting Layer Stack",2022,"Advanced Materials","","","https://scholar.google.com/scholar?oi=bibs&hl=en&cites=3812264325593025257",554,"2023-03-01 18:29:43","Journal article","","","https://scholar.google.com/citations?view_op=view_citation&hl=en&user=-2OhI8YAAAAJ&cstart=500&pagesize=100&citation_for_view=-2OhI8YAAAAJ:EVKlETVVbN8C",34,4,2108150,2108150,26,26.00,3,9,1,"","",""
26,"S Ashhab, O Voznyy, S Hoogland, EH Sargent, ME Madjet","Effect of disorder on transport properties in a tight-binding model for lead halide perovskites",2017,"Scientific reports","","","https://scholar.google.com/scholar?oi=bibs&hl=en&cites=11964420991568031123",555,"2023-03-01 18:29:43","Journal article","","","https://scholar.google.com/citations?view_op=view_citation&hl=en&user=-2OhI8YAAAAJ&cstart=500&pagesize=100&citation_for_view=-2OhI8YAAAAJ:Zh0EY9V9P6UC",7,1,8902,8902,26,4.33,5,5,6,"","",""
25,"A Sedighian Rasouli, X Wang, J Wicks, G Lee, T Peng, F Li, C McCallum, ...","CO2 Electroreduction to Methane at Production Rates Exceeding 100 mA/cm2",2020,"ACS Sustainable Chemistry &Engineering","","","https://scholar.google.com/scholar?oi=bibs&hl=en&cites=13013285674733331976",561,"2023-03-01 18:29:43","Journal article","","","https://scholar.google.com/citations?view_op=view_citation&hl=en&user=-2OhI8YAAAAJ&cstart=500&pagesize=100&citation_for_view=-2OhI8YAAAAJ:jODAHDUrbwUC",8,39,14668,14673,25,8.33,3,8,3,"","",""
25,"AR Kirmani, G Walters, T Kim, EH Sargent, A Amassian","Optimizing solid-state ligand exchange for colloidal quantum dot optoelectronics: How much is enough?",2020,"ACS Applied Energy Materials","","","https://scholar.google.com/scholar?oi=bibs&hl=en&cites=15497672169899018044",562,"2023-03-01 18:29:43","Journal article","","","https://scholar.google.com/citations?view_op=view_citation&hl=en&user=-2OhI8YAAAAJ&cstart=500&pagesize=100&citation_for_view=-2OhI8YAAAAJ:rAN7mHg6NlYC",3,6,5385,5392,25,8.33,5,5,3,"","",""
25,"B Lam, W Zhou, SO Kelley, EH Sargent","Programmable definition of nanogap electronic devices using self-inhibited reagent depletion",2015,"Nature communications","","","https://scholar.google.com/scholar?oi=bibs&hl=en&cites=1315380572868629289",565,"2023-03-01 18:29:43","Journal article","","","https://scholar.google.com/citations?view_op=view_citation&hl=en&user=-2OhI8YAAAAJ&cstart=500&pagesize=100&citation_for_view=-2OhI8YAAAAJ:OR75R8vi5nAC",6,1,6940,6940,25,3.13,6,4,8,"","",""
25,"E Sargent, G Konstantatos, L Levina, I Howard, EJD Klem, J Clifford","Methods of making quantum dot films",2011,"US Patent 7,881,091","","","https://scholar.google.com/scholar?oi=bibs&hl=en&cites=8313260462731413741",567,"2023-03-01 18:29:43","Patent","","","https://scholar.google.com/citations?view_op=view_citation&hl=en&user=-2OhI8YAAAAJ&cstart=500&pagesize=100&citation_for_view=-2OhI8YAAAAJ:CCeGMaHljPEC",,,,,25,2.08,4,6,12,"","",""
25,"L Hu, A Mandelis, Z Yang, X Guo, X Lan, M Liu, G Walters, A Melnikov, ...","Temperature-and ligand-dependent carrier transport dynamics in photovoltaic PbS colloidal quantum dot thin films using diffusion-wave methods",2017,"Solar Energy Materials and Solar Cells","","","https://scholar.google.com/scholar?oi=bibs&hl=en&cites=4569700670485094356",564,"2023-03-01 18:29:43","Journal article","","","https://scholar.google.com/citations?view_op=view_citation&hl=en&user=-2OhI8YAAAAJ&cstart=500&pagesize=100&citation_for_view=-2OhI8YAAAAJ:IsPWOBWtZBwC",164,,135,145,25,4.17,3,9,6,"","",""
25,"M Poudineh, RM Mohamadi, A Sage, L Mahmoudian, EH Sargent, ...","Three-dimensional, sharp-tipped electrodes concentrate applied fields to enable direct electrical release of intact biomarkers from cells",2014,"Lab on a Chip","","","https://scholar.google.com/scholar?oi=bibs&hl=en&cites=9696791630231887257",566,"2023-03-01 18:29:43","Journal article","","","https://scholar.google.com/citations?view_op=view_citation&hl=en&user=-2OhI8YAAAAJ&cstart=500&pagesize=100&citation_for_view=-2OhI8YAAAAJ:yqoGN6RLRZoC",14,10,1785,1790,25,2.78,4,6,9,"","",""
25,"NY Winnie, L Brzozowski, EH Sargent, D Pelinovsky","Stable all-optical limiting in nonlinear periodic structures. III. Nonsolitonic pulse propagation",2003,"JOSA B","","","https://scholar.google.com/scholar?oi=bibs&hl=en&cites=8585683811759498043",568,"2023-03-01 18:29:43","Journal article","","","https://scholar.google.com/citations?view_op=view_citation&hl=en&user=-2OhI8YAAAAJ&cstart=500&pagesize=100&citation_for_view=-2OhI8YAAAAJ:yB1At4FlUx8C",20,4,695,705,25,1.25,6,4,20,"","",""
25,"PM Aldridge, M Mukhopadhyay, SU Ahmed, W Zhou, E Christinck, ...","Prismatic deflection of live tumor cells and cell clusters",2018,"ACS nano","","","https://scholar.google.com/scholar?oi=bibs&hl=en&cites=5891873641107981420",563,"2023-03-01 18:29:43","Journal article","","","https://scholar.google.com/citations?view_op=view_citation&hl=en&user=-2OhI8YAAAAJ&cstart=500&pagesize=100&citation_for_view=-2OhI8YAAAAJ:1_W9tMSvGuwC",12,12,12692,12700,25,5.00,4,6,5,"","",""
24,"C Ni, Y Huang, T Zeng, D Chen, H Chen, M Wei, A Johnston, AH Proppe, ...","Thiophene Cation Intercalation to Improve Band‐Edge Integrity in Reduced‐Dimensional Perovskites",2020,"Angewandte Chemie","","","https://scholar.google.com/scholar?oi=bibs&hl=en&cites=14386180748433872862",572,"2023-03-01 18:29:43","Journal article","","","https://scholar.google.com/citations?view_op=view_citation&hl=en&user=-2OhI8YAAAAJ&cstart=500&pagesize=100&citation_for_view=-2OhI8YAAAAJ:6LV2YwJzdtgC",132,33,14081,14087,24,8.00,3,9,3,"","",""
24,"F Tan, MI Saidaminov, H Tan, JZ Fan, Y Wang, S Yue, X Wang, Z Shen, ...","Dual coordination of Ti and Pb using bilinkable ligands improves perovskite solar cell performance and stability",2020,"Advanced Functional Materials","","","https://scholar.google.com/scholar?oi=bibs&hl=en&cites=11268503515294700447",571,"2023-03-01 18:29:43","Journal article","","","https://scholar.google.com/citations?view_op=view_citation&hl=en&user=-2OhI8YAAAAJ&cstart=500&pagesize=100&citation_for_view=-2OhI8YAAAAJ:rKYHOwt5kWwC",30,45,2005155,2005155,24,8.00,3,9,3,"","",""
24,"KW Kemp, CTO Wong, SH Hoogland, EH Sargent","Photocurrent extraction efficiency in colloidal quantum dot photovoltaics",2013,"Applied Physics Letters","","","https://scholar.google.com/scholar?oi=bibs&hl=en&cites=15715855897419670645",575,"2023-03-01 18:29:43","Journal article","","","https://scholar.google.com/citations?view_op=view_citation&hl=en&user=-2OhI8YAAAAJ&cstart=500&pagesize=100&citation_for_view=-2OhI8YAAAAJ:mlAyqtXpCwEC",103,21,211101,211101,24,2.40,6,4,10,"","",""
24,"L Soleymani, Z Fang, SO Kelley, EH Sargent","Integrated nanostructures for direct detection of DNA at attomolar concentrations",2009,"Applied Physics Letters","","","https://scholar.google.com/scholar?oi=bibs&hl=en&cites=646645629899900339",576,"2023-03-01 18:29:43","Journal article","","","https://scholar.google.com/citations?view_op=view_citation&hl=en&user=-2OhI8YAAAAJ&cstart=500&pagesize=100&citation_for_view=-2OhI8YAAAAJ:FPJr55Dyh1AC",95,14,143701,143701,24,1.71,6,4,14,"","",""
24,"MJ Sun, C Zheng, Y Gao, A Johnston, AM Najarian, PX Wang, O Voznyy, ...","Linear Electro‐Optic Modulation in Highly Polarizable Organic Perovskites",2021,"Advanced Materials","","","https://scholar.google.com/scholar?oi=bibs&hl=en&cites=9953104092826249533",570,"2023-03-01 18:29:43","Journal article","","","https://scholar.google.com/citations?view_op=view_citation&hl=en&user=-2OhI8YAAAAJ&cstart=500&pagesize=100&citation_for_view=-2OhI8YAAAAJ:qzPvQt7yPGwC",33,4,2006368,2006368,24,12.00,3,8,2,"","",""
24,"R Quintero-Bermudez, RP Sabatini, M Lejay, O Voznyy, EH Sargent","Small-band-offset perovskite shells increase Auger lifetime in quantum dot solids",2017,"ACS nano","","","https://scholar.google.com/scholar?oi=bibs&hl=en&cites=2063407633383374217",573,"2023-03-01 18:29:43","Journal article","","","https://scholar.google.com/citations?view_op=view_citation&hl=en&user=-2OhI8YAAAAJ&cstart=500&pagesize=100&citation_for_view=-2OhI8YAAAAJ:SpPTWFSNUtQC",11,12,12378,12384,24,4.00,5,5,6,"","",""
24,"T Burdyny, J Riordon, CT Dinh, EH Sargent, D Sinton","Self-assembled nanoparticle-stabilized photocatalytic reactors",2016,"Nanoscale","","","https://scholar.google.com/scholar?oi=bibs&hl=en&cites=7330882208659947553",574,"2023-03-01 18:29:43","Journal article","","","https://scholar.google.com/citations?view_op=view_citation&hl=en&user=-2OhI8YAAAAJ&cstart=500&pagesize=100&citation_for_view=-2OhI8YAAAAJ:NyGDZy8z5eUC",8,4,2107,2115,24,3.43,5,5,7,"","",""
24,"Y Xie, P Ou, X Wang, Z Xu, YC Li, Z Wang, JE Huang, J Wicks, ...","High carbon utilization in CO2 reduction to multi-carbon products in acidic media",2022,"Nature Catalysis","","","https://scholar.google.com/scholar?oi=bibs&hl=en&cites=15434100721319965030",569,"2023-03-01 18:29:43","Journal article","","","https://scholar.google.com/citations?view_op=view_citation&hl=en&user=-2OhI8YAAAAJ&cstart=500&pagesize=100&citation_for_view=-2OhI8YAAAAJ:PN3Jufe71OMC",5,6,564,570,24,24.00,3,9,1,"","",""
23,"B Lam, RD Holmes, J Das, M Poudineh, A Sage, EH Sargent, SO Kelley","Optimized templates for bottom-up growth of high-performance integrated biomolecular detectors",2013,"Lab on a Chip","","","https://scholar.google.com/scholar?oi=bibs&hl=en&cites=3010150765684770171",580,"2023-03-01 18:29:43","Journal article","","","https://scholar.google.com/citations?view_op=view_citation&hl=en&user=-2OhI8YAAAAJ&cstart=500&pagesize=100&citation_for_view=-2OhI8YAAAAJ:SpbeaW3--B0C",13,13,2569,2575,23,2.30,3,7,10,"","",""
23,"GH Kim, B Walker, D Zhitomirsky, J Heo, SJ Ko, J Park, EH Sargent, ...","Synergistic photocurrent addition in hybrid quantum dot: Bulk heterojunction solar cells",2015,"Nano energy","","","https://scholar.google.com/scholar?oi=bibs&hl=en&cites=2567238163233934036",579,"2023-03-01 18:29:43","Journal article","","","https://scholar.google.com/citations?view_op=view_citation&hl=en&user=-2OhI8YAAAAJ&cstart=500&pagesize=100&citation_for_view=-2OhI8YAAAAJ:3htObqc8RwsC",13,,491,499,23,2.88,3,8,8,"","",""
23,"H Tian, E Sargent","Materials, systems and methods for optoelectronic devices",2018,"US Patent 9,871,160","","","https://scholar.google.com/scholar?oi=bibs&hl=en&cites=15398472896609995287",578,"2023-03-01 18:29:43","Patent","","","https://scholar.google.com/citations?view_op=view_citation&hl=en&user=-2OhI8YAAAAJ&cstart=500&pagesize=100&citation_for_view=-2OhI8YAAAAJ:NXYAu82O0W8C",,,,,23,4.60,12,2,5,"","",""
23,"M Biondi, MJ Choi, S Lee, K Bertens, M Wei, AR Kirmani, G Lee, HT Kung, ...","Control over ligand exchange reactivity in hole transport layer enables high-efficiency colloidal quantum dot solar cells",2021,"ACS Energy Letters","","","https://scholar.google.com/scholar?oi=bibs&hl=en&cites=9837093327359799465",577,"2023-03-01 18:29:43","Journal article","","","https://scholar.google.com/citations?view_op=view_citation&hl=en&user=-2OhI8YAAAAJ&cstart=500&pagesize=100&citation_for_view=-2OhI8YAAAAJ:GUJN1xMjMHAC",6,2,468,476,23,11.50,3,9,2,"","",""
22,"A Bernstein, EH Sargent, A Aspuru-Guzik, R Cogdell, GR Fleming, ...","Renewables need a grand-challenge strategy",2016,"Nature","","","https://scholar.google.com/scholar?oi=bibs&hl=en&cites=2920149403784129178",587,"2023-03-01 18:29:43","Journal article","","","https://scholar.google.com/citations?view_op=view_citation&hl=en&user=-2OhI8YAAAAJ&cstart=500&pagesize=100&citation_for_view=-2OhI8YAAAAJ:An6A6Jpfc1oC",538,7623,30,30,22,3.14,4,6,7,"","",""
22,"JD Besant, J Das, IB Burgess, W Liu, EH Sargent, SO Kelley","Ultrasensitive visual read-out of nucleic acids using electrocatalytic fluid displacement",2015,"Nature communications","","","https://scholar.google.com/scholar?oi=bibs&hl=en&cites=9227408085487508401",588,"2023-03-01 18:29:43","Journal article","","","https://scholar.google.com/citations?view_op=view_citation&hl=en&user=-2OhI8YAAAAJ&cstart=500&pagesize=100&citation_for_view=-2OhI8YAAAAJ:GFxP56DSvIMC",6,1,6978,6978,22,2.75,4,6,8,"","",""
22,"JG Manion, S Ye, AH Proppe, AW Laramée, GR McKeown, EL Kynaston, ...","Examining structure–property–function relationships in thiophene, selenophene, and tellurophene homopolymers",2018,"ACS Applied Energy Materials","","","https://scholar.google.com/scholar?oi=bibs&hl=en&cites=15375224636786095325",585,"2023-03-01 18:29:43","Journal article","","","https://scholar.google.com/citations?view_op=view_citation&hl=en&user=-2OhI8YAAAAJ&cstart=500&pagesize=100&citation_for_view=-2OhI8YAAAAJ:8gBurD7jEYQC",1,9,5033,5042,22,4.40,3,7,5,"","",""
22,"JM Pina, DH Parmar, G Bappi, C Zhou, H Choubisa, M Vafaie, ...","Deep‐Blue Perovskite Single‐Mode Lasing through Efficient Vapor‐Assisted Chlorination",2021,"Advanced Materials","","","https://scholar.google.com/scholar?oi=bibs&hl=en&cites=3344484331377180504",584,"2023-03-01 18:29:43","Journal article","","","https://scholar.google.com/citations?view_op=view_citation&hl=en&user=-2OhI8YAAAAJ&cstart=500&pagesize=100&citation_for_view=-2OhI8YAAAAJ:SyxJh60XUSQC",33,5,2006697,2006697,22,11.00,3,7,2,"","",""
22,"M Biondi, MJ Choi, Z Wang, M Wei, S Lee, H Choubisa, LK Sagar, B Sun, ...","Facet‐Oriented Coupling Enables Fast and Sensitive Colloidal Quantum Dot Photodetectors",2021,"Advanced Materials","","","https://scholar.google.com/scholar?oi=bibs&hl=en&cites=8587099344964669575",583,"2023-03-01 18:29:43","Journal article","","","https://scholar.google.com/citations?view_op=view_citation&hl=en&user=-2OhI8YAAAAJ&cstart=500&pagesize=100&citation_for_view=-2OhI8YAAAAJ:DoBzxrgsGIIC",33,33,2101056,2101056,22,11.00,2,9,2,"","",""
22,"S Hoogland, V Sukhovatkin, H Shukla, J Clifford, L Levina, EH Sargent","Megahertz-frequency large-area optical modulators at 1.55 µm based on solution-cast colloidal quantum dots",2008,"Optics express","","","https://scholar.google.com/scholar?oi=bibs&hl=en&cites=8097672017336592700",589,"2023-03-01 18:29:43","Journal article","","","https://scholar.google.com/citations?view_op=view_citation&hl=en&user=-2OhI8YAAAAJ&cstart=500&pagesize=100&citation_for_view=-2OhI8YAAAAJ:_axFR9aDTf0C",16,9,6683,6691,22,1.47,4,6,15,"","",""
22,"SF Hung, A Xu, X Wang, F Li, SH Hsu, Y Li, J Wicks, EG Cervantes, ...","A metal-supported single-atom catalytic site enables carbon dioxide hydrogenation",2022,"Nature communications","","","https://scholar.google.com/scholar?oi=bibs&hl=en&cites=8853206927000273875",581,"2023-03-01 18:29:43","Journal article","","","https://scholar.google.com/citations?view_op=view_citation&hl=en&user=-2OhI8YAAAAJ&cstart=500&pagesize=100&citation_for_view=-2OhI8YAAAAJ:P--cqP0FnSgC",13,1,819,819,22,22.00,2,9,1,"","",""
22,"T Hsieh, N Barakat, EH Sargent","Banding in optical add-drop multiplexers in WDM networks: Preserving agility while minimizing cost",2003,"IEEE International Conference on Communications, 2003. ICC'03.","","","https://scholar.google.com/scholar?oi=bibs&hl=en&cites=13952997430925684943",590,"2023-03-01 18:29:43","Conference paper","","","https://scholar.google.com/citations?view_op=view_citation&hl=en&user=-2OhI8YAAAAJ&cstart=500&pagesize=100&citation_for_view=-2OhI8YAAAAJ:epqYDVWIO7EC",2,,1397,1401,22,1.10,7,3,20,"","",""
22,"T Peng, T Zhuang, Y Yan, J Qian, GR Dick, J Behaghel de Bueren, ...","Ternary alloys enable efficient production of methoxylated chemicals via selective electrocatalytic hydrogenation of lignin monomers",2021,"Journal of the American Chemical Society","","","https://scholar.google.com/scholar?oi=bibs&hl=en&cites=13956571369738964624",582,"2023-03-01 18:29:43","Journal article","","","https://scholar.google.com/citations?view_op=view_citation&hl=en&user=-2OhI8YAAAAJ&cstart=500&pagesize=100&citation_for_view=-2OhI8YAAAAJ:BFeJNCPbDVwC",143,41,17226,17235,22,11.00,3,7,2,"","",""
22,"W Liu, J Das, AH Mepham, CR Nemr, EH Sargent, SO Kelley","A fully-integrated and automated testing device for PCR-free viral nucleic acid detection in whole blood",2018,"Lab on a Chip","","","https://scholar.google.com/scholar?oi=bibs&hl=en&cites=6647552723522430959",586,"2023-03-01 18:29:43","Journal article","","","https://scholar.google.com/citations?view_op=view_citation&hl=en&user=-2OhI8YAAAAJ&cstart=500&pagesize=100&citation_for_view=-2OhI8YAAAAJ:oldoQiaHq2UC",18,13,1928,1935,22,4.40,4,6,5,"","",""
21,"A Shik, S Yu, E Johnson, H Ruda, EH Sargent","Carrier transport and luminescence in composite organic–inorganic light-emitting devices",2002,"Solid-State Electronics","","","https://scholar.google.com/scholar?oi=bibs&hl=en&cites=13233099885136956133",595,"2023-03-01 18:29:43","Journal article","","","https://scholar.google.com/citations?view_op=view_citation&hl=en&user=-2OhI8YAAAAJ&cstart=500&pagesize=100&citation_for_view=-2OhI8YAAAAJ:L7CI7m0gUJcC",46,1,61,68,21,1.00,4,5,21,"","",""
21,"E Istrate, EH Sargent","Photonic crystal waveguide analysis using interface boundary conditions",2005,"IEEE journal of quantum electronics","","","https://scholar.google.com/scholar?oi=bibs&hl=en&cites=1883898314580146417",594,"2023-03-01 18:29:43","Journal article","","","https://scholar.google.com/citations?view_op=view_citation&hl=en&user=-2OhI8YAAAAJ&cstart=500&pagesize=100&citation_for_view=-2OhI8YAAAAJ:uWiczbcajpAC",41,3,461,467,21,1.17,11,2,18,"","",""
21,"J Xu, BR Sutherland, S Hoogland, F Fan, S Kinge, EH Sargent","Atomic layer deposition of absorbing thin films on nanostructured electrodes for short-wavelength infrared photosensing",2015,"Applied Physics Letters","","","https://scholar.google.com/scholar?oi=bibs&hl=en&cites=14632236503836880885",593,"2023-03-01 18:29:43","Journal article","","","https://scholar.google.com/citations?view_op=view_citation&hl=en&user=-2OhI8YAAAAJ&cstart=500&pagesize=100&citation_for_view=-2OhI8YAAAAJ:CaZNVDsoPx4C",107,15,153105,153105,21,2.63,4,6,8,"","",""
21,"TT Zhuang, DH Nam, Z Wang, HH Li, CM Gabardo, Y Li, ZQ Liang, J Li, ...","Dopant-tuned stabilization of intermediates promotes electrosynthesis of valuable C3 products",2019,"Nature communications","","","https://scholar.google.com/scholar?oi=bibs&hl=en&cites=263984204044619721",592,"2023-03-01 18:29:43","Journal article","","","https://scholar.google.com/citations?view_op=view_citation&hl=en&user=-2OhI8YAAAAJ&cstart=500&pagesize=100&citation_for_view=-2OhI8YAAAAJ:QI7uKX5mnFEC",10,1,4807,4807,21,5.25,2,9,4,"","",""
21,"Z Wang, M Gagliardi, RM Mohamadi, SU Ahmed, M Labib, L Zhang, ...","Ultrasensitive and rapid quantification of rare tumorigenic stem cells in hPSC-derived cardiomyocyte populations",2020,"Science Advances 6 (12), eaay","","","https://scholar.google.com/scholar?oi=bibs&hl=en&cites=4662566994432470360",591,"2023-03-01 18:29:43","Journal article","","","https://scholar.google.com/citations?view_op=view_citation&hl=en&user=-2OhI8YAAAAJ&cstart=500&pagesize=100&citation_for_view=-2OhI8YAAAAJ:2mikiJ1VBVsC",7629,,,,21,7.00,3,7,3,"","",""
20,"A Johnston, G Walters, MI Saidaminov, Z Huang, K Bertens, N Jalarvo, ...","Bromine incorporation and suppressed cation rotation in mixed-halide perovskites",2020,"ACS nano","","","https://scholar.google.com/scholar?oi=bibs&hl=en&cites=2745070879780500587",599,"2023-03-01 18:29:43","Journal article","","","https://scholar.google.com/citations?view_op=view_citation&hl=en&user=-2OhI8YAAAAJ&cstart=500&pagesize=100&citation_for_view=-2OhI8YAAAAJ:-TLX1-BxFiYC",14,11,15107,15118,20,6.67,3,7,3,"","",""
20,"C McCallum, CM Gabardo, CP O’Brien, JP Edwards, J Wicks, Y Xu, ...","Reducing the crossover of carbonate and liquid products during carbon dioxide electroreduction",2021,"Cell Reports Physical Science","","","https://scholar.google.com/scholar?oi=bibs&hl=en&cites=6880363246011187953",598,"2023-03-01 18:29:43","Journal article","","","https://scholar.google.com/citations?view_op=view_citation&hl=en&user=-2OhI8YAAAAJ&cstart=500&pagesize=100&citation_for_view=-2OhI8YAAAAJ:dYRx7efp7U0C",2,8,100522,100522,20,10.00,3,7,2,"","",""
20,"D Ban, EH Sargent, K Hinzer, SJ Dixon-Warren, AJ SpringThorpe, ...","Direct observation of lateral current spreading in ridge waveguide lasers using scanning voltage microscopy",2003,"Applied physics letters","","","https://scholar.google.com/scholar?oi=bibs&hl=en&cites=7446471277554498127",602,"2023-03-01 18:29:43","Journal article","","","https://scholar.google.com/citations?view_op=view_citation&hl=en&user=-2OhI8YAAAAJ&cstart=600&pagesize=100&citation_for_view=-2OhI8YAAAAJ:URolC5Kub84C",82,23,4166,4168,20,1.00,3,6,20,"","",""
20,"JB Chen, H Yousefi, CR Nemr, S Gomis, R Atwal, M Labib, E Sargent, ...","Nanostructured architectures for biomolecular detection inside and outside the cell",2020,"Advanced Functional Materials","","","https://scholar.google.com/scholar?oi=bibs&hl=en&cites=10291131324758638840",600,"2023-03-01 18:29:43","Journal article","","","https://scholar.google.com/citations?view_op=view_citation&hl=en&user=-2OhI8YAAAAJ&cstart=500&pagesize=100&citation_for_view=-2OhI8YAAAAJ:LNjCCq68lIgC",30,37,1907701,1907701,20,6.67,3,8,3,"","",""
20,"K Xie, RK Miao, A Ozden, S Liu, Z Chen, CT Dinh, JE Huang, Q Xu, ...","Bipolar membrane electrolyzers enable high single-pass CO2 electroreduction to multicarbon products",2022,"Nature communications","","","https://scholar.google.com/scholar?oi=bibs&hl=en&cites=13663663887864446845",596,"2023-03-01 18:29:43","Journal article","","","https://scholar.google.com/citations?view_op=view_citation&hl=en&user=-2OhI8YAAAAJ&cstart=500&pagesize=100&citation_for_view=-2OhI8YAAAAJ:1AS7WB7zg6gC",13,1,3609,3609,20,20.00,2,9,1,"","",""
20,"SW Baek, O Ouellette, JW Jo, J Choi, KW Seo, J Kim, B Sun, SH Lee, ...","Infrared cavity-enhanced colloidal quantum dot photovoltaics employing asymmetric multilayer electrodes",2018,"ACS Energy Letters","","","https://scholar.google.com/scholar?oi=bibs&hl=en&cites=14283603412864225207",601,"2023-03-01 18:29:43","Journal article","","","https://scholar.google.com/citations?view_op=view_citation&hl=en&user=-2OhI8YAAAAJ&cstart=600&pagesize=100&citation_for_view=-2OhI8YAAAAJ:uPCvBZYD9qUC",3,12,2908,2913,20,4.00,2,9,5,"","",""
20,"T Alerte, JP Edwards, CM Gabardo, CP O’Brien, A Gaona, J Wicks, ...","Downstream of the CO2 Electrolyzer: Assessing the Energy Intensity of Product Separation",2021,"ACS Energy Letters","","","https://scholar.google.com/scholar?oi=bibs&hl=en&cites=18426034731516331797",597,"2023-03-01 18:29:43","Journal article","","","https://scholar.google.com/citations?view_op=view_citation&hl=en&user=-2OhI8YAAAAJ&cstart=500&pagesize=100&citation_for_view=-2OhI8YAAAAJ:GO5CT2y9xrEC",6,12,4405,4412,20,10.00,3,7,2,"","",""
19,"A Jain, O Voznyy, M Korkusinski, P Hawrylak, EH Sargent","Ultrafast carrier trapping in thick-shell colloidal quantum dots",2017,"The Journal of Physical Chemistry Letters","","","https://scholar.google.com/scholar?oi=bibs&hl=en&cites=2638454317276478895",606,"2023-03-01 18:29:43","Journal article","","","https://scholar.google.com/citations?view_op=view_citation&hl=en&user=-2OhI8YAAAAJ&cstart=600&pagesize=100&citation_for_view=-2OhI8YAAAAJ:EaFouW7jFu4C",8,14,3179,3184,19,3.17,4,5,6,"","",""
19,"A Shik, G Konstantatos, EH Sargent, HE Ruda","Exciton capture by nanocrystals in a polymer matrix",2003,"Journal of applied physics","","","https://scholar.google.com/scholar?oi=bibs&hl=en&cites=8661345344612727105",608,"2023-03-01 18:29:43","Journal article","","","https://scholar.google.com/citations?view_op=view_citation&hl=en&user=-2OhI8YAAAAJ&cstart=600&pagesize=100&citation_for_view=-2OhI8YAAAAJ:b1wdh0AR-JQC",94,6,4066,4069,19,0.95,5,4,20,"","",""
19,"AH Proppe, GW Walters, AY Alsalloum, AA Zhumekenov, E Mosconi, ...","Transition Dipole Moments of n = 1, 2, and 3 Perovskite Quantum Wells from the Optical Stark Effect and Many-Body Perturbation Theory",2020,"The Journal of Physical Chemistry Letters","","","https://scholar.google.com/scholar?oi=bibs&hl=en&cites=13140108176703394677",604,"2023-03-01 18:29:43","Journal article","","","https://scholar.google.com/citations?view_op=view_citation&hl=en&user=-2OhI8YAAAAJ&cstart=600&pagesize=100&citation_for_view=-2OhI8YAAAAJ:o0eFlWRwRSUC",11,3,716,723,19,6.33,3,6,3,"","",""
19,"E Sargent, L Levina, G Konstantatos, I Howard, EJD Klem, J Clifford","Electronic and optoelectronic devices with quantum dot films",2011,"US Patent 8,023,306","","","https://scholar.google.com/scholar?oi=bibs&hl=en&cites=14279630691524098860",607,"2023-03-01 18:29:43","Patent","","","https://scholar.google.com/citations?view_op=view_citation&hl=en&user=-2OhI8YAAAAJ&cstart=600&pagesize=100&citation_for_view=-2OhI8YAAAAJ:XtJa11BXPS4C",,,,,19,1.58,3,6,12,"","",""
19,"G Walters, L Haeberlé, R Quintero-Bermudez, J Brodeur, S Kéna-Cohen, ...","Directional light emission from layered metal halide perovskite crystals",2020,"The Journal of Physical Chemistry Letters","","","https://scholar.google.com/scholar?oi=bibs&hl=en&cites=12027388985948790492",603,"2023-03-01 18:29:43","Journal article","","","https://scholar.google.com/citations?view_op=view_citation&hl=en&user=-2OhI8YAAAAJ&cstart=600&pagesize=100&citation_for_view=-2OhI8YAAAAJ:PcT55Ow6fAIC",11,9,3458,3465,19,6.33,3,6,3,"","",""
19,"L Brzozowski, EH Sargent","Nonlinear disordered media for broad-band optical limiting",2000,"IEEE journal of quantum electronics","","","https://scholar.google.com/scholar?oi=bibs&hl=en&cites=8797819513682851626",609,"2023-03-01 18:29:43","Journal article","","","https://scholar.google.com/citations?view_op=view_citation&hl=en&user=-2OhI8YAAAAJ&cstart=600&pagesize=100&citation_for_view=-2OhI8YAAAAJ:vbGhcppDl1QC",36,11,1237,1242,19,0.83,10,2,23,"","",""
19,"Y Li, TT Zhuang, F Fan, O Voznyy, M Askerka, H Zhu, L Wu, GQ Liu, ...","Pulsed axial epitaxy of colloidal quantum dots in nanowires enables facet-selective passivation",2018,"Nature communications","","","https://scholar.google.com/scholar?oi=bibs&hl=en&cites=3010071622048483798",605,"2023-03-01 18:29:43","Journal article","","","https://scholar.google.com/citations?view_op=view_citation&hl=en&user=-2OhI8YAAAAJ&cstart=600&pagesize=100&citation_for_view=-2OhI8YAAAAJ:g30IDTdgJMgC",9,1,4947,4947,19,3.80,2,9,5,"","",""
18,"A Aljabour, H Coskun, X Zheng, MG Kibria, M Strobel, S Hild, M Kehrer, ...","Active Sulfur Sites in Semimetallic Titanium Disulfide Enable CO2 Electroreduction",2019,"ACS Catalysis","","","https://scholar.google.com/scholar?oi=bibs&hl=en&cites=9293874645523052730",614,"2023-03-01 18:29:43","Journal article","","","https://scholar.google.com/citations?view_op=view_citation&hl=en&user=-2OhI8YAAAAJ&cstart=600&pagesize=100&citation_for_view=-2OhI8YAAAAJ:OlbiQ0ttILcC",10,1,66,72,18,4.50,2,8,4,"","",""
18,"A Johnston, F Dinic, P Todorović, B Chen, LK Sagar, MI Saidaminov, ...","Narrow Emission from Rb3Sb2I9 Nanoparticles",2020,"Advanced Optical Materials","","","https://scholar.google.com/scholar?oi=bibs&hl=en&cites=12227307141488855065",613,"2023-03-01 18:29:43","Journal article","","","https://scholar.google.com/citations?view_op=view_citation&hl=en&user=-2OhI8YAAAAJ&cstart=600&pagesize=100&citation_for_view=-2OhI8YAAAAJ:XR3BWSlh_xcC",8,1,1901606,1901606,18,6.00,3,7,3,"","",""
18,"D Ban, EH Sargent","Influence of nonuniform carrier distribution on the polarization dependence of modal gain in multiquantum-well lasers and semiconductor optical amplifiers",2000,"IEEE journal of quantum electronics","","","https://scholar.google.com/scholar?oi=bibs&hl=en&cites=4928531689809703882",623,"2023-03-01 18:29:43","Journal article","","","https://scholar.google.com/citations?view_op=view_citation&hl=en&user=-2OhI8YAAAAJ&cstart=600&pagesize=100&citation_for_view=-2OhI8YAAAAJ:p__nRnzSRKYC",36,9,1081,1088,18,0.78,9,2,23,"","",""
18,"E Sargent, G Konstantatos, L Levina, I Howard, EJD Klem, J Clifford","Methods of making quantum dot films",2011,"US Patent 8,054,671","","","https://scholar.google.com/scholar?oi=bibs&hl=en&cites=7682551528637352785",619,"2023-03-01 18:29:43","Patent","","","https://scholar.google.com/citations?view_op=view_citation&hl=en&user=-2OhI8YAAAAJ&cstart=600&pagesize=100&citation_for_view=-2OhI8YAAAAJ:DJbcl8HfkQkC",,,,,18,1.50,3,6,12,"","",""
18,"EH Sargent","Towards CMOS-compatible, solution-processed quantum dot nanocrystal optical sources, modulators, detectors, and optical signal processing elements across the extended …",2004,"First IEEE International Conference on Group IV Photonics, 2004.","","","https://scholar.google.com/scholar?oi=bibs&hl=en&cites=14547493398664471206",620,"2023-03-01 18:29:43","Conference paper","","","https://scholar.google.com/citations?view_op=view_citation&hl=en&user=-2OhI8YAAAAJ&cstart=600&pagesize=100&citation_for_view=-2OhI8YAAAAJ:4hFrxpcac9AC",,,52,54,18,0.95,18,1,19,"","",""
18,"EH Sargent, K Oe, C Caneau, JM Xu","OEIC-enabling LCI lasers with current guides: Combined theoretical-experimental investigation of internal operating mechanisms",1998,"IEEE journal of quantum electronics","","","https://scholar.google.com/scholar?oi=bibs&hl=en&cites=5575370378898038087",624,"2023-03-01 18:29:43","Journal article","","","https://scholar.google.com/citations?view_op=view_citation&hl=en&user=-2OhI8YAAAAJ&cstart=600&pagesize=100&citation_for_view=-2OhI8YAAAAJ:Z5m8FVwuT1cC",34,7,1280,1287,18,0.72,5,4,25,"","",""
18,"EH Sargent, KW Johnston, AG Pattantyus-Abraham, JP Clifford","Schottky-quantum dot photodetectors and photovoltaics",2014,"US Patent 8,759,816","","","https://scholar.google.com/scholar?oi=bibs&hl=en&cites=10089946195556315986",617,"2023-03-01 18:29:43","Patent","","","https://scholar.google.com/citations?view_op=view_citation&hl=en&user=-2OhI8YAAAAJ&cstart=600&pagesize=100&citation_for_view=-2OhI8YAAAAJ:gVv57TyPmFsC",,,,,18,2.00,5,4,9,"","",""
18,"GI Koleilat, X Wang, EH Sargent","Graded recombination layers for multijunction photovoltaics",2012,"Nano letters","","","https://scholar.google.com/scholar?oi=bibs&hl=en&cites=1372894545176014579",618,"2023-03-01 18:29:43","Journal article","","","https://scholar.google.com/citations?view_op=view_citation&hl=en&user=-2OhI8YAAAAJ&cstart=600&pagesize=100&citation_for_view=-2OhI8YAAAAJ:i2xiXl-TujoC",12,6,3043,3049,18,1.64,6,3,11,"","",""
18,"H Tian, IC Ivanov, EH Sargent","Layout and operation of pixels for image sensors",2017,"US Patent 9,825,074","","","https://scholar.google.com/scholar?oi=bibs&hl=en&cites=15365014924077749621",615,"2023-03-01 18:29:43","Patent","","","https://scholar.google.com/citations?view_op=view_citation&hl=en&user=-2OhI8YAAAAJ&cstart=600&pagesize=100&citation_for_view=-2OhI8YAAAAJ:4aZ_i-5WJEQC",,,,,18,3.00,6,3,6,"","",""
18,"HI Kim, J Lee, MJ Choi, SU Ryu, K Choi, S Lee, S Hoogland, ...","Efficient and Stable Colloidal Quantum Dot Solar Cells with a Green‐Solvent Hole‐Transport Layer",2020,"Advanced Energy Materials","","","https://scholar.google.com/scholar?oi=bibs&hl=en&cites=4952024287390705874",611,"2023-03-01 18:29:43","Journal article","","","https://scholar.google.com/citations?view_op=view_citation&hl=en&user=-2OhI8YAAAAJ&cstart=600&pagesize=100&citation_for_view=-2OhI8YAAAAJ:f-E_jMG6T4AC",10,39,2002084,2002084,18,6.00,2,8,3,"","",""
18,"L Bakueva, D Matheson, S Musikhin, EH Sargent","Luminescence of pure and iodine doped PPV: internal energetic structure revealed through spectral signatures",2002,"Synthetic metals 126 (2-3)","","","https://scholar.google.com/scholar?oi=bibs&hl=en&cites=9727206642065230045",622,"2023-03-01 18:29:43","Book chapter","","","https://scholar.google.com/citations?view_op=view_citation&hl=en&user=-2OhI8YAAAAJ&cstart=600&pagesize=100&citation_for_view=-2OhI8YAAAAJ:g3aElNc5_aQC",,,207,211,18,0.86,5,4,21,"","",""
18,"L Brzozowski, V Sukhovatkin, EH Sargent, AJ SpringThorpe, M Extavour","Intensity-dependent reflectance and transmittance of semiconductor periodic structures",2003,"IEEE journal of quantum electronics","","","https://scholar.google.com/scholar?oi=bibs&hl=en&cites=15665582114065588016",621,"2023-03-01 18:29:43","Journal article","","","https://scholar.google.com/citations?view_op=view_citation&hl=en&user=-2OhI8YAAAAJ&cstart=600&pagesize=100&citation_for_view=-2OhI8YAAAAJ:VaXvl8Fpj5cC",39,7,924,930,18,0.90,4,5,20,"","",""
18,"MJ Choi, SW Baek, S Lee, M Biondi, C Zheng, P Todorovic, P Li, ...","Colloidal Quantum Dot Bulk Heterojunction Solids with Near‐Unity Charge Extraction Efficiency",2020,"Advanced Science","","","https://scholar.google.com/scholar?oi=bibs&hl=en&cites=1222886142969672503",612,"2023-03-01 18:29:43","Journal article","","","https://scholar.google.com/citations?view_op=view_citation&hl=en&user=-2OhI8YAAAAJ&cstart=600&pagesize=100&citation_for_view=-2OhI8YAAAAJ:Q17yWvk9gpwC",7,15,2000894,2000894,18,6.00,2,8,3,"","",""
18,"RK Miao, Y Xu, A Ozden, A Robb, CP O’Brien, CM Gabardo, G Lee, ...","Electroosmotic flow steers neutral products and enables concentrated ethanol electroproduction from CO2",2021,"Joule","","","https://scholar.google.com/scholar?oi=bibs&hl=en&cites=17869408936708913510",610,"2023-03-01 18:29:43","Journal article","","","https://scholar.google.com/citations?view_op=view_citation&hl=en&user=-2OhI8YAAAAJ&cstart=600&pagesize=100&citation_for_view=-2OhI8YAAAAJ:yBxuCEhX224C",5,10,2742,2753,18,9.00,2,8,2,"","",""
18,"YH Jang, A Rani, LN Quan, V Adinolfi, P Kanjanaboos, O Ouellette, T Son, ...","Graphene oxide shells on plasmonic nanostructures lead to high-performance photovoltaics: a model study based on dye-sensitized solar cells",2017,"ACS Energy Letters","","","https://scholar.google.com/scholar?oi=bibs&hl=en&cites=1389149739288732987",616,"2023-03-01 18:29:43","Journal article","","","https://scholar.google.com/citations?view_op=view_citation&hl=en&user=-2OhI8YAAAAJ&cstart=600&pagesize=100&citation_for_view=-2OhI8YAAAAJ:owLR8QvbtFgC",2,1,117,123,18,3.00,2,8,6,"","",""
17,"D Ban, EH Sargent, DW St J, G Letal, K Hinzer, JK White, DG Knight","Scanning voltage microscopy on buried heterostructure multiquantum-well lasers: Identification of a diode current leakage path",2004,"IEEE journal of quantum electronics","","","https://scholar.google.com/scholar?oi=bibs&hl=en&cites=8585593808643049873",626,"2023-03-01 18:29:43","Journal article","","","https://scholar.google.com/citations?view_op=view_citation&hl=en&user=-2OhI8YAAAAJ&cstart=600&pagesize=100&citation_for_view=-2OhI8YAAAAJ:xtoqd-5pKcoC",40,2,118,122,17,0.89,2,7,19,"","",""
17,"M Tzolov, PW Cyr, EH Sargent, I Manners","Optical control over photoconductivity in polyferrocenylsilane films",2004,"The Journal of chemical physics","","","https://scholar.google.com/scholar?oi=bibs&hl=en&cites=870627720016076961",627,"2023-03-01 18:29:43","Journal article","","","https://scholar.google.com/citations?view_op=view_citation&hl=en&user=-2OhI8YAAAAJ&cstart=600&pagesize=100&citation_for_view=-2OhI8YAAAAJ:k8Z6L05lTy4C",120,4,1990,1996,17,0.89,4,4,19,"","",""
17,"V Adinolfi, Z Ning, J Xu, S Masala, D Zhitomirsky, SM Thon, EH Sargent","Electric field engineering using quantum-size-effect-tuned heterojunctions",2013,"Applied Physics Letters","","","https://scholar.google.com/scholar?oi=bibs&hl=en&cites=15099605108014620827",625,"2023-03-01 18:29:43","Journal article","","","https://scholar.google.com/citations?view_op=view_citation&hl=en&user=-2OhI8YAAAAJ&cstart=600&pagesize=100&citation_for_view=-2OhI8YAAAAJ:IRz6iEL74y4C",103,1,11106,11106,17,1.70,2,7,10,"","",""
16,"A Shik, H Ruda, EH Sargent","Non-equilibrium carriers and recombination phenomena in type-II quantum dots",2001,"Nanotechnology","","","https://scholar.google.com/scholar?oi=bibs&hl=en&cites=2131285332785126648",635,"2023-03-01 18:29:43","Journal article","","","https://scholar.google.com/citations?view_op=view_citation&hl=en&user=-2OhI8YAAAAJ&cstart=600&pagesize=100&citation_for_view=-2OhI8YAAAAJ:kz9GbA2Ns4gC",12,4,523,523,16,0.73,5,3,22,"","",""
16,"C Zhou, J M. Pina, T Zhu, D H. Parmar, H Chang, J Yu, F Yuan, G Bappi, ...","Quantum Dot Self‐Assembly Enables Low‐Threshold Lasing",2021,"Advanced Science","","","https://scholar.google.com/scholar?oi=bibs&hl=en&cites=9551444593997833705",629,"2023-03-01 18:29:43","Journal article","","","https://scholar.google.com/citations?view_op=view_citation&hl=en&user=-2OhI8YAAAAJ&cstart=600&pagesize=100&citation_for_view=-2OhI8YAAAAJ:lRzkMCTRmMwC",8,20,2101125,2101125,16,8.00,2,9,2,"","",""
16,"D Ban, EH Sargent, DW St J, K Hinzer, JK White, AJ SpringThorpe","Scanning voltage microscopy on active semiconductor lasers: The impact of doping profile near an epitaxial growth interface on series resistance",2004,"IEEE journal of quantum electronics","","","https://scholar.google.com/scholar?oi=bibs&hl=en&cites=13998499481568524814",634,"2023-03-01 18:29:43","Journal article","","","https://scholar.google.com/citations?view_op=view_citation&hl=en&user=-2OhI8YAAAAJ&cstart=600&pagesize=100&citation_for_view=-2OhI8YAAAAJ:YohjEiUPhakC",40,6,651,655,16,0.84,3,6,19,"","",""
16,"H Coskun, A Aljabour, P de Luna, H Sun, N Nishiumi, T Yoshida, G Koller, ...","Metal‐Free Hydrogen‐Bonded Polymers Mimic Noble Metal Electrocatalysts",2020,"Advanced Materials","","","https://scholar.google.com/scholar?oi=bibs&hl=en&cites=184572822692022029",630,"2023-03-01 18:29:43","Journal article","","","https://scholar.google.com/citations?view_op=view_citation&hl=en&user=-2OhI8YAAAAJ&cstart=600&pagesize=100&citation_for_view=-2OhI8YAAAAJ:w_ORaKkuc5QC",32,25,1902177,1902177,16,5.33,2,8,3,"","",""
16,"IMP Aarts, EH Sargent","Above-threshold leakage in semiconductor lasers: An analytical physical model",2000,"IEEE Journal of Quantum Electronics","","","https://scholar.google.com/scholar?oi=bibs&hl=en&cites=13397999239964988050,9280071618166743989",636,"2023-03-01 18:29:43","Journal article","","","https://scholar.google.com/citations?view_op=view_citation&hl=en&user=-2OhI8YAAAAJ&cstart=600&pagesize=100&citation_for_view=-2OhI8YAAAAJ:PuOEWVtPfzwC",36,4,496,501,16,0.70,8,2,23,"","",""
16,"MI Nugraha, H Kim, B Sun, MA Haque, FPG de Arquer, DR Villalva, ...","Low‐temperature‐processed colloidal quantum dots as building blocks for thermoelectrics",2019,"Advanced Energy Materials","","","https://scholar.google.com/scholar?oi=bibs&hl=en&cites=10663573264266245968",632,"2023-03-01 18:29:43","Journal article","","","https://scholar.google.com/citations?view_op=view_citation&hl=en&user=-2OhI8YAAAAJ&cstart=600&pagesize=100&citation_for_view=-2OhI8YAAAAJ:9o6PfxSMcEIC",9,13,1803049,1803049,16,4.00,2,7,4,"","",""
16,"R Wang, F Wang, W Zhou, JZ Fan, FPG de Arquer, K Xu, EH Sargent, ...","Colloidal-quantum-dot-in-perovskite nanowires",2019,"Infrared Physics &Technology","","","https://scholar.google.com/scholar?oi=bibs&hl=en&cites=12707453470207639767",631,"2023-03-01 18:29:43","Journal article","","","https://scholar.google.com/citations?view_op=view_citation&hl=en&user=-2OhI8YAAAAJ&cstart=600&pagesize=100&citation_for_view=-2OhI8YAAAAJ:WGv8Og3F3KgC",98,,16,22,16,4.00,2,8,4,"","",""
16,"TH Han, KY Jang, Y Dong, RH Friend, EH Sargent, TW Lee","A roadmap for the commercialization of perovskite light emitters",2022,"Nature Reviews Materials","","","https://scholar.google.com/scholar?oi=bibs&hl=en&cites=3455350003257900286",628,"2023-03-01 18:29:43","Journal article","","","https://scholar.google.com/citations?view_op=view_citation&hl=en&user=-2OhI8YAAAAJ&cstart=600&pagesize=100&citation_for_view=-2OhI8YAAAAJ:GjXqcohcbckC",7,10,757,777,16,16.00,3,6,1,"","",""
16,"W Zhou, SS Mahshid, W Wang, A Vallée-Bélisle, PW Zandstra, ...","Steric hindrance assay for secreted factors in stem cell culture",2017,"ACS sensors","","","https://scholar.google.com/scholar?oi=bibs&hl=en&cites=2224526462069072139",633,"2023-03-01 18:29:43","Journal article","","","https://scholar.google.com/citations?view_op=view_citation&hl=en&user=-2OhI8YAAAAJ&cstart=600&pagesize=100&citation_for_view=-2OhI8YAAAAJ:kF1pexMAQbMC",2,4,495,500,16,2.67,3,6,6,"","",""
15,"CS Tan, Y Hou, MI Saidaminov, A Proppe, YS Huang, Y Zhao, M Wei, ...","Heterogeneous supersaturation in mixed perovskites",2020,"Advanced Science","","","https://scholar.google.com/scholar?oi=bibs&hl=en&cites=5099848052669648923",639,"2023-03-01 18:29:43","Journal article","","","https://scholar.google.com/citations?view_op=view_citation&hl=en&user=-2OhI8YAAAAJ&cstart=600&pagesize=100&citation_for_view=-2OhI8YAAAAJ:PQY3Tb_h0-cC",7,7,1903166,1903166,15,5.00,2,8,3,"","",""
15,"E Sargent, SA McDonald, S Zhang, L Levina, G Konstantatos, P Cyr","Three-dimensional bicontinuous heterostructures, method of making, and their application in quantum dot-polymer nanocomposite photodetectors and photovoltaics",2013,"US Patent 8,450,138","","","https://scholar.google.com/scholar?oi=bibs&hl=en&cites=8404185737900448965",643,"2023-03-01 18:29:43","Patent","","","https://scholar.google.com/citations?view_op=view_citation&hl=en&user=-2OhI8YAAAAJ&cstart=600&pagesize=100&citation_for_view=-2OhI8YAAAAJ:yMeIxYmEMEAC",,,,,15,1.50,3,6,10,"","",""
15,"EH Sargent","Quantum dot photo-field-effect transistor",2015,"US Patent 9,030,189","","","https://scholar.google.com/scholar?oi=bibs&hl=en&cites=8857725236194084045",642,"2023-03-01 18:29:43","Patent","","","https://scholar.google.com/citations?view_op=view_citation&hl=en&user=-2OhI8YAAAAJ&cstart=600&pagesize=100&citation_for_view=-2OhI8YAAAAJ:isU91gLudPYC",,,,,15,1.88,15,1,8,"","",""
15,"EH Sargent, JJY Lee, E Mandelli, J Park","Multi-terminal optoelectronic devices for light detection",2018,"US Patent 9,941,316","","","https://scholar.google.com/scholar?oi=bibs&hl=en&cites=12706616250633850450",641,"2023-03-01 18:29:43","Patent","","","https://scholar.google.com/citations?view_op=view_citation&hl=en&user=-2OhI8YAAAAJ&cstart=600&pagesize=100&citation_for_view=-2OhI8YAAAAJ:NMlhSUseqAsC",,,,,15,3.00,4,4,5,"","",""
15,"EH Sargent, JJY Lee, H Tian","Sensors and systems for the capture of scenes and events in space and time",2013,"US Patent App. 13/648,721","","","https://scholar.google.com/scholar?oi=bibs&hl=en&cites=15834704752258294623",644,"2023-03-01 18:29:43","Patent","","","https://scholar.google.com/citations?view_op=view_citation&hl=en&user=-2OhI8YAAAAJ&cstart=600&pagesize=100&citation_for_view=-2OhI8YAAAAJ:DkZNVXde3BIC",,,,,15,1.50,5,3,10,"","",""
15,"J Xu, A Maxwell, M Wei, Z Wang, B Chen, T Zhu, EH Sargent","Defect tolerance of mixed B-site organic–inorganic halide perovskites",2021,"ACS Energy Letters","","","https://scholar.google.com/scholar?oi=bibs&hl=en&cites=3491654927727138630",638,"2023-03-01 18:29:43","Journal article","","","https://scholar.google.com/citations?view_op=view_citation&hl=en&user=-2OhI8YAAAAJ&cstart=600&pagesize=100&citation_for_view=-2OhI8YAAAAJ:Sg-YnEhjH50C",6,12,4220,4227,15,7.50,2,7,2,"","",""
15,"LD Negro, JH Yi, M Hiltunen⊥, J Michel, LC Kimerling, S Hamel, ...","Light-emitting silicon-rich nitride systems and photonic structures",2006,"Journal of Experimental Nanoscience","","","https://scholar.google.com/scholar?oi=bibs&hl=en&cites=6945358031731281466",645,"2023-03-01 18:29:43","Journal article","","","https://scholar.google.com/citations?view_op=view_citation&hl=en&user=-2OhI8YAAAAJ&cstart=600&pagesize=100&citation_for_view=-2OhI8YAAAAJ:XoXfffV-tXoC",1,1,29,50,15,0.88,2,7,17,"","",""
15,"M Wu, L Ding, RP Sabatini, LK Sagar, G Bappi, R Paniagua-Domínguez, ...","Bound state in the continuum in nanoantenna-coupled slab waveguide enables low-threshold quantum-dot lasing",2021,"Nano letters","","","https://scholar.google.com/scholar?oi=bibs&hl=en&cites=6352812538810188027",637,"2023-03-01 18:29:43","Journal article","","","https://scholar.google.com/citations?view_op=view_citation&hl=en&user=-2OhI8YAAAAJ&cstart=600&pagesize=100&citation_for_view=-2OhI8YAAAAJ:MIUEjqm7qCUC",21,22,9754,9760,15,7.50,2,7,2,"","",""
15,"N Zhijun, G Xiwen, R Comin, O Voznyy, E Sargent","Quantum-dot-in-perovskite solids",2019,"US Patent 10,181,538","","","https://scholar.google.com/scholar?oi=bibs&hl=en&cites=17109212676639376757",640,"2023-03-01 18:29:43","Patent","","","https://scholar.google.com/citations?view_op=view_citation&hl=en&user=-2OhI8YAAAAJ&cstart=600&pagesize=100&citation_for_view=-2OhI8YAAAAJ:nPT8s1NX_-sC",,,,,15,3.75,3,5,4,"","",""
15,"PC Lewis, E Kumacheva, M Allard, EH Sargent","Colloidal crystallization accomplished by electrodeposition on patterned substrates",2005,"Journal of dispersion science and technology","","","https://scholar.google.com/scholar?oi=bibs&hl=en&cites=7738987632778629122",646,"2023-03-01 18:29:43","Journal article","","","https://scholar.google.com/citations?view_op=view_citation&hl=en&user=-2OhI8YAAAAJ&cstart=600&pagesize=100&citation_for_view=-2OhI8YAAAAJ:Ug5p-4gJ2f0C",26,3,259,265,15,0.83,4,4,18,"","",""
14,"A Ozden, FP García de Arquer, JE Huang, J Wicks, J Sisler, RK Miao, ...","Carbon-efficient carbon dioxide electrolysers",2022,"Nature Sustainability","","","https://scholar.google.com/scholar?oi=bibs&hl=en&cites=4284493294815607519",647,"2023-03-01 18:29:43","Journal article","","","https://scholar.google.com/citations?view_op=view_citation&hl=en&user=-2OhI8YAAAAJ&cstart=600&pagesize=100&citation_for_view=-2OhI8YAAAAJ:5AlGpL-oHpAC",5,7,563,573,14,14.00,2,7,1,"","",""
14,"AH Proppe, MH Tremblay, Y Zhang, Z Yang, R Quintero-Bermudez, ...","Naphthalenediimide cations inhibit 2D perovskite formation and facilitate subpicosecond electron transfer",2020,"The Journal of Physical Chemistry C","","","https://scholar.google.com/scholar?oi=bibs&hl=en&cites=14780245092948837643",652,"2023-03-01 18:29:43","Journal article","","","https://scholar.google.com/citations?view_op=view_citation&hl=en&user=-2OhI8YAAAAJ&cstart=600&pagesize=100&citation_for_view=-2OhI8YAAAAJ:AeM5kdmBKVwC",124,44,24379,24390,14,4.67,2,6,3,"","",""
14,"EH Sargent, R Jain, IC Ivanov, MR Malone, MC Brading, H Tian, ...","Photodetector comprising a pinned photodiode that is formed by an optically sensitive layer and a silicon diode",2016,"US Patent 9,491,388","","","https://scholar.google.com/scholar?oi=bibs&hl=en&cites=9144544955786810382,11432940150921829359",656,"2023-03-01 18:29:43","Patent","","","https://scholar.google.com/citations?view_op=view_citation&hl=en&user=-2OhI8YAAAAJ&cstart=600&pagesize=100&citation_for_view=-2OhI8YAAAAJ:ZzlSgRqYykMC",,,,,14,2.00,2,7,7,"","",""
14,"JZ Fan, AD La Croix, Z Yang, E Howard, R Quintero-Bermudez, L Levina, ...","Ligand cleavage enables formation of 1, 2-ethanedithiol capped colloidal quantum dot solids",2019,"Nanoscale","","","https://scholar.google.com/scholar?oi=bibs&hl=en&cites=14643288226516048653",653,"2023-03-01 18:29:43","Journal article","","","https://scholar.google.com/citations?view_op=view_citation&hl=en&user=-2OhI8YAAAAJ&cstart=600&pagesize=100&citation_for_view=-2OhI8YAAAAJ:q09DtPQ_434C",11,22,10774,10781,14,3.50,2,7,4,"","",""
14,"L Hu, M Liu, A Mandelis, A Melnikov, EH Sargent","Colloidal quantum dot solar cell power conversion efficiency optimization using analysis of current‐voltage characteristics and electrode contact imaging by lock‐in carrierography",2017,"Progress in Photovoltaics: Research and Applications","","","https://scholar.google.com/scholar?oi=bibs&hl=en&cites=5756202020945860692",655,"2023-03-01 18:29:43","Journal article","","","https://scholar.google.com/citations?view_op=view_citation&hl=en&user=-2OhI8YAAAAJ&cstart=600&pagesize=100&citation_for_view=-2OhI8YAAAAJ:I858iXPj1OkC",25,12,1034,1050,14,2.33,3,5,6,"","",""
14,"L Hu, M Liu, A Mandelis, Q Sun, A Melnikov, EH Sargent","Colloidal quantum dot solar cell electrical parameter non-destructive quantitative imaging using high-frequency heterodyne lock-in carrierography and photocarrier radiometry",2018,"Solar Energy Materials and Solar Cells","","","https://scholar.google.com/scholar?oi=bibs&hl=en&cites=3491345812718745822",654,"2023-03-01 18:29:43","Journal article","","","https://scholar.google.com/citations?view_op=view_citation&hl=en&user=-2OhI8YAAAAJ&cstart=600&pagesize=100&citation_for_view=-2OhI8YAAAAJ:0sTkTiv_uMkC",174,,405,411,14,2.80,2,6,5,"","",""
14,"P Mao, C Liu, X Li, M Liu, Q Chen, M Han, SA Maier, EH Sargent, S Zhang","Single-step-fabricated disordered metasurfaces for enhanced light extraction from LEDs",2021,"Light: Science &Applications","","","https://scholar.google.com/scholar?oi=bibs&hl=en&cites=1165438256537082260",650,"2023-03-01 18:29:43","Journal article","","","https://scholar.google.com/citations?view_op=view_citation&hl=en&user=-2OhI8YAAAAJ&cstart=600&pagesize=100&citation_for_view=-2OhI8YAAAAJ:LGh1lRt-7sUC",10,1,180,180,14,7.00,2,9,2,"","",""
14,"PX Wang, AM Najarian, Z Hao, A Johnston, O Voznyy, S Hoogland, ...","Structural distortion and bandgap increase of two-dimensional perovskites induced by trifluoromethyl substitution on spacer cations",2020,"The Journal of Physical Chemistry Letters","","","https://scholar.google.com/scholar?oi=bibs&hl=en&cites=9260006269375372458",651,"2023-03-01 18:29:43","Journal article","","","https://scholar.google.com/citations?view_op=view_citation&hl=en&user=-2OhI8YAAAAJ&cstart=600&pagesize=100&citation_for_view=-2OhI8YAAAAJ:Qy-rCirNo-8C",11,23,10144,10149,14,4.67,2,7,3,"","",""
14,"Y Li, A Ozden, WR Leow, P Ou, JE Huang, Y Wang, K Bertens, Y Xu, Y Liu, ...","Redox-mediated electrosynthesis of ethylene oxide from CO2 and water",2022,"Nature Catalysis","","","https://scholar.google.com/scholar?oi=bibs&hl=en&cites=17292550894897587870",649,"2023-03-01 18:29:43","Journal article","","","https://scholar.google.com/citations?view_op=view_citation&hl=en&user=-2OhI8YAAAAJ&cstart=600&pagesize=100&citation_for_view=-2OhI8YAAAAJ:6jAoOr-ogVAC",5,3,185,192,14,14.00,1,10,1,"","",""
14,"Y Xu, RK Miao, JP Edwards, S Liu, CP O’Brien, CM Gabardo, M Fan, ...","A microchanneled solid electrolyte for carbon-efficient CO2 electrolysis",2022,"Joule","","","https://scholar.google.com/scholar?oi=bibs&hl=en&cites=11072674856214742855",648,"2023-03-01 18:29:43","Journal article","","","https://scholar.google.com/citations?view_op=view_citation&hl=en&user=-2OhI8YAAAAJ&cstart=600&pagesize=100&citation_for_view=-2OhI8YAAAAJ:kuq-04jA658C",6,6,1333,1343,14,14.00,2,8,1,"","",""
14,"YC Tseng, M Tzolov, EH Sargent, PW Cyr, MA Hines","Control over exciton confinement versus separation in composite films of polyfluorene and CdSe nanocrystals",2002,"Applied Physics Letters","","","https://scholar.google.com/scholar?oi=bibs&hl=en&cites=9523584494482415169",657,"2023-03-01 18:29:43","Journal article","","","https://scholar.google.com/citations?view_op=view_citation&hl=en&user=-2OhI8YAAAAJ&cstart=600&pagesize=100&citation_for_view=-2OhI8YAAAAJ:edDO8Oi4QzsC",81,18,3446,3448,14,0.67,3,5,21,"","",""
13,"D Ban, EH Sargent, DW St J","Scanning differential spreading resistance microscopy on actively driven buried heterostructure multiquantum-well lasers",2004,"IEEE journal of quantum electronics","","","https://scholar.google.com/scholar?oi=bibs&hl=en&cites=1273251861959219320",668,"2023-03-01 18:29:43","Journal article","","","https://scholar.google.com/citations?view_op=view_citation&hl=en&user=-2OhI8YAAAAJ&cstart=600&pagesize=100&citation_for_view=-2OhI8YAAAAJ:9pM33mqn1YgC",40,7,865,870,13,0.68,4,3,19,"","",""
13,"D Pan, J Michel, EH Sargent, WP Giziewicz, LC Kimerling","Bidirectional transceiver assembly for POF application",2009,"US Patent 7,606,499","","","https://scholar.google.com/scholar?oi=bibs&hl=en&cites=13078954430209387875",666,"2023-03-01 18:29:43","Patent","","","https://scholar.google.com/citations?view_op=view_citation&hl=en&user=-2OhI8YAAAAJ&cstart=600&pagesize=100&citation_for_view=-2OhI8YAAAAJ:6ZxmRoH8BuwC",,,,,13,0.93,3,5,14,"","",""
13,"EH Sargent","Size-tunable infrared (1000–1600 nm) electroluminescence from solution-processible PbS quantum dot nanocrystals: Towards monolithic optoelectronic integration on silicon",2004,"Journal of Modern Optics 51 (16-18)","","","https://scholar.google.com/scholar?oi=bibs&hl=en&cites=17441985805178752759",667,"2023-03-01 18:29:43","Journal article","","","https://scholar.google.com/citations?view_op=view_citation&hl=en&user=-2OhI8YAAAAJ&cstart=600&pagesize=100&citation_for_view=-2OhI8YAAAAJ:OcBU2YAGkTUC",,,2797,2803,13,0.68,13,1,19,"","",""
13,"EH Sargent, R Jain, IC Ivanov, MR Malone, MC Brading, H Tian, ...","Photodetector comprising a pinned photodiode that is formed by an optically sensitive layer and a silicon diode",2014,"US Patent 8,916,947","","","https://scholar.google.com/scholar?oi=bibs&hl=en&cites=12666150119847334042",665,"2023-03-01 18:29:43","Patent","","","https://scholar.google.com/citations?view_op=view_citation&hl=en&user=-2OhI8YAAAAJ&cstart=600&pagesize=100&citation_for_view=-2OhI8YAAAAJ:v_xunPV0uK0C",,,,,13,1.44,2,7,9,"","",""
13,"ETEDH SARGENT, JM Xu","Lateral injection lasers",1998,"International journal of high speed electronics and systems","","","https://scholar.google.com/scholar?oi=bibs&hl=en&cites=10263889176114556482",669,"2023-03-01 18:29:43","Journal article","","","https://scholar.google.com/citations?view_op=view_citation&hl=en&user=-2OhI8YAAAAJ&cstart=600&pagesize=100&citation_for_view=-2OhI8YAAAAJ:I9gX6wnfuA8C",9,4,941,978,13,0.52,7,2,25,"","",""
13,"GH Carey, M Yuan, R Comin, O Voznyy, EH Sargent","Cleavable ligands enable uniform close packing in colloidal quantum dot solids",2015,"ACS Applied Materials &Interfaces","","","https://scholar.google.com/scholar?oi=bibs&hl=en&cites=7020039062506220474",664,"2023-03-01 18:29:43","Journal article","","","https://scholar.google.com/citations?view_op=view_citation&hl=en&user=-2OhI8YAAAAJ&cstart=600&pagesize=100&citation_for_view=-2OhI8YAAAAJ:Ade32sEp0pkC",7,39,21995,22000,13,1.63,3,5,8,"","",""
13,"H Yadegari, A Ozden, T Alkayyali, V Soni, A Thevenon, ...","Glycerol Oxidation Pairs with Carbon Monoxide Reduction for Low-Voltage Generation of C2 and C3 Product Streams",2021,"ACS Energy Letters","","","https://scholar.google.com/scholar?oi=bibs&hl=en&cites=7702763931578527660",658,"2023-03-01 18:29:43","Journal article","","","https://scholar.google.com/citations?view_op=view_citation&hl=en&user=-2OhI8YAAAAJ&cstart=600&pagesize=100&citation_for_view=-2OhI8YAAAAJ:npT69zEmqdIC",6,10,3538,3544,13,6.50,2,6,2,"","",""
13,"LK Sagar, G Bappi, A Johnston, B Chen, P Todorović, L Levina, ...","Single-precursor intermediate shelling enables bright, narrow line width InAs/InZnP-based QD emitters",2020,"Chemistry of Materials","","","https://scholar.google.com/scholar?oi=bibs&hl=en&cites=10780436998313336593",661,"2023-03-01 18:29:43","Journal article","","","https://scholar.google.com/citations?view_op=view_citation&hl=en&user=-2OhI8YAAAAJ&cstart=600&pagesize=100&citation_for_view=-2OhI8YAAAAJ:MtS25d97-7AC",32,7,2919,2925,13,4.33,2,7,3,"","",""
13,"M Labib, DN Philpott, Z Wang, C Nemr, JB Chen, EH Sargent, SO Kelley","Magnetic ranking cytometry: profiling rare cells at the single-cell level",2020,"Accounts of chemical research","","","https://scholar.google.com/scholar?oi=bibs&hl=en&cites=1433359641833893171",659,"2023-03-01 18:29:43","Journal article","","","https://scholar.google.com/citations?view_op=view_citation&hl=en&user=-2OhI8YAAAAJ&cstart=600&pagesize=100&citation_for_view=-2OhI8YAAAAJ:ohFW0PAxsewC",53,8,1445,1457,13,4.33,2,7,3,"","",""
13,"M Poudineh, EH Sargent, SO Kelley","Amplified micromagnetic field gradients enable high-resolution profiling of rare cell subpopulations",2017,"ACS Applied Materials &Interfaces","","","https://scholar.google.com/scholar?oi=bibs&hl=en&cites=6646707857100161796",662,"2023-03-01 18:29:43","Journal article","","","https://scholar.google.com/citations?view_op=view_citation&hl=en&user=-2OhI8YAAAAJ&cstart=600&pagesize=100&citation_for_view=-2OhI8YAAAAJ:3_LpOwP6eMYC",9,31,25683,25690,13,2.17,4,3,6,"","",""
13,"Z Huang, B Chen, LK Sagar, Y Hou, A Proppe, HT Kung, F Yuan, ...","Stable, bromine-free, tetragonal perovskites with 1.7 eV bandgaps via A-site cation substitution",2020,"ACS Materials Letters","","","https://scholar.google.com/scholar?oi=bibs&hl=en&cites=7691811187644007094",660,"2023-03-01 18:29:43","Journal article","","","https://scholar.google.com/citations?view_op=view_citation&hl=en&user=-2OhI8YAAAAJ&cstart=600&pagesize=100&citation_for_view=-2OhI8YAAAAJ:rrpmhsargb8C",2,7,869,872,13,4.33,2,8,3,"","",""
13,"Z Yang, E Yassitepe, O Voznyy, A Janmohamed, X Lan, L Levina, ...","Self-assembled pbse nanowire: Perovskite hybrids",2015,"Journal of the American Chemical Society","","","https://scholar.google.com/scholar?oi=bibs&hl=en&cites=10020443641174690556",663,"2023-03-01 18:29:43","Journal article","","","https://scholar.google.com/citations?view_op=view_citation&hl=en&user=-2OhI8YAAAAJ&cstart=600&pagesize=100&citation_for_view=-2OhI8YAAAAJ:IaI1MmNe2tcC",137,47,14869,14872,13,1.63,2,7,8,"","",""
12,"E Sargent, G Konstantatos, L Levina, I Howard, EJD Klem, J Clifford","Methods of making quantum dot films",2012,"US Patent 8,213,212","","","https://scholar.google.com/scholar?oi=bibs&hl=en&cites=4948850252048724898",677,"2023-03-01 18:29:43","Patent","","","https://scholar.google.com/citations?view_op=view_citation&hl=en&user=-2OhI8YAAAAJ&cstart=600&pagesize=100&citation_for_view=-2OhI8YAAAAJ:MGPUR4WVBMEC",,,,,12,1.09,2,6,11,"","",""
12,"E Sargent, L Levina, G Konstantatos, I Howard, EJD Klem, J Clifford","Electronic and optoelectronic devices with quantum dot films",2012,"US Patent 8,284,586","","","https://scholar.google.com/scholar?oi=bibs&hl=en&cites=17595564799049675572",676,"2023-03-01 18:29:43","Patent","","","https://scholar.google.com/citations?view_op=view_citation&hl=en&user=-2OhI8YAAAAJ&cstart=600&pagesize=100&citation_for_view=-2OhI8YAAAAJ:e_rmSamDkqQC",,,,,12,1.09,2,6,11,"","",""
12,"EH Sargent","Semiconductor lasers for planar integrated optoelectronics",2000,"Solid-State Electronics","","","https://scholar.google.com/scholar?oi=bibs&hl=en&cites=14199660984318529558",682,"2023-03-01 18:29:43","Journal article","","","https://scholar.google.com/citations?view_op=view_citation&hl=en&user=-2OhI8YAAAAJ&cstart=600&pagesize=100&citation_for_view=-2OhI8YAAAAJ:LO7wyVUgiFcC",44,1,147,173,12,0.52,12,1,23,"","",""
12,"EH Sargent, D Ban","Multiple quantum well optoelectronic devices",2003,"US Patent 6,573,530","","","https://scholar.google.com/scholar?oi=bibs&hl=en&cites=13458328486781814560",680,"2023-03-01 18:29:43","Patent","","","https://scholar.google.com/citations?view_op=view_citation&hl=en&user=-2OhI8YAAAAJ&cstart=600&pagesize=100&citation_for_view=-2OhI8YAAAAJ:Aul-kAQHnToC",,,,,12,0.60,6,2,20,"","",""
12,"EH Sargent, DA Suda, A Margittai, FR Shepherd, M Cleroux, G Knight, ...","Experimental study of LCI lasers fabricated by single MOCVD overgrowth followed by selective dopant diffusion",1998,"IEEE Photonics Technology Letters","","","https://scholar.google.com/scholar?oi=bibs&hl=en&cites=4510486345133943280",683,"2023-03-01 18:29:43","Journal article","","","https://scholar.google.com/citations?view_op=view_citation&hl=en&user=-2OhI8YAAAAJ&cstart=600&pagesize=100&citation_for_view=-2OhI8YAAAAJ:_FM0Bhl9EiAC",10,11,1536,1538,12,0.48,2,7,25,"","",""
12,"EH Sargent, JM Xu, C Caneau, CE Zah","Experimental investigation of physical mechanisms underlying lateral current injection laser operation",1998,"Applied physics letters","","","https://scholar.google.com/scholar?oi=bibs&hl=en&cites=4551497612014642508",685,"2023-03-01 18:29:43","Journal article","","","https://scholar.google.com/citations?view_op=view_citation&hl=en&user=-2OhI8YAAAAJ&cstart=600&pagesize=100&citation_for_view=-2OhI8YAAAAJ:5qfkUJPXOUwC",73,3,285,287,12,0.48,3,4,25,"","",""
12,"ETH Sargent, G Tan, JM Xu","Lateral current injection lasers: Underlying mechanisms and design for improved high-power efficiency",1998,"Journal of lightwave technology","","","https://scholar.google.com/scholar?oi=bibs&hl=en&cites=10595489301110775385",684,"2023-03-01 18:29:43","Journal article","","","https://scholar.google.com/citations?view_op=view_citation&hl=en&user=-2OhI8YAAAAJ&cstart=600&pagesize=100&citation_for_view=-2OhI8YAAAAJ:DUooU5lO8OsC",16,10,1854,1854,12,0.48,4,3,25,"","",""
12,"IEL Stephens, K Chan, A Bagger, SW Boettcher, J Bonin, E Boutin, ...","2022 roadmap on low temperature electrochemical CO2 reduction",2022,"Journal of Physics: Energy","","","https://scholar.google.com/scholar?oi=bibs&hl=en&cites=8870550289527875533",670,"2023-03-01 18:29:43","Journal article","","","https://scholar.google.com/citations?view_op=view_citation&hl=en&user=-2OhI8YAAAAJ&cstart=600&pagesize=100&citation_for_view=-2OhI8YAAAAJ:b9WrW9Envh0C",4,4,42003,42003,12,12.00,2,7,1,"","",""
12,"IJ Kramer, AG Pattantyus-Abraham, AR Barkhouse, X Wang, ...","RETRACTED: advances in colloidal quantum dot solar cells: the depleted-heterojunction device",2011,"Thin Solid Films","","","https://scholar.google.com/scholar?oi=bibs&hl=en&cites=12132887180985887916,6489921587686376691",678,"2023-03-01 18:29:43","Journal article","","","https://scholar.google.com/citations?view_op=view_citation&hl=en&user=-2OhI8YAAAAJ&cstart=600&pagesize=100&citation_for_view=-2OhI8YAAAAJ:NXb4pA-qfm4C",519,21,7351,7355,12,1.00,2,5,12,"","",""
12,"K Bertens, JZ Fan, M Biondi, AS Rasouli, S Lee, P Li, B Sun, S Hoogland, ...","Colloidal quantum dot solar cell band alignment using two-step ionic doping",2020,"ACS Materials Letters","","","https://scholar.google.com/scholar?oi=bibs&hl=en&cites=235454851721555087",673,"2023-03-01 18:29:43","Journal article","","","https://scholar.google.com/citations?view_op=view_citation&hl=en&user=-2OhI8YAAAAJ&cstart=600&pagesize=100&citation_for_view=-2OhI8YAAAAJ:cG0OFEevkNgC",2,12,1583,1589,12,4.00,1,9,3,"","",""
12,"K Lin, C Yan, RP Sabatini, W Feng, J Lu, K Liu, D Ma, Y Shen, Y Zhao, ...","Dual‐Phase Regulation for High‐Efficiency Perovskite Light‐Emitting Diodes",2022,"Advanced Functional Materials","","","https://scholar.google.com/scholar?oi=bibs&hl=en&cites=6423450855669999098",671,"2023-03-01 18:29:43","Journal article","","","https://scholar.google.com/citations?view_op=view_citation&hl=en&user=-2OhI8YAAAAJ&cstart=600&pagesize=100&citation_for_view=-2OhI8YAAAAJ:23Hg5vt_rPQC",32,24,2200350,2200350,12,12.00,1,10,1,"","",""
12,"L Bakueva, S Musikhin, EH Sargent, A Shik","Influence of nanocrystals on the energy levels and luminescent properties of the polymer matrix in conjugated polymer–dielectric nanocomposites",2003,"Surface science","","","https://scholar.google.com/scholar?oi=bibs&hl=en&cites=13709915591925867339",679,"2023-03-01 18:29:43","Journal article","","","https://scholar.google.com/citations?view_op=view_citation&hl=en&user=-2OhI8YAAAAJ&cstart=600&pagesize=100&citation_for_view=-2OhI8YAAAAJ:rmuvC79q63oC",532,,1051,1055,12,0.60,3,4,20,"","",""
12,"L Bakueva, S Musikhin, EH Sargent, HE Ruda, A Shik","Luminescence and photovoltaic effects in polymer-based nanocomposites",2003,"Handbook of Organic-Inorganic Hibrid Materials and Nanocomposites","","","https://scholar.google.com/scholar?oi=bibs&hl=en&cites=15202356419811830854",681,"2023-03-01 18:29:43","Journal article","","","https://scholar.google.com/citations?view_op=view_citation&hl=en&user=-2OhI8YAAAAJ&cstart=600&pagesize=100&citation_for_view=-2OhI8YAAAAJ:XvxMoLDsR5gC",2,,182,216,12,0.60,2,5,20,"","",""
12,"MJ Choi, LK Sagar, B Sun, M Biondi, S Lee, AM Najjariyan, L Levina, ...","Ligand exchange at a covalent surface enables balanced stoichiometry in III–V colloidal quantum dots",2021,"Nano letters","","","https://scholar.google.com/scholar?oi=bibs&hl=en&cites=18378366623213503129",672,"2023-03-01 18:29:43","Journal article","","","https://scholar.google.com/citations?view_op=view_citation&hl=en&user=-2OhI8YAAAAJ&cstart=600&pagesize=100&citation_for_view=-2OhI8YAAAAJ:yBJCJstOu-sC",21,14,6057,6063,12,6.00,2,8,2,"","",""
12,"YB Zhao, M Liu, O Voznyy, B Sun, PC Li, H Kung, O Ouellette, MJ Choi, ...","Accelerated solution-phase exchanges minimize defects in colloidal quantum dot solids",2019,"Nano Energy","","","https://scholar.google.com/scholar?oi=bibs&hl=en&cites=16771357177828785350",675,"2023-03-01 18:29:43","Journal article","","","https://scholar.google.com/citations?view_op=view_citation&hl=en&user=-2OhI8YAAAAJ&cstart=600&pagesize=100&citation_for_view=-2OhI8YAAAAJ:RmcNAhKkducC",63,,103876,103876,12,3.00,1,9,4,"","",""
12,"Z Wang, F Xia, M Labib, M Ahmadi, H Chen, J Das, SU Ahmed, S Angers, ...","Nanostructured Architectures Promote the Mesenchymal–Epithelial Transition for Invasive Cells",2020,"ACS nano","","","https://scholar.google.com/scholar?oi=bibs&hl=en&cites=906977032415469719",674,"2023-03-01 18:29:43","Journal article","","","https://scholar.google.com/citations?view_op=view_citation&hl=en&user=-2OhI8YAAAAJ&cstart=600&pagesize=100&citation_for_view=-2OhI8YAAAAJ:1pC5hbHeJ6IC",14,5,5324,5336,12,4.00,1,9,3,"","",""
11,"AR Kirmani, F Eisner, AE Mansour, Y Firdaus, N Chaturvedi, A Seitkhan, ...","Colloidal Quantum Dot Photovoltaics Using Ultrathin, Solution-Processed Bilayer In2O3/ZnO Electron Transport Layers with Improved Stability",2020,"ACS Applied Energy Materials","","","https://scholar.google.com/scholar?oi=bibs&hl=en&cites=5416992467856220645",686,"2023-03-01 18:29:43","Journal article","","","https://scholar.google.com/citations?view_op=view_citation&hl=en&user=-2OhI8YAAAAJ&cstart=600&pagesize=100&citation_for_view=-2OhI8YAAAAJ:pcWPcJyQGiUC",3,6,5135,5141,11,3.67,2,7,3,"","",""
11,"EH Sargent","Connecting the quantum dots",2010,"iEEE SpEctrum","","","https://scholar.google.com/scholar?oi=bibs&hl=en&cites=14201608820291020327",693,"2023-03-01 18:29:43","Journal article","","","https://scholar.google.com/citations?view_op=view_citation&hl=en&user=-2OhI8YAAAAJ&cstart=600&pagesize=100&citation_for_view=-2OhI8YAAAAJ:HtEfBTGE9r8C",47,2,48,52,11,0.85,11,1,13,"","",""
11,"EH Sargent, JP Clifford, G Konstantatos, I Howard, EJD Klem, L Levina","Quantum dot optical devices with enhanced gain and sensitivity and methods of making same",2015,"US Patent 9,054,246","","","https://scholar.google.com/scholar?oi=bibs&hl=en&cites=8084775287672046739",692,"2023-03-01 18:29:43","Patent","","","https://scholar.google.com/citations?view_op=view_citation&hl=en&user=-2OhI8YAAAAJ&cstart=600&pagesize=100&citation_for_view=-2OhI8YAAAAJ:cBPnxVikjH8C",,,,,11,1.38,2,6,8,"","",""
11,"G Wang, J Das, S Ahmed, CR Nemr, L Zhang, M Poudineh, EH Sargent, ...","Curvature-mediated surface accessibility enables ultrasensitive electrochemical human methyltransferase analysis",2018,"ACS sensors","","","https://scholar.google.com/scholar?oi=bibs&hl=en&cites=5737925989846530729",689,"2023-03-01 18:29:43","Journal article","","","https://scholar.google.com/citations?view_op=view_citation&hl=en&user=-2OhI8YAAAAJ&cstart=600&pagesize=100&citation_for_view=-2OhI8YAAAAJ:uoRD4RTSUPoC",3,9,1765,1772,11,2.20,1,8,5,"","",""
11,"H Lim, D Kim, MJ Choi, EH Sargent, YS Jung, JY Kim","Suppressing Interfacial Dipoles to Minimize Open‐Circuit Voltage Loss in Quantum Dot Photovoltaics",2019,"Advanced Energy Materials","","","https://scholar.google.com/scholar?oi=bibs&hl=en&cites=8338602089941754102",687,"2023-03-01 18:29:43","Journal article","","","https://scholar.google.com/citations?view_op=view_citation&hl=en&user=-2OhI8YAAAAJ&cstart=600&pagesize=100&citation_for_view=-2OhI8YAAAAJ:Sf6vrWCRp3YC",9,48,1901938,1901938,11,2.75,2,6,4,"","",""
11,"J Poon, E Istrate, M Allard, EH Sargent","Multiple-scales analysis of photonic crystal waveguides",2003,"IEEE journal of quantum electronics","","","https://scholar.google.com/scholar?oi=bibs&hl=en&cites=17781034355888144757",694,"2023-03-01 18:29:43","Journal article","","","https://scholar.google.com/citations?view_op=view_citation&hl=en&user=-2OhI8YAAAAJ&cstart=600&pagesize=100&citation_for_view=-2OhI8YAAAAJ:bz8QjSJIRt4C",39,6,778,786,11,0.55,3,4,20,"","",""
11,"MA Mezour, O Voznyy, EH Sargent, RB Lennox, DF Perepichka","Controlling C60 Organization through Dipole-Induced Band Alignment at Self-Assembled Monolayer Interfaces",2016,"Chemistry of Materials","","","https://scholar.google.com/scholar?oi=bibs&hl=en&cites=2212372981757746829",691,"2023-03-01 18:29:43","Journal article","","","https://scholar.google.com/citations?view_op=view_citation&hl=en&user=-2OhI8YAAAAJ&cstart=600&pagesize=100&citation_for_view=-2OhI8YAAAAJ:WAzi4Gm8nLoC",28,22,8322,8329,11,1.57,2,5,7,"","",""
11,"S Gomis, M Labib, BLK Coles, D Van Der Kooy, EH Sargent, SO Kelley","Single-cell tumbling enables high-resolution size profiling of retinal stem cells",2018,"ACS applied materials &interfaces","","","https://scholar.google.com/scholar?oi=bibs&hl=en&cites=15660669707351992606",688,"2023-03-01 18:29:43","Journal article","","","https://scholar.google.com/citations?view_op=view_citation&hl=en&user=-2OhI8YAAAAJ&cstart=600&pagesize=100&citation_for_view=-2OhI8YAAAAJ:j7XjBeKFbTsC",10,41,34811,34816,11,2.20,2,6,5,"","",""
11,"Y Zhou, G Chen, EH Sargent, T Zhuang, CT Dinh, F He","Freestanding nano-photoelectrode as a highly efficient and visible-light-driven photocatalyst for water-splitting",2017,"Journal of Materials Chemistry A","","","https://scholar.google.com/scholar?oi=bibs&hl=en&cites=2294237594095553792",690,"2023-03-01 18:29:43","Journal article","","","https://scholar.google.com/citations?view_op=view_citation&hl=en&user=-2OhI8YAAAAJ&cstart=600&pagesize=100&citation_for_view=-2OhI8YAAAAJ:9DLIHnF0jcYC",5,21,10651,10657,11,1.83,2,6,6,"","",""
10,"E Istrate, EH Sargent","The photonic analogue of the graded heterostructure: analysis using the envelope approximation",2002,"Optical and quantum electronics","","","https://scholar.google.com/scholar?oi=bibs&hl=en&cites=2254462944889246877",711,"2023-03-01 18:29:43","Journal article","","","https://scholar.google.com/citations?view_op=view_citation&hl=en&user=-2OhI8YAAAAJ&cstart=700&pagesize=100&citation_for_view=-2OhI8YAAAAJ:anf4URPfarAC",34,,217,226,10,0.48,5,2,21,"","",""
10,"E Sargent, SA McDonald, S Zhang, L Levina, G Konstantatos, P Cyr","Three-dimensional bicontinuous heterostructures, method of making, and their application in quantum dot-polymer nanocomposite photodetectors and photovoltaics",2016,"US Patent 9,231,223","","","https://scholar.google.com/scholar?oi=bibs&hl=en&cites=5628515282470795077",704,"2023-03-01 18:29:43","Patent","","","https://scholar.google.com/citations?view_op=view_citation&hl=en&user=-2OhI8YAAAAJ&cstart=700&pagesize=100&citation_for_view=-2OhI8YAAAAJ:BPS1z4jHU5cC",,,,,10,1.43,2,6,7,"","",""
10,"EH Sargent, G Koleilat, L Levina","Photodetectors and photovoltaics based on semiconductor nanocrystals",2016,"US Patent 9,257,582","","","https://scholar.google.com/scholar?oi=bibs&hl=en&cites=10327689737975057774",703,"2023-03-01 18:29:43","Patent","","","https://scholar.google.com/citations?view_op=view_citation&hl=en&user=-2OhI8YAAAAJ&cstart=700&pagesize=100&citation_for_view=-2OhI8YAAAAJ:1Ye0OR6EYb4C",,,,,10,1.43,3,3,7,"","",""
10,"EH Sargent, JJY Lee, H Tian","Sensors and systems for the capture of scenes and events in space and time",2016,"US Patent 9,405,376","","","https://scholar.google.com/scholar?oi=bibs&hl=en&cites=2468221713668936014,6967580836553135303",702,"2023-03-01 18:29:43","Patent","","","https://scholar.google.com/citations?view_op=view_citation&hl=en&user=-2OhI8YAAAAJ&cstart=700&pagesize=100&citation_for_view=-2OhI8YAAAAJ:kzcSZmkxUKAC",,,,,10,1.43,3,3,7,"","",""
10,"EH Sargent, JJY Lee, H Tian, E Mandelli","Sensors and systems for the capture of scenes and events in space and time",2018,"US Patent 10,097,780","","","https://scholar.google.com/scholar?oi=bibs&hl=en&cites=14909483556874481076",700,"2023-03-01 18:29:43","Patent","","","https://scholar.google.com/citations?view_op=view_citation&hl=en&user=-2OhI8YAAAAJ&cstart=600&pagesize=100&citation_for_view=-2OhI8YAAAAJ:QAOzB4mb83kC",,,,,10,2.00,3,4,5,"","",""
10,"EH Sargent, V Sukhovatkin","Photoconductive materials and devices with internal photoconductive gain",2012,"US Patent 8,310,022","","","https://scholar.google.com/scholar?oi=bibs&hl=en&cites=6566084672129183482",706,"2023-03-01 18:29:43","Patent","","","https://scholar.google.com/citations?view_op=view_citation&hl=en&user=-2OhI8YAAAAJ&cstart=700&pagesize=100&citation_for_view=-2OhI8YAAAAJ:DyXnQzXoVgIC",,,,,10,0.91,5,2,11,"","",""
10,"HI Kim, SW Baek, MJ Choi, B Chen, O Ouellette, K Choi, B Scheffel, ...","Monolithic organic/colloidal quantum dot hybrid tandem solar cells via buffer engineering",2020,"Advanced Materials","","","https://scholar.google.com/scholar?oi=bibs&hl=en&cites=7082757424349440355",697,"2023-03-01 18:29:43","Journal article","","","https://scholar.google.com/citations?view_op=view_citation&hl=en&user=-2OhI8YAAAAJ&cstart=600&pagesize=100&citation_for_view=-2OhI8YAAAAJ:TEVcCiyi8yIC",32,42,2004657,2004657,10,3.33,1,8,3,"","",""
10,"JL Sheriff, IA Goldthorpe, EH Sargent","Optical limiting and intensity-dependent diffraction from low-contrast nonlinear periodic media: Coupled-mode analysis",2004,"Physical Review E","","","https://scholar.google.com/scholar?oi=bibs&hl=en&cites=13962150982091046160",707,"2023-03-01 18:29:43","Journal article","","","https://scholar.google.com/citations?view_op=view_citation&hl=en&user=-2OhI8YAAAAJ&cstart=700&pagesize=100&citation_for_view=-2OhI8YAAAAJ:_5tno0g5mFcC",70,3,36616,36616,10,0.53,3,3,19,"","",""
10,"L Bakueva, S Musikhin, EH Sargent, S Schulz","Fabrication and investigation of nanocomposites of conducting polymers and GaSb nanocrystals",2003,"Surface science","","","https://scholar.google.com/scholar?oi=bibs&hl=en&cites=8108211198153242640",710,"2023-03-01 18:29:43","Journal article","","","https://scholar.google.com/citations?view_op=view_citation&hl=en&user=-2OhI8YAAAAJ&cstart=700&pagesize=100&citation_for_view=-2OhI8YAAAAJ:FAceZFleit8C",532,,828,831,10,0.50,3,4,20,"","",""
10,"MC Beard, AH Ip, JM Luther, EH Sargent, AJ Nozik","Quantum confined semiconductors for enhancing solar photoconversion through multiple exciton generation",2014,"Advanced concepts in photovoltaics","","","https://scholar.google.com/scholar?oi=bibs&hl=en&cites=11484725156886529110",705,"2023-03-01 18:29:43","Book chapter","","","https://scholar.google.com/citations?view_op=view_citation&hl=en&user=-2OhI8YAAAAJ&cstart=700&pagesize=100&citation_for_view=-2OhI8YAAAAJ:QD3KBmkZPeQC",,,345,378,10,1.11,2,5,9,"","",""
10,"MI Nugraha, H Kim, B Sun, S Desai, FPG de Arquer, EH Sargent, ...","Highly Passivated n‐Type Colloidal Quantum Dots for Solution‐Processed Thermoelectric Generators with Large Output Voltage",2019,"Advanced Energy Materials","","","https://scholar.google.com/scholar?oi=bibs&hl=en&cites=11736268827009740581",699,"2023-03-01 18:29:43","Journal article","","","https://scholar.google.com/citations?view_op=view_citation&hl=en&user=-2OhI8YAAAAJ&cstart=600&pagesize=100&citation_for_view=-2OhI8YAAAAJ:RdUpO4xyVKMC",9,28,1901244,1901244,10,2.50,1,7,4,"","",""
10,"N Barakat, EH Sargent","The influence of low-class traffic load on high-class performance and isolation in optical burst switching systems",2004,"2004 IEEE International Conference on Communications (IEEE Cat. No …","","","https://scholar.google.com/scholar?oi=bibs&hl=en&cites=5540583340904645628",708,"2023-03-01 18:29:43","Conference paper","","","https://scholar.google.com/citations?view_op=view_citation&hl=en&user=-2OhI8YAAAAJ&cstart=700&pagesize=100&citation_for_view=-2OhI8YAAAAJ:mNrWkgRL2YcC",,,,,10,0.53,5,2,19,"","",""
10,"R Quintero-Bermudez, J Kirman, D Ma, EH Sargent, R Quintero-Torres","Mechanisms of LiF interlayer enhancements of perovskite light-emitting diodes",2020,"The Journal of Physical Chemistry Letters","","","https://scholar.google.com/scholar?oi=bibs&hl=en&cites=5138609412167439991",698,"2023-03-01 18:29:43","Journal article","","","https://scholar.google.com/citations?view_op=view_citation&hl=en&user=-2OhI8YAAAAJ&cstart=600&pagesize=100&citation_for_view=-2OhI8YAAAAJ:2TuIPqOg0e0C",11,10,4213,4220,10,3.33,2,5,3,"","",""
10,"R Zhao, RP Sabatini, T Zhu, S Wang, A Morteza Najjarian, A Johnston, ...","Rigid Conjugated Diamine Templates for Stable Dion–Jacobson-Type Two-Dimensional Perovskites",2021,"Journal of the American Chemical Society","","","https://scholar.google.com/scholar?oi=bibs&hl=en&cites=14684659283347418025",696,"2023-03-01 18:29:43","Journal article","","","https://scholar.google.com/citations?view_op=view_citation&hl=en&user=-2OhI8YAAAAJ&cstart=600&pagesize=100&citation_for_view=-2OhI8YAAAAJ:7q08wCQPkLwC",143,47,19901,19908,10,5.00,1,7,2,"","",""
10,"SB Kuntze, EH Sargent, SJ Dixon-Warren, JK White, K Hinzer, D Ban","Nanoscopic electric potential probing: Influence of probe–sample interface on spatial resolution",2004,"Applied physics letters","","","https://scholar.google.com/scholar?oi=bibs&hl=en&cites=9370495665336300739",709,"2023-03-01 18:29:43","Journal article","","","https://scholar.google.com/citations?view_op=view_citation&hl=en&user=-2OhI8YAAAAJ&cstart=700&pagesize=100&citation_for_view=-2OhI8YAAAAJ:r_AWSJRzSzQC",84,4,601,603,10,0.53,2,6,19,"","",""
10,"TA Berhe, JH Cheng, WN Su, CJ Pan, MC Tsai, HM Chen, Z Yang, H Tan, ...","Identification of the physical origin behind disorder, heterogeneity, and reconstruction and their correlation with the photoluminescence lifetime in hybrid perovskite thin films",2017,"Journal of Materials Chemistry A","","","https://scholar.google.com/scholar?oi=bibs&hl=en&cites=2351562290649964291",701,"2023-03-01 18:29:43","Journal article","","","https://scholar.google.com/citations?view_op=view_citation&hl=en&user=-2OhI8YAAAAJ&cstart=700&pagesize=100&citation_for_view=-2OhI8YAAAAJ:vnF2_uLGgtgC",5,39,21002,21015,10,1.67,1,9,6,"","",""
10,"Z Li, Z Deng, A Johnston, J Luo, H Chen, Y Dong, R Sabatini, EH Sargent","Precursor Tailoring Enables Alkylammonium Tin Halide Perovskite Phosphors for Solid‐State Lighting",2022,"Advanced Functional Materials","","","https://scholar.google.com/scholar?oi=bibs&hl=en&cites=15746082727235578062",695,"2023-03-01 18:29:43","Journal article","","","https://scholar.google.com/citations?view_op=view_citation&hl=en&user=-2OhI8YAAAAJ&cstart=600&pagesize=100&citation_for_view=-2OhI8YAAAAJ:7f0ks1Axv_QC",32,18,2111346,2111346,10,10.00,1,8,1,"","",""
9,"AA Green, E Istrate, EH Sargent","Efficient design and optimization of photonic crystal waveguides and couplers: The Interface Diffraction Method",2005,"Optics Express","","","https://scholar.google.com/scholar?oi=bibs&hl=en&cites=17256200938451055617",719,"2023-03-01 18:29:43","Journal article","","","https://scholar.google.com/citations?view_op=view_citation&hl=en&user=-2OhI8YAAAAJ&cstart=700&pagesize=100&citation_for_view=-2OhI8YAAAAJ:umqufdRvDiIC",13,19,7304,7318,9,0.50,3,3,18,"","",""
9,"D Wang, C Wang, FPG de Arquer, J Zhong, L Qian, L Fang, P Liu, Y Pang, ...","Band-aligned C 3 N 4− x S 3x/2 stabilizes CdS/CuInGaS 2 photocathodes for efficient water reduction",2017,"Journal of Materials Chemistry A","","","https://scholar.google.com/scholar?oi=bibs&hl=en&cites=16261258262624230637",716,"2023-03-01 18:29:43","Journal article","","","https://scholar.google.com/citations?view_op=view_citation&hl=en&user=-2OhI8YAAAAJ&cstart=700&pagesize=100&citation_for_view=-2OhI8YAAAAJ:wSy_KLzO7YEC",5,7,3167,3171,9,1.50,1,9,6,"","",""
9,"E Kumacheva, EH Sargent, RK Golding, M Allard","Method of colloid crystal growth on patterned surfaces",2005,"US Patent 6,846,578","","","https://scholar.google.com/scholar?oi=bibs&hl=en&cites=11363800362580539926",721,"2023-03-01 18:29:43","Patent","","","https://scholar.google.com/citations?view_op=view_citation&hl=en&user=-2OhI8YAAAAJ&cstart=700&pagesize=100&citation_for_view=-2OhI8YAAAAJ:LhH-TYMQEocC",,,,,9,0.50,2,4,18,"","",""
9,"EKH Ng, EH Sargent","Mining the fibre-optic channel capacity in the local area: maximizing spectral efficiency in multi-wavelength optical CDMA networks",2001,"ICC 2001. IEEE International Conference on Communications. Conference Record …","","","https://scholar.google.com/scholar?oi=bibs&hl=en&cites=5210263010144028273",723,"2023-03-01 18:29:43","Conference paper","","","https://scholar.google.com/citations?view_op=view_citation&hl=en&user=-2OhI8YAAAAJ&cstart=700&pagesize=100&citation_for_view=-2OhI8YAAAAJ:fFSKOagxvKUC",,,,,9,0.41,5,2,22,"","",""
9,"HM Jafari, L Soleymani, K Abdelhalim, EH Sargent, SO Kelley, R Genov","Nanostructured CMOS wireless ultra-wideband label-free DNA analysis SoC",2012,"2012 Symposium on VLSI Circuits (VLSIC)","","","https://scholar.google.com/scholar?oi=bibs&hl=en&cites=4681260151508810084",718,"2023-03-01 18:29:43","Conference paper","","","https://scholar.google.com/citations?view_op=view_citation&hl=en&user=-2OhI8YAAAAJ&cstart=700&pagesize=100&citation_for_view=-2OhI8YAAAAJ:nVrZBo8bIpAC",,,122,123,9,0.82,2,6,11,"","",""
9,"JG Manion, AH Proppe, GEJ Hicks, EH Sargent, DS Seferos","High-throughput screening of antisolvents for the deposition of high-quality perovskite thin films",2020,"ACS applied materials &interfaces","","","https://scholar.google.com/scholar?oi=bibs&hl=en&cites=1443006796408677692",713,"2023-03-01 18:29:43","Journal article","","","https://scholar.google.com/citations?view_op=view_citation&hl=en&user=-2OhI8YAAAAJ&cstart=700&pagesize=100&citation_for_view=-2OhI8YAAAAJ:9fRKRCJz75UC",12,23,26026,26032,9,3.00,2,5,3,"","",""
9,"LK Sagar, G Bappi, A Johnston, B Chen, P Todorović, L Levina, ...","Suppression of auger recombination by gradient alloying in InAs/CdSe/CdS QDs",2020,"Chemistry of Materials","","","https://scholar.google.com/scholar?oi=bibs&hl=en&cites=1949587054508506441",712,"2023-03-01 18:29:43","Journal article","","","https://scholar.google.com/citations?view_op=view_citation&hl=en&user=-2OhI8YAAAAJ&cstart=700&pagesize=100&citation_for_view=-2OhI8YAAAAJ:kcGNQN_anIUC",32,18,7703,7709,9,3.00,1,7,3,"","",""
9,"RP Sabatini, G Bappi, KT Bicanic, F Fan, S Hoogland, MI Saidaminov, ...","Temperature-induced self-compensating defect traps and gain thresholds in colloidal quantum dots",2019,"ACS nano","","","https://scholar.google.com/scholar?oi=bibs&hl=en&cites=8560532087913180130",714,"2023-03-01 18:29:43","Journal article","","","https://scholar.google.com/citations?view_op=view_citation&hl=en&user=-2OhI8YAAAAJ&cstart=700&pagesize=100&citation_for_view=-2OhI8YAAAAJ:TNEldfgDb5MC",13,8,8970,8976,9,2.25,1,7,4,"","",""
9,"SB Kuntze, EH Sargent, JK White, K Hinzer, SJ Dixon-Warren, D Ban","In situ resistance measurement of the -type contact in InP–InGaAsP coolerless ridge waveguide lasers",2005,"Applied Physics Letters","","","https://scholar.google.com/scholar?oi=bibs&hl=en&cites=13540163182123446328",720,"2023-03-01 18:29:43","Journal article","","","https://scholar.google.com/citations?view_op=view_citation&hl=en&user=-2OhI8YAAAAJ&cstart=700&pagesize=100&citation_for_view=-2OhI8YAAAAJ:BJbdYPG6LGMC",86,8,81111,81111,9,0.50,2,6,18,"","",""
9,"SO Kelley, EH Sargent, B Lam","Systems and methods for multiplexed electrochemical detection",2015,"US Patent 9,217,179","","","https://scholar.google.com/scholar?oi=bibs&hl=en&cites=12781279542548920386",717,"2023-03-01 18:29:43","Patent","","","https://scholar.google.com/citations?view_op=view_citation&hl=en&user=-2OhI8YAAAAJ&cstart=700&pagesize=100&citation_for_view=-2OhI8YAAAAJ:wvYxNZNCP7wC",,,,,9,1.13,3,3,8,"","",""
9,"TWF Chang, EH Sargent","Spectral efficiency limit of bipolar signaling in incoherent optical CDMA systems",2001,"GLOBECOM'01. IEEE Global Telecommunications Conference (Cat. No. 01CH37270 …","","","https://scholar.google.com/scholar?oi=bibs&hl=en&cites=14576113107860765455",722,"2023-03-01 18:29:43","Conference paper","","","https://scholar.google.com/citations?view_op=view_citation&hl=en&user=-2OhI8YAAAAJ&cstart=700&pagesize=100&citation_for_view=-2OhI8YAAAAJ:WJVC3Jt7v1AC",,,,,9,0.41,5,2,22,"","",""
9,"YB Zhao, GL Ingram, XW Gong, XY Li, LN Quan, PC Li, JQ Xie, ...","Excitonic Creation of Highly Luminescent Defects In Situ in Working Organic Light‐Emitting Diodes",2018,"Advanced Optical Materials","","","https://scholar.google.com/scholar?oi=bibs&hl=en&cites=11590159820723618676",715,"2023-03-01 18:29:43","Journal article","","","https://scholar.google.com/citations?view_op=view_citation&hl=en&user=-2OhI8YAAAAJ&cstart=700&pagesize=100&citation_for_view=-2OhI8YAAAAJ:MDX3w3dAD3YC",6,2,1700856,1700856,9,1.80,1,8,5,"","",""
8,"A Barkhouse, X Wang, EH Sargent, G Koleilat, L Brzozowski","Photovoltaic devices with multiple junctions separated by a graded recombination layer",2015,"US Patent 8,975,509","","","https://scholar.google.com/scholar?oi=bibs&hl=en&cites=12384529388597538970",736,"2023-03-01 18:29:43","Patent","","","https://scholar.google.com/citations?view_op=view_citation&hl=en&user=-2OhI8YAAAAJ&cstart=700&pagesize=100&citation_for_view=-2OhI8YAAAAJ:RuPIJ_LgqDgC",,,,,8,1.00,2,5,8,"","",""
8,"A Kiani, H Fayaz Movahed, S Hoogland, O Voznyy, R Wolowiec, L Levina, ...","Gradient-doped colloidal quantum dot solids enable thermophotovoltaic harvesting of waste heat",2016,"ACS Energy Letters","","","https://scholar.google.com/scholar?oi=bibs&hl=en&cites=13344734726638972185",732,"2023-03-01 18:29:43","Journal article","","","https://scholar.google.com/citations?view_op=view_citation&hl=en&user=-2OhI8YAAAAJ&cstart=700&pagesize=100&citation_for_view=-2OhI8YAAAAJ:hGdtkIFZdKAC",1,4,740,746,8,1.14,1,7,7,"","",""
8,"A Mepham, JD Besant, AW Weinstein, IB Burgess, EH Sargent, SO Kelley","Power-free, digital and programmable dispensing of picoliter droplets using a Digit Chip",2017,"Lab on a Chip","","","https://scholar.google.com/scholar?oi=bibs&hl=en&cites=15237057885595204173",730,"2023-03-01 18:29:43","Journal article","","","https://scholar.google.com/citations?view_op=view_citation&hl=en&user=-2OhI8YAAAAJ&cstart=700&pagesize=100&citation_for_view=-2OhI8YAAAAJ:Ic1VZgkJnDsC",17,8,1505,1514,8,1.33,1,6,6,"","",""
8,"A Rostami, EH Sargent","An Optical Integrated system for Implementation of MN Optical Cross-connect, Beam Splitter, Mux/demux and Combiner",2006,"IJCSNS 6 (7B)","","","https://scholar.google.com/scholar?oi=bibs&hl=en&cites=2955945324320952124",738,"2023-03-01 18:29:43","Journal article","","","https://scholar.google.com/citations?view_op=view_citation&hl=en&user=-2OhI8YAAAAJ&cstart=700&pagesize=100&citation_for_view=-2OhI8YAAAAJ:d4tt_xEv1X8C",43,,,,8,0.47,4,2,17,"","",""
8,"EH Sargent, JP Clifford, G Konstantatos, I Howard, EJD Klem, L Levina","Quantum dot optical devices with enhanced gain and sensitivity and methods of making same",2014,"US Patent 8,724,366","","","https://scholar.google.com/scholar?oi=bibs&hl=en&cites=17636938833414449765",737,"2023-03-01 18:29:43","Patent","","","https://scholar.google.com/citations?view_op=view_citation&hl=en&user=-2OhI8YAAAAJ&cstart=700&pagesize=100&citation_for_view=-2OhI8YAAAAJ:_9Xh93LWpsYC",,,,,8,0.89,1,6,9,"","",""
8,"GQ Liu, Y Yang, Y Li, T Zhuang, XF Li, J Wicks, J Tian, MR Gao, JL Peng, ...","Boosting photoelectrochemical efficiency by near-infrared-active lattice-matched morphological heterojunctions",2021,"Nature communications","","","https://scholar.google.com/scholar?oi=bibs&hl=en&cites=15418496613016979693",726,"2023-03-01 18:29:43","Journal article","","","https://scholar.google.com/citations?view_op=view_citation&hl=en&user=-2OhI8YAAAAJ&cstart=700&pagesize=100&citation_for_view=-2OhI8YAAAAJ:OKy9v0bssVUC",12,1,4296,4296,8,4.00,1,10,2,"","",""
8,"H Tian, IC Ivanov, EH Sargent","Image sensors employing sensitized semiconductor diodes",2016,"US Patent 9,293,487","","","https://scholar.google.com/scholar?oi=bibs&hl=en&cites=10641219330037716201",735,"2023-03-01 18:29:43","Patent","","","https://scholar.google.com/citations?view_op=view_citation&hl=en&user=-2OhI8YAAAAJ&cstart=700&pagesize=100&citation_for_view=-2OhI8YAAAAJ:j8pvxH-kN2QC",,,,,8,1.14,3,3,7,"","",""
8,"J Tang, A Pattantyus-Abraham, I Kramer, A Barkhouse, X Wang, ...","Photovoltaic devices with depleted heterojunctions and shell-passivated nanoparticles",2016,"US Patent 9,382,474","","","https://scholar.google.com/scholar?oi=bibs&hl=en&cites=3414993041690819429",733,"2023-03-01 18:29:43","Patent","","","https://scholar.google.com/citations?view_op=view_citation&hl=en&user=-2OhI8YAAAAJ&cstart=700&pagesize=100&citation_for_view=-2OhI8YAAAAJ:69ZgNCALVd0C",,,,,8,1.14,1,6,7,"","",""
8,"J Yang, SC Cho, S Lee, JW Yoon, WH Jeong, H Song, JT Oh, SG Lim, ...","Guanidinium-Pseudohalide Perovskite Interfaces Enable Surface Reconstruction of Colloidal Quantum Dots for Efficient and Stable Photovoltaics",2022,"ACS nano","","","https://scholar.google.com/scholar?oi=bibs&hl=en&cites=17931133427753334318",725,"2023-03-01 18:29:43","Journal article","","","https://scholar.google.com/citations?view_op=view_citation&hl=en&user=-2OhI8YAAAAJ&cstart=700&pagesize=100&citation_for_view=-2OhI8YAAAAJ:f5lEeLvKxmwC",16,1,1649,1660,8,8.00,1,9,1,"","",""
8,"K Xie, A Ozden, RK Miao, Y Li, D Sinton, EH Sargent","Eliminating the need for anodic gas separation in CO2 electroreduction systems via liquid-to-liquid anodic upgrading",2022,"Nature communications","","","https://scholar.google.com/scholar?oi=bibs&hl=en&cites=3867265899793316061",724,"2023-03-01 18:29:43","Journal article","","","https://scholar.google.com/citations?view_op=view_citation&hl=en&user=-2OhI8YAAAAJ&cstart=700&pagesize=100&citation_for_view=-2OhI8YAAAAJ:UO8fSLLLPykC",13,1,3070,3070,8,8.00,1,6,1,"","",""
8,"L Hu, A Mandelis, A Melnikov, X Lan, S Hoogland, EH Sargent","Study of exciton hopping transport in PbS colloidal quantum dot thin films using frequency-and temperature-scanned photocarrier radiometry",2017,"International Journal of Thermophysics","","","https://scholar.google.com/scholar?oi=bibs&hl=en&cites=10033132537847462511",731,"2023-03-01 18:29:43","Journal article","","","https://scholar.google.com/citations?view_op=view_citation&hl=en&user=-2OhI8YAAAAJ&cstart=700&pagesize=100&citation_for_view=-2OhI8YAAAAJ:A8cqit5AE6sC",38,,1,9,8,1.33,1,6,6,"","",""
8,"TS Safaei, J Das, SS Mahshid, PM Aldridge, EH Sargent, SO Kelley","Image-Reversal Soft Lithography: Fabrication of Ultrasensitive Biomolecular Detectors",2016,"Adv. Healthcare Mater","","","https://scholar.google.com/scholar?oi=bibs&hl=en&cites=5762354898555550116",734,"2023-03-01 18:29:43","Journal article","","","https://scholar.google.com/citations?view_op=view_citation&hl=en&user=-2OhI8YAAAAJ&cstart=700&pagesize=100&citation_for_view=-2OhI8YAAAAJ:CdxZDUztZiMC",5,8,893,899,8,1.14,1,6,7,"","",""
8,"W Lin, M Yarema, M Liu, E Sargent, V Wood","Nanocrystal quantum dot devices: How the lead sulfide (PbS) system teaches us the importance of surfaces",2021,"Chimia","","","https://scholar.google.com/scholar?oi=bibs&hl=en&cites=10316916329476365882",727,"2023-03-01 18:29:43","Journal article","","","https://scholar.google.com/citations?view_op=view_citation&hl=en&user=-2OhI8YAAAAJ&cstart=700&pagesize=100&citation_for_view=-2OhI8YAAAAJ:YIdQ7BAI8VoC",75,5,398,413,8,4.00,2,5,2,"","",""
8,"Y Gao, S Meshkat, A Johnston, C Zheng, G Walters, Q Feng, X Wang, ...","Electro-optic modulation using metal-free perovskites",2021,"ACS Applied Materials &Interfaces","","","https://scholar.google.com/scholar?oi=bibs&hl=en&cites=14685567390641531748",729,"2023-03-01 18:29:43","Journal article","","","https://scholar.google.com/citations?view_op=view_citation&hl=en&user=-2OhI8YAAAAJ&cstart=700&pagesize=100&citation_for_view=-2OhI8YAAAAJ:tswL-GKFg8UC",13,16,19042,19047,8,4.00,1,8,2,"","",""
8,"Z Huang, M Wei, AH Proppe, H Chen, B Chen, Y Hou, Z Ning, E Sargent","Band engineering via gradient molecular dopants for CsFA perovskite solar cells",2021,"Advanced Functional Materials","","","https://scholar.google.com/scholar?oi=bibs&hl=en&cites=4958549634487746295",728,"2023-03-01 18:29:43","Journal article","","","https://scholar.google.com/citations?view_op=view_citation&hl=en&user=-2OhI8YAAAAJ&cstart=700&pagesize=100&citation_for_view=-2OhI8YAAAAJ:b8wqy9DyMDUC",31,18,2010572,2010572,8,4.00,1,8,2,"","",""
7,"A Badreldin, A Nabeeh, ZK Ghouri, J Abed, N Wang, Y Wubulikasimu, ...","Early transition-metal-based binary oxide/nitride for efficient electrocatalytic hydrogen evolution from saline water in different pH environments",2021,"ACS Applied Materials &Interfaces","","","https://scholar.google.com/scholar?oi=bibs&hl=en&cites=5049763187101579293",743,"2023-03-01 18:29:43","Journal article","","","https://scholar.google.com/citations?view_op=view_citation&hl=en&user=-2OhI8YAAAAJ&cstart=700&pagesize=100&citation_for_view=-2OhI8YAAAAJ:oi8PhiKYDwsC",13,45,53702,53716,7,3.50,1,7,2,"","",""
7,"A Ozden, Y Liu, CT Dinh, J Li, P Ou, FP García de Arquer, EH Sargent, ...","Gold Adparticles on Silver Combine Low Overpotential and High Selectivity in Electrochemical CO2 Conversion",2021,"ACS Applied Energy Materials","","","https://scholar.google.com/scholar?oi=bibs&hl=en&cites=7671755237963583262",744,"2023-03-01 18:29:43","Journal article","","","https://scholar.google.com/citations?view_op=view_citation&hl=en&user=-2OhI8YAAAAJ&cstart=700&pagesize=100&citation_for_view=-2OhI8YAAAAJ:InLRhUNj-rwC",4,8,7504,7512,7,3.50,1,8,2,"","",""
7,"A Stok, EH Sargent","Comparison of utilization in optical CDMA and WDMA broadcast local-area networks with physical noise",2003,"IEEE International Conference on Communications, 2003. ICC'03.","","","https://scholar.google.com/scholar?oi=bibs&hl=en&cites=709486680535201472",750,"2023-03-01 18:29:43","Conference paper","","","https://scholar.google.com/citations?view_op=view_citation&hl=en&user=-2OhI8YAAAAJ&cstart=700&pagesize=100&citation_for_view=-2OhI8YAAAAJ:dBIO0h50nwkC",2,,1335,1339,7,0.35,4,2,20,"","",""
7,"DH Parmar, J M. Pina, T Zhu, M Vafaie, O Atan, M Biondi, AM Najjariyan, ...","Controlled Crystal Plane Orientations in the ZnO Transport Layer Enable High‐Responsivity, Low‐Dark‐Current Infrared Photodetectors",2022,"Advanced Materials","","","https://scholar.google.com/scholar?oi=bibs&hl=en&cites=14581252415409031783",740,"2023-03-01 18:29:43","Journal article","","","https://scholar.google.com/citations?view_op=view_citation&hl=en&user=-2OhI8YAAAAJ&cstart=700&pagesize=100&citation_for_view=-2OhI8YAAAAJ:_09KEOFGu60C",34,17,2200321,2200321,7,7.00,1,8,1,"","",""
7,"F Bertolotti, AH Proppe, D Dirin, M Liu, O Voznyy, A Cervellino, ...","Ligand-induced symmetry breaking, size and morphology in colloidal lead sulfide QDs: from classic to thiourea precursors",2018,"Chemistry Squared","","","https://scholar.google.com/scholar?oi=bibs&hl=en&cites=622834169315763448",746,"2023-03-01 18:29:43","Journal article","","","https://scholar.google.com/citations?view_op=view_citation&hl=en&user=-2OhI8YAAAAJ&cstart=700&pagesize=100&citation_for_view=-2OhI8YAAAAJ:cRMvf6lLvU8C",2,,1,1,7,1.40,1,7,5,"","",""
7,"JT Oh, SY Bae, J Yang, SR Ha, H Song, CB Lee, S Shome, S Biswas, ...","Ultra-stable all-inorganic silver bismuth sulfide colloidal nanocrystal photovoltaics using pin type architecture",2021,"Journal of Power Sources","","","https://scholar.google.com/scholar?oi=bibs&hl=en&cites=532719432054693043",742,"2023-03-01 18:29:43","Journal article","","","https://scholar.google.com/citations?view_op=view_citation&hl=en&user=-2OhI8YAAAAJ&cstart=700&pagesize=100&citation_for_view=-2OhI8YAAAAJ:ae0xyBWlIcIC",514,,230585,230585,7,3.50,1,9,2,"","",""
7,"M Xia, G Niu, L Liu, R Gao, T Jin, P Wan, W Pan, X Zhang, Z Xie, S Teale, ...","Organic–inorganic hybrid perovskite scintillators for mixed field radiation detection",2022,"InfoMat","","","https://scholar.google.com/scholar?oi=bibs&hl=en&cites=170699204719866020",739,"2023-03-01 18:29:43","Journal article","","","https://scholar.google.com/citations?view_op=view_citation&hl=en&user=-2OhI8YAAAAJ&cstart=700&pagesize=100&citation_for_view=-2OhI8YAAAAJ:dY-VugTTHzcC",4,9,12325,,7,7.00,1,11,1,"","",""
7,"N Barakat, EH Sargent","On optimal ingress treatment of delaysensitive traffic in multi-class OBS systems",2004,"Proceedings of 3rd International Workshop on Optical Burst Switching, WOBS","","","https://scholar.google.com/scholar?oi=bibs&hl=en&cites=14967282098043555223",748,"2023-03-01 18:29:43","Conference paper","","","https://scholar.google.com/citations?view_op=view_citation&hl=en&user=-2OhI8YAAAAJ&cstart=700&pagesize=100&citation_for_view=-2OhI8YAAAAJ:u-coK7KVo8oC",,,,,7,0.37,4,2,19,"","",""
7,"N Barakat, EH Sargent","Quantifying the effect of extended offsets in optical burst switching networks",2004,"Canadian Conference on Electrical and Computer Engineering 2004 (IEEE Cat …","","","https://scholar.google.com/scholar?oi=bibs&hl=en&cites=6023417522153410361",749,"2023-03-01 18:29:43","Conference paper","","","https://scholar.google.com/citations?view_op=view_citation&hl=en&user=-2OhI8YAAAAJ&cstart=700&pagesize=100&citation_for_view=-2OhI8YAAAAJ:cWzG1nlazyYC",,,,,7,0.37,4,2,19,"","",""
7,"Z Wang, S Ahmed, M Labib, H Wang, X Hu, J Wei, Y Yao, J Moffat, ...","Efficient recovery of potent tumour-infiltrating lymphocytes through quantitative immunomagnetic cell sorting",2022,"Nature Biomedical Engineering","","","https://scholar.google.com/scholar?oi=bibs&hl=en&cites=4312053077261974700",741,"2023-03-01 18:29:43","Journal article","","","https://scholar.google.com/citations?view_op=view_citation&hl=en&user=-2OhI8YAAAAJ&cstart=700&pagesize=100&citation_for_view=-2OhI8YAAAAJ:hzvVvKpMvx4C",6,2,108,117,7,7.00,1,9,1,"","",""
7,"ZM Beiley, EH Sargent","High-performance image sensors including those providing global electronic shutter",2018,"US Patent 10,096,730","","","https://scholar.google.com/scholar?oi=bibs&hl=en&cites=17087950518234222504",745,"2023-03-01 18:29:43","Patent","","","https://scholar.google.com/citations?view_op=view_citation&hl=en&user=-2OhI8YAAAAJ&cstart=700&pagesize=100&citation_for_view=-2OhI8YAAAAJ:natZJ_-F0IUC",,,,,7,1.40,4,2,5,"","",""
7,"ZM Beiley, EH Sargent","Image sensors including those providing global electronic shutter",2017,"US Patent App. 15/456,303","","","https://scholar.google.com/scholar?oi=bibs&hl=en&cites=14451863983263248742",747,"2023-03-01 18:29:43","Patent","","","https://scholar.google.com/citations?view_op=view_citation&hl=en&user=-2OhI8YAAAAJ&cstart=700&pagesize=100&citation_for_view=-2OhI8YAAAAJ:vVJNg6_NJEsC",,,,,7,1.17,4,2,6,"","",""
6,"A Morteza Najarian, M Vafaie, A Johnston, T Zhu, M Wei, MI Saidaminov, ...","Sub-millimetre light detection and ranging using perovskites",2022,"Nature Electronics","","","https://scholar.google.com/scholar?oi=bibs&hl=en&cites=11113074658962040056",751,"2023-03-01 18:29:43","Journal article","","","https://scholar.google.com/citations?view_op=view_citation&hl=en&user=-2OhI8YAAAAJ&cstart=700&pagesize=100&citation_for_view=-2OhI8YAAAAJ:PQ1NLOpCoVAC",5,8,511,518,6,6.00,1,7,1,"","",""
6,"AS Rasouli, X Wang, J Wicks, CT Dinh, J Abed, FY Wu, SF Hung, ...","Ga doping disrupts CC coupling and promotes methane electroproduction on CuAl catalysts",2022,"Chem Catalysis","","","https://scholar.google.com/scholar?oi=bibs&hl=en&cites=11467735726829755915",753,"2023-03-01 18:29:43","Journal article","","","https://scholar.google.com/citations?view_op=view_citation&hl=en&user=-2OhI8YAAAAJ&cstart=700&pagesize=100&citation_for_view=-2OhI8YAAAAJ:F_tUKv7nyWgC",2,4,908,916,6,6.00,1,8,1,"","",""
6,"D Ma, L Mai, M Saliba, EH Sargent, PV Kamat","Energy selects: Perovskite Photovoltaics and storage batteries",2019,"ACS Energy Letters","","","https://scholar.google.com/scholar?oi=bibs&hl=en&cites=12909153385249826429",756,"2023-03-01 18:29:43","Journal article","","","https://scholar.google.com/citations?view_op=view_citation&hl=en&user=-2OhI8YAAAAJ&cstart=700&pagesize=100&citation_for_view=-2OhI8YAAAAJ:654Jc7Ppz2kC",4,6,1455,1457,6,1.50,1,5,4,"","",""
6,"FP García de Arquer, EH Sargent","Perovskite nanowires find an edge",2018,"Nature Electronics","","","https://scholar.google.com/scholar?oi=bibs&hl=en&cites=4972712012690064788",757,"2023-03-01 18:29:43","Journal article","","","https://scholar.google.com/citations?view_op=view_citation&hl=en&user=-2OhI8YAAAAJ&cstart=700&pagesize=100&citation_for_view=-2OhI8YAAAAJ:GtqhT-R7ZnwC",1,7,380,381,6,1.20,3,2,5,"","",""
6,"J Yang, M Kim, S Lee, JW Yoon, S Shome, K Bertens, H Song, SG Lim, ...","Solvent engineering of colloidal quantum dot inks for scalable fabrication of photovoltaics",2021,"ACS Applied Materials &Interfaces","","","https://scholar.google.com/scholar?oi=bibs&hl=en&cites=1097897504350848181",754,"2023-03-01 18:29:43","Journal article","","","https://scholar.google.com/citations?view_op=view_citation&hl=en&user=-2OhI8YAAAAJ&cstart=700&pagesize=100&citation_for_view=-2OhI8YAAAAJ:vYYylRVofzEC",13,31,36992,37003,6,3.00,1,9,2,"","",""
6,"L Brzozowski, EH Sargent","Nonlinear distributed feedback structures for optical sensor protection",2000,"Digitization of the Battlespace V and Battlefield Biomedical Technologies II …","","","https://scholar.google.com/scholar?oi=bibs&hl=en&cites=15137697160319373833",759,"2023-03-01 18:29:43","","","","https://scholar.google.com/citations?view_op=view_citation&hl=en&user=-2OhI8YAAAAJ&cstart=700&pagesize=100&citation_for_view=-2OhI8YAAAAJ:Bg7qf7VwUHIC",,,,,6,0.26,3,2,23,"","",""
6,"MJ Choi, YJ Kim, H Lim, E Alarousu, A Adhikari, BS Shaheen, YH Kim, ...","Quantum‐Dot Solar Cells: Tuning Solute‐Redistribution Dynamics for Scalable Fabrication of Colloidal Quantum‐Dot Optoelectronics (Adv. Mater. 32/2019)",2019,"Advanced Materials","","","https://scholar.google.com/scholar?oi=bibs&hl=en&cites=10512662631693978083",755,"2023-03-01 18:29:43","Journal article","","","https://scholar.google.com/citations?view_op=view_citation&hl=en&user=-2OhI8YAAAAJ&cstart=700&pagesize=100&citation_for_view=-2OhI8YAAAAJ:xckinRaLORAC",31,32,1970225,1970225,6,1.50,1,8,4,"","",""
6,"Y Nah, D Solanki, Y Dong, JA Röhr, AD Taylor, S Hu, EH Sargent, DH Kim","Narrowing the Phase Distribution of Quasi‐2D Perovskites for Stable Deep‐Blue Electroluminescence",2022,"Advanced Science","","","https://scholar.google.com/scholar?oi=bibs&hl=en&cites=16454750541367415551",752,"2023-03-01 18:29:43","Journal article","","","https://scholar.google.com/citations?view_op=view_citation&hl=en&user=-2OhI8YAAAAJ&cstart=700&pagesize=100&citation_for_view=-2OhI8YAAAAJ:dQJM2trw0wsC",9,24,2201807,2201807,6,6.00,1,8,1,"","",""
6,"ZM Beiley, R Cheung, EF Hanelt, E Mandelli, J Meitzner, J Park, ...","Device design for global shutter operation in a 1.1-um pixel image sensor and its application to near-infrared sensing",2017,"Physics and Simulation of Optoelectronic Devices XXV","","","https://scholar.google.com/scholar?oi=bibs&hl=en&cites=16176755205035438378",758,"2023-03-01 18:29:43","Journal article","","","https://scholar.google.com/citations?view_op=view_citation&hl=en&user=-2OhI8YAAAAJ&cstart=700&pagesize=100&citation_for_view=-2OhI8YAAAAJ:jFemdcug13IC",10098,,287,291,6,1.00,1,7,6,"","",""
5,"A Robb, A Ozden, RK Miao, CP O’Brien, Y Xu, CM Gabardo, X Wang, ...","Concentrated Ethanol Electrosynthesis from CO2 via a Porous Hydrophobic Adlayer",2022,"ACS Applied Materials &Interfaces","","","https://scholar.google.com/scholar?oi=bibs&hl=en&cites=3213299839960055777",761,"2023-03-01 18:29:43","Journal article","","","https://scholar.google.com/citations?view_op=view_citation&hl=en&user=-2OhI8YAAAAJ&cstart=700&pagesize=100&citation_for_view=-2OhI8YAAAAJ:9PmR9Y676FQC",14,3,4155,4162,5,5.00,1,8,1,"","",""
5,"CT Dinh, S Hoogland, EH Sargent","Spontaneous and Light-Driven Conversion of NOx on Oxide-Modified TiO2 Surfaces",2015,"Industrial &Engineering Chemistry Research","","","https://scholar.google.com/scholar?oi=bibs&hl=en&cites=14657070124558506292",765,"2023-03-01 18:29:43","Journal article","","","https://scholar.google.com/citations?view_op=view_citation&hl=en&user=-2OhI8YAAAAJ&cstart=700&pagesize=100&citation_for_view=-2OhI8YAAAAJ:QyXJ3EUuO1IC",54,51,12750,12756,5,0.63,2,3,8,"","",""
5,"E Johnson, EH Sargent","Function and sensitivity of signal processing systems based on addition followed by limiting",2002,"Journal of lightwave technology","","","https://scholar.google.com/scholar?oi=bibs&hl=en&cites=3352805043899895562",767,"2023-03-01 18:29:43","Journal article","","","https://scholar.google.com/citations?view_op=view_citation&hl=en&user=-2OhI8YAAAAJ&cstart=700&pagesize=100&citation_for_view=-2OhI8YAAAAJ:P7Ujq4OLJYoC",20,8,1388,1388,5,0.24,3,2,21,"","",""
5,"EH Sargent, D Pavlidis, H Anis, N Golinescu, JM Xu, R Clayton, HB Kim","Longitudinal carrier density profiling in semiconductor lasers via spectral analysis of side spontaneous emission",1996,"Journal of applied physics","","","https://scholar.google.com/scholar?oi=bibs&hl=en&cites=8387589106367034658",771,"2023-03-01 18:29:43","Journal article","","","https://scholar.google.com/citations?view_op=view_citation&hl=en&user=-2OhI8YAAAAJ&cstart=700&pagesize=100&citation_for_view=-2OhI8YAAAAJ:KbBQZpvPDL4C",80,3,1904,1906,5,0.19,1,7,27,"","",""
5,"EH Sargent, JM Xu","Investigation of the physical mechanisms governing the performance of OEIC-compatible pin active region lateral injection lasers",1996,"Conference Proceedings LEOS'96 9th Annual Meeting IEEE Lasers and Electro …","","","https://scholar.google.com/scholar?oi=bibs&hl=en&cites=8843723962959779038",770,"2023-03-01 18:29:43","Conference paper","","","https://scholar.google.com/citations?view_op=view_citation&hl=en&user=-2OhI8YAAAAJ&cstart=700&pagesize=100&citation_for_view=-2OhI8YAAAAJ:4xDN1ZYqzskC",,,,,5,0.19,3,2,27,"","",""
5,"GL Tan, EH Sargent, JM Xu","Tilted mirror for lateral mode discrimination and higher kink-free power in fiber pump lasers",1998,"IEEE journal of quantum electronics","","","https://scholar.google.com/scholar?oi=bibs&hl=en&cites=3717644544758831274",769,"2023-03-01 18:29:43","Journal article","","","https://scholar.google.com/citations?view_op=view_citation&hl=en&user=-2OhI8YAAAAJ&cstart=700&pagesize=100&citation_for_view=-2OhI8YAAAAJ:nZcligLrVowC",34,2,353,365,5,0.20,2,3,25,"","",""
5,"SO Kelley, EH Sargent, MR Mohamadi","Device for capture of particles in a flow",2018,"US Patent 10,073,079","","","https://scholar.google.com/scholar?oi=bibs&hl=en&cites=6630530495366343598",764,"2023-03-01 18:29:43","Patent","","","https://scholar.google.com/citations?view_op=view_citation&hl=en&user=-2OhI8YAAAAJ&cstart=700&pagesize=100&citation_for_view=-2OhI8YAAAAJ:2v_ZtQDX9iAC",,,,,5,1.00,2,3,5,"","",""
5,"TN Nguyen, Z Chen, AS Zeraati, HS Shiran, SM Sadaf, MG Kibria, ...","Catalyst regeneration via chemical oxidation enables long-term electrochemical carbon dioxide reduction",2022,"Journal of the American Chemical Society","","","https://scholar.google.com/scholar?oi=bibs&hl=en&cites=11133401370892911494",760,"2023-03-01 18:29:43","Journal article","","","https://scholar.google.com/citations?view_op=view_citation&hl=en&user=-2OhI8YAAAAJ&cstart=700&pagesize=100&citation_for_view=-2OhI8YAAAAJ:Et1yZiPVzsMC",144,29,13254,13265,5,5.00,1,7,1,"","",""
5,"WN Ye, L Brzozowski, EH Sargent, D Pelinovsky","Nonlinear propagation of ultrashort pulses in nonlinear periodic materials with alternating oppositely-signed Kerr coefficients",2001,"LEOS 2001. 14th Annual Meeting of the IEEE Lasers and Electro-Optics Society …","","","https://scholar.google.com/scholar?oi=bibs&hl=en&cites=17968768349082623712",768,"2023-03-01 18:29:43","Conference paper","","","https://scholar.google.com/citations?view_op=view_citation&hl=en&user=-2OhI8YAAAAJ&cstart=700&pagesize=100&citation_for_view=-2OhI8YAAAAJ:4e5Qn2KL_jwC",,,,,5,0.23,1,4,22,"","",""
5,"X Gong, EH Sargent","Perovskite single-crystal thin film devices using lithography assisted epitaxy",2020,"Matter","","","https://scholar.google.com/scholar?oi=bibs&hl=en&cites=10281855022914691158",762,"2023-03-01 18:29:43","Journal article","","","https://scholar.google.com/citations?view_op=view_citation&hl=en&user=-2OhI8YAAAAJ&cstart=700&pagesize=100&citation_for_view=-2OhI8YAAAAJ:Lpa4s8qvUTIC",3,3,619,620,5,1.67,3,2,3,"","",""
5,"X Lan, J Bai, S Masala, SM Thon, Y Ren, IJ Kramer, S Hoogland, A Simchi, ...","Self‐Assembled, Nanowire Network Electrodes for Depleted Bulk Heterojunction Solar Cells (Adv. Mater. 12/2013)",2013,"Advanced Materials","","","https://scholar.google.com/scholar?oi=bibs&hl=en&cites=2945640995921094853",766,"2023-03-01 18:29:43","Journal article","","","https://scholar.google.com/citations?view_op=view_citation&hl=en&user=-2OhI8YAAAAJ&cstart=700&pagesize=100&citation_for_view=-2OhI8YAAAAJ:AHdEip9mkN0C",25,12,1768,1768,5,0.50,1,9,10,"","",""
5,"Y Zhou, F Che, M Liu, C Zou, Z Liang, P De Luna, H Yuan, J Li, Z Wang, ...","Author Correction: Dopant-induced electron localization drives CO 2 reduction to C 2 hydrocarbons",2019,"Nature chemistry","","","https://scholar.google.com/scholar?oi=bibs&hl=en&cites=7365399213206548781",763,"2023-03-01 18:29:43","Journal article","","","https://scholar.google.com/citations?view_op=view_citation&hl=en&user=-2OhI8YAAAAJ&cstart=700&pagesize=100&citation_for_view=-2OhI8YAAAAJ:rp474-M6Y4oC",11,12,1167,1167,5,1.25,1,10,4,"","",""
4,"AJ Bennett, EH Sargent, RD Clayton, HB Kim, JM Xu","Longitudinally resolved measurements of carrier concentration and gain in 980-nm InGaAs/GaAs high-power quantum well lasers",1997,"Fabrication, Testing, and Reliability of Semiconductor Lasers II","","","https://scholar.google.com/scholar?oi=bibs&hl=en&cites=1391262723438388495",795,"2023-03-01 18:29:43","Journal article","","","https://scholar.google.com/citations?view_op=view_citation&hl=en&user=-2OhI8YAAAAJ&cstart=700&pagesize=100&citation_for_view=-2OhI8YAAAAJ:ubry08Y2EpUC",3004,,160,169,4,0.15,1,5,26,"","",""
4,"DAR Barkhouse, EH Sargent","Solution-processed light sensors and photovoltaics",2010,"IEEE Photonics Journal","","","https://scholar.google.com/scholar?oi=bibs&hl=en&cites=2751221098387894501",787,"2023-03-01 18:29:43","Journal article","","","https://scholar.google.com/citations?view_op=view_citation&hl=en&user=-2OhI8YAAAAJ&cstart=700&pagesize=100&citation_for_view=-2OhI8YAAAAJ:OP4eGU-M3BUC",2,2,265,268,4,0.31,2,2,13,"","",""
4,"EH Sargent","Single-waveguide integrated wavelength demux photodetector and method of making it",2004,"US Patent 6,731,850","","","https://scholar.google.com/scholar?oi=bibs&hl=en&cites=8380259345540665586",791,"2023-03-01 18:29:43","Patent","","","https://scholar.google.com/citations?view_op=view_citation&hl=en&user=-2OhI8YAAAAJ&cstart=700&pagesize=100&citation_for_view=-2OhI8YAAAAJ:uDGL6kOW6j0C",,,,,4,0.21,4,1,19,"","",""
4,"EH Sargent, GL Tan, JM Xu","Investigations of lateral current injection lasers: internal operating mechanisms and doping profile engineering",2020,"Compound Semiconductors","","","https://scholar.google.com/scholar?oi=bibs&hl=en&cites=10819617457593928211",778,"2023-03-01 18:29:43","Journal article","","","https://scholar.google.com/citations?view_op=view_citation&hl=en&user=-2OhI8YAAAAJ&cstart=700&pagesize=100&citation_for_view=-2OhI8YAAAAJ:Ehil0879vHcC",1996,,651,654,4,1.33,1,3,3,"","",""
4,"EH Sargent, JM Xu","Integration-compatible lateral current injection lasers: Design of 2-D heterostructure devices",1997,"Technical Digest CLEO/Pacific Rim'97 Pacific Rim Conference on Lasers and …","","","https://scholar.google.com/scholar?oi=bibs&hl=en&cites=12419568127449614312",794,"2023-03-01 18:29:43","Conference paper","","","https://scholar.google.com/citations?view_op=view_citation&hl=en&user=-2OhI8YAAAAJ&cstart=700&pagesize=100&citation_for_view=-2OhI8YAAAAJ:artPoR2Yc-kC",,,,,4,0.15,2,2,26,"","",""
4,"EH Sargent, JP Clifford, G Konstantatos, I Howard, EJD Klem, L Levina","Quantum dot optical devices with enhanced gain and sensitivity and methods of making same",2016,"US Patent 9,373,736","","","https://scholar.google.com/scholar?oi=bibs&hl=en&cites=2585392124505023135",784,"2023-03-01 18:29:43","Patent","","","https://scholar.google.com/citations?view_op=view_citation&hl=en&user=-2OhI8YAAAAJ&cstart=700&pagesize=100&citation_for_view=-2OhI8YAAAAJ:GiYFt9mpioMC",,,,,4,0.57,1,6,7,"","",""
4,"EH Sargent, L Brzozowski","Optical device having nonmonotonic transfer function and applications using same",2009,"US Patent 7,518,796","","","https://scholar.google.com/scholar?oi=bibs&hl=en&cites=4978903800768626883",788,"2023-03-01 18:29:43","Patent","","","https://scholar.google.com/citations?view_op=view_citation&hl=en&user=-2OhI8YAAAAJ&cstart=700&pagesize=100&citation_for_view=-2OhI8YAAAAJ:U4n9YNQMCAIC",,,,,4,0.29,2,2,14,"","",""
4,"EH Sargent, SM Thon, A Lee, D Paz-Soldan","Photovoltaic devices with plasmonic nanoparticles",2015,"US Patent App. 14/808,943","","","https://scholar.google.com/scholar?oi=bibs&hl=en&cites=11082192175153464244",785,"2023-03-01 18:29:43","Patent","","","https://scholar.google.com/citations?view_op=view_citation&hl=en&user=-2OhI8YAAAAJ&cstart=700&pagesize=100&citation_for_view=-2OhI8YAAAAJ:qmtmRrLr0tkC",,,,,4,0.50,1,4,8,"","",""
4,"EV Johnson, EH Sargent","Optical switching device based on stable, non-absorbing optical hard limiters",2003,"US Patent 6,636,337","","","https://scholar.google.com/scholar?oi=bibs&hl=en&cites=1394600337321797973",792,"2023-03-01 18:29:43","Patent","","","https://scholar.google.com/citations?view_op=view_citation&hl=en&user=-2OhI8YAAAAJ&cstart=700&pagesize=100&citation_for_view=-2OhI8YAAAAJ:LgRImbQfgY4C",,,,,4,0.20,2,2,20,"","",""
4,"F Yoshino, AA Major, L Levina, EH Sargent","Nonlinear refractive properties in lead sulfide (PbS) nanocrystals from 1200 to 1550 nm",2004,"International Quantum Electronics Conference, IWA","","","https://scholar.google.com/scholar?oi=bibs&hl=en&cites=16510777591223672703",790,"2023-03-01 18:29:43","Conference paper","","","https://scholar.google.com/citations?view_op=view_citation&hl=en&user=-2OhI8YAAAAJ&cstart=700&pagesize=100&citation_for_view=-2OhI8YAAAAJ:Ak0FvsSvgGUC",23,,,,4,0.21,1,4,19,"","",""
4,"H Ebe, YK Wang, N Shinotsuka, YH Cheng, M Uwano, R Suzuki, Y Dong, ...","Energy Transfer between Size-Controlled CsPbI3 Quantum Dots for Light-Emitting Diode Application",2022,"ACS Applied Materials &Interfaces","","","https://scholar.google.com/scholar?oi=bibs&hl=en&cites=6003439598160240930",773,"2023-03-01 18:29:43","Journal article","","","https://scholar.google.com/citations?view_op=view_citation&hl=en&user=-2OhI8YAAAAJ&cstart=700&pagesize=100&citation_for_view=-2OhI8YAAAAJ:0Tn0GYh_KFEC",14,15,17691,17697,4,4.00,1,8,1,"","",""
4,"H Tian, IC Ivanov, EH Sargent","Image sensors employing sensitized semiconductor diodes",2017,"US Patent 9,666,634","","","https://scholar.google.com/scholar?oi=bibs&hl=en&cites=6253194208866840293",783,"2023-03-01 18:29:43","Patent","","","https://scholar.google.com/citations?view_op=view_citation&hl=en&user=-2OhI8YAAAAJ&cstart=700&pagesize=100&citation_for_view=-2OhI8YAAAAJ:-yGd096yOn8C",,,,,4,0.67,1,3,6,"","",""
4,"IC Ivanov, EH Sargent, H Tian","Materials, fabrication equipment, and methods for stable, sensitive photodetectors and image sensors made therefrom",2017,"US Patent 9,691,931","","","https://scholar.google.com/scholar?oi=bibs&hl=en&cites=11401791588351259207",782,"2023-03-01 18:29:43","Patent","","","https://scholar.google.com/citations?view_op=view_citation&hl=en&user=-2OhI8YAAAAJ&cstart=700&pagesize=100&citation_for_view=-2OhI8YAAAAJ:iKswqCX-FLkC",,,,,4,0.67,1,3,6,"","",""
4,"L Brzozowski, EH Sargent","Photonic crystals for integrated optical computing",2000,"Optics in Computing 2000","","","https://scholar.google.com/scholar?oi=bibs&hl=en&cites=16226416313911662549",793,"2023-03-01 18:29:43","Journal article","","","https://scholar.google.com/citations?view_op=view_citation&hl=en&user=-2OhI8YAAAAJ&cstart=700&pagesize=100&citation_for_view=-2OhI8YAAAAJ:lgwcVrK6X84C",4089,,786,796,4,0.17,2,2,23,"","",""
4,"SO Kelley, A Zaragoza, EH Sargent, J Das, K Cederquist","Versatile and sensitive biosensor",2014,"US Patent App. 14/360,528","","","https://scholar.google.com/scholar?oi=bibs&hl=en&cites=3084160990337190263",786,"2023-03-01 18:29:43","Patent","","","https://scholar.google.com/citations?view_op=view_citation&hl=en&user=-2OhI8YAAAAJ&cstart=700&pagesize=100&citation_for_view=-2OhI8YAAAAJ:X0DADzN9RKwC",,,,,4,0.44,1,5,9,"","",""
4,"SO Kelley, EH Sargent, JD Besant","Electrochemical metabolic activity detecting device",2019,"US Patent 10,449,542","","","https://scholar.google.com/scholar?oi=bibs&hl=en&cites=756907782877315053",780,"2023-03-01 18:29:43","Patent","","","https://scholar.google.com/citations?view_op=view_citation&hl=en&user=-2OhI8YAAAAJ&cstart=700&pagesize=100&citation_for_view=-2OhI8YAAAAJ:Kv9jytqXTosC",,,,,4,1.00,1,3,4,"","",""
4,"W Giziewicz, L Kimerling, D Pan, J Michel, E Sargent","Lateral photodetectors with transparent electrodes",2007,"US Patent App. 11/336,012","","","https://scholar.google.com/scholar?oi=bibs&hl=en&cites=5668325282146438246",789,"2023-03-01 18:29:43","Patent","","","https://scholar.google.com/citations?view_op=view_citation&hl=en&user=-2OhI8YAAAAJ&cstart=700&pagesize=100&citation_for_view=-2OhI8YAAAAJ:sJsF-0ZLhtgC",,,,,4,0.25,1,5,16,"","",""
4,"WMM Lin, N Yazdani, O Yarema, M Yarema, M Liu, EH Sargent, ...","Recombination Dynamics in PbS Nanocrystal Quantum Dot Solar Cells Studied through Drift–Diffusion Simulations",2021,"ACS applied electronic materials","","","https://scholar.google.com/scholar?oi=bibs&hl=en&cites=8434512957592433007",775,"2023-03-01 18:29:43","Journal article","","","https://scholar.google.com/citations?view_op=view_citation&hl=en&user=-2OhI8YAAAAJ&cstart=700&pagesize=100&citation_for_view=-2OhI8YAAAAJ:V-j82LJCZ3MC",3,11,4977,4989,4,2.00,1,7,2,"","",""
4,"Y Gao, KAN Sachinthani, C Zheng, C Jarrett‐Wilkins, A Johnston, MJ Sun, ...","Self‐Aligned Non‐Centrosymmetric Conjugated Molecules Enable Electro‐Optic Perovskites",2021,"Advanced Optical Materials","","","https://scholar.google.com/scholar?oi=bibs&hl=en&cites=7886506935231209178",776,"2023-03-01 18:29:43","Journal article","","","https://scholar.google.com/citations?view_op=view_citation&hl=en&user=-2OhI8YAAAAJ&cstart=700&pagesize=100&citation_for_view=-2OhI8YAAAAJ:9w-KRoa3VEQC",9,20,2100730,2100730,4,2.00,1,7,2,"","",""
4,"Y Zhong, AR Kirmani, X Lan, J Carpenter, ARH Chew, O Awartani, L Yu, ...","Conjugated polymers with controllable interfacial order and energetics enable tunable heterojunctions in organic and colloidal quantum dot photovoltaics",2022,"Journal of Materials Chemistry A","","","https://scholar.google.com/scholar?oi=bibs&hl=en&cites=6566435581741762089",774,"2023-03-01 18:29:43","Journal article","","","https://scholar.google.com/citations?view_op=view_citation&hl=en&user=-2OhI8YAAAAJ&cstart=700&pagesize=100&citation_for_view=-2OhI8YAAAAJ:D4n_APcuzvwC",10,4,1788,1801,4,4.00,1,8,1,"","",""
4,"Z Wang, EH Sargent, SO Kelley","Ultrasensitive detection and depletion of rare leukemic B cells in T cell populations via Immunomagnetic cell ranking",2021,"Analytical Chemistry","","","https://scholar.google.com/scholar?oi=bibs&hl=en&cites=6858192325904864057",777,"2023-03-01 18:29:43","Journal article","","","https://scholar.google.com/citations?view_op=view_citation&hl=en&user=-2OhI8YAAAAJ&cstart=700&pagesize=100&citation_for_view=-2OhI8YAAAAJ:tFyepMjQr3wC",93,4,2327,2335,4,2.00,1,3,2,"","",""
4,"Z Wang, L Zhang, M Labib, H Chen, M Wei, M Poudineh, BJ Green, ...","Peptide-functionalized nanostructured microarchitectures enable rapid mechanotransductive differentiation",2019,"ACS applied materials &interfaces","","","https://scholar.google.com/scholar?oi=bibs&hl=en&cites=1185357101474967198",781,"2023-03-01 18:29:43","Journal article","","","https://scholar.google.com/citations?view_op=view_citation&hl=en&user=-2OhI8YAAAAJ&cstart=700&pagesize=100&citation_for_view=-2OhI8YAAAAJ:AkvegQHRDQ8C",11,44,41030,41037,4,1.00,1,8,4,"","",""
4,"Z Wang, Y Li, J Boes, Y Wang, E Sargent","CO2 Electrocatalyst design using graph theory",2020,"","","","https://scholar.google.com/scholar?oi=bibs&hl=en&cites=11244308979155949344",779,"2023-03-01 18:29:43","","","","https://scholar.google.com/citations?view_op=view_citation&hl=en&user=-2OhI8YAAAAJ&cstart=700&pagesize=100&citation_for_view=-2OhI8YAAAAJ:cAWJABFkdiUC",,,,,4,1.33,1,5,3,"","",""
4,"Z Yao, Y Lum, A Johnston, LM Mejia-Mendoza, X Zhou, Y Wen, ...","Machine learning for a sustainable energy future",2022,"Nature Reviews Materials","","","https://scholar.google.com/scholar?oi=bibs&hl=en&cites=7509441994316584731",772,"2023-03-01 18:29:43","Journal article","","","https://scholar.google.com/citations?view_op=view_citation&hl=en&user=-2OhI8YAAAAJ&cstart=700&pagesize=100&citation_for_view=-2OhI8YAAAAJ:njp6nI0QjqAC",,,1,14,4,4.00,1,7,1,"","",""
3,"AR Kirmani, AD Sheikh, MR Niazi, MA Haque, M Liu, FPG de Arquer, J Xu, ...","Solar Cells: Overcoming the Ambient Manufacturability‐Scalability‐Performance Bottleneck in Colloidal Quantum Dot Photovoltaics (Adv. Mater. 35/2018)",2018,"Advanced Materials","","","https://scholar.google.com/scholar?oi=bibs&hl=en&cites=12153088082019431058",803,"2023-03-01 18:29:43","Journal article","","","https://scholar.google.com/citations?view_op=view_citation&hl=en&user=-2OhI8YAAAAJ&cstart=800&pagesize=100&citation_for_view=-2OhI8YAAAAJ:rzmi0EmCOGEC",30,35,1870260,1870260,3,0.60,0,8,5,"","",""
3,"B Sun, AM Najarian, LK Sagar, M Biondi, MJ Choi, X Li, L Levina, ...","Fast Near‐Infrared Photodetection Using III–V Colloidal Quantum Dots",2022,"Advanced Materials","","","https://scholar.google.com/scholar?oi=bibs&hl=en&cites=9356068426178207139",796,"2023-03-01 18:29:43","Journal article","","","https://scholar.google.com/citations?view_op=view_citation&hl=en&user=-2OhI8YAAAAJ&cstart=700&pagesize=100&citation_for_view=-2OhI8YAAAAJ:HygtOXotxAUC",34,33,2203039,2203039,3,3.00,0,8,1,"","",""
3,"DD MacNeil, EH Sargent","Solution-processed infrared photovoltaic devices",2006,"Proceedings of the 43rd annual Design Automation Conference","","","https://scholar.google.com/scholar?oi=bibs&hl=en&cites=458993520495434465",812,"2023-03-01 18:29:43","Conference paper","","","https://scholar.google.com/citations?view_op=view_citation&hl=en&user=-2OhI8YAAAAJ&cstart=800&pagesize=100&citation_for_view=-2OhI8YAAAAJ:ALROH1vI_8AC",,,636,638,3,0.18,2,2,17,"","",""
3,"DH Parmar, JM Pina, H Choubisa, G Bappi, K Bertens, EH Sargent","Solvent‐Assisted Kinetic Trapping in Quaternary Perovskites",2021,"Advanced Materials","","","https://scholar.google.com/scholar?oi=bibs&hl=en&cites=16506477584899515830",799,"2023-03-01 18:29:43","Journal article","","","https://scholar.google.com/citations?view_op=view_citation&hl=en&user=-2OhI8YAAAAJ&cstart=700&pagesize=100&citation_for_view=-2OhI8YAAAAJ:o4Qvs5Y5TLQC",33,17,2008690,2008690,3,1.50,1,6,2,"","",""
3,"E Istrate, P Sindile, EH Sargent, R Stockermans, P Rochon, A Natansohn","Direct photoinscription of planar integrable polymer waveguide gratings",2001,"Technical Digest. Summaries of papers presented at the Conference on Lasers …","","","https://scholar.google.com/scholar?oi=bibs&hl=en&cites=6173453826508836387",817,"2023-03-01 18:29:43","Conference paper","","","https://scholar.google.com/citations?view_op=view_citation&hl=en&user=-2OhI8YAAAAJ&cstart=800&pagesize=100&citation_for_view=-2OhI8YAAAAJ:LdasjJ6CEcoC",,,,,3,0.14,1,6,22,"","",""
3,"EH Sargent","Telecom-wavelength electroluminescence from processible quantum dot nanocrystals",2003,"International Semiconductor Device Research Symposium,","","","https://scholar.google.com/scholar?oi=bibs&hl=en&cites=6094168698885692576",814,"2023-03-01 18:29:43","Conference paper","","","https://scholar.google.com/citations?view_op=view_citation&hl=en&user=-2OhI8YAAAAJ&cstart=800&pagesize=100&citation_for_view=-2OhI8YAAAAJ:cK4Rrx0J3m0C",2003,,36,37,3,0.15,3,1,20,"","",""
3,"EH Sargent","Semiconductor laser with disordered and non-disordered quantum well regions",2003,"US Patent 6,594,295","","","https://scholar.google.com/scholar?oi=bibs&hl=en&cites=6461760998734474638",816,"2023-03-01 18:29:43","Patent","","","https://scholar.google.com/citations?view_op=view_citation&hl=en&user=-2OhI8YAAAAJ&cstart=800&pagesize=100&citation_for_view=-2OhI8YAAAAJ:6yz0xqPARnAC",,,,,3,0.15,3,1,20,"","",""
3,"H Anwar, A Johnston, S Mahesh, K Singh, Z Wang, DA Kuntz, I Tamblyn, ...","High-Throughput Evaluation of Emission and Structure in Reduced-Dimensional Perovskites",2022,"ACS Central Science","","","https://scholar.google.com/scholar?oi=bibs&hl=en&cites=17704682490388361631",797,"2023-03-01 18:29:43","Journal article","","","https://scholar.google.com/citations?view_op=view_citation&hl=en&user=-2OhI8YAAAAJ&cstart=700&pagesize=100&citation_for_view=-2OhI8YAAAAJ:6DzZfY3qH5gC",8,5,571,580,3,3.00,0,8,1,"","",""
3,"H Tian, E Sargent","Materials, systems and methods for optoelectronic devices",2019,"US Patent 10,297,703","","","https://scholar.google.com/scholar?oi=bibs&hl=en&cites=14940045130350879619",802,"2023-03-01 18:29:43","Patent","","","https://scholar.google.com/citations?view_op=view_citation&hl=en&user=-2OhI8YAAAAJ&cstart=800&pagesize=100&citation_for_view=-2OhI8YAAAAJ:qkm5LKljiV4C",,,,,3,0.75,2,2,4,"","",""
3,"J Yang, EH Sargent, SO Kelley, JY Ying","Erratum: A general phase-transfer protocol for metal ions and its application in nanocrystal synthesis (Nature Materials (2009) 8 (683-689))",2010,"Nature materials","","","https://scholar.google.com/scholar?oi=bibs&hl=en&cites=9042839282520853381",808,"2023-03-01 18:29:43","Journal article","","","https://scholar.google.com/citations?view_op=view_citation&hl=en&user=-2OhI8YAAAAJ&cstart=800&pagesize=100&citation_for_view=-2OhI8YAAAAJ:X1y8G5kAG8gC",9,2,179,179,3,0.23,1,4,13,"","",""
3,"L Brzozowski, E Sargent","Nonlinear optoelectronic materials",2007,"Springer Handbook of Electronic and Photonic Materials","","","https://scholar.google.com/scholar?oi=bibs&hl=en&cites=10844003483906000827",811,"2023-03-01 18:29:43","Journal article","","","https://scholar.google.com/citations?view_op=view_citation&hl=en&user=-2OhI8YAAAAJ&cstart=800&pagesize=100&citation_for_view=-2OhI8YAAAAJ:1lhNe0rCu4AC",1075,,,,3,0.19,2,2,16,"","",""
3,"LA Padilha, G Nootz, S Webster, DJ Hagan, EW Van Stryland, L Levina, ...","Two-photon absorption and multi-exciton generation in lead salt quantum dots",2010,"Ultrafast Phenomena in Semiconductors and Nanostructure Materials XIV 7600 …","","","https://scholar.google.com/scholar?oi=bibs&hl=en&cites=12389516015166965774",807,"2023-03-01 18:29:43","","","","https://scholar.google.com/citations?view_op=view_citation&hl=en&user=-2OhI8YAAAAJ&cstart=800&pagesize=100&citation_for_view=-2OhI8YAAAAJ:MhiOAD_qIWkC",,,,,3,0.23,0,7,13,"","",""
3,"LC Kimerling, LD Negro, M Stolfi, JH Yi, J Michel, X Duan, EH Sargent, ...","Si-rich dielectrics for active photonic devices",2009,"Device Applications of Silicon Nanocrystals and Nanostructures","","","https://scholar.google.com/scholar?oi=bibs&hl=en&cites=16124029518204191392",809,"2023-03-01 18:29:43","Book chapter","","","https://scholar.google.com/citations?view_op=view_citation&hl=en&user=-2OhI8YAAAAJ&cstart=800&pagesize=100&citation_for_view=-2OhI8YAAAAJ:NDuN12AVoxsC",,,1,24,3,0.21,0,8,14,"","",""
3,"MJ Sun, R Sabatini, PX Wang, AM Najarian, K Bertens, A Johnston, ...","The Impact of Ion Migration on the Electro‐Optic Effect in Hybrid Organic–Inorganic Perovskites",2022,"Advanced Functional Materials","","","https://scholar.google.com/scholar?oi=bibs&hl=en&cites=15373863889211070788",798,"2023-03-01 18:29:43","Journal article","","","https://scholar.google.com/citations?view_op=view_citation&hl=en&user=-2OhI8YAAAAJ&cstart=700&pagesize=100&citation_for_view=-2OhI8YAAAAJ:6B7w4NK6UsoC",32,4,2107939,2107939,3,3.00,0,7,1,"","",""
3,"MR Malone, PHR Della Nave, MC Brading, JJY Lee, H Tian, IC Ivanov, ...","Devices and methods for high-resolution image and video capture",2019,"US Patent 10,506,147","","","https://scholar.google.com/scholar?oi=bibs&hl=en&cites=8131846758168649730",801,"2023-03-01 18:29:43","Patent","","","https://scholar.google.com/citations?view_op=view_citation&hl=en&user=-2OhI8YAAAAJ&cstart=800&pagesize=100&citation_for_view=-2OhI8YAAAAJ:CRzUtm-VnGAC",,,,,3,0.75,0,7,4,"","",""
3,"N Barakat, EH Sargent","Performance analysis of optical burst switching networks with and without class isolation",2003,"GLOBECOM'03. IEEE Global Telecommunications Conference (IEEE Cat. No …","","","https://scholar.google.com/scholar?oi=bibs&hl=en&cites=13402852394490235408",815,"2023-03-01 18:29:43","Conference paper","","","https://scholar.google.com/citations?view_op=view_citation&hl=en&user=-2OhI8YAAAAJ&cstart=800&pagesize=100&citation_for_view=-2OhI8YAAAAJ:buQ7SEKw-1sC",,,,,3,0.15,2,2,20,"","",""
3,"O Voznyy, F Fan, A Ip, A Kiani, SM Thon, KW Kemp, L Levina, EH Sargent","Passivation-sensitive exciton finestructure produces excess Stokes shifts in colloidal quantum dots",2016,"arXiv preprint arXiv:1608.","","","https://scholar.google.com/scholar?oi=bibs&hl=en&cites=14588310057508919314",805,"2023-03-01 18:29:43","Preprint","","","https://scholar.google.com/citations?view_op=view_citation&hl=en&user=-2OhI8YAAAAJ&cstart=800&pagesize=100&citation_for_view=-2OhI8YAAAAJ:_AeoHAGD03cC",5113,,,,3,0.43,0,8,7,"","",""
3,"S Lee, LK Sagar, X Li, Y Dong, B Chen, Y Gao, D Ma, L Levina, ...","InP-quantum-dot-in-ZnS-matrix solids for thermal and air stability",2020,"Chemistry of Materials","","","https://scholar.google.com/scholar?oi=bibs&hl=en&cites=17028398219166690736",800,"2023-03-01 18:29:43","Journal article","","","https://scholar.google.com/citations?view_op=view_citation&hl=en&user=-2OhI8YAAAAJ&cstart=700&pagesize=100&citation_for_view=-2OhI8YAAAAJ:hZ5_QnqxF7AC",32,22,9584,9590,3,1.00,0,9,3,"","",""
3,"SM Thon, EH Sargent","Colloidal quantum dot photovoltaics",2011,"Thin Film Solar Technology III","","","https://scholar.google.com/scholar?oi=bibs&hl=en&cites=14842390195918496579",806,"2023-03-01 18:29:43","Journal article","","","https://scholar.google.com/citations?view_op=view_citation&hl=en&user=-2OhI8YAAAAJ&cstart=800&pagesize=100&citation_for_view=-2OhI8YAAAAJ:48xauSegjOkC",8110,,93,107,3,0.25,2,2,12,"","",""
3,"TWF Chang, M Boesen, R Weersink, L Charron, EH Sargent, L Lilge","A versatile nanocrystal-based multi-sensory fiber-optic probe for dosimetry in PDT and thermal treatment",2007,"Optical Methods for Tumor Treatment and Detection: Mechanisms and Techniques …","","","https://scholar.google.com/scholar?oi=bibs&hl=en&cites=14379414478245035048",810,"2023-03-01 18:29:43","","","","https://scholar.google.com/citations?view_op=view_citation&hl=en&user=-2OhI8YAAAAJ&cstart=800&pagesize=100&citation_for_view=-2OhI8YAAAAJ:7H_MAutzIkAC",,,,,3,0.19,1,6,16,"","",""
3,"V Mehta, N Barakat, E Sargent","Efficient scheduling for high-throughput OBS networks with partial wavelength conversion",2004,"Proceedings of IEEE BROADNETS","","","https://scholar.google.com/scholar?oi=bibs&hl=en&cites=3398182305483971842",813,"2023-03-01 18:29:43","Conference paper","","","https://scholar.google.com/citations?view_op=view_citation&hl=en&user=-2OhI8YAAAAJ&cstart=800&pagesize=100&citation_for_view=-2OhI8YAAAAJ:2tRrZ1ZAMYUC",,,,,3,0.16,1,3,19,"","",""
3,"ZM Beiley, A Pattantyus-Abraham, E Hanelt, B Chen, A Kuznetsov, N Kolli, ...","Design and characterization of 1.1 micron pixel image sensor with high near infrared quantum efficiency",2017,"Optical Components and Materials XIV","","","https://scholar.google.com/scholar?oi=bibs&hl=en&cites=3999269425294807243",804,"2023-03-01 18:29:43","Journal article","","","https://scholar.google.com/citations?view_op=view_citation&hl=en&user=-2OhI8YAAAAJ&cstart=800&pagesize=100&citation_for_view=-2OhI8YAAAAJ:PkcyUWeTMh0C",10100,,234,241,3,0.50,0,7,6,"","",""
2,"B Chen, EH Sargent","What does net zero by 2050 mean to the solar energy materials researcher?",2022,"Matter","","","https://scholar.google.com/scholar?oi=bibs&hl=en&cites=11303110083534129354",821,"2023-03-01 18:29:43","Journal article","","","https://scholar.google.com/citations?view_op=view_citation&hl=en&user=-2OhI8YAAAAJ&cstart=800&pagesize=100&citation_for_view=-2OhI8YAAAAJ:Ns2bVKt8YxIC",5,5,1322,1325,2,2.00,1,2,1,"","",""
2,"B Sun, C Zheng, L Sagar, MJ Choi, X Li, L Levina, SW Baek, S Lee, ...","Sub-nanosecond infrared photodetection using III-V colloidal quantum dots",2020,"","","","https://scholar.google.com/scholar?oi=bibs&hl=en&cites=11165650407734535280",826,"2023-03-01 18:29:43","","","","https://scholar.google.com/citations?view_op=view_citation&hl=en&user=-2OhI8YAAAAJ&cstart=800&pagesize=100&citation_for_view=-2OhI8YAAAAJ:0d9pApVQ-n0C",,,,,2,0.67,0,9,3,"","",""
2,"BLK Coles, M Labib, M Poudineh, BT Innes, J Belair-Hickey, S Gomis, ...","A microfluidic platform enables comprehensive gene expression profiling of mouse retinal stem cells",2021,"Lab on a Chip","","","https://scholar.google.com/scholar?oi=bibs&hl=en&cites=3150295250169772616",825,"2023-03-01 18:29:43","Journal article","","","https://scholar.google.com/citations?view_op=view_citation&hl=en&user=-2OhI8YAAAAJ&cstart=800&pagesize=100&citation_for_view=-2OhI8YAAAAJ:WYtWvJut7doC",21,22,4464,4476,2,1.00,0,7,2,"","",""
2,"D Philpott, P Aldridge, B Mair, R Atwal, S Masud, M Zhang, AHY Tong, ...","High-throughput microfluidic cell sorting platform (MICS)",2019,"","","","https://scholar.google.com/scholar?oi=bibs&hl=en&cites=7341378017047365400",829,"2023-03-01 18:29:43","","","","https://scholar.google.com/citations?view_op=view_citation&hl=en&user=-2OhI8YAAAAJ&cstart=800&pagesize=100&citation_for_view=-2OhI8YAAAAJ:KYgttONoxcsC",,,,,2,0.50,0,8,4,"","",""
2,"DN Philpott, S Gomis, H Wang, R Atwal, A Kelil, T Sack, B Morningstar, ...","Rapid On-Cell Selection of High-Performance Human Antibodies",2021,"ACS Central Science","","","https://scholar.google.com/scholar?oi=bibs&hl=en&cites=4236397738838882032",823,"2023-03-01 18:29:43","Journal article","","","https://scholar.google.com/citations?view_op=view_citation&hl=en&user=-2OhI8YAAAAJ&cstart=800&pagesize=100&citation_for_view=-2OhI8YAAAAJ:fhZv66dCuXAC",8,1,102,109,2,1.00,0,8,2,"","",""
2,"E Istrate, EH Sargent","Photonic crystal heterostructures and the envelope approximation",2002,"Quantum Electronics and Laser Science Conference, QTuF","","","https://scholar.google.com/scholar?oi=bibs&hl=en&cites=14276461342412540649",841,"2023-03-01 18:29:43","Conference paper","","","https://scholar.google.com/citations?view_op=view_citation&hl=en&user=-2OhI8YAAAAJ&cstart=800&pagesize=100&citation_for_view=-2OhI8YAAAAJ:WC23djZS0W4C",18,,,,2,0.10,1,2,21,"","",""
2,"E Johnson, E Sargent","Optical logic devices based on stable, non-absorbing optical hard limiters",2002,"US Patent App. 09/933,315","","","https://scholar.google.com/scholar?oi=bibs&hl=en&cites=9445591984589536176",839,"2023-03-01 18:29:43","Patent","","","https://scholar.google.com/citations?view_op=view_citation&hl=en&user=-2OhI8YAAAAJ&cstart=800&pagesize=100&citation_for_view=-2OhI8YAAAAJ:BzfGm06jWhQC",,,,,2,0.10,1,2,21,"","",""
2,"E Johnson, L Brzozowski, EH Sargent","All-optical time-domain IP router using optical limiters",2000,"LEOS 2000. 2000 IEEE Annual Meeting Conference Proceedings. 13th Annual …","","","https://scholar.google.com/scholar?oi=bibs&hl=en&cites=10741070546847443190",844,"2023-03-01 18:29:43","Conference paper","","","https://scholar.google.com/citations?view_op=view_citation&hl=en&user=-2OhI8YAAAAJ&cstart=800&pagesize=100&citation_for_view=-2OhI8YAAAAJ:kw52XkFRtyQC",,,,,2,0.09,1,3,23,"","",""
2,"EH Sargent","The lateral current injection laser, theory, design, fabrication",2000,"","","","https://scholar.google.com/scholar?oi=bibs&hl=en&cites=7612573670780607341",846,"2023-03-01 18:29:43","","","","https://scholar.google.com/citations?view_op=view_citation&hl=en&user=-2OhI8YAAAAJ&cstart=800&pagesize=100&citation_for_view=-2OhI8YAAAAJ:7Hz3ACDFbsoC",,,,,2,0.09,2,1,23,"","",""
2,"EH Sargent, F Meshkati","OEIC-enabling lateral current injection (LCI) lasers: efficient functional devices using lateral beam-steering",1999,"European Conference on Integrated Optics","","","https://scholar.google.com/scholar?oi=bibs&hl=en&cites=9709500906252802551",847,"2023-03-01 18:29:43","Conference paper","","","https://scholar.google.com/citations?view_op=view_citation&hl=en&user=-2OhI8YAAAAJ&cstart=800&pagesize=100&citation_for_view=-2OhI8YAAAAJ:7BrZ7Jt4UNcC",,,,,2,0.08,1,2,24,"","",""
2,"EH Sargent, GL Tan, DA Suda, JM Xu","Internal operating mechanisms of OEIC-compatible lateral injection lasers: intrinsic differences from the vertical injection paradigm",1996,"Conference Digest. 15th IEEE International Semiconductor Laser Conference …","","","https://scholar.google.com/scholar?oi=bibs&hl=en&cites=9931540969261375737",848,"2023-03-01 18:29:43","Conference paper","","","https://scholar.google.com/citations?view_op=view_citation&hl=en&user=-2OhI8YAAAAJ&cstart=800&pagesize=100&citation_for_view=-2OhI8YAAAAJ:j7_hQOaDUrUC",,,,,2,0.07,1,4,27,"","",""
2,"EV Johnson, EH Sargent","Optical sampler based on stable, non-absorbing optical hard limiters",2004,"US Patent 6,693,732","","","https://scholar.google.com/scholar?oi=bibs&hl=en&cites=8374428521758994287",837,"2023-03-01 18:29:43","Patent","","","https://scholar.google.com/citations?view_op=view_citation&hl=en&user=-2OhI8YAAAAJ&cstart=800&pagesize=100&citation_for_view=-2OhI8YAAAAJ:PaBasH6fAo0C",,,,,2,0.11,1,2,19,"","",""
2,"F Yoshino, A Major, L Brzozowski, L Levina, V Sukhovatkin, EH Sargent","Picosecond-resolved nonlinear absorption of spin-processible Lead Sulfide (PbS) nanocrystals from 1100 to 1600 nm",2004,"Quantum Dots, Nanoparticles, and Nanoclusters","","","https://scholar.google.com/scholar?oi=bibs&hl=en&cites=2860982758200885824",836,"2023-03-01 18:29:43","Journal article","","","https://scholar.google.com/citations?view_op=view_citation&hl=en&user=-2OhI8YAAAAJ&cstart=800&pagesize=100&citation_for_view=-2OhI8YAAAAJ:43bX7VzcjpAC",5361,,142,149,2,0.11,0,6,19,"","",""
2,"H Chen, A Maxwell, C Li, S Teale, B Chen, T Zhu, E Ugur, G Harrison, ...","Regulating surface potential maximizes voltage in all-perovskite tandems",2023,"Nature","","","https://scholar.google.com/scholar?oi=bibs&hl=en&cites=3577308710602898779",818,"2023-03-01 18:29:43","Journal article","","","https://scholar.google.com/citations?view_op=view_citation&hl=en&user=-2OhI8YAAAAJ&cstart=800&pagesize=100&citation_for_view=-2OhI8YAAAAJ:Rj7SuZOA3CsC",613,7945,676,681,2,2.00,0,9,1,"","",""
2,"H Tian, IC Ivanov, EH Sargent","Layout and operation of pixels for image sensors",2020,"US Patent 10,707,247","","","https://scholar.google.com/scholar?oi=bibs&hl=en&cites=6531116085238695270",827,"2023-03-01 18:29:43","Patent","","","https://scholar.google.com/citations?view_op=view_citation&hl=en&user=-2OhI8YAAAAJ&cstart=800&pagesize=100&citation_for_view=-2OhI8YAAAAJ:AFXcoJnoRH0C",,,,,2,0.67,1,3,3,"","",""
2,"H Tian, IC Ivanov, EH Sargent","Image sensors employing sensitized semiconductor diodes",2018,"US Patent 9,972,653","","","https://scholar.google.com/scholar?oi=bibs&hl=en&cites=15518140622967278737",831,"2023-03-01 18:29:43","Patent","","","https://scholar.google.com/citations?view_op=view_citation&hl=en&user=-2OhI8YAAAAJ&cstart=800&pagesize=100&citation_for_view=-2OhI8YAAAAJ:xii_ZKWM4-0C",,,,,2,0.40,1,3,5,"","",""
2,"J Das, S Gomis, JB Chen, H Yousefi, S Ahmed, A Mahmud, W Zhou, ...","Reagentless Biomolecular Analysis Using a Nanoscale Molecular Pendulum",2020,"bioRxiv, 2020.04. 02.","","","https://scholar.google.com/scholar?oi=bibs&hl=en&cites=9211874144189809834",828,"2023-03-01 18:29:43","Preprint","","","https://scholar.google.com/citations?view_op=view_citation&hl=en&user=-2OhI8YAAAAJ&cstart=800&pagesize=100&citation_for_view=-2OhI8YAAAAJ:tBp-nognM3UC",20453,,,,2,0.67,0,8,3,"","",""
2,"J Tang, EH Sargent","10 Solution-processed infrared quantum dot solar cells",2013,"Colloidal Quantum Dot Optoelectronics and Photovoltaics","","","https://scholar.google.com/scholar?oi=bibs&hl=en&cites=1944974702139415408",833,"2023-03-01 18:29:43","Journal article","","","https://scholar.google.com/citations?view_op=view_citation&hl=en&user=-2OhI8YAAAAJ&cstart=800&pagesize=100&citation_for_view=-2OhI8YAAAAJ:jU7OWUQzBzMC",256,,,,2,0.20,1,2,10,"","",""
2,"JJY Lee, M Hepp, EH Sargent","Devices, methods, and systems for expanded-field-of-view image and video capture",2017,"US Patent App. 15/470,621","","","https://scholar.google.com/scholar?oi=bibs&hl=en&cites=12393095135983692827",832,"2023-03-01 18:29:43","Patent","","","https://scholar.google.com/citations?view_op=view_citation&hl=en&user=-2OhI8YAAAAJ&cstart=800&pagesize=100&citation_for_view=-2OhI8YAAAAJ:ufKn5pxu7C0C",,,,,2,0.33,1,3,6,"","",""
2,"JM Pina, M Vafaie, DH Parmar, O Atan, P Xia, Y Zhang, AM Najarian, ...","Quantum-Size-Effect Tuning Enables Narrowband IR Photodetection with Low Sunlight Interference",2022,"Nano letters","","","https://scholar.google.com/scholar?oi=bibs&hl=en&cites=4317054553222043763",820,"2023-03-01 18:29:43","Journal article","","","https://scholar.google.com/citations?view_op=view_citation&hl=en&user=-2OhI8YAAAAJ&cstart=800&pagesize=100&citation_for_view=-2OhI8YAAAAJ:WYleWgRJor0C",22,16,6802,6807,2,2.00,0,8,1,"","",""
2,"JMH Elmirghani, EH Sargent","Packet-Oriented Photonic Networks (Guest Editorial)",2002,"IEEE Communications Magazine","","","https://scholar.google.com/scholar?oi=bibs&hl=en&cites=12664206241318844362",840,"2023-03-01 18:29:43","Journal article","","","https://scholar.google.com/citations?view_op=view_citation&hl=en&user=-2OhI8YAAAAJ&cstart=800&pagesize=100&citation_for_view=-2OhI8YAAAAJ:jE2MZjpN3IcC",40,9,56,58,2,0.10,1,2,21,"","",""
2,"KAN Sachinthani, JR Panchuk, Y Wang, T Zhu, EH Sargent, DS Seferos","Thiophene-and selenophene-based conjugated polymeric mixed ionic/electronic conductors",2021,"The Journal of Chemical Physics","","","https://scholar.google.com/scholar?oi=bibs&hl=en&cites=7674215196444422147",824,"2023-03-01 18:29:43","Journal article","","","https://scholar.google.com/citations?view_op=view_citation&hl=en&user=-2OhI8YAAAAJ&cstart=800&pagesize=100&citation_for_view=-2OhI8YAAAAJ:ZM__uENUXnMC",155,13,134704,134704,2,1.00,0,6,2,"","",""
2,"L Bakueva, S Musikhin, EH Sargent","Time-resolved luminescence in conducting polymer/antidot nanocomposites",2001,"Journal of Nanoscience and Nanotechnology","","","https://scholar.google.com/scholar?oi=bibs&hl=en&cites=6572236228411912851",842,"2023-03-01 18:29:43","Journal article","","","https://scholar.google.com/citations?view_op=view_citation&hl=en&user=-2OhI8YAAAAJ&cstart=800&pagesize=100&citation_for_view=-2OhI8YAAAAJ:0CzhzZyukY4C",1,4,457,460,2,0.09,1,3,22,"","",""
2,"L Bakueva, S Musikhin, EH Sargent, A Shik","Multi-layer contacts for organic light-emitting diodes with enhanced injection efficiency",2001,"MRS Online Proceedings Library (OPL)","","","https://scholar.google.com/scholar?oi=bibs&hl=en&cites=1399003965563401402",843,"2023-03-01 18:29:43","Conference paper","","","https://scholar.google.com/citations?view_op=view_citation&hl=en&user=-2OhI8YAAAAJ&cstart=800&pagesize=100&citation_for_view=-2OhI8YAAAAJ:KaMxkj08jr0C",708,,,,2,0.09,1,4,22,"","",""
2,"L Brzozowski, EH Sargent","All-optical analog-to-digital converter for photonic networks using multilevel signaling",2000,"2000 2nd International Conference on Transparent Optical Networks …","","","https://scholar.google.com/scholar?oi=bibs&hl=en&cites=10554980117875584098",845,"2023-03-01 18:29:43","Conference paper","","","https://scholar.google.com/citations?view_op=view_citation&hl=en&user=-2OhI8YAAAAJ&cstart=800&pagesize=100&citation_for_view=-2OhI8YAAAAJ:1taIhTC69MYC",,,,,2,0.09,1,2,23,"","",""
2,"L Brzozowski, EH Sargent, A SpringThorpe, M Extavour","Measurement of Large Near-Bandedge Nonlinearities in InGaAs/InAlGaAs Multi-Quantum-Wells in 1.48–1.55 µm spectral range",2003,"Conference on Lasers and Electro-Optics, CThT","","","https://scholar.google.com/scholar?oi=bibs&hl=en&cites=17381059185665547654",838,"2023-03-01 18:29:43","Conference paper","","","https://scholar.google.com/citations?view_op=view_citation&hl=en&user=-2OhI8YAAAAJ&cstart=800&pagesize=100&citation_for_view=-2OhI8YAAAAJ:U_HPUtbDl20C",2,,,,2,0.10,1,4,20,"","",""
2,"L Soleymani, Z Fang, S Kelley, E Sargent, B Taft","Nanostructured microelectrodes and biosensing devices incorporating the same",2019,"US Patent 10,274,453","","","https://scholar.google.com/scholar?oi=bibs&hl=en&cites=5119628032386391161",830,"2023-03-01 18:29:43","Patent","","","https://scholar.google.com/citations?view_op=view_citation&hl=en&user=-2OhI8YAAAAJ&cstart=800&pagesize=100&citation_for_view=-2OhI8YAAAAJ:h-xndbdg2koC",,,,,2,0.50,0,5,4,"","",""
2,"N Barakat, EH Sargent","Achieving locally minimal burst blocking in OBS networks with delayed scheduling",2005,"2nd International Conference on Broadband Networks, 2005.","","","https://scholar.google.com/scholar?oi=bibs&hl=en&cites=7375614387626128869",835,"2023-03-01 18:29:43","Conference paper","","","https://scholar.google.com/citations?view_op=view_citation&hl=en&user=-2OhI8YAAAAJ&cstart=800&pagesize=100&citation_for_view=-2OhI8YAAAAJ:MpfHP-DdYjUC",,,1093,1095,2,0.11,1,2,18,"","",""
2,"S Hoogland, V Sukhovatkin, I Howard, S Cauchi, L Levina, EH Sargent","A 1.53 μm colloidal nanocrystal quantum dot laser",2006,"Conference on Lasers and Electro-Optics, CMBB","","","https://scholar.google.com/scholar?oi=bibs&hl=en&cites=15481698390435142844",834,"2023-03-01 18:29:43","Conference paper","","","https://scholar.google.com/citations?view_op=view_citation&hl=en&user=-2OhI8YAAAAJ&cstart=800&pagesize=100&citation_for_view=-2OhI8YAAAAJ:QVtou7C4vgoC",4,,,,2,0.12,0,6,17,"","",""
2,"XH Bu, NB Shustova, EH Sargent","Editorial for the special issue: Dimensionality of emerging materials and energy",2022,"Advanced Energy Materials","","","https://scholar.google.com/scholar?oi=bibs&hl=en&cites=12137161311871607125",822,"2023-03-01 18:29:43","Journal article","","","https://scholar.google.com/citations?view_op=view_citation&hl=en&user=-2OhI8YAAAAJ&cstart=800&pagesize=100&citation_for_view=-2OhI8YAAAAJ:tsQ8sfJ2mf4C",12,4,2103816,2103816,2,2.00,1,3,1,"","",""
2,"Y Jiang, C Sun, J Xu, S Li, M Cui, X Fu, Y Liu, Y Liu, H Wan, K Wei, T Zhou, ...","Synthesis-on-substrate of quantum dot solids",2022,"Nature","","","https://scholar.google.com/scholar?oi=bibs&hl=en&cites=6563391322333774559",819,"2023-03-01 18:29:43","Journal article","","","https://scholar.google.com/citations?view_op=view_citation&hl=en&user=-2OhI8YAAAAJ&cstart=800&pagesize=100&citation_for_view=-2OhI8YAAAAJ:07QC26MHY14C",612,7941,679,684,2,2.00,0,12,1,"","",""
1,"A Johnston, EH Sargent","Accelerated Discovery of Optoelectronic Materials",2021,"ACS Photonics","","","https://scholar.google.com/scholar?oi=bibs&hl=en&cites=4532310206925214271",863,"2023-03-01 18:29:43","Journal article","","","https://scholar.google.com/citations?view_op=view_citation&hl=en&user=-2OhI8YAAAAJ&cstart=800&pagesize=100&citation_for_view=-2OhI8YAAAAJ:0dtNEdnCFDAC",8,3,699,701,1,0.50,1,2,2,"","",""
1,"A Proppe, MH Elkins, R Quintero-Bermudez, A Mahata, SO Kelley, ...","Ultrafast photophysics of metal halide perovskite multiple quantum wells: device implications and reconciling band alignment",2019,"Physical Chemistry of Semiconductor Materials and Interfaces XVIII","","","https://scholar.google.com/scholar?oi=bibs&hl=en&cites=3480174792944652874",872,"2023-03-01 18:29:43","Journal article","","","https://scholar.google.com/citations?view_op=view_citation&hl=en&user=-2OhI8YAAAAJ&cstart=800&pagesize=100&citation_for_view=-2OhI8YAAAAJ:-ZoC36zw86wC",11084,,41,51,1,0.25,0,6,4,"","",""
1,"B Mair, PM Aldridge, RS Atwal, SN Masud, M Zhang, D Philpott, ...","Scalable, FACS-Free Genome-Wide Phenotypic Screening",2019,"bioRxiv","","","https://scholar.google.com/scholar?oi=bibs&hl=en&cites=7289201163974635645",876,"2023-03-01 18:29:43","Preprint","","","https://scholar.google.com/citations?view_op=view_citation&hl=en&user=-2OhI8YAAAAJ&cstart=800&pagesize=100&citation_for_view=-2OhI8YAAAAJ:j6V8Syvup0UC",612887,,,,1,0.25,0,7,4,"","",""
1,"C Wang, YK Wang, Z Li, J Luo, R Sabatini, T Zhang, EH Sargent, Z Deng","Single‐Layer Sheets of Alkylammonium Lead Iodide Perovskites with Tunable and Stable Green Emission for White Light‐Emitting Devices",2022,"Advanced Optical Materials","","","https://scholar.google.com/scholar?oi=bibs&hl=en&cites=10765614355083967182",855,"2023-03-01 18:29:43","Journal article","","","https://scholar.google.com/citations?view_op=view_citation&hl=en&user=-2OhI8YAAAAJ&cstart=800&pagesize=100&citation_for_view=-2OhI8YAAAAJ:Xc8JtHQmRf8C",10,16,2200217,2200217,1,1.00,0,8,1,"","",""
1,"D Ban, ECF Wong, EH Sargent","Polarization-dependence in multiquantum well lasers and semiconductor optical amplifiers: probing interwell transport effects",2000,"Conference on Lasers and Electro-Optics (CLEO 2000). Technical Digest …","","","https://scholar.google.com/scholar?oi=bibs&hl=en&cites=5652867746791867920",908,"2023-03-01 18:29:43","Conference paper","","","https://scholar.google.com/citations?view_op=view_citation&hl=en&user=-2OhI8YAAAAJ&cstart=900&pagesize=100&citation_for_view=-2OhI8YAAAAJ:LPtt_HFRSbwC",,,,,1,0.04,0,3,23,"","",""
1,"D Ban, EH Sargent","Direct observation of electron overbarrier leakage in actively driven buried heterostructure multi-quantum-well lasers",2004,"Photonics North 2004: Optical Components and Devices","","","https://scholar.google.com/scholar?oi=bibs&hl=en&cites=774194585755778607",895,"2023-03-01 18:29:43","Journal article","","","https://scholar.google.com/citations?view_op=view_citation&hl=en&user=-2OhI8YAAAAJ&cstart=800&pagesize=100&citation_for_view=-2OhI8YAAAAJ:1DsIQWDZLl8C",5577,,66,73,1,0.05,1,2,19,"","",""
1,"D Cao-Thang, T Burdyny, MG Kibria, A Seifitokaldani, D Sinton, E Sargent","Catalysts with sharp reaction interface for electrochemical co2 reduction with enhanced selectivity",2020,"US Patent App. 16/625,218","","","https://scholar.google.com/scholar?oi=bibs&hl=en&cites=15400298797009801222",867,"2023-03-01 18:29:43","Patent","","","https://scholar.google.com/citations?view_op=view_citation&hl=en&user=-2OhI8YAAAAJ&cstart=800&pagesize=100&citation_for_view=-2OhI8YAAAAJ:KEtq3P1Vf8oC",,,,,1,0.33,0,6,3,"","",""
1,"DH Nam, O Shekhah, A Ozden, C McCallum, F Li, X Wang, Y Lum, T Lee, ...","High‐Rate and Selective CO2 Electrolysis to Ethylene via Metal–Organic‐Framework‐Augmented CO2 Availability",2022,"Advanced Materials","","","https://scholar.google.com/scholar?oi=bibs&hl=en&cites=320983151802804511",851,"2023-03-01 18:29:43","Journal article","","","https://scholar.google.com/citations?view_op=view_citation&hl=en&user=-2OhI8YAAAAJ&cstart=800&pagesize=100&citation_for_view=-2OhI8YAAAAJ:0aNKY9CYzMkC",2207088,,,,1,1.00,0,9,1,"","",""
1,"E Aydin, S De Wolf, AS Subbiah, J Liu, E Ugur, R Azmi, T Allen, ...","The multiple ways of making perovskite/silicon tandem solar cells: Which way to go?",2021,"Fundació Scito","","","https://scholar.google.com/scholar?oi=bibs&hl=en&cites=10907769753860654988",861,"2023-03-01 18:29:43","","","","https://scholar.google.com/citations?view_op=view_citation&hl=en&user=-2OhI8YAAAAJ&cstart=800&pagesize=100&citation_for_view=-2OhI8YAAAAJ:3ssty3PwuTgC",,,,,1,0.50,0,8,2,"","",""
1,"E Istrate, EH Sargent","Phase change in reflection from colloidal photonic crystals: Experimental measurements",2004,"International Quantum Electronics Conference, IThL","","","https://scholar.google.com/scholar?oi=bibs&hl=en&cites=13913468619678319916",896,"2023-03-01 18:29:43","Conference paper","","","https://scholar.google.com/citations?view_op=view_citation&hl=en&user=-2OhI8YAAAAJ&cstart=800&pagesize=100&citation_for_view=-2OhI8YAAAAJ:OBSaB-F7qqsC",3,,,,1,0.05,1,2,19,"","",""
1,"EH Sargent","Edward Hartley Sargent Edward S. Rogers Sr. Department of Electrical and Computer Engineering",2005,"Massachusetts Institute of Technology","","","https://scholar.google.com/scholar?oi=bibs&hl=en&cites=5556309588926759812",892,"2023-03-01 18:29:43","","","","https://scholar.google.com/citations?view_op=view_citation&hl=en&user=-2OhI8YAAAAJ&cstart=800&pagesize=100&citation_for_view=-2OhI8YAAAAJ:GWiaReNCd0YC",,,,,1,0.06,1,1,18,"","",""
1,"EH Sargent","Dynamically reconfigurable optical amplification element",2005,"US Patent 6,888,666","","","https://scholar.google.com/scholar?oi=bibs&hl=en&cites=1997506821109577028",894,"2023-03-01 18:29:43","Patent","","","https://scholar.google.com/citations?view_op=view_citation&hl=en&user=-2OhI8YAAAAJ&cstart=800&pagesize=100&citation_for_view=-2OhI8YAAAAJ:L1USKYWJimsC",,,,,1,0.06,1,1,18,"","",""
1,"EH Sargent","Multifunctional photonic integration for the agile optical internet",2002,"Proceedings of the 39th annual Design Automation Conference","","","https://scholar.google.com/scholar?oi=bibs&hl=en&cites=3444582667764178173",905,"2023-03-01 18:29:43","Conference paper","","","https://scholar.google.com/citations?view_op=view_citation&hl=en&user=-2OhI8YAAAAJ&cstart=900&pagesize=100&citation_for_view=-2OhI8YAAAAJ:Br1UauaknNIC",,,231,234,1,0.05,1,1,21,"","",""
1,"EH Sargent, G Koleilat, L Levina","Photodetectors and photovoltaics based on semiconductor nanocrystals",2018,"US Patent App. 15/675,337","","","https://scholar.google.com/scholar?oi=bibs&hl=en&cites=5027074726710234235",878,"2023-03-01 18:29:43","Patent","","","https://scholar.google.com/citations?view_op=view_citation&hl=en&user=-2OhI8YAAAAJ&cstart=800&pagesize=100&citation_for_view=-2OhI8YAAAAJ:wGzT3bKASkAC",,,,,1,0.20,0,3,5,"","",""
1,"EH Sargent, JJY Lee, H Tian, E Mandelli","Sensors and systems for the capture of scenes and events in space and time",2019,"US Patent 10,516,845","","","https://scholar.google.com/scholar?oi=bibs&hl=en&cites=14174660373028839262",870,"2023-03-01 18:29:43","Patent","","","https://scholar.google.com/citations?view_op=view_citation&hl=en&user=-2OhI8YAAAAJ&cstart=800&pagesize=100&citation_for_view=-2OhI8YAAAAJ:2Q0AJrNhS-QC",,,,,1,0.25,0,4,4,"","",""
1,"EH Sargent, JP Clifford, G Konstantatos, I Howard, EJD Klem, L Levina","Quantum dot optical devices with enhanced gain and sensitivity and methods of making same",2017,"US Patent 9,570,502","","","https://scholar.google.com/scholar?oi=bibs&hl=en&cites=7924007441265992418",883,"2023-03-01 18:29:43","Patent","","","https://scholar.google.com/citations?view_op=view_citation&hl=en&user=-2OhI8YAAAAJ&cstart=800&pagesize=100&citation_for_view=-2OhI8YAAAAJ:zdX0sdgBH_kC",,,,,1,0.17,0,6,6,"","",""
1,"EV Johnson, EH Sargent","Optical automatic gain control based on stable, non-absorbing optical hard limiters",2004,"US Patent 6,674,559","","","https://scholar.google.com/scholar?oi=bibs&hl=en&cites=5345667525665914060",898,"2023-03-01 18:29:43","Patent","","","https://scholar.google.com/citations?view_op=view_citation&hl=en&user=-2OhI8YAAAAJ&cstart=800&pagesize=100&citation_for_view=-2OhI8YAAAAJ:3NQIlFlcGxIC",,,,,1,0.05,1,2,19,"","",""
1,"EV Johnson, EH Sargent","Subtracting analog noise from an optical communication channel using stable, non-absorbing optical hard limiters",2003,"US Patent 6,516,106","","","https://scholar.google.com/scholar?oi=bibs&hl=en&cites=9819123413320419747",903,"2023-03-01 18:29:43","Patent","","","https://scholar.google.com/citations?view_op=view_citation&hl=en&user=-2OhI8YAAAAJ&cstart=900&pagesize=100&citation_for_view=-2OhI8YAAAAJ:6_hjMsCP8ZoC",,,,,1,0.05,1,2,20,"","",""
1,"FAN Fengjia, O Voznyy, M Adachi, R Sabatini, K Bicanic, S Hoogland, ...","Core-shell quantum dots and method of synthesizing thereof",2019,"US Patent 10,294,421","","","https://scholar.google.com/scholar?oi=bibs&hl=en&cites=18089953597520159032",874,"2023-03-01 18:29:43","Patent","","","https://scholar.google.com/citations?view_op=view_citation&hl=en&user=-2OhI8YAAAAJ&cstart=800&pagesize=100&citation_for_view=-2OhI8YAAAAJ:zGWyAL6qfKUC",,,,,1,0.25,0,7,4,"","",""
1,"H Chen, M Wei, Y He, J Abed, S Teale, EH Sargent, Z Yang","Germanium silicon oxide achieves multi-coloured ultra-long phosphorescence and delayed fluorescence at high temperature",2022,"Nature communications","","","https://scholar.google.com/scholar?oi=bibs&hl=en&cites=16163110974990183050",854,"2023-03-01 18:29:43","Journal article","","","https://scholar.google.com/citations?view_op=view_citation&hl=en&user=-2OhI8YAAAAJ&cstart=800&pagesize=100&citation_for_view=-2OhI8YAAAAJ:tUtwDVdCwjgC",13,1,4438,4438,1,1.00,0,7,1,"","",""
1,"H Chen, Q Wei, MI Saidaminov, F Wang, A Johnston, Y Hou, Z Peng, K Xu, ...","Perovskite Solar Cells: Efficient and Stable Inverted Perovskite Solar Cells Incorporating Secondary Amines (Adv. Mater. 46/2019)",2019,"Advanced Materials","","","https://scholar.google.com/scholar?oi=bibs&hl=en&cites=17958437796051965353",871,"2023-03-01 18:29:43","Journal article","","","https://scholar.google.com/citations?view_op=view_citation&hl=en&user=-2OhI8YAAAAJ&cstart=800&pagesize=100&citation_for_view=-2OhI8YAAAAJ:43LB_KcVqeAC",31,46,1970330,1970330,1,0.25,0,9,4,"","",""
1,"H Choubisa, P Todorović, JM Pina, DH Parmar, Z Li, O Voznyy, I Tamblyn, ...","Interpretable discovery of new semiconductors with machine learning",2021,"arXiv preprint arXiv:2101.","","","https://scholar.google.com/scholar?oi=bibs&hl=en&cites=9395962405950429333",864,"2023-03-01 18:29:43","Preprint","","","https://scholar.google.com/citations?view_op=view_citation&hl=en&user=-2OhI8YAAAAJ&cstart=800&pagesize=100&citation_for_view=-2OhI8YAAAAJ:e0CZ6poB34oC",4383,,,,1,0.50,0,8,2,"","",""
1,"H Li, D Wines, B Chen, K Yumigeta, YM Sayyad, J Kopaszek, S Yang, ...","Abnormal Phase Transition and Band Renormalization of Guanidinium-Based Organic–Inorganic Hybrid Perovskite",2021,"ACS Applied Materials &Interfaces","","","https://scholar.google.com/scholar?oi=bibs&hl=en&cites=13021233442613025357",859,"2023-03-01 18:29:43","Journal article","","","https://scholar.google.com/citations?view_op=view_citation&hl=en&user=-2OhI8YAAAAJ&cstart=800&pagesize=100&citation_for_view=-2OhI8YAAAAJ:Xxrp-jDxsD4C",13,37,44964,44971,1,0.50,0,8,2,"","",""
1,"H Tian, IC Ivanov, EH Sargent","Image sensors employing sensitized semiconductor diodes",2020,"US Patent 10,535,699","","","https://scholar.google.com/scholar?oi=bibs&hl=en&cites=6280415553896094525",869,"2023-03-01 18:29:43","Patent","","","https://scholar.google.com/citations?view_op=view_citation&hl=en&user=-2OhI8YAAAAJ&cstart=800&pagesize=100&citation_for_view=-2OhI8YAAAAJ:E8ajGqO0XoUC",,,,,1,0.33,0,3,3,"","",""
1,"H Zargartalebi, H Yousefi, CD Flynn, S Gomis, J Das, TL Young, E Chien, ...","Capillary-Assisted Molecular Pendulum Bioanalysis",2022,"Journal of the American Chemical Society","","","https://scholar.google.com/scholar?oi=bibs&hl=en&cites=3242306090874756068",853,"2023-03-01 18:29:43","Journal article","","","https://scholar.google.com/citations?view_op=view_citation&hl=en&user=-2OhI8YAAAAJ&cstart=800&pagesize=100&citation_for_view=-2OhI8YAAAAJ:w2Aknop99M4C",144,40,18338,18349,1,1.00,0,8,1,"","",""
1,"IC Ivanov, EH Sargent, H Tian","Materials, fabrication equipment, and methods for stable, sensitive photodetectors and image sensors made therefrom",2017,"US Patent App. 15/633,276","","","https://scholar.google.com/scholar?oi=bibs&hl=en&cites=12239568081271167035",880,"2023-03-01 18:29:43","Patent","","","https://scholar.google.com/citations?view_op=view_citation&hl=en&user=-2OhI8YAAAAJ&cstart=800&pagesize=100&citation_for_view=-2OhI8YAAAAJ:oAywNP-vUhwC",,,,,1,0.17,0,3,6,"","",""
1,"IJ Kramer, AG Pattantyus-Abraham, AR Barkhouse, X Wang, ...","Erratum: Advances in colloidal quantum dot solar cells: The depleted-heterojunction device (Thin Solid Films (2011) 519 (7351-7355))",2012,"Thin Solid Films","","","https://scholar.google.com/scholar?oi=bibs&hl=en&cites=12201995268421121398",888,"2023-03-01 18:29:43","Journal article","","","https://scholar.google.com/citations?view_op=view_citation&hl=en&user=-2OhI8YAAAAJ&cstart=800&pagesize=100&citation_for_view=-2OhI8YAAAAJ:BQCiT8P4igIC",520,16,5489,5489,1,0.09,0,5,11,"","",""
1,"IJ Kramer, R Debnath, AG Pattantyus-Abraham, AR Barkhouse, X Wang, ...","Depleted-Heterojunction Colloidal Quantum Dot Solar Cells Employing Low-Cost Metal Contacts",2010,"Frontiers in Optics, FMA","","","https://scholar.google.com/scholar?oi=bibs&hl=en&cites=10549675480480783227",889,"2023-03-01 18:29:43","Journal article","","","https://scholar.google.com/citations?view_op=view_citation&hl=en&user=-2OhI8YAAAAJ&cstart=800&pagesize=100&citation_for_view=-2OhI8YAAAAJ:EsEWqaRxkBgC",2,,,,1,0.08,0,6,13,"","",""
1,"J Abed, S Ahmadi, L Laverdure, A Abdellah, C O'Brien, P Sobrino, ...","Cryomilled Ni-Co-Se Enables Water Oxidation Electrocatalysts Durable at High Current Densities",2020,"","","","https://scholar.google.com/scholar?oi=bibs&hl=en&cites=4988016632477556399",866,"2023-03-01 18:29:43","","","","https://scholar.google.com/citations?view_op=view_citation&hl=en&user=-2OhI8YAAAAJ&cstart=800&pagesize=100&citation_for_view=-2OhI8YAAAAJ:m03se8k-GH0C",,,,,1,0.33,0,7,3,"","",""
1,"J Das, I Ivanov, EH Sargent, SO Kelley","Electrochemical clamp assay",2016,"US Patent App. 15/067,392","","","https://scholar.google.com/scholar?oi=bibs&hl=en&cites=12775444723389852266",885,"2023-03-01 18:29:43","Patent","","","https://scholar.google.com/citations?view_op=view_citation&hl=en&user=-2OhI8YAAAAJ&cstart=800&pagesize=100&citation_for_view=-2OhI8YAAAAJ:YTuZlYwrTOUC",,,,,1,0.14,0,4,7,"","",""
1,"JD Besant, J Das, IB Burgess, W Liu, EH Sargent, SO Kelley","Ultrasensitive diagnostic device using electrocatalytic fluid displacement (efd) for visual readout",2016,"US Patent App. 15/082,851","","","https://scholar.google.com/scholar?oi=bibs&hl=en&cites=10226266713338581424",884,"2023-03-01 18:29:43","Patent","","","https://scholar.google.com/citations?view_op=view_citation&hl=en&user=-2OhI8YAAAAJ&cstart=800&pagesize=100&citation_for_view=-2OhI8YAAAAJ:2vr6o8x5NLkC",,,,,1,0.14,0,6,7,"","",""
1,"JY Kim, O Voznyy, D Zhitomirsky, EH Sargent","Correction: 25th Anniversary Article: Colloidal Quantum Dot Materials and Devices: A Quarter-Century of Advances (Advanced Materials (2013) 25 (4986-5010",2015,"Advanced Materials","","","https://scholar.google.com/scholar?oi=bibs&hl=en&cites=16643428591577280657",886,"2023-03-01 18:29:43","Journal article","","","https://scholar.google.com/citations?view_op=view_citation&hl=en&user=-2OhI8YAAAAJ&cstart=800&pagesize=100&citation_for_view=-2OhI8YAAAAJ:eCFM_hdDfssC",27,26,3849,3849,1,0.13,0,4,8,"","",""
1,"K Ho, M Wei, EH Sargent, GC Walker","Light and humidity induced degradation and grain transformation in mixed cation perovskites",2021,"Optical Devices and Materials for Solar Energy and Solid-state Lighting …","","","https://scholar.google.com/scholar?oi=bibs&hl=en&cites=9684568130124717107",860,"2023-03-01 18:29:43","","","","https://scholar.google.com/citations?view_op=view_citation&hl=en&user=-2OhI8YAAAAJ&cstart=800&pagesize=100&citation_for_view=-2OhI8YAAAAJ:D90uR9ClOh8C",,,,,1,0.50,0,4,2,"","",""
1,"K Katsiev, AH Ip, A Fischer, I Tanabe, X Zhang, AR Kirmani, O Voznyy, ...","Photovoltaics: The Complete In‐Gap Electronic Structure of Colloidal Quantum Dot Solids and Its Correlation with Electronic Transport and Photovoltaic Performance (Adv. Mater …",2014,"Advanced Materials","","","https://scholar.google.com/scholar?oi=bibs&hl=en&cites=9186401650552802766",887,"2023-03-01 18:29:43","Journal article","","","https://scholar.google.com/citations?view_op=view_citation&hl=en&user=-2OhI8YAAAAJ&cstart=800&pagesize=100&citation_for_view=-2OhI8YAAAAJ:AXkvAH5U_nMC",26,6,822,822,1,0.11,0,8,9,"","",""
1,"L Brzozowski, EH Sargent","Stability of periodic nonlinear optical structures for limiting and logic",2000,"The European Conference on Lasers and Electro-Optics, CTh","","","https://scholar.google.com/scholar?oi=bibs&hl=en&cites=7035450024103731228",907,"2023-03-01 18:29:43","Conference paper","","","https://scholar.google.com/citations?view_op=view_citation&hl=en&user=-2OhI8YAAAAJ&cstart=900&pagesize=100&citation_for_view=-2OhI8YAAAAJ:SjuI4pbJlxcC",,,39,,1,0.04,1,2,23,"","",""
1,"L Brzozowski, EH Sargent, MA Hines","Resonant nonlinearities and figures of merit of strongly-confined 5.5 nm PbS nanocrystals in the 1150 nm to 1550 nm wavelength range",2003,"CLEO/Pacific Rim 2003. The 5th Pacific Rim Conference on Lasers and Electro …","","","https://scholar.google.com/scholar?oi=bibs&hl=en&cites=14747320214261536399",899,"2023-03-01 18:29:43","Conference paper","","","https://scholar.google.com/citations?view_op=view_citation&hl=en&user=-2OhI8YAAAAJ&cstart=800&pagesize=100&citation_for_view=-2OhI8YAAAAJ:-jrNzM816MMC",,,,,1,0.05,0,3,20,"","",""
1,"L Brzozowski, V Sukhovatkin, EH Sargent, AS Thorpe, M Extavour","Nonlinear reflectance and transmittance of semiconductor periodic structures between 1.3 and 1.6 µm",2003,"Conference on Lasers and Electro-Optics, CTuM","","","https://scholar.google.com/scholar?oi=bibs&hl=en&cites=12996882453201425754",902,"2023-03-01 18:29:43","Conference paper","","","https://scholar.google.com/citations?view_op=view_citation&hl=en&user=-2OhI8YAAAAJ&cstart=900&pagesize=100&citation_for_view=-2OhI8YAAAAJ:MAUkC_7iAq8C",19,,,,1,0.05,0,5,20,"","",""
1,"L Brzozowski, WN Ye, EH Sargent","Pulse switching and compression in out-of-phase superimposed linear-nonlinear grating",2003,"2003 Digest of LEOS Summer Topical Meeting (Cat. No. 03TH8701), MA4. 3/25 …","","","https://scholar.google.com/scholar?oi=bibs&hl=en&cites=8201246045889661900",901,"2023-03-01 18:29:43","Conference paper","","","https://scholar.google.com/citations?view_op=view_citation&hl=en&user=-2OhI8YAAAAJ&cstart=900&pagesize=100&citation_for_view=-2OhI8YAAAAJ:q-HalDI95KYC",,,,,1,0.05,0,3,20,"","",""
1,"M Allard, EH Sargent","Guiding light in colloidal photonic crystals",2003,"2003 Digest of LEOS Summer Topical Meeting (Cat. No. 03TH8701), WA2. 5/87 …","","","https://scholar.google.com/scholar?oi=bibs&hl=en&cites=12602783494986356967",900,"2023-03-01 18:29:43","Conference paper","","","https://scholar.google.com/citations?view_op=view_citation&hl=en&user=-2OhI8YAAAAJ&cstart=800&pagesize=100&citation_for_view=-2OhI8YAAAAJ:G1UMdFYMoxkC",,,,,1,0.05,1,2,20,"","",""
1,"M Allard, EH Sargent, RK Golding","Control over ordering in colloidal crystals using surface templating",2002,"Summaries of Papers Presented at the Lasers and Electro-Optics","CLEO'02 …","","https://scholar.google.com/scholar?oi=bibs&hl=en&cites=12977808084012843413",906,"2023-03-01 18:29:43","","","","https://scholar.google.com/citations?view_op=view_citation&hl=en&user=-2OhI8YAAAAJ&cstart=900&pagesize=100&citation_for_view=-2OhI8YAAAAJ:Dem6FJhTUoYC",,,,,1,0.05,0,3,21,"","",""
1,"M Liu, EH Sargent","(Invited) Nanotip-Defined High Local Electric Fields Accelerate CO2 Reduction Heterogeneous Catalysts",2017,"Electrochemical Society Meeting Abstracts","","","https://scholar.google.com/scholar?oi=bibs&hl=en&cites=131990946264664852",882,"2023-03-01 18:29:43","Abstract","","","https://scholar.google.com/citations?view_op=view_citation&hl=en&user=-2OhI8YAAAAJ&cstart=800&pagesize=100&citation_for_view=-2OhI8YAAAAJ:1DAnfT_YoJgC",231,,1028,1028,1,0.17,1,2,6,"","",""
1,"M Luo, A Ozden, Z Wang, F Li, J Erick Huang, SF Hung, Y Wang, J Li, ...","Coordination Polymer Electrocatalysts Enable Efficient CO‐to‐acetate Conversion",2022,"Advanced Materials","","","https://scholar.google.com/scholar?oi=bibs&hl=en&cites=7957588708009952803",850,"2023-03-01 18:29:43","Journal article","","","https://scholar.google.com/citations?view_op=view_citation&hl=en&user=-2OhI8YAAAAJ&cstart=800&pagesize=100&citation_for_view=-2OhI8YAAAAJ:Y4-Jr3-UGfkC",2209567,,,,1,1.00,0,9,1,"","",""
1,"MI Nugraha, B Sun, H Kim, A El-Labban, S Desai, N Chaturvedi, Y Hou, ...","Dopant-Assisted Matrix Stabilization Enables Thermoelectric Performance Enhancement in n-Type Quantum Dot Films",2021,"ACS Applied Materials &Interfaces","","","https://scholar.google.com/scholar?oi=bibs&hl=en&cites=11334973736400217654",862,"2023-03-01 18:29:43","Journal article","","","https://scholar.google.com/citations?view_op=view_citation&hl=en&user=-2OhI8YAAAAJ&cstart=800&pagesize=100&citation_for_view=-2OhI8YAAAAJ:kVKjLOQJbwAC",13,16,18999,19007,1,0.50,0,8,2,"","",""
1,"MIN Jihyun, EJ Jang, HS Jang, A Jain, E Sargent, O Voznyy, L Levina, ...","Semiconductor nanocrystal particles and production methods thereof",2019,"US Patent App. 16/254,676","","","https://scholar.google.com/scholar?oi=bibs&hl=en&cites=11460501408944714140",873,"2023-03-01 18:29:43","Patent","","","https://scholar.google.com/citations?view_op=view_citation&hl=en&user=-2OhI8YAAAAJ&cstart=800&pagesize=100&citation_for_view=-2OhI8YAAAAJ:JhbybO29vGQC",,,,,1,0.25,0,8,4,"","",""
1,"P De Luna, C Hahn, D Higgins, SA Jaffer, TF Jaramillo, EH Sargent","Erratum: What would it take for renewably powered electrosynthesis to displace petrochemical processes?(Science",2020,"Science 367 (6482), eabb","","","https://scholar.google.com/scholar?oi=bibs&hl=en&cites=16579248478486067775",868,"2023-03-01 18:29:43","Journal article","","","https://scholar.google.com/citations?view_op=view_citation&hl=en&user=-2OhI8YAAAAJ&cstart=800&pagesize=100&citation_for_view=-2OhI8YAAAAJ:SQZOXlr1FBsC",992,,,,1,0.33,0,6,3,"","",""
1,"R Zhao, T Zhu, S Wang, C Jarrett-Wilkins, AM Najjarian, AJ Lough, ...","Engineering hydrogen bonding to align molecular dipoles in organic solids for efficient second harmonic generation",2022,"Chemical Science","","","https://scholar.google.com/scholar?oi=bibs&hl=en&cites=4526138274636612024",858,"2023-03-01 18:29:43","Journal article","","","https://scholar.google.com/citations?view_op=view_citation&hl=en&user=-2OhI8YAAAAJ&cstart=800&pagesize=100&citation_for_view=-2OhI8YAAAAJ:dhZ1Wuf5EGsC",13,41,12144,12148,1,1.00,0,7,1,"","",""
1,"S Hoogland, G Konstantatos, EH Sargent","Paint-on optoelectronics",2006,"","","","https://scholar.google.com/scholar?oi=bibs&hl=en&cites=2925650960110247581",891,"2023-03-01 18:29:43","","","","https://scholar.google.com/citations?view_op=view_citation&hl=en&user=-2OhI8YAAAAJ&cstart=800&pagesize=100&citation_for_view=-2OhI8YAAAAJ:2l5NCbZemmgC",,,,,1,0.06,0,3,17,"","",""
1,"S Hoogland, V Sukhovatkin, H Shukla, J Clifford, L Levina, EH Sargent","25% Modulation Depth at 1.54 µm from Large-Area Solution-Processed Colloidal Quantum Dot Electro-Absorption Modulators",2007,"Conference on Lasers and Electro-Optics, CPDA","","","https://scholar.google.com/scholar?oi=bibs&hl=en&cites=9130396973187534574",890,"2023-03-01 18:29:43","Conference paper","","","https://scholar.google.com/citations?view_op=view_citation&hl=en&user=-2OhI8YAAAAJ&cstart=800&pagesize=100&citation_for_view=-2OhI8YAAAAJ:PYBJJbyH-FwC",7,,,,1,0.06,0,6,16,"","",""
1,"S Mahesh, B Chen, EH Sargent","All-perovskite tandems go bifacial",2023,"Light: Science &Applications","","","https://scholar.google.com/scholar?oi=bibs&hl=en&cites=15486503015524556966",849,"2023-03-01 18:29:43","Journal article","","","https://scholar.google.com/citations?view_op=view_citation&hl=en&user=-2OhI8YAAAAJ&cstart=800&pagesize=100&citation_for_view=-2OhI8YAAAAJ:G60ApcfeQaAC",12,1,13,13,1,1.00,0,3,1,"","",""
1,"SO Kelley, A Zaragoza, EH Sargent, J Das, K Cederquist","Versatile and sensitive biosensor",2018,"US Patent App. 15/788,241","","","https://scholar.google.com/scholar?oi=bibs&hl=en&cites=16509143872468473569",877,"2023-03-01 18:29:43","Patent","","","https://scholar.google.com/citations?view_op=view_citation&hl=en&user=-2OhI8YAAAAJ&cstart=800&pagesize=100&citation_for_view=-2OhI8YAAAAJ:GHsHDPAyICYC",,,,,1,0.20,0,5,5,"","",""
1,"SO Kelley, EH Sargent, B Lam","Systems and methods for multiplexed electrochemical detection",2017,"US Patent 9,804,120","","","https://scholar.google.com/scholar?oi=bibs&hl=en&cites=3975946210157933877",879,"2023-03-01 18:29:43","Patent","","","https://scholar.google.com/citations?view_op=view_citation&hl=en&user=-2OhI8YAAAAJ&cstart=800&pagesize=100&citation_for_view=-2OhI8YAAAAJ:mVC4hKzE2FoC",,,,,1,0.17,0,3,6,"","",""
1,"TH Han, KY Jang, Y Dong, RH Friend, EH Sargent, TW Lee","Author Correction: A roadmap for the commercialization of perovskite light emitters (Nature Reviews Materials,(2022), 10.1038/s41578-022-00459-4)",2022,"Nature Reviews Materials","","","https://scholar.google.com/scholar?oi=bibs&hl=en&cites=10401022551902324197",857,"2023-03-01 18:29:43","Journal article","","","https://scholar.google.com/citations?view_op=view_citation&hl=en&user=-2OhI8YAAAAJ&cstart=800&pagesize=100&citation_for_view=-2OhI8YAAAAJ:Es-9c2L5hKwC",7,,,,1,1.00,0,6,1,"","",""
1,"TKL Wong, L Brzozowski, EH Sargent","Analysis of non-quarter-wave grating by a modified Fourier-transform method",2002,"Applied optics","","","https://scholar.google.com/scholar?oi=bibs&hl=en&cites=2681517004475623006",904,"2023-03-01 18:29:43","Journal article","","","https://scholar.google.com/citations?view_op=view_citation&hl=en&user=-2OhI8YAAAAJ&cstart=900&pagesize=100&citation_for_view=-2OhI8YAAAAJ:prdVHNxh-e8C",41,32,6763,6767,1,0.05,0,3,21,"","",""
1,"TKL Wong, L Brzozowski, EH Sargent, JS Aitchison","Pulse propagation and compression in nonlinear periodic structures with resonant saturable nonlinearities",2004,"Nonlinear Guided Waves and Their Applications, TuC","","","https://scholar.google.com/scholar?oi=bibs&hl=en&cites=7850894125087132763",897,"2023-03-01 18:29:43","Journal article","","","https://scholar.google.com/citations?view_op=view_citation&hl=en&user=-2OhI8YAAAAJ&cstart=800&pagesize=100&citation_for_view=-2OhI8YAAAAJ:DBa1UEJaJKAC",40,,,,1,0.05,0,4,19,"","",""
1,"TWF Chang, A Maria, PW Cyr, V Sukhovatkin, L Levina, EH Sargent","Ten-fold improvement in the photoluminescence quantum efficiency of quantum-size-effect-tunable (1000-2000 nm) and solution-processed PbS nanocrystal films",2005,"(CLEO). Conference on Lasers and Electro-Optics, 2005.","","","https://scholar.google.com/scholar?oi=bibs&hl=en&cites=18276875336377744070",893,"2023-03-01 18:29:43","Conference paper","","","https://scholar.google.com/citations?view_op=view_citation&hl=en&user=-2OhI8YAAAAJ&cstart=800&pagesize=100&citation_for_view=-2OhI8YAAAAJ:mKu_rENv82IC",1,,618,620,1,0.06,0,6,18,"","",""
1,"V Adinolfi, EH Sargent","CORRECTIONS &AMENDMENTS",2017,"Nature","","","https://scholar.google.com/scholar?oi=bibs&hl=en&cites=192757858355646531",881,"2023-03-01 18:29:43","Journal article","","","https://scholar.google.com/citations?view_op=view_citation&hl=en&user=-2OhI8YAAAAJ&cstart=800&pagesize=100&citation_for_view=-2OhI8YAAAAJ:mJbmKSuM8toC",545,,11,11,1,0.17,1,2,6,"","",""
1,"X Li, D Luo, PB Green, C Qiu, M Wei, H Yu, EH Sargent, MWB Wilson, ...","Vapor‐Phase Deposition of Highly Luminescent Embedded Perovskite Nanocrystals",2022,"Advanced Optical Materials","","","https://scholar.google.com/scholar?oi=bibs&hl=en&cites=9126464254378398918",856,"2023-03-01 18:29:43","Journal article","","","https://scholar.google.com/citations?view_op=view_citation&hl=en&user=-2OhI8YAAAAJ&cstart=800&pagesize=100&citation_for_view=-2OhI8YAAAAJ:ZVmBtQ9RJaQC",10,11,2102809,2102809,1,1.00,0,9,1,"","",""
1,"Y Zhang, M Vafaie, J Xu, JM Pina, P Xia, AM Najarian, O Atan, M Imran, ...","Electron‐Transport Layers Employing Strongly Bound Ligands Enhance Stability in Colloidal Quantum Dot Infrared Photodetectors",2022,"Advanced Materials","","","https://scholar.google.com/scholar?oi=bibs&hl=en&cites=17237121459995485336",852,"2023-03-01 18:29:43","Journal article","","","https://scholar.google.com/citations?view_op=view_citation&hl=en&user=-2OhI8YAAAAJ&cstart=800&pagesize=100&citation_for_view=-2OhI8YAAAAJ:oYc2ogjtvagC",2206884,,,,1,1.00,0,9,1,"","",""
1,"YC Li, G Lee, T Yuan, Y Wang, DH Nam, Z Wang, F de Arquer, Y Lum, ...","Direct CO2 Electroreduction from Carbonate",2019,"arXiv preprint arXiv:1905.","","","https://scholar.google.com/scholar?oi=bibs&hl=en&cites=7375504755000963532",875,"2023-03-01 18:29:43","Preprint","","","https://scholar.google.com/citations?view_op=view_citation&hl=en&user=-2OhI8YAAAAJ&cstart=800&pagesize=100&citation_for_view=-2OhI8YAAAAJ:-qpA3cGbmHsC",1818,,,,1,0.25,0,9,4,"","",""
1,"Z Wang, EH Sargent","Accurate and Affordable Explicit Solvent Quantum Mechanics for Electrocatalysis Investigations",2021,"Matter","","","https://scholar.google.com/scholar?oi=bibs&hl=en&cites=15865691321821087268",865,"2023-03-01 18:29:43","Journal article","","","https://scholar.google.com/citations?view_op=view_citation&hl=en&user=-2OhI8YAAAAJ&cstart=800&pagesize=100&citation_for_view=-2OhI8YAAAAJ:MUocvVTjX6cC",4,1,12,14,1,0.50,1,2,2,"","",""
0,"A Jehad, S Thorpe, E Sargent","Electrocatalysts comprising transition metals and chalcogen for oxygen evolution reactions (oer) and manufacturing thereof",2021,"US Patent App. 17/109,948","","","https://scholar.google.com",963,"2023-03-01 18:29:43","Patent","","","https://scholar.google.com/citations?view_op=view_citation&hl=en&user=-2OhI8YAAAAJ&cstart=900&pagesize=100&citation_for_view=-2OhI8YAAAAJ:-Z8x4v2cOtkC",,,,,0,0.00,0,3,2,"","",""
0,"A Mahmud, J Das, D Chang, S Gomis, J Chen, H Yousefi, E Sargent, ...","Monitoring of Cardiac Disease with Reagent-free Molecular Pendulum Aptasensors",2021,"Electrochemical Society Meeting Abstracts","","","https://scholar.google.com",955,"2023-03-01 18:29:43","Abstract","","","https://scholar.google.com/citations?view_op=view_citation&hl=en&user=-2OhI8YAAAAJ&cstart=900&pagesize=100&citation_for_view=-2OhI8YAAAAJ:OA9cGvo6324C",240,,1563,1563,0,0.00,0,8,2,"","",""
0,"A Mahmud, J Das, D Chang, S Gomis, J Chen, H Yousefi, EH Sargent, ...","Precision Quantification of Cardiac Biomarkers Using Reagent-Free Electrochemical Aptasensors",2021,"Circulation 144 (Suppl_1), A6950-A","","","https://scholar.google.com",952,"2023-03-01 18:29:43","Journal article","","","https://scholar.google.com/citations?view_op=view_citation&hl=en&user=-2OhI8YAAAAJ&cstart=900&pagesize=100&citation_for_view=-2OhI8YAAAAJ:wyoMR1qFDH8C",6950,,,,0,0.00,0,8,2,"","",""
0,"A Ozden, J Li, S Kandambeth, XY Li, S Liu, O Shekhah, P Ou, ...","Energy-and carbon-efficient CO2/CO electrolysis to multicarbon products via asymmetric ion migration–adsorption",2023,"Nature Energy","","","https://scholar.google.com",916,"2023-03-01 18:29:43","Book chapter","","","https://scholar.google.com/citations?view_op=view_citation&hl=en&user=-2OhI8YAAAAJ&cstart=900&pagesize=100&citation_for_view=-2OhI8YAAAAJ:BjLbhSWBl98C",,,1,12,0,0.00,0,8,1,"","",""
0,"A Xu, SF Hung, A Cao, Z Wang, N Karmodak, JE Huang, Y Yan, ...","Copper/alkaline earth metal oxide interfaces for electrochemical CO2-to-alcohol conversion by selective hydrogenation",2022,"Nature Catalysis","","","https://scholar.google.com",926,"2023-03-01 18:29:43","Book chapter","","","https://scholar.google.com/citations?view_op=view_citation&hl=en&user=-2OhI8YAAAAJ&cstart=900&pagesize=100&citation_for_view=-2OhI8YAAAAJ:yCEqH1SBpFUC",,,1,8,0,0.00,0,8,1,"","",""
0,"AS Rasouli, X Wang, J Wicks, G Lee, T Peng, F Li, C McCallum, CT Dinh, ...","CO₂ Electroreduction to Methane at Production Rates Exceeding 100 mA/cm",2020,"","","","https://scholar.google.com",983,"2023-03-01 18:29:43","","","","https://scholar.google.com/citations?view_op=view_citation&hl=en&user=-2OhI8YAAAAJ&cstart=900&pagesize=100&citation_for_view=-2OhI8YAAAAJ:n2kG1_zAmykC",,,,,0,0.00,0,9,3,"","",""
0,"B Sun, O Ouelette, FPG DE ARQUER, S Hoogland, EH Sargent","Multibandgap nanocrystal ensembles for solar-matched energy harvesting",2022,"US Patent App. 17/274,975","","","https://scholar.google.com",946,"2023-03-01 18:29:43","Patent","","","https://scholar.google.com/citations?view_op=view_citation&hl=en&user=-2OhI8YAAAAJ&cstart=900&pagesize=100&citation_for_view=-2OhI8YAAAAJ:AbS6eEh_b9AC",,,,,0,0.00,0,5,1,"","",""
0,"B Zhang, X Zheng, O Voznyy, S Hoogland, XU Jixian, M Liu, ...","Homogeneously dispersed multimetal oxy-hydroxide catalysts",2022,"US Patent 11,230,774","","","https://scholar.google.com",947,"2023-03-01 18:29:43","Patent","","","https://scholar.google.com/citations?view_op=view_citation&hl=en&user=-2OhI8YAAAAJ&cstart=900&pagesize=100&citation_for_view=-2OhI8YAAAAJ:Vno172sVVMwC",,,,,0,0.00,0,7,1,"","",""
0,"C Li, X Wang, E Bi, F Jiang, SM Park, Y Li, L Chen, Z Wang, L Zeng, ...","Rational design of Lewis base molecules for stable and efficient inverted perovskite solar cells",2023,"Science","","","https://scholar.google.com",909,"2023-03-01 18:29:43","Journal article","","","https://scholar.google.com/citations?view_op=view_citation&hl=en&user=-2OhI8YAAAAJ&cstart=900&pagesize=100&citation_for_view=-2OhI8YAAAAJ:xpFxhiwfz1QC",379,6633,690,694,0,0.00,0,10,1,"","",""
0,"CM Gabardo, CP O'Brien, JP Edwards, CT Dinh, Y Xu, EH Sargent, ...","Stable, High-Rate CO2 Electroreduction to Multi-Carbon Products in a Membrane Electrode Assembly System",2019,"Electrochemical Society Meeting Abstracts","","","https://scholar.google.com",998,"2023-03-01 18:29:43","Abstract","","","https://scholar.google.com/citations?view_op=view_citation&hl=en&user=-2OhI8YAAAAJ&cstart=900&pagesize=100&citation_for_view=-2OhI8YAAAAJ:rDsFeusoTZkC",235,,1585,1585,0,0.00,0,7,4,"","",""
0,"CP O'Brien, CM Gabardo, JP Edwards, C McCallum, Y Xu, CT Dinh, J Li, ...","Carbon Dioxide Electroreduction to Multi-Carbon Products Using a Large-Scale Membrane Electrode Assembly",2019,"Electrochemical Society Meeting Abstracts","","","https://scholar.google.com",993,"2023-03-01 18:29:43","Abstract","","","https://scholar.google.com/citations?view_op=view_citation&hl=en&user=-2OhI8YAAAAJ&cstart=900&pagesize=100&citation_for_view=-2OhI8YAAAAJ:vkz5F8TaVKkC",236,,1083,1083,0,0.00,0,8,4,"","",""
0,"D Yitong, LYU Quan, GF Cotella, P Chun, W Ya-Kun, Y Fanglong, ...","Bipolar shell resurfaced perovskite quantum dots",2022,"US Patent 11,535,795","","","https://scholar.google.com",921,"2023-03-01 18:29:43","Patent","","","https://scholar.google.com/citations?view_op=view_citation&hl=en&user=-2OhI8YAAAAJ&cstart=900&pagesize=100&citation_for_view=-2OhI8YAAAAJ:KD63RgGzVVoC",,,,,0,0.00,0,7,1,"","",""
0,"DN Philpott, K Chen, RS Atwal, D Li, J Christie, EH Sargent, SO Kelley","Ultrathroughput immunomagnetic cell sorting platform",2022,"Lab on a Chip","","","https://scholar.google.com",948,"2023-03-01 18:29:43","Journal article","","","https://scholar.google.com/citations?view_op=view_citation&hl=en&user=-2OhI8YAAAAJ&cstart=900&pagesize=100&citation_for_view=-2OhI8YAAAAJ:Oi-j_DTgP3cC",22,24,4822,4830,0,0.00,0,7,1,"","",""
0,"E Sargent, D Cao-Thang, FPG DE ARQUER, IP Alexander","Composite multilayered electrocatalysts for co2 reduction and associated methods",2021,"US Patent App. 16/959,918","","","https://scholar.google.com",960,"2023-03-01 18:29:43","Patent","","","https://scholar.google.com/citations?view_op=view_citation&hl=en&user=-2OhI8YAAAAJ&cstart=900&pagesize=100&citation_for_view=-2OhI8YAAAAJ:V8JMcbNWlSUC",,,,,0,0.00,0,4,2,"","",""
0,"E Sargent, DE Phil, CHE Fanglin, Z Yansong","Boron-doped copper catalysts for efficient conversion of CO2 to multi-carbon hydrocarbons and associated methods",2022,"US Patent 11,390,959","","","https://scholar.google.com",933,"2023-03-01 18:29:43","Patent","","","https://scholar.google.com/citations?view_op=view_citation&hl=en&user=-2OhI8YAAAAJ&cstart=900&pagesize=100&citation_for_view=-2OhI8YAAAAJ:R0GtuAMwyXEC",,,,,0,0.00,0,4,1,"","",""
0,"E Sargent, M Vafaie, A Johnston, T Zhu, M Wei, M Saidaminov, Y Hou, ...","Sub-millimeter Light Detection and Ranging Using Perovskites",2020,"","","","https://scholar.google.com",976,"2023-03-01 18:29:43","","","","https://scholar.google.com/citations?view_op=view_citation&hl=en&user=-2OhI8YAAAAJ&cstart=900&pagesize=100&citation_for_view=-2OhI8YAAAAJ:uQyLbZAWguAC",,,,,0,0.00,0,8,3,"","",""
0,"E Sargent, T Zhuang, Z Liang, IP Alexander","Core/shell-vacancy engineering (CSVE) of catalysts for electrochemical CO2 reduction",2022,"US Patent 11,268,199","","","https://scholar.google.com",944,"2023-03-01 18:29:43","Patent","","","https://scholar.google.com/citations?view_op=view_citation&hl=en&user=-2OhI8YAAAAJ&cstart=900&pagesize=100&citation_for_view=-2OhI8YAAAAJ:aK62MiYD7mUC",,,,,0,0.00,0,4,1,"","",""
0,"EH Sargent","10 tips on how we write papers",2022,"Matter","","","https://scholar.google.com",928,"2023-03-01 18:29:43","Journal article","","","https://scholar.google.com/citations?view_op=view_citation&hl=en&user=-2OhI8YAAAAJ&cstart=900&pagesize=100&citation_for_view=-2OhI8YAAAAJ:p9YawgimX9oC",5,11,3562,3564,0,0.00,0,1,1,"","",""
0,"EH Sargent","(Invited) The Electrosynthesis of Fuels from Direct Air Captured CO2",2022,"Electrochemical Society Meeting Abstracts","","","https://scholar.google.com",931,"2023-03-01 18:29:43","Abstract","","","https://scholar.google.com/citations?view_op=view_citation&hl=en&user=-2OhI8YAAAAJ&cstart=900&pagesize=100&citation_for_view=-2OhI8YAAAAJ:JG67p0iyyesC",242,,1885,1885,0,0.00,0,1,1,"","",""
0,"EH Sargent","Perovskite LEDs",2021,"Organic and Hybrid Light Emitting Materials and Devices XXV 11808, 118081K","","","https://scholar.google.com",958,"2023-03-01 18:29:43","","","","https://scholar.google.com/citations?view_op=view_citation&hl=en&user=-2OhI8YAAAAJ&cstart=900&pagesize=100&citation_for_view=-2OhI8YAAAAJ:eP5N1itS6b0C",,,,,0,0.00,0,1,2,"","",""
0,"EH Sargent","Optical sources based on perovskites and quantum dots",2020,"Spintronics XIII","","","https://scholar.google.com",977,"2023-03-01 18:29:43","Journal article","","","https://scholar.google.com/citations?view_op=view_citation&hl=en&user=-2OhI8YAAAAJ&cstart=900&pagesize=100&citation_for_view=-2OhI8YAAAAJ:EmjvLWWcsQIC",11470,,1147002,1147002,0,0.00,0,1,3,"","",""
0,"EH Sargent, G Koleilat, L Levina","Photodetectors and photovoltaics based on semiconductor nanocrystals",2019,"US Patent App. 16/153,858","","","https://scholar.google.com",997,"2023-03-01 18:29:43","Patent","","","https://scholar.google.com/citations?view_op=view_citation&hl=en&user=-2OhI8YAAAAJ&cstart=900&pagesize=100&citation_for_view=-2OhI8YAAAAJ:w-fwKiQwpQAC",,,,,0,0.00,0,3,4,"","",""
0,"EH Sargent, JJY Lee, E Mandelli, J Park","Multi-terminal optoelectronic devices for light detection",2020,"US Patent 10,685,999","","","https://scholar.google.com",979,"2023-03-01 18:29:43","Patent","","","https://scholar.google.com/citations?view_op=view_citation&hl=en&user=-2OhI8YAAAAJ&cstart=900&pagesize=100&citation_for_view=-2OhI8YAAAAJ:rpSJNIKeXWsC",,,,,0,0.00,0,4,3,"","",""
0,"EH Sargent, JJY Lee, H Tian, E Mandelli","Sensors and systems for the capture of scenes and events in space and time",2021,"US Patent 10,924,703","","","https://scholar.google.com",966,"2023-03-01 18:29:43","Patent","","","https://scholar.google.com/citations?view_op=view_citation&hl=en&user=-2OhI8YAAAAJ&cstart=900&pagesize=100&citation_for_view=-2OhI8YAAAAJ:n8FNryW2AHIC",,,,,0,0.00,0,4,2,"","",""
0,"F Che, Y Zhou, M Liu, C Zhou, Z Liang, P De Luna, H Yuan, J Li, Z Wang, ...","CO2 Electroreduction on Cu Catalysts: Using Subsurface Chemistry to Enhance Catalytic Performance",2019,"2019 North American Catalysis Society Meeting","","","https://scholar.google.com",996,"2023-03-01 18:29:43","Conference paper","","","https://scholar.google.com/citations?view_op=view_citation&hl=en&user=-2OhI8YAAAAJ&cstart=900&pagesize=100&citation_for_view=-2OhI8YAAAAJ:F0CZgh39Fi0C",,,,,0,0.00,0,10,4,"","",""
0,"FPG DE ARQUER, D Cao-Thang, A Ozden, J Wicks, D Sinton, E Sargent","Catalyst-ionomer systems and methods for gas-phase electrolysis",2022,"US Patent App. 17/773,920","","","https://scholar.google.com",922,"2023-03-01 18:29:43","Patent","","","https://scholar.google.com/citations?view_op=view_citation&hl=en&user=-2OhI8YAAAAJ&cstart=900&pagesize=100&citation_for_view=-2OhI8YAAAAJ:7N_8t4gx0K8C",,,,,0,0.00,0,6,1,"","",""
0,"H Choubisa, J Abed, D Mendoza, H Matsumura, M Sugimura, Z Yao, ...","Accelerated chemical space search using a quantum-inspired cluster expansion approach",2023,"Matter","","","https://scholar.google.com",912,"2023-03-01 18:29:43","Journal article","","","https://scholar.google.com/citations?view_op=view_citation&hl=en&user=-2OhI8YAAAAJ&cstart=900&pagesize=100&citation_for_view=-2OhI8YAAAAJ:zJAXUfKFhq0C",6,2,605,625,0,0.00,0,7,1,"","",""
0,"H Lim, D Kim, MJ Choi, EH Sargent, YS Jung, JY Kim","Quantum‐Dot Solar Cells: Suppressing Interfacial Dipoles to Minimize Open‐Circuit Voltage Loss in Quantum Dot Photovoltaics (Adv. Energy Mater. 48/2019)",2019,"Advanced Energy Materials","","","https://scholar.google.com",990,"2023-03-01 18:29:43","Journal article","","","https://scholar.google.com/citations?view_op=view_citation&hl=en&user=-2OhI8YAAAAJ&cstart=900&pagesize=100&citation_for_view=-2OhI8YAAAAJ:pwA0zy_liR0C",9,48,1970188,1970188,0,0.00,0,6,4,"","",""
0,"H Wan, F Jia, F Dinic, M Imran, B Rehl, Y Liu, W Paritmongkol, P Xia, ...","Enhanced Blue Emission in Rb2HfCl6 Double Perovskite via Bi3+ Doping and Cs+ Alloying",2023,"Chemistry of Materials","","","https://scholar.google.com",915,"2023-03-01 18:29:43","","","","https://scholar.google.com/citations?view_op=view_citation&hl=en&user=-2OhI8YAAAAJ&cstart=900&pagesize=100&citation_for_view=-2OhI8YAAAAJ:rr29yNp9FasC",,,,,0,0.00,0,9,1,"","",""
0,"IC Ivanov, EH Sargent, H Tian","Materials, fabrication equipment, and methods for stable, sensitive photodetectors and image sensors made therefrom",2019,"US Patent 10,516,072","","","https://scholar.google.com",986,"2023-03-01 18:29:43","Patent","","","https://scholar.google.com/citations?view_op=view_citation&hl=en&user=-2OhI8YAAAAJ&cstart=900&pagesize=100&citation_for_view=-2OhI8YAAAAJ:U3qCfcK-7lkC",,,,,0,0.00,0,3,4,"","",""
0,"J Abed, J Heras-Domingo, M Luo, R Sanspeur, W Alnoush, D Meira, ...","Multi-Descriptor Design of Ruthenium Catalysts for Durable Acidic Water Oxidation",2023,"","","","https://scholar.google.com",917,"2023-03-01 18:29:43","","","","https://scholar.google.com/citations?view_op=view_citation&hl=en&user=-2OhI8YAAAAJ&cstart=900&pagesize=100&citation_for_view=-2OhI8YAAAAJ:kGbpvR7Ecy8C",,,,,0,0.00,0,7,1,"","",""
0,"J Abed, S Thorpe, E Sargent","Dealloying Ni-Co-Se Electrocatalysts for Efficient and Stable Oxygen Evolution at High Current Densities",2021,"Electrochemical Society Meeting Abstracts","","","https://scholar.google.com",964,"2023-03-01 18:29:43","Abstract","","","https://scholar.google.com/citations?view_op=view_citation&hl=en&user=-2OhI8YAAAAJ&cstart=900&pagesize=100&citation_for_view=-2OhI8YAAAAJ:PQ6BjWB6CiEC",239,,1848,1848,0,0.00,0,3,2,"","",""
0,"J Li, F Che, Y Pang, C Zou, JY Howe, T Burdyny, JP Edwards, Y Wang, ...","Copper adparticle enabled selective electrosynthesis of n-propanol (vol 17, pg 125, 2020)",2020,"NATURE COMMUNICATIONS","","","https://scholar.google.com",981,"2023-03-01 18:29:43","Journal article","","","https://scholar.google.com/citations?view_op=view_citation&hl=en&user=-2OhI8YAAAAJ&cstart=900&pagesize=100&citation_for_view=-2OhI8YAAAAJ:_u2aKJ9e-CoC",11,1,,,0,0.00,0,9,3,"","",""
0,"J Li, F Che, Y Pang, C Zou, JY Howe, T Burdyny, JP Edwards, Y Wang, ...","Publisher Correction: Copper adparticle enabled selective electrosynthesis of n-propanol",2020,"Nature communications","","","https://scholar.google.com",985,"2023-03-01 18:29:43","Journal article","","","https://scholar.google.com/citations?view_op=view_citation&hl=en&user=-2OhI8YAAAAJ&cstart=900&pagesize=100&citation_for_view=-2OhI8YAAAAJ:n1qY4L4uFdgC",11,,,,0,0.00,0,9,3,"","",""
0,"J Tang, A Pattantyus-Abraham, I Kramer, A Barkhouse, X Wang, ...","Photovoltaic devices with depleted heterojunctions and shell-passivated nanoparticles",2020,"US Patent 10,784,388","","","https://scholar.google.com",974,"2023-03-01 18:29:43","Patent","","","https://scholar.google.com/citations?view_op=view_citation&hl=en&user=-2OhI8YAAAAJ&cstart=900&pagesize=100&citation_for_view=-2OhI8YAAAAJ:mel-f30kHHgC",,,,,0,0.00,0,6,3,"","",""
0,"JA Steele, T Braeckevelt, V Prakasam, G Degutis, H Yuan, H Jin, ...","An embedded interfacial network stabilizes inorganic CsPbI3 perovskite thin films",2022,"Nature Communications","","","https://scholar.google.com",923,"2023-03-01 18:29:43","Journal article","","","https://scholar.google.com/citations?view_op=view_citation&hl=en&user=-2OhI8YAAAAJ&cstart=900&pagesize=100&citation_for_view=-2OhI8YAAAAJ:uHQrz-U2knEC",13,1,7513,7513,0,0.00,0,7,1,"","",""
0,"JG Sargent, GT Buss, MP Cushman, TP Pollock, HK Bergstrom","Composite and method for making",2021,"US Patent 11,034,129","","","https://scholar.google.com",961,"2023-03-01 18:29:43","Patent","","","https://scholar.google.com/citations?view_op=view_citation&hl=en&user=-2OhI8YAAAAJ&cstart=900&pagesize=100&citation_for_view=-2OhI8YAAAAJ:OqYjx1B7R3oC",,,,,0,0.00,0,5,2,"","",""
0,"JG Sargent, MP Cushman, MJ Lussier, JM McMartin","Architectural membrane",2020,"US Patent 10,751,973","","","https://scholar.google.com",975,"2023-03-01 18:29:43","Patent","","","https://scholar.google.com/citations?view_op=view_citation&hl=en&user=-2OhI8YAAAAJ&cstart=900&pagesize=100&citation_for_view=-2OhI8YAAAAJ:m4fbC6XIj1kC",,,,,0,0.00,0,4,3,"","",""
0,"JP Edwards, T Alerte, CM Gabardo, CP O'Brien, A Gaona, J Wicks, ...","(Digital Presentation) Assessing the Energy Intensity of Product Purification in CO2 Electrolysis",2022,"Electrochemical Society Meeting Abstracts","","","https://scholar.google.com",935,"2023-03-01 18:29:43","Abstract","","","https://scholar.google.com/citations?view_op=view_citation&hl=en&user=-2OhI8YAAAAJ&cstart=900&pagesize=100&citation_for_view=-2OhI8YAAAAJ:AUmYgNQ2pq4C",241,,2445,2445,0,0.00,0,7,1,"","",""
0,"JP Edwards, Y Xu, CM Gabardo, CT Dinh, J Li, ZB Qi, EH Sargent, ...","Efficient Electroreduction of CO2 in an Ultra-Slim Pressurized Electrolyzer",2019,"Electrochemical Society Meeting Abstracts","","","https://scholar.google.com",999,"2023-03-01 18:29:43","Abstract","","","https://scholar.google.com/citations?view_op=view_citation&hl=en&user=-2OhI8YAAAAJ&cstart=900&pagesize=100&citation_for_view=-2OhI8YAAAAJ:i8eIfGGcn98C",235,,1580,1580,0,0.00,0,8,4,"","",""
0,"L Gao, LN Quan, FP de Arquer, Y Zhao, R Munir, A Proppe, ...","Efficient near-infrared light-emitting diodes based on quantum dots in layered perovskite (vol 13, pg 158, 2020)",2020,"NATURE PHOTONICS","","","https://scholar.google.com",978,"2023-03-01 18:29:43","Journal article","","","https://scholar.google.com/citations?view_op=view_citation&hl=en&user=-2OhI8YAAAAJ&cstart=900&pagesize=100&citation_for_view=-2OhI8YAAAAJ:5bFWG3eDk9wC",14,7,459,459,0,0.00,0,7,3,"","",""
0,"L Huang, G Gao, C Yang, XY Li, RK Miao, Y Xue, K Xie, P Ou, C Yavuz, ...","Pressure dependence in aqueous-based electrochemical CO2 reduction",2022,"","","","https://scholar.google.com",924,"2023-03-01 18:29:43","","","","https://scholar.google.com/citations?view_op=view_citation&hl=en&user=-2OhI8YAAAAJ&cstart=900&pagesize=100&citation_for_view=-2OhI8YAAAAJ:iWMDS-dds2cC",,,,,0,0.00,0,10,1,"","",""
0,"L Luo, H Zeng, Z Wang, M Li, S You, B Chen, A Maxwell, C Wang, S Li, ...","Crosslinked ion diffusion inhibitors stabilize 3D/2D perovskite heterostructures for efficient and stable photovoltaics",2022,"","","","https://scholar.google.com",934,"2023-03-01 18:29:43","","","","https://scholar.google.com/citations?view_op=view_citation&hl=en&user=-2OhI8YAAAAJ&cstart=900&pagesize=100&citation_for_view=-2OhI8YAAAAJ:I__7AI8a974C",,,,,0,0.00,0,10,1,"","",""
0,"L Luo, H Zeng, Z Wang, M Li, S You, B Chen, A Maxwell, Q An, L Cui, ...","Stabilization of 3D/2D perovskite heterostructures via inhibition of ion diffusion by cross-linked polymers for solar cells with improved performance",2023,"Nature Energy","","","https://scholar.google.com",911,"2023-03-01 18:29:43","Book chapter","","","https://scholar.google.com/citations?view_op=view_citation&hl=en&user=-2OhI8YAAAAJ&cstart=900&pagesize=100&citation_for_view=-2OhI8YAAAAJ:z2g7kDSNNyoC",,,1,10,0,0.00,0,10,1,"","",""
0,"LJ Richter, AR Kirmani, FPG de Arquer, CT Dinh, A Ozden, J Wicks, ...","CO2 electrolysis to multicarbon products at activities greater than 1 A cm (-2)",2019,"Lee J. Richter, Ahmad R","Kirmani, FP Garcia de Arquer, Cao-Thang Dinh, Adnan …","","https://scholar.google.com",987,"2023-03-01 18:29:43","","","","https://scholar.google.com/citations?view_op=view_citation&hl=en&user=-2OhI8YAAAAJ&cstart=900&pagesize=100&citation_for_view=-2OhI8YAAAAJ:OkrdTXRNpVkC",,,,,0,0.00,0,7,4,"","",""
0,"LJ Richter, AR Kirmani, X Wang, W Ziyuan, D Cao-Thang, L Jun, ...","Efficient upgrading of CO to C3 fuel using asymmetric CC coupling active sites",2019,"Lee J. Richter, Ahmad R","Kirmani, Xue Wang, Wang Ziyuan, Dinh Cao-Thang, Li …","","https://scholar.google.com",991,"2023-03-01 18:29:43","","","","https://scholar.google.com/citations?view_op=view_citation&hl=en&user=-2OhI8YAAAAJ&cstart=900&pagesize=100&citation_for_view=-2OhI8YAAAAJ:yeKNu01O_4gC",,,,,0,0.00,0,7,4,"","",""
0,"LN Quan, EH Sargent, SS Jang, I Lee, A Bibi, Y Nah, DH Kim","51.3: Invited Paper: Perovskite Light Emitters via Dimensional and Structural Control",2019,"SID Symposium Digest of Technical Papers","","","https://scholar.google.com",992,"2023-03-01 18:29:43","Conference paper","","","https://scholar.google.com/citations?view_op=view_citation&hl=en&user=-2OhI8YAAAAJ&cstart=900&pagesize=100&citation_for_view=-2OhI8YAAAAJ:Weau3kkTRIMC",50,,568,568,0,0.00,0,7,4,"","",""
0,"LN Quan, FPG DE ARQUER, RP SABATINI, S Hoogland, E Sargent","Quasi two-dimensional layered perovskite material, related devices and methods for manufacturing the same",2019,"","","","https://scholar.google.com",1000,"2023-03-01 18:29:43","","","","https://scholar.google.com/citations?view_op=view_citation&hl=en&user=-2OhI8YAAAAJ&cstart=900&pagesize=100&citation_for_view=-2OhI8YAAAAJ:JaLtl8ASYokC",,,,,0,0.00,0,5,4,"","",""
0,"M Labib, EH Sargent, SO Kelley","Method for determination of cellular mrna",2021,"US Patent App. 16/639,433","","","https://scholar.google.com",967,"2023-03-01 18:29:43","Patent","","","https://scholar.google.com/citations?view_op=view_citation&hl=en&user=-2OhI8YAAAAJ&cstart=900&pagesize=100&citation_for_view=-2OhI8YAAAAJ:5kvG9DmRKWYC",,,,,0,0.00,0,3,2,"","",""
0,"M Liu, Y Chen, FPG DE ARQUER, B Sun, S HOOGLAND, EH Sargent","Lattice anchoring stabilizes solution-processed semiconductors",2022,"US Patent App. 17/287,629","","","https://scholar.google.com",942,"2023-03-01 18:29:43","Patent","","","https://scholar.google.com/citations?view_op=view_citation&hl=en&user=-2OhI8YAAAAJ&cstart=900&pagesize=100&citation_for_view=-2OhI8YAAAAJ:CzVmvSWNoUEC",,,,,0,0.00,0,6,1,"","",""
0,"M Poudineh, M Labib, EH Sargent, SO Kelley","Two-dimensional profiling of cancer cell subpopulations",2020,"21st International Conference on Miniaturized Systems for Chemistry and Life …","","","https://scholar.google.com",982,"2023-03-01 18:29:43","Conference paper","","","https://scholar.google.com/citations?view_op=view_citation&hl=en&user=-2OhI8YAAAAJ&cstart=900&pagesize=100&citation_for_view=-2OhI8YAAAAJ:R1TrASrH5esC",,,,,0,0.00,0,4,3,"","",""
0,"M Saidaminov, J Kim, A Jain, O Voznyy, EH Sargent","Doped metal halide perovskites with improved stability and solar cells comprising same",2019,"","","","https://scholar.google.com",988,"2023-03-01 18:29:43","","","","https://scholar.google.com/citations?view_op=view_citation&hl=en&user=-2OhI8YAAAAJ&cstart=900&pagesize=100&citation_for_view=-2OhI8YAAAAJ:esGtpfCv0y8C",,,,,0,0.00,0,5,4,"","",""
0,"M Zhong, C Wang, MIN Yimeng, IP Alexander, E Sargent","Catalysts for electrochemical CO2 reduction and associated methods",2021,"US Patent 11,173,477","","","https://scholar.google.com",953,"2023-03-01 18:29:43","Patent","","","https://scholar.google.com/citations?view_op=view_citation&hl=en&user=-2OhI8YAAAAJ&cstart=900&pagesize=100&citation_for_view=-2OhI8YAAAAJ:8EvVLpklxGMC",,,,,0,0.00,0,5,2,"","",""
0,"MIN Jihyun, EJ Jang, EH Sargent, HS Jang, MI Saidaminov, S Hoogland, ...","Semiconductor nanocrystal particle and production methods thereof",2022,"US Patent App. 17/727,940","","","https://scholar.google.com",932,"2023-03-01 18:29:43","Patent","","","https://scholar.google.com/citations?view_op=view_citation&hl=en&user=-2OhI8YAAAAJ&cstart=900&pagesize=100&citation_for_view=-2OhI8YAAAAJ:TPlbvKeUp3cC",,,,,0,0.00,0,7,1,"","",""
0,"MIN Jihyun, EJ Jang, EH Sargent, HS Jang, MI Saidaminov, S Hoogland, ...","Semiconductor nanocrystal particle and production methods thereof",2022,"US Patent 11,312,904","","","https://scholar.google.com",940,"2023-03-01 18:29:43","Patent","","","https://scholar.google.com/citations?view_op=view_citation&hl=en&user=-2OhI8YAAAAJ&cstart=900&pagesize=100&citation_for_view=-2OhI8YAAAAJ:Jxw8hHINxX0C",,,,,0,0.00,0,7,1,"","",""
0,"MJ Choi, FPG DE ARQUER, S HOOGLAND, EH Sargent","Cascade surface modification of colloidal quantum dot inks enables efficient bulk homojunction photovoltaics",2021,"US Patent App. 17/214,113","","","https://scholar.google.com",957,"2023-03-01 18:29:43","Patent","","","https://scholar.google.com/citations?view_op=view_citation&hl=en&user=-2OhI8YAAAAJ&cstart=900&pagesize=100&citation_for_view=-2OhI8YAAAAJ:T0nwzvlCxs8C",,,,,0,0.00,0,4,2,"","",""
0,"N Wang, P Ou, SF Hung, JE Huang, A Ozden, J Abed, I Grigioni, C Chen, ...","Strong‐Proton‐Adsorption Co‐based Electrocatalysts Achieve Active and Stable Neutral Seawater Splitting",2023,"Advanced Materials","","","https://scholar.google.com",913,"2023-03-01 18:29:43","Journal article","","","https://scholar.google.com/citations?view_op=view_citation&hl=en&user=-2OhI8YAAAAJ&cstart=900&pagesize=100&citation_for_view=-2OhI8YAAAAJ:Xnn2mF3JXD4C",2210057,,,,0,0.00,0,9,1,"","",""
0,"P Chen, J Hu, M Yu, P Li, R Su, Z Wang, L Zhao, S Li, Y Yang, Y Zhang, ...","Refining Perovskite Heterojunctions for Effective Light‐Emitting Solar Cells",2023,"Advanced Materials","","","https://scholar.google.com",919,"2023-03-01 18:29:43","Journal article","","","https://scholar.google.com/citations?view_op=view_citation&hl=en&user=-2OhI8YAAAAJ&cstart=900&pagesize=100&citation_for_view=-2OhI8YAAAAJ:q1ZQJjUA47MC",35,3,2208178,2208178,0,0.00,0,11,1,"","",""
0,"P De Luna, C Hahn, D Higgins, SA Jaffer, TF Jaramillo, EH Sargent","What would it take for renewably powered electrosynthesis to displace petrochemical processes?(vol 364, eaav3506, 2019)",2020,"Science","","","https://scholar.google.com",984,"2023-03-01 18:29:43","Journal article","","","https://scholar.google.com/citations?view_op=view_citation&hl=en&user=-2OhI8YAAAAJ&cstart=900&pagesize=100&citation_for_view=-2OhI8YAAAAJ:wTekDMGr9GkC",367,6482,,,0,0.00,0,6,3,"","",""
0,"Q Wu, X Gong, D Zhao, YB Zhao, F Cao, H Wang, S Wang, J Zhang, ...","Efficient Tandem Quantum‐Dot LEDs Enabled by An Inorganic Semiconductor‐Metal‐Dielectric Interconnecting Layer Stack (Adv. Mater. 4/2022)",2022,"Advanced Materials","","","https://scholar.google.com",950,"2023-03-01 18:29:43","Journal article","","","https://scholar.google.com/citations?view_op=view_citation&hl=en&user=-2OhI8YAAAAJ&cstart=900&pagesize=100&citation_for_view=-2OhI8YAAAAJ:FmXltp8y-ZkC",34,4,2270034,2270034,0,0.00,0,9,1,"","",""
0,"S Hoogland, GW Walters, Y Gao, EH Sargent","Hybrid organic-inorganic perovskite-structured crystals as electro-optic materials",2021,"US Patent App. 17/067,213","","","https://scholar.google.com",951,"2023-03-01 18:29:43","Patent","","","https://scholar.google.com/citations?view_op=view_citation&hl=en&user=-2OhI8YAAAAJ&cstart=900&pagesize=100&citation_for_view=-2OhI8YAAAAJ:UwpDZDXJMDUC",,,,,0,0.00,0,4,2,"","",""
0,"S Kelley, E Sargent, M Poudineh, R Mohamadi, P Aldridge","Device for magnetic profiling of particles in a flow",2020,"US Patent 10,809,180","","","https://scholar.google.com",973,"2023-03-01 18:29:43","Patent","","","https://scholar.google.com/citations?view_op=view_citation&hl=en&user=-2OhI8YAAAAJ&cstart=900&pagesize=100&citation_for_view=-2OhI8YAAAAJ:Q3-QASNKTMEC",,,,,0,0.00,0,5,3,"","",""
0,"S KINGE, FPG DE ARQUER, LN QUAN, L Gao, Z Yang, E Sargent","Method for preparing quantum-dot-in-layered-perovskite heterostructured energy funnels",2020,"","","","https://scholar.google.com",980,"2023-03-01 18:29:43","","","","https://scholar.google.com/citations?view_op=view_citation&hl=en&user=-2OhI8YAAAAJ&cstart=900&pagesize=100&citation_for_view=-2OhI8YAAAAJ:vkDViGfkvYEC",,,,,0,0.00,0,6,3,"","",""
0,"S Kinge, XU Jixian, B Sutherland, S Hoogland, E Sargent","Atomic layer deposition of lead sulfide for infrared optoelectronic devices",2020,"US Patent 10,826,005","","","https://scholar.google.com",972,"2023-03-01 18:29:43","Patent","","","https://scholar.google.com/citations?view_op=view_citation&hl=en&user=-2OhI8YAAAAJ&cstart=900&pagesize=100&citation_for_view=-2OhI8YAAAAJ:ynsZFq2pu0MC",,,,,0,0.00,0,5,3,"","",""
0,"S Kinge, Z Yang, O Voznyy, S Hoogland, E Sargent","All quantum dot based optoelectronic device",2021,"US Patent 10,897,023","","","https://scholar.google.com",968,"2023-03-01 18:29:43","Patent","","","https://scholar.google.com/citations?view_op=view_citation&hl=en&user=-2OhI8YAAAAJ&cstart=900&pagesize=100&citation_for_view=-2OhI8YAAAAJ:TeJ9juy8vcMC",,,,,0,0.00,0,5,2,"","",""
0,"S Lee, SM Park, ED Jung, T Zhu, JM Pina, H Anwar, FY Wu, GL Chen, ...","Dipole Engineering through the Orientation of Interface Molecules for Efficient InP Quantum Dot Light-Emitting Diodes",2022,"Journal of the American Chemical Society","","","https://scholar.google.com",927,"2023-03-01 18:29:43","Journal article","","","https://scholar.google.com/citations?view_op=view_citation&hl=en&user=-2OhI8YAAAAJ&cstart=900&pagesize=100&citation_for_view=-2OhI8YAAAAJ:lAfYOIClFDQC",144,45,20923,20930,0,0.00,0,9,1,"","",""
0,"S Wang, T Zhu, R Sabatini, AM Najarian, M Imran, R Zhao, P Xia, L Zeng, ...","Engineering Electro‐Optic BaTiO3 Nanocrystals via Efficient Doping",2022,"Advanced Materials","","","https://scholar.google.com",930,"2023-03-01 18:29:43","Journal article","","","https://scholar.google.com/citations?view_op=view_citation&hl=en&user=-2OhI8YAAAAJ&cstart=900&pagesize=100&citation_for_view=-2OhI8YAAAAJ:5Klqo5HVOaoC",34,47,2207261,2207261,0,0.00,0,9,1,"","",""
0,"SO Kelley, E Sargent, D Philpott, P Aldridge, S Angers, J Moffat, B Mair, ...","Microfluidic devices and methods of use",2021,"US Patent App. 17/260,099","","","https://scholar.google.com",956,"2023-03-01 18:29:43","Patent","","","https://scholar.google.com/citations?view_op=view_citation&hl=en&user=-2OhI8YAAAAJ&cstart=900&pagesize=100&citation_for_view=-2OhI8YAAAAJ:bYbwfsIO_fQC",,,,,0,0.00,0,8,2,"","",""
0,"SO Kelley, EH Sargent, JD Besant","Electrochemical metabolic activity detecting device",2021,"US Patent 10,888,864","","","https://scholar.google.com",970,"2023-03-01 18:29:43","Patent","","","https://scholar.google.com/citations?view_op=view_citation&hl=en&user=-2OhI8YAAAAJ&cstart=900&pagesize=100&citation_for_view=-2OhI8YAAAAJ:H-3wYkpcA84C",,,,,0,0.00,0,3,2,"","",""
0,"SUN Meng-Jia, C Zheng, S Hoogland, EH Sargent","Highly polarizable metal-free perovskite electro-optic materials",2022,"US Patent App. 17/464,598","","","https://scholar.google.com",943,"2023-03-01 18:29:43","Patent","","","https://scholar.google.com/citations?view_op=view_citation&hl=en&user=-2OhI8YAAAAJ&cstart=900&pagesize=100&citation_for_view=-2OhI8YAAAAJ:vJdfVD8-6ZYC",,,,,0,0.00,0,4,1,"","",""
0,"T Agapie, A Rosas-hernandez, LI Fengwang, JC Peters, EH Sargent, ...","Stabilization of a co-bound intermediate via molecular tuning promotes co2-to-ethylene conversion",2021,"US Patent App. 16/925,833","","","https://scholar.google.com",965,"2023-03-01 18:29:43","Patent","","","https://scholar.google.com/citations?view_op=view_citation&hl=en&user=-2OhI8YAAAAJ&cstart=900&pagesize=100&citation_for_view=-2OhI8YAAAAJ:cUMtEw7vMgQC",,,,,0,0.00,0,6,2,"","",""
0,"T Kose, CP O'Brien, J Wicks, J Abed, YC Xiao, B Sutherland, A Sarkar, ...","High-throughput parallelized testing of membrane electrode assemblies for CO 2 reduction",2022,"Catalysis Science &Technology","","","https://scholar.google.com",949,"2023-03-01 18:29:43","Journal article","","","https://scholar.google.com/citations?view_op=view_citation&hl=en&user=-2OhI8YAAAAJ&cstart=900&pagesize=100&citation_for_view=-2OhI8YAAAAJ:ewB7xoWXMOgC",12,20,6239,6245,0,0.00,0,8,1,"","",""
0,"T Peng, T Zhuang, Y Yan, J Qian, G Dick, JB de Bueren, SF Hung, ...","Selective electrocatalytic hydrogenation of bio-oil to oxygenated chemicals via suppression of deoxygenation",2021,"","","","https://scholar.google.com",969,"2023-03-01 18:29:43","","","","https://scholar.google.com/citations?view_op=view_citation&hl=en&user=-2OhI8YAAAAJ&cstart=900&pagesize=100&citation_for_view=-2OhI8YAAAAJ:pxLfhFzThFYC",,,,,0,0.00,0,8,2,"","",""
0,"T Zhu, S Teale, L Grater, ES Vasileiadou, J Sharir-Smith, B Chen, ...","Coupling photogeneration with thermodynamic modeling of light-induced alloy segregation enables the discovery of stabilizing dopants",2023,"arXiv preprint arXiv:2301.","","","https://scholar.google.com",914,"2023-03-01 18:29:43","Preprint","","","https://scholar.google.com/citations?view_op=view_citation&hl=en&user=-2OhI8YAAAAJ&cstart=900&pagesize=100&citation_for_view=-2OhI8YAAAAJ:i9B0nK2ie9AC",12627,,,,0,0.00,0,7,1,"","",""
0,"TAN Hairen, LAN Xinzheng, Z Yang, S Hoogland, E Sargent","Contact passivation for perovskite optoelectronics",2022,"US Patent 11,309,138","","","https://scholar.google.com",941,"2023-03-01 18:29:43","Patent","","","https://scholar.google.com/citations?view_op=view_citation&hl=en&user=-2OhI8YAAAAJ&cstart=900&pagesize=100&citation_for_view=-2OhI8YAAAAJ:L7vk9XBBNxgC",,,,,0,0.00,0,5,1,"","",""
0,"TT Zhuang, ZQ Liang, A Seifitokaldani, Y Li, P De Luna, T Burdyny, F Che, ...","Author Correction: Steering post-C–C coupling selectivity enables high efficiency electroreduction of carbon dioxide to multi-carbon alcohols",2022,"Nature Catalysis","","","https://scholar.google.com",938,"2023-03-01 18:29:43","Journal article","","","https://scholar.google.com/citations?view_op=view_citation&hl=en&user=-2OhI8YAAAAJ&cstart=900&pagesize=100&citation_for_view=-2OhI8YAAAAJ:2C0LhDdYSbcC",5,6,578,579,0,0.00,0,8,1,"","",""
0,"V Adinolfi, E Sargent","Photovoltage Field-Effect Transistor",2021,"US Patent 11,164,988","","","https://scholar.google.com",954,"2023-03-01 18:29:43","Patent","","","https://scholar.google.com/citations?view_op=view_citation&hl=en&user=-2OhI8YAAAAJ&cstart=900&pagesize=100&citation_for_view=-2OhI8YAAAAJ:Q_E8KsG3g9MC",,,,,0,0.00,0,2,2,"","",""
0,"W Peixi, AM Najjarian, S Hoogland, EH Sargent","2d organic-inorganic hybrid perovskites and uses thereof",2022,"US Patent App. 17/464,630","","","https://scholar.google.com",945,"2023-03-01 18:29:43","Patent","","","https://scholar.google.com/citations?view_op=view_citation&hl=en&user=-2OhI8YAAAAJ&cstart=900&pagesize=100&citation_for_view=-2OhI8YAAAAJ:pZYLKkizsIQC",,,,,0,0.00,0,4,1,"","",""
0,"W Yuhang, E Sargent","Electrocatalysts synthesized under co2 electroreduction and related methods and uses",2022,"US Patent App. 17/608,713","","","https://scholar.google.com",936,"2023-03-01 18:29:43","Patent","","","https://scholar.google.com/citations?view_op=view_citation&hl=en&user=-2OhI8YAAAAJ&cstart=900&pagesize=100&citation_for_view=-2OhI8YAAAAJ:1HYIo8DVeu0C",,,,,0,0.00,0,2,1,"","",""
0,"X Jiang, H Li, Q Zhou, Q Wei, M Wei, L Jiang, Z Wang, Z Peng, F Wang, ...","One-Step Synthesis of SnI₂·(DMSO) ₓ Adducts for High-Performance Tin Perovskite Solar Cells",2021,"","","","https://scholar.google.com",971,"2023-03-01 18:29:43","","","","https://scholar.google.com/citations?view_op=view_citation&hl=en&user=-2OhI8YAAAAJ&cstart=900&pagesize=100&citation_for_view=-2OhI8YAAAAJ:o_fBUN_Or78C",,,,,0,0.00,0,10,2,"","",""
0,"X Wang, E Sargent","Upgrading of co to c3 products using multi-metallic electroreduction catalysts with assymetric active sites",2022,"US Patent App. 17/779,965","","","https://scholar.google.com",920,"2023-03-01 18:29:43","Patent","","","https://scholar.google.com/citations?view_op=view_citation&hl=en&user=-2OhI8YAAAAJ&cstart=900&pagesize=100&citation_for_view=-2OhI8YAAAAJ:A5aiAONn640C",,,,,0,0.00,0,2,1,"","",""
0,"X Wang, E Sargent","Catalyst and method for electroreduction of carbon dioxide, carbon monoxide, or a combination thereof",2022,"US Patent App. 17/740,193","","","https://scholar.google.com",925,"2023-03-01 18:29:43","Patent","","","https://scholar.google.com/citations?view_op=view_citation&hl=en&user=-2OhI8YAAAAJ&cstart=900&pagesize=100&citation_for_view=-2OhI8YAAAAJ:4DpXlaHga4wC",,,,,0,0.00,0,2,1,"","",""
0,"Y Kim, CHE Fanglin, JW JO, J Choi, FPG DE ARQUER, S HOOGLAND, ...","Passivation of nanocrystals tailored to different facets, and its application to optoelectronic devices",2021,"US Patent App. 17/055,052","","","https://scholar.google.com",959,"2023-03-01 18:29:43","Patent","","","https://scholar.google.com/citations?view_op=view_citation&hl=en&user=-2OhI8YAAAAJ&cstart=900&pagesize=100&citation_for_view=-2OhI8YAAAAJ:HKuYlFsi-qEC",,,,,0,0.00,0,7,2,"","",""
0,"Y Li, CT Dinh, Z Wang, E Sargent","Rationally guided design of electrocatalysts and systems for CO2-to-fuels using renewable electricity",2019,"ABSTRACTS OF PAPERS OF THE AMERICAN CHEMICAL SOCIETY","","","https://scholar.google.com",995,"2023-03-01 18:29:43","Abstract","","","https://scholar.google.com/citations?view_op=view_citation&hl=en&user=-2OhI8YAAAAJ&cstart=900&pagesize=100&citation_for_view=-2OhI8YAAAAJ:gxb_f1p9zx4C",258,,,,0,0.00,0,4,4,"","",""
0,"Y Liu, A Khusnutdinova, J Chen, D Crisante, K Batyrova, K Raj, M Feigis, ...","Systems engineering of Escherichia coli for n-butane production",2022,"Metabolic Engineering","","","https://scholar.google.com",929,"2023-03-01 18:29:43","Journal article","","","https://scholar.google.com/citations?view_op=view_citation&hl=en&user=-2OhI8YAAAAJ&cstart=900&pagesize=100&citation_for_view=-2OhI8YAAAAJ:hEp1lTclR2YC",74,,98,107,0,0.00,0,8,1,"","",""
0,"Y Zhao, L Hao, A Ozden, S Liu, RK Miao, P Ou, T Alkayyali, S Zhang, ...","Conversion of CO2 to multicarbon products in strong acid by controlling the catalyst microenvironment",2023,"Nature Synthesis","","","https://scholar.google.com",910,"2023-03-01 18:29:43","Book chapter","","","https://scholar.google.com/citations?view_op=view_citation&hl=en&user=-2OhI8YAAAAJ&cstart=900&pagesize=100&citation_for_view=-2OhI8YAAAAJ:hbz17DqrwuEC",,,1,10,0,0.00,0,9,1,"","",""
0,"Y Zhou, F Che, M Liu, C Zou, Z Liang, P De Luna, H Yuan, J Li, Z Wang, ...","Dopant-induced electron localization drives CO2 reduction to C-2 hydrocarbons (vol 10, pg 974, 2018)",2019,"Nature Chemistry","","","https://scholar.google.com",989,"2023-03-01 18:29:43","Journal article","","","https://scholar.google.com/citations?view_op=view_citation&hl=en&user=-2OhI8YAAAAJ&cstart=900&pagesize=100&citation_for_view=-2OhI8YAAAAJ:ie8Y0QrpMWAC",11,12,,,0,0.00,0,10,4,"","",""
0,"YC Li, G Lee, E Sargent","Conversion of carbonate into syngas or c2+ products in electrolysis cell",2022,"US Patent App. 17/608,684","","","https://scholar.google.com",937,"2023-03-01 18:29:43","Patent","","","https://scholar.google.com/citations?view_op=view_citation&hl=en&user=-2OhI8YAAAAJ&cstart=900&pagesize=100&citation_for_view=-2OhI8YAAAAJ:4_yl7nwqy4oC",,,,,0,0.00,0,3,1,"","",""
0,"YC Xiao, CM Gabardo, S Liu, G Lee, Y Zhao, CP O’Brien, RK Miao, Y Xu, ...","Direct carbonate electrolysis into pure syngas",2023,"EES Catalysis","","","https://scholar.google.com",918,"2023-03-01 18:29:43","","","","https://scholar.google.com/citations?view_op=view_citation&hl=en&user=-2OhI8YAAAAJ&cstart=900&pagesize=100&citation_for_view=-2OhI8YAAAAJ:7gse_HdimRUC",,,,,0,0.00,0,9,1,"","",""
0,"Z Ning, X Gong, R Comin, G Walters, F Fan, O Voznyy, E Yassitepe, ...","Reply to: Perovskite decomposition and missing crystal planes in HRTEM",2021,"Nature 594 (7862), E8-","","","https://scholar.google.com",962,"2023-03-01 18:29:43","Book chapter","","","https://scholar.google.com/citations?view_op=view_citation&hl=en&user=-2OhI8YAAAAJ&cstart=900&pagesize=100&citation_for_view=-2OhI8YAAAAJ:SZzxPo9m4nkC",,,9,,0,0.00,0,8,2,"","",""
0,"Z Wang, E Sargent","Tuning selectivity of ethylene and ethanol in CO2RR using density functional theory and micro-kinetic modelling",2019,"ABSTRACTS OF PAPERS OF THE AMERICAN CHEMICAL SOCIETY","","","https://scholar.google.com",994,"2023-03-01 18:29:43","Abstract","","","https://scholar.google.com/citations?view_op=view_citation&hl=en&user=-2OhI8YAAAAJ&cstart=900&pagesize=100&citation_for_view=-2OhI8YAAAAJ:xEMdJR0kL_sC",258,,,,0,0.00,0,2,4,"","",""
0,"Z Wang, H Wang, S Lin, S Ahmed, S Angers, EH Sargent, SO Kelley","Nanoparticle Amplification Labeling for High-Performance Magnetic Cell Sorting",2022,"Nano letters","","","https://scholar.google.com",939,"2023-03-01 18:29:43","Journal article","","","https://scholar.google.com/citations?view_op=view_citation&hl=en&user=-2OhI8YAAAAJ&cstart=900&pagesize=100&citation_for_view=-2OhI8YAAAAJ:PFhWnMnuT1QC",22,12,4774,4783,0,0.00,0,7,1,"","",""
