Cites,Authors,Title,Year,Source,Publisher,ArticleURL,CitesURL,GSRank,QueryDate,Type,DOI,ISSN,CitationURL,Volume,Issue,StartPage,EndPage,ECC,CitesPerYear,CitesPerAuthor,AuthorCount,Age,Abstract,FullTextURL,RelatedURL
2136,"A Swarnkar, AR Marshall, EM Sanehira, BD Chernomordik, DT Moore, ...","Quantum dot–induced phase stabilization of α-CsPbI3 perovskite for high-efficiency photovoltaics",2016,"Science","","","https://scholar.google.com/scholar?oi=bibs&hl=en&cites=2027761674114215231",1,"2023-03-01 19:04:25","Journal article","","","https://scholar.google.com/citations?view_op=view_citation&hl=en&user=-mZYUzsAAAAJ&pagesize=100&citation_for_view=-mZYUzsAAAAJ:p2g8aNsByqUC",354,6308,92,95,2136,305.14,356,6,7,"","",""
1804,"OE Semonin, JM Luther, S Choi, HY Chen, J Gao, AJ Nozik, MC Beard","Peak external photocurrent quantum efficiency exceeding 100% via MEG in a quantum dot solar cell",2011,"Science","","","https://scholar.google.com/scholar?oi=bibs&hl=en&cites=10267164508922016886",2,"2023-03-01 19:04:25","Journal article","","","https://scholar.google.com/citations?view_op=view_citation&hl=en&user=-mZYUzsAAAAJ&pagesize=100&citation_for_view=-mZYUzsAAAAJ:5nxA0vEk-isC",334,6062,1530,1533,1804,150.33,258,7,12,"","",""
1641,"JM Luther, PK Jain, T Ewers, AP Alivisatos","Localized surface plasmon resonances arising from free carriers in doped quantum dots",2011,"Nature materials","","","https://scholar.google.com/scholar?oi=bibs&hl=en&cites=9018820031790065226",3,"2023-03-01 19:04:25","Journal article","","","https://scholar.google.com/citations?view_op=view_citation&hl=en&user=-mZYUzsAAAAJ&pagesize=100&citation_for_view=-mZYUzsAAAAJ:ufrVoPGSRksC",10,5,361,366,1641,136.75,410,4,12,"","",""
1366,"AJ Nozik, MC Beard, JM Luther, M Law, RJ Ellingson, JC Johnson","Semiconductor quantum dots and quantum dot arrays and applications of multiple exciton generation to third-generation photovoltaic solar cells",2010,"Chemical reviews","","","https://scholar.google.com/scholar?oi=bibs&hl=en&cites=13729361793761383094",4,"2023-03-01 19:04:25","Journal article","","","https://scholar.google.com/citations?view_op=view_citation&hl=en&user=-mZYUzsAAAAJ&pagesize=100&citation_for_view=-mZYUzsAAAAJ:Y0pCki6q_DkC",110,11,6873,6890,1366,105.08,228,6,13,"","",""
1149,"JM Luther, M Law, MC Beard, Q Song, MO Reese, RJ Ellingson, AJ Nozik","Schottky solar cells based on colloidal nanocrystal films",2008,"Nano letters","","","https://scholar.google.com/scholar?oi=bibs&hl=en&cites=3654933866966741891",5,"2023-03-01 19:04:25","Journal article","","","https://scholar.google.com/citations?view_op=view_citation&hl=en&user=-mZYUzsAAAAJ&pagesize=100&citation_for_view=-mZYUzsAAAAJ:u-x6o8ySG0sC",8,10,3488,3492,1149,76.60,164,7,15,"","",""
1025,"MC Beard, KP Knutsen, P Yu, JM Luther, Q Song, WK Metzger, ...","Multiple exciton generation in colloidal silicon nanocrystals",2007,"Nano letters","","","https://scholar.google.com/scholar?oi=bibs&hl=en&cites=8798593491516562426",6,"2023-03-01 19:04:25","Journal article","","","https://scholar.google.com/citations?view_op=view_citation&hl=en&user=-mZYUzsAAAAJ&pagesize=100&citation_for_view=-mZYUzsAAAAJ:u5HHmVD_uO8C",7,8,2506,2512,1025,64.06,146,7,16,"","",""
854,"JM Luther, M Law, Q Song, CL Perkins, MC Beard, AJ Nozik","Structural, optical, and electrical properties of self-assembled films of PbSe nanocrystals treated with 1, 2-ethanedithiol",2008,"ACS nano","","","https://scholar.google.com/scholar?oi=bibs&hl=en&cites=6085432696309986105",7,"2023-03-01 19:04:25","Journal article","","","https://scholar.google.com/citations?view_op=view_citation&hl=en&user=-mZYUzsAAAAJ&pagesize=100&citation_for_view=-mZYUzsAAAAJ:d1gkVwhDpl0C",2,2,271,280,854,56.93,142,6,15,"","",""
829,"EM Sanehira, AR Marshall, JA Christians, SP Harvey, PN Ciesielski, ...","Enhanced mobility CsPbI3 quantum dot arrays for record-efficiency, high-voltage photovoltaic cells",2017,"Science advances 3 (10), eaao","","","https://scholar.google.com/scholar?oi=bibs&hl=en&cites=12732571889209502295",8,"2023-03-01 19:04:25","Journal article","","","https://scholar.google.com/citations?view_op=view_citation&hl=en&user=-mZYUzsAAAAJ&pagesize=100&citation_for_view=-mZYUzsAAAAJ:geHnlv5EZngC",4204,,,,829,138.17,138,6,6,"","",""
765,"Y Yang, DP Ostrowski, RM France, K Zhu, J Van De Lagemaat, JM Luther, ...","Observation of a hot-phonon bottleneck in lead-iodide perovskites",2016,"Nature Photonics","","","https://scholar.google.com/scholar?oi=bibs&hl=en&cites=12147260355814642432",9,"2023-03-01 19:04:25","Journal article","","","https://scholar.google.com/citations?view_op=view_citation&hl=en&user=-mZYUzsAAAAJ&pagesize=100&citation_for_view=-mZYUzsAAAAJ:NhqRSupF_l8C",10,1,53,59,765,109.29,109,7,7,"","",""
742,"JA Christians, P Schulz, JS Tinkham, TH Schloemer, SP Harvey, ...","Tailored interfaces of unencapsulated perovskite solar cells for> 1,000 hour operational stability",2018,"Nature Energy","","","https://scholar.google.com/scholar?oi=bibs&hl=en&cites=5079133395879147867",10,"2023-03-01 19:04:25","Journal article","","","https://scholar.google.com/citations?view_op=view_citation&hl=en&user=-mZYUzsAAAAJ&pagesize=100&citation_for_view=-mZYUzsAAAAJ:BrmTIyaxlBUC",3,1,68,74,742,148.40,124,6,5,"","",""
571,"MV Khenkin, EA Katz, A Abate, G Bardizza, JJ Berry, C Brabec, F Brunetti, ...","Consensus statement for stability assessment and reporting for perovskite photovoltaics based on ISOS procedures",2020,"Nature Energy","","","https://scholar.google.com/scholar?oi=bibs&hl=en&cites=8798586962617530146",11,"2023-03-01 19:04:25","Journal article","","","https://scholar.google.com/citations?view_op=view_citation&hl=en&user=-mZYUzsAAAAJ&pagesize=100&citation_for_view=-mZYUzsAAAAJ:VLnqNzywnoUC",5,1,35,49,571,190.33,71,8,3,"","",""
560,"W Ma, JM Luther, H Zheng, Y Wu, AP Alivisatos","Photovoltaic Devices Employing Ternary PbSxSe1-x Nanocrystals",2009,"Nano letters","","","https://scholar.google.com/scholar?oi=bibs&hl=en&cites=10666657875654198410",12,"2023-03-01 19:04:25","Journal article","","","https://scholar.google.com/citations?view_op=view_citation&hl=en&user=-mZYUzsAAAAJ&pagesize=100&citation_for_view=-mZYUzsAAAAJ:2osOgNQ5qMEC",9,4,1699,1703,560,40.00,112,5,14,"","",""
538,"J Xu, CC Boyd, ZJ Yu, AF Palmstrom, DJ Witter, BW Larson, RM France, ...","Triple-halide wide–band gap perovskites with suppressed phase segregation for efficient tandems",2020,"Science","","","https://scholar.google.com/scholar?oi=bibs&hl=en&cites=1638519892131335430",13,"2023-03-01 19:04:25","Journal article","","","https://scholar.google.com/citations?view_op=view_citation&hl=en&user=-mZYUzsAAAAJ&pagesize=100&citation_for_view=-mZYUzsAAAAJ:EkHepimYqZsC",367,6482,1097,1104,538,179.33,67,8,3,"","",""
521,"M Law, JM Luther, Q Song, BK Hughes, CL Perkins, AJ Nozik","Structural, optical, and electrical properties of PbSe nanocrystal solids treated thermally or with simple amines",2008,"Journal of the American Chemical Society","","","https://scholar.google.com/scholar?oi=bibs&hl=en&cites=10533991966973237191",14,"2023-03-01 19:04:25","Journal article","","","https://scholar.google.com/citations?view_op=view_citation&hl=en&user=-mZYUzsAAAAJ&pagesize=100&citation_for_view=-mZYUzsAAAAJ:9yKSN-GCB0IC",130,18,5974,5985,521,34.73,87,6,15,"","",""
478,"Y Zhao, K Thorkelsson, AJ Mastroianni, T Schilling, JM Luther, ...","Small-molecule-directed nanoparticle assembly towards stimuli-responsive nanocomposites",2009,"Nature materials","","","https://scholar.google.com/scholar?oi=bibs&hl=en&cites=2400396480880137384",15,"2023-03-01 19:04:25","Journal article","","","https://scholar.google.com/citations?view_op=view_citation&hl=en&user=-mZYUzsAAAAJ&pagesize=100&citation_for_view=-mZYUzsAAAAJ:UeHWp8X0CEIC",8,12,979,985,478,34.14,80,6,14,"","",""
446,"Y Yang, Y Yan, M Yang, S Choi, K Zhu, JM Luther, MC Beard","Low surface recombination velocity in solution-grown CH3NH3PbBr3 perovskite single crystal",2015,"Nature communications","","","https://scholar.google.com/scholar?oi=bibs&hl=en&cites=4271249195860995857",16,"2023-03-01 19:04:25","Journal article","","","https://scholar.google.com/citations?view_op=view_citation&hl=en&user=-mZYUzsAAAAJ&pagesize=100&citation_for_view=-mZYUzsAAAAJ:_xSYboBqXhAC",6,1,7961,7961,446,55.75,64,7,8,"","",""
439,"JM Luther, J Gao, MT Lloyd, OE Semonin, MC Beard, AJ Nozik","Stability assessment on a 3% bilayer PbS/ZnO quantum dot heterojunction solar cell",2010,"Advanced materials","","","https://scholar.google.com/scholar?oi=bibs&hl=en&cites=14566246779453218413",17,"2023-03-01 19:04:25","Journal article","","","https://scholar.google.com/citations?view_op=view_citation&hl=en&user=-mZYUzsAAAAJ&pagesize=100&citation_for_view=-mZYUzsAAAAJ:W7OEmFMy1HYC",22,33,3704,3707,439,33.77,73,6,13,"","",""
431,"Z Li, C Xiao, Y Yang, SP Harvey, DH Kim, JA Christians, M Yang, ...","Extrinsic ion migration in perovskite solar cells",2017,"Energy &Environmental Science","","","https://scholar.google.com/scholar?oi=bibs&hl=en&cites=4815327068964930190",18,"2023-03-01 19:04:25","Journal article","","","https://scholar.google.com/citations?view_op=view_citation&hl=en&user=-mZYUzsAAAAJ&pagesize=100&citation_for_view=-mZYUzsAAAAJ:08ZZubdj9fEC",10,5,1234,1242,431,71.83,54,8,6,"","",""
428,"A Dey, J Ye, A De, E Debroye, SK Ha, E Bladt, AS Kshirsagar, Z Wang, ...","State of the art and prospects for halide perovskite nanocrystals",2021,"ACS nano","","","https://scholar.google.com/scholar?oi=bibs&hl=en&cites=1412199715287252572",19,"2023-03-01 19:04:25","Journal article","","","https://scholar.google.com/citations?view_op=view_citation&hl=en&user=-mZYUzsAAAAJ&pagesize=100&citation_for_view=-mZYUzsAAAAJ:PoWvk5oyLR8C",15,7,10775,10981,428,214.00,48,9,2,"","",""
393,"MC Beard, AG Midgett, MC Hanna, JM Luther, BK Hughes, AJ Nozik","Comparing multiple exciton generation in quantum dots to impact ionization in bulk semiconductors: implications for enhancement of solar energy conversion",2010,"Nano letters","","","https://scholar.google.com/scholar?oi=bibs&hl=en&cites=14650359435202569166",20,"2023-03-01 19:04:25","Journal article","","","https://scholar.google.com/citations?view_op=view_citation&hl=en&user=-mZYUzsAAAAJ&pagesize=100&citation_for_view=-mZYUzsAAAAJ:Tyk-4Ss8FVUC",10,8,3019,3027,393,30.23,66,6,13,"","",""
382,"MC Beard, JM Luther, OE Semonin, AJ Nozik","Third generation photovoltaics based on multiple exciton generation in quantum confined semiconductors",2013,"Accounts of chemical research","","","https://scholar.google.com/scholar?oi=bibs&hl=en&cites=14763448329035376942",21,"2023-03-01 19:04:25","Journal article","","","https://scholar.google.com/citations?view_op=view_citation&hl=en&user=-mZYUzsAAAAJ&pagesize=100&citation_for_view=-mZYUzsAAAAJ:r0BpntZqJG4C",46,6,1252,1260,382,38.20,96,4,10,"","",""
371,"JM Luther, H Zheng, B Sadtler, AP Alivisatos","Synthesis of PbS nanorods and other ionic nanocrystals of complex morphology by sequential cation exchange reactions",2009,"Journal of the American Chemical Society","","","https://scholar.google.com/scholar?oi=bibs&hl=en&cites=2550185542616706209",22,"2023-03-01 19:04:25","Journal article","","","https://scholar.google.com/citations?view_op=view_citation&hl=en&user=-mZYUzsAAAAJ&pagesize=100&citation_for_view=-mZYUzsAAAAJ:IjCSPb-OGe4C",131,46,16851,16857,371,26.50,93,4,14,"","",""
336,"J Gao, JM Luther, OE Semonin, RJ Ellingson, AJ Nozik, MC Beard","Quantum Dot Size Dependent J−V Characteristics in Heterojunction ZnO/PbS Quantum Dot Solar Cells",2011,"Nano letters","","","https://scholar.google.com/scholar?oi=bibs&hl=en&cites=7597782618722150689",23,"2023-03-01 19:04:25","Journal article","","","https://scholar.google.com/citations?view_op=view_citation&hl=en&user=-mZYUzsAAAAJ&pagesize=100&citation_for_view=-mZYUzsAAAAJ:_FxGoFyzp5QC",11,3,1002,1008,336,28.00,56,6,12,"","",""
315,"OE Semonin, JM Luther, MC Beard","Quantum dots for next-generation photovoltaics",2012,"Materials today","","","https://scholar.google.com/scholar?oi=bibs&hl=en&cites=7897060954233181233",24,"2023-03-01 19:04:25","Journal article","","","https://scholar.google.com/citations?view_op=view_citation&hl=en&user=-mZYUzsAAAAJ&pagesize=100&citation_for_view=-mZYUzsAAAAJ:iH-uZ7U-co4C",15,11,508,515,315,28.64,105,3,11,"","",""
304,"OE Semonin, JC Johnson, JM Luther, AG Midgett, AJ Nozik, MC Beard","Absolute photoluminescence quantum yields of IR-26 dye, PbS, and PbSe quantum dots",2010,"The journal of physical chemistry letters","","","https://scholar.google.com/scholar?oi=bibs&hl=en&cites=13278531651843758663",25,"2023-03-01 19:04:25","Journal article","","","https://scholar.google.com/citations?view_op=view_citation&hl=en&user=-mZYUzsAAAAJ&pagesize=100&citation_for_view=-mZYUzsAAAAJ:WF5omc3nYNoC",1,16,2445,2450,304,23.38,51,6,13,"","",""
304,"JM Luther, MC Beard, Q Song, M Law, RJ Ellingson, AJ Nozik","Multiple exciton generation in films of electronically coupled PbSe quantum dots",2007,"Nano Letters","","","https://scholar.google.com/scholar?oi=bibs&hl=en&cites=12519761611412145809",26,"2023-03-01 19:04:25","Journal article","","","https://scholar.google.com/citations?view_op=view_citation&hl=en&user=-mZYUzsAAAAJ&pagesize=100&citation_for_view=-mZYUzsAAAAJ:qjMakFHDy7sC",7,6,1779,1784,304,19.00,51,6,16,"","",""
301,"J Gao, CL Perkins, JM Luther, MC Hanna, HY Chen, OE Semonin, ...","n-Type transition metal oxide as a hole extraction layer in PbS quantum dot solar cells",2011,"Nano letters","","","https://scholar.google.com/scholar?oi=bibs&hl=en&cites=11378314134901273779",27,"2023-03-01 19:04:25","Journal article","","","https://scholar.google.com/citations?view_op=view_citation&hl=en&user=-mZYUzsAAAAJ&pagesize=100&citation_for_view=-mZYUzsAAAAJ:UebtZRa9Y70C",11,8,3263,3266,301,25.08,43,7,12,"","",""
293,"AF Palmstrom, GE Eperon, T Leijtens, R Prasanna, SN Habisreutinger, ...","Enabling flexible all-perovskite tandem solar cells",2019,"Joule","","","https://scholar.google.com/scholar?oi=bibs&hl=en&cites=15813980645401030426",28,"2023-03-01 19:04:25","Journal article","","","https://scholar.google.com/citations?view_op=view_citation&hl=en&user=-mZYUzsAAAAJ&pagesize=100&citation_for_view=-mZYUzsAAAAJ:Fu2w8maKXqMC",3,9,2193,2204,293,73.25,49,6,4,"","",""
289,"J Zhang, J Gao, EM Miller, JM Luther, MC Beard","Diffusion-Controlled Synthesis of PbS and PbSe Quantum Dots with in Situ Halide Passivation for Quantum Dot Solar Cells",2014,"ACS nano","","","https://scholar.google.com/scholar?oi=bibs&hl=en&cites=1433854443812688485",29,"2023-03-01 19:04:25","Journal article","","","https://scholar.google.com/citations?view_op=view_citation&hl=en&user=-mZYUzsAAAAJ&pagesize=100&citation_for_view=-mZYUzsAAAAJ:lSLTfruPkqcC",8,1,614,622,289,32.11,58,5,9,"","",""
274,"Q Zhao, A Hazarika, X Chen, SP Harvey, BW Larson, GR Teeter, J Liu, ...","High efficiency perovskite quantum dot solar cells with charge separating heterostructure",2019,"Nature communications","","","https://scholar.google.com/scholar?oi=bibs&hl=en&cites=15653572889420033947",30,"2023-03-01 19:04:25","Journal article","","","https://scholar.google.com/citations?view_op=view_citation&hl=en&user=-mZYUzsAAAAJ&pagesize=100&citation_for_view=-mZYUzsAAAAJ:7T2F9Uy0os0C",10,1,2842,2842,274,68.50,34,8,4,"","",""
266,"LM Wheeler, EM Sanehira, AR Marshall, P Schulz, M Suri, NC Anderson, ...","Targeted ligand-exchange chemistry on cesium lead halide perovskite quantum dots for high-efficiency photovoltaics",2018,"Journal of the American Chemical Society","","","https://scholar.google.com/scholar?oi=bibs&hl=en&cites=10519724895508552094",31,"2023-03-01 19:04:25","Journal article","","","https://scholar.google.com/citations?view_op=view_citation&hl=en&user=-mZYUzsAAAAJ&pagesize=100&citation_for_view=-mZYUzsAAAAJ:AXPGKjj_ei8C",140,33,10504,10513,266,53.20,38,7,5,"","",""
257,"EM Sanehira, BJ Tremolet de Villers, P Schulz, MO Reese, S Ferrere, ...","Influence of Electrode Interfaces on the Stability of Perovskite Solar Cells: Reduced Degradation Using MoOx/Al for Hole Collection",2016,"ACS Energy Letters","","","https://scholar.google.com/scholar?oi=bibs&hl=en&cites=7820856209032113598",32,"2023-03-01 19:04:25","Journal article","","","https://scholar.google.com/citations?view_op=view_citation&hl=en&user=-mZYUzsAAAAJ&pagesize=100&citation_for_view=-mZYUzsAAAAJ:P5F9QuxV20EC",1,1,38,45,257,36.71,43,6,7,"","",""
252,"RW Crisp, DM Kroupa, AR Marshall, EM Miller, J Zhang, MC Beard, ...","Metal halide solid-state surface treatment for high efficiency PbS and PbSe QD solar cells",2015,"Scientific reports","","","https://scholar.google.com/scholar?oi=bibs&hl=en&cites=16636617612439597490",33,"2023-03-01 19:04:25","Journal article","","","https://scholar.google.com/citations?view_op=view_citation&hl=en&user=-mZYUzsAAAAJ&pagesize=100&citation_for_view=-mZYUzsAAAAJ:dfsIfKJdRG4C",5,1,9945,9945,252,31.50,36,7,8,"","",""
251,"J Zhang, J Gao, CP Church, EM Miller, JM Luther, VI Klimov, MC Beard","PbSe quantum dot solar cells with more than 6% efficiency fabricated in ambient atmosphere",2014,"Nano letters","","","https://scholar.google.com/scholar?oi=bibs&hl=en&cites=15758147852900234690",34,"2023-03-01 19:04:25","Journal article","","","https://scholar.google.com/citations?view_op=view_citation&hl=en&user=-mZYUzsAAAAJ&pagesize=100&citation_for_view=-mZYUzsAAAAJ:ZHo1McVdvXMC",14,10,6010,6015,251,27.89,36,7,9,"","",""
246,"MC Beard, JM Luther, AJ Nozik","The promise and challenge of nanostructured solar cells",2014,"Nature nanotechnology","","","https://scholar.google.com/scholar?oi=bibs&hl=en&cites=11492962465564049984",35,"2023-03-01 19:04:25","Journal article","","","https://scholar.google.com/citations?view_op=view_citation&hl=en&user=-mZYUzsAAAAJ&pagesize=100&citation_for_view=-mZYUzsAAAAJ:u_35RYKgDlwC",9,12,951,954,246,27.33,82,3,9,"","",""
245,"CS Jiang, M Yang, Y Zhou, B To, SU Nanayakkara, JM Luther, W Zhou, ...","Carrier separation and transport in perovskite solar cells studied by nanometre-scale profiling of electrical potential",2015,"Nature communications","","","https://scholar.google.com/scholar?oi=bibs&hl=en&cites=13621085033018100402",36,"2023-03-01 19:04:25","Journal article","","","https://scholar.google.com/citations?view_op=view_citation&hl=en&user=-mZYUzsAAAAJ&pagesize=100&citation_for_view=-mZYUzsAAAAJ:b0M2c_1WBrUC",6,1,8397,8397,245,30.63,31,8,8,"","",""
243,"TH Schloemer, JA Christians, JM Luther, A Sellinger","Doping strategies for small molecule organic hole-transport materials: impacts on perovskite solar cell performance and stability",2019,"Chemical science","","","https://scholar.google.com/scholar?oi=bibs&hl=en&cites=11921727865285788960",37,"2023-03-01 19:04:25","Journal article","","","https://scholar.google.com/citations?view_op=view_citation&hl=en&user=-mZYUzsAAAAJ&pagesize=100&citation_for_view=-mZYUzsAAAAJ:ZuybSZzF8UAC",10,7,1904,1935,243,60.75,61,4,4,"","",""
223,"X Ling, S Zhou, J Yuan, J Shi, Y Qian, BW Larson, Q Zhao, C Qin, F Li, ...","14.1% CsPbI3 Perovskite Quantum Dot Solar Cells via Cesium Cation Passivation",2019,"Advanced Energy Materials","","","https://scholar.google.com/scholar?oi=bibs&hl=en&cites=18438304295693980676",38,"2023-03-01 19:04:25","Journal article","","","https://scholar.google.com/citations?view_op=view_citation&hl=en&user=-mZYUzsAAAAJ&pagesize=100&citation_for_view=-mZYUzsAAAAJ:kzcrU_BdoSEC",9,28,1900721,1900721,223,55.75,22,10,4,"","",""
220,"M Law, MC Beard, S Choi, JM Luther, MC Hanna, AJ Nozik","Determining the internal quantum efficiency of PbSe nanocrystal solar cells with the aid of an optical model",2008,"Nano letters","","","https://scholar.google.com/scholar?oi=bibs&hl=en&cites=3333638002476927204",39,"2023-03-01 19:04:25","Journal article","","","https://scholar.google.com/citations?view_op=view_citation&hl=en&user=-mZYUzsAAAAJ&pagesize=100&citation_for_view=-mZYUzsAAAAJ:zYLM7Y9cAGgC",8,11,3904,3910,220,14.67,37,6,15,"","",""
201,"DP Nenon, JA Christians, LM Wheeler, JL Blackburn, EM Sanehira, ...","Structural and chemical evolution of methylammonium lead halide perovskites during thermal processing from solution",2016,"Energy &environmental science","","","https://scholar.google.com/scholar?oi=bibs&hl=en&cites=508919622428117542",40,"2023-03-01 19:04:25","Journal article","","","https://scholar.google.com/citations?view_op=view_citation&hl=en&user=-mZYUzsAAAAJ&pagesize=100&citation_for_view=-mZYUzsAAAAJ:XiSMed-E-HIC",9,6,2072,2082,201,28.71,34,6,7,"","",""
201,"EM Miller, Y Zhao, CC Mercado, SK Saha, JM Luther, K Zhu, V Stevanović, ...","Substrate-controlled band positions in CH 3 NH 3 PbI 3 perovskite films",2014,"Physical chemistry chemical physics","","","https://scholar.google.com/scholar?oi=bibs&hl=en&cites=3127343809514906032",41,"2023-03-01 19:04:25","Journal article","","","https://scholar.google.com/citations?view_op=view_citation&hl=en&user=-mZYUzsAAAAJ&pagesize=100&citation_for_view=-mZYUzsAAAAJ:SeFeTyx0c_EC",16,40,22122,22130,201,22.33,25,8,9,"","",""
194,"MG Panthani, JM Kurley, RW Crisp, TC Dietz, T Ezzyat, JM Luther, ...","High efficiency solution processed sintered CdTe nanocrystal solar cells: The role of interfaces",2014,"Nano letters","","","https://scholar.google.com/scholar?oi=bibs&hl=en&cites=13616024025124870370",42,"2023-03-01 19:04:25","Journal article","","","https://scholar.google.com/citations?view_op=view_citation&hl=en&user=-mZYUzsAAAAJ&pagesize=100&citation_for_view=-mZYUzsAAAAJ:35N4QoGY0k4C",14,2,670,675,194,21.56,28,7,9,"","",""
190,"YH Kim, Y Zhai, H Lu, X Pan, C Xiao, EA Gaulding, SP Harvey, JJ Berry, ...","Chiral-induced spin selectivity enables a room-temperature spin light-emitting diode",2021,"Science","","","https://scholar.google.com/scholar?oi=bibs&hl=en&cites=7559956788294947552",43,"2023-03-01 19:04:25","Journal article","","","https://scholar.google.com/citations?view_op=view_citation&hl=en&user=-mZYUzsAAAAJ&pagesize=100&citation_for_view=-mZYUzsAAAAJ:-FonjvnnhkoC",371,6534,1129,1133,190,95.00,21,9,2,"","",""
185,"SP Dunfield, L Bliss, F Zhang, JM Luther, K Zhu, MFAM van Hest, ...","From defects to degradation: A mechanistic understanding of degradation in perovskite solar cell devices and modules",2020,"Advanced Energy Materials","","","https://scholar.google.com/scholar?oi=bibs&hl=en&cites=5459556073906307499",44,"2023-03-01 19:04:25","Journal article","","","https://scholar.google.com/citations?view_op=view_citation&hl=en&user=-mZYUzsAAAAJ&pagesize=100&citation_for_view=-mZYUzsAAAAJ:ipzZ9siozwsC",10,26,1904054,1904054,185,61.67,26,7,3,"","",""
177,"AG Midgett, JM Luther, JT Stewart, DK Smith, LA Padilha, VI Klimov, ...","Size and Composition Dependent Multiple Exciton Generation Efficiency in PbS, PbSe, and PbSxSe1–x Alloyed Quantum Dots",2013,"Nano letters","","","https://scholar.google.com/scholar?oi=bibs&hl=en&cites=10920638437630777597",45,"2023-03-01 19:04:25","Journal article","","","https://scholar.google.com/citations?view_op=view_citation&hl=en&user=-mZYUzsAAAAJ&pagesize=100&citation_for_view=-mZYUzsAAAAJ:GnPB-g6toBAC",13,7,3078,3085,177,17.70,25,7,10,"","",""
167,"CC Boyd, RC Shallcross, T Moot, R Kerner, L Bertoluzzi, A Onno, ...","Overcoming redox reactions at perovskite-nickel oxide interfaces to boost voltages in perovskite solar cells",2020,"Joule","","","https://scholar.google.com/scholar?oi=bibs&hl=en&cites=17134010870444998311",46,"2023-03-01 19:04:25","Journal article","","","https://scholar.google.com/citations?view_op=view_citation&hl=en&user=-mZYUzsAAAAJ&pagesize=100&citation_for_view=-mZYUzsAAAAJ:vbGhcppDl1QC",4,8,1759,1775,167,55.67,24,7,3,"","",""
166,"J Yuan, A Hazarika, Q Zhao, X Ling, T Moot, W Ma, JM Luther","Metal halide perovskites in quantum dot solar cells: progress and prospects",2020,"Joule","","","https://scholar.google.com/scholar?oi=bibs&hl=en&cites=10854598872491626792",47,"2023-03-01 19:04:25","Journal article","","","https://scholar.google.com/citations?view_op=view_citation&hl=en&user=-mZYUzsAAAAJ&pagesize=100&citation_for_view=-mZYUzsAAAAJ:URolC5Kub84C",4,6,1160,1185,166,55.33,24,7,3,"","",""
165,"L Hu, Q Zhao, S Huang, J Zheng, X Guan, R Patterson, J Kim, L Shi, ...","Flexible and efficient perovskite quantum dot solar cells via hybrid interfacial architecture",2021,"Nature communications","","","https://scholar.google.com/scholar?oi=bibs&hl=en&cites=7854373087116049280",48,"2023-03-01 19:04:25","Journal article","","","https://scholar.google.com/citations?view_op=view_citation&hl=en&user=-mZYUzsAAAAJ&pagesize=100&citation_for_view=-mZYUzsAAAAJ:EYYDruWGBe4C",12,1,466,466,165,82.50,18,9,2,"","",""
151,"A Hazarika, Q Zhao, EA Gaulding, JA Christians, B Dou, AR Marshall, ...","Perovskite quantum dot photovoltaic materials beyond the reach of thin films: full-range tuning of A-site cation composition",2018,"Acs Nano","","","https://scholar.google.com/scholar?oi=bibs&hl=en&cites=12062055327270624586",49,"2023-03-01 19:04:25","Journal article","","","https://scholar.google.com/citations?view_op=view_citation&hl=en&user=-mZYUzsAAAAJ&pagesize=100&citation_for_view=-mZYUzsAAAAJ:JoZmwDi-zQgC",12,10,10327,10337,151,30.20,22,7,5,"","",""
149,"DK Smith, JM Luther, OE Semonin, AJ Nozik, MC Beard","Tuning the synthesis of ternary lead chalcogenide quantum dots by balancing precursor reactivity",2011,"ACS nano","","","https://scholar.google.com/scholar?oi=bibs&hl=en&cites=10591107304083481004",50,"2023-03-01 19:04:25","Journal article","","","https://scholar.google.com/citations?view_op=view_citation&hl=en&user=-mZYUzsAAAAJ&pagesize=100&citation_for_view=-mZYUzsAAAAJ:LkGwnXOMwfcC",5,1,183,190,149,12.42,30,5,12,"","",""
147,"Q Zhao, A Hazarika, LT Schelhas, J Liu, EA Gaulding, G Li, M Zhang, ...","Size-Dependent Lattice Structure and Confinement Properties in CsPbI3 Perovskite Nanocrystals: Negative Surface Energy for Stabilization",2019,"ACS Energy Letters","","","https://scholar.google.com/scholar?oi=bibs&hl=en&cites=1449213550906640330",51,"2023-03-01 19:04:25","Journal article","","","https://scholar.google.com/citations?view_op=view_citation&hl=en&user=-mZYUzsAAAAJ&pagesize=100&citation_for_view=-mZYUzsAAAAJ:j8SEvjWlNXcC",5,1,238,247,147,36.75,18,8,4,"","",""
147,"T Zhang, M Yang, EE Benson, Z Li, J van de Lagemaat, JM Luther, Y Yan, ...","A facile solvothermal growth of single crystal mixed halide perovskite CH 3 NH 3 Pb (Br 1− x Cl x) 3",2015,"Chemical Communications","","","https://scholar.google.com/scholar?oi=bibs&hl=en&cites=635859372073139701",52,"2023-03-01 19:04:25","Journal article","","","https://scholar.google.com/citations?view_op=view_citation&hl=en&user=-mZYUzsAAAAJ&pagesize=100&citation_for_view=-mZYUzsAAAAJ:4OULZ7Gr8RgC",51,37,7820,7823,147,18.38,18,8,8,"","",""
143,"JS Park, S Choi, Y Yan, Y Yang, JM Luther, SH Wei, P Parilla, K Zhu","Electronic Structure and Optical Properties of α-CH3NH3PbBr3 Perovskite Single Crystal",2015,"The journal of physical chemistry letters","","","https://scholar.google.com/scholar?oi=bibs&hl=en&cites=16221503770361132079",53,"2023-03-01 19:04:25","Journal article","","","https://scholar.google.com/citations?view_op=view_citation&hl=en&user=-mZYUzsAAAAJ&pagesize=100&citation_for_view=-mZYUzsAAAAJ:abG-DnoFyZgC",6,21,4304,4308,143,17.88,18,8,8,"","",""
143,"CG Bischak, EM Sanehira, JT Precht, JM Luther, NS Ginsberg","Heterogeneous charge carrier dynamics in organic–inorganic hybrid materials: nanoscale lateral and depth-dependent variation of recombination rates in methylammonium lead …",2015,"Nano letters","","","https://scholar.google.com/scholar?oi=bibs&hl=en&cites=8996629414542212148",54,"2023-03-01 19:04:25","Journal article","","","https://scholar.google.com/citations?view_op=view_citation&hl=en&user=-mZYUzsAAAAJ&pagesize=100&citation_for_view=-mZYUzsAAAAJ:a0OBvERweLwC",15,7,4799,4807,143,17.88,29,5,8,"","",""
135,"EM Miller, DM Kroupa, J Zhang, P Schulz, AR Marshall, A Kahn, S Lany, ...","Revisiting the valence and conduction band size dependence of PbS quantum dot thin films",2016,"ACS nano","","","https://scholar.google.com/scholar?oi=bibs&hl=en&cites=8210225442206125644",55,"2023-03-01 19:04:25","Journal article","","","https://scholar.google.com/citations?view_op=view_citation&hl=en&user=-mZYUzsAAAAJ&pagesize=100&citation_for_view=-mZYUzsAAAAJ:1sJd4Hv_s6UC",10,3,3302,3311,135,19.29,17,8,7,"","",""
133,"JT Stewart, LA Padilha, MM Qazilbash, JM Pietryga, AG Midgett, ...","Comparison of carrier multiplication yields in PbS and PbSe nanocrystals: the role of competing energy-loss processes",2012,"Nano letters","","","https://scholar.google.com/scholar?oi=bibs&hl=en&cites=10597414434998268492",56,"2023-03-01 19:04:25","Journal article","","","https://scholar.google.com/citations?view_op=view_citation&hl=en&user=-mZYUzsAAAAJ&pagesize=100&citation_for_view=-mZYUzsAAAAJ:qxL8FJ1GzNcC",12,2,622,628,133,12.09,22,6,11,"","",""
126,"Y Wang, J Yuan, X Zhang, X Ling, BW Larson, Q Zhao, Y Yang, Y Shi, ...","Surface Ligand Management Aided by a Secondary Amine Enables Increased Synthesis Yield of CsPbI3 Perovskite Quantum Dots and High Photovoltaic …",2020,"Advanced Materials","","","https://scholar.google.com/scholar?oi=bibs&hl=en&cites=1348424800098811002",57,"2023-03-01 19:04:25","Journal article","","","https://scholar.google.com/citations?view_op=view_citation&hl=en&user=-mZYUzsAAAAJ&pagesize=100&citation_for_view=-mZYUzsAAAAJ:BwyfMAYsbu0C",32,32,2000449,2000449,126,42.00,14,9,3,"","",""
124,"J Zhang, RW Crisp, J Gao, DM Kroupa, MC Beard, JM Luther","Synthetic conditions for high-accuracy size control of PbS quantum dots",2015,"The journal of physical chemistry letters","","","https://scholar.google.com/scholar?oi=bibs&hl=en&cites=13373569278482220590",58,"2023-03-01 19:04:25","Journal article","","","https://scholar.google.com/citations?view_op=view_citation&hl=en&user=-mZYUzsAAAAJ&pagesize=100&citation_for_view=-mZYUzsAAAAJ:cFHS6HbyZ2cC",6,10,1830,1833,124,15.50,21,6,8,"","",""
118,"JA Christians, SN Habisreutinger, JJ Berry, JM Luther","Stability in perovskite photovoltaics: a paradigm for newfangled technologies",2018,"ACS Energy Letters","","","https://scholar.google.com/scholar?oi=bibs&hl=en&cites=15747756075223278450",59,"2023-03-01 19:04:25","Journal article","","","https://scholar.google.com/citations?view_op=view_citation&hl=en&user=-mZYUzsAAAAJ&pagesize=100&citation_for_view=-mZYUzsAAAAJ:eMMeJKvmdy0C",3,9,2136,2143,118,23.60,30,4,5,"","",""
117,"LT Schelhas, Z Li, JA Christians, A Goyal, P Kairys, SP Harvey, DH Kim, ...","Insights into operational stability and processing of halide perovskite active layers",2019,"Energy &Environmental Science","","","https://scholar.google.com/scholar?oi=bibs&hl=en&cites=8903977872600540534",60,"2023-03-01 19:04:25","Journal article","","","https://scholar.google.com/citations?view_op=view_citation&hl=en&user=-mZYUzsAAAAJ&pagesize=100&citation_for_view=-mZYUzsAAAAJ:uLbwQdceFCQC",12,4,1341,1348,117,29.25,15,8,4,"","",""
116,"S Kim, AR Marshall, DM Kroupa, EM Miller, JM Luther, S Jeong, ...","Air-stable and efficient PbSe quantum-dot solar cells based upon ZnSe to PbSe cation-exchanged quantum dots",2015,"ACS nano","","","https://scholar.google.com/scholar?oi=bibs&hl=en&cites=4119608816989737616",61,"2023-03-01 19:04:25","Journal article","","","https://scholar.google.com/citations?view_op=view_citation&hl=en&user=-mZYUzsAAAAJ&pagesize=100&citation_for_view=-mZYUzsAAAAJ:bFI3QPDXJZMC",9,8,8157,8164,116,14.50,17,7,8,"","",""
104,"F Liu, C Ding, Y Zhang, T Kamisaka, Q Zhao, JM Luther, T Toyoda, ...","GeI2 Additive for High Optoelectronic Quality CsPbI3 Quantum Dots and Their Application in Photovoltaic Devices",2019,"Chemistry of Materials","","","https://scholar.google.com/scholar?oi=bibs&hl=en&cites=15125263652233705287",62,"2023-03-01 19:04:25","Journal article","","","https://scholar.google.com/citations?view_op=view_citation&hl=en&user=-mZYUzsAAAAJ&pagesize=100&citation_for_view=-mZYUzsAAAAJ:1yQoGdGgb4wC",31,3,798,807,104,26.00,13,8,4,"","",""
101,"P Dey, J Paul, J Bylsma, D Karaiskaj, JM Luther, MC Beard, AH Romero","Origin of the temperature dependence of the band gap of PbS and PbSe quantum dots",2013,"Solid state communications","","","https://scholar.google.com/scholar?oi=bibs&hl=en&cites=9327762327191399236",63,"2023-03-01 19:04:25","Journal article","","","https://scholar.google.com/citations?view_op=view_citation&hl=en&user=-mZYUzsAAAAJ&pagesize=100&citation_for_view=-mZYUzsAAAAJ:M3NEmzRMIkIC",165,,49,54,101,10.10,14,7,10,"","",""
99,"J Zhang, BD Chernomordik, RW Crisp, DM Kroupa, JM Luther, EM Miller, ...","Preparation of Cd/Pb Chalcogenide Heterostructured Janus Particles via Controllable Cation Exchange",2015,"ACS nano","","","https://scholar.google.com/scholar?oi=bibs&hl=en&cites=3429192303894063707",64,"2023-03-01 19:04:25","Journal article","","","https://scholar.google.com/citations?view_op=view_citation&hl=en&user=-mZYUzsAAAAJ&pagesize=100&citation_for_view=-mZYUzsAAAAJ:pyW8ca7W8N0C",9,7,7151,7163,99,12.38,14,7,8,"","",""
98,"BD Chernomordik, AR Marshall, GF Pach, JM Luther, MC Beard","Quantum dot solar cell fabrication protocols",2017,"Chemistry of Materials","","","https://scholar.google.com/scholar?oi=bibs&hl=en&cites=10397363957378844424",65,"2023-03-01 19:04:25","Journal article","","","https://scholar.google.com/citations?view_op=view_citation&hl=en&user=-mZYUzsAAAAJ&pagesize=100&citation_for_view=-mZYUzsAAAAJ:OU6Ihb5iCvQC",29,1,189,198,98,16.33,20,5,6,"","",""
94,"X Ling, J Yuan, X Zhang, Y Qian, SM Zakeeruddin, BW Larson, Q Zhao, ...","Guanidinium‐assisted surface matrix engineering for highly efficient perovskite quantum dot photovoltaics",2020,"Advanced Materials","","","https://scholar.google.com/scholar?oi=bibs&hl=en&cites=18394289537228480446",66,"2023-03-01 19:04:25","Journal article","","","https://scholar.google.com/citations?view_op=view_citation&hl=en&user=-mZYUzsAAAAJ&pagesize=100&citation_for_view=-mZYUzsAAAAJ:AvfA0Oy_GE0C",32,26,2001906,2001906,94,31.33,12,8,3,"","",""
84,"JM Luther, JM Pietryga","Stoichiometry control in quantum dots: A viable analog to impurity doping of bulk materials",2013,"ACS nano","","","https://scholar.google.com/scholar?oi=bibs&hl=en&cites=6674167828265565577",67,"2023-03-01 19:04:25","Journal article","","","https://scholar.google.com/citations?view_op=view_citation&hl=en&user=-mZYUzsAAAAJ&pagesize=100&citation_for_view=-mZYUzsAAAAJ:maZDTaKrznsC",7,3,1845,1849,84,8.40,42,2,10,"","",""
79,"SP Harvey, Z Li, JA Christians, K Zhu, JM Luther, JJ Berry","Probing perovskite inhomogeneity beyond the surface: TOF-SIMS analysis of halide perovskite photovoltaic devices",2018,"ACS applied materials &interfaces","","","https://scholar.google.com/scholar?oi=bibs&hl=en&cites=14441446094466621805",68,"2023-03-01 19:04:25","Journal article","","","https://scholar.google.com/citations?view_op=view_citation&hl=en&user=-mZYUzsAAAAJ&pagesize=100&citation_for_view=-mZYUzsAAAAJ:Mojj43d5GZwC",10,34,28541,28552,79,15.80,13,6,5,"","",""
76,"Z Zolfaghari, E Hassanabadi, D Pitarch-Tena, SJ Yoon, Z Shariatinia, ...","Operation mechanism of perovskite quantum dot solar cells probed by impedance spectroscopy",2018,"ACS Energy Letters","","","https://scholar.google.com/scholar?oi=bibs&hl=en&cites=3057427706400790549",69,"2023-03-01 19:04:25","Journal article","","","https://scholar.google.com/citations?view_op=view_citation&hl=en&user=-mZYUzsAAAAJ&pagesize=100&citation_for_view=-mZYUzsAAAAJ:ye4kPcJQO24C",4,1,251,258,76,15.20,13,6,5,"","",""
74,"MT Trinh, L Polak, JM Schins, AJ Houtepen, R Vaxenburg, GI Maikov, ...","Anomalous independence of multiple exciton generation on different group IV− VI quantum dot architectures",2011,"Nano letters","","","https://scholar.google.com/scholar?oi=bibs&hl=en&cites=18339816160585248863",70,"2023-03-01 19:04:25","Journal article","","","https://scholar.google.com/citations?view_op=view_citation&hl=en&user=-mZYUzsAAAAJ&pagesize=100&citation_for_view=-mZYUzsAAAAJ:roLk4NBRz8UC",11,4,1623,1629,74,6.17,11,7,12,"","",""
74,"X Li, SE Asher, S Limpijumnong, BM Keyes, CL Perkins, TM Barnes, ...","Impurity effects in ZnO and nitrogen-doped ZnO thin films fabricated by MOCVD",2006,"Journal of crystal growth","","","https://scholar.google.com/scholar?oi=bibs&hl=en&cites=16363484226705619770",71,"2023-03-01 19:04:25","Journal article","","","https://scholar.google.com/citations?view_op=view_citation&hl=en&user=-mZYUzsAAAAJ&pagesize=100&citation_for_view=-mZYUzsAAAAJ:YsMSGLbcyi4C",287,1,94,100,74,4.35,11,7,17,"","",""
72,"RW Crisp, MG Panthani, WL Rance, JN Duenow, PA Parilla, R Callahan, ...","Nanocrystal grain growth and device architectures for high-efficiency CdTe ink-based photovoltaics",2014,"ACS nano","","","https://scholar.google.com/scholar?oi=bibs&hl=en&cites=7380691828534458246",72,"2023-03-01 19:04:25","Journal article","","","https://scholar.google.com/citations?view_op=view_citation&hl=en&user=-mZYUzsAAAAJ&pagesize=100&citation_for_view=-mZYUzsAAAAJ:HoB7MX3m0LUC",8,9,9063,9072,72,8.00,10,7,9,"","",""
72,"G Cohen, E Halpern, SU Nanayakkara, JM Luther, C Held, R Bennewitz, ...","Reconstruction of surface potential from Kelvin probe force microscopy images",2013,"Nanotechnology","","","https://scholar.google.com/scholar?oi=bibs&hl=en&cites=13247436980838209995",73,"2023-03-01 19:04:25","Journal article","","","https://scholar.google.com/citations?view_op=view_citation&hl=en&user=-mZYUzsAAAAJ&pagesize=100&citation_for_view=-mZYUzsAAAAJ:O3NaXMp0MMsC",24,29,295702,295702,72,7.20,10,7,10,"","",""
67,"R Vidal, JA Alberola-Borràs, SN Habisreutinger, JL Gimeno-Molina, ...","Assessing health and environmental impacts of solvents for producing perovskite solar cells",2021,"Nature Sustainability","","","https://scholar.google.com/scholar?oi=bibs&hl=en&cites=17706742506868049470",74,"2023-03-01 19:04:25","Journal article","","","https://scholar.google.com/citations?view_op=view_citation&hl=en&user=-mZYUzsAAAAJ&pagesize=100&citation_for_view=-mZYUzsAAAAJ:k8Z6L05lTy4C",4,3,277,285,67,33.50,13,5,2,"","",""
67,"RW Crisp, JN Schrauben, MC Beard, JM Luther, JC Johnson","Coherent exciton delocalization in strongly coupled quantum dot arrays",2013,"Nano letters","","","https://scholar.google.com/scholar?oi=bibs&hl=en&cites=7826261507444812200",75,"2023-03-01 19:04:25","Journal article","","","https://scholar.google.com/citations?view_op=view_citation&hl=en&user=-mZYUzsAAAAJ&pagesize=100&citation_for_view=-mZYUzsAAAAJ:RYcK_YlVTxYC",13,10,4862,4869,67,6.70,13,5,10,"","",""
66,"RW Crisp, GF Pach, JM Kurley, RM France, MO Reese, SU Nanayakkara, ...","Tandem solar cells from solution-processed CdTe and PbS quantum dots using a ZnTe–ZnO tunnel junction",2017,"Nano letters","","","https://scholar.google.com/scholar?oi=bibs&hl=en&cites=7072752614937721581",76,"2023-03-01 19:04:25","Journal article","","","https://scholar.google.com/citations?view_op=view_citation&hl=en&user=-mZYUzsAAAAJ&pagesize=100&citation_for_view=-mZYUzsAAAAJ:K3LRdlH-MEoC",17,2,1020,1027,66,11.00,9,7,6,"","",""
66,"PT Erslev, HY Chen, J Gao, MC Beard, AJ Frank, J van De Lagemaat, ...","Sharp exponential band tails in highly disordered lead sulfide quantum dot arrays",2012,"Physical Review B","","","https://scholar.google.com/scholar?oi=bibs&hl=en&cites=7805365013399976113",77,"2023-03-01 19:04:25","Journal article","","","https://scholar.google.com/citations?view_op=view_citation&hl=en&user=-mZYUzsAAAAJ&pagesize=100&citation_for_view=-mZYUzsAAAAJ:j3f4tGmQtD8C",86,15,155313,155313,66,6.00,9,7,11,"","",""
66,"KP Fritz, S Guenes, J Luther, S Kumar, NS Sariciftci, GD Scholes","IV–VI Nanocrystal–polymer solar cells",2008,"Journal of Photochemistry and Photobiology A: Chemistry","","","https://scholar.google.com/scholar?oi=bibs&hl=en&cites=18244697424005958024",78,"2023-03-01 19:04:25","Journal article","","","https://scholar.google.com/citations?view_op=view_citation&hl=en&user=-mZYUzsAAAAJ&pagesize=100&citation_for_view=-mZYUzsAAAAJ:eQOLeE2rZwMC",195,1,39,46,66,4.40,11,6,15,"","",""
65,"H Lu, Z Huang, MS Martinez, JC Johnson, JM Luther, MC Beard","Transforming energy using quantum dots",2020,"Energy &Environmental Science","","","https://scholar.google.com/scholar?oi=bibs&hl=en&cites=8506818039709205040",79,"2023-03-01 19:04:25","Journal article","","","https://scholar.google.com/citations?view_op=view_citation&hl=en&user=-mZYUzsAAAAJ&pagesize=100&citation_for_view=-mZYUzsAAAAJ:zLWjf1WUPmwC",13,5,1347,1376,65,21.67,11,6,3,"","",""
60,"J Werner, T Moot, TA Gossett, IE Gould, AF Palmstrom, EJ Wolf, CC Boyd, ...","Improving low-bandgap tin–lead perovskite solar cells via contact engineering and gas quench processing",2020,"ACS Energy Letters","","","https://scholar.google.com/scholar?oi=bibs&hl=en&cites=8215061608272232807",80,"2023-03-01 19:04:25","Journal article","","","https://scholar.google.com/citations?view_op=view_citation&hl=en&user=-mZYUzsAAAAJ&pagesize=100&citation_for_view=-mZYUzsAAAAJ:epqYDVWIO7EC",5,4,1215,1223,60,20.00,8,8,3,"","",""
60,"TH Schloemer, TS Gehan, JA Christians, DG Mitchell, A Dixon, Z Li, K Zhu, ...","Thermally stable perovskite solar cells by systematic molecular design of the hole-transport layer",2019,"ACS Energy Letters","","","https://scholar.google.com/scholar?oi=bibs&hl=en&cites=8269826036537295675",81,"2023-03-01 19:04:25","Journal article","","","https://scholar.google.com/citations?view_op=view_citation&hl=en&user=-mZYUzsAAAAJ&pagesize=100&citation_for_view=-mZYUzsAAAAJ:N5tVd3kTz84C",4,2,473,482,60,15.00,8,8,4,"","",""
58,"YH Kim, Y Zhai, EA Gaulding, SN Habisreutinger, T Moot, BA Rosales, ...","Strategies to achieve high circularly polarized luminescence from colloidal organic–inorganic hybrid perovskite nanocrystals",2020,"ACS nano","","","https://scholar.google.com/scholar?oi=bibs&hl=en&cites=8423356723035179843",82,"2023-03-01 19:04:25","Journal article","","","https://scholar.google.com/citations?view_op=view_citation&hl=en&user=-mZYUzsAAAAJ&pagesize=100&citation_for_view=-mZYUzsAAAAJ:p__nRnzSRKYC",14,7,8816,8825,58,19.33,8,7,3,"","",""
58,"EA Gaulding, J Hao, HS Kang, EM Miller, SN Habisreutinger, Q Zhao, ...","Conductivity Tuning via Doping with Electron Donating and Withdrawing Molecules in Perovskite CsPbI3 Nanocrystal Films",2019,"Advanced Materials","","","https://scholar.google.com/scholar?oi=bibs&hl=en&cites=17808682739287448187",83,"2023-03-01 19:04:25","Journal article","","","https://scholar.google.com/citations?view_op=view_citation&hl=en&user=-mZYUzsAAAAJ&pagesize=100&citation_for_view=-mZYUzsAAAAJ:W5xh706n7nkC",31,27,1902250,1902250,58,14.50,8,7,4,"","",""
58,"LT Schelhas, JA Christians, JJ Berry, MF Toney, CJ Tassone, JM Luther, ...","Monitoring a Silent Phase Transition in CH3NH3PbI3 Solar Cells via Operando X-ray Diffraction",2016,"ACS Energy Letters","","","https://scholar.google.com/scholar?oi=bibs&hl=en&cites=10500843823644906465",84,"2023-03-01 19:04:25","Journal article","","","https://scholar.google.com/citations?view_op=view_citation&hl=en&user=-mZYUzsAAAAJ&pagesize=100&citation_for_view=-mZYUzsAAAAJ:u9iWguZQMMsC",1,5,1007,1012,58,8.29,8,7,7,"","",""
57,"M Suri, A Hazarika, BW Larson, Q Zhao, M Vallés-Pelarda, TD Siegler, ...","Enhanced Open-Circuit Voltage of Wide-Bandgap Perovskite Photovoltaics by Using Alloyed (FA1–xCsx)Pb(I1–xBrx)3 Quantum Dots",2019,"ACS Energy Letters","","","https://scholar.google.com/scholar?oi=bibs&hl=en&cites=5432507621706270488",85,"2023-03-01 19:04:25","Journal article","","","https://scholar.google.com/citations?view_op=view_citation&hl=en&user=-mZYUzsAAAAJ&pagesize=100&citation_for_view=-mZYUzsAAAAJ:ZfRJV9d4-WMC",4,8,1954,1960,57,14.25,8,7,4,"","",""
56,"BK Hughes, JM Luther, MC Beard","The subtle chemistry of colloidal, quantum-confined semiconductor nanostructures",2012,"ACS nano","","","https://scholar.google.com/scholar?oi=bibs&hl=en&cites=2698101391925314960",86,"2023-03-01 19:04:25","Journal article","","","https://scholar.google.com/citations?view_op=view_citation&hl=en&user=-mZYUzsAAAAJ&pagesize=100&citation_for_view=-mZYUzsAAAAJ:RHpTSmoSYBkC",6,6,4573,4579,56,5.09,19,3,11,"","",""
55,"J Gao, S Jeong, F Lin, PT Erslev, OE Semonin, JM Luther, MC Beard","Improvement in carrier transport properties by mild thermal annealing of PbS quantum dot solar cells",2013,"Applied Physics Letters","","","https://scholar.google.com/scholar?oi=bibs&hl=en&cites=12214305636063163556",87,"2023-03-01 19:04:25","Journal article","","","https://scholar.google.com/citations?view_op=view_citation&hl=en&user=-mZYUzsAAAAJ&pagesize=100&citation_for_view=-mZYUzsAAAAJ:TFP_iSt0sucC",102,4,43506,43506,55,5.50,8,7,10,"","",""
53,"AR Marshall, MR Young, AJ Nozik, MC Beard, JM Luther","Exploration of metal chloride uptake for improved performance characteristics of PbSe quantum dot solar cells",2015,"The journal of physical chemistry letters","","","https://scholar.google.com/scholar?oi=bibs&hl=en&cites=15216431087066080545",88,"2023-03-01 19:04:25","Journal article","","","https://scholar.google.com/citations?view_op=view_citation&hl=en&user=-mZYUzsAAAAJ&pagesize=100&citation_for_view=-mZYUzsAAAAJ:D03iK_w7-QYC",6,15,2892,2899,53,6.63,11,5,8,"","",""
53,"ER Smith, JM Luther, JC Johnson","Ultrafast electronic delocalization in CdSe/CdS quantum rod heterostructures",2011,"Nano letters","","","https://scholar.google.com/scholar?oi=bibs&hl=en&cites=8858628034439165606",89,"2023-03-01 19:04:25","Journal article","","","https://scholar.google.com/citations?view_op=view_citation&hl=en&user=-mZYUzsAAAAJ&pagesize=100&citation_for_view=-mZYUzsAAAAJ:4DMP91E08xMC",11,11,4923,4931,53,4.42,18,3,12,"","",""
52,"AR Kirmani, JM Luther, M Abolhasani, A Amassian","Colloidal quantum dot photovoltaics: Current progress and path to gigawatt scale enabled by smart manufacturing",2020,"ACS Energy Letters","","","https://scholar.google.com/scholar?oi=bibs&hl=en&cites=15267764912338032065",90,"2023-03-01 19:04:25","Journal article","","","https://scholar.google.com/citations?view_op=view_citation&hl=en&user=-mZYUzsAAAAJ&pagesize=100&citation_for_view=-mZYUzsAAAAJ:tuHXwOkdijsC",5,9,3069,3100,52,17.33,13,4,3,"","",""
51,"JL Blackburn, H Chappell, JM Luther, AJ Nozik, JC Johnson","Correlation between photooxidation and the appearance of Raman scattering bands in lead chalcogenide quantum dots",2011,"The Journal of Physical Chemistry Letters","","","https://scholar.google.com/scholar?oi=bibs&hl=en&cites=5480483928963201652",91,"2023-03-01 19:04:25","Journal article","","","https://scholar.google.com/citations?view_op=view_citation&hl=en&user=-mZYUzsAAAAJ&pagesize=100&citation_for_view=-mZYUzsAAAAJ:Se3iqnhoufwC",2,6,599,603,51,4.25,10,5,12,"","",""
48,"MC Beard, JC Johnson, JM Luther, AJ Nozik","Multiple exciton generation in quantum dots versus singlet fission in molecular chromophores for solar photon conversion",2015,"Philosophical Transactions of the Royal Society A: Mathematical, Physical …","","","https://scholar.google.com/scholar?oi=bibs&hl=en&cites=4982385044956183393",92,"2023-03-01 19:04:25","Journal article","","","https://scholar.google.com/citations?view_op=view_citation&hl=en&user=-mZYUzsAAAAJ&pagesize=100&citation_for_view=-mZYUzsAAAAJ:yD5IFk8b50cC",,,,,48,6.00,12,4,8,"","",""
46,"S Draguta, JA Christians, YV Morozov, A Mucunzi, JS Manser, PV Kamat, ...","A quantitative and spatially resolved analysis of the performance-bottleneck in high efficiency, planar hybrid perovskite solar cells",2018,"Energy &Environmental Science","","","https://scholar.google.com/scholar?oi=bibs&hl=en&cites=5520610215677402286",93,"2023-03-01 19:04:25","Journal article","","","https://scholar.google.com/citations?view_op=view_citation&hl=en&user=-mZYUzsAAAAJ&pagesize=100&citation_for_view=-mZYUzsAAAAJ:q3oQSFYPqjQC",11,4,960,969,46,9.20,7,7,5,"","",""
45,"SU Nanayakkara, G Cohen, CS Jiang, MJ Romero, K Maturova, ...","Built-in potential and charge distribution within single heterostructured nanorods measured by scanning kelvin probe microscopy",2013,"Nano letters","","","https://scholar.google.com/scholar?oi=bibs&hl=en&cites=4609126404439913883",94,"2023-03-01 19:04:25","Journal article","","","https://scholar.google.com/citations?view_op=view_citation&hl=en&user=-mZYUzsAAAAJ&pagesize=100&citation_for_view=-mZYUzsAAAAJ:isC4tDSrTZIC",13,3,1278,1284,45,4.50,8,6,10,"","",""
44,"T Moot, AR Marshall, LM Wheeler, SN Habisreutinger, TH Schloemer, ...","CsI‐Antisolvent Adduct Formation in All‐Inorganic Metal Halide Perovskites",2020,"Advanced Energy Materials","","","https://scholar.google.com/scholar?oi=bibs&hl=en&cites=2619314917007127420",95,"2023-03-01 19:04:25","Journal article","","","https://scholar.google.com/citations?view_op=view_citation&hl=en&user=-mZYUzsAAAAJ&pagesize=100&citation_for_view=-mZYUzsAAAAJ:z_wVstp3MssC",10,9,1903365,1903365,44,14.67,7,6,3,"","",""
43,"SP Harvey, J Messinger, K Zhu, JM Luther, JJ Berry","Investigating the effects of chemical gradients on performance and reliability within perovskite solar cells with TOF‐SIMS",2020,"Advanced Energy Materials","","","https://scholar.google.com/scholar?oi=bibs&hl=en&cites=6064716164537144887",96,"2023-03-01 19:04:25","Journal article","","","https://scholar.google.com/citations?view_op=view_citation&hl=en&user=-mZYUzsAAAAJ&pagesize=100&citation_for_view=-mZYUzsAAAAJ:nrtMV_XWKgEC",10,26,1903674,1903674,43,14.33,9,5,3,"","",""
40,"TH Schloemer, JA Raiford, TS Gehan, T Moot, S Nanayakkara, SP Harvey, ...","The molybdenum oxide interface limits the high-temperature operational stability of unencapsulated perovskite solar cells",2020,"ACS Energy Letters","","","https://scholar.google.com/scholar?oi=bibs&hl=en&cites=10088533139548302244",97,"2023-03-01 19:04:25","Journal article","","","https://scholar.google.com/citations?view_op=view_citation&hl=en&user=-mZYUzsAAAAJ&pagesize=100&citation_for_view=-mZYUzsAAAAJ:ML0RJ9NH7IQC",5,7,2349,2360,40,13.33,6,7,3,"","",""
40,"C Zou, CY Huang, EM Sanehira, JM Luther, LY Lin","Highly stable cesium lead iodide perovskite quantum dot light-emitting diodes",2017,"Nanotechnology","","","https://scholar.google.com/scholar?oi=bibs&hl=en&cites=9766218638611725210",98,"2023-03-01 19:04:25","Journal article","","","https://scholar.google.com/citations?view_op=view_citation&hl=en&user=-mZYUzsAAAAJ&pagesize=100&citation_for_view=-mZYUzsAAAAJ:sSrBHYA8nusC",28,45,455201,455201,40,6.67,8,5,6,"","",""
39,"IM Pavlovetc, MC Brennan, S Draguta, A Ruth, T Moot, JA Christians, ...","Suppressing cation migration in triple-cation lead halide perovskites",2020,"ACS Energy Letters","","","https://scholar.google.com/scholar?oi=bibs&hl=en&cites=3460508542299500464",99,"2023-03-01 19:04:25","Journal article","","","https://scholar.google.com/citations?view_op=view_citation&hl=en&user=-mZYUzsAAAAJ&pagesize=100&citation_for_view=-mZYUzsAAAAJ:L7CI7m0gUJcC",5,9,2802,2810,39,13.00,6,7,3,"","",""
38,"SP Harvey, F Zhang, A Palmstrom, JM Luther, K Zhu, JJ Berry","Mitigating measurement artifacts in TOF-SIMS analysis of perovskite solar cells",2019,"ACS applied materials &interfaces","","","https://scholar.google.com/scholar?oi=bibs&hl=en&cites=9718317287243276369",100,"2023-03-01 19:04:25","Journal article","","","https://scholar.google.com/citations?view_op=view_citation&hl=en&user=-mZYUzsAAAAJ&pagesize=100&citation_for_view=-mZYUzsAAAAJ:tzM49s52ZIMC",11,34,30911,30918,38,9.50,6,6,4,"","",""
34,"J Werner, CC Boyd, T Moot, EJ Wolf, RM France, SA Johnson, ...","Learning from existing photovoltaic technologies to identify alternative perovskite module designs",2020,"Energy &Environmental Science","","","https://scholar.google.com/scholar?oi=bibs&hl=en&cites=6262094045164588365",101,"2023-03-01 19:04:25","Journal article","","","https://scholar.google.com/citations?view_op=view_citation&hl=en&user=-mZYUzsAAAAJ&cstart=100&pagesize=100&citation_for_view=-mZYUzsAAAAJ:hMsQuOkrut0C",13,10,3393,3403,34,11.33,5,7,3,"","",""
33,"BK Hughes, JL Blackburn, D Kroupa, A Shabaev, SC Erwin, AL Efros, ...","Synthesis and spectroscopy of PbSe fused quantum-dot dimers",2014,"Journal of the American Chemical Society","","","https://scholar.google.com/scholar?oi=bibs&hl=en&cites=8846699380000384346",102,"2023-03-01 19:04:25","Journal article","","","https://scholar.google.com/citations?view_op=view_citation&hl=en&user=-mZYUzsAAAAJ&cstart=100&pagesize=100&citation_for_view=-mZYUzsAAAAJ:2P1L_qKh6hAC",136,12,4670,4679,33,3.67,5,7,9,"","",""
32,"SU Nanayakkara, J van de Lagemaat, JM Luther","Scanning probe characterization of heterostructured colloidal nanomaterials",2015,"Chemical Reviews","","","https://scholar.google.com/scholar?oi=bibs&hl=en&cites=14397054726067190818",103,"2023-03-01 19:04:25","Journal article","","","https://scholar.google.com/citations?view_op=view_citation&hl=en&user=-mZYUzsAAAAJ&cstart=100&pagesize=100&citation_for_view=-mZYUzsAAAAJ:f2IySw72cVMC",115,16,8157,8181,32,4.00,11,3,8,"","",""
31,"JM Kurley, MG Panthani, RW Crisp, SU Nanayakkara, GF Pach, ...","Transparent ohmic contacts for solution-processed, ultrathin CdTe solar cells",2017,"ACS Energy Letters","","","https://scholar.google.com/scholar?oi=bibs&hl=en&cites=16592829579082387762",104,"2023-03-01 19:04:25","Journal article","","","https://scholar.google.com/citations?view_op=view_citation&hl=en&user=-mZYUzsAAAAJ&cstart=100&pagesize=100&citation_for_view=-mZYUzsAAAAJ:738O_yMBCRsC",2,1,270,278,31,5.17,5,6,6,"","",""
30,"N Rolston, R Bennett-Kennett, LT Schelhas, JM Luther, JA Christians, ...","Comment on “Light-induced lattice expansion leads to high-efficiency perovskite solar cells”",2020,"Science 368 (6488), eaay","","","https://scholar.google.com/scholar?oi=bibs&hl=en&cites=5334293969502620075",105,"2023-03-01 19:04:25","Journal article","","","https://scholar.google.com/citations?view_op=view_citation&hl=en&user=-mZYUzsAAAAJ&cstart=100&pagesize=100&citation_for_view=-mZYUzsAAAAJ:vDijr-p_gm4C",8691,,,,30,10.00,5,6,3,"","",""
30,"JA Christians, F Zhang, RC Bramante, MO Reese, TH Schloemer, ...","Stability at scale: challenges of module interconnects for perovskite photovoltaics",2018,"ACS Energy Letters","","","https://scholar.google.com/scholar?oi=bibs&hl=en&cites=1368541453098706498,92149888747550667",106,"2023-03-01 19:04:25","Journal article","","","https://scholar.google.com/citations?view_op=view_citation&hl=en&user=-mZYUzsAAAAJ&cstart=100&pagesize=100&citation_for_view=-mZYUzsAAAAJ:_B80troHkn4C",3,10,2502,2503,30,6.00,5,6,5,"","",""
30,"J Bylsma, P Dey, J Paul, S Hoogland, EH Sargent, JM Luther, MC Beard, ...","Quantum beats due to excitonic ground-state splitting in colloidal quantum dots",2012,"Physical Review B","","","https://scholar.google.com/scholar?oi=bibs&hl=en&cites=13684706970563557242",107,"2023-03-01 19:04:25","Journal article","","","https://scholar.google.com/citations?view_op=view_citation&hl=en&user=-mZYUzsAAAAJ&cstart=100&pagesize=100&citation_for_view=-mZYUzsAAAAJ:4JMBOYKVnBMC",86,12,125322,125322,30,2.73,4,8,11,"","",""
25,"J Hao, YH Kim, SN Habisreutinger, SP Harvey, EM Miller, SM Foradori, ...","Low-energy room-temperature optical switching in mixed-dimensionality nanoscale perovskite heterojunctions",2021,"Science Advances 7 (18), eabf","","","https://scholar.google.com/scholar?oi=bibs&hl=en&cites=16327672490264698439",108,"2023-03-01 19:04:25","Journal article","","","https://scholar.google.com/citations?view_op=view_citation&hl=en&user=-mZYUzsAAAAJ&cstart=100&pagesize=100&citation_for_view=-mZYUzsAAAAJ:S16KYo8Pm5AC",1959,,,,25,12.50,4,7,2,"","",""
25,"T Moot, J Werner, GE Eperon, K Zhu, JJ Berry, MD McGehee, JM Luther","Choose your own adventure: fabrication of monolithic all‐perovskite tandem photovoltaics",2020,"Advanced Materials","","","https://scholar.google.com/scholar?oi=bibs&hl=en&cites=12372732380708464759",109,"2023-03-01 19:04:25","Journal article","","","https://scholar.google.com/citations?view_op=view_citation&hl=en&user=-mZYUzsAAAAJ&cstart=100&pagesize=100&citation_for_view=-mZYUzsAAAAJ:VaXvl8Fpj5cC",32,50,2003312,2003312,25,8.33,4,7,3,"","",""
24,"G Yang, Z Ni, ZJ Yu, BW Larson, Z Yu, B Chen, A Alasfour, X Xiao, ...","Defect engineering in wide-bandgap perovskites for efficient perovskite–silicon tandem solar cells",2022,"Nature Photonics","","","https://scholar.google.com/scholar?oi=bibs&hl=en&cites=2013530679800611818",110,"2023-03-01 19:04:25","Journal article","","","https://scholar.google.com/citations?view_op=view_citation&hl=en&user=-mZYUzsAAAAJ&cstart=100&pagesize=100&citation_for_view=-mZYUzsAAAAJ:NXb4pA-qfm4C",16,8,588,594,24,24.00,3,9,1,"","",""
23,"C Xiao, Q Zhao, CS Jiang, Y Sun, MM Al-Jassim, SU Nanayakkara, ...","Perovskite quantum dot solar cells: mapping interfacial energetics for improving charge separation",2020,"Nano Energy","","","https://scholar.google.com/scholar?oi=bibs&hl=en&cites=15955046210078118576",111,"2023-03-01 19:04:25","Journal article","","","https://scholar.google.com/citations?view_op=view_citation&hl=en&user=-mZYUzsAAAAJ&cstart=100&pagesize=100&citation_for_view=-mZYUzsAAAAJ:tYavs44e6CUC",78,,105319,105319,23,7.67,3,7,3,"","",""
22,"HY Chen, J Hou, S Dayal, L Huo, N Kopidakis, MC Beard, JM Luther","A p‐Type Quantum Dot/Organic Donor:Acceptor Solar‐Cell Structure for Extended Spectral Response",2011,"Advanced Energy Materials","","","https://scholar.google.com/scholar?oi=bibs&hl=en&cites=1168849930835043158",112,"2023-03-01 19:04:25","Journal article","","","https://scholar.google.com/citations?view_op=view_citation&hl=en&user=-mZYUzsAAAAJ&cstart=100&pagesize=100&citation_for_view=-mZYUzsAAAAJ:MXK_kJrjxJIC",1,4,528,533,22,1.83,3,7,12,"","",""
21,"X Ling, H Zhu, W Xu, C Liu, L Pan, D Ren, J Yuan, BW Larson, C Grätzel, ...","Combined Precursor Engineering and Grain Anchoring Leading to MA‐Free, Phase‐Pure, and Stable α‐Formamidinium Lead Iodide Perovskites for Efficient Solar Cells",2021,"Angewandte Chemie International Edition","","","https://scholar.google.com/scholar?oi=bibs&hl=en&cites=9232439860818940725",113,"2023-03-01 19:04:25","Journal article","","","https://scholar.google.com/citations?view_op=view_citation&hl=en&user=-mZYUzsAAAAJ&cstart=100&pagesize=100&citation_for_view=-mZYUzsAAAAJ:Ug5p-4gJ2f0C",60,52,27299,27306,21,10.50,2,10,2,"","",""
21,"T Moot, JB Patel, G McAndrews, EJ Wolf, D Morales, IE Gould, ...","Temperature coefficients of perovskite photovoltaics for energy yield calculations",2021,"ACS Energy Letters","","","https://scholar.google.com/scholar?oi=bibs&hl=en&cites=16408876292274171735",114,"2023-03-01 19:04:25","Journal article","","","https://scholar.google.com/citations?view_op=view_citation&hl=en&user=-mZYUzsAAAAJ&cstart=100&pagesize=100&citation_for_view=-mZYUzsAAAAJ:i2xiXl-TujoC",6,5,2038,2047,21,10.50,3,7,2,"","",""
20,"RW Crisp, R Callahan, OG Reid, DS Dolzhnikov, DV Talapin, G Rumbles, ...","Photoconductivity of CdTe Nanocrystal-Based Thin Films: Te2– Ligands Lead To Charge Carrier Diffusion Lengths Over 2 μm",2015,"The Journal of Physical Chemistry Letters","","","https://scholar.google.com/scholar?oi=bibs&hl=en&cites=6967457672638364692",115,"2023-03-01 19:04:25","Journal article","","","https://scholar.google.com/citations?view_op=view_citation&hl=en&user=-mZYUzsAAAAJ&cstart=100&pagesize=100&citation_for_view=-mZYUzsAAAAJ:xtRiw3GOFMkC",6,23,4815,4821,20,2.50,3,7,8,"","",""
19,"JA Vigil, A Hazarika, JM Luther, MF Toney","FAxCs1–xPbI3 Nanocrystals: Tuning Crystal Symmetry by A-Site Cation Composition",2020,"ACS Energy Letters","","","https://scholar.google.com/scholar?oi=bibs&hl=en&cites=9994993547721727998",116,"2023-03-01 19:04:25","Journal article","","","https://scholar.google.com/citations?view_op=view_citation&hl=en&user=-mZYUzsAAAAJ&cstart=100&pagesize=100&citation_for_view=-mZYUzsAAAAJ:4MWp96NkSFoC",5,8,2475,2482,19,6.33,5,4,3,"","",""
18,"M Shrivastava, MI Bodnarchuk, A Hazarika, JM Luther, MC Beard, ...","Polaron and spin dynamics in organic–inorganic lead halide perovskite nanocrystals",2020,"Advanced Optical Materials","","","https://scholar.google.com/scholar?oi=bibs&hl=en&cites=1692436750262466135",117,"2023-03-01 19:04:25","Journal article","","","https://scholar.google.com/citations?view_op=view_citation&hl=en&user=-mZYUzsAAAAJ&cstart=100&pagesize=100&citation_for_view=-mZYUzsAAAAJ:MLfJN-KU85MC",8,24,2001016,2001016,18,6.00,3,6,3,"","",""
16,"C Zou, C Zhang, YH Kim, LY Lin, JM Luther","The path to enlightenment: progress and opportunities in high efficiency halide perovskite light-emitting devices",2021,"ACS Photonics","","","https://scholar.google.com/scholar?oi=bibs&hl=en&cites=203237981183518384",118,"2023-03-01 19:04:25","Journal article","","","https://scholar.google.com/citations?view_op=view_citation&hl=en&user=-mZYUzsAAAAJ&cstart=100&pagesize=100&citation_for_view=-mZYUzsAAAAJ:WZBGuue-350C",8,2,386,404,16,8.00,3,5,2,"","",""
15,"JM Luther, JC Johnson","An exciting boost for solar cells",2019,"Nature","","","https://scholar.google.com/scholar?oi=bibs&hl=en&cites=6291555821684907272",119,"2023-03-01 19:04:25","Journal article","","","https://scholar.google.com/citations?view_op=view_citation&hl=en&user=-mZYUzsAAAAJ&cstart=100&pagesize=100&citation_for_view=-mZYUzsAAAAJ:tKAzc9rXhukC",571,7763,38,39,15,3.75,8,2,4,"","",""
14,"T Moot, DR Dikova, A Hazarika, TH Schloemer, SN Habisreutinger, ...","Beyond Strain: Controlling the Surface Chemistry of CsPbI3 Nanocrystal Films for Improved Stability against Ambient Reactive Oxygen Species",2020,"Chemistry of Materials","","","https://scholar.google.com/scholar?oi=bibs&hl=en&cites=15911106591662522298",120,"2023-03-01 19:04:25","Journal article","","","https://scholar.google.com/citations?view_op=view_citation&hl=en&user=-mZYUzsAAAAJ&cstart=100&pagesize=100&citation_for_view=-mZYUzsAAAAJ:gsN89kCJA0AC",32,18,7850,7860,14,4.67,2,6,3,"","",""
14,"AJ Nozik, M Beard, MD Law, JM Luther","Solar cells based on quantum dot or colloidal nanocrystal films",2011,"US Patent App. 12/359,487","","","https://scholar.google.com/scholar?oi=bibs&hl=en&cites=18406557852194772249",121,"2023-03-01 19:04:25","Patent","","","https://scholar.google.com/citations?view_op=view_citation&hl=en&user=-mZYUzsAAAAJ&cstart=100&pagesize=100&citation_for_view=-mZYUzsAAAAJ:aqlVkmm33-oC",,,,,14,1.17,4,4,12,"","",""
13,"JM Luther, JL Blackburn","Plasmon-enhanced plastic devices",2013,"Nature Photonics","","","https://scholar.google.com/scholar?oi=bibs&hl=en&cites=991855628917858889",122,"2023-03-01 19:04:25","Journal article","","","https://scholar.google.com/citations?view_op=view_citation&hl=en&user=-mZYUzsAAAAJ&cstart=100&pagesize=100&citation_for_view=-mZYUzsAAAAJ:J_g5lzvAfSwC",7,9,675,677,13,1.30,7,2,10,"","",""
13,"K Maturova, SU Nanayakkara, JM Luther, J van de Lagemaat","Fast Current Blinking in Individual PbS and CdSe Quantum Dots",2013,"Nano letters","","","https://scholar.google.com/scholar?oi=bibs&hl=en&cites=13743767350863399296",123,"2023-03-01 19:04:25","Journal article","","","https://scholar.google.com/citations?view_op=view_citation&hl=en&user=-mZYUzsAAAAJ&cstart=100&pagesize=100&citation_for_view=-mZYUzsAAAAJ:k_IJM867U9cC",13,6,2338,2345,13,1.30,3,4,10,"","",""
12,"Q Zhao, R Han, AR Marshall, S Wang, BM Wieliczka, J Ni, J Zhang, ...","Colloidal Quantum Dot Solar Cells: Progressive Deposition Techniques and Future Prospects on Large‐Area Fabrication",2022,"Advanced Materials","","","https://scholar.google.com/scholar?oi=bibs&hl=en&cites=12790068055302371857",124,"2023-03-01 19:04:25","Journal article","","","https://scholar.google.com/citations?view_op=view_citation&hl=en&user=-mZYUzsAAAAJ&cstart=100&pagesize=100&citation_for_view=-mZYUzsAAAAJ:FPJr55Dyh1AC",34,17,2107888,2107888,12,12.00,2,8,1,"","",""
12,"EA Gaulding, X Chen, Y Yang, SP Harvey, B To, YH Kim, MC Beard, ...","Embedding PbS quantum dots (QDs) in Pb-halide perovskite matrices: QD surface chemistry and antisolvent effects on QD dispersion and confinement properties",2020,"ACS Materials Letters","","","https://scholar.google.com/scholar?oi=bibs&hl=en&cites=7745794114247011601",125,"2023-03-01 19:04:25","Journal article","","","https://scholar.google.com/citations?view_op=view_citation&hl=en&user=-mZYUzsAAAAJ&cstart=100&pagesize=100&citation_for_view=-mZYUzsAAAAJ:b1wdh0AR-JQC",2,11,1464,1472,12,4.00,2,8,3,"","",""
11,"YH Kim, R Song, J Hao, Y Zhai, L Yan, T Moot, AF Palmstrom, R Brunecky, ...","The Structural Origin of Chiroptical Properties in Perovskite Nanocrystals with Chiral Organic Ligands",2022,"Advanced Functional Materials","","","https://scholar.google.com/scholar?oi=bibs&hl=en&cites=2368847923616100502",126,"2023-03-01 19:04:25","Journal article","","","https://scholar.google.com/citations?view_op=view_citation&hl=en&user=-mZYUzsAAAAJ&cstart=100&pagesize=100&citation_for_view=-mZYUzsAAAAJ:Ri6SYOTghG4C",32,25,2200454,2200454,11,11.00,1,9,1,"","",""
11,"K Zhu, JM Luther, Y Zhao","Methods for producing and using perovskite materials and devices therefrom",2020,"US Patent 10,566,143","","","https://scholar.google.com/scholar?oi=bibs&hl=en&cites=2366461958477993106",127,"2023-03-01 19:04:25","Patent","","","https://scholar.google.com/citations?view_op=view_citation&hl=en&user=-mZYUzsAAAAJ&cstart=100&pagesize=100&citation_for_view=-mZYUzsAAAAJ:4fKUyHm3Qg0C",,,,,11,3.67,4,3,3,"","",""
11,"JM Luther, R Crisp, MC Beard","Metal halide solid-state surface treatment for nanocrystal materials",2016,"US Patent 9,324,562","","","https://scholar.google.com/scholar?oi=bibs&hl=en&cites=6053024275661710772",128,"2023-03-01 19:04:25","Patent","","","https://scholar.google.com/citations?view_op=view_citation&hl=en&user=-mZYUzsAAAAJ&cstart=100&pagesize=100&citation_for_view=-mZYUzsAAAAJ:dshw04ExmUIC",,,,,11,1.57,4,3,7,"","",""
10,"J Xia, Y Zhang, C Xiao, KG Brooks, M Chen, J Luo, H Yang, NID Klipfel, ...","Tailoring electric dipole of hole-transporting material p-dopants for perovskite solar cells",2022,"Joule","","","https://scholar.google.com/scholar?oi=bibs&hl=en&cites=7342287767179857128",129,"2023-03-01 19:04:25","Journal article","","","https://scholar.google.com/citations?view_op=view_citation&hl=en&user=-mZYUzsAAAAJ&cstart=100&pagesize=100&citation_for_view=-mZYUzsAAAAJ:anf4URPfarAC",6,7,1689,1709,10,10.00,1,9,1,"","",""
10,"X Liu, M Chen, Y Zhang, J Xia, J Yin, M Li, KG Brooks, R Hu, X Gao, ...","High-efficiency perovskite photovoltaic modules achieved via cesium doping",2022,"Chemical Engineering Journal","","","https://scholar.google.com/scholar?oi=bibs&hl=en&cites=9673747425011540363",130,"2023-03-01 19:04:25","Journal article","","","https://scholar.google.com/citations?view_op=view_citation&hl=en&user=-mZYUzsAAAAJ&cstart=100&pagesize=100&citation_for_view=-mZYUzsAAAAJ:edDO8Oi4QzsC",431,,133713,133713,10,10.00,1,10,1,"","",""
10,"CH Swartz, SR Rab, S Paul, MFAM van Hest, B Dou, JM Luther, GF Pach, ...","Measurement of band offsets and shunt resistance in CdTe solar cells through temperature and intensity dependence of open circuit voltage and photoluminescence",2019,"Solar Energy","","","https://scholar.google.com/scholar?oi=bibs&hl=en&cites=15817805406583452081",131,"2023-03-01 19:04:25","Journal article","","","https://scholar.google.com/citations?view_op=view_citation&hl=en&user=-mZYUzsAAAAJ&cstart=100&pagesize=100&citation_for_view=-mZYUzsAAAAJ:_Re3VWB3Y0AC",189,,389,397,10,2.50,1,8,4,"","",""
10,"MC Beard, AH Ip, JM Luther, EH Sargent, AJ Nozik","Quantum confined semiconductors for enhancing solar photoconversion through multiple exciton generation",2014,"Advanced concepts in photovoltaics","","","https://scholar.google.com/scholar?oi=bibs&hl=en&cites=11484725156886529110",132,"2023-03-01 19:04:25","Book chapter","","","https://scholar.google.com/citations?view_op=view_citation&hl=en&user=-mZYUzsAAAAJ&cstart=100&pagesize=100&citation_for_view=-mZYUzsAAAAJ:EUQCXRtRnyEC",,,345,378,10,1.11,2,5,9,"","",""
10,"X Li, SE Asher, BM Keyes, HR Moutinho, J Luther, TJ Coutts","p-type ZnO thin films grown by MOCVD",2005,"Conference Record of the Thirty-first IEEE Photovoltaic Specialists …","","","https://scholar.google.com/scholar?oi=bibs&hl=en&cites=8980289078644315104",133,"2023-03-01 19:04:25","Conference paper","","","https://scholar.google.com/citations?view_op=view_citation&hl=en&user=-mZYUzsAAAAJ&cstart=100&pagesize=100&citation_for_view=-mZYUzsAAAAJ:hqOjcs7Dif8C",,,,,10,0.56,2,6,18,"","",""
9,"JH Heo, F Zhang, JK Park, HJ Lee, DS Lee, SJ Heo, JM Luther, JJ Berry, ...","Surface engineering with oxidized Ti3C2Tx MXene enables efficient and stable pin-structured CsPbI3 perovskite solar cells",2022,"Joule","","","https://scholar.google.com/scholar?oi=bibs&hl=en&cites=3270660634449473327",134,"2023-03-01 19:04:25","Journal article","","","https://scholar.google.com/citations?view_op=view_citation&hl=en&user=-mZYUzsAAAAJ&cstart=100&pagesize=100&citation_for_view=-mZYUzsAAAAJ:LO7wyVUgiFcC",6,7,1672,1688,9,9.00,1,9,1,"","",""
9,"BM Wieliczka, JA Márquez, AM Bothwell, Q Zhao, T Moot, KT VanSant, ...","Probing the origin of the open circuit voltage in perovskite quantum dot photovoltaics",2021,"ACS nano","","","https://scholar.google.com/scholar?oi=bibs&hl=en&cites=14204095466547615504",135,"2023-03-01 19:04:25","Journal article","","","https://scholar.google.com/citations?view_op=view_citation&hl=en&user=-mZYUzsAAAAJ&cstart=100&pagesize=100&citation_for_view=-mZYUzsAAAAJ:0N-VGjzr574C",15,12,19334,19344,9,4.50,1,7,2,"","",""
8,"AR Kirmani, M Woodhouse, JM Luther","Technoeconomic model suggests scaling-up perovskite quantum dots for optoelectronics warrants improved synthesis yield, solvent recycling, and automation",2022,"ACS Energy Letters","","","https://scholar.google.com/scholar?oi=bibs&hl=en&cites=5606941726808397728",136,"2023-03-01 19:04:25","Journal article","","","https://scholar.google.com/citations?view_op=view_citation&hl=en&user=-mZYUzsAAAAJ&cstart=100&pagesize=100&citation_for_view=-mZYUzsAAAAJ:rmuvC79q63oC",7,4,1255,1259,8,8.00,3,3,1,"","",""
8,"A Loiudice, O Segura Lecina, A Bornet, JM Luther, R Buonsanti","Ligand Locking on Quantum Dot Surfaces via a Mild Reactive Surface Treatment",2021,"Journal of the American Chemical Society","","","https://scholar.google.com/scholar?oi=bibs&hl=en&cites=5231690579411005341",137,"2023-03-01 19:04:25","Journal article","","","https://scholar.google.com/citations?view_op=view_citation&hl=en&user=-mZYUzsAAAAJ&cstart=100&pagesize=100&citation_for_view=-mZYUzsAAAAJ:HbR8gkJAVGIC",143,33,13418,13427,8,4.00,2,5,2,"","",""
8,"MC Beard, JM Luther, AJ Nozik, EH Sargent","Multiple exciton generation in semiconductor quantum dots and electronically coupled quantum dot arrays for application to third-generation photovoltaic solar cells",2010,"Quantum Dot Optoelectron. Photovolt","","","https://scholar.google.com/scholar?oi=bibs&hl=en&cites=6538636237076736995",138,"2023-03-01 19:04:25","Book chapter","","","https://scholar.google.com/citations?view_op=view_citation&hl=en&user=-mZYUzsAAAAJ&cstart=100&pagesize=100&citation_for_view=-mZYUzsAAAAJ:bnK-pcrLprsC",,,112,147,8,0.62,2,4,13,"","",""
7,"AR Kirmani, BK Durant, J Grandidier, NM Haegel, MD Kelzenberg, ...","Countdown to perovskite space launch: Guidelines to performing relevant radiation-hardness experiments",2022,"Joule","","","https://scholar.google.com/scholar?oi=bibs&hl=en&cites=17872251439176389450",139,"2023-03-01 19:04:25","Journal article","","","https://scholar.google.com/citations?view_op=view_citation&hl=en&user=-mZYUzsAAAAJ&cstart=100&pagesize=100&citation_for_view=-mZYUzsAAAAJ:9pM33mqn1YgC",6,5,1015,1031,7,7.00,1,6,1,"","",""
7,"SP Dunfield, A Bojar, S Cacovich, M Frégnaux, T Klein, R Bramante, ...","Carrier gradients and the role of charge selective contacts in lateral heterojunction all back contact perovskite solar cells",2021,"Cell Reports Physical Science","","","https://scholar.google.com/scholar?oi=bibs&hl=en&cites=14465626568981572045",140,"2023-03-01 19:04:25","Journal article","","","https://scholar.google.com/citations?view_op=view_citation&hl=en&user=-mZYUzsAAAAJ&cstart=100&pagesize=100&citation_for_view=-mZYUzsAAAAJ:xtoqd-5pKcoC",2,8,100520,100520,7,3.50,1,7,2,"","",""
7,"R Ellingson, M Beard, J Johnson, J Murphy, K Knutsen, K Gerth, J Luther, ...","Nanocrystals generating> 1 electron per photon may lead to increased solar cell efficiency",2005,"Nano Lett","","","https://scholar.google.com/scholar?oi=bibs&hl=en&cites=8110540595255719854",141,"2023-03-01 19:04:25","Journal article","","","https://scholar.google.com/citations?view_op=view_citation&hl=en&user=-mZYUzsAAAAJ&cstart=100&pagesize=100&citation_for_view=-mZYUzsAAAAJ:hC7cP41nSMkC",5,,865,871,7,0.39,1,8,18,"","",""
6,"M Chen, Q Dong, C Xiao, X Zheng, Z Dai, Y Shi, JM Luther, NP Padture","Lead-Free Flexible Perovskite Solar Cells with Interfacial Native Oxide Have> 10% Efficiency and Simultaneously Enhanced Stability and Reliability",2022,"ACS Energy Letters","","","https://scholar.google.com/scholar?oi=bibs&hl=en&cites=15907280780960635777",142,"2023-03-01 19:04:25","Journal article","","","https://scholar.google.com/citations?view_op=view_citation&hl=en&user=-mZYUzsAAAAJ&cstart=100&pagesize=100&citation_for_view=-mZYUzsAAAAJ:8d8msizDQcsC",7,7,2256,2264,6,6.00,1,8,1,"","",""
6,"S Yuan, X Zheng, WS Shen, J Liu, LS Cui, C Zhang, QS Tian, JJ Wu, ...","Overcoming Degradation Pathways to Achieve Stable Blue Perovskite Light-Emitting Diodes",2022,"ACS Energy Letters","","","https://scholar.google.com/scholar?oi=bibs&hl=en&cites=17203717726005513832",143,"2023-03-01 19:04:25","Journal article","","","https://scholar.google.com/citations?view_op=view_citation&hl=en&user=-mZYUzsAAAAJ&cstart=100&pagesize=100&citation_for_view=-mZYUzsAAAAJ:kh2fBNsKQNwC",7,4,1348,1354,6,6.00,1,9,1,"","",""
6,"OE Semonin, JM Luther, MC Beard, HY Chen","Secondary treatment of films of colloidal quantum dots for optoelectronics and devices produced thereby",2014,"US Patent 8,685,781","","","https://scholar.google.com/scholar?oi=bibs&hl=en&cites=6279977689787769183",144,"2023-03-01 19:04:25","Patent","","","https://scholar.google.com/citations?view_op=view_citation&hl=en&user=-mZYUzsAAAAJ&cstart=100&pagesize=100&citation_for_view=-mZYUzsAAAAJ:bEWYMUwI8FkC",,,,,6,0.67,2,4,9,"","",""
5,"X Zheng, J Liu, T Liu, E Aydin, M Chen, W Yan, M De Bastiani, TG Allen, ...","Photoactivated p-Doping of Organic Interlayer Enables Efficient Perovskite/Silicon Tandem Solar Cells",2022,"ACS Energy Letters","","","https://scholar.google.com/scholar?oi=bibs&hl=en&cites=14342405095413994040",145,"2023-03-01 19:04:25","Journal article","","","https://scholar.google.com/citations?view_op=view_citation&hl=en&user=-mZYUzsAAAAJ&cstart=100&pagesize=100&citation_for_view=-mZYUzsAAAAJ:_FM0Bhl9EiAC",7,6,1987,1993,5,5.00,1,9,1,"","",""
5,"L McMillon-Brown, JM Luther, TJ Peshek","What would it take to manufacture perovskite solar cells in space?",2022,"ACS Energy Letters","","","https://scholar.google.com/scholar?oi=bibs&hl=en&cites=18273402481228866739",146,"2023-03-01 19:04:25","Journal article","","","https://scholar.google.com/citations?view_op=view_citation&hl=en&user=-mZYUzsAAAAJ&cstart=100&pagesize=100&citation_for_view=-mZYUzsAAAAJ:86PQX7AUzd4C",7,3,1040,1042,5,5.00,2,3,1,"","",""
5,"JM Kurley, JA Pan, Y Wang, H Zhang, JC Russell, GF Pach, B To, ...","Roll-To-Roll Friendly Solution-Processing of Ultrathin, Sintered CdTe Nanocrystal Photovoltaics",2021,"ACS Applied Materials &Interfaces","","","https://scholar.google.com/scholar?oi=bibs&hl=en&cites=5727667457781476052",147,"2023-03-01 19:04:25","Journal article","","","https://scholar.google.com/citations?view_op=view_citation&hl=en&user=-mZYUzsAAAAJ&cstart=100&pagesize=100&citation_for_view=-mZYUzsAAAAJ:ruyezt5ZtCIC",13,37,44165,44173,5,2.50,1,8,2,"","",""
5,"KE Hurst, JM Luther, C Ban, ST Christensen","Nanomaterials for energy applications",2017,"Metrology and Standardization of Nanotechnology: Protocols and Industrial …","","","https://scholar.google.com/scholar?oi=bibs&hl=en&cites=15346371381701346073",148,"2023-03-01 19:04:25","","","","https://scholar.google.com/citations?view_op=view_citation&hl=en&user=-mZYUzsAAAAJ&cstart=100&pagesize=100&citation_for_view=-mZYUzsAAAAJ:l7t_Zn2s7bgC",,,,,5,0.83,1,4,6,"","",""
5,"JM Luther, SW Johnston, SR Kurtz, RK Ahrenkiel, RT Collins","Temperature-dependent dark current measurements in GaAsN heterojunction diodes",2006,"Applied physics letters","","","https://scholar.google.com/scholar?oi=bibs&hl=en&cites=14329252212349299731",149,"2023-03-01 19:04:25","Journal article","","","https://scholar.google.com/citations?view_op=view_citation&hl=en&user=-mZYUzsAAAAJ&cstart=100&pagesize=100&citation_for_view=-mZYUzsAAAAJ:8k81kl-MbHgC",88,26,263502,263502,5,0.29,1,5,17,"","",""
4,"MC Beard, JM Luther, AG Midgett, OE Semonin, JC Johnson, AJ Nozik","Third generation photovoltaics: multiple exciton generation in colloidal quantum dots, quantum dot arrays, and quantum dot solar cells",2010,"2010 35th IEEE Photovoltaic Specialists Conference","","","https://scholar.google.com/scholar?oi=bibs&hl=en&cites=2459913362642635393",150,"2023-03-01 19:04:25","Conference paper","","","https://scholar.google.com/citations?view_op=view_citation&hl=en&user=-mZYUzsAAAAJ&cstart=100&pagesize=100&citation_for_view=-mZYUzsAAAAJ:ULOm3_A8WrAC",,,370,375,4,0.31,1,6,13,"","",""
3,"K Zhu, JJ Berry, MFAM Van Hest, JM Luther, AP Schulz, AA Dameron","Heterojunction perovskite photovoltaic devices and methods of making the same",2020,"US Patent 10,734,165","","","https://scholar.google.com/scholar?oi=bibs&hl=en&cites=8233894607486665993",151,"2023-03-01 19:04:25","Patent","","","https://scholar.google.com/citations?view_op=view_citation&hl=en&user=-mZYUzsAAAAJ&cstart=100&pagesize=100&citation_for_view=-mZYUzsAAAAJ:dTyEYWd-f8wC",,,,,3,1.00,1,6,3,"","",""
3,"Y Wang, J Yuan, X Zhang, X Ling, BW Larson, Q Zhao, Y Yang, Y Shi, ...","Perovskite Solar Cells: Surface Ligand Management Aided by a Secondary Amine Enables Increased Synthesis Yield of CsPbI3 Perovskite Quantum Dots and …",2020,"Advanced Materials","","","https://scholar.google.com/scholar?oi=bibs&hl=en&cites=6851909375921613174",152,"2023-03-01 19:04:25","Journal article","","","https://scholar.google.com/citations?view_op=view_citation&hl=en&user=-mZYUzsAAAAJ&cstart=100&pagesize=100&citation_for_view=-mZYUzsAAAAJ:ILKRHgRFtOwC",32,32,2070243,2070243,3,1.00,0,9,3,"","",""
3,"M Law, JM Luther, MC Beard, S Choi, AJ Nozik","Solar cells based on colloidal quantum dot solids: seeking enhanced photocurrent",2009,"2009 34th IEEE Photovoltaic Specialists Conference (PVSC)","","","https://scholar.google.com/scholar?oi=bibs&hl=en&cites=16027832992058387219",153,"2023-03-01 19:04:25","Conference paper","","","https://scholar.google.com/citations?view_op=view_citation&hl=en&user=-mZYUzsAAAAJ&cstart=100&pagesize=100&citation_for_view=-mZYUzsAAAAJ:L8Ckcad2t8MC",,,2068,2073,3,0.21,1,5,14,"","",""
2,"H Chen, A Maxwell, C Li, S Teale, B Chen, T Zhu, E Ugur, G Harrison, ...","Regulating surface potential maximizes voltage in all-perovskite tandems",2023,"Nature","","","https://scholar.google.com/scholar?oi=bibs&hl=en&cites=3577308710602898779",154,"2023-03-01 19:04:25","Journal article","","","https://scholar.google.com/citations?view_op=view_citation&hl=en&user=-mZYUzsAAAAJ&cstart=100&pagesize=100&citation_for_view=-mZYUzsAAAAJ:sNmaIFBj_lkC",613,7945,676,681,2,2.00,0,9,1,"","",""
2,"JM Luther, LT Schelhas","Perovskite solar cells can take the heat",2022,"Science","","","https://scholar.google.com/scholar?oi=bibs&hl=en&cites=880739206198430922",155,"2023-03-01 19:04:25","Journal article","","","https://scholar.google.com/citations?view_op=view_citation&hl=en&user=-mZYUzsAAAAJ&cstart=100&pagesize=100&citation_for_view=-mZYUzsAAAAJ:bz8QjSJIRt4C",376,6588,28,29,2,2.00,1,2,1,"","",""
2,"JA Christians, AR Marshall, Q Zhao, P Ndione, EM Sanehira, JM Luther","Perovskite Quantum Dots. A New Absorber for Perovskite-Perovskite Tandem Solar Cells",2018,"2018 IEEE 7th World Conference on Photovoltaic Energy Conversion (WCPEC)(A …","","","https://scholar.google.com/scholar?oi=bibs&hl=en&cites=13556952844303333861",156,"2023-03-01 19:04:25","Conference paper","","","https://scholar.google.com/citations?view_op=view_citation&hl=en&user=-mZYUzsAAAAJ&cstart=100&pagesize=100&citation_for_view=-mZYUzsAAAAJ:LjlpjdlvIbIC",,,,,2,0.40,0,6,5,"","",""
2,"AR Marshall, MC Beard, JM Luther","Multiple exciton generation solar cells: Effects of nanocrystal shape on quantum efficiency",2014,"2014 IEEE 40th Photovoltaic Specialist Conference (PVSC)","","","https://scholar.google.com/scholar?oi=bibs&hl=en&cites=1108422719558810082",157,"2023-03-01 19:04:25","Conference paper","","","https://scholar.google.com/citations?view_op=view_citation&hl=en&user=-mZYUzsAAAAJ&cstart=100&pagesize=100&citation_for_view=-mZYUzsAAAAJ:3s1wT3WcHBgC",,,1077,1079,2,0.22,1,3,9,"","",""
1,"JM Luther, EL Warren","Mix and match light absorbers",2022,"Nature Energy","","","https://scholar.google.com/scholar?oi=bibs&hl=en&cites=15483653398963676935",158,"2023-03-01 19:04:25","Journal article","","","https://scholar.google.com/citations?view_op=view_citation&hl=en&user=-mZYUzsAAAAJ&cstart=100&pagesize=100&citation_for_view=-mZYUzsAAAAJ:_axFR9aDTf0C",7,3,218,219,1,1.00,1,2,1,"","",""
1,"KT VanSant, N Leick, G Thaikattil, MFAM van Hest, JM Luther, ...","Development of thermally stable perovskite solar cells for aerospace applications",2021,"2021 IEEE 48th Photovoltaic Specialists Conference (PVSC)","","","https://scholar.google.com/scholar?oi=bibs&hl=en&cites=16664567522648959310",159,"2023-03-01 19:04:25","Conference paper","","","https://scholar.google.com/citations?view_op=view_citation&hl=en&user=-mZYUzsAAAAJ&cstart=100&pagesize=100&citation_for_view=-mZYUzsAAAAJ:q3CdL3IzO_QC",,,693,695,1,0.50,0,6,2,"","",""
1,"JM Luther, A Hazarika","Perovskite nanocrystals and methods of making the same",2021,"US Patent 10,941,165","","","https://scholar.google.com/scholar?oi=bibs&hl=en&cites=16191883759237764782",160,"2023-03-01 19:04:25","Patent","","","https://scholar.google.com/citations?view_op=view_citation&hl=en&user=-mZYUzsAAAAJ&cstart=100&pagesize=100&citation_for_view=-mZYUzsAAAAJ:uc_IGeMz5qoC",,,,,1,0.50,1,2,2,"","",""
1,"SP Harvey, F Zhang, A Palmstrom, K Zhu, JM Luther, J Berry","Understanding measurement artifacts causing inherent cation gradients in depth profiles of perovskite photovoltaics with TOF-SIMS",2019,"2019 IEEE 46th Photovoltaic Specialists Conference (PVSC)","","","https://scholar.google.com/scholar?oi=bibs&hl=en&cites=6562029017563984068",161,"2023-03-01 19:04:25","Conference paper","","","https://scholar.google.com/citations?view_op=view_citation&hl=en&user=-mZYUzsAAAAJ&cstart=100&pagesize=100&citation_for_view=-mZYUzsAAAAJ:t7zJ5fGR-2UC",,,1487,1490,1,0.25,0,6,4,"","",""
1,"H Choi, S Kim, JM Luther, SW Kim, D Shin, MC Beard, S Jeong","Front Cover: Facet‐Specific Ligand Interactions on Ternary AgSbS2 Colloidal Quantum Dots",2017,"Chemistry-A European Journal","","","https://scholar.google.com/scholar?oi=bibs&hl=en&cites=9076280828115306297",162,"2023-03-01 19:04:25","Journal article","","","https://scholar.google.com/citations?view_op=view_citation&hl=en&user=-mZYUzsAAAAJ&cstart=100&pagesize=100&citation_for_view=-mZYUzsAAAAJ:eflP2zaiRacC",23,70,17621,17621,1,0.17,0,7,6,"","",""
1,"CS Jiang, M Yang, Y Zhou, B To, S Nanayakkara, J Luther, W Zhou, ...","Real-space distributions of electrical potential in planar and porous perovskite solar cells: Carrier separation and transport",2015,"2015 IEEE 42nd Photovoltaic Specialist Conference (PVSC)","","","https://scholar.google.com/scholar?oi=bibs&hl=en&cites=16955891515091762200",163,"2023-03-01 19:04:25","Conference paper","","","https://scholar.google.com/citations?view_op=view_citation&hl=en&user=-mZYUzsAAAAJ&cstart=100&pagesize=100&citation_for_view=-mZYUzsAAAAJ:CHSYGLWDkRkC",,,1,5,1,0.13,0,8,8,"","",""
1,"RW Crisp, MG Panthani, JJ Berry, WL Rance, JN Duenow, DV Talapin, ...","Nanoscale engineering of solution-processed CdTe solar cells using nanocrystalline precursors",2014,"2014 IEEE 40th Photovoltaic Specialist Conference (PVSC)","","","https://scholar.google.com/scholar?oi=bibs&hl=en&cites=2822758045628823919",164,"2023-03-01 19:04:25","Conference paper","","","https://scholar.google.com/citations?view_op=view_citation&hl=en&user=-mZYUzsAAAAJ&cstart=100&pagesize=100&citation_for_view=-mZYUzsAAAAJ:rO6llkc54NcC",,,3438,3441,1,0.11,0,7,9,"","",""
1,"MC Beard, OE Semonin, AJ Nozik, AG Midgett, JM Luther","Multiple exciton generation in PbSe quantum dots and quantum dot solar cells",2012,"National Renewable Energy Lab.(NREL), Golden, CO (United States)","","","https://scholar.google.com/scholar?oi=bibs&hl=en&cites=17053747780763035978",165,"2023-03-01 19:04:25","","","","https://scholar.google.com/citations?view_op=view_citation&hl=en&user=-mZYUzsAAAAJ&cstart=100&pagesize=100&citation_for_view=-mZYUzsAAAAJ:RGFaLdJalmkC",,,,,1,0.09,0,5,11,"","",""
1,"K Thorkelsson, BJ Rancatore, CE Mauldin, JM Luther, D Poulsen, ...","Modular small-molecule directed nanoparticle assembly",2010,"10th IEEE International Conference on Nanotechnology","","","https://scholar.google.com/scholar?oi=bibs&hl=en&cites=5301060826323557449",166,"2023-03-01 19:04:25","Conference paper","","","https://scholar.google.com/citations?view_op=view_citation&hl=en&user=-mZYUzsAAAAJ&cstart=100&pagesize=100&citation_for_view=-mZYUzsAAAAJ:_kc_bZDykSQC",,,51,55,1,0.08,0,6,13,"","",""
1,"MC Beard, KP Knustsen, P Yu, Q Song, J Luther, R Ellingson, AJ Nozik","Multiple Exciton Generation in Silicon Nanocrystals",2007,"Frontiers in Optics, SM","","","https://scholar.google.com/scholar?oi=bibs&hl=en&cites=5243405184535392162",167,"2023-03-01 19:04:25","Journal article","","","https://scholar.google.com/citations?view_op=view_citation&hl=en&user=-mZYUzsAAAAJ&cstart=100&pagesize=100&citation_for_view=-mZYUzsAAAAJ:YOwf2qJgpHMC",,,2,,1,0.06,0,7,16,"","",""
1,"RK Ahrenkiel, WK Metzger, M Page, R Reedy, J Luther, J Dashdorj","Relationship of recombination lifetime to dark current in silicon pn junctions",2005,"Conference Record of the Thirty-first IEEE Photovoltaic Specialists …","","","https://scholar.google.com/scholar?oi=bibs&hl=en&cites=9321558763257981823",168,"2023-03-01 19:04:25","Conference paper","","","https://scholar.google.com/citations?view_op=view_citation&hl=en&user=-mZYUzsAAAAJ&cstart=100&pagesize=100&citation_for_view=-mZYUzsAAAAJ:0EnyYjriUFMC",,,,,1,0.06,0,6,18,"","",""
0,"H Ma, M Chen, S Wang, Q Dong, X Zheng, B Wieliczka, JM Luther, X Liu, ...","Ultrarapid crystallization of low-dimensional perovskite with excellent stability for future high-throughput fabrication",2023,"Journal of Power Sources","","","https://scholar.google.com",169,"2023-03-01 19:04:25","Journal article","","","https://scholar.google.com/citations?view_op=view_citation&hl=en&user=-mZYUzsAAAAJ&cstart=100&pagesize=100&citation_for_view=-mZYUzsAAAAJ:WJVC3Jt7v1AC",556,,232475,232475,0,0.00,0,9,1,"","",""
0,"AR Kirmani, DP Ostrowski, KT VanSant, TA Byers, RC Bramante, ...","Metal oxide barrier layers for terrestrial and space perovskite photovoltaics",2023,"Nature Energy","","","https://scholar.google.com",170,"2023-03-01 19:04:25","Book chapter","","","https://scholar.google.com/citations?view_op=view_citation&hl=en&user=-mZYUzsAAAAJ&cstart=100&pagesize=100&citation_for_view=-mZYUzsAAAAJ:OTTXONDVkokC",,,1,12,0,0.00,0,6,1,"","",""
0,"MP Hautzinger, EK Raulerson, SP Harvey, T Liu, D Duke, X Qin, ...","Metal Halide Perovskite Heterostructures: Blocking Anion Diffusion with Single-Layer Graphene",2023,"Journal of the American Chemical Society","","","https://scholar.google.com",171,"2023-03-01 19:04:25","Journal article","","","https://scholar.google.com/citations?view_op=view_citation&hl=en&user=-mZYUzsAAAAJ&cstart=100&pagesize=100&citation_for_view=-mZYUzsAAAAJ:IRz6iEL74y4C",,,,,0,0.00,0,7,1,"","",""
0,"H Afshari, BK Durant, AR Kirmani, SA Chacon, J Mahoney, VR Whiteside, ...","Temperature-Dependent Carrier Extraction and the Effects of Excitons on Emission and Photovoltaic Performance in Cs0. 05FA0. 79MA0. 16Pb (I0. 83Br0. 17) 3 Solar Cells",2022,"ACS Applied Materials &Interfaces","","","https://scholar.google.com",172,"2023-03-01 19:04:25","Journal article","","","https://scholar.google.com/citations?view_op=view_citation&hl=en&user=-mZYUzsAAAAJ&cstart=100&pagesize=100&citation_for_view=-mZYUzsAAAAJ:XvxMoLDsR5gC",14,39,44358,44366,0,0.00,0,7,1,"","",""
0,"MC Beard, LU Haipeng, Z Yaxin, YH Kim, JJ Berry, JM Luther","Chiral induced spin selectivity enabling a room temperature spin polarized light emitting diode",2022,"US Patent App. 17/650,582","","","https://scholar.google.com",173,"2023-03-01 19:04:25","Patent","","","https://scholar.google.com/citations?view_op=view_citation&hl=en&user=-mZYUzsAAAAJ&cstart=100&pagesize=100&citation_for_view=-mZYUzsAAAAJ:4hFrxpcac9AC",,,,,0,0.00,0,6,1,"","",""
0,"EA Gaulding, AE Louks, M Yang, R Tirawat, MJ Wilson, LK Shaw, ...","Package Development for Reliability Testing of Perovskites",2022,"ACS Energy Letters","","","https://scholar.google.com",174,"2023-03-01 19:04:25","Journal article","","","https://scholar.google.com/citations?view_op=view_citation&hl=en&user=-mZYUzsAAAAJ&cstart=100&pagesize=100&citation_for_view=-mZYUzsAAAAJ:a9-T7VOCCH8C",7,8,2641,2645,0,0.00,0,7,1,"","",""
0,"KT VanSant, AR Kirmani, JB Patel, LE Mundt, DP Ostrowski, BM Wieliczka, ...","Perovskite PV Design for Stable Space Operation",2022,"2022 IEEE 49th Photovoltaics Specialists Conference (PVSC)","","","https://scholar.google.com",175,"2023-03-01 19:04:25","Conference paper","","","https://scholar.google.com/citations?view_op=view_citation&hl=en&user=-mZYUzsAAAAJ&cstart=100&pagesize=100&citation_for_view=-mZYUzsAAAAJ:_5tno0g5mFcC",320,,,,0,0.00,0,7,1,"","",""
0,"MD Kelzenberg, AR Kirmani, KT VanSant, JM Luther, HA Atwater","Study of Perovskite Solar Cells under High-Fluence, Low-Energy Proton Radiation",2022,"2022 IEEE 49th Photovoltaics Specialists Conference (PVSC)","","","https://scholar.google.com",176,"2023-03-01 19:04:25","Conference paper","","","https://scholar.google.com/citations?view_op=view_citation&hl=en&user=-mZYUzsAAAAJ&cstart=100&pagesize=100&citation_for_view=-mZYUzsAAAAJ:6ZxmRoH8BuwC",1087,,,,0,0.00,0,5,1,"","",""
0,"T Abzieher, CP Muzzillo, M Mirzokarimov, AR Kirmani, G Lahti, W Kau, ...","Continuous Flash Sublimation of Inorganic Halide Perovskites: Enabling Industrially Compatible Deposition Rates",2022,"2022 IEEE 49th Photovoltaics Specialists Conference (PVSC)","","","https://scholar.google.com",177,"2023-03-01 19:04:25","Conference paper","","","https://scholar.google.com/citations?view_op=view_citation&hl=en&user=-mZYUzsAAAAJ&cstart=100&pagesize=100&citation_for_view=-mZYUzsAAAAJ:DUooU5lO8OsC",351,,,,0,0.00,0,7,1,"","",""
0,"SP Dunfield, A Bojar, S Cacovich, M Frégnaux, T Klein, R Bramante, ...","Electronic Properties of Metal Halide Perovskites and their Interfaces with Charge Extraction Layers in Lateral Heterojunction Configuration",2022,"Journées Nationales de Spectroscopies de PhotoEmission (JNSPE 2022)","","","https://scholar.google.com",178,"2023-03-01 19:04:25","","","","https://scholar.google.com/citations?view_op=view_citation&hl=en&user=-mZYUzsAAAAJ&cstart=100&pagesize=100&citation_for_view=-mZYUzsAAAAJ:2VqYfGB8ITEC",,,,,0,0.00,0,7,1,"","",""
0,"X Liu, Y Zhang, M Chen, C Xiao, KG Brooks, J Xia, XX Gao, H Kanda, ...","Area-Scalable Zn2SnO4 Electron Transport Layer for Highly Efficient and Stable Perovskite Solar Modules",2022,"ACS Applied Materials &Interfaces","","","https://scholar.google.com",179,"2023-03-01 19:04:25","Journal article","","","https://scholar.google.com/citations?view_op=view_citation&hl=en&user=-mZYUzsAAAAJ&cstart=100&pagesize=100&citation_for_view=-mZYUzsAAAAJ:GtLg2Ama23sC",14,20,23297,23306,0,0.00,0,9,1,"","",""
0,"IR Sellers, H Afshari, BK Durant, S Sourabh, V Yeddu, MT Bamidele, ...","The radiation tolerance, self-healing, and stability of perovskite solar cells",2022,"Physics, Simulation, and Photonic Engineering of Photovoltaic Devices XI …","","","https://scholar.google.com",180,"2023-03-01 19:04:25","","","","https://scholar.google.com/citations?view_op=view_citation&hl=en&user=-mZYUzsAAAAJ&cstart=100&pagesize=100&citation_for_view=-mZYUzsAAAAJ:4fGpz3EwCPoC",,,,,0,0.00,0,7,1,"","",""
0,"K Zhu, JM Luther, Y Zhao","Methods for producing and using perovskite materials and devices therefrom",2022,"US Patent 11,264,179","","","https://scholar.google.com",181,"2023-03-01 19:04:25","Patent","","","https://scholar.google.com/citations?view_op=view_citation&hl=en&user=-mZYUzsAAAAJ&cstart=100&pagesize=100&citation_for_view=-mZYUzsAAAAJ:uWiczbcajpAC",,,,,0,0.00,0,3,1,"","",""
0,"JM Luther, MC Beard, YH Kim","Compositions of chiral molecules and perovskite nanocrystals and methods of making the same",2022,"US Patent App. 17/360,064","","","https://scholar.google.com",182,"2023-03-01 19:04:25","Patent","","","https://scholar.google.com/citations?view_op=view_citation&hl=en&user=-mZYUzsAAAAJ&cstart=100&pagesize=100&citation_for_view=-mZYUzsAAAAJ:ClCfbGk0d_YC",,,,,0,0.00,0,3,1,"","",""
0,"H Afshari, BK Durant, AR Kirmani, SA Chacon, J Mahoney, VR Whiteside, ...","Temperature-Dependent Carrier Extraction and the Effects of Excitons on Emission and Photovoltaic Performance in Cs₀. ₀₅FA₀. ₇₉MA₀. ₁₆Pb (I₀. ₈₃Br₀. ₁₇) ₃ Solar Cells",2022,"","","","https://scholar.google.com",183,"2023-03-01 19:04:25","","","","https://scholar.google.com/citations?view_op=view_citation&hl=en&user=-mZYUzsAAAAJ&cstart=100&pagesize=100&citation_for_view=-mZYUzsAAAAJ:umqufdRvDiIC",,,,,0,0.00,0,7,1,"","",""
0,"X Liu, Y Zhang, M Chen, C Xiao, KG Brooks, J Xia, XX Gao, H Kanda, ...","Area-Scalable Zn₂SnO₄ Electron Transport Layer for Highly Efficient and Stable Perovskite Solar Modules",2022,"","","","https://scholar.google.com",184,"2023-03-01 19:04:25","","","","https://scholar.google.com/citations?view_op=view_citation&hl=en&user=-mZYUzsAAAAJ&cstart=100&pagesize=100&citation_for_view=-mZYUzsAAAAJ:FAceZFleit8C",,,,,0,0.00,0,9,1,"","",""
0,"R Song, M Jana, YH Kim, Y Xie, R Zhao, P Sercel, J Hao, Y Zhai, L Yan, ...","The Relationship between Structural Distortions and Spin-splitting in Perovskites",2022,"APS March Meeting Abstracts 2022, B69.","","","https://scholar.google.com",185,"2023-03-01 19:04:25","Abstract","","","https://scholar.google.com/citations?view_op=view_citation&hl=en&user=-mZYUzsAAAAJ&cstart=100&pagesize=100&citation_for_view=-mZYUzsAAAAJ:YohjEiUPhakC",6,,,,0,0.00,0,10,1,"","",""
0,"J Vigil, J Luther, M Toney","Composition-dependent phase transitions and superlattice ordering in lead-iodide perovskite nanocrystals",2022,"APS March Meeting Abstracts 2022, D69.","","","https://scholar.google.com",186,"2023-03-01 19:04:25","Abstract","","","https://scholar.google.com/citations?view_op=view_citation&hl=en&user=-mZYUzsAAAAJ&cstart=100&pagesize=100&citation_for_view=-mZYUzsAAAAJ:PVjk1bu6vJQC",6,,,,0,0.00,0,3,1,"","",""
0,"K Kobbekaduwa, E Liu, Q Zhao, P Adhikari, C Xie, J Zhang, Y Shi, ...","Are solution processed CsPbI3 perovskite nanocrystalline films similar to traditional crystalline semiconductors?",2021,"","","","https://scholar.google.com",187,"2023-03-01 19:04:25","","","","https://scholar.google.com/citations?view_op=view_citation&hl=en&user=-mZYUzsAAAAJ&cstart=100&pagesize=100&citation_for_view=-mZYUzsAAAAJ:XoXfffV-tXoC",,,,,0,0.00,0,8,2,"","",""
0,"A Bojar, SP Dunfield, S Cacovich, M Frégnaux, T Klein, R Bramante, ...","Substrate-Controlled Electronic Properties of Perovskite Layer in Lateral Heterojunction Configuration",2021,"2021 IEEE 48th Photovoltaic Specialists Conference (PVSC)","","","https://scholar.google.com",188,"2023-03-01 19:04:25","Conference paper","","","https://scholar.google.com/citations?view_op=view_citation&hl=en&user=-mZYUzsAAAAJ&cstart=100&pagesize=100&citation_for_view=-mZYUzsAAAAJ:foquWX3nUaYC",,,1001,1003,0,0.00,0,7,2,"","",""
0,"LM Wheeler, JM Luther, JA Christians, JJ Berry","Energy-harvesting chromogenic devices",2021,"US Patent App. 17/069,971","","","https://scholar.google.com",189,"2023-03-01 19:04:25","Patent","","","https://scholar.google.com/citations?view_op=view_citation&hl=en&user=-mZYUzsAAAAJ&cstart=100&pagesize=100&citation_for_view=-mZYUzsAAAAJ:e_rmSamDkqQC",,,,,0,0.00,0,4,2,"","",""
0,"JM Luther, A Hazarika","Perovskite nanocrystals and methods of making the same",2021,"National Renewable Energy Lab.(NREL), Golden, CO (United States)","","","https://scholar.google.com",190,"2023-03-01 19:04:25","","","","https://scholar.google.com/citations?view_op=view_citation&hl=en&user=-mZYUzsAAAAJ&cstart=100&pagesize=100&citation_for_view=-mZYUzsAAAAJ:Dip1O2bNi0gC",,,,,0,0.00,0,2,2,"","",""
0,"S Dunfield, S Cacovich, D Regaldo, JB Puel, M Frégnaux, T Klein, ...","Study of electronic properties of perovskite materials and their interfaces with extracting layers in lateral heterojunction configuration",2021,"Journées Nationales du Photovoltaïque, JNPV","","","https://scholar.google.com",191,"2023-03-01 19:04:25","Journal article","","","https://scholar.google.com/citations?view_op=view_citation&hl=en&user=-mZYUzsAAAAJ&cstart=100&pagesize=100&citation_for_view=-mZYUzsAAAAJ:lmc2jWPfTJgC",2020,,,,0,0.00,0,7,2,"","",""
0,"LM Wheeler, JM Luther, JA Christians, JJ Berry","Energy-harvesting chromogenic devices",2020,"National Renewable Energy Lab.(NREL), Golden, CO (United States)","","","https://scholar.google.com",192,"2023-03-01 19:04:25","","","","https://scholar.google.com/citations?view_op=view_citation&hl=en&user=-mZYUzsAAAAJ&cstart=100&pagesize=100&citation_for_view=-mZYUzsAAAAJ:0izLItjtcgwC",,,,,0,0.00,0,4,3,"","",""
0,"LM Wheeler, JM Luther, JA Christians, JJ Berry","Energy-harvesting chromogenic devices",2020,"US Patent 10,844,658","","","https://scholar.google.com",193,"2023-03-01 19:04:25","Patent","","","https://scholar.google.com/citations?view_op=view_citation&hl=en&user=-mZYUzsAAAAJ&cstart=100&pagesize=100&citation_for_view=-mZYUzsAAAAJ:PELIpwtuRlgC",,,,,0,0.00,0,4,3,"","",""
0,"JL Blackburn, J Hao, YH Kim, H Lu, SN Habisreutinger, JM Luther","(Invited) Organic/Inorganic Hybrid Interfaces between Perovskite Semiconductors and Semiconducting Swcnts for Energy Harvesting and Conversion",2020,"Electrochemical Society Meeting Abstracts","","","https://scholar.google.com",194,"2023-03-01 19:04:25","Abstract","","","https://scholar.google.com/citations?view_op=view_citation&hl=en&user=-mZYUzsAAAAJ&cstart=100&pagesize=100&citation_for_view=-mZYUzsAAAAJ:g3aElNc5_aQC",237,,693,693,0,0.00,0,6,3,"","",""
0,"J Vigil, M Toney, J Luther","Particle Ordering and A-site Composition Effects in Hybrid Organic-Inorganic Metal Halide Perovskite Quantum Dot Films",2020,"Bulletin of the American Physical Society","","","https://scholar.google.com",195,"2023-03-01 19:04:25","Journal article","","","https://scholar.google.com/citations?view_op=view_citation&hl=en&user=-mZYUzsAAAAJ&cstart=100&pagesize=100&citation_for_view=-mZYUzsAAAAJ:uJ-U7cs_P_0C",65,,,,0,0.00,0,3,3,"","",""
0,"K Young-Hoon, Z Yaxin, EA Gaulding, SN Habisreutinger, T Moot, ...","Circularly Polarized Luminescence from Perovskite Nanocrystals with Chiral Ligands Attached During Synthesis or Through Post-Synthetic Ligand Exchange",2020,"ACS Nano","","","https://scholar.google.com",196,"2023-03-01 19:04:25","Journal article","","","https://scholar.google.com/citations?view_op=view_citation&hl=en&user=-mZYUzsAAAAJ&cstart=100&pagesize=100&citation_for_view=-mZYUzsAAAAJ:kz9GbA2Ns4gC",14,7,8816,8816,0,0.00,0,6,3,"","",""
0,"J Xu, C Boyd, D Witter, JM Luther, MD McGehee","Triple-halide Bandgap Tuning In Top Cells For Perovskite/Si Tandems",2019,"2019 IEEE 46th Photovoltaic Specialists Conference (PVSC)","","","https://scholar.google.com",197,"2023-03-01 19:04:25","Conference paper","","","https://scholar.google.com/citations?view_op=view_citation&hl=en&user=-mZYUzsAAAAJ&cstart=100&pagesize=100&citation_for_view=-mZYUzsAAAAJ:XD-gHx7UXLsC",,,91,94,0,0.00,0,5,4,"","",""
0,"JM Luther","(Invited) Metal Halide Perovskites at the Nanoscale: High Quality Optoelectronic Materials with Unique Phase Properties",2019,"Electrochemical Society Meeting Abstracts","","","https://scholar.google.com",198,"2023-03-01 19:04:25","Abstract","","","https://scholar.google.com/citations?view_op=view_citation&hl=en&user=-mZYUzsAAAAJ&cstart=100&pagesize=100&citation_for_view=-mZYUzsAAAAJ:0KyAp5RtaNEC",235,,864,864,0,0.00,0,1,4,"","",""
0,"JM Luther, A Swarnkar, AR Marshall, EM Sanehira","Nanoparticles for photovoltaic and LED devices and methods of making the same",2019,"US Patent 10,273,403","","","https://scholar.google.com",199,"2023-03-01 19:04:25","Patent","","","https://scholar.google.com/citations?view_op=view_citation&hl=en&user=-mZYUzsAAAAJ&cstart=100&pagesize=100&citation_for_view=-mZYUzsAAAAJ:evX43VCCuoAC",,,,,0,0.00,0,4,4,"","",""
0,"M Suri, L Wheeler, A Hazarika, B Larson, JM Luther, BA Korgel","Perovskite Quantum Dot Photovoltaics: Ligand Chemistry, Optoelectronics, and Charge Transport for High Voltage Solar Cells",2018,"2018 AIChE Annual Meeting","","","https://scholar.google.com",200,"2023-03-01 19:04:25","Conference paper","","","https://scholar.google.com/citations?view_op=view_citation&hl=en&user=-mZYUzsAAAAJ&cstart=100&pagesize=100&citation_for_view=-mZYUzsAAAAJ:BUYA1_V_uYcC",,,,,0,0.00,0,6,5,"","",""
0,"JA Christians, P Schulz, J Tinkham, TH Schloemer, BT de Villers, ...","Engineering Perovskite Solar Cell Interfaces to Realize> 1000 Hr, Unencapsulated Ambient Stability",2017,"2017 AIChE Annual Meeting","","","https://scholar.google.com",201,"2023-03-01 19:04:25","Conference paper","","","https://scholar.google.com/citations?view_op=view_citation&hl=en&user=-mZYUzsAAAAJ&cstart=200&pagesize=100&citation_for_view=-mZYUzsAAAAJ:9Nmd_mFXekcC",,,,,0,0.00,0,6,6,"","",""
0,"LT Schelhas, JA Christians, JJ Berry, MF Toney, CJ Tassone, JM Luther, ...","Operando X-Ray Diffraction for Characterization of Photovoltaic Materials",2017,"2017 IEEE 44th Photovoltaic Specialist Conference (PVSC)","","","https://scholar.google.com",202,"2023-03-01 19:04:25","Conference paper","","","https://scholar.google.com/citations?view_op=view_citation&hl=en&user=-mZYUzsAAAAJ&cstart=200&pagesize=100&citation_for_view=-mZYUzsAAAAJ:NJ774b8OgUMC",,,2176,2178,0,0.00,0,7,6,"","",""
0,"A Marshall, A Swarnkar, E Sanehira, J Luther","Phase-stabilized alpha-CsPbI3 quantum dots and fabrication of all-inorganic perovskite devices",2017,"ABSTRACTS OF PAPERS OF THE AMERICAN CHEMICAL SOCIETY","","","https://scholar.google.com",203,"2023-03-01 19:04:25","Abstract","","","https://scholar.google.com/citations?view_op=view_citation&hl=en&user=-mZYUzsAAAAJ&cstart=200&pagesize=100&citation_for_view=-mZYUzsAAAAJ:V3AGJWp-ZtQC",253,,,,0,0.00,0,4,6,"","",""
0,"A Marshall, J Johnson, J Luther, A Fidler, V Klimov, M Beard","Lead chalcogenide quantum dots: Measurements on a standardized sample",2017,"ABSTRACTS OF PAPERS OF THE AMERICAN CHEMICAL SOCIETY","","","https://scholar.google.com",204,"2023-03-01 19:04:25","Abstract","","","https://scholar.google.com/citations?view_op=view_citation&hl=en&user=-mZYUzsAAAAJ&cstart=200&pagesize=100&citation_for_view=-mZYUzsAAAAJ:kRWSkSYxWN8C",253,,,,0,0.00,0,6,6,"","",""
0,"E Miller, D Kroupa, J Zhang, P Schulz, A Marshall, A Kahn, S Lany, ...","Quantifying the energetics of PbS QD films",2016,"ABSTRACTS OF PAPERS OF THE AMERICAN CHEMICAL SOCIETY","","","https://scholar.google.com",205,"2023-03-01 19:04:25","Abstract","","","https://scholar.google.com/citations?view_op=view_citation&hl=en&user=-mZYUzsAAAAJ&cstart=200&pagesize=100&citation_for_view=-mZYUzsAAAAJ:1qzjygNMrQYC",252,,,,0,0.00,0,8,7,"","",""
0,"A Marshall, AJ Nozik, MC Beard, J Luther","Chemically modifying quantum dot surfaces to improve solar cell performance",2015,"National Renewable Energy Lab.(NREL), Golden, CO (United States)","","","https://scholar.google.com",206,"2023-03-01 19:04:25","","","","https://scholar.google.com/citations?view_op=view_citation&hl=en&user=-mZYUzsAAAAJ&cstart=200&pagesize=100&citation_for_view=-mZYUzsAAAAJ:UxriW0iASnsC",,,,,0,0.00,0,4,8,"","",""
0,"R Crisp, J Zhang, J Gao, A Marshall, D Kroupa, E Miller, MC Beard, ...","PbS and PbSe quantum dot solar cells: Ion exchange synthesis and metal halide surface passivation for high efficiency devices",2015,"National Renewable Energy Lab.(NREL), Golden, CO (United States)","","","https://scholar.google.com",207,"2023-03-01 19:04:25","","","","https://scholar.google.com/citations?view_op=view_citation&hl=en&user=-mZYUzsAAAAJ&cstart=200&pagesize=100&citation_for_view=-mZYUzsAAAAJ:KxtntwgDAa4C",,,,,0,0.00,0,8,8,"","",""
0,"T Zhang, M Yang, EE Benson, Z Li, J van de Lagemaat, JM Luther, Y Yan, ...","facile solvothermal growth of single crystal mixed halide perovskite CH₃NH₃Pb (Br₁₋ ₓClₓ) ₃",2015,"Chemical communications","","","https://scholar.google.com",208,"2023-03-01 19:04:25","","","","https://scholar.google.com/citations?view_op=view_citation&hl=en&user=-mZYUzsAAAAJ&cstart=200&pagesize=100&citation_for_view=-mZYUzsAAAAJ:yB1At4FlUx8C",,,,,0,0.00,0,8,8,"","",""
0,"R Ihly, SU Nanayakkara, J Gao, J Zhang, M Law, JM Luther","Imaging interfacial layers and internal fields in nanocrystalline junctions",2014,"2014 IEEE 40th Photovoltaic Specialist Conference (PVSC)","","","https://scholar.google.com",209,"2023-03-01 19:04:25","Conference paper","","","https://scholar.google.com/citations?view_op=view_citation&hl=en&user=-mZYUzsAAAAJ&cstart=200&pagesize=100&citation_for_view=-mZYUzsAAAAJ:zA6iFVUQeVQC",,,3498,3501,0,0.00,0,6,9,"","",""
0,"OE Semonin, JM Luther, MC Beard, HY Chen","Secondary treatment of films of colloidal quantum dots for optoelectronics and devices produced thereby",2014,"US Patent App. 14/176,254","","","https://scholar.google.com",210,"2023-03-01 19:04:25","Patent","","","https://scholar.google.com/citations?view_op=view_citation&hl=en&user=-mZYUzsAAAAJ&cstart=200&pagesize=100&citation_for_view=-mZYUzsAAAAJ:J-pR_7NvFogC",,,,,0,0.00,0,4,9,"","",""
0,"R Callahan, R Crisp, G Rumbles, J Luther","Carrier Transport in CdTe Nanocrystals and Coupled Films As Measured with Time-Resolved Microwave Conductivity",2014,"Electrochemical Society Meeting Abstracts","","","https://scholar.google.com",211,"2023-03-01 19:04:25","Abstract","","","https://scholar.google.com/citations?view_op=view_citation&hl=en&user=-mZYUzsAAAAJ&cstart=200&pagesize=100&citation_for_view=-mZYUzsAAAAJ:Z5m8FVwuT1cC",225,,1701,1701,0,0.00,0,4,9,"","",""
0,"M Reese, C Perkins, J Luther, T Barnes, W Metzger","Surface passivation studies of CdTe single crystals and polycrystalline films",2014,"APS March Meeting Abstracts 2014, C1.","","","https://scholar.google.com",212,"2023-03-01 19:04:25","Abstract","","","https://scholar.google.com/citations?view_op=view_citation&hl=en&user=-mZYUzsAAAAJ&cstart=200&pagesize=100&citation_for_view=-mZYUzsAAAAJ:vV6vV6tmYwMC",295,,,,0,0.00,0,5,9,"","",""
0,"R Stults, B Farris, A Nozik, J Johnson, A Dillon, J Luther, K Alberi, ...","NREL Deliberate Science",2012,"National Renewable Energy Lab.(NREL), Golden, CO (United States)","","","https://scholar.google.com",213,"2023-03-01 19:04:25","","","","https://scholar.google.com/citations?view_op=view_citation&hl=en&user=-mZYUzsAAAAJ&cstart=200&pagesize=100&citation_for_view=-mZYUzsAAAAJ:M05iB0D1s5AC",,,,,0,0.00,0,8,11,"","",""
0,"O Semonin, J Luther, M Beard, J Johnson, J Gao, A Nozik","Approaches to Future Generation Photovoltaics and Solar Fuels: Quantum Dots, Arrays, and Quantum Dot Solar Cells",2012,"National Renewable Energy Lab.(NREL), Golden, CO (United States)","","","https://scholar.google.com",214,"2023-03-01 19:04:25","","","","https://scholar.google.com/citations?view_op=view_citation&hl=en&user=-mZYUzsAAAAJ&cstart=200&pagesize=100&citation_for_view=-mZYUzsAAAAJ:ns9cj8rnVeAC",,,,,0,0.00,0,6,11,"","",""
0,"AJ Nozik, MC Beard, JC Johnson, MC Hanna, JM Luther, A Midgett, ...","Approaches to Future Generation Photovoltaics and Solar Fuels: Multiple Exciton Generation in Quantum Dots, Quantum Dot Arrays, Molecular Singlet Fission, and Quantum Dot Solar …",2012,"National Renewable Energy Lab.(NREL), Golden, CO (United States)","","","https://scholar.google.com",215,"2023-03-01 19:04:25","","","","https://scholar.google.com/citations?view_op=view_citation&hl=en&user=-mZYUzsAAAAJ&cstart=200&pagesize=100&citation_for_view=-mZYUzsAAAAJ:_Qo2XoVZTnwC",,,,,0,0.00,0,7,11,"","",""
0,"JM Luther, OE Semonin, MC Beard, J Gao, AJ Nozik","Multiple Exciton Generation Solar Cells",2012,"National Renewable Energy Lab.(NREL), Golden, CO (United States)","","","https://scholar.google.com",216,"2023-03-01 19:04:25","","","","https://scholar.google.com/citations?view_op=view_citation&hl=en&user=-mZYUzsAAAAJ&cstart=200&pagesize=100&citation_for_view=-mZYUzsAAAAJ:e5wmG9Sq2KIC",,,,,0,0.00,0,5,11,"","",""
0,"E RYAN SMITH, JM LUTHER, JC JOHNSON","Ultrafast Electronic Delocalization in CdSe/CdS Quantum Rod Heterostructures",2011,"Nano letters (Print)","","","https://scholar.google.com",217,"2023-03-01 19:04:25","Journal article","","","https://scholar.google.com/citations?view_op=view_citation&hl=en&user=-mZYUzsAAAAJ&cstart=200&pagesize=100&citation_for_view=-mZYUzsAAAAJ:tS2w5q8j5-wC",11,11,4923,4931,0,0.00,0,3,12,"","",""
0,"OE Semonin, S Choi, JM Luther, MC Beard, AJ Nozikz","Optical characterization and modeling of the lead chalcogenide quantum dot solar cell: A rational approach to device development and multiple exciton generation",2010,"2010 35th IEEE Photovoltaic Specialists Conference","","","https://scholar.google.com",218,"2023-03-01 19:04:25","Conference paper","","","https://scholar.google.com/citations?view_op=view_citation&hl=en&user=-mZYUzsAAAAJ&cstart=200&pagesize=100&citation_for_view=-mZYUzsAAAAJ:M3ejUd6NZC8C",,,3374,3377,0,0.00,0,5,13,"","",""
0,"JM Luther, H Zheng, B Sadtler, AP Alivisatos","Independent control of the shape and composition of ionic nanocrystals through sequential cation exchange reactions",2009,"Nature Chemistry","","","https://scholar.google.com",219,"2023-03-01 19:04:25","","","","https://scholar.google.com/citations?view_op=view_citation&hl=en&user=-mZYUzsAAAAJ&cstart=200&pagesize=100&citation_for_view=-mZYUzsAAAAJ:wbdj-CoPYUoC",,,,,0,0.00,0,4,14,"","",""
0,"JM Luther","Nanocrystalline Photovoltaic Devices for Multiple Excition Generation",2008,"Colorado School of Mines","","","https://scholar.google.com",220,"2023-03-01 19:04:25","","","","https://scholar.google.com/citations?view_op=view_citation&hl=en&user=-mZYUzsAAAAJ&cstart=200&pagesize=100&citation_for_view=-mZYUzsAAAAJ:kNdYIx-mwKoC",,,,,0,0.00,0,1,15,"","",""
0,"R Ahrenkiel","Electron Transport in Dilute Alloys of GaAs (1-x) N (x)",2005,"APS March Meeting Abstracts, H15.","","","https://scholar.google.com",221,"2023-03-01 19:04:25","Abstract","","","https://scholar.google.com/citations?view_op=view_citation&hl=en&user=-mZYUzsAAAAJ&cstart=200&pagesize=100&citation_for_view=-mZYUzsAAAAJ:QIV2ME_5wuYC",8,,,,0,0.00,0,1,18,"","",""
0,"R Reedy, J Luther, J Dashdorj","Relationship of Recombination Lifetime and Dark Current in Silicon pn Junctions",2005,"","","","https://scholar.google.com",222,"2023-03-01 19:04:25","","","","https://scholar.google.com/citations?view_op=view_citation&hl=en&user=-mZYUzsAAAAJ&cstart=200&pagesize=100&citation_for_view=-mZYUzsAAAAJ:vRqMK49ujn8C",,,,,0,0.00,0,3,18,"","",""
0,"J Luther","Photovoltaics-hew horizons; Photovoltaik-Neue Horizonte",2004,"","","","https://scholar.google.com",223,"2023-03-01 19:04:25","","","","https://scholar.google.com/citations?view_op=view_citation&hl=en&user=-mZYUzsAAAAJ&cstart=200&pagesize=100&citation_for_view=-mZYUzsAAAAJ:Y5dfb0dijaUC",,,,,0,0.00,0,1,19,"","",""
0,"EA Gaulding, X Chen, Y Yang, SP Harvey, B To, YH Kim, MC Beard, ...","Embedding PbS QDs in Pb-halide perovskite matrices: QD Surface chemistry and antisolvent effects on QD dispersion and confinement properties",,"","","","https://scholar.google.com",224,"2023-03-01 19:04:25","","","","https://scholar.google.com/citations?view_op=view_citation&hl=en&user=-mZYUzsAAAAJ&cstart=200&pagesize=100&citation_for_view=-mZYUzsAAAAJ:mlAyqtXpCwEC",,,,,0,0.00,0,8,,"","",""
0,"EA Gaulding, X Chen, Y Yang, SP Harvey, B To, YH Kim, MC Beard, ...","Supporting Information: Embedding PbS QDs in Pb-halide perovskite matrices: QD Surface chemistry and antisolvent effects on QD dispersion and confinement properties",,"","","","https://scholar.google.com",225,"2023-03-01 19:04:25","","","","https://scholar.google.com/citations?view_op=view_citation&hl=en&user=-mZYUzsAAAAJ&cstart=200&pagesize=100&citation_for_view=-mZYUzsAAAAJ:5qfkUJPXOUwC",,,,,0,0.00,0,8,,"","",""
0,"C Sercel, JM Luther, JL Blackburn","Conductivity Tuning via Doping with Electron Donating and Withdrawing Molecules in Perovskite CsPbI3 Nanocrystal Films E. Ashley Gaulding, Ji Hao, Hyun Suk Kang, Elisa M …",,"","","","https://scholar.google.com",226,"2023-03-01 19:04:25","","","","https://scholar.google.com/citations?view_op=view_citation&hl=en&user=-mZYUzsAAAAJ&cstart=200&pagesize=100&citation_for_view=-mZYUzsAAAAJ:oNZyr7d5Mn4C",,,,,0,0.00,0,3,,"","",""
0,"JM Luther","Metal Halide Perovskites at the Nanoscale: high quality optoelectronic materials with many unique properties and distinctions from thin film perovskites.",,"","","","https://scholar.google.com",227,"2023-03-01 19:04:25","","","","https://scholar.google.com/citations?view_op=view_citation&hl=en&user=-mZYUzsAAAAJ&cstart=200&pagesize=100&citation_for_view=-mZYUzsAAAAJ:fEOibwPWpKIC",,,,,0,0.00,0,1,,"","",""
0,"J Bylsma, P Dey, J Paul, S Hoogland, EH Sargent, JM Luther, MC Beard, ...","REVIEW COPY NOT FOR DISTRIBUTION",,"Phys Rev B 86, 125322,","","","https://scholar.google.com",228,"2023-03-01 19:04:25","","","","https://scholar.google.com/citations?view_op=view_citation&hl=en&user=-mZYUzsAAAAJ&cstart=200&pagesize=100&citation_for_view=-mZYUzsAAAAJ:35r97b3x0nAC",,,,,0,0.00,0,8,,"","",""
0,"KH Stone, M Yang, LT Schelhas, VL Pool, EM Sanehira, DP Ostrowski, ...","Structural Heterogeneity in CH3NH3PbI3 perovskite solar cells: amorphous content",,"","","","https://scholar.google.com",229,"2023-03-01 19:04:25","","","","https://scholar.google.com/citations?view_op=view_citation&hl=en&user=-mZYUzsAAAAJ&cstart=200&pagesize=100&citation_for_view=-mZYUzsAAAAJ:WbkHhVStYXYC",,,,,0,0.00,0,7,,"","",""
