Cites,Authors,Title,Year,Source,Publisher,ArticleURL,CitesURL,GSRank,QueryDate,Type,DOI,ISSN,CitationURL,Volume,Issue,StartPage,EndPage,ECC,CitesPerYear,CitesPerAuthor,AuthorCount,Age,Abstract,FullTextURL,RelatedURL
996,"A Kahn, N Koch, W Gao","Electronic structure and electrical properties of interfaces between metals and π‐conjugated molecular films",2003,"Journal of Polymer Science Part B: Polymer Physics","","","https://scholar.google.com/scholar?oi=bibs&hl=en&cites=1611298714786846830",1,"2023-03-01 19:14:36","Journal article","","","https://scholar.google.com/citations?view_op=view_citation&hl=en&user=1EaLR-UAAAAJ&pagesize=100&citation_for_view=1EaLR-UAAAAJ:u5HHmVD_uO8C",41,21,2529,2548,996,49.80,332,3,20,"","",""
911,"N Koch","Organic electronic devices and their functional interfaces",2007,"ChemPhysChem","","","https://scholar.google.com/scholar?oi=bibs&hl=en&cites=6529143665848206413",2,"2023-03-01 19:14:36","Journal article","","","https://scholar.google.com/citations?view_op=view_citation&hl=en&user=1EaLR-UAAAAJ&pagesize=100&citation_for_view=1EaLR-UAAAAJ:u-x6o8ySG0sC",8,10,1438,1455,911,56.94,911,1,16,"","",""
647,"S Duhm, G Heimel, I Salzmann, H Glowatzki, RL Johnson, A Vollmer, ...","Orientation-dependent ionization energies and interface dipoles in ordered molecular assemblies",2008,"Nature materials","","","https://scholar.google.com/scholar?oi=bibs&hl=en&cites=10488622630284431445",3,"2023-03-01 19:14:36","Journal article","","","https://scholar.google.com/citations?view_op=view_citation&hl=en&user=1EaLR-UAAAAJ&pagesize=100&citation_for_view=1EaLR-UAAAAJ:9yKSN-GCB0IC",7,4,326,332,647,43.13,92,7,15,"","",""
644,"N Koch, A Kahn, J Ghijsen, JJ Pireaux, J Schwartz, RL Johnson, ...","Conjugated organic molecules on metal versus polymer electrodes: Demonstration of a key energy level alignment mechanism",2003,"Applied Physics Letters","","","https://scholar.google.com/scholar?oi=bibs&hl=en&cites=17939590976504761647",4,"2023-03-01 19:14:36","Journal article","","","https://scholar.google.com/citations?view_op=view_citation&hl=en&user=1EaLR-UAAAAJ&pagesize=100&citation_for_view=1EaLR-UAAAAJ:d1gkVwhDpl0C",82,1,70,72,644,32.20,92,7,20,"","",""
579,"I Salzmann, G Heimel, M Oehzelt, S Winkler, N Koch","Molecular Electrical Doping of Organic Semiconductors: Fundamental Mechanisms and Emerging Dopant Design Rules",2016,"Accounts of chemical research","","","https://scholar.google.com/scholar?oi=bibs&hl=en&cites=8073424884441870035",5,"2023-03-01 19:14:36","Journal article","","","https://scholar.google.com/citations?view_op=view_citation&hl=en&user=1EaLR-UAAAAJ&pagesize=100&citation_for_view=1EaLR-UAAAAJ:_axFR9aDTf0C",49,3,370,378,579,82.71,116,5,7,"","",""
464,"M Stolterfoht, P Caprioglio, CM Wolff, JA Márquez, J Nordmann, S Zhang, ...","The impact of energy alignment and interfacial recombination on the internal and external open-circuit voltage of perovskite solar cells",2019,"Energy &Environmental Science","","","https://scholar.google.com/scholar?oi=bibs&hl=en&cites=16109835468198650377",6,"2023-03-01 19:14:36","Journal article","","","https://scholar.google.com/citations?view_op=view_citation&hl=en&user=1EaLR-UAAAAJ&pagesize=100&citation_for_view=1EaLR-UAAAAJ:HhcuHIWmDEUC",12,9,2778,2788,464,116.00,66,7,4,"","",""
424,"AD Jodlowski, C Roldán-Carmona, G Grancini, M Salado, M Ralaiarisoa, ...","Large guanidinium cation mixed with methylammonium in lead iodide perovskites for 19% efficient solar cells",2017,"Nature Energy","","","https://scholar.google.com/scholar?oi=bibs&hl=en&cites=4612821063118209703",7,"2023-03-01 19:14:36","Journal article","","","https://scholar.google.com/citations?view_op=view_citation&hl=en&user=1EaLR-UAAAAJ&pagesize=100&citation_for_view=1EaLR-UAAAAJ:BJbdYPG6LGMC",2,12,972,979,424,70.67,71,6,6,"","",""
420,"S Albrecht, S Janietz, W Schindler, J Frisch, J Kurpiers, J Kniepert, S Inal, ...","Fluorinated copolymer PCPDTBT with enhanced open-circuit voltage and reduced recombination for highly efficient polymer solar cells",2012,"Journal of the American Chemical Society","","","https://scholar.google.com/scholar?oi=bibs&hl=en&cites=16239799185718185716",8,"2023-03-01 19:14:36","Journal article","","","https://scholar.google.com/citations?view_op=view_citation&hl=en&user=1EaLR-UAAAAJ&pagesize=100&citation_for_view=1EaLR-UAAAAJ:zYLM7Y9cAGgC",134,36,14932,14944,420,38.18,53,8,11,"","",""
396,"EL Hanson, J Schwartz, B Nickel, N Koch, MF Danisman","Bonding self-assembled, compact organophosphonate monolayers to the native oxide surface of silicon",2003,"Journal of the American Chemical Society","","","https://scholar.google.com/scholar?oi=bibs&hl=en&cites=5127789389314809824",9,"2023-03-01 19:14:36","Journal article","","","https://scholar.google.com/citations?view_op=view_citation&hl=en&user=1EaLR-UAAAAJ&pagesize=100&citation_for_view=1EaLR-UAAAAJ:UeHWp8X0CEIC",125,51,16074,16080,396,19.80,79,5,20,"","",""
378,"ES Gawalt, MJ Avaltroni, N Koch, J Schwartz","Self-assembly and bonding of alkanephosphonic acids on the native oxide surface of titanium",2001,"Langmuir","","","https://scholar.google.com/scholar?oi=bibs&hl=en&cites=13437752481051036690",10,"2023-03-01 19:14:36","Journal article","","","https://scholar.google.com/citations?view_op=view_citation&hl=en&user=1EaLR-UAAAAJ&pagesize=100&citation_for_view=1EaLR-UAAAAJ:2osOgNQ5qMEC",17,19,5736,5738,378,17.18,95,4,22,"","",""
358,"M Oehzelt, N Koch, G Heimel","Organic semiconductor density of states controls the energy level alignment at electrode interfaces",2014,"Nature communications","","","https://scholar.google.com/scholar?oi=bibs&hl=en&cites=1392164127401531166",11,"2023-03-01 19:14:36","Journal article","","","https://scholar.google.com/citations?view_op=view_citation&hl=en&user=1EaLR-UAAAAJ&pagesize=100&citation_for_view=1EaLR-UAAAAJ:RHpTSmoSYBkC",5,,4174,4174,358,39.78,119,3,9,"","",""
349,"M Schubert, D Dolfen, J Frisch, S Roland, R Steyrleuthner, B Stiller, ...","Influence of Aggregation on the Performance of All‐Polymer Solar Cells Containing Low‐Bandgap Naphthalenediimide Copolymers",2012,"Advanced Energy Materials","","","https://scholar.google.com/scholar?oi=bibs&hl=en&cites=12606853371297852160",12,"2023-03-01 19:14:36","Journal article","","","https://scholar.google.com/citations?view_op=view_citation&hl=en&user=1EaLR-UAAAAJ&pagesize=100&citation_for_view=1EaLR-UAAAAJ:eQOLeE2rZwMC",2,3,369,380,349,31.73,50,7,11,"","",""
343,"H Méndez, G Heimel, S Winkler, J Frisch, A Opitz, K Sauer, B Wegner, ...","Charge-transfer crystallites as molecular electrical dopants",2015,"Nature communications","","","https://scholar.google.com/scholar?oi=bibs&hl=en&cites=15912708271132892115",13,"2023-03-01 19:14:36","Journal article","","","https://scholar.google.com/citations?view_op=view_citation&hl=en&user=1EaLR-UAAAAJ&pagesize=100&citation_for_view=1EaLR-UAAAAJ:HbR8gkJAVGIC",6,,8560,8560,343,42.88,43,8,8,"","",""
335,"N Koch, S Duhm, JP Rabe, A Vollmer, RL Johnson","Optimized hole injection with strong electron acceptors at organic-metal interfaces",2005,"Physical review letters","","","https://scholar.google.com/scholar?oi=bibs&hl=en&cites=6564153152515513750",14,"2023-03-01 19:14:36","Journal article","","","https://scholar.google.com/citations?view_op=view_citation&hl=en&user=1EaLR-UAAAAJ&pagesize=100&citation_for_view=1EaLR-UAAAAJ:IjCSPb-OGe4C",95,23,237601,237601,335,18.61,67,5,18,"","",""
281,"G Lu, J Blakesley, S Himmelberger, P Pingel, J Frisch, I Lieberwirth, ...","Moderate doping leads to high performance of semiconductor/insulator polymer blend transistors",2013,"Nature communications","","","https://scholar.google.com/scholar?oi=bibs&hl=en&cites=9611096610115803343",15,"2023-03-01 19:14:36","Journal article","","","https://scholar.google.com/citations?view_op=view_citation&hl=en&user=1EaLR-UAAAAJ&pagesize=100&citation_for_view=1EaLR-UAAAAJ:TQgYirikUcIC",4,,1588,1588,281,28.10,40,7,10,"","",""
276,"S Duhm, A Gerlach, I Salzmann, B Bröker, RL Johnson, F Schreiber, ...","PTCDA on Au (111), Ag (111) and Cu (111): correlation of interface charge transfer to bonding distance",2008,"Organic Electronics","","","https://scholar.google.com/scholar?oi=bibs&hl=en&cites=16615940382559218547",16,"2023-03-01 19:14:36","Journal article","","","https://scholar.google.com/citations?view_op=view_citation&hl=en&user=1EaLR-UAAAAJ&pagesize=100&citation_for_view=1EaLR-UAAAAJ:_FxGoFyzp5QC",9,1,111,118,276,18.40,39,7,15,"","",""
265,"R Ruiz, B Nickel, N Koch, LC Feldman, RF Haglund, A Kahn, G Scoles","Pentacene ultrathin film formation on reduced and oxidized Si surfaces",2003,"Physical Review B","","","https://scholar.google.com/scholar?oi=bibs&hl=en&cites=18225513964698272041",17,"2023-03-01 19:14:36","Journal article","","","https://scholar.google.com/citations?view_op=view_citation&hl=en&user=1EaLR-UAAAAJ&pagesize=100&citation_for_view=1EaLR-UAAAAJ:qjMakFHDy7sC",67,12,125406,125406,265,13.25,38,7,20,"","",""
264,"T Schultz, NC Frey, K Hantanasirisakul, S Park, SJ May, VB Shenoy, ...","Surface Termination Dependent Work Function and Electronic Properties of Ti3C2Tx MXene",2019,"Chemistry of Materials","","","https://scholar.google.com/scholar?oi=bibs&hl=en&cites=8391645179358156180",18,"2023-03-01 19:14:36","Journal article","","","https://scholar.google.com/citations?view_op=view_citation&hl=en&user=1EaLR-UAAAAJ&pagesize=100&citation_for_view=1EaLR-UAAAAJ:-jrNzM816MMC",31,17,6590,6597,264,66.00,38,7,4,"","",""
257,"E Orgiu, N Crivillers, M Herder, L Grubert, M Pätzel, J Frisch, E Pavlica, ...","Optically switchable transistor via energy-level phototuning in a bicomponent organic semiconductor",2012,"Nature chemistry","","","https://scholar.google.com/scholar?oi=bibs&hl=en&cites=16045676816081741539",19,"2023-03-01 19:14:36","Journal article","","","https://scholar.google.com/citations?view_op=view_citation&hl=en&user=1EaLR-UAAAAJ&pagesize=100&citation_for_view=1EaLR-UAAAAJ:M3ejUd6NZC8C",4,8,675,679,257,23.36,32,8,11,"","",""
252,"N Koch","Energy levels at interfaces between metals and conjugated organic molecules",2008,"Journal of Physics: Condensed Matter","","","https://scholar.google.com/scholar?oi=bibs&hl=en&cites=4553292910310635372",20,"2023-03-01 19:14:36","Journal article","","","https://scholar.google.com/citations?view_op=view_citation&hl=en&user=1EaLR-UAAAAJ&pagesize=100&citation_for_view=1EaLR-UAAAAJ:W7OEmFMy1HYC",20,18,184008,184008,252,16.80,252,1,15,"","",""
251,"H Méndez, G Heimel, A Opitz, K Sauer, P Barkowski, M Oehzelt, J Soeda, ...","Doping of organic semiconductors: impact of dopant strength and electronic coupling",2013,"Angewandte Chemie International Edition","","","https://scholar.google.com/scholar?oi=bibs&hl=en&cites=123367915253872321",21,"2023-03-01 19:14:36","Journal article","","","https://scholar.google.com/citations?view_op=view_citation&hl=en&user=1EaLR-UAAAAJ&pagesize=100&citation_for_view=1EaLR-UAAAAJ:NMxIlDl6LWMC",52,30,7751,7755,251,25.10,31,8,10,"","",""
249,"X Cheng, YY Noh, J Wang, M Tello, J Frisch, RP Blum, A Vollmer, ...","Controlling Electron and Hole Charge Injection in Ambipolar Organic Field‐Effect Transistors by Self‐Assembled Monolayers",2009,"Advanced Functional Materials","","","https://scholar.google.com/scholar?oi=bibs&hl=en&cites=13569432961456485753",22,"2023-03-01 19:14:36","Journal article","","","https://scholar.google.com/citations?view_op=view_citation&hl=en&user=1EaLR-UAAAAJ&pagesize=100&citation_for_view=1EaLR-UAAAAJ:LkGwnXOMwfcC",19,15,2407,2415,249,17.79,31,8,14,"","",""
246,"L Romaner, G Heimel, JL Brédas, A Gerlach, F Schreiber, RL Johnson, ...","Impact of bidirectional charge transfer and molecular distortions on the electronic structure of a metal-organic interface",2007,"Physical review letters","","","https://scholar.google.com/scholar?oi=bibs&hl=en&cites=7574992547275437377",23,"2023-03-01 19:14:36","Journal article","","","https://scholar.google.com/citations?view_op=view_citation&hl=en&user=1EaLR-UAAAAJ&pagesize=100&citation_for_view=1EaLR-UAAAAJ:YsMSGLbcyi4C",99,25,256801,256801,246,15.38,35,7,16,"","",""
242,"N Koch, A Vollmer, I Salzmann, B Nickel, H Weiss, JP Rabe","Evidence for temperature-dependent electron band dispersion in pentacene",2006,"Physical review letters","","","https://scholar.google.com/scholar?oi=bibs&hl=en&cites=17864776106532677799",24,"2023-03-01 19:14:36","Journal article","","","https://scholar.google.com/citations?view_op=view_citation&hl=en&user=1EaLR-UAAAAJ&pagesize=100&citation_for_view=1EaLR-UAAAAJ:Tyk-4Ss8FVUC",96,15,156803,156803,242,14.24,40,6,17,"","",""
239,"I Salzmann, G Heimel, S Duhm, M Oehzelt, P Pingel, BM George, ...","Intermolecular hybridization governs molecular electrical doping",2012,"Physical review letters","","","https://scholar.google.com/scholar?oi=bibs&hl=en&cites=8828959291818534381",25,"2023-03-01 19:14:36","Journal article","","","https://scholar.google.com/citations?view_op=view_citation&hl=en&user=1EaLR-UAAAAJ&pagesize=100&citation_for_view=1EaLR-UAAAAJ:HDshCWvjkbEC",108,3,35502,35502,239,21.73,34,7,11,"","",""
235,"I Lange, JC Blakesley, J Frisch, A Vollmer, N Koch, D Neher","Band bending in conjugated polymer layers",2011,"Physical review letters","","","https://scholar.google.com/scholar?oi=bibs&hl=en&cites=12648587951029521271",26,"2023-03-01 19:14:36","Journal article","","","https://scholar.google.com/citations?view_op=view_citation&hl=en&user=1EaLR-UAAAAJ&pagesize=100&citation_for_view=1EaLR-UAAAAJ:MXK_kJrjxJIC",106,21,216402,216402,235,19.58,39,6,12,"","",""
227,"G Heimel, I Salzmann, S Duhm, N Koch","Design of organic semiconductors from molecular electrostatics",2011,"Chemistry of Materials","","","https://scholar.google.com/scholar?oi=bibs&hl=en&cites=8154526817229671523",27,"2023-03-01 19:14:36","Journal article","","","https://scholar.google.com/citations?view_op=view_citation&hl=en&user=1EaLR-UAAAAJ&pagesize=100&citation_for_view=1EaLR-UAAAAJ:4DMP91E08xMC",23,3,359,377,227,18.92,57,4,12,"","",""
220,"R Ruiz, B Nickel, N Koch, LC Feldman, RF Haglund Jr, A Kahn, F Family, ...","Dynamic scaling, island size distribution, and morphology in the aggregation regime of submonolayer pentacene films",2003,"Physical review letters","","","https://scholar.google.com/scholar?oi=bibs&hl=en&cites=5958593373264753531",28,"2023-03-01 19:14:36","Journal article","","","https://scholar.google.com/citations?view_op=view_citation&hl=en&user=1EaLR-UAAAAJ&pagesize=100&citation_for_view=1EaLR-UAAAAJ:Y0pCki6q_DkC",91,13,136102,136102,220,11.00,28,8,20,"","",""
218,"J Wagner, M Gruber, A Hinderhofer, A Wilke, B Bröker, J Frisch, ...","High fill factor and open circuit voltage in organic photovoltaic cells with diindenoperylene as donor material",2010,"Advanced Functional Materials","","","https://scholar.google.com/scholar?oi=bibs&hl=en&cites=18219058121576279152",29,"2023-03-01 19:14:36","Journal article","","","https://scholar.google.com/citations?view_op=view_citation&hl=en&user=1EaLR-UAAAAJ&pagesize=100&citation_for_view=1EaLR-UAAAAJ:WF5omc3nYNoC",20,24,4295,4303,218,16.77,31,7,13,"","",""
216,"EL Hanson, J Guo, N Koch, J Schwartz, SL Bernasek","Advanced surface modification of indium tin oxide for improved charge injection in organic devices",2005,"Journal of the American Chemical Society","","","https://scholar.google.com/scholar?oi=bibs&hl=en&cites=17379681190523459104",30,"2023-03-01 19:14:36","Journal article","","","https://scholar.google.com/citations?view_op=view_citation&hl=en&user=1EaLR-UAAAAJ&pagesize=100&citation_for_view=1EaLR-UAAAAJ:ufrVoPGSRksC",127,28,10058,10062,216,12.00,43,5,18,"","",""
215,"CM Wolff, F Zu, A Paulke, LP Toro, N Koch, D Neher","Reduced Interface‐Mediated Recombination for High Open‐Circuit Voltages in CH3NH3PbI3 Solar Cells",2017,"Advanced Materials","","","https://scholar.google.com/scholar?oi=bibs&hl=en&cites=16222984225515110510",31,"2023-03-01 19:14:36","Journal article","","","https://scholar.google.com/citations?view_op=view_citation&hl=en&user=1EaLR-UAAAAJ&pagesize=100&citation_for_view=1EaLR-UAAAAJ:6ZxmRoH8BuwC",29,28,1700159,1700159,215,35.83,36,6,6,"","",""
208,"G Heimel, S Duhm, I Salzmann, A Gerlach, A Strozecka, J Niederhausen, ...","Charged and metallic molecular monolayers through surface-induced aromatic stabilization",2013,"Nature chemistry","","","https://scholar.google.com/scholar?oi=bibs&hl=en&cites=16981539161125805424",32,"2023-03-01 19:14:36","Journal article","","","https://scholar.google.com/citations?view_op=view_citation&hl=en&user=1EaLR-UAAAAJ&pagesize=100&citation_for_view=1EaLR-UAAAAJ:dhFuZR0502QC",5,3,187,194,208,20.80,30,7,10,"","",""
199,"EF Aziz, A Vollmer, S Eisebitt, W Eberhardt, P Pingel, D Neher, N Koch","Localized charge transfer in a molecularly doped conducting polymer",2007,"Advanced Materials","","","https://scholar.google.com/scholar?oi=bibs&hl=en&cites=8568753338891243507",33,"2023-03-01 19:14:36","Journal article","","","https://scholar.google.com/citations?view_op=view_citation&hl=en&user=1EaLR-UAAAAJ&pagesize=100&citation_for_view=1EaLR-UAAAAJ:IWHjjKOFINEC",19,20,3257,3260,199,12.44,28,7,16,"","",""
188,"N Koch, A Gerlach, S Duhm, H Glowatzki, G Heimel, A Vollmer, ...","Adsorption-induced intramolecular dipole: Correlating molecular conformation and interface electronic structure",2008,"Journal of the American Chemical Society","","","https://scholar.google.com/scholar?oi=bibs&hl=en&cites=9014370461851179439",34,"2023-03-01 19:14:36","Journal article","","","https://scholar.google.com/citations?view_op=view_citation&hl=en&user=1EaLR-UAAAAJ&pagesize=100&citation_for_view=1EaLR-UAAAAJ:UebtZRa9Y70C",130,23,7300,7304,188,12.53,27,7,15,"","",""
187,"I Salzmann, S Duhm, G Heimel, M Oehzelt, R Kniprath, RL Johnson, ...","Tuning the ionization energy of organic semiconductor films: the role of intramolecular polar bonds",2008,"Journal of the American Chemical Society","","","https://scholar.google.com/scholar?oi=bibs&hl=en&cites=10768835587911316520",35,"2023-03-01 19:14:36","Journal article","","","https://scholar.google.com/citations?view_op=view_citation&hl=en&user=1EaLR-UAAAAJ&pagesize=100&citation_for_view=1EaLR-UAAAAJ:8k81kl-MbHgC",130,39,12870,12871,187,12.47,27,7,15,"","",""
182,"S Ravishankar, S Gharibzadeh, C Roldán-Carmona, G Grancini, Y Lee, ...","Influence of charge transport layers on open-circuit voltage and hysteresis in perovskite solar cells",2018,"Joule","","","https://scholar.google.com/scholar?oi=bibs&hl=en&cites=5561230543564833937",36,"2023-03-01 19:14:36","Journal article","","","https://scholar.google.com/citations?view_op=view_citation&hl=en&user=1EaLR-UAAAAJ&pagesize=100&citation_for_view=1EaLR-UAAAAJ:HGTzPopzzJcC",2,4,788,798,182,36.40,30,6,5,"","",""
175,"N Koch, A Vollmer, S Duhm, Y Sakamoto, T Suzuki","The effect of fluorination on pentacene/gold interface energetics and charge reorganization energy",2007,"Advanced Materials","","","https://scholar.google.com/scholar?oi=bibs&hl=en&cites=2237817445126844440",37,"2023-03-01 19:14:36","Journal article","","","https://scholar.google.com/citations?view_op=view_citation&hl=en&user=1EaLR-UAAAAJ&pagesize=100&citation_for_view=1EaLR-UAAAAJ:Se3iqnhoufwC",19,1,112,116,175,10.94,35,5,16,"","",""
171,"E Handick, P Reinhard, JH Alsmeier, L Kohler, F Pianezzi, S Krause, ...","Potassium Postdeposition Treatment-Induced Band Gap Widening at Cu(In,Ga)Se2 Surfaces – Reason for Performance Leap?",2015,"ACS applied materials &interfaces","","","https://scholar.google.com/scholar?oi=bibs&hl=en&cites=14637027842804153621",38,"2023-03-01 19:14:36","Journal article","","","https://scholar.google.com/citations?view_op=view_citation&hl=en&user=1EaLR-UAAAAJ&pagesize=100&citation_for_view=1EaLR-UAAAAJ:PoWvk5oyLR8C",7,49,27414,27420,171,21.38,24,7,8,"","",""
165,"AC Dürr, N Koch, M Kelsch, A Rühm, J Ghijsen, RL Johnson, JJ Pireaux, ...","Interplay between morphology, structure, and electronic properties at diindenoperylene-gold interfaces",2003,"Physical Review B","","","https://scholar.google.com/scholar?oi=bibs&hl=en&cites=6415900588880181643",39,"2023-03-01 19:14:36","Journal article","","","https://scholar.google.com/citations?view_op=view_citation&hl=en&user=1EaLR-UAAAAJ&pagesize=100&citation_for_view=1EaLR-UAAAAJ:roLk4NBRz8UC",68,11,115428,115428,165,8.25,21,8,20,"","",""
154,"N Koch, A Vollmer, A Elschner","Influence of water on the work function of conducting poly (3, 4-ethylenedioxythiophene)/poly (styrenesulfonate)",2007,"Applied physics letters","","","https://scholar.google.com/scholar?oi=bibs&hl=en&cites=1437249884448986442",40,"2023-03-01 19:14:36","Journal article","","","https://scholar.google.com/citations?view_op=view_citation&hl=en&user=1EaLR-UAAAAJ&pagesize=100&citation_for_view=1EaLR-UAAAAJ:3fE2CSJIrl8C",90,4,43512,43512,154,9.63,51,3,16,"","",""
146,"S Park, N Mutz, T Schultz, S Blumstengel, A Han, A Aljarb, LJ Li, ...","Direct determination of monolayer MoS2 and WSe2 exciton binding energies on insulating and metallic substrates",2018,"2D Materials","","","https://scholar.google.com/scholar?oi=bibs&hl=en&cites=9539179054651034233",41,"2023-03-01 19:14:36","Journal article","","","https://scholar.google.com/citations?view_op=view_citation&hl=en&user=1EaLR-UAAAAJ&pagesize=100&citation_for_view=1EaLR-UAAAAJ:AHdEip9mkN0C",5,2,25003,25003,146,29.20,18,8,5,"","",""
145,"FJ Zhang, A Vollmer, J Zhang, Z Xu, JP Rabe, N Koch","Energy level alignment and morphology of interfaces between molecular and polymeric organic semiconductors",2007,"Organic Electronics","","","https://scholar.google.com/scholar?oi=bibs&hl=en&cites=4219595824566020415",42,"2023-03-01 19:14:36","Journal article","","","https://scholar.google.com/citations?view_op=view_citation&hl=en&user=1EaLR-UAAAAJ&pagesize=100&citation_for_view=1EaLR-UAAAAJ:0EnyYjriUFMC",8,5,606,614,145,9.06,24,6,16,"","",""
144,"FS Zu, P Amsalem, I Salzmann, RB Wang, M Ralaiarisoa, S Kowarik, ...","Impact of white light illumination on the electronic and chemical structures of mixed halide and single crystal perovskites",2017,"Advanced Optical Materials","","","https://scholar.google.com/scholar?oi=bibs&hl=en&cites=11799143289019510456",43,"2023-03-01 19:14:36","Journal article","","","https://scholar.google.com/citations?view_op=view_citation&hl=en&user=1EaLR-UAAAAJ&pagesize=100&citation_for_view=1EaLR-UAAAAJ:a9-T7VOCCH8C",5,9,1700139,1700139,144,24.00,21,7,6,"","",""
137,"A Gerlach, S Sellner, F Schreiber, N Koch, J Zegenhagen","Substrate-dependent bonding distances of PTCDA: A comparative x-ray standing-wave study on Cu (111) and Ag (111)",2007,"Physical Review B","","","https://scholar.google.com/scholar?oi=bibs&hl=en&cites=15375551314899293465",44,"2023-03-01 19:14:36","Journal article","","","https://scholar.google.com/citations?view_op=view_citation&hl=en&user=1EaLR-UAAAAJ&pagesize=100&citation_for_view=1EaLR-UAAAAJ:KlAtU1dfN6UC",75,4,45401,45401,137,8.56,27,5,16,"","",""
136,"S Rentenberger, A Vollmer, E Zojer, R Schennach, N Koch","UV∕ ozone treated Au for air-stable, low hole injection barrier electrodes in organic electronics",2006,"Journal of applied physics","","","https://scholar.google.com/scholar?oi=bibs&hl=en&cites=11920425641538704554",45,"2023-03-01 19:14:36","Journal article","","","https://scholar.google.com/citations?view_op=view_citation&hl=en&user=1EaLR-UAAAAJ&pagesize=100&citation_for_view=1EaLR-UAAAAJ:Wp0gIr-vW9MC",100,5,53701,53701,136,8.00,27,5,17,"","",""
136,"N Koch, A Elschner, J Schwartz, A Kahn","Organic molecular films on gold versus conducting polymer: influence of injection barrier height and morphology on current-voltage characteristics",2003,"Applied physics letters","","","https://scholar.google.com/scholar?oi=bibs&hl=en&cites=6382744312793306900",46,"2023-03-01 19:14:36","Journal article","","","https://scholar.google.com/citations?view_op=view_citation&hl=en&user=1EaLR-UAAAAJ&pagesize=100&citation_for_view=1EaLR-UAAAAJ:hqOjcs7Dif8C",82,14,2281,2281,136,6.80,34,4,20,"","",""
135,"Y Ito, C Christodoulou, MV Nardi, N Koch, H Sachdev, K Müllen","Chemical vapor deposition of n-doped graphene and carbon films: the role of precursors and gas phase",2014,"ACS nano","","","https://scholar.google.com/scholar?oi=bibs&hl=en&cites=6439686842020809717",47,"2023-03-01 19:14:36","Journal article","","","https://scholar.google.com/citations?view_op=view_citation&hl=en&user=1EaLR-UAAAAJ&pagesize=100&citation_for_view=1EaLR-UAAAAJ:cFHS6HbyZ2cC",8,4,3337,3346,135,15.00,23,6,9,"","",""
135,"R Schlesinger, Y Xu, OT Hofmann, S Winkler, J Frisch, J Niederhausen, ...","Controlling the work function of ZnO and the energy-level alignment at the interface to organic semiconductors with a molecular electron acceptor",2013,"Physical Review B","","","https://scholar.google.com/scholar?oi=bibs&hl=en&cites=16140233290720729103",48,"2023-03-01 19:14:36","Journal article","","","https://scholar.google.com/citations?view_op=view_citation&hl=en&user=1EaLR-UAAAAJ&pagesize=100&citation_for_view=1EaLR-UAAAAJ:70eg2SAEIzsC",87,15,155311,155311,135,13.50,19,7,10,"","",""
135,"Y Liang, J Frisch, L Zhi, H Norouzi-Arasi, X Feng, JP Rabe, N Koch, ...","Transparent, highly conductive graphene electrodes from acetylene-assisted thermolysis of graphite oxide sheets and nanographene molecules",2009,"Nanotechnology","","","https://scholar.google.com/scholar?oi=bibs&hl=en&cites=7755560494338937699",49,"2023-03-01 19:14:36","Journal article","","","https://scholar.google.com/citations?view_op=view_citation&hl=en&user=1EaLR-UAAAAJ&pagesize=100&citation_for_view=1EaLR-UAAAAJ:YOwf2qJgpHMC",20,43,434007,434007,135,9.64,17,8,14,"","",""
135,"GM Rangger, OT Hofmann, L Romaner, G Heimel, B Bröker, RP Blum, ...","F4TCNQ on Cu, Ag, and Au as prototypical example for a strong organic acceptor on coinage metals",2009,"Physical Review B","","","https://scholar.google.com/scholar?oi=bibs&hl=en&cites=1631591715115108710",50,"2023-03-01 19:14:36","Journal article","","","https://scholar.google.com/citations?view_op=view_citation&hl=en&user=1EaLR-UAAAAJ&pagesize=100&citation_for_view=1EaLR-UAAAAJ:7PzlFSSx8tAC",79,16,165306,165306,135,9.64,19,7,14,"","",""
135,"N Koch, A Elschner, JP Rabe, RL Johnson","Work Function Independent Hole‐Injection Barriers Between Pentacene and Conducting Polymers",2005,"Advanced Materials","","","https://scholar.google.com/scholar?oi=bibs&hl=en&cites=13160181111953775623",51,"2023-03-01 19:14:36","Journal article","","","https://scholar.google.com/citations?view_op=view_citation&hl=en&user=1EaLR-UAAAAJ&pagesize=100&citation_for_view=1EaLR-UAAAAJ:5nxA0vEk-isC",17,3,330,335,135,7.50,34,4,18,"","",""
134,"A Vollmer, OD Jurchescu, I Arfaoui, I Salzmann, TTM Palstra, P Rudolf, ...","The effect of oxygen exposure on pentacene electronic structure",2005,"The European Physical Journal E: Soft Matter and Biological Physics 17 (3 …","","","https://scholar.google.com/scholar?oi=bibs&hl=en&cites=208945343947955480",52,"2023-03-01 19:14:36","Journal article","","","https://scholar.google.com/citations?view_op=view_citation&hl=en&user=1EaLR-UAAAAJ&pagesize=100&citation_for_view=1EaLR-UAAAAJ:Zph67rFs4hoC",,,,,134,7.44,19,7,18,"","",""
132,"B Stadlober, U Haas, H Gold, A Haase, G Jakopic, G Leising, N Koch, ...","Orders‐of‐Magnitude Reduction of the Contact Resistance in Short‐Channel Hot Embossed Organic Thin Film Transistors by Oxidative Treatment of Au‐Electrodes",2007,"Advanced Functional Materials","","","https://scholar.google.com/scholar?oi=bibs&hl=en&cites=2551816142274908422",53,"2023-03-01 19:14:36","Journal article","","","https://scholar.google.com/citations?view_op=view_citation&hl=en&user=1EaLR-UAAAAJ&pagesize=100&citation_for_view=1EaLR-UAAAAJ:aqlVkmm33-oC",17,15,2687,2692,132,8.25,17,8,16,"","",""
127,"B Yurash, DX Cao, VV Brus, D Leifert, M Wang, A Dixon, M Seifrid, ...","Towards understanding the doping mechanism of organic semiconductors by Lewis acids",2019,"Nature materials","","","https://scholar.google.com/scholar?oi=bibs&hl=en&cites=2645083996581408363",54,"2023-03-01 19:14:36","Journal article","","","https://scholar.google.com/citations?view_op=view_citation&hl=en&user=1EaLR-UAAAAJ&pagesize=100&citation_for_view=1EaLR-UAAAAJ:3bvyWxjaHKcC",18,12,1327,1334,127,31.75,16,8,4,"","",""
122,"I Salzmann, S Duhm, R Opitz, RL Johnson, JP Rabe, N Koch","Structural and electronic properties of pentacene-fullerene heterojunctions",2008,"Journal of Applied Physics","","","https://scholar.google.com/scholar?oi=bibs&hl=en&cites=8484222474555081718",55,"2023-03-01 19:14:36","Journal article","","","https://scholar.google.com/citations?view_op=view_citation&hl=en&user=1EaLR-UAAAAJ&pagesize=100&citation_for_view=1EaLR-UAAAAJ:9ZlFYXVOiuMC",104,11,114518,114518,122,8.13,20,6,15,"","",""
122,"N Koch, A Vollmer","Electrode-molecular semiconductor contacts: Work-function-dependent hole injection barriers versus Fermi-level pinning",2006,"Applied physics letters","","","https://scholar.google.com/scholar?oi=bibs&hl=en&cites=12035376652638978863",56,"2023-03-01 19:14:36","Journal article","","","https://scholar.google.com/citations?view_op=view_citation&hl=en&user=1EaLR-UAAAAJ&pagesize=100&citation_for_view=1EaLR-UAAAAJ:_kc_bZDykSQC",89,16,162107,162107,122,7.18,61,2,17,"","",""
121,"N Koch, N Ueno, ATS Wee","The molecule-metal interface",2013,"","Wiley-VCH Verlag GmbH &Company KGaA","","https://scholar.google.com/scholar?oi=bibs&hl=en&cites=4066341966144006758",57,"2023-03-01 19:14:36","Book","","","https://scholar.google.com/citations?view_op=view_citation&hl=en&user=1EaLR-UAAAAJ&pagesize=100&citation_for_view=1EaLR-UAAAAJ:uWQEDVKXjbEC",,,,,121,12.10,40,3,10,"","",""
121,"J Wagner, M Gruber, A Wilke, Y Tanaka, K Topczak, A Steindamm, ...","Identification of different origins for s-shaped current voltage characteristics in planar heterojunction organic solar cells",2012,"Journal of Applied Physics","","","https://scholar.google.com/scholar?oi=bibs&hl=en&cites=11782758648060143839",58,"2023-03-01 19:14:36","Journal article","","","https://scholar.google.com/citations?view_op=view_citation&hl=en&user=1EaLR-UAAAAJ&pagesize=100&citation_for_view=1EaLR-UAAAAJ:-f6ydRqryjwC",111,5,54509,54509,121,11.00,17,7,11,"","",""
121,"T Qin, W Wiedemair, S Nau, R Trattnig, S Sax, S Winkler, A Vollmer, ...","Core, shell, and surface-optimized dendrimers for blue light-emitting diodes",2011,"Journal of the American Chemical Society","","","https://scholar.google.com/scholar?oi=bibs&hl=en&cites=409822396146053858",59,"2023-03-01 19:14:36","Journal article","","","https://scholar.google.com/citations?view_op=view_citation&hl=en&user=1EaLR-UAAAAJ&pagesize=100&citation_for_view=1EaLR-UAAAAJ:ZeXyd9-uunAC",133,5,1301,1303,121,10.08,15,8,12,"","",""
120,"A Wilke, J Endres, U Hörmann, J Niederhausen, R Schlesinger, J Frisch, ...","Correlation between interface energetics and open circuit voltage in organic photovoltaic cells",2012,"Applied Physics Letters","","","https://scholar.google.com/scholar?oi=bibs&hl=en&cites=14645503574520919753",60,"2023-03-01 19:14:36","Journal article","","","https://scholar.google.com/citations?view_op=view_citation&hl=en&user=1EaLR-UAAAAJ&pagesize=100&citation_for_view=1EaLR-UAAAAJ:mB3voiENLucC",101,23,233301,233301,120,10.91,17,7,11,"","",""
120,"P Pingel, L Zhu, KS Park, JO Vogel, S Janietz, EG Kim, JP Rabe, ...","Charge-transfer localization in molecularly doped thiophene-based donor polymers",2010,"The Journal of Physical Chemistry Letters","","","https://scholar.google.com/scholar?oi=bibs&hl=en&cites=3186448222121282343",61,"2023-03-01 19:14:36","Journal article","","","https://scholar.google.com/citations?view_op=view_citation&hl=en&user=1EaLR-UAAAAJ&pagesize=100&citation_for_view=1EaLR-UAAAAJ:RYcK_YlVTxYC",1,13,2037,2041,120,9.23,15,8,13,"","",""
119,"M Oehzelt, K Akaike, N Koch, G Heimel","Energy-level alignment at organic heterointerfaces",2015,"Science advances","","","https://scholar.google.com/scholar?oi=bibs&hl=en&cites=17182362340016850733",62,"2023-03-01 19:14:36","Journal article","","","https://scholar.google.com/citations?view_op=view_citation&hl=en&user=1EaLR-UAAAAJ&pagesize=100&citation_for_view=1EaLR-UAAAAJ:XoXfffV-tXoC",1,10,1501127,,119,14.88,30,4,8,"","",""
118,"R Schlesinger, F Bianchi, S Blumstengel, C Christodoulou, ...","Efficient light emission from inorganic and organic semiconductor hybrid structures by energy-level tuning",2015,"Nature communications","","","https://scholar.google.com/scholar?oi=bibs&hl=en&cites=7598635811513201363",63,"2023-03-01 19:14:36","Journal article","","","https://scholar.google.com/citations?view_op=view_citation&hl=en&user=1EaLR-UAAAAJ&pagesize=100&citation_for_view=1EaLR-UAAAAJ:tkaPQYYpVKoC",6,,6754,6754,118,14.75,24,5,8,"","",""
114,"X Lin, B Wegner, KM Lee, MA Fusella, F Zhang, K Moudgil, BP Rand, ...","Beating the thermodynamic limit with photo-activation of n-doping in organic semiconductors",2017,"Nature materials","","","https://scholar.google.com/scholar?oi=bibs&hl=en&cites=6921476494507184246",64,"2023-03-01 19:14:36","Journal article","","","https://scholar.google.com/citations?view_op=view_citation&hl=en&user=1EaLR-UAAAAJ&pagesize=100&citation_for_view=1EaLR-UAAAAJ:LgRImbQfgY4C",16,12,1209,1215,114,19.00,14,8,6,"","",""
114,"A Ciesielski, S Haar, M El Gemayel, H Yang, J Clough, G Melinte, ...","Harnessing the liquid‐phase exfoliation of graphene using aliphatic compounds: a supramolecular approach",2014,"Angewandte Chemie International Edition","","","https://scholar.google.com/scholar?oi=bibs&hl=en&cites=10413263231944426026",65,"2023-03-01 19:14:36","Journal article","","","https://scholar.google.com/citations?view_op=view_citation&hl=en&user=1EaLR-UAAAAJ&pagesize=100&citation_for_view=1EaLR-UAAAAJ:yD5IFk8b50cC",53,39,10355,10361,114,12.67,16,7,9,"","",""
113,"I Salzmann, A Moser, M Oehzelt, T Breuer, X Feng, ZY Juang, D Nabok, ...","Epitaxial growth of π-stacked perfluoropentacene on graphene-coated quartz",2012,"ACS nano","","","https://scholar.google.com/scholar?oi=bibs&hl=en&cites=17726673438825306327",66,"2023-03-01 19:14:36","Journal article","","","https://scholar.google.com/citations?view_op=view_citation&hl=en&user=1EaLR-UAAAAJ&pagesize=100&citation_for_view=1EaLR-UAAAAJ:BqipwSGYUEgC",6,12,10874,10883,113,10.27,14,8,11,"","",""
111,"EL Bruner, N Koch, AR Span, SL Bernasek, A Kahn, J Schwartz","Controlling the work function of indium tin oxide: differentiating dipolar from local surface effects",2002,"Journal of the American Chemical Society","","","https://scholar.google.com/scholar?oi=bibs&hl=en&cites=1186727432155898877",67,"2023-03-01 19:14:36","Journal article","","","https://scholar.google.com/citations?view_op=view_citation&hl=en&user=1EaLR-UAAAAJ&pagesize=100&citation_for_view=1EaLR-UAAAAJ:qxL8FJ1GzNcC",124,13,3192,3193,111,5.29,19,6,21,"","",""
109,"B Nickel, R Barabash, R Ruiz, N Koch, A Kahn, LC Feldman, RF Haglund, ...","Dislocation arrangements in pentacene thin films",2004,"Physical Review B","","","https://scholar.google.com/scholar?oi=bibs&hl=en&cites=9431769638433904318",68,"2023-03-01 19:14:36","Journal article","","","https://scholar.google.com/citations?view_op=view_citation&hl=en&user=1EaLR-UAAAAJ&pagesize=100&citation_for_view=1EaLR-UAAAAJ:mVmsd5A6BfQC",70,12,125401,125401,109,5.74,14,8,19,"","",""
105,"E Zojer, N Koch, P Puschnig, F Meghdadi, A Niko, R Resel, ...","Structure, morphology, and optical properties of highly ordered films of para-sexiphenyl",2000,"Physical Review B","","","https://scholar.google.com/scholar?oi=bibs&hl=en&cites=3274049905255036518",69,"2023-03-01 19:14:36","Journal article","","","https://scholar.google.com/citations?view_op=view_citation&hl=en&user=1EaLR-UAAAAJ&pagesize=100&citation_for_view=1EaLR-UAAAAJ:4TOpqqG69KYC",61,24,16538,16538,105,4.57,15,7,23,"","",""
101,"I Salzmann, S Duhm, G Heimel, JP Rabe, N Koch, M Oehzelt, Y Sakamoto, ...","Structural order in perfluoropentacene thin films and heterostructures with pentacene",2008,"Langmuir","","","https://scholar.google.com/scholar?oi=bibs&hl=en&cites=15203735401040021927",70,"2023-03-01 19:14:36","Journal article","","","https://scholar.google.com/citations?view_op=view_citation&hl=en&user=1EaLR-UAAAAJ&pagesize=100&citation_for_view=1EaLR-UAAAAJ:qUcmZB5y_30C",24,14,7294,7298,101,6.73,13,8,15,"","",""
101,"N Koch, I Salzmann, RL Johnson, J Pflaum, R Friedlein, JP Rabe","Molecular orientation dependent energy levels at interfaces with pentacene and pentacenequinone",2006,"Organic electronics","","","https://scholar.google.com/scholar?oi=bibs&hl=en&cites=11660393775311210046",71,"2023-03-01 19:14:36","Journal article","","","https://scholar.google.com/citations?view_op=view_citation&hl=en&user=1EaLR-UAAAAJ&pagesize=100&citation_for_view=1EaLR-UAAAAJ:ULOm3_A8WrAC",7,6,537,545,101,5.94,17,6,17,"","",""
100,"Y Wu, T Toccoli, N Koch, E Iacob, A Pallaoro, P Rudolf, S Iannotta","Controlling the early stages of pentacene growth by supersonic molecular beam deposition",2007,"Physical review letters","","","https://scholar.google.com/scholar?oi=bibs&hl=en&cites=9673801007809644240",72,"2023-03-01 19:14:36","Journal article","","","https://scholar.google.com/citations?view_op=view_citation&hl=en&user=1EaLR-UAAAAJ&pagesize=100&citation_for_view=1EaLR-UAAAAJ:QIV2ME_5wuYC",98,7,76601,76601,100,6.25,14,7,16,"","",""
99,"R Resel, N Koch, F Meghdadi, G Leising, W Unzog, K Reichmann","Growth and preferred crystallographic orientation of hexaphenyl thin films",1997,"Thin Solid Films 305 (1-2)","","","https://scholar.google.com/scholar?oi=bibs&hl=en&cites=3608507520516976553",73,"2023-03-01 19:14:36","Book chapter","","","https://scholar.google.com/citations?view_op=view_citation&hl=en&user=1EaLR-UAAAAJ&pagesize=100&citation_for_view=1EaLR-UAAAAJ:kNdYIx-mwKoC",,,232,242,99,3.81,17,6,26,"","",""
96,"C Schwarz, S Tscheuschner, J Frisch, S Winkler, N Koch, H Bässler, ...","Role of the effective mass and interfacial dipoles on exciton dissociation in organic donor-acceptor solar cells",2013,"Physical Review B","","","https://scholar.google.com/scholar?oi=bibs&hl=en&cites=15682328446188903095",74,"2023-03-01 19:14:36","Journal article","","","https://scholar.google.com/citations?view_op=view_citation&hl=en&user=1EaLR-UAAAAJ&pagesize=100&citation_for_view=1EaLR-UAAAAJ:SP6oXDckpogC",87,15,155205,155205,96,9.60,14,7,10,"","",""
95,"B Bröker, RP Blum, J Frisch, A Vollmer, OT Hofmann, R Rieger, K Müllen, ...","Gold work function reduction by  with an air-stable molecular donor layer",2008,"Applied physics letters","","","https://scholar.google.com/scholar?oi=bibs&hl=en&cites=12816533250373871098",75,"2023-03-01 19:14:36","Journal article","","","https://scholar.google.com/citations?view_op=view_citation&hl=en&user=1EaLR-UAAAAJ&pagesize=100&citation_for_view=1EaLR-UAAAAJ:bEWYMUwI8FkC",93,24,446,446,95,6.33,12,8,15,"","",""
94,"H Wang, P Amsalem, G Heimel, I Salzmann, N Koch, M Oehzelt","Band‐Bending in Organic Semiconductors: the Role of Alkali‐Halide Interlayers",2014,"Advanced Materials","","","https://scholar.google.com/scholar?oi=bibs&hl=en&cites=2879308587911313964",76,"2023-03-01 19:14:36","Journal article","","","https://scholar.google.com/citations?view_op=view_citation&hl=en&user=1EaLR-UAAAAJ&pagesize=100&citation_for_view=1EaLR-UAAAAJ:pyW8ca7W8N0C",26,6,925,930,94,10.44,16,6,9,"","",""
93,"S Duhm, S Hosoumi, I Salzmann, A Gerlach, M Oehzelt, B Wedl, TL Lee, ...","Influence of intramolecular polar bonds on interface energetics in perfluoro-pentacene on Ag (111)",2010,"Physical Review B","","","https://scholar.google.com/scholar?oi=bibs&hl=en&cites=2098535691059428709",77,"2023-03-01 19:14:36","Journal article","","","https://scholar.google.com/citations?view_op=view_citation&hl=en&user=1EaLR-UAAAAJ&pagesize=100&citation_for_view=1EaLR-UAAAAJ:hC7cP41nSMkC",81,4,45418,45418,93,7.15,12,8,13,"","",""
91,"U Hörmann, C Lorch, A Hinderhofer, A Gerlach, M Gruber, J Kraus, ...","V oc from a Morphology Point of View: the Influence of Molecular Orientation on the Open Circuit Voltage of Organic Planar Heterojunction Solar Cells",2014,"The Journal of Physical Chemistry C","","","https://scholar.google.com/scholar?oi=bibs&hl=en&cites=4871583149901514499",78,"2023-03-01 19:14:36","Journal article","","","https://scholar.google.com/citations?view_op=view_citation&hl=en&user=1EaLR-UAAAAJ&pagesize=100&citation_for_view=1EaLR-UAAAAJ:Tiz5es2fbqcC",118,46,26462,26470,91,10.11,13,7,9,"","",""
90,"CM Wolff, L Canil, C Rehermann, N Ngoc Linh, F Zu, M Ralaiarisoa, ...","Perfluorinated Self-Assembled Monolayers Enhance the Stability and Efficiency of Inverted Perovskite Solar Cells",2020,"ACS nano","","","https://scholar.google.com/scholar?oi=bibs&hl=en&cites=550942513482127492",79,"2023-03-01 19:14:36","Journal article","","","https://scholar.google.com/citations?view_op=view_citation&hl=en&user=1EaLR-UAAAAJ&pagesize=100&citation_for_view=1EaLR-UAAAAJ:raTqNPD5sRQC",14,2,1445,1456,90,30.00,13,7,3,"","",""
89,"F Jäckel, UGE Perera, V Iancu, KF Braun, N Koch, JP Rabe, SW Hla","Investigating molecular charge transfer complexes with a low temperature scanning tunneling microscope",2008,"Physical review letters","","","https://scholar.google.com/scholar?oi=bibs&hl=en&cites=2319168638022602948",80,"2023-03-01 19:14:36","Journal article","","","https://scholar.google.com/citations?view_op=view_citation&hl=en&user=1EaLR-UAAAAJ&pagesize=100&citation_for_view=1EaLR-UAAAAJ:_Qo2XoVZTnwC",100,12,126102,126102,89,5.93,13,7,15,"","",""
88,"S Zhang, M Stolterfoht, A Armin, Q Lin, F Zu, J Sobus, H Jin, N Koch, ...","Interface Engineering of Solution-Processed Hybrid Organohalide Perovskite Solar Cells",2018,"ACS applied materials &interfaces","","","https://scholar.google.com/scholar?oi=bibs&hl=en&cites=15110705235990696725",81,"2023-03-01 19:14:36","Journal article","","","https://scholar.google.com/citations?view_op=view_citation&hl=en&user=1EaLR-UAAAAJ&pagesize=100&citation_for_view=1EaLR-UAAAAJ:7wO8s98CvbsC",10,25,21681,21687,88,17.60,10,9,5,"","",""
88,"F Zu, P Amsalem, M Ralaiarisoa, T Schultz, R Schlesinger, N Koch","Surface State Density Determines the Energy Level Alignment at Hybrid Perovskite/Electron Acceptors Interfaces",2017,"ACS applied materials &interfaces","","","https://scholar.google.com/scholar?oi=bibs&hl=en&cites=5705887928705204914",82,"2023-03-01 19:14:36","Journal article","","","https://scholar.google.com/citations?view_op=view_citation&hl=en&user=1EaLR-UAAAAJ&pagesize=100&citation_for_view=1EaLR-UAAAAJ:Ak0FvsSvgGUC",9,47,41546,41552,88,14.67,15,6,6,"","",""
87,"M Kneiß, A Hassa, D Splith, C Sturm, H von Wenckstern, T Schultz, ...","Tin-assisted heteroepitaxial PLD-growth of κ-Ga2O3 thin films with high crystalline quality",2019,"APL Materials","","","https://scholar.google.com/scholar?oi=bibs&hl=en&cites=9185139192780159593",83,"2023-03-01 19:14:36","Journal article","","","https://scholar.google.com/citations?view_op=view_citation&hl=en&user=1EaLR-UAAAAJ&pagesize=100&citation_for_view=1EaLR-UAAAAJ:3NQIlFlcGxIC",7,2,22516,22516,87,21.75,12,7,4,"","",""
83,"Y Xu, OT Hofmann, R Schlesinger, S Winkler, J Frisch, J Niederhausen, ...","Space-Charge Transfer in Hybrid Inorganic-Organic Systems",2013,"Physical review letters","","","https://scholar.google.com/scholar?oi=bibs&hl=en&cites=10613337690539596953",84,"2023-03-01 19:14:36","Journal article","","","https://scholar.google.com/citations?view_op=view_citation&hl=en&user=1EaLR-UAAAAJ&pagesize=100&citation_for_view=1EaLR-UAAAAJ:HoB7MX3m0LUC",111,22,226802,226802,83,8.30,12,7,10,"","",""
83,"P Amsalem, J Niederhausen, A Wilke, G Heimel, R Schlesinger, S Winkler, ...","Role of charge transfer, dipole-dipole interactions, and electrostatics in Fermi-level pinning at a molecular heterojunction on a metal surface",2013,"Physical Review B","","","https://scholar.google.com/scholar?oi=bibs&hl=en&cites=8585291391464989749",85,"2023-03-01 19:14:36","Journal article","","","https://scholar.google.com/citations?view_op=view_citation&hl=en&user=1EaLR-UAAAAJ&pagesize=100&citation_for_view=1EaLR-UAAAAJ:p2g8aNsByqUC",87,3,35440,35440,83,8.30,12,7,10,"","",""
82,"S Winkler, P Amsalem, J Frisch, M Oehzelt, G Heimel, N Koch","Probing the energy levels in hole-doped molecular semiconductors",2015,"Materials Horizons","","","https://scholar.google.com/scholar?oi=bibs&hl=en&cites=3681785458756148506",86,"2023-03-01 19:14:36","Journal article","","","https://scholar.google.com/citations?view_op=view_citation&hl=en&user=1EaLR-UAAAAJ&pagesize=100&citation_for_view=1EaLR-UAAAAJ:EYYDruWGBe4C",2,4,427,433,82,10.25,14,6,8,"","",""
82,"N Koch, G Heimel, J Wu, E Zojer, RL Johnson, JL Brédas, K Müllen, ...","Influence of molecular conformation on organic/metal interface energetics",2005,"Chemical physics letters","","","https://scholar.google.com/scholar?oi=bibs&hl=en&cites=13412638645930113973",87,"2023-03-01 19:14:36","Journal article","","","https://scholar.google.com/citations?view_op=view_citation&hl=en&user=1EaLR-UAAAAJ&pagesize=100&citation_for_view=1EaLR-UAAAAJ:hFOr9nPyWt4C",413,4,390,395,82,4.56,10,8,18,"","",""
79,"N Koch","Electronic structure of interfaces with conjugated organic materials",2012,"physica status solidi (RRL)-Rapid Research Letters","","","https://scholar.google.com/scholar?oi=bibs&hl=en&cites=3775595932090412689",88,"2023-03-01 19:14:36","Journal article","","","https://scholar.google.com/citations?view_op=view_citation&hl=en&user=1EaLR-UAAAAJ&pagesize=100&citation_for_view=1EaLR-UAAAAJ:J_g5lzvAfSwC",6,7,277,293,79,7.18,79,1,11,"","",""
75,"F Peña-Camargo, P Caprioglio, F Zu, E Gutierrez-Partida, CM Wolff, ...","Halide segregation versus interfacial recombination in bromide-rich wide-gap perovskite solar cells",2020,"ACS Energy Letters","","","https://scholar.google.com/scholar?oi=bibs&hl=en&cites=3344127977121484412",89,"2023-03-01 19:14:36","Journal article","","","https://scholar.google.com/citations?view_op=view_citation&hl=en&user=1EaLR-UAAAAJ&pagesize=100&citation_for_view=1EaLR-UAAAAJ:65Yg0jNCQDAC",5,8,2728,2736,75,25.00,13,6,3,"","",""
75,"F Zu, P Amsalem, DA Egger, R Wang, CM Wolff, H Fang, MA Loi, D Neher, ...","Constructing the Electronic Structure of CH3NH3PbI3 and CH3NH3PbBr3 Perovskite Thin Films from Single-Crystal Band Structure Measurements",2019,"The Journal of Physical Chemistry Letters","","","https://scholar.google.com/scholar?oi=bibs&hl=en&cites=14745123440848660665",90,"2023-03-01 19:14:36","Journal article","","","https://scholar.google.com/citations?view_op=view_citation&hl=en&user=1EaLR-UAAAAJ&pagesize=100&citation_for_view=1EaLR-UAAAAJ:jE2MZjpN3IcC",10,3,601,609,75,18.75,8,9,4,"","",""
75,"S Duhm, I Salzmann, G Heimel, M Oehzelt, A Haase, RL Johnson, ...","Controlling energy level offsets in organic/organic heterostructures using intramolecular polar bonds",2009,"Applied Physics Letters","","","https://scholar.google.com/scholar?oi=bibs&hl=en&cites=3611430377808669905",91,"2023-03-01 19:14:36","Journal article","","","https://scholar.google.com/citations?view_op=view_citation&hl=en&user=1EaLR-UAAAAJ&pagesize=100&citation_for_view=1EaLR-UAAAAJ:iH-uZ7U-co4C",94,3,33304,33304,75,5.36,11,7,14,"","",""
74,"ZY Xia, G Giambastiani, C Christodoulou, MV Nardi, N Koch, E Treossi, ...","Synergic exfoliation of graphene with organic molecules and inorganic ions for the electrochemical production of flexible electrodes",2014,"ChemPlusChem","","","https://scholar.google.com/scholar?oi=bibs&hl=en&cites=2060373450227050209",92,"2023-03-01 19:14:36","Journal article","","","https://scholar.google.com/citations?view_op=view_citation&hl=en&user=1EaLR-UAAAAJ&pagesize=100&citation_for_view=1EaLR-UAAAAJ:bnK-pcrLprsC",79,3,439,446,74,8.22,11,7,9,"","",""
74,"G Heimel, I Salzmann, S Duhm, JP Rabe, N Koch","Intrinsic surface dipoles control the energy levels of conjugated polymers",2009,"Advanced Functional Materials","","","https://scholar.google.com/scholar?oi=bibs&hl=en&cites=17238614938459703231",93,"2023-03-01 19:14:36","Journal article","","","https://scholar.google.com/citations?view_op=view_citation&hl=en&user=1EaLR-UAAAAJ&pagesize=100&citation_for_view=1EaLR-UAAAAJ:NaGl4SEjCO4C",19,24,3874,3879,74,5.29,15,5,14,"","",""
72,"M Timpel, MV Nardi, S Krause, G Ligorio, C Christodoulou, L Pasquali, ...","Surface Modification of ZnO (0001)–Zn with Phosphonate-Based Self-Assembled Monolayers: Binding Modes, Orientation, and Work Function",2014,"Chemistry of Materials","","","https://scholar.google.com/scholar?oi=bibs&hl=en&cites=14587551052252791715",94,"2023-03-01 19:14:36","Journal article","","","https://scholar.google.com/citations?view_op=view_citation&hl=en&user=1EaLR-UAAAAJ&pagesize=100&citation_for_view=1EaLR-UAAAAJ:PELIpwtuRlgC",26,17,5042,5050,72,8.00,10,7,9,"","",""
72,"B Wedl, R Resel, G Leising, B Kunert, I Salzmann, M Oehzelt, N Koch, ...","Crystallisation kinetics in thin films of dihexyl-terthiophene: the appearance of polymorphic phases",2012,"RSC advances","","","https://scholar.google.com/scholar?oi=bibs&hl=en&cites=1276442448084534465",95,"2023-03-01 19:14:36","Journal article","","","https://scholar.google.com/citations?view_op=view_citation&hl=en&user=1EaLR-UAAAAJ&pagesize=100&citation_for_view=1EaLR-UAAAAJ:GnPB-g6toBAC",2,10,4404,4414,72,6.55,9,8,11,"","",""
71,"Y Ito, C Christodoulou, MV Nardi, N Koch, M Kläui, H Sachdev, K Müllen","Tuning the magnetic properties of carbon by nitrogen doping of its graphene domains",2015,"Journal of the American Chemical Society","","","https://scholar.google.com/scholar?oi=bibs&hl=en&cites=7468552066447839657",96,"2023-03-01 19:14:36","Journal article","","","https://scholar.google.com/citations?view_op=view_citation&hl=en&user=1EaLR-UAAAAJ&pagesize=100&citation_for_view=1EaLR-UAAAAJ:t7zJ5fGR-2UC",137,24,7678,7685,71,8.88,10,7,8,"","",""
69,"Z Qin, L Loh, J Wang, X Xu, Q Zhang, B Haas, C Alvarez, H Okuno, ...","Growth of Nb-Doped Monolayer WS2 by Liquid-Phase Precursor Mixing",2019,"ACS nano","","","https://scholar.google.com/scholar?oi=bibs&hl=en&cites=5090528139295898707",97,"2023-03-01 19:14:36","Journal article","","","https://scholar.google.com/citations?view_op=view_citation&hl=en&user=1EaLR-UAAAAJ&pagesize=100&citation_for_view=1EaLR-UAAAAJ:FiDNX6EVdGUC",13,9,10768,10775,69,17.25,8,9,4,"","",""
69,"A Opitz, J Wagner, W Brütting, I Salzmann, N Koch, J Manara, J Pflaum, ...","Charge separation at molecular donor–acceptor interfaces: correlation between morphology and solar cell performance",2010,"IEEE Journal of Selected Topics in Quantum Electronics","","","https://scholar.google.com/scholar?oi=bibs&hl=en&cites=3070010938758485995",98,"2023-03-01 19:14:36","Journal article","","","https://scholar.google.com/citations?view_op=view_citation&hl=en&user=1EaLR-UAAAAJ&pagesize=100&citation_for_view=1EaLR-UAAAAJ:TFP_iSt0sucC",16,6,1707,1717,69,5.31,9,8,13,"","",""
69,"N Koch, S Duhm, JP Rabe, S Rentenberger, RL Johnson, J Klankermayer, ...","Tuning the hole injection barrier height at organic/metal interfaces with (sub-) monolayers of electron acceptor molecules",2005,"Applied Physics Letters","","","https://scholar.google.com/scholar?oi=bibs&hl=en&cites=8681110994610622564",99,"2023-03-01 19:14:36","Journal article","","","https://scholar.google.com/citations?view_op=view_citation&hl=en&user=1EaLR-UAAAAJ&pagesize=100&citation_for_view=1EaLR-UAAAAJ:r0BpntZqJG4C",87,10,101905,101905,69,3.83,10,7,18,"","",""
69,"N Koch, J Ghijsen, RL Johnson, J Schwartz, JJ Pireaux, A Kahn","Physisorption-like interaction at the interfaces formed by pentacene and samarium",2002,"The Journal of Physical Chemistry B","","","https://scholar.google.com/scholar?oi=bibs&hl=en&cites=85671274662210753",100,"2023-03-01 19:14:36","Journal article","","","https://scholar.google.com/citations?view_op=view_citation&hl=en&user=1EaLR-UAAAAJ&pagesize=100&citation_for_view=1EaLR-UAAAAJ:L8Ckcad2t8MC",106,16,4192,4196,69,3.29,12,6,21,"","",""
66,"Z Song, T Schultz, Z Ding, B Lei, C Han, P Amsalem, T Lin, D Chi, ...","Electronic Properties of a 1D Intrinsic/p-Doped Heterojunction in a 2D Transition Metal Dichalcogenide Semiconductor",2017,"ACS nano","","","https://scholar.google.com/scholar?oi=bibs&hl=en&cites=14478523354119972526",101,"2023-03-01 19:14:36","Journal article","","","https://scholar.google.com/citations?view_op=view_citation&hl=en&user=1EaLR-UAAAAJ&cstart=100&pagesize=100&citation_for_view=1EaLR-UAAAAJ:lvd772isFD0C",11,9,9128,9135,66,11.00,7,9,6,"","",""
66,"B Bröker, OT Hofmann, GM Rangger, P Frank, RP Blum, R Rieger, ...","Density-dependent reorientation and rehybridization of chemisorbed conjugated molecules for controlling interface electronic structure",2010,"Physical review letters","","","https://scholar.google.com/scholar?oi=bibs&hl=en&cites=16898247096271074843",102,"2023-03-01 19:14:36","Journal article","","","https://scholar.google.com/citations?view_op=view_citation&hl=en&user=1EaLR-UAAAAJ&cstart=100&pagesize=100&citation_for_view=1EaLR-UAAAAJ:hMod-77fHWUC",104,24,246805,246805,66,5.08,9,7,13,"","",""
65,"J Fraxedas, S García-Gil, S Monturet, N Lorente, I Fernández-Torrente, ...","Modulation of surface charge transfer through competing long-range repulsive versus short-range attractive interactions",2011,"The Journal of Physical Chemistry C","","","https://scholar.google.com/scholar?oi=bibs&hl=en&cites=2664073618466294297",103,"2023-03-01 19:14:36","Journal article","","","https://scholar.google.com/citations?view_op=view_citation&hl=en&user=1EaLR-UAAAAJ&cstart=100&pagesize=100&citation_for_view=1EaLR-UAAAAJ:g5m5HwL7SMYC",115,38,18640,18648,65,5.42,11,6,12,"","",""
65,"S Blumstengel, H Glowatzki, S Sadofev, N Koch, S Kowarik, JP Rabe, ...","Band-offset engineering in organic/inorganic semiconductor hybrid structures",2010,"Physical Chemistry Chemical Physics","","","https://scholar.google.com/scholar?oi=bibs&hl=en&cites=12727201525054697572",104,"2023-03-01 19:14:36","Journal article","","","https://scholar.google.com/citations?view_op=view_citation&hl=en&user=1EaLR-UAAAAJ&cstart=100&pagesize=100&citation_for_view=1EaLR-UAAAAJ:ldfaerwXgEUC",12,37,11642,11646,65,5.00,9,7,13,"","",""
65,"A Vollmer, XL Feng, X Wang, LJ Zhi, K Müllen, N Koch, JP Rabe","Electronic and structural properties of graphene-based transparent and conductive thin film electrodes",2009,"Applied Physics A","","","https://scholar.google.com/scholar?oi=bibs&hl=en&cites=13178795085730152058",105,"2023-03-01 19:14:36","Journal article","","","https://scholar.google.com/citations?view_op=view_citation&hl=en&user=1EaLR-UAAAAJ&cstart=100&pagesize=100&citation_for_view=1EaLR-UAAAAJ:R3hNpaxXUhUC",94,,1,4,65,4.64,9,7,14,"","",""
64,"E Salomon, P Amsalem, N Marom, M Vondracek, L Kronik, N Koch, ...","Electronic structure of CoPc adsorbed on Ag (100): Evidence for molecule-substrate interaction mediated by Co 3 d orbitals",2013,"Physical Review B","","","https://scholar.google.com/scholar?oi=bibs&hl=en&cites=5769357661508046624",106,"2023-03-01 19:14:36","Journal article","","","https://scholar.google.com/citations?view_op=view_citation&hl=en&user=1EaLR-UAAAAJ&cstart=100&pagesize=100&citation_for_view=1EaLR-UAAAAJ:f2IySw72cVMC",87,7,75407,75407,64,6.40,9,7,10,"","",""
63,"R Trattnig, L Pevzner, M Jäger, R Schlesinger, MV Nardi, G Ligorio, ...","Bright Blue Solution Processed Triple‐Layer Polymer Light‐Emitting Diodes Realized by Thermal Layer Stabilization and Orthogonal Solvents",2013,"Advanced Functional Materials","","","https://scholar.google.com/scholar?oi=bibs&hl=en&cites=14418048616942900792",107,"2023-03-01 19:14:36","Journal article","","","https://scholar.google.com/citations?view_op=view_citation&hl=en&user=1EaLR-UAAAAJ&cstart=100&pagesize=100&citation_for_view=1EaLR-UAAAAJ:l7t_Zn2s7bgC",23,39,4897,4905,63,6.30,9,7,10,"","",""
63,"N Koch, A Rajagopal, J Ghijsen, RL Johnson, G Leising, JJ Pireaux","Bipolaron: The stable charged species in n-doped p-sexiphenyl",2000,"The Journal of Physical Chemistry B","","","https://scholar.google.com/scholar?oi=bibs&hl=en&cites=17335769375335569442",108,"2023-03-01 19:14:36","Journal article","","","https://scholar.google.com/citations?view_op=view_citation&hl=en&user=1EaLR-UAAAAJ&cstart=100&pagesize=100&citation_for_view=1EaLR-UAAAAJ:4JMBOYKVnBMC",104,7,1434,1438,63,2.74,11,6,23,"","",""
61,"N Koch, D Pop, RL Weber, N Böwering, B Winter, M Wick, G Leising, ...","Radiation induced degradation and surface charging of organic thin films in ultraviolet photoemission spectroscopy",2001,"Thin Solid Films","","","https://scholar.google.com/scholar?oi=bibs&hl=en&cites=485012705201730977",109,"2023-03-01 19:14:36","Journal article","","","https://scholar.google.com/citations?view_op=view_citation&hl=en&user=1EaLR-UAAAAJ&cstart=100&pagesize=100&citation_for_view=1EaLR-UAAAAJ:k_IJM867U9cC",391,1,81,87,61,2.77,8,8,22,"","",""
60,"C Bürker, N Ferri, A Tkatchenko, A Gerlach, J Niederhausen, T Hosokai, ...","Exploring the bonding of large hydrocarbons on noble metals: Diindoperylene on Cu (111), Ag (111), and Au (111)",2013,"Physical Review B","","","https://scholar.google.com/scholar?oi=bibs&hl=en&cites=15959273638805305072",110,"2023-03-01 19:14:36","Journal article","","","https://scholar.google.com/citations?view_op=view_citation&hl=en&user=1EaLR-UAAAAJ&cstart=100&pagesize=100&citation_for_view=1EaLR-UAAAAJ:u9iWguZQMMsC",87,16,165443,165443,60,6.00,9,7,10,"","",""
60,"H Glowatzki, B Bröker, RP Blum, OT Hofmann, A Vollmer, R Rieger, ...","“Soft” Metallic Contact to Isolated C60 Molecules",2008,"Nano letters","","","https://scholar.google.com/scholar?oi=bibs&hl=en&cites=78975719463525635",111,"2023-03-01 19:14:36","Journal article","","","https://scholar.google.com/citations?view_op=view_citation&hl=en&user=1EaLR-UAAAAJ&cstart=100&pagesize=100&citation_for_view=1EaLR-UAAAAJ:maZDTaKrznsC",8,11,3825,3829,60,4.00,9,7,15,"","",""
60,"H Krüger, S Janietz, D Sainova, D Dobreva, N Koch, A Vollmer","Hybrid Supramolecular Naphthalene Diimide‐thiophene Structures and their Application in Polymer Electronics",2007,"Advanced Functional Materials","","","https://scholar.google.com/scholar?oi=bibs&hl=en&cites=16878376715228872607",112,"2023-03-01 19:14:36","Journal article","","","https://scholar.google.com/citations?view_op=view_citation&hl=en&user=1EaLR-UAAAAJ&cstart=100&pagesize=100&citation_for_view=1EaLR-UAAAAJ:blknAaTinKkC",17,18,3715,3723,60,3.75,10,6,16,"","",""
60,"A Vollmer, H Weiss, S Rentenberger, I Salzmann, JP Rabe, N Koch","The interaction of oxygen and ozone with pentacene",2006,"Surface science","","","https://scholar.google.com/scholar?oi=bibs&hl=en&cites=13925157911722600658",113,"2023-03-01 19:14:36","Journal article","","","https://scholar.google.com/citations?view_op=view_citation&hl=en&user=1EaLR-UAAAAJ&cstart=100&pagesize=100&citation_for_view=1EaLR-UAAAAJ:isC4tDSrTZIC",600,18,4004,4007,60,3.53,10,6,17,"","",""
60,"N Koch, A Pogantsch, EJW List, G Leising, RIR Blyth, MG Ramsey, ...","Low-onset organic blue light emitting devices obtained by better interface control",1999,"Applied physics letters","","","https://scholar.google.com/scholar?oi=bibs&hl=en&cites=13529004695639788932",114,"2023-03-01 19:14:36","Journal article","","","https://scholar.google.com/citations?view_op=view_citation&hl=en&user=1EaLR-UAAAAJ&cstart=100&pagesize=100&citation_for_view=1EaLR-UAAAAJ:e5wmG9Sq2KIC",74,20,2909,2911,60,2.50,9,7,24,"","",""
59,"R Zhang, PA Russo, M Feist, P Amsalem, N Koch, N Pinna","Synthesis of Nickel Phosphide Electrocatalysts from Hybrid Metal Phosphonates",2017,"ACS Applied Materials &Interfaces","","","https://scholar.google.com/scholar?oi=bibs&hl=en&cites=10533572066111352878",115,"2023-03-01 19:14:36","Journal article","","","https://scholar.google.com/citations?view_op=view_citation&hl=en&user=1EaLR-UAAAAJ&cstart=100&pagesize=100&citation_for_view=1EaLR-UAAAAJ:XvxMoLDsR5gC",9,16,14013,14022,59,9.83,10,6,6,"","",""
59,"A Vollmer, R Ovsyannikov, M Gorgoi, S Krause, M Oehzelt, A Lindblad, ...","Two dimensional band structure mapping of organic single crystals using the new generation electron energy analyzer ARTOF",2012,"Journal of Electron Spectroscopy and Related Phenomena","","","https://scholar.google.com/scholar?oi=bibs&hl=en&cites=12704318540062671918",116,"2023-03-01 19:14:36","Journal article","","","https://scholar.google.com/citations?view_op=view_citation&hl=en&user=1EaLR-UAAAAJ&cstart=100&pagesize=100&citation_for_view=1EaLR-UAAAAJ:1sJd4Hv_s6UC",185,3,55,60,59,5.36,8,7,11,"","",""
58,"P Caprioglio, F Zu, CM Wolff, JAM Prieto, M Stolterfoht, P Becker, N Koch, ...","High open circuit voltages in pin-type perovskite solar cells through strontium addition",2019,"Sustainable Energy &Fuels","","","https://scholar.google.com/scholar?oi=bibs&hl=en&cites=5338335152726941197",117,"2023-03-01 19:14:36","Journal article","","","https://scholar.google.com/citations?view_op=view_citation&hl=en&user=1EaLR-UAAAAJ&cstart=100&pagesize=100&citation_for_view=1EaLR-UAAAAJ:L1USKYWJimsC",3,2,550,563,58,14.50,7,8,4,"","",""
58,"T Mosciatti, MG del Rosso, M Herder, J Frisch, N Koch, S Hecht, E Orgiu, ...","Light‐Modulation of the Charge Injection in a Polymer Thin‐Film Transistor by Functionalizing the Electrodes with Bistable Photochromic Self‐Assembled Monolayers",2016,"Advanced Materials","","","https://scholar.google.com/scholar?oi=bibs&hl=en&cites=1202876371359908287",118,"2023-03-01 19:14:36","Journal article","","","https://scholar.google.com/citations?view_op=view_citation&hl=en&user=1EaLR-UAAAAJ&cstart=100&pagesize=100&citation_for_view=1EaLR-UAAAAJ:Ri6SYOTghG4C",28,31,6606,6611,58,8.29,7,8,7,"","",""
57,"F Ghani, A Opitz, P Pingel, G Heimel, I Salzmann, J Frisch, D Neher, ...","Charge transfer in and conductivity of molecularly doped thiophene‐based copolymers",2015,"Journal of Polymer Science Part B: Polymer Physics","","","https://scholar.google.com/scholar?oi=bibs&hl=en&cites=18178106001975466639",119,"2023-03-01 19:14:36","Journal article","","","https://scholar.google.com/citations?view_op=view_citation&hl=en&user=1EaLR-UAAAAJ&cstart=100&pagesize=100&citation_for_view=1EaLR-UAAAAJ:W5xh706n7nkC",53,1,58,63,57,7.13,7,8,8,"","",""
57,"L Kronik, N Koch","Electronic properties of organic-based interfaces",2010,"MRS bulletin","","","https://scholar.google.com/scholar?oi=bibs&hl=en&cites=2060379813679241630",120,"2023-03-01 19:14:36","Journal article","","","https://scholar.google.com/citations?view_op=view_citation&hl=en&user=1EaLR-UAAAAJ&cstart=100&pagesize=100&citation_for_view=1EaLR-UAAAAJ:O3NaXMp0MMsC",35,6,417,421,57,4.38,29,2,13,"","",""
56,"T Sun, R Wang, R Liu, C Wu, Y Zhong, Y Liu, Y Wang, Y Han, Z Xia, Y Zou, ...","Investigation of MoOx/n‐Si strong inversion layer interfaces via dopant‐free heterocontact",2017,"physica status solidi (RRL)–Rapid Research Letters","","","https://scholar.google.com/scholar?oi=bibs&hl=en&cites=906389637434010608",121,"2023-03-01 19:14:36","Journal article","","","https://scholar.google.com/citations?view_op=view_citation&hl=en&user=1EaLR-UAAAAJ&cstart=100&pagesize=100&citation_for_view=1EaLR-UAAAAJ:DUooU5lO8OsC",11,7,1700107,1700107,56,9.33,6,11,6,"","",""
56,"H Glowatzki, S Duhm, KF Braun, JP Rabe, N Koch","Molecular chains and carpets of sexithiophenes on Au (111)",2007,"Physical Review B","","","https://scholar.google.com/scholar?oi=bibs&hl=en&cites=3257437576352819853",122,"2023-03-01 19:14:36","Journal article","","","https://scholar.google.com/citations?view_op=view_citation&hl=en&user=1EaLR-UAAAAJ&cstart=100&pagesize=100&citation_for_view=1EaLR-UAAAAJ:j3f4tGmQtD8C",76,12,125425,125425,56,3.50,11,5,16,"","",""
55,"AD Scaccabarozzi, A Basu, F Aniés, J Liu, O Zapata-Arteaga, R Warren, ...","Doping Approaches for Organic Semiconductors",2021,"Chemical Reviews","","","https://scholar.google.com/scholar?oi=bibs&hl=en&cites=14198948231599205538",123,"2023-03-01 19:14:36","Journal article","","","https://scholar.google.com/citations?view_op=view_citation&hl=en&user=1EaLR-UAAAAJ&cstart=100&pagesize=100&citation_for_view=1EaLR-UAAAAJ:H_jBuBxbQIAC",122,4,4420,4492,55,27.50,8,7,2,"","",""
54,"T Schultz, T Lenz, N Kotadiya, G Heimel, G Glasser, R Berger, PWM Blom, ...","Reliable Work Function Determination of Multicomponent Surfaces and Interfaces: The Role of Electrostatic Potentials in Ultraviolet Photoelectron Spectroscopy",2017,"Advanced Materials Interfaces","","","https://scholar.google.com/scholar?oi=bibs&hl=en&cites=7306280681065548320",124,"2023-03-01 19:14:36","Journal article","","","https://scholar.google.com/citations?view_op=view_citation&hl=en&user=1EaLR-UAAAAJ&cstart=100&pagesize=100&citation_for_view=1EaLR-UAAAAJ:5MTHONV0fEkC",4,19,1700324,1700324,54,9.00,7,8,6,"","",""
54,"J Niederhausen, P Amsalem, J Frisch, A Wilke, A Vollmer, R Rieger, ...","Tuning hole-injection barriers at organic/metal interfaces exploiting the orientation of a molecular acceptor interlayer",2011,"Physical Review B","","","https://scholar.google.com/scholar?oi=bibs&hl=en&cites=2184328639952753588",125,"2023-03-01 19:14:36","Journal article","","","https://scholar.google.com/citations?view_op=view_citation&hl=en&user=1EaLR-UAAAAJ&cstart=100&pagesize=100&citation_for_view=1EaLR-UAAAAJ:KxtntwgDAa4C",84,16,165302,165302,54,4.50,8,7,12,"","",""
54,"H Yamane, A Gerlach, S Duhm, Y Tanaka, T Hosokai, YY Mi, ...","Site-specific geometric and electronic relaxations at organic-metal interfaces",2010,"Physical review letters","","","https://scholar.google.com/scholar?oi=bibs&hl=en&cites=14297410813990182980",126,"2023-03-01 19:14:36","Journal article","","","https://scholar.google.com/citations?view_op=view_citation&hl=en&user=1EaLR-UAAAAJ&cstart=100&pagesize=100&citation_for_view=1EaLR-UAAAAJ:D03iK_w7-QYC",105,4,46103,46103,54,4.15,8,7,13,"","",""
54,"S Duhm, I Salzmann, B Bröker, H Glowatzki, RL Johnson, N Koch","Interdiffusion of molecular acceptors through organic layers to metal substrates mimics doping-related energy level shifts",2009,"Appl. Phys. Lett","","","https://scholar.google.com/scholar?oi=bibs&hl=en&cites=9186623151126420725",127,"2023-03-01 19:14:36","Journal article","","","https://scholar.google.com/citations?view_op=view_citation&hl=en&user=1EaLR-UAAAAJ&cstart=100&pagesize=100&citation_for_view=1EaLR-UAAAAJ:UxriW0iASnsC",95,,93305,93305,54,3.86,9,6,14,"","",""
54,"J Zhang, JP Rabe, N Koch","Grain‐Boundary Evolution in a Pentacene Monolayer",2008,"Advanced Materials","","","https://scholar.google.com/scholar?oi=bibs&hl=en&cites=2139188988287187678",128,"2023-03-01 19:14:36","Journal article","","","https://scholar.google.com/citations?view_op=view_citation&hl=en&user=1EaLR-UAAAAJ&cstart=100&pagesize=100&citation_for_view=1EaLR-UAAAAJ:YFjsv_pBGBYC",20,17,3254,3257,54,3.60,18,3,15,"","",""
52,"M Brendel, S Krause, A Steindamm, AK Topczak, S Sundarraj, P Erk, ...","The Effect of Gradual Fluorination on the Properties of FnZnPc Thin Films and FnZnPc/C60 Bilayer Photovoltaic Cells",2015,"Advanced Functional Materials","","","https://scholar.google.com/scholar?oi=bibs&hl=en&cites=11418821567199111690",129,"2023-03-01 19:14:36","Journal article","","","https://scholar.google.com/citations?view_op=view_citation&hl=en&user=1EaLR-UAAAAJ&cstart=100&pagesize=100&citation_for_view=1EaLR-UAAAAJ:tKAzc9rXhukC",25,10,1565,1573,52,6.50,7,7,8,"","",""
52,"C Christodoulou, A Giannakopoulos, MV Nardi, G Ligorio, M Oehzelt, ...","Tuning the work function of graphene-on-quartz with a high weight molecular acceptor",2014,"The Journal of Physical Chemistry C","","","https://scholar.google.com/scholar?oi=bibs&hl=en&cites=233523318422163149",130,"2023-03-01 19:14:36","Journal article","","","https://scholar.google.com/citations?view_op=view_citation&hl=en&user=1EaLR-UAAAAJ&cstart=100&pagesize=100&citation_for_view=1EaLR-UAAAAJ:q3oQSFYPqjQC",118,9,4784,4790,52,5.78,9,6,9,"","",""
51,"Y Nakayama, Y Mizuno, T Hosokai, T Koganezawa, R Tsuruta, ...","Epitaxial Growth of an Organic p–n Heterojunction: C60 on Single-Crystal Pentacene",2016,"ACS applied materials &interfaces","","","https://scholar.google.com/scholar?oi=bibs&hl=en&cites=13273772728571161475",131,"2023-03-01 19:14:36","Journal article","","","https://scholar.google.com/citations?view_op=view_citation&hl=en&user=1EaLR-UAAAAJ&cstart=100&pagesize=100&citation_for_view=1EaLR-UAAAAJ:kh2fBNsKQNwC",8,21,13499,13505,51,7.29,9,6,7,"","",""
51,"T Schultz, R Schlesinger, J Niederhausen, F Henneberger, S Sadofev, ...","Tuning the work function of GaN with organic molecular acceptors",2016,"Physical Review B","","","https://scholar.google.com/scholar?oi=bibs&hl=en&cites=1365095257590058718",132,"2023-03-01 19:14:36","Journal article","","","https://scholar.google.com/citations?view_op=view_citation&hl=en&user=1EaLR-UAAAAJ&cstart=100&pagesize=100&citation_for_view=1EaLR-UAAAAJ:rmuvC79q63oC",93,12,125309,125309,51,7.29,9,6,7,"","",""
51,"J Niederhausen, P Amsalem, A Wilke, R Schlesinger, S Winkler, ...","Doping of C 60 (sub) monolayers by Fermi-level pinning induced electron transfer",2012,"Physical Review B","","","https://scholar.google.com/scholar?oi=bibs&hl=en&cites=10495470660076038230",133,"2023-03-01 19:14:36","Journal article","","","https://scholar.google.com/citations?view_op=view_citation&hl=en&user=1EaLR-UAAAAJ&cstart=100&pagesize=100&citation_for_view=1EaLR-UAAAAJ:tS2w5q8j5-wC",86,8,81411,81411,51,4.64,9,6,11,"","",""
51,"N Koch, AC Dürr, J Ghijsen, RL Johnson, JJ Pireaux, J Schwartz, ...","Optically induced electron transfer from conjugated organic molecules to charged metal clusters",2003,"Thin Solid Films","","","https://scholar.google.com/scholar?oi=bibs&hl=en&cites=13511554829571736850",134,"2023-03-01 19:14:36","Journal article","","","https://scholar.google.com/citations?view_op=view_citation&hl=en&user=1EaLR-UAAAAJ&cstart=100&pagesize=100&citation_for_view=1EaLR-UAAAAJ:JV2RwH3_ST0C",441,1,145,149,51,2.55,7,7,20,"","",""
50,"I Salzmann, R Opitz, S Rogaschewski, JP Rabe, N Koch, B Nickel","Phase separation in vacuum codeposited pentacene/6, 13-pentacenequinone thin films",2007,"Physical Review B","","","https://scholar.google.com/scholar?oi=bibs&hl=en&cites=7259849858396832728",135,"2023-03-01 19:14:36","Journal article","","","https://scholar.google.com/citations?view_op=view_citation&hl=en&user=1EaLR-UAAAAJ&cstart=100&pagesize=100&citation_for_view=1EaLR-UAAAAJ:RGFaLdJalmkC",75,17,174108,174108,50,3.13,8,6,16,"","",""
49,"F Zu, CM Wolff, M Ralaiarisoa, P Amsalem, D Neher, N Koch","Unraveling the Electronic Properties of Lead Halide Perovskites with Surface Photovoltage in Photoemission Studies",2019,"ACS applied materials &interfaces","","","https://scholar.google.com/scholar?oi=bibs&hl=en&cites=3137670581150941910",136,"2023-03-01 19:14:36","Journal article","","","https://scholar.google.com/citations?view_op=view_citation&hl=en&user=1EaLR-UAAAAJ&cstart=100&pagesize=100&citation_for_view=1EaLR-UAAAAJ:sszUF3NjhM4C",11,24,21578,21583,49,12.25,8,6,4,"","",""
49,"K Akaike, N Koch, M Oehzelt","Fermi level pinning induced electrostatic fields and band bending at organic heterojunctions",2014,"Applied Physics Letters","","","https://scholar.google.com/scholar?oi=bibs&hl=en&cites=4864969052223979584",137,"2023-03-01 19:14:36","Journal article","","","https://scholar.google.com/citations?view_op=view_citation&hl=en&user=1EaLR-UAAAAJ&cstart=100&pagesize=100&citation_for_view=1EaLR-UAAAAJ:kzcrU_BdoSEC",105,22,223303,223303,49,5.44,16,3,9,"","",""
48,"M Ralaiarisoa, Y Busby, J Frisch, I Salzmann, JJ Pireaux, N Koch","Correlation of annealing time with crystal structure, composition, and electronic properties of CH 3 NH 3 PbI 3− x Cl x mixed-halide perovskite films",2017,"Physical Chemistry Chemical Physics","","","https://scholar.google.com/scholar?oi=bibs&hl=en&cites=313631238250955667",138,"2023-03-01 19:14:36","Journal article","","","https://scholar.google.com/citations?view_op=view_citation&hl=en&user=1EaLR-UAAAAJ&cstart=100&pagesize=100&citation_for_view=1EaLR-UAAAAJ:8d8msizDQcsC",19,1,828,836,48,8.00,8,6,6,"","",""
47,"F Piersimoni, R Schlesinger, J Benduhn, D Spoltore, S Reiter, I Lange, ...","Charge Transfer Absorption and Emission at ZnO/Organic Interfaces",2015,"The Journal of Physical Chemistry Letters","","","https://scholar.google.com/scholar?oi=bibs&hl=en&cites=15264828263389277699",139,"2023-03-01 19:14:36","Journal article","","","https://scholar.google.com/citations?view_op=view_citation&hl=en&user=1EaLR-UAAAAJ&cstart=100&pagesize=100&citation_for_view=1EaLR-UAAAAJ:tzM49s52ZIMC",6,3,500,504,47,5.88,7,7,8,"","",""
47,"I Salzmann, D Nabok, M Oehzelt, S Duhm, A Moser, G Heimel, ...","Structure solution of the 6, 13-pentacenequinone surface-induced polymorph by combining X-ray diffraction reciprocal-space mapping and theoretical structure modeling",2011,"Crystal Growth &Design","","","https://scholar.google.com/scholar?oi=bibs&hl=en&cites=312163140998449946",140,"2023-03-01 19:14:36","Journal article","","","https://scholar.google.com/citations?view_op=view_citation&hl=en&user=1EaLR-UAAAAJ&cstart=100&pagesize=100&citation_for_view=1EaLR-UAAAAJ:XiSMed-E-HIC",11,2,600,606,47,3.92,7,7,12,"","",""
46,"J Tirado, M Vásquez-Montoya, C Roldán-Carmona, M Ralaiarisoa, ...","Air-Stable n–i–p Planar Perovskite Solar Cells Using Nickel Oxide Nanocrystals as Sole Hole-Transporting Material",2019,"ACS Applied Energy Materials","","","https://scholar.google.com/scholar?oi=bibs&hl=en&cites=3120356008110095114",141,"2023-03-01 19:14:36","Journal article","","","https://scholar.google.com/citations?view_op=view_citation&hl=en&user=1EaLR-UAAAAJ&cstart=100&pagesize=100&citation_for_view=1EaLR-UAAAAJ:-95Q15plzcUC",2,7,4890,4899,46,11.50,9,5,4,"","",""
46,"S Nau, N Schulte, S Winkler, J Frisch, A Vollmer, N Koch, S Sax, EJW List","Highly Efficient Color‐Stable Deep‐Blue Multilayer PLEDs: Preventing PEDOT: PSS‐Induced Interface Degradation",2013,"Advanced Materials","","","https://scholar.google.com/scholar?oi=bibs&hl=en&cites=60250127090497820",142,"2023-03-01 19:14:36","Journal article","","","https://scholar.google.com/citations?view_op=view_citation&hl=en&user=1EaLR-UAAAAJ&cstart=100&pagesize=100&citation_for_view=1EaLR-UAAAAJ:tOudhMTPpwUC",25,32,4420,4424,46,4.60,6,8,10,"","",""
46,"S Winkler, J Frisch, R Schlesinger, M Oehzelt, R Rieger, J Räder, ...","The impact of local work function variations on fermi level pinning of organic semiconductors",2013,"The Journal of Physical Chemistry C","","","https://scholar.google.com/scholar?oi=bibs&hl=en&cites=16233036112973925913",143,"2023-03-01 19:14:36","Journal article","","","https://scholar.google.com/citations?view_op=view_citation&hl=en&user=1EaLR-UAAAAJ&cstart=100&pagesize=100&citation_for_view=1EaLR-UAAAAJ:fQNAKQ3IYiAC",117,43,22285,22289,46,4.60,7,7,10,"","",""
45,"N Koch, E Zojer, A Rajagopal, J Ghjisen, RL Johnson, G Leising, ...","Electronic properties of the interfaces between the wide bandgap organic semiconductor para-sexiphenyl and samarium",2001,"Advanced Functional Materials","","","https://scholar.google.com/scholar?oi=bibs&hl=en&cites=10288200412734446164",144,"2023-03-01 19:14:36","Journal article","","","https://scholar.google.com/citations?view_op=view_citation&hl=en&user=1EaLR-UAAAAJ&cstart=100&pagesize=100&citation_for_view=1EaLR-UAAAAJ:M3NEmzRMIkIC",11,1,51,58,45,2.05,6,7,22,"","",""
44,"Y Noda, C Merschjann, J Tarábek, P Amsalem, N Koch, MJ Bojdys","Directional Charge Transport in Layered Two‐Dimensional Triazine‐Based Graphitic Carbon Nitride",2019,"Angewandte Chemie International Edition","","","https://scholar.google.com/scholar?oi=bibs&hl=en&cites=1939579100027598685",145,"2023-03-01 19:14:36","Journal article","","","https://scholar.google.com/citations?view_op=view_citation&hl=en&user=1EaLR-UAAAAJ&cstart=100&pagesize=100&citation_for_view=1EaLR-UAAAAJ:PyEswDtIyv0C",58,28,9394,9398,44,11.00,7,6,4,"","",""
44,"A Opitz, J Frisch, R Schlesinger, A Wilke, N Koch","Energy level alignment at interfaces in organic photovoltaic devices",2013,"Journal of Electron Spectroscopy and Related Phenomena","","","https://scholar.google.com/scholar?oi=bibs&hl=en&cites=10919443683881599753",146,"2023-03-01 19:14:36","Journal article","","","https://scholar.google.com/citations?view_op=view_citation&hl=en&user=1EaLR-UAAAAJ&cstart=100&pagesize=100&citation_for_view=1EaLR-UAAAAJ:4fKUyHm3Qg0C",190,,12,24,44,4.40,9,5,10,"","",""
43,"Y Wang, XH Liu, Q Wang, M Quick, SA Kovalenko, QY Chen, N Koch, ...","Insights into Charge Transfer at an Atomically Precise Nanocluster/Semiconductor Interface",2020,"Angewandte Chemie","","","https://scholar.google.com/scholar?oi=bibs&hl=en&cites=15509514908242544399",147,"2023-03-01 19:14:36","Journal article","","","https://scholar.google.com/citations?view_op=view_citation&hl=en&user=1EaLR-UAAAAJ&cstart=100&pagesize=100&citation_for_view=1EaLR-UAAAAJ:rTD5ala9j4wC",132,20,7822,7828,43,14.33,5,8,3,"","",""
43,"J Frisch, M Schubert, E Preis, JP Rabe, D Neher, U Scherf, N Koch","Full electronic structure across a polymer heterojunction solar cell",2012,"Journal of Materials Chemistry","","","https://scholar.google.com/scholar?oi=bibs&hl=en&cites=5601220486526240783",148,"2023-03-01 19:14:36","Journal article","","","https://scholar.google.com/citations?view_op=view_citation&hl=en&user=1EaLR-UAAAAJ&cstart=100&pagesize=100&citation_for_view=1EaLR-UAAAAJ:WbkHhVStYXYC",22,10,4418,4424,43,3.91,6,7,11,"","",""
43,"J Frisch, A Vollmer, JP Rabe, N Koch","Ultrathin polythiophene films on an intrinsically conducting polymer electrode: Charge transfer induced valence states and interface dipoles",2011,"Organic Electronics","","","https://scholar.google.com/scholar?oi=bibs&hl=en&cites=12452205713323192124",149,"2023-03-01 19:14:36","Journal article","","","https://scholar.google.com/citations?view_op=view_citation&hl=en&user=1EaLR-UAAAAJ&cstart=100&pagesize=100&citation_for_view=1EaLR-UAAAAJ:a0OBvERweLwC",12,6,916,922,43,3.58,11,4,12,"","",""
43,"R Weber, B Winter, IV Hertel, B Stiller, S Schrader, L Brehmer, N Koch","Photoemission from azobenzene alkanethiol self-assembled monolayers",2003,"The Journal of Physical Chemistry B","","","https://scholar.google.com/scholar?oi=bibs&hl=en&cites=6498523048907913638",150,"2023-03-01 19:14:36","Journal article","","","https://scholar.google.com/citations?view_op=view_citation&hl=en&user=1EaLR-UAAAAJ&cstart=100&pagesize=100&citation_for_view=1EaLR-UAAAAJ:ns9cj8rnVeAC",107,31,7768,7775,43,2.15,6,7,20,"","",""
43,"R Resel, N Koch, F Meghdadi, G Leising, L Athouel, G Froyer, F Hofer","A polymorph crystal structure of hexaphenyl observed in thin films",2001,"Crystal Research and Technology: Journal of Experimental and Industrial …","","","https://scholar.google.com/scholar?oi=bibs&hl=en&cites=3878960334631288565",151,"2023-03-01 19:14:36","Journal article","","","https://scholar.google.com/citations?view_op=view_citation&hl=en&user=1EaLR-UAAAAJ&cstart=100&pagesize=100&citation_for_view=1EaLR-UAAAAJ:dfsIfKJdRG4C",,,,,43,1.95,6,7,22,"","",""
42,"M Arvind, CE Tait, M Guerrini, J Krumland, AM Valencia, C Cocchi, ...","Quantitative Analysis of Doping-Induced Polarons and Charge-Transfer Complexes of Poly (3-hexylthiophene) in Solution",2020,"The Journal of Physical Chemistry B","","","https://scholar.google.com/scholar?oi=bibs&hl=en&cites=6484871565898684225",152,"2023-03-01 19:14:36","Journal article","","","https://scholar.google.com/citations?view_op=view_citation&hl=en&user=1EaLR-UAAAAJ&cstart=100&pagesize=100&citation_for_view=1EaLR-UAAAAJ:rbm3iO8VlycC",124,35,7694,7708,42,14.00,6,7,3,"","",""
42,"J Dagar, K Hirselandt, A Merdasa, A Czudek, R Munir, F Zu, N Koch, ...","Alkali Salts as Interface Modifiers in n‐i‐p Hybrid Perovskite Solar Cells",2019,"Solar RRL","","","https://scholar.google.com/scholar?oi=bibs&hl=en&cites=1476257096941399161",153,"2023-03-01 19:14:36","Journal article","","","https://scholar.google.com/citations?view_op=view_citation&hl=en&user=1EaLR-UAAAAJ&cstart=100&pagesize=100&citation_for_view=1EaLR-UAAAAJ:mKu_rENv82IC",3,9,1900088,1900088,42,10.50,5,8,4,"","",""
42,"N Koch","Supramolecular Materials for Opto-electronics",2014,"Royal Society of Chemistry","","","https://scholar.google.com/scholar?oi=bibs&hl=en&cites=8409928471884023446",154,"2023-03-01 19:14:36","","","","https://scholar.google.com/citations?view_op=view_citation&hl=en&user=1EaLR-UAAAAJ&cstart=100&pagesize=100&citation_for_view=1EaLR-UAAAAJ:nrtMV_XWKgEC",,,,,42,4.67,42,1,9,"","",""
42,"N Koch, C Chan, A Kahn, J Schwartz","Lack of thermodynamic equilibrium in conjugated organic molecular thin films",2003,"Physical Review B","","","https://scholar.google.com/scholar?oi=bibs&hl=en&cites=13919805619528885006",155,"2023-03-01 19:14:36","Journal article","","","https://scholar.google.com/citations?view_op=view_citation&hl=en&user=1EaLR-UAAAAJ&cstart=100&pagesize=100&citation_for_view=1EaLR-UAAAAJ:35N4QoGY0k4C",67,19,195330,195330,42,2.10,11,4,20,"","",""
41,"J Tirado, C Roldán-Carmona, FA Muñoz-Guerrero, G Bonilla-Arboleda, ...","Copper sulfide nanoparticles as hole-transporting-material in a fully-inorganic blocking layers nip perovskite solar cells: Application and working insights",2019,"Applied Surface Science","","","https://scholar.google.com/scholar?oi=bibs&hl=en&cites=10675690505444499846",156,"2023-03-01 19:14:36","Journal article","","","https://scholar.google.com/citations?view_op=view_citation&hl=en&user=1EaLR-UAAAAJ&cstart=100&pagesize=100&citation_for_view=1EaLR-UAAAAJ:SjuI4pbJlxcC",478,,607,614,41,10.25,8,5,4,"","",""
41,"M Ralaiarisoa, I Salzmann, FS Zu, N Koch","Effect of Water, Oxygen, and Air Exposure on CH3NH3PbI3–xClx Perovskite Surface Electronic Properties",2018,"Advanced Electronic Materials","","","https://scholar.google.com/scholar?oi=bibs&hl=en&cites=13600060148677072444",157,"2023-03-01 19:14:36","Journal article","","","https://scholar.google.com/citations?view_op=view_citation&hl=en&user=1EaLR-UAAAAJ&cstart=100&pagesize=100&citation_for_view=1EaLR-UAAAAJ:prdVHNxh-e8C",4,12,1800307,1800307,41,8.20,10,4,5,"","",""
41,"H Hase, K O’Neill, J Frisch, A Opitz, N Koch, I Salzmann","Unraveling the Microstructure of Molecularly Doped Poly (3-hexylthiophene) by Thermally Induced Dedoping",2018,"The Journal of Physical Chemistry C","","","https://scholar.google.com/scholar?oi=bibs&hl=en&cites=9409115039416823096",158,"2023-03-01 19:14:36","Journal article","","","https://scholar.google.com/citations?view_op=view_citation&hl=en&user=1EaLR-UAAAAJ&cstart=100&pagesize=100&citation_for_view=1EaLR-UAAAAJ:PYBJJbyH-FwC",122,45,25893,25899,41,8.20,7,6,5,"","",""
40,"P Caprioglio, DS Cruz, S Caicedo-Dávila, F Zu, AA Sutanto, ...","Bi-functional interfaces by poly (ionic liquid) treatment in efficient pin and nip perovskite solar cells",2021,"Energy &environmental science","","","https://scholar.google.com/scholar?oi=bibs&hl=en&cites=126662874692637420",159,"2023-03-01 19:14:36","Journal article","","","https://scholar.google.com/citations?view_op=view_citation&hl=en&user=1EaLR-UAAAAJ&cstart=100&pagesize=100&citation_for_view=1EaLR-UAAAAJ:isU91gLudPYC",14,8,4508,4522,40,20.00,7,6,2,"","",""
40,"S Park, T Schultz, X Xu, B Wegner, A Aljarb, A Han, LJ Li, VC Tung, ...","Demonstration of the key substrate-dependent charge transfer mechanisms between monolayer MoS2 and molecular dopants",2019,"Communications Physics","","","https://scholar.google.com/scholar?oi=bibs&hl=en&cites=14678594524111070856",160,"2023-03-01 19:14:36","Journal article","","","https://scholar.google.com/citations?view_op=view_citation&hl=en&user=1EaLR-UAAAAJ&cstart=100&pagesize=100&citation_for_view=1EaLR-UAAAAJ:w0F2JDEymm0C",2,1,109,109,40,10.00,4,9,4,"","",""
40,"AJ Huckaba, S Gharibzadeh, M Ralaiarisoa, C Roldán‐Carmona, ...","Low‐Cost TiS2 as Hole‐Transport Material for Perovskite Solar Cells",2017,"Small Methods","","","https://scholar.google.com/scholar?oi=bibs&hl=en&cites=3869697840398005838",161,"2023-03-01 19:14:36","Journal article","","","https://scholar.google.com/citations?view_op=view_citation&hl=en&user=1EaLR-UAAAAJ&cstart=100&pagesize=100&citation_for_view=1EaLR-UAAAAJ:gKiMpY-AVTkC",1,10,1700250,1700250,40,6.67,8,5,6,"","",""
40,"I Salzmann, S Duhm, R Opitz, JP Rabe, N Koch","Impact of low 6, 13-pentacenequinone concentration on pentacene thin film growth",2007,"Applied Physics Letters","","","https://scholar.google.com/scholar?oi=bibs&hl=en&cites=16807482882432121282",162,"2023-03-01 19:14:36","Journal article","","","https://scholar.google.com/citations?view_op=view_citation&hl=en&user=1EaLR-UAAAAJ&cstart=100&pagesize=100&citation_for_view=1EaLR-UAAAAJ:2P1L_qKh6hAC",91,5,51919,51919,40,2.50,8,5,16,"","",""
39,"A Opitz, A Wilke, P Amsalem, M Oehzelt, RP Blum, JP Rabe, T Mizokuro, ...","Organic heterojunctions: Contact-induced molecular reorientation, interface states, and charge re-distribution",2016,"Scientific reports","","","https://scholar.google.com/scholar?oi=bibs&hl=en&cites=11564613049560367020",163,"2023-03-01 19:14:36","Journal article","","","https://scholar.google.com/citations?view_op=view_citation&hl=en&user=1EaLR-UAAAAJ&cstart=100&pagesize=100&citation_for_view=1EaLR-UAAAAJ:PVjk1bu6vJQC",6,,21291,21291,39,5.57,5,8,7,"","",""
39,"N Koteeswara Reddy, S Winkler, N Koch, N Pinna","Electrochemical Water Oxidation of Ultrathin Cobalt Oxide-Based Catalyst Supported onto Aligned ZnO Nanorods",2016,"ACS applied materials &interfaces","","","https://scholar.google.com/scholar?oi=bibs&hl=en&cites=8797339235594360505",164,"2023-03-01 19:14:36","Journal article","","","https://scholar.google.com/citations?view_op=view_citation&hl=en&user=1EaLR-UAAAAJ&cstart=100&pagesize=100&citation_for_view=1EaLR-UAAAAJ:86PQX7AUzd4C",8,5,3226,3232,39,5.57,10,4,7,"","",""
39,"V Scenev, P Cosseddu, A Bonfiglio, I Salzmann, N Severin, M Oehzelt, ...","Origin of mechanical strain sensitivity of pentacene thin-film transistors",2013,"Organic Electronics","","","https://scholar.google.com/scholar?oi=bibs&hl=en&cites=3647756101376085657",165,"2023-03-01 19:14:36","Journal article","","","https://scholar.google.com/citations?view_op=view_citation&hl=en&user=1EaLR-UAAAAJ&cstart=100&pagesize=100&citation_for_view=1EaLR-UAAAAJ:VL0QpB8kHFEC",14,5,1323,1329,39,3.90,6,7,10,"","",""
39,"A Wilke, P Amsalem, J Frisch, B Bröker, A Vollmer, N Koch","Electric fields induced by energy level pinning at organic heterojunctions",2011,"Applied Physics Letters","","","https://scholar.google.com/scholar?oi=bibs&hl=en&cites=14933072367179087857",166,"2023-03-01 19:14:36","Journal article","","","https://scholar.google.com/citations?view_op=view_citation&hl=en&user=1EaLR-UAAAAJ&cstart=100&pagesize=100&citation_for_view=1EaLR-UAAAAJ:SeFeTyx0c_EC",98,12,68,68,39,3.25,7,6,12,"","",""
39,"P Cosseddu, A Bonfiglio, I Salzmann, JP Rabe, N Koch","Ambipolar transport in transparent and flexible all-organic heterojunction field effect transistors at ambient conditions",2008,"Organic Electronics","","","https://scholar.google.com/scholar?oi=bibs&hl=en&cites=9126169621131778882",167,"2023-03-01 19:14:36","Journal article","","","https://scholar.google.com/citations?view_op=view_citation&hl=en&user=1EaLR-UAAAAJ&cstart=100&pagesize=100&citation_for_view=1EaLR-UAAAAJ:lSLTfruPkqcC",9,2,191,197,39,2.60,8,5,15,"","",""
39,"S Duhm, H Glowatzki, V Cimpeanu, J Klankermayer, JP Rabe, ...","Weak charge transfer between an acceptor molecule and metal surfaces enabling organic/metal energy level tuning",2006,"The Journal of Physical Chemistry B","","","https://scholar.google.com/scholar?oi=bibs&hl=en&cites=16981020117916620946",168,"2023-03-01 19:14:36","Journal article","","","https://scholar.google.com/citations?view_op=view_citation&hl=en&user=1EaLR-UAAAAJ&cstart=100&pagesize=100&citation_for_view=1EaLR-UAAAAJ:ZHo1McVdvXMC",110,42,21069,21072,39,2.29,7,6,17,"","",""
38,"C Christodoulou, A Giannakopoulos, G Ligorio, M Oehzelt, M Timpel, ...","Tuning the electronic structure of graphene by molecular dopants: Impact of the substrate",2015,"ACS applied materials &interfaces","","","https://scholar.google.com/scholar?oi=bibs&hl=en&cites=13713086258920257290",169,"2023-03-01 19:14:36","Journal article","","","https://scholar.google.com/citations?view_op=view_citation&hl=en&user=1EaLR-UAAAAJ&cstart=100&pagesize=100&citation_for_view=1EaLR-UAAAAJ:SpbeaW3--B0C",7,34,19134,19144,38,4.75,6,6,8,"","",""
38,"P Cosseddu, JO Vogel, B Fraboni, JP Rabe, N Koch, A Bonfiglio","Continuous tuning of organic transistor operation from enhancement to depletion mode",2009,"Advanced Materials","","","https://scholar.google.com/scholar?oi=bibs&hl=en&cites=14416294831024270672",170,"2023-03-01 19:14:36","Journal article","","","https://scholar.google.com/citations?view_op=view_citation&hl=en&user=1EaLR-UAAAAJ&cstart=100&pagesize=100&citation_for_view=1EaLR-UAAAAJ:abG-DnoFyZgC",21,3,344,348,38,2.71,6,6,14,"","",""
38,"S Blumstengel, S Sadofev, C Xu, J Puls, RL Johnson, H Glowatzki, ...","Electronic coupling in organic-inorganic semiconductor hybrid structures with type-II energy level alignment",2008,"Physical Review B","","","https://scholar.google.com/scholar?oi=bibs&hl=en&cites=7098658383480158161",171,"2023-03-01 19:14:36","Journal article","","","https://scholar.google.com/citations?view_op=view_citation&hl=en&user=1EaLR-UAAAAJ&cstart=100&pagesize=100&citation_for_view=1EaLR-UAAAAJ:CHSYGLWDkRkC",77,8,85323,85323,38,2.53,5,7,15,"","",""
38,"J Guo, N Koch, SL Bernasek, J Schwartz","Enhanced hole injection in a polymer light emitting diode using a small molecule monolayer bound to the anode",2006,"Chemical physics letters","","","https://scholar.google.com/scholar?oi=bibs&hl=en&cites=1034546367948925759",172,"2023-03-01 19:14:36","Journal article","","","https://scholar.google.com/citations?view_op=view_citation&hl=en&user=1EaLR-UAAAAJ&cstart=100&pagesize=100&citation_for_view=1EaLR-UAAAAJ:M05iB0D1s5AC",426,4,370,373,38,2.24,10,4,17,"","",""
38,"CE Heiner, J Dreyer, IV Hertel, N Koch, HH Ritze, W Widdra, B Winter","Anisotropy in ordered sexithiophene thin films studied by angle-resolved photoemission using combined laser and synchrotron radiation",2005,"Applied Physics Letters","","","https://scholar.google.com/scholar?oi=bibs&hl=en&cites=10226779877568784680",173,"2023-03-01 19:14:36","Journal article","","","https://scholar.google.com/citations?view_op=view_citation&hl=en&user=1EaLR-UAAAAJ&cstart=100&pagesize=100&citation_for_view=1EaLR-UAAAAJ:vV6vV6tmYwMC",87,9,93501,93501,38,2.11,5,7,18,"","",""
37,"OT Hofmann, H Glowatzki, C Bürker, GM Rangger, B Bröker, ...","Orientation-Dependent Work-Function Modification Using Substituted Pyrene-Based Acceptors",2017,"The Journal of Physical Chemistry C","","","https://scholar.google.com/scholar?oi=bibs&hl=en&cites=5676120545927312458",174,"2023-03-01 19:14:36","Journal article","","","https://scholar.google.com/citations?view_op=view_citation&hl=en&user=1EaLR-UAAAAJ&cstart=100&pagesize=100&citation_for_view=1EaLR-UAAAAJ:Bg7qf7VwUHIC",121,44,24657,24668,37,6.17,6,6,6,"","",""
37,"S Blumstengel, N Koch, S Sadofev, P Schäfer, H Glowatzki, RL Johnson, ...","Interface formation and electronic structure of -sexithiophene on ZnO",2008,"Applied Physics Letters","","","https://scholar.google.com/scholar?oi=bibs&hl=en&cites=12444246878673119221",175,"2023-03-01 19:14:36","Journal article","","","https://scholar.google.com/citations?view_op=view_citation&hl=en&user=1EaLR-UAAAAJ&cstart=100&pagesize=100&citation_for_view=1EaLR-UAAAAJ:4OULZ7Gr8RgC",92,19,169,169,37,2.47,5,7,15,"","",""
36,"K Akaike, N Koch, G Heimel, M Oehzelt","The impact of disorder on the energy level alignment at molecular donor–acceptor interfaces",2015,"Advanced Materials Interfaces","","","https://scholar.google.com/scholar?oi=bibs&hl=en&cites=7612657161033366067",176,"2023-03-01 19:14:36","Journal article","","","https://scholar.google.com/citations?view_op=view_citation&hl=en&user=1EaLR-UAAAAJ&cstart=100&pagesize=100&citation_for_view=1EaLR-UAAAAJ:XD-gHx7UXLsC",2,13,1500232,1500232,36,4.50,9,4,8,"","",""
36,"J Frisch, M Herder, P Herrmann, G Heimel, S Hecht, N Koch","Photoinduced reversible changes in the electronic structure of photochromic diarylethene films",2013,"Applied Physics A","","","https://scholar.google.com/scholar?oi=bibs&hl=en&cites=17066609973163882720",177,"2023-03-01 19:14:36","Journal article","","","https://scholar.google.com/citations?view_op=view_citation&hl=en&user=1EaLR-UAAAAJ&cstart=100&pagesize=100&citation_for_view=1EaLR-UAAAAJ:JoZmwDi-zQgC",113,1,1,4,36,3.60,6,6,10,"","",""
36,"C Simbrunner, G Hernandez-Sosa, F Quochi, G Schwabegger, C Botta, ...","Color tuning of nanofibers by periodic organic–organic hetero-epitaxy",2012,"ACS nano","","","https://scholar.google.com/scholar?oi=bibs&hl=en&cites=7281353271661345170",179,"2023-03-01 19:14:36","Journal article","","","https://scholar.google.com/citations?view_op=view_citation&hl=en&user=1EaLR-UAAAAJ&cstart=100&pagesize=100&citation_for_view=1EaLR-UAAAAJ:dshw04ExmUIC",6,6,4629,4638,36,3.27,6,6,11,"","",""
36,"N Koch, A Elschner, RL Johnson","Green polyfluorene-conducting polymer interfaces: Energy level alignment and device performance",2006,"Journal of applied physics","","","https://scholar.google.com/scholar?oi=bibs&hl=en&cites=8049188353570173333",180,"2023-03-01 19:14:36","Journal article","","","https://scholar.google.com/citations?view_op=view_citation&hl=en&user=1EaLR-UAAAAJ&cstart=100&pagesize=100&citation_for_view=1EaLR-UAAAAJ:fPk4N6BV_jEC",100,2,24512,24512,36,2.12,12,3,17,"","",""
35,"S Wahl, SM El‐Refaei, AG Buzanich, P Amsalem, KS Lee, N Koch, ...","Zn0.35Co0.65O – A Stable and Highly Active Oxygen Evolution Catalyst Formed by Zinc Leaching and Tetrahedral Coordinated Cobalt in Wurtzite Structure",2019,"Advanced Energy Materials","","","https://scholar.google.com/scholar?oi=bibs&hl=en&cites=622814086296681379",181,"2023-03-01 19:14:36","Journal article","","","https://scholar.google.com/citations?view_op=view_citation&hl=en&user=1EaLR-UAAAAJ&cstart=100&pagesize=100&citation_for_view=1EaLR-UAAAAJ:MAUkC_7iAq8C",9,20,1900328,1900328,35,8.75,5,7,4,"","",""
35,"T Schultz, S Vogt, P Schlupp, H von Wenckstern, N Koch, M Grundmann","Influence of Oxygen Deficiency on the Rectifying Behavior of Transparent-Semiconducting-Oxide–Metal Interfaces",2018,"Physical Review Applied","","","https://scholar.google.com/scholar?oi=bibs&hl=en&cites=4307988551666079289",182,"2023-03-01 19:14:36","Journal article","","","https://scholar.google.com/citations?view_op=view_citation&hl=en&user=1EaLR-UAAAAJ&cstart=100&pagesize=100&citation_for_view=1EaLR-UAAAAJ:1taIhTC69MYC",9,6,64001,64001,35,7.00,6,6,5,"","",""
35,"M Timpel, MV Nardi, G Ligorio, B Wegner, M Pätzel, B Kobin, S Hecht, ...","Energy-Level Engineering at ZnO/Oligophenylene Interfaces with Phosphonate-Based Self-Assembled Monolayers",2015,"ACS applied materials &interfaces","","","https://scholar.google.com/scholar?oi=bibs&hl=en&cites=10841969430287796291",183,"2023-03-01 19:14:36","Journal article","","","https://scholar.google.com/citations?view_op=view_citation&hl=en&user=1EaLR-UAAAAJ&cstart=100&pagesize=100&citation_for_view=1EaLR-UAAAAJ:kz9GbA2Ns4gC",7,22,11900,11907,35,4.38,4,8,8,"","",""
35,"H Glowatzki, G Heimel, A Vollmer, SL Wong, H Huang, W Chen, ATS Wee, ...","Impact of fluorination on initial growth and stability of pentacene on Cu (111)",2012,"The Journal of Physical Chemistry C","","","https://scholar.google.com/scholar?oi=bibs&hl=en&cites=7844876263866015058",184,"2023-03-01 19:14:36","Journal article","","","https://scholar.google.com/citations?view_op=view_citation&hl=en&user=1EaLR-UAAAAJ&cstart=100&pagesize=100&citation_for_view=1EaLR-UAAAAJ:5Ul4iDaHHb8C",116,14,7726,7734,35,3.18,4,8,11,"","",""
35,"S Bange, A Kuksov, D Neher, A Vollmer, N Koch, A Ludemann, S Heun","The role of poly (3, 4-ethylenedioxythiophene): poly (styrenesulphonate) as a hole injection layer in a blue-emitting polymer light-emitting diode",2008,"Journal of Applied Physics","","","https://scholar.google.com/scholar?oi=bibs&hl=en&cites=6796348982988493496",185,"2023-03-01 19:14:36","Journal article","","","https://scholar.google.com/citations?view_op=view_citation&hl=en&user=1EaLR-UAAAAJ&cstart=100&pagesize=100&citation_for_view=1EaLR-UAAAAJ:bFI3QPDXJZMC",104,10,104506,104506,35,2.33,5,7,15,"","",""
34,"P Beyer, D Pham, C Peter, N Koch, E Meister, W Brütting, L Grubert, ...","State-of-Matter-Dependent Charge-Transfer Interactions between Planar Molecules for Doping Applications",2019,"Chemistry of Materials","","","https://scholar.google.com/scholar?oi=bibs&hl=en&cites=16542703785523861450",186,"2023-03-01 19:14:36","Journal article","","","https://scholar.google.com/citations?view_op=view_citation&hl=en&user=1EaLR-UAAAAJ&cstart=100&pagesize=100&citation_for_view=1EaLR-UAAAAJ:DBa1UEJaJKAC",31,4,1237,1249,34,8.50,4,8,4,"","",""
34,"S Duhm, C Bürker, J Niederhausen, I Salzmann, T Hosokai, J Duvernay, ...","Pentacene on Ag (111): Correlation of Bonding Distance with Intermolecular Interaction and Order",2013,"ACS applied materials &interfaces","","","https://scholar.google.com/scholar?oi=bibs&hl=en&cites=12049077729456470378",187,"2023-03-01 19:14:36","Journal article","","","https://scholar.google.com/citations?view_op=view_citation&hl=en&user=1EaLR-UAAAAJ&cstart=100&pagesize=100&citation_for_view=1EaLR-UAAAAJ:PR6Y55bgFSsC",5,19,9377,9381,34,3.40,5,7,10,"","",""
34,"L Giovanelli, FC Bocquet, P Amsalem, HL Lee, M Abel, S Clair, M Koudia, ...","Interpretation of valence band photoemission spectra at organic-metal interfaces",2013,"Physical Review B","","","https://scholar.google.com/scholar?oi=bibs&hl=en&cites=11906048959100563182",188,"2023-03-01 19:14:36","Journal article","","","https://scholar.google.com/citations?view_op=view_citation&hl=en&user=1EaLR-UAAAAJ&cstart=100&pagesize=100&citation_for_view=1EaLR-UAAAAJ:J-pR_7NvFogC",87,3,35413,35413,34,3.40,4,8,10,"","",""
34,"JO Vogel, I Salzmann, S Duhm, M Oehzelt, JP Rabe, N Koch","Phase-separation and mixing in thin films of co-deposited rod-like conjugated molecules",2010,"Journal of Materials Chemistry","","","https://scholar.google.com/scholar?oi=bibs&hl=en&cites=8528528838732438738",189,"2023-03-01 19:14:36","Journal article","","","https://scholar.google.com/citations?view_op=view_citation&hl=en&user=1EaLR-UAAAAJ&cstart=100&pagesize=100&citation_for_view=1EaLR-UAAAAJ:_xSYboBqXhAC",20,20,4055,4066,34,2.62,6,6,13,"","",""
34,"S Duhm, H Glowatzki, JP Rabe, N Koch, RL Johnson","Influence of alkyl chain substitution on sexithienyl-metal interface morphology and energetics",2006,"Applied physics letters","","","https://scholar.google.com/scholar?oi=bibs&hl=en&cites=4991588813252378481",190,"2023-03-01 19:14:36","Journal article","","","https://scholar.google.com/citations?view_op=view_citation&hl=en&user=1EaLR-UAAAAJ&cstart=100&pagesize=100&citation_for_view=1EaLR-UAAAAJ:pqnbT2bcN3wC",88,20,203109,203109,34,2.00,7,5,17,"","",""
34,"N Koch, LM Yu, V Parenté, R Lazzaroni, RL Johnson, G Leising, ...","Evidence for physisorption of aluminum on the surface of electroluminescent sexiphenyl",1998,"Advanced Materials","","","https://scholar.google.com/scholar?oi=bibs&hl=en&cites=5451102643638910516",191,"2023-03-01 19:14:36","Journal article","","","https://scholar.google.com/citations?view_op=view_citation&hl=en&user=1EaLR-UAAAAJ&cstart=100&pagesize=100&citation_for_view=1EaLR-UAAAAJ:3s1wT3WcHBgC",10,13,1038,1043,34,1.36,5,7,25,"","",""
33,"J Warby, F Zu, S Zeiske, E Gutierrez‐Partida, L Frohloff, S Kahmann, ...","Understanding Performance Limiting Interfacial Recombination in pin Perovskite Solar Cells",2022,"Advanced Energy Materials","","","https://scholar.google.com/scholar?oi=bibs&hl=en&cites=17738780145467064110",192,"2023-03-01 19:14:36","Journal article","","","https://scholar.google.com/citations?view_op=view_citation&hl=en&user=1EaLR-UAAAAJ&cstart=100&pagesize=100&citation_for_view=1EaLR-UAAAAJ:RuPIJ_LgqDgC",12,12,2103567,2103567,33,33.00,5,7,1,"","",""
33,"K Akaike, MV Nardi, M Oehzelt, J Frisch, A Opitz, C Christodoulou, ...","Effective Work Function Reduction of Practical Electrodes Using an Organometallic Dimer",2016,"Advanced Functional Materials","","","https://scholar.google.com/scholar?oi=bibs&hl=en&cites=13532092060114695315",193,"2023-03-01 19:14:36","Journal article","","","https://scholar.google.com/citations?view_op=view_citation&hl=en&user=1EaLR-UAAAAJ&cstart=100&pagesize=100&citation_for_view=1EaLR-UAAAAJ:5qfkUJPXOUwC",26,15,2493,2502,33,4.71,5,7,7,"","",""
33,"K Schmoltner, F Schlütter, M Kivala, M Baumgarten, S Winkler, R Trattnig, ...","A heterotriangulene polymer for air-stable organic field-effect transistors",2013,"Polymer Chemistry","","","https://scholar.google.com/scholar?oi=bibs&hl=en&cites=17219843979573505250",194,"2023-03-01 19:14:36","Journal article","","","https://scholar.google.com/citations?view_op=view_citation&hl=en&user=1EaLR-UAAAAJ&cstart=100&pagesize=100&citation_for_view=1EaLR-UAAAAJ:WqliGbK-hY8C",4,20,5337,5344,33,3.30,5,7,10,"","",""
33,"P Frank, N Koch, M Koini, R Rieger, K Müllen, R Resel, A Winkler","Layer growth and desorption kinetics of a discoid molecular acceptor on Au (111)",2009,"Chemical Physics Letters","","","https://scholar.google.com/scholar?oi=bibs&hl=en&cites=10504304659929293835",195,"2023-03-01 19:14:36","Journal article","","","https://scholar.google.com/citations?view_op=view_citation&hl=en&user=1EaLR-UAAAAJ&cstart=100&pagesize=100&citation_for_view=1EaLR-UAAAAJ:rO6llkc54NcC",473,4,321,325,33,2.36,5,7,14,"","",""
33,"J Zhang, I Salzmann, S Rogaschewski, JP Rabe, N Koch, F Zhang, Z Xu","Arrays of crystalline  and pentacene nanocolumns",2007,"Applied physics letters","","","https://scholar.google.com/scholar?oi=bibs&hl=en&cites=16091140883109767947",196,"2023-03-01 19:14:36","Journal article","","","https://scholar.google.com/citations?view_op=view_citation&hl=en&user=1EaLR-UAAAAJ&cstart=100&pagesize=100&citation_for_view=1EaLR-UAAAAJ:zA6iFVUQeVQC",90,19,193117,193117,33,2.06,5,7,16,"","",""
32,"P Frank, T Djuric, M Koini, I Salzmann, R Rieger, K Müllen, R Resel, ...","Layer growth, thermal stability, and desorption behavior of hexaaza-triphenylene-hexacarbonitrile on Ag (111)",2010,"The Journal of Physical Chemistry C","","","https://scholar.google.com/scholar?oi=bibs&hl=en&cites=6128689076639186729",197,"2023-03-01 19:14:36","Journal article","","","https://scholar.google.com/citations?view_op=view_citation&hl=en&user=1EaLR-UAAAAJ&cstart=100&pagesize=100&citation_for_view=1EaLR-UAAAAJ:b0M2c_1WBrUC",114,14,6650,6657,32,2.46,4,8,13,"","",""
32,"S Duhm, I Salzmann, N Koch, H Fukagawa, T Kataoka, S Hosoumi, ...","Vacuum sublimed α, ω-dihexylsexithiophene thin films: Correlating electronic structure and molecular orientation",2008,"Journal of Applied Physics","","","https://scholar.google.com/scholar?oi=bibs&hl=en&cites=1544898392536381633",198,"2023-03-01 19:14:36","Journal article","","","https://scholar.google.com/citations?view_op=view_citation&hl=en&user=1EaLR-UAAAAJ&cstart=100&pagesize=100&citation_for_view=1EaLR-UAAAAJ:nb7KW1ujOQ8C",104,3,33717,33717,32,2.13,5,7,15,"","",""
32,"D Sainova, S Janietz, U Asawapirom, L Romaner, E Zojer, N Koch, ...","Improving the stability of polymer FETs by introducing fixed acceptor units into the main chain: Application to poly (alkylthiophenes)",2007,"Chemistry of materials","","","https://scholar.google.com/scholar?oi=bibs&hl=en&cites=4638422663851669050",199,"2023-03-01 19:14:36","Journal article","","","https://scholar.google.com/citations?view_op=view_citation&hl=en&user=1EaLR-UAAAAJ&cstart=100&pagesize=100&citation_for_view=1EaLR-UAAAAJ:xtRiw3GOFMkC",19,6,1472,1481,32,2.00,5,7,16,"","",""
31,"N Koch, A Elschner, RL Johnson, JP Rabe","Energy level alignment at interfaces with pentacene: metals versus conducting polymers",2005,"Applied surface science","","","https://scholar.google.com/scholar?oi=bibs&hl=en&cites=13003940411467829499",200,"2023-03-01 19:14:36","Journal article","","","https://scholar.google.com/citations?view_op=view_citation&hl=en&user=1EaLR-UAAAAJ&cstart=100&pagesize=100&citation_for_view=1EaLR-UAAAAJ:P5F9QuxV20EC",244,1,593,597,31,1.72,8,4,18,"","",""
31,"J Schwartz, EL Bruner, N Koch, AR Span, SL Bernasek, A Kahn","Controlling the work function of indium tin oxide: differentiating dipolar from local surface effects",2003,"Synthetic metals","","","https://scholar.google.com/scholar?oi=bibs&hl=en&cites=17879735188424881881",201,"2023-03-01 19:14:36","Journal article","","","https://scholar.google.com/citations?view_op=view_citation&hl=en&user=1EaLR-UAAAAJ&cstart=200&pagesize=100&citation_for_view=1EaLR-UAAAAJ:EUQCXRtRnyEC",138,1,223,227,31,1.55,5,6,20,"","",""
29,"AE Mansour, D Lungwitz, T Schultz, M Arvind, AM Valencia, C Cocchi, ...","The optical signatures of molecular-doping induced polarons in poly (3-hexylthiophene-2, 5-diyl): individual polymer chains versus aggregates",2020,"Journal of Materials Chemistry C","","","https://scholar.google.com/scholar?oi=bibs&hl=en&cites=10766185945453802924",202,"2023-03-01 19:14:36","Journal article","","","https://scholar.google.com/citations?view_op=view_citation&hl=en&user=1EaLR-UAAAAJ&cstart=200&pagesize=100&citation_for_view=1EaLR-UAAAAJ:BrOSOlqYqPUC",8,8,2870,2879,29,9.67,4,7,3,"","",""
29,"H Wang, SV Levchenko, T Schultz, N Koch, M Scheffler, M Rossi","Modulation of the Work Function by the Atomic Structure of Strong Organic Electron Acceptors on H‐Si (111)",2019,"Advanced Electronic Materials","","","https://scholar.google.com/scholar?oi=bibs&hl=en&cites=16976717367889173207",203,"2023-03-01 19:14:36","Journal article","","","https://scholar.google.com/citations?view_op=view_citation&hl=en&user=1EaLR-UAAAAJ&cstart=200&pagesize=100&citation_for_view=1EaLR-UAAAAJ:Dem6FJhTUoYC",5,5,1800891,1800891,29,7.25,5,6,4,"","",""
29,"T Breuer, I Salzmann, J Götzen, M Oehzelt, A Morherr, N Koch, G Witte","Interrelation between substrate roughness and thin-film structure of functionalized acenes on graphite",2011,"Crystal Growth &Design","","","https://scholar.google.com/scholar?oi=bibs&hl=en&cites=11271186430364723014",204,"2023-03-01 19:14:36","Journal article","","","https://scholar.google.com/citations?view_op=view_citation&hl=en&user=1EaLR-UAAAAJ&cstart=200&pagesize=100&citation_for_view=1EaLR-UAAAAJ:D_sINldO8mEC",11,11,4996,5001,29,2.42,4,7,12,"","",""
29,"JO Vogel, I Salzmann, R Opitz, S Duhm, B Nickel, JP Rabe, N Koch","Sub-nanometer control of the interlayer spacing in thin films of intercalated rodlike conjugated molecules",2007,"The Journal of Physical Chemistry B","","","https://scholar.google.com/scholar?oi=bibs&hl=en&cites=7665813685888994748",205,"2023-03-01 19:14:36","Journal article","","","https://scholar.google.com/citations?view_op=view_citation&hl=en&user=1EaLR-UAAAAJ&cstart=200&pagesize=100&citation_for_view=1EaLR-UAAAAJ:vRqMK49ujn8C",111,51,14097,14101,29,1.81,4,7,16,"","",""
29,"J Guo, N Koch, J Schwartz, SL Bernasek","Direct measurement of surface complex loading and surface dipole and their effect on simple device behavior",2005,"The Journal of Physical Chemistry B","","","https://scholar.google.com/scholar?oi=bibs&hl=en&cites=7596372866829444644",206,"2023-03-01 19:14:36","Journal article","","","https://scholar.google.com/citations?view_op=view_citation&hl=en&user=1EaLR-UAAAAJ&cstart=200&pagesize=100&citation_for_view=1EaLR-UAAAAJ:u_35RYKgDlwC",109,9,3966,3970,29,1.61,7,4,18,"","",""
28,"B Wegner, D Lungwitz, AE Mansour, CE Tait, N Tanaka, T Zhai, S Duhm, ...","An Organic Borate Salt with Superior p‐Doping Capability for Organic Semiconductors",2020,"Advanced Science","","","https://scholar.google.com/scholar?oi=bibs&hl=en&cites=11492984188612183640",207,"2023-03-01 19:14:36","Journal article","","","https://scholar.google.com/citations?view_op=view_citation&hl=en&user=1EaLR-UAAAAJ&cstart=200&pagesize=100&citation_for_view=1EaLR-UAAAAJ:IsPWOBWtZBwC",2001322,,,,28,9.33,4,8,3,"","",""
28,"R Wang, Y Wang, C Wu, T Zhai, J Yang, B Sun, S Duhm, N Koch","Direct Observation of Conductive Polymer Induced Inversion Layer in n‐Si and Correlation to Solar Cell Performance",2020,"Advanced Functional Materials","","","https://scholar.google.com/scholar?oi=bibs&hl=en&cites=543313793590161447",208,"2023-03-01 19:14:36","Journal article","","","https://scholar.google.com/citations?view_op=view_citation&hl=en&user=1EaLR-UAAAAJ&cstart=200&pagesize=100&citation_for_view=1EaLR-UAAAAJ:-nhnvRiOwuoC",30,4,1903440,1903440,28,9.33,4,8,3,"","",""
28,"J Li, SC Dong, A Opitz, LS Liao, N Koch","Design principles of carbazole/dibenzothiophene derivatives as host material in modern efficient organic light-emitting diodes",2017,"Journal of Materials Chemistry C","","","https://scholar.google.com/scholar?oi=bibs&hl=en&cites=822317340511278542",209,"2023-03-01 19:14:36","Journal article","","","https://scholar.google.com/citations?view_op=view_citation&hl=en&user=1EaLR-UAAAAJ&cstart=200&pagesize=100&citation_for_view=1EaLR-UAAAAJ:_5tno0g5mFcC",5,28,6989,6996,28,4.67,6,5,6,"","",""
27,"R Trattnig, TM Figueira-Duarte, D Lorbach, W Wiedemair, S Sax, ...","Deep blue polymer light emitting diodes based on easy to synthesize, non-aggregating polypyrene",2011,"Optics express 19 (106), A1281-A","","","https://scholar.google.com/scholar?oi=bibs&hl=en&cites=15221776406789101896",210,"2023-03-01 19:14:36","Journal article","","","https://scholar.google.com/citations?view_op=view_citation&hl=en&user=1EaLR-UAAAAJ&cstart=200&pagesize=100&citation_for_view=1EaLR-UAAAAJ:BrmTIyaxlBUC",1293,,,,27,2.25,5,6,12,"","",""
27,"A Wilke, T Mizokuro, RP Blum, JP Rabe, N Koch","Electronic properties of Cu-phthalocyanine/fullerene planar and bulk hetereojunctions on PEDOT: PSS",2010,"IEEE Journal of Selected Topics in Quantum Electronics","","","https://scholar.google.com/scholar?oi=bibs&hl=en&cites=3674681262533463193",211,"2023-03-01 19:14:36","Journal article","","","https://scholar.google.com/citations?view_op=view_citation&hl=en&user=1EaLR-UAAAAJ&cstart=200&pagesize=100&citation_for_view=1EaLR-UAAAAJ:geHnlv5EZngC",16,6,1732,1737,27,2.08,5,5,13,"","",""
27,"K Fehse, S Olthof, K Walzer, K Leo, RL Johnson, H Glowatzki, B Bröker, ...","Energy level alignment of electrically doped hole transport layers with transparent and conductive indium tin oxide and polymer anodes",2007,"Journal of Applied Physics","","","https://scholar.google.com/scholar?oi=bibs&hl=en&cites=5165046141363550721",212,"2023-03-01 19:14:36","Journal article","","","https://scholar.google.com/citations?view_op=view_citation&hl=en&user=1EaLR-UAAAAJ&cstart=200&pagesize=100&citation_for_view=1EaLR-UAAAAJ:08ZZubdj9fEC",102,7,73719,73719,27,1.69,3,8,16,"","",""
27,"S Duhm, H Glowatzki, JP Rabe, N Koch, RL Johnson","Spontaneous charge transfer at organic-organic homointerfaces to establish thermodynamic equilibrium",2007,"Applied physics letters","","","https://scholar.google.com/scholar?oi=bibs&hl=en&cites=16829672087929703600",213,"2023-03-01 19:14:36","Journal article","","","https://scholar.google.com/citations?view_op=view_citation&hl=en&user=1EaLR-UAAAAJ&cstart=200&pagesize=100&citation_for_view=1EaLR-UAAAAJ:NhqRSupF_l8C",90,12,122113,122113,27,1.69,5,5,16,"","",""
26,"RDJ Oliver, P Caprioglio, F Peña-Camargo, LRV Buizza, F Zu, ...","Understanding and suppressing non-radiative losses in methylammonium-free wide-bandgap perovskite solar cells",2022,"Energy &Environmental Science","","","https://scholar.google.com/scholar?oi=bibs&hl=en&cites=6519852275813070106",214,"2023-03-01 19:14:36","Journal article","","","https://scholar.google.com/citations?view_op=view_citation&hl=en&user=1EaLR-UAAAAJ&cstart=200&pagesize=100&citation_for_view=1EaLR-UAAAAJ:ZqE1mSdD_DYC",15,2,714,726,26,26.00,4,6,1,"","",""
26,"DX Cao, D Leifert, VV Brus, MS Wong, H Phan, B Yurash, N Koch, ...","The importance of sulfonate to the self-doping mechanism of the water-soluble conjugated polyelectrolyte PCPDTBT-SO 3 K",2020,"Materials Chemistry Frontiers","","","https://scholar.google.com/scholar?oi=bibs&hl=en&cites=10376676635648699412",215,"2023-03-01 19:14:36","Journal article","","","https://scholar.google.com/citations?view_op=view_citation&hl=en&user=1EaLR-UAAAAJ&cstart=200&pagesize=100&citation_for_view=1EaLR-UAAAAJ:QUX0mv85b1cC",4,12,3556,3566,26,8.67,3,8,3,"","",""
26,"P Storm, M Kneiß, A Hassa, T Schultz, D Splith, H von Wenckstern, ...","Epitaxial κ-(AlxGa1−x)2O3 thin films and heterostructures grown by tin-assisted VCCS-PLD",2019,"APL Materials","","","https://scholar.google.com/scholar?oi=bibs&hl=en&cites=15196232230504601716",216,"2023-03-01 19:14:36","Journal article","","","https://scholar.google.com/citations?view_op=view_citation&hl=en&user=1EaLR-UAAAAJ&cstart=200&pagesize=100&citation_for_view=1EaLR-UAAAAJ:w1MjKQ0l0TYC",7,11,111110,111110,26,6.50,4,7,4,"","",""
26,"Q Wang, G Ligorio, V Diez‐Cabanes, D Cornil, B Kobin, J Hildebrandt, ...","Dynamic Photoswitching of Electron Energy Levels at Hybrid ZnO/Organic Photochromic Molecule Junctions",2018,"Advanced Functional Materials","","","https://scholar.google.com/scholar?oi=bibs&hl=en&cites=14453554443591073799",217,"2023-03-01 19:14:36","Journal article","","","https://scholar.google.com/citations?view_op=view_citation&hl=en&user=1EaLR-UAAAAJ&cstart=200&pagesize=100&citation_for_view=1EaLR-UAAAAJ:WHdLCjDvYFkC",28,28,1800716,1800716,26,5.20,4,7,5,"","",""
26,"M Timpel, H Li, MV Nardi, B Wegner, J Frisch, PJ Hotchkiss, SR Marder, ...","Electrode Work Function Engineering with Phosphonic Acid Monolayers and Molecular Acceptors: Charge Redistribution Mechanisms",2018,"Advanced Functional Materials","","","https://scholar.google.com/scholar?oi=bibs&hl=en&cites=3738362686751990748",218,"2023-03-01 19:14:36","Journal article","","","https://scholar.google.com/citations?view_op=view_citation&hl=en&user=1EaLR-UAAAAJ&cstart=200&pagesize=100&citation_for_view=1EaLR-UAAAAJ:vDZJ-YLwNdEC",28,8,1704438,1704438,26,5.20,3,8,5,"","",""
26,"S Yu, J Frisch, A Opitz, E Cohen, M Bendikov, N Koch, I Salzmann","Effect of molecular electrical doping on polyfuran based photovoltaic cells",2015,"Applied Physics Letters","","","https://scholar.google.com/scholar?oi=bibs&hl=en&cites=16106377443132806030",219,"2023-03-01 19:14:36","Journal article","","","https://scholar.google.com/citations?view_op=view_citation&hl=en&user=1EaLR-UAAAAJ&cstart=200&pagesize=100&citation_for_view=1EaLR-UAAAAJ:zLWjf1WUPmwC",106,20,203301,203301,26,3.25,4,7,8,"","",""
26,"C Musumeci, I Salzmann, S Bonacchi, C Röthel, S Duhm, N Koch, ...","The Relationship between Structural and Electrical Characteristics in Perylenecarboxydiimide‐Based Nanoarchitectures",2015,"Advanced Functional Materials","","","https://scholar.google.com/scholar?oi=bibs&hl=en&cites=8454564688103069436",220,"2023-03-01 19:14:36","Journal article","","","https://scholar.google.com/citations?view_op=view_citation&hl=en&user=1EaLR-UAAAAJ&cstart=200&pagesize=100&citation_for_view=1EaLR-UAAAAJ:NJ774b8OgUMC",25,17,2501,2510,26,3.25,4,7,8,"","",""
25,"H Glowatzki, GN Gavrila, S Seifert, RL Johnson, J Räder, K Müllen, ...","Hexa-peri-hexabenzocoronene on Ag (111): Monolayer/multilayer transition of molecular orientation and electronic structure",2008,"The Journal of Physical Chemistry C","","","https://scholar.google.com/scholar?oi=bibs&hl=en&cites=14032471417834617267",221,"2023-03-01 19:14:36","Journal article","","","https://scholar.google.com/citations?view_op=view_citation&hl=en&user=1EaLR-UAAAAJ&cstart=200&pagesize=100&citation_for_view=1EaLR-UAAAAJ:B3FOqHPlNUQC",112,5,1570,1574,25,1.67,4,7,15,"","",""
25,"N Koch, G Leising, LM Yu, A Rajagopal, JJ Pireaux, RL Johnson","Bipolaron formation in para-sexiphenyl thin films upon Cs doping",2000,"Journal of Vacuum Science &Technology A: Vacuum, Surfaces, and Films 18 (2 …","","","https://scholar.google.com/scholar?oi=bibs&hl=en&cites=11289944488781822664",222,"2023-03-01 19:14:36","Journal article","","","https://scholar.google.com/citations?view_op=view_citation&hl=en&user=1EaLR-UAAAAJ&cstart=200&pagesize=100&citation_for_view=1EaLR-UAAAAJ:K3LRdlH-MEoC",,,,,25,1.09,4,6,23,"","",""
24,"A Hassa, C Sturm, M Kneiß, D Splith, H von Wenckstern, T Schultz, ...","Solubility limit and material properties of a κ-(Al x Ga 1− x) 2O3 thin film with a lateral cation gradient on (00.1) Al2O3 by tin-assisted PLD",2020,"APL Materials","","","https://scholar.google.com/scholar?oi=bibs&hl=en&cites=2978557492542149580",223,"2023-03-01 19:14:36","Journal article","","","https://scholar.google.com/citations?view_op=view_citation&hl=en&user=1EaLR-UAAAAJ&cstart=200&pagesize=100&citation_for_view=1EaLR-UAAAAJ:EPG8bYD4jVwC",8,2,21103,21103,24,8.00,3,7,3,"","",""
24,"N Mutz, S Park, T Schultz, S Sadofev, S Dalgleish, L Reissig, N Koch, ...","Excited-State Charge Transfer Enabling MoS2/Phthalocyanine Photodetectors with Extended Spectral Sensitivity",2020,"The Journal of Physical Chemistry C","","","https://scholar.google.com/scholar?oi=bibs&hl=en&cites=16389212835469817278",224,"2023-03-01 19:14:36","Journal article","","","https://scholar.google.com/citations?view_op=view_citation&hl=en&user=1EaLR-UAAAAJ&cstart=200&pagesize=100&citation_for_view=1EaLR-UAAAAJ:kF1pexMAQbMC",124,5,2837,2843,24,8.00,3,8,3,"","",""
24,"Y Wu, T Toccoli, J Zhang, N Koch, E Iacob, A Pallaoro, S Iannotta, ...","Key role of molecular kinetic energy in early stages of pentacene island growth",2009,"Applied Physics A","","","https://scholar.google.com/scholar?oi=bibs&hl=en&cites=14300469928186759902",225,"2023-03-01 19:14:36","Journal article","","","https://scholar.google.com/citations?view_op=view_citation&hl=en&user=1EaLR-UAAAAJ&cstart=200&pagesize=100&citation_for_view=1EaLR-UAAAAJ:wbdj-CoPYUoC",95,1,21,27,24,1.71,3,8,14,"","",""
24,"R Kniprath, S Duhm, H Glowatzki, N Koch, S Rogaschewski, JP Rabe, ...","Internal structure of nanoporous TiO2/polyion thin films prepared by layer-by-layer deposition",2007,"Langmuir","","","https://scholar.google.com/scholar?oi=bibs&hl=en&cites=10188647506363926949",226,"2023-03-01 19:14:36","Journal article","","","https://scholar.google.com/citations?view_op=view_citation&hl=en&user=1EaLR-UAAAAJ&cstart=200&pagesize=100&citation_for_view=1EaLR-UAAAAJ:738O_yMBCRsC",23,19,9860,9865,24,1.50,3,7,16,"","",""
23,"G Sun, F Zu, N Koch, J Rappich, K Hinrichs","In Situ Infrared Spectroscopic Monitoring and Characterization of the Growth of Polydopamine (PDA) Films",2019,"physica status solidi (b)","","","https://scholar.google.com/scholar?oi=bibs&hl=en&cites=15945578376238137570",227,"2023-03-01 19:14:36","Journal article","","","https://scholar.google.com/citations?view_op=view_citation&hl=en&user=1EaLR-UAAAAJ&cstart=200&pagesize=100&citation_for_view=1EaLR-UAAAAJ:6bLC7aUMtPcC",256,2,1800308,1800308,23,5.75,5,5,4,"","",""
23,"MH Futscher, T Schultz, J Frisch, M Ralaiarisoa, E Metwalli, MV Nardi, ...","Electronic properties of hybrid organic/inorganic semiconductor pn-junctions",2018,"Journal of Physics: Condensed Matter","","","https://scholar.google.com/scholar?oi=bibs&hl=en&cites=14217008497739222364",228,"2023-03-01 19:14:36","Journal article","","","https://scholar.google.com/citations?view_op=view_citation&hl=en&user=1EaLR-UAAAAJ&cstart=200&pagesize=100&citation_for_view=1EaLR-UAAAAJ:1yWc8FF-_SYC",31,6,64002,64002,23,4.60,3,7,5,"","",""
23,"R Wang, T Katase, KK Fu, T Zhai, J Yang, Q Wang, H Ohta, N Koch, ...","Oxygen Vacancies Allow Tuning the Work Function of Vanadium Dioxide",2018,"Advanced Materials Interfaces","","","https://scholar.google.com/scholar?oi=bibs&hl=en&cites=11337530708738356689",229,"2023-03-01 19:14:36","Journal article","","","https://scholar.google.com/citations?view_op=view_citation&hl=en&user=1EaLR-UAAAAJ&cstart=200&pagesize=100&citation_for_view=1EaLR-UAAAAJ:XUvXOeBm_78C",5,22,1801033,1801033,23,4.60,3,9,5,"","",""
23,"Q Wang, J Frisch, M Herder, S Hecht, N Koch","Electronic Properties of Optically Switchable Photochromic Diarylethene Molecules at the Interface with Organic Semiconductors",2017,"ChemPhysChem","","","https://scholar.google.com/scholar?oi=bibs&hl=en&cites=8380574834471960695",230,"2023-03-01 19:14:36","Journal article","","","https://scholar.google.com/citations?view_op=view_citation&hl=en&user=1EaLR-UAAAAJ&cstart=200&pagesize=100&citation_for_view=1EaLR-UAAAAJ:NXb4pA-qfm4C",18,7,722,727,23,3.83,5,5,6,"","",""
23,"P Amsalem, G Heimel, M Oehzelt, N Koch","The interface electronic properties of organic photovoltaic cells",2015,"Journal of Electron Spectroscopy and Related Phenomena","","","https://scholar.google.com/scholar?oi=bibs&hl=en&cites=4277938123721322654",231,"2023-03-01 19:14:36","Journal article","","","https://scholar.google.com/citations?view_op=view_citation&hl=en&user=1EaLR-UAAAAJ&cstart=200&pagesize=100&citation_for_view=1EaLR-UAAAAJ:g3aElNc5_aQC",204,,177,185,23,2.88,6,4,8,"","",""
23,"G Lu, N Koch, D Neher","In-situ tuning threshold voltage of field-effect transistors based on blends of poly (3-hexylthiophene) with an insulator electret",2015,"Applied Physics Letters","","","https://scholar.google.com/scholar?oi=bibs&hl=en&cites=9321188566086495509",232,"2023-03-01 19:14:36","Journal article","","","https://scholar.google.com/citations?view_op=view_citation&hl=en&user=1EaLR-UAAAAJ&cstart=200&pagesize=100&citation_for_view=1EaLR-UAAAAJ:MLfJN-KU85MC",107,6,63301,63301,23,2.88,8,3,8,"","",""
23,"Y Nakayama, J Niederhausen, S Machida, Y Uragami, H Kinjo, A Vollmer, ...","Valence band structure of rubrene single crystals in contact with an organic gate dielectric",2013,"Organic Electronics","","","https://scholar.google.com/scholar?oi=bibs&hl=en&cites=9784064921421832937",233,"2023-03-01 19:14:36","Journal article","","","https://scholar.google.com/citations?view_op=view_citation&hl=en&user=1EaLR-UAAAAJ&cstart=200&pagesize=100&citation_for_view=1EaLR-UAAAAJ:_B80troHkn4C",14,7,1825,1832,23,2.30,3,7,10,"","",""
23,"L Athouel, R Resel, N Koch, G Froyer, G Lelsing","Orientation of molecules in phenylene oligomer thin films: influence of the substrate temperature",1999,"Synthetic metals 101 (1-3)","","","https://scholar.google.com/scholar?oi=bibs&hl=en&cites=4144375336929020712",234,"2023-03-01 19:14:36","Book chapter","","","https://scholar.google.com/citations?view_op=view_citation&hl=en&user=1EaLR-UAAAAJ&cstart=200&pagesize=100&citation_for_view=1EaLR-UAAAAJ:OU6Ihb5iCvQC",,,627,628,23,0.96,5,5,24,"","",""
22,"SM El-Refaei, PA Russo, P Amsalem, N Koch, N Pinna","The Importance of Ligand Selection on the Formation of Metal Phosphonate-Derived CoMoP and CoMoP2 Nanoparticles for Catalytic Hydrogen Evolution",2020,"ACS Applied Nano Materials","","","https://scholar.google.com/scholar?oi=bibs&hl=en&cites=12414514544699180504",235,"2023-03-01 19:14:36","Journal article","","","https://scholar.google.com/citations?view_op=view_citation&hl=en&user=1EaLR-UAAAAJ&cstart=200&pagesize=100&citation_for_view=1EaLR-UAAAAJ:69ZgNCALVd0C",3,5,4147,4156,22,7.33,4,5,3,"","",""
22,"Y Fan, Y Wu, G Clavel, MH Raza, P Amsalem, N Koch, N Pinna","Optimization of the Activity of Ni-Based Nanostructures for the Oxygen Evolution Reaction",2018,"ACS Applied Energy Materials","","","https://scholar.google.com/scholar?oi=bibs&hl=en&cites=3549811160261119530",236,"2023-03-01 19:14:36","Journal article","","","https://scholar.google.com/citations?view_op=view_citation&hl=en&user=1EaLR-UAAAAJ&cstart=200&pagesize=100&citation_for_view=1EaLR-UAAAAJ:WC23djZS0W4C",1,9,4554,4563,22,4.40,3,7,5,"","",""
22,"P Amsalem, A Wilke, J Frisch, J Niederhausen, A Vollmer, R Rieger, ...","Interlayer molecular diffusion and thermodynamic equilibrium in organic heterostructures on a metal electrode",2011,"Journal of Applied Physics","","","https://scholar.google.com/scholar?oi=bibs&hl=en&cites=10006132615178968751",237,"2023-03-01 19:14:36","Journal article","","","https://scholar.google.com/citations?view_op=view_citation&hl=en&user=1EaLR-UAAAAJ&cstart=200&pagesize=100&citation_for_view=1EaLR-UAAAAJ:SdhP9T11ey4C",110,11,113709,113709,22,1.83,3,7,12,"","",""
22,"U Aygül, H Peisert, J Frisch, A Vollmer, N Koch, T Chassé","Electronic properties of interfaces between PCPDTBT and prototypical electrodes studied by photoemission spectroscopy",2011,"ChemPhysChem","","","https://scholar.google.com/scholar?oi=bibs&hl=en&cites=15114831333552095624",238,"2023-03-01 19:14:36","Journal article","","","https://scholar.google.com/citations?view_op=view_citation&hl=en&user=1EaLR-UAAAAJ&cstart=200&pagesize=100&citation_for_view=1EaLR-UAAAAJ:5awf1xo2G04C",12,12,2345,2351,22,1.83,4,6,12,"","",""
22,"P Amsalem, J Niederhausen, J Frisch, A Wilke, B Bröker, A Vollmer, ...","Metal-to-Acceptor Charge Transfer through a Molecular Spacer Layer",2011,"The Journal of Physical Chemistry C","","","https://scholar.google.com/scholar?oi=bibs&hl=en&cites=3924900932176420276",239,"2023-03-01 19:14:36","Journal article","","","https://scholar.google.com/citations?view_op=view_citation&hl=en&user=1EaLR-UAAAAJ&cstart=200&pagesize=100&citation_for_view=1EaLR-UAAAAJ:8AbLer7MMksC",115,35,17503,17507,22,1.83,3,7,12,"","",""
22,"S Duhm, Q Xin, N Koch, N Ueno, S Kera","Impact of alkyl side chains at self-assembly, electronic structure and charge arrangement in sexithiophene thin films",2011,"Organic Electronics","","","https://scholar.google.com/scholar?oi=bibs&hl=en&cites=14909493667815304895",240,"2023-03-01 19:14:36","Journal article","","","https://scholar.google.com/citations?view_op=view_citation&hl=en&user=1EaLR-UAAAAJ&cstart=200&pagesize=100&citation_for_view=1EaLR-UAAAAJ:LPZeul_q3PIC",12,6,903,910,22,1.83,4,5,12,"","",""
21,"M Heyl, D Burmeister, T Schultz, S Pallasch, G Ligorio, N Koch, ...","Thermally‐Activated Gold‐Mediated TMDC Exfoliation and A Unique Gold‐Mediated Transfer",2020,"physica status solidi (RRL)–Rapid Research Letters","","","https://scholar.google.com/scholar?oi=bibs&hl=en&cites=18401772838560348953",242,"2023-03-01 19:14:36","Journal article","","","https://scholar.google.com/citations?view_op=view_citation&hl=en&user=1EaLR-UAAAAJ&cstart=200&pagesize=100&citation_for_view=1EaLR-UAAAAJ:Hck25ST_3aIC",,,,,21,7.00,3,7,3,"","",""
21,"Y Wu, MH Raza, YC Chen, P Amsalem, S Wahl, K Skrodczky, X Xu, ...","A Self-Limited Atomic Layer Deposition of WS2 Based on the Chemisorption and Reduction of Bis(t-butylimino)bis(dimethylamino) Complexes",2019,"Chemistry of Materials","","","https://scholar.google.com/scholar?oi=bibs&hl=en&cites=4707694373787639077",243,"2023-03-01 19:14:36","Journal article","","","https://scholar.google.com/citations?view_op=view_citation&hl=en&user=1EaLR-UAAAAJ&cstart=200&pagesize=100&citation_for_view=1EaLR-UAAAAJ:-7ulzOJl1JYC",31,6,1881,1890,21,5.25,3,8,4,"","",""
21,"B Wegner, L Grubert, C Dennis, A Opitz, A Röttger, Y Zhang, S Barlow, ...","Predicting the yield of ion pair formation in molecular electrical doping: redox-potentials versus ionization energy/electron affinity",2019,"Journal of Materials Chemistry C","","","https://scholar.google.com/scholar?oi=bibs&hl=en&cites=12744103812358273228",244,"2023-03-01 19:14:36","Journal article","","","https://scholar.google.com/citations?view_op=view_citation&hl=en&user=1EaLR-UAAAAJ&cstart=200&pagesize=100&citation_for_view=1EaLR-UAAAAJ:F2UWTTQJPOcC",7,44,13839,13848,21,5.25,3,8,4,"","",""
21,"K Medjanik, D Kutnyakhov, SA Nepijko, G Schönhense, S Naghavi, ...","Electronic structure of large disc-type donors and acceptors",2010,"Physical Chemistry Chemical Physics","","","https://scholar.google.com/scholar?oi=bibs&hl=en&cites=7376376423953948173",245,"2023-03-01 19:14:36","Journal article","","","https://scholar.google.com/citations?view_op=view_citation&hl=en&user=1EaLR-UAAAAJ&cstart=200&pagesize=100&citation_for_view=1EaLR-UAAAAJ:kRWSkSYxWN8C",12,26,7184,7193,21,1.62,4,6,13,"","",""
20,"M Selig, E Malic, KJ Ahn, N Koch, A Knorr","Theory of optically induced Förster coupling in van der Waals coupled heterostructures",2019,"Physical Review B","","","https://scholar.google.com/scholar?oi=bibs&hl=en&cites=13611522173843179332",246,"2023-03-01 19:14:36","Journal article","","","https://scholar.google.com/citations?view_op=view_citation&hl=en&user=1EaLR-UAAAAJ&cstart=200&pagesize=100&citation_for_view=1EaLR-UAAAAJ:CdxZDUztZiMC",99,3,35420,35420,20,5.00,4,5,4,"","",""
20,"T Schultz, J Niederhausen, R Schlesinger, S Sadofev, N Koch","Impact of surface states and bulk doping level on hybrid inorganic/organic semiconductor interface energy levels",2018,"Journal of Applied Physics","","","https://scholar.google.com/scholar?oi=bibs&hl=en&cites=765884404222786380",247,"2023-03-01 19:14:36","Journal article","","","https://scholar.google.com/citations?view_op=view_citation&hl=en&user=1EaLR-UAAAAJ&cstart=200&pagesize=100&citation_for_view=1EaLR-UAAAAJ:FiytvqdAVhgC",123,24,245501,245501,20,4.00,4,5,5,"","",""
20,"G Lu, RD Pietro, LS Kölln, I Nasrallah, L Zhou, S Mollinger, ...","Dual‐Characteristic Transistors Based on Semiconducting Polymer Blends",2016,"Advanced Electronic Materials","","","https://scholar.google.com/scholar?oi=bibs&hl=en&cites=12031766577449470542",248,"2023-03-01 19:14:36","Journal article","","","https://scholar.google.com/citations?view_op=view_citation&hl=en&user=1EaLR-UAAAAJ&cstart=200&pagesize=100&citation_for_view=1EaLR-UAAAAJ:_FM0Bhl9EiAC",2,10,1600267,1600267,20,2.86,3,7,7,"","",""
20,"M Auer-Berger, R Trattnig, T Qin, R Schlesinger, MV Nardi, G Ligorio, ...","All-solution-processed multilayer polymer/dendrimer light emitting diodes",2016,"Organic Electronics","","","https://scholar.google.com/scholar?oi=bibs&hl=en&cites=9581358949551405049",249,"2023-03-01 19:14:36","Journal article","","","https://scholar.google.com/citations?view_op=view_citation&hl=en&user=1EaLR-UAAAAJ&cstart=200&pagesize=100&citation_for_view=1EaLR-UAAAAJ:bz8QjSJIRt4C",35,,164,170,20,2.86,3,7,7,"","",""
20,"S Winkler, J Frisch, P Amsalem, S Krause, M Timpel, M Stolte, ...","Impact of Molecular Dipole Moments on Fermi Level Pinning in Thin Films",2014,"The Journal of Physical Chemistry C","","","https://scholar.google.com/scholar?oi=bibs&hl=en&cites=11305251345217150185",250,"2023-03-01 19:14:36","Journal article","","","https://scholar.google.com/citations?view_op=view_citation&hl=en&user=1EaLR-UAAAAJ&cstart=200&pagesize=100&citation_for_view=1EaLR-UAAAAJ:JQOojiI6XY0C",118,22,11731,11737,20,2.22,3,7,9,"","",""
19,"M Bär, T Schnabel, JH Alsmeier, S Krause, N Koch, RG Wilks, ...","CdS/Low-Band-Gap Kesterite Thin-Film Solar Cell Absorber Heterojunction: Energy Level Alignment and Dominant Recombination Process",2018,"ACS Applied Energy Materials","","","https://scholar.google.com/scholar?oi=bibs&hl=en&cites=6163594637927407312",251,"2023-03-01 19:14:36","Journal article","","","https://scholar.google.com/citations?view_op=view_citation&hl=en&user=1EaLR-UAAAAJ&cstart=200&pagesize=100&citation_for_view=1EaLR-UAAAAJ:2tRrZ1ZAMYUC",1,2,475,482,19,3.80,3,7,5,"","",""
19,"F Bianchi, S Sadofev, R Schlesinger, B Kobin, S Hecht, N Koch, ...","Cascade energy transfer versus charge separation in ladder-type oligo (p-phenylene)/ZnO hybrid structures for light-emitting applications",2014,"Applied Physics Letters","","","https://scholar.google.com/scholar?oi=bibs&hl=en&cites=2950329175888203122",252,"2023-03-01 19:14:36","Journal article","","","https://scholar.google.com/citations?view_op=view_citation&hl=en&user=1EaLR-UAAAAJ&cstart=200&pagesize=100&citation_for_view=1EaLR-UAAAAJ:Fu2w8maKXqMC",105,23,233301,233301,19,2.11,3,7,9,"","",""
19,"FC Bocquet, L Giovanelli, P Amsalem, L Petaccia, D Topwal, S Gorovikov, ...","Final-state diffraction effects in angle-resolved photoemission at an organic-metal interface",2011,"Physical Review B","","","https://scholar.google.com/scholar?oi=bibs&hl=en&cites=17859722657853272052",253,"2023-03-01 19:14:36","Journal article","","","https://scholar.google.com/citations?view_op=view_citation&hl=en&user=1EaLR-UAAAAJ&cstart=200&pagesize=100&citation_for_view=1EaLR-UAAAAJ:2KloaMYe4IUC",84,24,241407,241407,19,1.58,3,7,12,"","",""
19,"B Bröker, RP Blum, L Beverina, OT Hofmann, M Sassi, R Ruffo, ...","A High Molecular Weight Donor for Electron Injection Interlayers on Metal Electrodes",2009,"ChemPhysChem","","","https://scholar.google.com/scholar?oi=bibs&hl=en&cites=18135498909696232230",254,"2023-03-01 19:14:36","Journal article","","","https://scholar.google.com/citations?view_op=view_citation&hl=en&user=1EaLR-UAAAAJ&cstart=200&pagesize=100&citation_for_view=1EaLR-UAAAAJ:AXPGKjj_ei8C",10,17,2947,2954,19,1.36,3,7,14,"","",""
18,"Q Wang, V Diez-Cabanes, S Dell’Elce, A Liscio, B Kobin, H Li, JL Brédas, ...","Dynamically Switching the Electronic and Electrostatic Properties of Indium–Tin Oxide Electrodes with Photochromic Monolayers: Toward Photoswitchable Optoelectronic Devices",2019,"ACS Applied Nano Materials","","","https://scholar.google.com/scholar?oi=bibs&hl=en&cites=722767002572268393",255,"2023-03-01 19:14:36","Journal article","","","https://scholar.google.com/citations?view_op=view_citation&hl=en&user=1EaLR-UAAAAJ&cstart=200&pagesize=100&citation_for_view=1EaLR-UAAAAJ:Ade32sEp0pkC",2,2,1102,1110,18,4.50,2,8,4,"","",""
18,"A Kyndiah, A Ablat, S Guyot-Reeb, T Schultz, F Zu, N Koch, P Amsalem, ...","A Multifunctional Interlayer for Solution Processed High Performance Indium Oxide Transistors",2018,"Scientific Reports","","","https://scholar.google.com/scholar?oi=bibs&hl=en&cites=597925703376314743",256,"2023-03-01 19:14:36","Journal article","","","https://scholar.google.com/citations?view_op=view_citation&hl=en&user=1EaLR-UAAAAJ&cstart=200&pagesize=100&citation_for_view=1EaLR-UAAAAJ:IaI1MmNe2tcC",8,1,10946,10946,18,3.60,2,8,5,"","",""
18,"S Yu, C Klimm, P Schäfer, JP Rabe, B Rech, N Koch","Organic photovoltaic cells with interdigitated structures based on pentacene nanocolumn arrays",2011,"Organic Electronics","","","https://scholar.google.com/scholar?oi=bibs&hl=en&cites=10920415080140068842",257,"2023-03-01 19:14:36","Journal article","","","https://scholar.google.com/citations?view_op=view_citation&hl=en&user=1EaLR-UAAAAJ&cstart=200&pagesize=100&citation_for_view=1EaLR-UAAAAJ:eJXPG6dFmWUC",12,12,2180,2184,18,1.50,3,6,12,"","",""
18,"C Suess, FP Wenzl, G Jakopic, M Wuchse, S Muellegger, N Koch, ...","Combined XPS, AFM, TEM and ellipsometric studies on nanoscale layers in organic light emitting diodes",2002,"Surface science","","","https://scholar.google.com/scholar?oi=bibs&hl=en&cites=14532432493501615471",258,"2023-03-01 19:14:36","Journal article","","","https://scholar.google.com/citations?view_op=view_citation&hl=en&user=1EaLR-UAAAAJ&cstart=200&pagesize=100&citation_for_view=1EaLR-UAAAAJ:eflP2zaiRacC",507,,473,479,18,0.86,3,7,21,"","",""
18,"N Koch, A Rajagopal, E Zojer, J Ghijsen, X Crispin, G Pourtois, JL Brédas, ...","The influence of the counterion on the electronic structure in doped phenylene-based materials",2000,"Surface science","","","https://scholar.google.com/scholar?oi=bibs&hl=en&cites=1094704066338372432",259,"2023-03-01 19:14:36","Journal article","","","https://scholar.google.com/citations?view_op=view_citation&hl=en&user=1EaLR-UAAAAJ&cstart=200&pagesize=100&citation_for_view=1EaLR-UAAAAJ:sSrBHYA8nusC",454,,1000,1004,18,0.78,2,8,23,"","",""
17,"Q Wang, F Zu, P Caprioglio, CM Wolff, M Stolterfoht, M Li, SH Turren-Cruz, ...","Large Conduction Band Energy Offset Is Critical for High Fill Factors in Inorganic Perovskite Solar Cells",2020,"ACS Energy Letters","","","https://scholar.google.com/scholar?oi=bibs&hl=en&cites=6987630506374200355",260,"2023-03-01 19:14:36","Journal article","","","https://scholar.google.com/citations?view_op=view_citation&hl=en&user=1EaLR-UAAAAJ&cstart=200&pagesize=100&citation_for_view=1EaLR-UAAAAJ:PkcyUWeTMh0C",5,7,2343,2348,17,5.67,2,8,3,"","",""
17,"T Schultz, P Amsalem, NB Kotadiya, T Lenz, PWM Blom, N Koch","Importance of substrate work function homogeneity for reliable ionization energy determination by photoelectron spectroscopy",2019,"physica status solidi (b)","","","https://scholar.google.com/scholar?oi=bibs&hl=en&cites=1827344710316827599",261,"2023-03-01 19:14:36","Journal article","","","https://scholar.google.com/citations?view_op=view_citation&hl=en&user=1EaLR-UAAAAJ&cstart=200&pagesize=100&citation_for_view=1EaLR-UAAAAJ:CB2v5VPnA5kC",256,2,1800299,1800299,17,4.25,3,6,4,"","",""
17,"X Xu, T Schultz, Z Qin, N Severin, B Haas, S Shen, JN Kirchhof, A Opitz, ...","Microstructure and Elastic Constants of Transition Metal Dichalcogenide Monolayers from Friction and Shear Force Microscopy",2018,"Advanced Materials","","","https://scholar.google.com/scholar?oi=bibs&hl=en&cites=14327676589219332016",262,"2023-03-01 19:14:36","Journal article","","","https://scholar.google.com/citations?view_op=view_citation&hl=en&user=1EaLR-UAAAAJ&cstart=200&pagesize=100&citation_for_view=1EaLR-UAAAAJ:wKETBy42zhYC",30,39,1803748,1803748,17,3.40,2,9,5,"","",""
17,"S Käbisch, MA Gluba, C Klimm, S Krause, N Koch, NH Nickel","Polarity driven morphology of zinc oxide nanostructures",2013,"Applied Physics Letters","","","https://scholar.google.com/scholar?oi=bibs&hl=en&cites=9987034413461003634",263,"2023-03-01 19:14:36","Journal article","","","https://scholar.google.com/citations?view_op=view_citation&hl=en&user=1EaLR-UAAAAJ&cstart=200&pagesize=100&citation_for_view=1EaLR-UAAAAJ:UHK10RUVsp4C",103,10,103106,103106,17,1.70,3,6,10,"","",""
17,"J Frisch, H Glowatzki, S Janietz, N Koch","Solution-based metal electrode modification for improved charge injection in polymer field-effect transistors",2009,"Organic Electronics","","","https://scholar.google.com/scholar?oi=bibs&hl=en&cites=15542447434007811833",264,"2023-03-01 19:14:36","Journal article","","","https://scholar.google.com/citations?view_op=view_citation&hl=en&user=1EaLR-UAAAAJ&cstart=200&pagesize=100&citation_for_view=1EaLR-UAAAAJ:5ugPr518TE4C",10,8,1459,1465,17,1.21,4,4,14,"","",""
16,"W Xu, PA Russo, T Schultz, N Koch, N Pinna","Niobium‐Doped Titanium Dioxide with High Dopant Contents for Enhanced Lithium‐Ion Storage",2020,"ChemElectroChem","","","https://scholar.google.com/scholar?oi=bibs&hl=en&cites=6004458305912911964",265,"2023-03-01 19:14:36","Journal article","","","https://scholar.google.com/citations?view_op=view_citation&hl=en&user=1EaLR-UAAAAJ&cstart=200&pagesize=100&citation_for_view=1EaLR-UAAAAJ:SIv7DqKytYAC",7,19,4016,4023,16,5.33,3,5,3,"","",""
16,"T Schultz, M Kneiß, P Storm, D Splith, H von Wenckstern, M Grundmann, ...","Band Offsets at κ-([Al,In]xGa1–x)2O3/MgO Interfaces",2020,"ACS Applied Materials &Interfaces","","","https://scholar.google.com/scholar?oi=bibs&hl=en&cites=2185120215968988349",266,"2023-03-01 19:14:36","Journal article","","","https://scholar.google.com/citations?view_op=view_citation&hl=en&user=1EaLR-UAAAAJ&cstart=200&pagesize=100&citation_for_view=1EaLR-UAAAAJ:5bg8sr1QxYwC",12,7,8879,8885,16,5.33,2,7,3,"","",""
16,"U Hörmann, S Zeiske, F Piersimoni, L Hoffmann, R Schlesinger, N Koch, ...","Stark effect of hybrid charge transfer states at planar ZnO/organic interfaces",2018,"Physical Review B","","","https://scholar.google.com/scholar?oi=bibs&hl=en&cites=10768048420681124462",267,"2023-03-01 19:14:36","Journal article","","","https://scholar.google.com/citations?view_op=view_citation&hl=en&user=1EaLR-UAAAAJ&cstart=200&pagesize=100&citation_for_view=1EaLR-UAAAAJ:zGdJYJv2LkUC",98,15,155312,155312,16,3.20,2,7,5,"","",""
16,"A Rajagopal, N Koch, J Ghijsen, RL Johnson, K Kaeriyama, G Leising, ...","Interfacial electronic structure for Ca and an electroluminescent polymer: Poly (2, 5-diheptyl-1, 4-phenylene-alt-2, 5-thienylene)",2000,"Journal of Applied Physics","","","https://scholar.google.com/scholar?oi=bibs&hl=en&cites=10460150252159438211",268,"2023-03-01 19:14:36","Journal article","","","https://scholar.google.com/citations?view_op=view_citation&hl=en&user=1EaLR-UAAAAJ&cstart=200&pagesize=100&citation_for_view=1EaLR-UAAAAJ:Mojj43d5GZwC",87,3,1331,1336,16,0.70,2,7,23,"","",""
15,"Y Wang, XH Liu, R Wang, B Cula, ZN Chen, Q Chen, N Koch, N Pinna","Secondary phosphine oxide functionalized gold clusters and their application in photoelectrocatalytic hydrogenation reactions",2021,"Journal of the American Chemical Society","","","https://scholar.google.com/scholar?oi=bibs&hl=en&cites=3403499522483253572",269,"2023-03-01 19:14:36","Journal article","","","https://scholar.google.com/citations?view_op=view_citation&hl=en&user=1EaLR-UAAAAJ&cstart=200&pagesize=100&citation_for_view=1EaLR-UAAAAJ:CYCckWUYoCcC",143,25,9595,9600,15,7.50,2,8,2,"","",""
15,"G Ligorio, GF Cotella, A Bonasera, NZ Morales, G Carnicella, B Kobin, ...","Modulating the luminance of organic light-emitting diodes via optical stimulation of a photochromic molecular monolayer at transparent oxide electrode",2020,"Nanoscale","","","https://scholar.google.com/scholar?oi=bibs&hl=en&cites=17641696326903052664",270,"2023-03-01 19:14:36","Journal article","","","https://scholar.google.com/citations?view_op=view_citation&hl=en&user=1EaLR-UAAAAJ&cstart=200&pagesize=100&citation_for_view=1EaLR-UAAAAJ:SGW5VrABaM0C",12,9,5444,5451,15,5.00,2,7,3,"","",""
15,"F Pulvirenti, B Wegner, NK Noel, G Mazzotta, R Hill, JB Patel, LM Herz, ...","Modification of the fluorinated tin oxide/electron-transporting material interface by a strong reductant and its effect on perovskite solar cell efficiency",2018,"Molecular Systems Design &Engineering","","","https://scholar.google.com/scholar?oi=bibs&hl=en&cites=8464596998282589777",271,"2023-03-01 19:14:36","Journal article","","","https://scholar.google.com/citations?view_op=view_citation&hl=en&user=1EaLR-UAAAAJ&cstart=200&pagesize=100&citation_for_view=1EaLR-UAAAAJ:7H_MAutzIkAC",3,5,741,747,15,3.00,2,8,5,"","",""
15,"E Hanson, J Schwartz, N Koch, J Guo, I Hill, J McDermont","Formation of ordered thin films of organics on metal oxide surfaces",2005,"US Patent App. 11/148,859","","","https://scholar.google.com/scholar?oi=bibs&hl=en&cites=11987140815802355947",272,"2023-03-01 19:14:36","Patent","","","https://scholar.google.com/citations?view_op=view_citation&hl=en&user=1EaLR-UAAAAJ&cstart=200&pagesize=100&citation_for_view=1EaLR-UAAAAJ:olpn-zPbct0C",,,,,15,0.83,3,6,18,"","",""
14,"T Schultz, D Lungwitz, E Longhi, S Barlow, SR Marder, N Koch","The Interlayer Method: A Universal Tool for Energy Level Alignment Tuning at Inorganic/Organic Semiconductor Heterojunctions",2021,"Advanced Functional Materials","","","https://scholar.google.com/scholar?oi=bibs&hl=en&cites=15389661251538671359",273,"2023-03-01 19:14:36","Journal article","","","https://scholar.google.com/citations?view_op=view_citation&hl=en&user=1EaLR-UAAAAJ&cstart=200&pagesize=100&citation_for_view=1EaLR-UAAAAJ:8Xgff_V0N9gC",31,,2010174,2010174,14,7.00,2,6,2,"","",""
14,"S Park, T Schultz, A Han, A Aljarb, X Xu, P Beyer, A Opitz, R Ovsyannikov, ...","Electronic band dispersion determination in azimuthally disordered transition-metal dichalcogenide monolayers",2019,"Communications Physics","","","https://scholar.google.com/scholar?oi=bibs&hl=en&cites=409216970676076313",274,"2023-03-01 19:14:36","Journal article","","","https://scholar.google.com/citations?view_op=view_citation&hl=en&user=1EaLR-UAAAAJ&cstart=200&pagesize=100&citation_for_view=1EaLR-UAAAAJ:RoXSNcbkSzsC",2,1,68,68,14,3.50,2,9,4,"","",""
14,"MT Chen, OT Hofmann, A Gerlach, B Bröker, C Bürker, J Niederhausen, ...","Energy-level alignment at strongly coupled organic–metal interfaces",2019,"Journal of Physics: Condensed Matter","","","https://scholar.google.com/scholar?oi=bibs&hl=en&cites=14095031748845237955",275,"2023-03-01 19:14:36","Journal article","","","https://scholar.google.com/citations?view_op=view_citation&hl=en&user=1EaLR-UAAAAJ&cstart=200&pagesize=100&citation_for_view=1EaLR-UAAAAJ:rHJHxKgnXwkC",31,19,194002,194002,14,3.50,2,7,4,"","",""
14,"Y Fan, Y Wu, X Huang, G Clavel, P Amsalem, N Koch, N Pinna","Polarization Resistance‐Free Mn3O4‐Based Electrocatalysts for the Oxygen Reduction Reaction",2018,"ChemElectroChem","","","https://scholar.google.com/scholar?oi=bibs&hl=en&cites=8222250204539803198",276,"2023-03-01 19:14:36","Journal article","","","https://scholar.google.com/citations?view_op=view_citation&hl=en&user=1EaLR-UAAAAJ&cstart=200&pagesize=100&citation_for_view=1EaLR-UAAAAJ:1lhNe0rCu4AC",5,14,2010,2018,14,2.80,2,7,5,"","",""
14,"M Eyer, J Frisch, S Sadofev, N Koch, EJW List-Kratochvil, S Blumstengel","Role of Hybrid Charge Transfer States in the Charge Generation at ZnMgO/P3HT Heterojunctions",2017,"The Journal of Physical Chemistry C","","","https://scholar.google.com/scholar?oi=bibs&hl=en&cites=12930488658617358500",277,"2023-03-01 19:14:36","Journal article","","","https://scholar.google.com/citations?view_op=view_citation&hl=en&user=1EaLR-UAAAAJ&cstart=200&pagesize=100&citation_for_view=1EaLR-UAAAAJ:6yz0xqPARnAC",121,40,21955,21961,14,2.33,2,6,6,"","",""
14,"F Anger, H Glowatzki, A Franco-Cañellas, C Bürker, A Gerlach, R Scholz, ...","Interface Dipole and Growth Mode of Partially and Fully Fluorinated Rubrene on Au (111) and Ag (111)",2015,"The Journal of Physical Chemistry C","","","https://scholar.google.com/scholar?oi=bibs&hl=en&cites=2463255387517992812",278,"2023-03-01 19:14:36","Journal article","","","https://scholar.google.com/citations?view_op=view_citation&hl=en&user=1EaLR-UAAAAJ&cstart=200&pagesize=100&citation_for_view=1EaLR-UAAAAJ:evX43VCCuoAC",119,12,6769,6776,14,1.75,2,7,8,"","",""
14,"M Castellani, I Salzmann, P Bugnon, S Yu, M Oehzelt, N Koch","Structural and electronic implications for carrier injection into organic semiconductors",2009,"Applied Physics A","","","https://scholar.google.com/scholar?oi=bibs&hl=en&cites=10694048828812522127",279,"2023-03-01 19:14:36","Journal article","","","https://scholar.google.com/citations?view_op=view_citation&hl=en&user=1EaLR-UAAAAJ&cstart=200&pagesize=100&citation_for_view=1EaLR-UAAAAJ:1qzjygNMrQYC",97,1,1,9,14,1.00,2,6,14,"","",""
14,"S Duhm, I Salzmann, RL Johnson, N Koch","Electronic non-equilibrium conditions at C 60–pentacene heterostructures",2009,"Journal of Electron Spectroscopy and Related Phenomena","","","https://scholar.google.com/scholar?oi=bibs&hl=en&cites=7157547262266608390",280,"2023-03-01 19:14:36","Journal article","","","https://scholar.google.com/citations?view_op=view_citation&hl=en&user=1EaLR-UAAAAJ&cstart=200&pagesize=100&citation_for_view=1EaLR-UAAAAJ:Y5dfb0dijaUC",174,1,40,44,14,1.00,4,4,14,"","",""
14,"N Koch, H Oji, E Ito, E Zojer, H Ishii, G Leising, K Seki","Combined photoelectron and metastable atom electron spectroscopy study of n-doped oligophenylene thin films",2001,"Applied surface science","","","https://scholar.google.com/scholar?oi=bibs&hl=en&cites=10507971898387989137",281,"2023-03-01 19:14:36","Journal article","","","https://scholar.google.com/citations?view_op=view_citation&hl=en&user=1EaLR-UAAAAJ&cstart=200&pagesize=100&citation_for_view=1EaLR-UAAAAJ:VOx2b1Wkg3QC",175,,764,768,14,0.64,2,7,22,"","",""
13,"Q Wang, G Ligorio, R Schlesinger, V Diez‐Cabanes, D Cornil, ...","Switching the Electronic Properties of ZnO Surfaces with Negative T‐Type Photochromic Pyridyl‐dihydropyrene Layers and Impact of Fermi Level Pinning",2019,"Advanced Materials Interfaces","","","https://scholar.google.com/scholar?oi=bibs&hl=en&cites=4905986010139060935",282,"2023-03-01 19:14:36","Journal article","","","https://scholar.google.com/citations?view_op=view_citation&hl=en&user=1EaLR-UAAAAJ&cstart=200&pagesize=100&citation_for_view=1EaLR-UAAAAJ:QyXJ3EUuO1IC",6,10,1900211,1900211,13,3.25,2,6,4,"","",""
13,"S Blumstengel, N Koch, S Duhm, H Glowatzky, RL Johnson, C Xu, ...","Morphology, interfacial electronic structure, and optical properties of oligothiophenes grown on ZnSe (100) by molecular beam deposition",2006,"Physical Review B","","","https://scholar.google.com/scholar?oi=bibs&hl=en&cites=804154358288552827",284,"2023-03-01 19:14:36","Journal article","","","https://scholar.google.com/citations?view_op=view_citation&hl=en&user=1EaLR-UAAAAJ&cstart=200&pagesize=100&citation_for_view=1EaLR-UAAAAJ:HE397vMXCloC",73,16,165323,165323,13,0.76,2,7,17,"","",""
13,"J Ghijsen, RL Johnson, A Elschner, N Koch","VUV photoemission using synchrotron light: a tool for characterising surfaces and interfaces occurring in OLEDs",2004,"Journal of alloys and compounds","","","https://scholar.google.com/scholar?oi=bibs&hl=en&cites=5804365988080828806",285,"2023-03-01 19:14:36","Journal article","","","https://scholar.google.com/citations?view_op=view_citation&hl=en&user=1EaLR-UAAAAJ&cstart=200&pagesize=100&citation_for_view=1EaLR-UAAAAJ:mvPsJ3kp5DgC",382,1,179,186,13,0.68,3,4,19,"","",""
12,"D Shin, F Zu, AV Cohen, Y Yi, L Kronik, N Koch","Mechanism and Timescales of Reversible p‐Doping of Methylammonium Lead Triiodide by Oxygen",2021,"Advanced Materials","","","https://scholar.google.com/scholar?oi=bibs&hl=en&cites=15995110771295593527",286,"2023-03-01 19:14:36","Journal article","","","https://scholar.google.com/citations?view_op=view_citation&hl=en&user=1EaLR-UAAAAJ&cstart=200&pagesize=100&citation_for_view=1EaLR-UAAAAJ:RJOyoaXV5v8C",33,23,2100211,2100211,12,6.00,2,6,2,"","",""
12,"F Zu, T Schultz, CM Wolff, D Shin, L Frohloff, D Neher, P Amsalem, ...","Position-locking of volatile reaction products by atmosphere and capping layers slows down photodecomposition of methylammonium lead triiodide perovskite",2020,"RSC Advances","","","https://scholar.google.com/scholar?oi=bibs&hl=en&cites=9525208067152775787",287,"2023-03-01 19:14:36","Journal article","","","https://scholar.google.com/citations?view_op=view_citation&hl=en&user=1EaLR-UAAAAJ&cstart=200&pagesize=100&citation_for_view=1EaLR-UAAAAJ:TlpoogIpr_IC",10,30,17534,17542,12,4.00,2,8,3,"","",""
12,"S Yu, A Opitz, S Grob, R Resel, M Oehzelt, W Brütting, I Salzmann, ...","Performance enhancement of diindenoperylene-based organic photovoltaic cells by nanocolumn-arrays",2014,"Organic Electronics","","","https://scholar.google.com/scholar?oi=bibs&hl=en&cites=17363010104158603939",288,"2023-03-01 19:14:36","Journal article","","","https://scholar.google.com/citations?view_op=view_citation&hl=en&user=1EaLR-UAAAAJ&cstart=200&pagesize=100&citation_for_view=1EaLR-UAAAAJ:epqYDVWIO7EC",15,10,2210,2217,12,1.33,2,8,9,"","",""
12,"M Castellani, S Winkler, B Bröker, M Baumgarten, K Müllen, N Koch","Work function increase of transparent conductive electrodes by solution processed electron acceptor molecular monolayers.",2014,"Applied Physics A: Materials Science &Processing","","","https://scholar.google.com/scholar?oi=bibs&hl=en&cites=5141270970050368533",289,"2023-03-01 19:14:36","Journal article","","","https://scholar.google.com/citations?view_op=view_citation&hl=en&user=1EaLR-UAAAAJ&cstart=200&pagesize=100&citation_for_view=1EaLR-UAAAAJ:N5tVd3kTz84C",114,2,,,12,1.33,2,6,9,"","",""
12,"S Krause, M Stolte, F Würthner, N Koch","Influence of Merocyanine Molecular Dipole Moments on the Valence Levels in Thin Films and the Interface Energy Level Alignment with Au (111)",2013,"The Journal of Physical Chemistry C","","","https://scholar.google.com/scholar?oi=bibs&hl=en&cites=16269993045809340946",290,"2023-03-01 19:14:36","Journal article","","","https://scholar.google.com/citations?view_op=view_citation&hl=en&user=1EaLR-UAAAAJ&cstart=200&pagesize=100&citation_for_view=1EaLR-UAAAAJ:uLbwQdceFCQC",117,37,19031,19037,12,1.20,3,4,10,"","",""
12,"N Koch, H Ishii","Hybrid devices",2007,"US Patent 7,268,364","","","https://scholar.google.com/scholar?oi=bibs&hl=en&cites=4000656393160551991",293,"2023-03-01 19:14:36","Patent","","","https://scholar.google.com/citations?view_op=view_citation&hl=en&user=1EaLR-UAAAAJ&cstart=200&pagesize=100&citation_for_view=1EaLR-UAAAAJ:35r97b3x0nAC",,,,,12,0.75,6,2,16,"","",""
11,"S Park, T Schultz, D Shin, N Mutz, A Aljarb, HS Kang, CH Lee, LJ Li, X Xu, ...","The Schottky–Mott Rule Expanded for Two-Dimensional Semiconductors: Influence of Substrate Dielectric Screening",2021,"ACS nano","","","https://scholar.google.com/scholar?oi=bibs&hl=en&cites=4769010690188112082",294,"2023-03-01 19:14:36","Journal article","","","https://scholar.google.com/citations?view_op=view_citation&hl=en&user=1EaLR-UAAAAJ&cstart=200&pagesize=100&citation_for_view=1EaLR-UAAAAJ:z6xuaG2dYH0C",15,9,14794,14803,11,5.50,1,10,2,"","",""
11,"J Niederhausen, Y Zhang, F Cheenicode Kabeer, Y Garmshausen, ...","Subtle Fluorination of Conjugated Molecules Enables Stable Nanoscale Assemblies on Metal Surfaces",2018,"The Journal of Physical Chemistry C","","","https://scholar.google.com/scholar?oi=bibs&hl=en&cites=6010996250791476489",295,"2023-03-01 19:14:36","Journal article","","","https://scholar.google.com/citations?view_op=view_citation&hl=en&user=1EaLR-UAAAAJ&cstart=200&pagesize=100&citation_for_view=1EaLR-UAAAAJ:MhiOAD_qIWkC",122,33,18902,18911,11,2.20,2,5,5,"","",""
11,"G Ligorio, MV Nardi, N Koch","Lithography-Free Miniaturization of Resistive Nonvolatile Memory Devices to the 100 nm Scale by Glancing Angle Deposition",2017,"Nano Letters","","","https://scholar.google.com/scholar?oi=bibs&hl=en&cites=6830605851020091741",296,"2023-03-01 19:14:36","Journal article","","","https://scholar.google.com/citations?view_op=view_citation&hl=en&user=1EaLR-UAAAAJ&cstart=200&pagesize=100&citation_for_view=1EaLR-UAAAAJ:anf4URPfarAC",17,2,1149,1153,11,1.83,4,3,6,"","",""
11,"RM Silva, G Clavel, Y Fan, P Amsalem, N Koch, RF Silva, N Pinna","Coating of Vertically Aligned Carbon Nanotubes by a Novel Manganese Oxide Atomic Layer Deposition Process for Binder‐Free Hybrid Capacitors",2016,"Advanced Materials Interfaces","","","https://scholar.google.com/scholar?oi=bibs&hl=en&cites=2689178036165513727",297,"2023-03-01 19:14:36","Journal article","","","https://scholar.google.com/citations?view_op=view_citation&hl=en&user=1EaLR-UAAAAJ&cstart=200&pagesize=100&citation_for_view=1EaLR-UAAAAJ:umqufdRvDiIC",3,21,1600313,1600313,11,1.57,2,7,7,"","",""
11,"J Niederhausen, S Duhm, G Heimel, C Bürker, Q Xin, A Wilke, A Vollmer, ...","Seleno groups control the energy-level alignment between conjugated organic molecules and metals",2014,"The Journal of chemical physics","","","https://scholar.google.com/scholar?oi=bibs&hl=en&cites=842371146485245098",298,"2023-03-01 19:14:36","Journal article","","","https://scholar.google.com/citations?view_op=view_citation&hl=en&user=1EaLR-UAAAAJ&cstart=200&pagesize=100&citation_for_view=1EaLR-UAAAAJ:AvfA0Oy_GE0C",140,1,14705,14705,11,1.22,1,8,9,"","",""
11,"G Schwabegger, M Oehzelt, I Salzmann, F Quochi, M Saba, A Mura, ...","Interface Properties of Organic para-Hexaphenyl/α-Sexithiophene Heterostructures Deposited on Highly Oriented Pyrolytic Graphite",2013,"Langmuir","","","https://scholar.google.com/scholar?oi=bibs&hl=en&cites=2978828571310561895",299,"2023-03-01 19:14:36","Journal article","","","https://scholar.google.com/citations?view_op=view_citation&hl=en&user=1EaLR-UAAAAJ&cstart=200&pagesize=100&citation_for_view=1EaLR-UAAAAJ:9vf0nzSNQJEC",29,47,14444,14450,11,1.10,2,7,10,"","",""
11,"G Heimel, I Salzmann, N Koch","On the fundamental processes in molecular electrical doping of organic semiconductors",2012,"AIP Conference Proceedings","","","https://scholar.google.com/scholar?oi=bibs&hl=en&cites=14567275856368542036",300,"2023-03-01 19:14:36","Conference paper","","","https://scholar.google.com/citations?view_op=view_citation&hl=en&user=1EaLR-UAAAAJ&cstart=200&pagesize=100&citation_for_view=1EaLR-UAAAAJ:hkOj_22Ku90C",1456,1,148,156,11,1.00,4,3,11,"","",""
11,"N Koch, LM Yu, V Parenté, R Lazzaroni, RL Johnson, G Leising, ...","The interaction of aluminum and p-sexiphenyl",1999,"Synthetic metals 101 (1-3)","","","https://scholar.google.com/scholar?oi=bibs&hl=en&cites=7527179583117469060",301,"2023-03-01 19:14:36","Book chapter","","","https://scholar.google.com/citations?view_op=view_citation&hl=en&user=1EaLR-UAAAAJ&cstart=300&pagesize=100&citation_for_view=1EaLR-UAAAAJ:V3AGJWp-ZtQC",,,438,439,11,0.46,2,7,24,"","",""
10,"X Xu, Z Lou, S Cheng, PCY Chow, N Koch, HM Cheng","Van der Waals organic/inorganic heterostructures in the two-dimensional limit",2021,"Chem","","","https://scholar.google.com/scholar?oi=bibs&hl=en&cites=4906112731125855986",302,"2023-03-01 19:14:36","Journal article","","","https://scholar.google.com/citations?view_op=view_citation&hl=en&user=1EaLR-UAAAAJ&cstart=300&pagesize=100&citation_for_view=1EaLR-UAAAAJ:EsEWqaRxkBgC",7,11,2989,3026,10,5.00,2,6,2,"","",""
10,"S Park, H Wang, T Schultz, D Shin, R Ovsyannikov, M Zacharias, ...","Temperature‐Dependent Electronic Ground‐State Charge Transfer in van der Waals Heterostructures",2021,"Advanced Materials","","","https://scholar.google.com/scholar?oi=bibs&hl=en&cites=5377879243715430943",303,"2023-03-01 19:14:36","Journal article","","","https://scholar.google.com/citations?view_op=view_citation&hl=en&user=1EaLR-UAAAAJ&cstart=300&pagesize=100&citation_for_view=1EaLR-UAAAAJ:YlPif8NxrbYC",33,29,2008677,2008677,10,5.00,1,7,2,"","",""
10,"S Park, N Mutz, SA Kovalenko, T Schultz, D Shin, A Aljarb, LJ Li, V Tung, ...","Type‐I Energy Level Alignment at the PTCDA—Monolayer MoS2 Interface Promotes Resonance Energy Transfer and Luminescence Enhancement",2021,"Advanced Science","","","https://scholar.google.com/scholar?oi=bibs&hl=en&cites=6171407553888737520",304,"2023-03-01 19:14:36","Journal article","","","https://scholar.google.com/citations?view_op=view_citation&hl=en&user=1EaLR-UAAAAJ&cstart=300&pagesize=100&citation_for_view=1EaLR-UAAAAJ:2ywjKiB__4kC",8,12,2100215,2100215,10,5.00,1,9,2,"","",""
10,"KF Seidel, D Lungwitz, A Opitz, T Krüger, J Behrends, SR Marder, ...","Single-Step Formation of a Low Work Function Cathode Interlayer and n-type Bulk Doping from Semiconducting Polymer/Polyethylenimine Blend Solution",2020,"ACS Applied Materials &Interfaces","","","https://scholar.google.com/scholar?oi=bibs&hl=en&cites=17037186243356986327",305,"2023-03-01 19:14:36","Journal article","","","https://scholar.google.com/citations?view_op=view_citation&hl=en&user=1EaLR-UAAAAJ&cstart=300&pagesize=100&citation_for_view=1EaLR-UAAAAJ:HJSXoJQnj-YC",12,25,28801,28807,10,3.33,1,7,3,"","",""
10,"C Shen, MH Raza, P Amsalem, T Schultz, N Koch, N Pinna","Morphology-controlled MoS 2 by low-temperature atomic layer deposition",2020,"Nanoscale","","","https://scholar.google.com/scholar?oi=bibs&hl=en&cites=14538412819342193884",306,"2023-03-01 19:14:36","Journal article","","","https://scholar.google.com/citations?view_op=view_citation&hl=en&user=1EaLR-UAAAAJ&cstart=300&pagesize=100&citation_for_view=1EaLR-UAAAAJ:UmS_249rOGwC",12,39,20404,20412,10,3.33,2,6,3,"","",""
10,"N Mutz, T Meisel, H Kirmse, S Park, N Severin, JP Rabe, E List-Kratochvil, ...","Pulsed thermal deposition of binary and ternary transition metal dichalcogenide monolayers and heterostructures",2019,"Applied Physics Letters","","","https://scholar.google.com/scholar?oi=bibs&hl=en&cites=125139279705363944",307,"2023-03-01 19:14:36","Journal article","","","https://scholar.google.com/citations?view_op=view_citation&hl=en&user=1EaLR-UAAAAJ&cstart=300&pagesize=100&citation_for_view=1EaLR-UAAAAJ:yxmsSjX2EkcC",114,16,162101,162101,10,2.50,1,8,4,"","",""
10,"R Schlesinger, S Winkler, M Brandt, S Blumstengel, R Ovsyannikov, ...","Energy level alignment at organic/inorganic semiconductor heterojunctions: Fermi level pinning at the molecular interlayer with a reduced energy gap",2019,"Physical Chemistry Chemical Physics","","","https://scholar.google.com/scholar?oi=bibs&hl=en&cites=12941251491970813251",308,"2023-03-01 19:14:36","Journal article","","","https://scholar.google.com/citations?view_op=view_citation&hl=en&user=1EaLR-UAAAAJ&cstart=300&pagesize=100&citation_for_view=1EaLR-UAAAAJ:ce2CqMG-AY4C",21,27,15072,15079,10,2.50,2,6,4,"","",""
10,"B Shamieh, AS Anselmo, U Vogel, E Lariou, SC Hayes, N Koch, GL Frey","Correlating the effective work function at buried organic/metal interfaces with organic solar cell characteristics",2018,"Journal of Materials Chemistry C","","","https://scholar.google.com/scholar?oi=bibs&hl=en&cites=369945356077127840",309,"2023-03-01 19:14:36","Journal article","","","https://scholar.google.com/citations?view_op=view_citation&hl=en&user=1EaLR-UAAAAJ&cstart=300&pagesize=100&citation_for_view=1EaLR-UAAAAJ:j7_hQOaDUrUC",6,30,8060,8068,10,2.00,1,7,5,"","",""
10,"J Niederhausen, HR Kersell, C Christodoulou, G Heimel, H Wonneberger, ...","Monolayer Phases of a Dipolar Perylene Derivative on Au (111) and Surface Potential Build-Up in Multilayers",2016,"Langmuir","","","https://scholar.google.com/scholar?oi=bibs&hl=en&cites=6786921807523815648",310,"2023-03-01 19:14:36","Journal article","","","https://scholar.google.com/citations?view_op=view_citation&hl=en&user=1EaLR-UAAAAJ&cstart=300&pagesize=100&citation_for_view=1EaLR-UAAAAJ:YohjEiUPhakC",32,15,3587,3600,10,1.43,2,6,7,"","",""
10,"J Frisch, A Vollmer, N Koch","Energy level pinning of an n-type semiconducting polymer on conductive polymer electrodes: Effects of work function and annealing",2012,"Journal of Applied Physics","","","https://scholar.google.com/scholar?oi=bibs&hl=en&cites=11098560914540778167",311,"2023-03-01 19:14:36","Journal article","","","https://scholar.google.com/citations?view_op=view_citation&hl=en&user=1EaLR-UAAAAJ&cstart=300&pagesize=100&citation_for_view=1EaLR-UAAAAJ:7T2F9Uy0os0C",112,3,33712,33712,10,0.91,3,3,11,"","",""
10,"H Schürmann, N Koch, A Vollmer, S Schrader, M Neumann","Angle resolved ultraviolet photoelectron spectroscopy of oriented sexiphenyl layers",2000,"Synthetic metals","","","https://scholar.google.com/scholar?oi=bibs&hl=en&cites=3610095301257604345",312,"2023-03-01 19:14:36","Journal article","","","https://scholar.google.com/citations?view_op=view_citation&hl=en&user=1EaLR-UAAAAJ&cstart=300&pagesize=100&citation_for_view=1EaLR-UAAAAJ:XiVPGOgt02cC",111,,591,594,10,0.43,2,5,23,"","",""
9,"I Levine, K Shimizu, A Lomuscio, M Kulbak, C Rehermann, A Zohar, ...","Direct Probing of Gap States and Their Passivation in Halide Perovskites by High-Sensitivity, Variable Energy Ultraviolet Photoelectron Spectroscopy",2021,"The Journal of Physical Chemistry C","","","https://scholar.google.com/scholar?oi=bibs&hl=en&cites=12150147272737565546",313,"2023-03-01 19:14:36","Journal article","","","https://scholar.google.com/citations?view_op=view_citation&hl=en&user=1EaLR-UAAAAJ&cstart=300&pagesize=100&citation_for_view=1EaLR-UAAAAJ:X9ykpCP0fEIC",125,9,5217,5225,9,4.50,1,7,2,"","",""
9,"L Schöttner, S Erker, R Schlesinger, N Koch, A Nefedov, OT Hofmann, ...","Doping-Induced Electron Transfer at Organic/Oxide Interfaces: Direct Evidence from Infrared Spectroscopy",2020,"The Journal of Physical Chemistry C","","","https://scholar.google.com/scholar?oi=bibs&hl=en&cites=18058069359802671599",314,"2023-03-01 19:14:36","Journal article","","","https://scholar.google.com/citations?view_op=view_citation&hl=en&user=1EaLR-UAAAAJ&cstart=300&pagesize=100&citation_for_view=1EaLR-UAAAAJ:pS0ncopqnHgC",124,8,4511,4516,9,3.00,1,7,3,"","",""
9,"S Wahl, SM El-Refaei, P Amsalem, AG Buzanich, N Koch, N Pinna","Operando diffuse reflectance UV-vis spectroelectrochemistry for investigating oxygen evolution electrocatalysts",2020,"Catalysis Science &Technology","","","https://scholar.google.com/scholar?oi=bibs&hl=en&cites=8422918512537835820",315,"2023-03-01 19:14:36","Journal article","","","https://scholar.google.com/citations?view_op=view_citation&hl=en&user=1EaLR-UAAAAJ&cstart=300&pagesize=100&citation_for_view=1EaLR-UAAAAJ:YsrPvlHIBpEC",10,2,517,528,9,3.00,2,6,3,"","",""
9,"R Schlesinger, F Bussolotti, J Yang, S Sadofev, A Vollmer, S Blumstengel, ...","Gap states induce soft Fermi level pinning upon charge transfer at ZnO/molecular acceptor interfaces",2019,"Physical Review Materials","","","https://scholar.google.com/scholar?oi=bibs&hl=en&cites=18113877242225390464",316,"2023-03-01 19:14:36","Journal article","","","https://scholar.google.com/citations?view_op=view_citation&hl=en&user=1EaLR-UAAAAJ&cstart=300&pagesize=100&citation_for_view=1EaLR-UAAAAJ:pAkWuXOU-OoC",3,7,74601,74601,9,2.25,1,7,4,"","",""
9,"J Zhang, I Salzmann, P Schäfer, M Oehzelt, S Duhm, JP Rabe, N Koch","The morphology of organic nanocolumn arrays: Amorphous versus crystalline solids",2009,"Journal of Materials Research","","","https://scholar.google.com/scholar?oi=bibs&hl=en&cites=17252422768814860323",317,"2023-03-01 19:14:36","Journal article","","","https://scholar.google.com/citations?view_op=view_citation&hl=en&user=1EaLR-UAAAAJ&cstart=300&pagesize=100&citation_for_view=1EaLR-UAAAAJ:dQ2og3OwTAUC",24,4,1492,1497,9,0.64,1,7,14,"","",""
9,"SK Schrader, W Riess, H Vestweber, N Koch","New polymeric heterolayer systems for efficient light-emitting devices",1998,"Organic Light-Emitting Materials and Devices II","","","https://scholar.google.com/scholar?oi=bibs&hl=en&cites=16254351797534236008",319,"2023-03-01 19:14:36","Journal article","","","https://scholar.google.com/citations?view_op=view_citation&hl=en&user=1EaLR-UAAAAJ&cstart=300&pagesize=100&citation_for_view=1EaLR-UAAAAJ:t6usbXjVLHcC",3476,,188,194,9,0.36,2,4,25,"","",""
8,"K Ortstein, S Hutsch, M Hambsch, K Tvingstedt, B Wegner, J Benduhn, ...","Band gap engineering in blended organic semiconductor films based on dielectric interactions",2021,"Nature Materials","","","https://scholar.google.com/scholar?oi=bibs&hl=en&cites=13230401727927702125",320,"2023-03-01 19:14:36","Journal article","","","https://scholar.google.com/citations?view_op=view_citation&hl=en&user=1EaLR-UAAAAJ&cstart=300&pagesize=100&citation_for_view=1EaLR-UAAAAJ:AYInfyleIOsC",20,10,1407,1413,8,4.00,1,7,2,"","",""
8,"M Ralaiarisoa, Y Rodríguez, I Salzmann, L Vaillant, N Koch","Impact of solvent exposure on the structure and electronic properties of CH3NH3PbI3−xClx mixed halide perovskite films",2019,"Applied Physics A","","","https://scholar.google.com/scholar?oi=bibs&hl=en&cites=17979386197390698147",321,"2023-03-01 19:14:36","Journal article","","","https://scholar.google.com/citations?view_op=view_citation&hl=en&user=1EaLR-UAAAAJ&cstart=300&pagesize=100&citation_for_view=1EaLR-UAAAAJ:kWvqk_afx_IC",125,7,470,470,8,2.00,2,5,4,"","",""
8,"S Käbisch, M Timpel, H Kirmse, MA Gluba, N Koch, NH Nickel","Polarity of pulsed laser deposited ZnO nanostructures",2016,"Applied Physics Letters","","","https://scholar.google.com/scholar?oi=bibs&hl=en&cites=6721560834231274282",322,"2023-03-01 19:14:36","Journal article","","","https://scholar.google.com/citations?view_op=view_citation&hl=en&user=1EaLR-UAAAAJ&cstart=300&pagesize=100&citation_for_view=1EaLR-UAAAAJ:FPJr55Dyh1AC",108,8,83114,83114,8,1.14,1,6,7,"","",""
8,"G Ligorio, MV Nardi, C Christodoulou, N Koch","Organic Semiconductor/Gold Interface Interactions: From Physisorption on Planar Surfaces to Chemical Reactions with Metal Nanoparticles",2015,"ChemPhysChem","","","https://scholar.google.com/scholar?oi=bibs&hl=en&cites=5909089111112339877",323,"2023-03-01 19:14:36","Journal article","","","https://scholar.google.com/citations?view_op=view_citation&hl=en&user=1EaLR-UAAAAJ&cstart=300&pagesize=100&citation_for_view=1EaLR-UAAAAJ:gsN89kCJA0AC",16,12,2602,2608,8,1.00,2,4,8,"","",""
8,"L Masson, H Sahaf, P Amsalem, F Dettoni, E Moyen, N Koch, ...","Nanoscale Si template for the growth of self-organized one-dimensional nanostructures",2013,"Applied Surface Science","","","https://scholar.google.com/scholar?oi=bibs&hl=en&cites=16845504925932898081",324,"2023-03-01 19:14:36","Journal article","","","https://scholar.google.com/citations?view_op=view_citation&hl=en&user=1EaLR-UAAAAJ&cstart=300&pagesize=100&citation_for_view=1EaLR-UAAAAJ:_Ybze24A_UAC",267,,192,195,8,0.80,1,7,10,"","",""
8,"N Koch, R Pairleitner, QT Le, EW Forsythe, Y Gao, G Leising","Photoemission spectroscopic investigation on the interface formation of a ladder-type poly(para-phenylene) with aluminum",2000,"Applied Physics Letters","","","https://scholar.google.com/scholar?oi=bibs&hl=en&cites=15038285128976422187",325,"2023-03-01 19:14:36","Journal article","","","https://scholar.google.com/citations?view_op=view_citation&hl=en&user=1EaLR-UAAAAJ&cstart=300&pagesize=100&citation_for_view=1EaLR-UAAAAJ:eq2jaN3J8jMC",76,25,3738,3740,8,0.35,1,6,23,"","",""
8,"HJ Brandt, R Resel, J Keckes, B Koppelhuber-Bitschnau, N Koch, ...","Determination of Crystallite Size and Lattice Strain in Hexaphenyl Thin Films by Line Profile Analysis",1999,"MRS Proceedings","","","https://scholar.google.com/scholar?oi=bibs&hl=en&cites=13639775681719715428",326,"2023-03-01 19:14:36","Conference paper","","","https://scholar.google.com/citations?view_op=view_citation&hl=en&user=1EaLR-UAAAAJ&cstart=300&pagesize=100&citation_for_view=1EaLR-UAAAAJ:i2xiXl-TujoC",561,,161,161,8,0.33,1,6,24,"","",""
7,"Y Shoji, N Tanaka, Y Ikabata, H Sakai, T Hasobe, N Koch, H Nakai, ...","Tetraaryldiborane (4) can emit dual fluorescence responding to the structural change around the B–B bond",2022,"Angewandte Chemie International Edition","","","https://scholar.google.com/scholar?oi=bibs&hl=en&cites=1546993448526607819",327,"2023-03-01 19:14:36","Journal article","","","https://scholar.google.com/citations?view_op=view_citation&hl=en&user=1EaLR-UAAAAJ&cstart=300&pagesize=100&citation_for_view=1EaLR-UAAAAJ:AzKEL7Gb_04C",61,1,202113549,,7,7.00,1,8,1,"","",""
7,"N Koch","Opportunities for energy level tuning at inorganic/organic semiconductor interfaces",2021,"Applied Physics Letters","","","https://scholar.google.com/scholar?oi=bibs&hl=en&cites=15131857153000392447",328,"2023-03-01 19:14:36","Journal article","","","https://scholar.google.com/citations?view_op=view_citation&hl=en&user=1EaLR-UAAAAJ&cstart=300&pagesize=100&citation_for_view=1EaLR-UAAAAJ:JP7YXuLIOvAC",119,26,260501,260501,7,3.50,7,1,2,"","",""
7,"M Raoufi, U Hörmann, G Ligorio, J Hildebrandt, M Pätzel, T Schultz, ...","Simultaneous Effect of Ultraviolet Radiation and Surface Modification on the Work Function and Hole Injection Properties of ZnO Thin Films",2020,"physica status solidi (a)","","","https://scholar.google.com/scholar?oi=bibs&hl=en&cites=3028784398143063891",329,"2023-03-01 19:14:36","Journal article","","","https://scholar.google.com/citations?view_op=view_citation&hl=en&user=1EaLR-UAAAAJ&cstart=300&pagesize=100&citation_for_view=1EaLR-UAAAAJ:WAzi4Gm8nLoC",217,5,1900876,1900876,7,2.33,1,7,3,"","",""
7,"J Niederhausen, A Franco-Cañellas, S Erker, T Schultz, K Broch, ...","X-ray standing waves reveal lack of OH termination at hydroxylated ZnO (0001) surfaces",2020,"Physical Review Materials","","","https://scholar.google.com/scholar?oi=bibs&hl=en&cites=12016870958193134381",330,"2023-03-01 19:14:36","Journal article","","","https://scholar.google.com/citations?view_op=view_citation&hl=en&user=1EaLR-UAAAAJ&cstart=300&pagesize=100&citation_for_view=1EaLR-UAAAAJ:wvYxNZNCP7wC",4,2,20602,20602,7,2.33,1,6,3,"","",""
7,"AE Mansour, H Kim, S Park, T Schultz, DX Cao, TQ Nguyen, W Brütting, ...","Conductive Polymer Work Function Changes due to Residual Water: Impact of Temperature‐Dependent Dielectric Constant",2020,"Advanced Electronic Materials","","","https://scholar.google.com/scholar?oi=bibs&hl=en&cites=3685170441962838754",331,"2023-03-01 19:14:36","Journal article","","","https://scholar.google.com/citations?view_op=view_citation&hl=en&user=1EaLR-UAAAAJ&cstart=300&pagesize=100&citation_for_view=1EaLR-UAAAAJ:QsaTk4IG4EwC",2000408,,,,7,2.33,1,8,3,"","",""
7,"AJ Ramadan, M Ralaiarisoa, F Zu, LA Rochford, B Wenger, N Koch, ...","Revealing the Stoichiometric Tolerance of Lead Trihalide Perovskite Thin Films",2019,"Chemistry of Materials","","","https://scholar.google.com/scholar?oi=bibs&hl=en&cites=15667209790022574376",332,"2023-03-01 19:14:36","Journal article","","","https://scholar.google.com/citations?view_op=view_citation&hl=en&user=1EaLR-UAAAAJ&cstart=300&pagesize=100&citation_for_view=1EaLR-UAAAAJ:oi2SiIJ9l4AC",32,1,114,120,7,1.75,1,7,4,"","",""
7,"J Zhang, Y Wu, S Duhm, JP Rabe, P Rudolf, N Koch","Formation of intra-island grain boundaries in pentacene monolayers",2011,"Physical Chemistry Chemical Physics","","","https://scholar.google.com/scholar?oi=bibs&hl=en&cites=17840279268155368933",333,"2023-03-01 19:14:36","Journal article","","","https://scholar.google.com/citations?view_op=view_citation&hl=en&user=1EaLR-UAAAAJ&cstart=300&pagesize=100&citation_for_view=1EaLR-UAAAAJ:uJ-U7cs_P_0C",13,47,21102,21108,7,0.58,1,6,12,"","",""
7,"N Koch, B Nickel, J Ghijsen, A Elschner, J Schwartz, JJ Pireaux, A Kahn","Metal vs. Polymer Electrodes in Organic Devices: Energy Level Alignment, Hole Injection, and Structure",2003,"MRS Proceedings 771, L3.","","","https://scholar.google.com/scholar?oi=bibs&hl=en&cites=862099580074206050",334,"2023-03-01 19:14:36","Conference paper","","","https://scholar.google.com/citations?view_op=view_citation&hl=en&user=1EaLR-UAAAAJ&cstart=300&pagesize=100&citation_for_view=1EaLR-UAAAAJ:LjlpjdlvIbIC",6,,,,7,0.35,1,7,20,"","",""
7,"SK Schrader, P Imperia, N Koch, G Leising, B Falk","Organic light-emitting devices based on new heterocyclic compounds",1999,"Organic Light-Emitting Materials and Devices III","","","https://scholar.google.com/scholar?oi=bibs&hl=en&cites=758067042718398913",336,"2023-03-01 19:14:36","Journal article","","","https://scholar.google.com/citations?view_op=view_citation&hl=en&user=1EaLR-UAAAAJ&cstart=300&pagesize=100&citation_for_view=1EaLR-UAAAAJ:eMMeJKvmdy0C",3797,,209,220,7,0.29,1,5,24,"","",""
6,"AE Mansour, AM Valencia, D Lungwitz, B Wegner, N Tanaka, Y Shoji, ...","Understanding the evolution of the Raman spectra of molecularly p-doped poly (3-hexylthiophene-2, 5-diyl): signatures of polarons and bipolarons",2022,"Physical Chemistry Chemical Physics","","","https://scholar.google.com/scholar?oi=bibs&hl=en&cites=7417698072188764676",337,"2023-03-01 19:14:36","Journal article","","","https://scholar.google.com/citations?view_op=view_citation&hl=en&user=1EaLR-UAAAAJ&cstart=300&pagesize=100&citation_for_view=1EaLR-UAAAAJ:4aZ_i-5WJEQC",24,5,3109,3118,6,6.00,1,7,1,"","",""
6,"F Caruso, P Amsalem, J Ma, A Aljarb, T Schultz, M Zacharias, V Tung, ...","Two-dimensional plasmonic polarons in -doped monolayer ",2021,"Physical Review B","","","https://scholar.google.com/scholar?oi=bibs&hl=en&cites=17959614388035645004",338,"2023-03-01 19:14:36","Journal article","","","https://scholar.google.com/citations?view_op=view_citation&hl=en&user=1EaLR-UAAAAJ&cstart=300&pagesize=100&citation_for_view=1EaLR-UAAAAJ:eGYfIraVYiQC",103,20,205152,205152,6,3.00,1,8,2,"","",""
6,"MH Tremblay, K Schutt, F Pulvirenti, T Schultz, B Wegner, X Jia, Y Zhang, ...","Benzocyclobutene polymer as an additive for a benzocyclobutene-fullerene: application in stable p–i–n perovskite solar cells",2021,"Journal of Materials Chemistry A","","","https://scholar.google.com/scholar?oi=bibs&hl=en&cites=3845237259349134668",339,"2023-03-01 19:14:36","Journal article","","","https://scholar.google.com/citations?view_op=view_citation&hl=en&user=1EaLR-UAAAAJ&cstart=300&pagesize=100&citation_for_view=1EaLR-UAAAAJ:zdjWy_NXXwUC",9,14,9347,9353,6,3.00,1,8,2,"","",""
6,"J Yu, Y Xing, Z Shen, Y Zhu, D Neher, N Koch, G Lu","Infrared spectroscopy depth profiling of organic thin films",2021,"Materials Horizons","","","https://scholar.google.com/scholar?oi=bibs&hl=en&cites=4494752456522153659",340,"2023-03-01 19:14:36","Journal article","","","https://scholar.google.com/citations?view_op=view_citation&hl=en&user=1EaLR-UAAAAJ&cstart=300&pagesize=100&citation_for_view=1EaLR-UAAAAJ:v6i8RKmR8ToC",8,5,1461,1471,6,3.00,1,7,2,"","",""
6,"K Fu, R Wang, T Katase, H Ohta, N Koch, S Duhm","Stoichiometric and Oxygen-Deficient VO2 as Versatile Hole Injection Electrode for Organic Semiconductors",2018,"ACS applied materials &interfaces","","","https://scholar.google.com/scholar?oi=bibs&hl=en&cites=11171614462678932821",341,"2023-03-01 19:14:36","Journal article","","","https://scholar.google.com/citations?view_op=view_citation&hl=en&user=1EaLR-UAAAAJ&cstart=300&pagesize=100&citation_for_view=1EaLR-UAAAAJ:zCSUwVk65WsC",10,12,10552,10559,6,1.20,1,6,5,"","",""
6,"G Ligorio, MV Nardi, C Christodoulou, I Florea, NC Monteiro, O Ersen, ...","Charging and exciton-mediated decharging of metal nanoparticles in organic semiconductor matrices",2014,"Applied Physics Letters","","","https://scholar.google.com/scholar?oi=bibs&hl=en&cites=9194839850436104808",342,"2023-03-01 19:14:36","Journal article","","","https://scholar.google.com/citations?view_op=view_citation&hl=en&user=1EaLR-UAAAAJ&cstart=300&pagesize=100&citation_for_view=1EaLR-UAAAAJ:-_dYPAW6P2MC",104,16,163302,163302,6,0.67,1,7,9,"","",""
6,"E Hanson, J Schwartz, N Koch, J Guo, IG Hill, J McDermott","Formation of ordered thin films of organics on metal oxide surfaces",2012,"US Patent App. 12/986,994","","","https://scholar.google.com/scholar?oi=bibs&hl=en&cites=7526133364651701164",343,"2023-03-01 19:14:36","Patent","","","https://scholar.google.com/citations?view_op=view_citation&hl=en&user=1EaLR-UAAAAJ&cstart=300&pagesize=100&citation_for_view=1EaLR-UAAAAJ:edDO8Oi4QzsC",,,,,6,0.55,1,6,11,"","",""
6,"B Fraboni, R DiPietro, A Cavallini, P Cosseddu, A Bonfiglio, JO Vogel, ...","Correlating photocurrent spectra and electrical transport parameters in organic field effect transistors",2010,"Organic Electronics","","","https://scholar.google.com/scholar?oi=bibs&hl=en&cites=12738446849062265614",344,"2023-03-01 19:14:36","Journal article","","","https://scholar.google.com/citations?view_op=view_citation&hl=en&user=1EaLR-UAAAAJ&cstart=300&pagesize=100&citation_for_view=1EaLR-UAAAAJ:ZfRJV9d4-WMC",11,2,273,278,6,0.46,1,7,13,"","",""
6,"F Schreiber, A Gerlach, N Koch, E Zojer, M Sokolowski, FS Tautz, ...","Comment on “Electron core-hole interaction and its induced ionic structural relaxation in molecular systems under x-ray irradiation”",2007,"Physical review letters","","","https://scholar.google.com/scholar?oi=bibs&hl=en&cites=11907938377898679668",345,"2023-03-01 19:14:36","Journal article","","","https://scholar.google.com/citations?view_op=view_citation&hl=en&user=1EaLR-UAAAAJ&cstart=300&pagesize=100&citation_for_view=1EaLR-UAAAAJ:1yQoGdGgb4wC",99,5,59601,59601,6,0.38,1,7,16,"","",""
6,"A Elschner, F Jonas, S Kirchmeyer, W Lövenich, N Koch, K Fehse, ...","High-conductive PEDOT/PSS for ITO substitution in OLEDs",2006,"Proc. 13th Int. Display Workshop, Otsu, Japan,","","","https://scholar.google.com/scholar?oi=bibs&hl=en&cites=2100390152354539222",346,"2023-03-01 19:14:36","Conference paper","","","https://scholar.google.com/citations?view_op=view_citation&hl=en&user=1EaLR-UAAAAJ&cstart=300&pagesize=100&citation_for_view=1EaLR-UAAAAJ:jSAVyFp_754C",6,,479,80,6,0.35,1,7,17,"","",""
6,"Y Hosoi, N Koch, Y Sakurai, H Ishii, TU Kampen, G Salvan, DRT Zahn, ...","Structural study of thin films of neutral and potassium-doped oligophenylenes on Cu (100)",2005,"Surface science","","","https://scholar.google.com/scholar?oi=bibs&hl=en&cites=11011769756542766019",347,"2023-03-01 19:14:36","Journal article","","","https://scholar.google.com/citations?view_op=view_citation&hl=en&user=1EaLR-UAAAAJ&cstart=300&pagesize=100&citation_for_view=1EaLR-UAAAAJ:fEOibwPWpKIC",589,1,19,31,6,0.33,1,8,18,"","",""
6,"N Koch, R Resel, F Meghdadi, G Leising, K Reichmann","Morphology of p-Hexaphenyl thin films",1997,"Synthetic metals","","","https://scholar.google.com/scholar?oi=bibs&hl=en&cites=239475370937175575",348,"2023-03-01 19:14:36","Journal article","","","https://scholar.google.com/citations?view_op=view_citation&hl=en&user=1EaLR-UAAAAJ&cstart=300&pagesize=100&citation_for_view=1EaLR-UAAAAJ:dTyEYWd-f8wC",84,1,649,650,6,0.23,1,5,26,"","",""
5,"A Opitz, C Peter, B Wegner, HSSR Matte, A Röttger, T Florian, X Xu, ...","Ordered Donor–Acceptor Complex Formation and Electron Transfer in Co-deposited Films of Structurally Dissimilar Molecules",2020,"The Journal of Physical Chemistry C","","","https://scholar.google.com/scholar?oi=bibs&hl=en&cites=16690253081727281550",349,"2023-03-01 19:14:36","Journal article","","","https://scholar.google.com/citations?view_op=view_citation&hl=en&user=1EaLR-UAAAAJ&cstart=300&pagesize=100&citation_for_view=1EaLR-UAAAAJ:SnGPuo6Feq8C",124,20,11023,11031,5,1.67,1,8,3,"","",""
5,"J Hu, N Aghdassi, S Bhagat, Y Garmshausen, R Wang, N Koch, S Hecht, ...","Dipolar Substitution Impacts Growth and Electronic Properties of Para‐Sexiphenyl Thin Films",2020,"Advanced Materials Interfaces","","","https://scholar.google.com/scholar?oi=bibs&hl=en&cites=14014468555100400499",350,"2023-03-01 19:14:36","Journal article","","","https://scholar.google.com/citations?view_op=view_citation&hl=en&user=1EaLR-UAAAAJ&cstart=300&pagesize=100&citation_for_view=1EaLR-UAAAAJ:mUJArPsKIAAC",7,3,1901707,1901707,5,1.67,1,8,3,"","",""
5,"K Akaike, M Oehzelt, G Heimel, N Koch","A comprehensive and unified picture of energy level alignment at interfaces with organic semiconductors",2016,"Organic Light Emitting Materials and Devices XX","","","https://scholar.google.com/scholar?oi=bibs&hl=en&cites=10192783664826423488",351,"2023-03-01 19:14:36","Journal article","","","https://scholar.google.com/citations?view_op=view_citation&hl=en&user=1EaLR-UAAAAJ&cstart=300&pagesize=100&citation_for_view=1EaLR-UAAAAJ:4hFrxpcac9AC",9941,,77,83,5,0.71,1,4,7,"","",""
5,"G Ligorio, MV Nardi, R Steyrleuthner, D Ihiawakrim, N Crespo-Monteiro, ...","Metal nanoparticle mediated space charge and its optical control in an organic hole-only device",2016,"Applied Physics Letters","","","https://scholar.google.com/scholar?oi=bibs&hl=en&cites=14847495566073962909",352,"2023-03-01 19:14:36","Journal article","","","https://scholar.google.com/citations?view_op=view_citation&hl=en&user=1EaLR-UAAAAJ&cstart=300&pagesize=100&citation_for_view=1EaLR-UAAAAJ:hCrLmN-GePgC",108,15,153302,153302,5,0.71,1,6,7,"","",""
5,"G Heimel, N Koch","Molecular Orientation Dependence of the Ionization Energy of Pentacene in Thin Films",2009,"Interface Controlled Organic Thin Films","","","https://scholar.google.com/scholar?oi=bibs&hl=en&cites=14893834443391967699",353,"2023-03-01 19:14:36","Book chapter","","","https://scholar.google.com/citations?view_op=view_citation&hl=en&user=1EaLR-UAAAAJ&cstart=300&pagesize=100&citation_for_view=1EaLR-UAAAAJ:Dip1O2bNi0gC",,,141,145,5,0.36,3,2,14,"","",""
5,"N Severin, S Groeper, R Kniprath, H Glowatzki, N Koch, IM Sokolov, ...","Data scattering in scanning tunneling spectroscopy",2008,"Ultramicroscopy","","","https://scholar.google.com/scholar?oi=bibs&hl=en&cites=18132317041530073564",354,"2023-03-01 19:14:36","Journal article","","","https://scholar.google.com/citations?view_op=view_citation&hl=en&user=1EaLR-UAAAAJ&cstart=300&pagesize=100&citation_for_view=1EaLR-UAAAAJ:vDijr-p_gm4C",109,1,85,90,5,0.33,1,7,15,"","",""
5,"H Schürmann, N Koch, P Imperia, S Schrader, M Jandke, P Strohriegl, ...","Ultraviolet photoelectron spectroscopic study of heterocyclic model compounds for electroluminescent devices",1999,"Synthetic metals 102 (1-3)","","","https://scholar.google.com/scholar?oi=bibs&hl=en&cites=6220375603384803609",355,"2023-03-01 19:14:36","Book chapter","","","https://scholar.google.com/citations?view_op=view_citation&hl=en&user=1EaLR-UAAAAJ&cstart=300&pagesize=100&citation_for_view=1EaLR-UAAAAJ:WA5NYHcadZ8C",,,1069,1070,5,0.21,1,7,24,"","",""
5,"N Koch, E Zojer, A Rajagopal, J Ghijsen, RL Johnson, G Leising, ...","A New Alternative for the Low-Workfunction Electrode in Organic Devices",1999,"MRS Proceedings 598, BB11.","","","https://scholar.google.com/scholar?oi=bibs&hl=en&cites=2354350595638906169",356,"2023-03-01 19:14:36","Conference paper","","","https://scholar.google.com/citations?view_op=view_citation&hl=en&user=1EaLR-UAAAAJ&cstart=300&pagesize=100&citation_for_view=1EaLR-UAAAAJ:ye4kPcJQO24C",12,,,,5,0.21,1,7,24,"","",""
5,"R Resel, F Meghdadi, N Koch, G Leising","Crystal structure of p-hexaphenyl thin films",1997,"Synthetic metals","","","https://scholar.google.com/scholar?oi=bibs&hl=en&cites=10653065543123250210",357,"2023-03-01 19:14:36","Journal article","","","https://scholar.google.com/citations?view_op=view_citation&hl=en&user=1EaLR-UAAAAJ&cstart=300&pagesize=100&citation_for_view=1EaLR-UAAAAJ:ZuybSZzF8UAC",84,1,279,280,5,0.19,1,4,26,"","",""
4,"C Shen, E Wierzbicka, T Schultz, R Wang, N Koch, N Pinna","Atomic Layer Deposition of MoS2 Decorated TiO2 Nanotubes for Photoelectrochemical Water Splitting",2022,"Advanced Materials Interfaces","","","https://scholar.google.com/scholar?oi=bibs&hl=en&cites=7993309790509203655",358,"2023-03-01 19:14:36","Journal article","","","https://scholar.google.com/citations?view_op=view_citation&hl=en&user=1EaLR-UAAAAJ&cstart=300&pagesize=100&citation_for_view=1EaLR-UAAAAJ:YB4bud6kWLwC",9,20,2200643,2200643,4,4.00,1,6,1,"","",""
4,"SM El‐Refaei, PA Russo, T Schultz, N Koch, N Pinna","Dual Doping of MoP with M (Mn, Fe) and S to Achieve High Hydrogen Evolution Reaction Activity in Both Acidic and Alkaline Media",2021,"ChemCatChem","","","https://scholar.google.com/scholar?oi=bibs&hl=en&cites=13039340283379985370",359,"2023-03-01 19:14:36","Journal article","","","https://scholar.google.com/citations?view_op=view_citation&hl=en&user=1EaLR-UAAAAJ&cstart=300&pagesize=100&citation_for_view=1EaLR-UAAAAJ:unp9ATQDT5gC",13,20,4392,4402,4,2.00,1,5,2,"","",""
4,"D Shin, F Zu, N Koch","Reversible oxygen-induced p-doping of mixed-cation halide perovskites",2021,"APL Materials","","","https://scholar.google.com/scholar?oi=bibs&hl=en&cites=11942165633063441831",360,"2023-03-01 19:14:36","Journal article","","","https://scholar.google.com/citations?view_op=view_citation&hl=en&user=1EaLR-UAAAAJ&cstart=300&pagesize=100&citation_for_view=1EaLR-UAAAAJ:T_ojBgVMvoEC",9,8,81104,81104,4,2.00,1,3,2,"","",""
4,"R Kulkarni, J Huang, M Trunk, D Burmeister, P Amsalem, J Müller, ...","Direct growth of crystalline triazine-based graphdiyne using surface-assisted deprotection–polymerisation",2021,"Chemical Science","","","https://scholar.google.com/scholar?oi=bibs&hl=en&cites=482990601335380007",361,"2023-03-01 19:14:36","Journal article","","","https://scholar.google.com/citations?view_op=view_citation&hl=en&user=1EaLR-UAAAAJ&cstart=300&pagesize=100&citation_for_view=1EaLR-UAAAAJ:MIg0yeAD4ggC",12,38,12661,12666,4,2.00,1,7,2,"","",""
4,"NK Gupta, T Schultz, SK Karuppannan, A Vilan, N Koch, CA Nijhuis","The energy level alignment of the ferrocene–EGaIn interface studied with photoelectron spectroscopy",2021,"Physical Chemistry Chemical Physics","","","https://scholar.google.com/scholar?oi=bibs&hl=en&cites=12153073063650497550",362,"2023-03-01 19:14:36","Journal article","","","https://scholar.google.com/citations?view_op=view_citation&hl=en&user=1EaLR-UAAAAJ&cstart=300&pagesize=100&citation_for_view=1EaLR-UAAAAJ:eAlLMO4JVmQC",23,24,13458,13467,4,2.00,1,6,2,"","",""
4,"T Zhai, R Wang, T Katase, F Quigley, H Ohta, P Amsalem, N Koch, ...","Substrate-Independent Energy-Level Pinning of an Organic Semiconductor Providing Versatile Hole-Injection Electrodes",2020,"ACS Applied Electronic Materials","","","https://scholar.google.com/scholar?oi=bibs&hl=en&cites=13440586853241364868",363,"2023-03-01 19:14:36","Journal article","","","https://scholar.google.com/citations?view_op=view_citation&hl=en&user=1EaLR-UAAAAJ&cstart=300&pagesize=100&citation_for_view=1EaLR-UAAAAJ:qe6vwMD2xtsC",2,12,3994,4001,4,1.33,1,8,3,"","",""
4,"M Zellmeier, J Rappich, M Klaus, C Genzel, S Janietz, J Frisch, N Koch, ...","Side chain engineering of poly-thiophene and its impact on crystalline silicon based hybrid solar cells",2015,"Applied Physics Letters","","","https://scholar.google.com/scholar?oi=bibs&hl=en&cites=9441857351578068261",364,"2023-03-01 19:14:36","Journal article","","","https://scholar.google.com/citations?view_op=view_citation&hl=en&user=1EaLR-UAAAAJ&cstart=300&pagesize=100&citation_for_view=1EaLR-UAAAAJ:lmc2jWPfTJgC",107,20,203301,203301,4,0.50,1,8,8,"","",""
4,"C Hohle, M Jandke, S Schloter, N Koch, R Resel, D Haarer, P Strohriegl","Novel low-molar-mass glasses for photorefractive and electroluminescent applications",1999,"Synthetic metals 102 (1-3)","","","https://scholar.google.com/scholar?oi=bibs&hl=en&cites=14881312159658674511",365,"2023-03-01 19:14:36","Book chapter","","","https://scholar.google.com/citations?view_op=view_citation&hl=en&user=1EaLR-UAAAAJ&cstart=300&pagesize=100&citation_for_view=1EaLR-UAAAAJ:_Re3VWB3Y0AC",,,1535,1536,4,0.17,1,7,24,"","",""
3,"F Zu, D Shin, N Koch","Electronic properties of metal halide perovskites and their interfaces: the basics",2022,"Materials Horizons","","","https://scholar.google.com/scholar?oi=bibs&hl=en&cites=8908099945069347522",366,"2023-03-01 19:14:36","Journal article","","","https://scholar.google.com/citations?view_op=view_citation&hl=en&user=1EaLR-UAAAAJ&cstart=300&pagesize=100&citation_for_view=1EaLR-UAAAAJ:__bU50VfleQC",9,1,17,24,3,3.00,1,3,1,"","",""
3,"M Kneiß, D Splith, H von Wenckstern, M Lorenz, T Schultz, N Koch, ...","Strain states and relaxation for -(AlGa)O thin films on prismatic planes of -AlO in the full composition range: Fundamental difference of a- and m …",2021,"Journal of Materials Research","","","https://scholar.google.com/scholar?oi=bibs&hl=en&cites=1406306996125784019",367,"2023-03-01 19:14:36","Journal article","","","https://scholar.google.com/citations?view_op=view_citation&hl=en&user=1EaLR-UAAAAJ&cstart=300&pagesize=100&citation_for_view=1EaLR-UAAAAJ:-yGd096yOn8C",36,23,4816,4831,3,1.50,0,7,2,"","",""
3,"J Ma, P Amsalem, T Schultz, D Shin, X Xu, N Koch","Energy Level Alignment at the C60/Monolayer‐WS2 Interface on Insulating and Conductive Substrates",2021,"Advanced Electronic Materials","","","https://scholar.google.com/scholar?oi=bibs&hl=en&cites=18215903411494778044",368,"2023-03-01 19:14:36","Journal article","","","https://scholar.google.com/citations?view_op=view_citation&hl=en&user=1EaLR-UAAAAJ&cstart=300&pagesize=100&citation_for_view=1EaLR-UAAAAJ:Wq2b2clWBLsC",7,10,2100425,2100425,3,1.50,1,6,2,"","",""
3,"D Lungwitz, T Schultz, CE Tait, J Behrends, SK Mohapatra, S Barlow, ...","Disentangling bulk and interface phenomena in a molecularly doped polymer semiconductor",2021,"Advanced Optical Materials","","","https://scholar.google.com/scholar?oi=bibs&hl=en&cites=697850273438418427",369,"2023-03-01 19:14:36","Journal article","","","https://scholar.google.com/citations?view_op=view_citation&hl=en&user=1EaLR-UAAAAJ&cstart=300&pagesize=100&citation_for_view=1EaLR-UAAAAJ:hSRAE-fF4OAC",9,14,2002039,2002039,3,1.50,0,7,2,"","",""
3,"S Bontapalle, A Opitz, R Schlesinger, SR Marder, S Varughese, N Koch","Electrode Work Function Reduction by Polyethylenimine Interlayers: Choice of Solvent and Residual Solvent Removal for Superior Functionality",2020,"Advanced Materials Interfaces","","","https://scholar.google.com/scholar?oi=bibs&hl=en&cites=12304776266853549546",370,"2023-03-01 19:14:36","Journal article","","","https://scholar.google.com/citations?view_op=view_citation&hl=en&user=1EaLR-UAAAAJ&cstart=300&pagesize=100&citation_for_view=1EaLR-UAAAAJ:mWEH9CqjF64C",7,11,2000291,2000291,3,1.00,1,6,3,"","",""
3,"U Hörmann, S Zeiske, S Park, T Schultz, S Kickhöfel, U Scherf, ...","Direct observation of state-filling at hybrid tin oxide/organic interfaces",2019,"Applied Physics Letters","","","https://scholar.google.com/scholar?oi=bibs&hl=en&cites=8377746898189772154",371,"2023-03-01 19:14:36","Journal article","","","https://scholar.google.com/citations?view_op=view_citation&hl=en&user=1EaLR-UAAAAJ&cstart=300&pagesize=100&citation_for_view=1EaLR-UAAAAJ:hsZV8lGYWTMC",114,18,183301,183301,3,0.75,0,7,4,"","",""
3,"S Winkler, Q Xin, C Li, S Kera, K Müllen, N Ueno, N Koch, S Duhm","Modification of TiO2 (1 1 0)/organic hole transport layer interface energy levels by a dipolar perylene derivative",2018,"Electronic Structure","","","https://scholar.google.com/scholar?oi=bibs&hl=en&cites=1357112175400550579",372,"2023-03-01 19:14:36","Journal article","","","https://scholar.google.com/citations?view_op=view_citation&hl=en&user=1EaLR-UAAAAJ&cstart=300&pagesize=100&citation_for_view=1EaLR-UAAAAJ:-mN3Mh-tlDkC",1,1,15007,15007,3,0.60,0,8,5,"","",""
3,"AJ Huckaba, M Ralaiarisoa, KT Cho, E Oveisi, N Koch, MK Nazeeruddin","Intercalation makes the difference with TiS2: Boosting electrocatalytic water oxidation activity through Co intercalation",2018,"Journal of Materials Research","","","https://scholar.google.com/scholar?oi=bibs&hl=en&cites=9189562953553471158",373,"2023-03-01 19:14:36","Journal article","","","https://scholar.google.com/citations?view_op=view_citation&hl=en&user=1EaLR-UAAAAJ&cstart=300&pagesize=100&citation_for_view=1EaLR-UAAAAJ:4X0JR2_MtJMC",33,5,528,537,3,0.60,1,6,5,"","",""
3,"A Kahn, N Koch","Energy Levels at Molecule–Metal Interfaces",2013,"The Molecule-Metal Interface","","","https://scholar.google.com/scholar?oi=bibs&hl=en&cites=8344506373912200728",374,"2023-03-01 19:14:36","Book chapter","","","https://scholar.google.com/citations?view_op=view_citation&hl=en&user=1EaLR-UAAAAJ&cstart=300&pagesize=100&citation_for_view=1EaLR-UAAAAJ:9Nmd_mFXekcC",,,219,241,3,0.30,2,2,10,"","",""
3,"S Käbisch, P Pingel, JP Rabe, N Koch","Substrate-and oxidation-induced roughness of individual terraces of pentacene thin films",2011,"Thin Solid Films","","","https://scholar.google.com/scholar?oi=bibs&hl=en&cites=8871883852868385858",375,"2023-03-01 19:14:36","Journal article","","","https://scholar.google.com/citations?view_op=view_citation&hl=en&user=1EaLR-UAAAAJ&cstart=300&pagesize=100&citation_for_view=1EaLR-UAAAAJ:tuHXwOkdijsC",519,6,1857,1860,3,0.25,1,4,12,"","",""
3,"N Koch, F Jäckel, J Ghijsen, MC Rojas, M Grioni, JP Rabe, RL Johnson, ...","Observation of filled states at the Fermi-level in alkali-metal intercalated organic films: dependence on substrate work function",2005,"Journal of electron spectroscopy and related phenomena","","","https://scholar.google.com/scholar?oi=bibs&hl=en&cites=7517996229137094",376,"2023-03-01 19:14:36","Journal article","","","https://scholar.google.com/citations?view_op=view_citation&hl=en&user=1EaLR-UAAAAJ&cstart=300&pagesize=100&citation_for_view=1EaLR-UAAAAJ:VLnqNzywnoUC",144,,495,498,3,0.17,0,8,18,"","",""
2,"F Saeedifard, D Lungwitz, ZD Yu, S Schneider, AE Mansour, A Opitz, ...","Use of a Multiple Hydride Donor To Achieve an n-Doped Polymer with High Solvent Resistance",2022,"ACS Applied Materials &Interfaces","","","https://scholar.google.com/scholar?oi=bibs&hl=en&cites=7581436782161522028",377,"2023-03-01 19:14:36","Journal article","","","https://scholar.google.com/citations?view_op=view_citation&hl=en&user=1EaLR-UAAAAJ&cstart=300&pagesize=100&citation_for_view=1EaLR-UAAAAJ:SxCCDk4iOpsC",14,29,33598,33605,2,2.00,0,7,1,"","",""
2,"R Jouclas, J Liu, M Volpi, L Silva de Moraes, G Garbay, N McIntosh, ...","Dinaphthotetrathienoacenes: Synthesis, Characterization, and Applications in Organic Field‐Effect Transistors",2022,"Advanced Science","","","https://scholar.google.com/scholar?oi=bibs&hl=en&cites=16211717294376526897",378,"2023-03-01 19:14:36","Journal article","","","https://scholar.google.com/citations?view_op=view_citation&hl=en&user=1EaLR-UAAAAJ&cstart=300&pagesize=100&citation_for_view=1EaLR-UAAAAJ:hvmnpdAuIbkC",9,19,2105674,2105674,2,2.00,0,7,1,"","",""
2,"E Wierzbicka, T Schultz, K Syrek, GD Sulka, N Koch, N Pinna","Ultra-stable self-standing Au nanowires/TiO 2 nanoporous membrane system for high-performance photoelectrochemical water splitting cells",2022,"Materials Horizons","","","https://scholar.google.com/scholar?oi=bibs&hl=en&cites=13384332158661285156",379,"2023-03-01 19:14:36","Journal article","","","https://scholar.google.com/citations?view_op=view_citation&hl=en&user=1EaLR-UAAAAJ&cstart=300&pagesize=100&citation_for_view=1EaLR-UAAAAJ:BmWJbWwHJAwC",9,11,2797,2808,2,2.00,0,6,1,"","",""
2,"Y Zhao, A Opitz, A Eljarrat, Z Kochovski, CT Koch, N Koch, Y Lu","Kinetic Study on the Adsorption of 2, 3, 5, 6-Tetrafluoro-7, 7, 8, 8-tetracyanoquinodimethane on Ag Nanoparticles in Chloroform: Implications for the Charge Transfer Complex of …",2021,"ACS Applied Nano Materials","","","https://scholar.google.com/scholar?oi=bibs&hl=en&cites=17756226453077112741",380,"2023-03-01 19:14:36","Journal article","","","https://scholar.google.com/citations?view_op=view_citation&hl=en&user=1EaLR-UAAAAJ&cstart=300&pagesize=100&citation_for_view=1EaLR-UAAAAJ:CNPyR2KL9-0C",4,11,11625,11635,2,1.00,0,7,2,"","",""
2,"H Wang, M Oehzelt, S Winkler, R Ovsyannikov, N Koch, P Amsalem","Electronic properties and degradation upon VUV irradiation of sodium chloride on Ag (111) studied by photoelectron spectroscopy",2021,"Electronic Structure","","","https://scholar.google.com/scholar?oi=bibs&hl=en&cites=11495725412593701874",381,"2023-03-01 19:14:36","Journal article","","","https://scholar.google.com/citations?view_op=view_citation&hl=en&user=1EaLR-UAAAAJ&cstart=300&pagesize=100&citation_for_view=1EaLR-UAAAAJ:c1e4I3QdEKYC",3,3,34008,34008,2,1.00,0,6,2,"","",""
2,"A Welk, A Reinhardt, O Herrfurth, T Schultz, H von Wenckstern, N Koch, ...","Tuning material properties of amorphous zinc oxynitride thin films by magnesium addition",2021,"APL Materials","","","https://scholar.google.com/scholar?oi=bibs&hl=en&cites=8406742036110279827",382,"2023-03-01 19:14:36","Journal article","","","https://scholar.google.com/citations?view_op=view_citation&hl=en&user=1EaLR-UAAAAJ&cstart=300&pagesize=100&citation_for_view=1EaLR-UAAAAJ:27LrP4qxOz0C",9,2,21120,21120,2,1.00,0,7,2,"","",""
2,"M Timpel, MV Nardi, B Wegner, G Ligorio, L Pasquali, J Hildebrandt, ...","Oligothiophene‐Based Phosphonates for Surface Modification of Ultraflat Transparent Conductive Oxides",2020,"Advanced Materials Interfaces","","","https://scholar.google.com/scholar?oi=bibs&hl=en&cites=7782867615434893",383,"2023-03-01 19:14:36","Journal article","","","https://scholar.google.com/citations?view_op=view_citation&hl=en&user=1EaLR-UAAAAJ&cstart=300&pagesize=100&citation_for_view=1EaLR-UAAAAJ:DrR-2ekChdkC",7,12,1902114,1902114,2,0.67,0,7,3,"","",""
2,"A Opitz, R Banerjee, S Grob, M Gruber, A Hinderhofer, U Hörmann, ...","Charge Separation at Nanostructured Molecular Donor–Acceptor Interfaces",2017,"Elementary Processes in Organic Photovoltaics","","","https://scholar.google.com/scholar?oi=bibs&hl=en&cites=7668018750653335349",384,"2023-03-01 19:14:36","Book chapter","","","https://scholar.google.com/citations?view_op=view_citation&hl=en&user=1EaLR-UAAAAJ&cstart=300&pagesize=100&citation_for_view=1EaLR-UAAAAJ:9pM33mqn1YgC",,,77,108,2,0.33,0,7,6,"","",""
2,"N Ueno, N Koch, ATS Wee","Introduction to the Molecule–Metal Interface",2013,"The Molecule–Metal Interface","","","https://scholar.google.com/scholar?oi=bibs&hl=en&cites=13549290869753175697",385,"2023-03-01 19:14:36","Book chapter","","","https://scholar.google.com/citations?view_op=view_citation&hl=en&user=1EaLR-UAAAAJ&cstart=300&pagesize=100&citation_for_view=1EaLR-UAAAAJ:KaMxkj08jr0C",,,1,14,2,0.20,1,3,10,"","",""
2,"EJW List, N Koch","Focus Issue: Organic light-emitting diodes–status quo and current developments",2011,"Optics express 19 (106), A1237-A","","","https://scholar.google.com/scholar?oi=bibs&hl=en&cites=13107911367035085794",386,"2023-03-01 19:14:36","Journal article","","","https://scholar.google.com/citations?view_op=view_citation&hl=en&user=1EaLR-UAAAAJ&cstart=300&pagesize=100&citation_for_view=1EaLR-UAAAAJ:uc_IGeMz5qoC",1240,,,,2,0.17,1,2,12,"","",""
2,"P Cosseddu, A Bonfiglio, I Salzmann, JP Rabe, N Koch","ALL-ORGANIC FLEXIBLE AND TRANSARENT AMBIPOLAR FETs WITH ORGANIC BULK HETEROJUNCTIONS",2007,"MRS Online Proceedings Library","","","https://scholar.google.com/scholar?oi=bibs&hl=en&cites=7729238701753025137",387,"2023-03-01 19:14:36","Conference paper","","","https://scholar.google.com/citations?view_op=view_citation&hl=en&user=1EaLR-UAAAAJ&cstart=300&pagesize=100&citation_for_view=1EaLR-UAAAAJ:kuK5TVdYjLIC",1029,,1,7,2,0.13,0,5,16,"","",""
2,"N Koch, G Leising, A Rajagopal, JJ Pireaux","Organic-metal interfaces: from physisorption to covalent bonding",2002,"Conjugated polymer and molecular interfaces: science and technology for …","","","https://scholar.google.com/scholar?oi=bibs&hl=en&cites=15286143101127924160",388,"2023-03-01 19:14:36","","","","https://scholar.google.com/citations?view_op=view_citation&hl=en&user=1EaLR-UAAAAJ&cstart=300&pagesize=100&citation_for_view=1EaLR-UAAAAJ:uVUOdF_882EC",,,,,2,0.10,1,4,21,"","",""
2,"N Koch, J Ghijsen, R Ruiz, J Pflaum, RL Johnson, JJ Pireaux, J Schwartz, ...","Interaction and energy level alignment at interfaces between pentacene and low work function metals",2001,"MRS Proceedings 708, BB2.","","","https://scholar.google.com/scholar?oi=bibs&hl=en&cites=9034453184396873988",391,"2023-03-01 19:14:36","Conference paper","","","https://scholar.google.com/citations?view_op=view_citation&hl=en&user=1EaLR-UAAAAJ&cstart=300&pagesize=100&citation_for_view=1EaLR-UAAAAJ:yB1At4FlUx8C",4,,,,2,0.09,0,8,22,"","",""
2,"R Ruiz, LC Feldman, RF Haglund, RA McKee, N Koch, BA Nickel, ...","Growth and morphology of pentacene films on oxide surfaces",2001,"MRS Online Proceedings Library (OPL) 708, BB10.","","","https://scholar.google.com/scholar?oi=bibs&hl=en&cites=3392888661339203226",392,"2023-03-01 19:14:36","Conference paper","","","https://scholar.google.com/citations?view_op=view_citation&hl=en&user=1EaLR-UAAAAJ&cstart=300&pagesize=100&citation_for_view=1EaLR-UAAAAJ:j8SEvjWlNXcC",54,,,,2,0.09,0,7,22,"","",""
2,"N Koch, Y Hosoi, H Ishii, A Vollmer, G Leising, K Seki","Epitaxial Thin Film Structures of Electroluminescent Materials",1999,"MRS Proceedings 598, BB11.","","","https://scholar.google.com/scholar?oi=bibs&hl=en&cites=2437707908547526675",393,"2023-03-01 19:14:36","Conference paper","","","https://scholar.google.com/citations?view_op=view_citation&hl=en&user=1EaLR-UAAAAJ&cstart=300&pagesize=100&citation_for_view=1EaLR-UAAAAJ:ML0RJ9NH7IQC",13,,,,2,0.08,0,6,24,"","",""
2,"N Koch, N Ueno, ATS Wee","The Molecule—Metal Interface: Energy Levels at Molecule–Metal Interfaces",,"Mol","interface,","","https://scholar.google.com/scholar?oi=bibs&hl=en&cites=7599229836192283112",394,"2023-03-01 19:14:36","","","","https://scholar.google.com/citations?view_op=view_citation&hl=en&user=1EaLR-UAAAAJ&cstart=300&pagesize=100&citation_for_view=1EaLR-UAAAAJ:silx2ntsSuwC",,,,,2,0.00,1,3,,"","",""
2,"N Koch, N Ueno, ATS Wee","The Molecule—Metal Interface: Introduction to the Molecule–Metal Interface",,"Mol","interface,","","https://scholar.google.com/scholar?oi=bibs&hl=en&cites=4028083613737559035",395,"2023-03-01 19:14:36","","","","https://scholar.google.com/citations?view_op=view_citation&hl=en&user=1EaLR-UAAAAJ&cstart=300&pagesize=100&citation_for_view=1EaLR-UAAAAJ:Xl6nMSl579sC",,,,,2,0.00,1,3,,"","",""
1,"M Heyl, S Grützmacher, S Rühl, G Ligorio, N Koch, EJW List‐Kratochvil","Low Temperature Heating of Silver‐Mediated Exfoliation of MoS2",2022,"Advanced Materials Interfaces","","","https://scholar.google.com/scholar?oi=bibs&hl=en&cites=13271897015303656319",396,"2023-03-01 19:14:36","Journal article","","","https://scholar.google.com/citations?view_op=view_citation&hl=en&user=1EaLR-UAAAAJ&cstart=300&pagesize=100&citation_for_view=1EaLR-UAAAAJ:s9ia6_kGH2AC",9,18,2200362,2200362,1,1.00,0,6,1,"","",""
1,"F Zu, M Roß, L Frohloff, D Shin, N Tessler, S Albrecht, N Koch","Illumination‐Driven Energy Level Realignment at Buried Interfaces between Organic Charge Transport Layers and a Lead Halide Perovskite",2022,"Solar RRL","","","https://scholar.google.com/scholar?oi=bibs&hl=en&cites=9404386041102439920",397,"2023-03-01 19:14:36","Journal article","","","https://scholar.google.com/citations?view_op=view_citation&hl=en&user=1EaLR-UAAAAJ&cstart=300&pagesize=100&citation_for_view=1EaLR-UAAAAJ:8dzOF9BpDQoC",6,6,2101065,2101065,1,1.00,0,7,1,"","",""
1,"MH Raza, R Di Chio, K Movlaee, P Amsalem, N Koch, N Barsan, G Neri, ...","Role of Heterojunctions of Core–Shell Heterostructures in Gas Sensing",2022,"ACS Applied Materials &Interfaces","","","https://scholar.google.com/scholar?oi=bibs&hl=en&cites=13725590172694141414",398,"2023-03-01 19:14:36","Journal article","","","https://scholar.google.com/citations?view_op=view_citation&hl=en&user=1EaLR-UAAAAJ&cstart=300&pagesize=100&citation_for_view=1EaLR-UAAAAJ:-6RzNnnwWf8C",14,19,22041,22052,1,1.00,0,8,1,"","",""
1,"D Neusser, B Sun, WL Tan, L Thomsen, T Schultz, L Perdigón-Toro, ...","Spectroelectrochemically determined energy levels of PM6: Y6 blends and their relevance to solar cell performance",2022,"Journal of Materials Chemistry C","","","https://scholar.google.com/scholar?oi=bibs&hl=en&cites=18325324021142254457",399,"2023-03-01 19:14:36","Journal article","","","https://scholar.google.com/citations?view_op=view_citation&hl=en&user=1EaLR-UAAAAJ&cstart=300&pagesize=100&citation_for_view=1EaLR-UAAAAJ:hGdtkIFZdKAC",10,32,11565,11578,1,1.00,0,7,1,"","",""
1,"F Zu, JH Warby, M Stolterfoht, J Li, D Shin, E Unger, N Koch","Photoinduced Energy-Level Realignment at Interfaces between Organic Semiconductors and Metal-Halide Perovskites",2021,"Physical Review Letters","","","https://scholar.google.com/scholar?oi=bibs&hl=en&cites=10108100445447636069",400,"2023-03-01 19:14:36","Journal article","","","https://scholar.google.com/citations?view_op=view_citation&hl=en&user=1EaLR-UAAAAJ&cstart=300&pagesize=100&citation_for_view=1EaLR-UAAAAJ:NMlhSUseqAsC",127,24,246401,246401,1,0.50,0,7,2,"","",""
1,"F Grassl, A Ullrich, AE Mansour, SM Abdalbaqi, N Koch, A Opitz, ...","Coupled organic–inorganic nanostructures with mixed organic linker molecules",2021,"ACS Applied Materials &Interfaces","","","https://scholar.google.com/scholar?oi=bibs&hl=en&cites=352403077608631681",401,"2023-03-01 19:14:36","Journal article","","","https://scholar.google.com/citations?view_op=view_citation&hl=en&user=1EaLR-UAAAAJ&cstart=400&pagesize=100&citation_for_view=1EaLR-UAAAAJ:qE4H1tSSYIIC",13,31,37483,37493,1,0.50,0,7,2,"","",""
1,"J Fraxedas, A Vollmer, N Koch, D de Caro, K Jacob, C Faulmann, ...","Characterization of Charge States in Conducting Organic Nanoparticles by X-ray Photoemission Spectroscopy",2021,"Materials","","","https://scholar.google.com/scholar?oi=bibs&hl=en&cites=11001618099424672523",402,"2023-03-01 19:14:36","Journal article","","","https://scholar.google.com/citations?view_op=view_citation&hl=en&user=1EaLR-UAAAAJ&cstart=400&pagesize=100&citation_for_view=1EaLR-UAAAAJ:1tZ8xJnm2c8C",14,8,2058,2058,1,0.50,0,7,2,"","",""
1,"CM Wolff, L Canil, C Rehermann, NN Linh, F Zu, M Ralaiarisoa, ...","Correction to Perfluorinated Self-Assembled Monolayers Enhance the Stability and Efficiency of Inverted Perovskite Solar Cells",2020,"ACS nano","","","https://scholar.google.com/scholar?oi=bibs&hl=en&cites=3592920942794898981",403,"2023-03-01 19:14:36","Journal article","","","https://scholar.google.com/citations?view_op=view_citation&hl=en&user=1EaLR-UAAAAJ&cstart=400&pagesize=100&citation_for_view=1EaLR-UAAAAJ:2v_ZtQDX9iAC",14,11,16156,16156,1,0.33,0,7,3,"","",""
1,"J Shang, T Feng, S Zhao, T Li, J Ma, X Xu, N Koch, J Zhao","Chemical vapor deposition synthesized monolayer MoS2 for Q-switching pulse generation in the 2 µm spectral region",2020,"Optical Materials Express","","","https://scholar.google.com/scholar?oi=bibs&hl=en&cites=5707573783636287041",404,"2023-03-01 19:14:36","Journal article","","","https://scholar.google.com/citations?view_op=view_citation&hl=en&user=1EaLR-UAAAAJ&cstart=400&pagesize=100&citation_for_view=1EaLR-UAAAAJ:k_7cPK9k7w8C",10,9,2321,2329,1,0.33,0,8,3,"","",""
1,"P Amsalem, G Heimel, N Koch","Experimental Investigation on Charge Transfer Between Organic Adsorbates and Solid Surfaces",2018,"Journal: Encyclopedia of Interfacial Chemistry","","","https://scholar.google.com/scholar?oi=bibs&hl=en&cites=6871099888237442548",405,"2023-03-01 19:14:36","Journal article","","","https://scholar.google.com/citations?view_op=view_citation&hl=en&user=1EaLR-UAAAAJ&cstart=400&pagesize=100&citation_for_view=1EaLR-UAAAAJ:6_hjMsCP8ZoC",,,50,67,1,0.20,0,3,5,"","",""
1,"M Schubert, J Frisch, S Allard, E Preis, U Scherf, N Koch, D Neher","Tuning Side Chain and Main Chain Order in a Prototypical Donor–Acceptor Copolymer: Implications for Optical, Electronic, and Photovoltaic Characteristics",2017,"Elementary Processes in Organic Photovoltaics","","","https://scholar.google.com/scholar?oi=bibs&hl=en&cites=2477040531738213541",406,"2023-03-01 19:14:36","Book chapter","","","https://scholar.google.com/citations?view_op=view_citation&hl=en&user=1EaLR-UAAAAJ&cstart=400&pagesize=100&citation_for_view=1EaLR-UAAAAJ:0izLItjtcgwC",,,243,265,1,0.17,0,7,6,"","",""
1,"G Schwabegger, F Quochi, G Hernandez-Sosa, T Djuric, G Bongiovanni, ...","White fluorescent nano-fibers prepared by periodic organic hetero-epitaxy",2013,"SPIE Organic Photonics+ Electronics, 882707-","","","https://scholar.google.com/scholar?oi=bibs&hl=en&cites=17795454392543984988",407,"2023-03-01 19:14:36","Book chapter","","","https://scholar.google.com/citations?view_op=view_citation&hl=en&user=1EaLR-UAAAAJ&cstart=400&pagesize=100&citation_for_view=1EaLR-UAAAAJ:0N-VGjzr574C",,,882707,7,1,0.10,0,6,10,"","",""
1,"G Heimel, N Koch","Electronic Structure Engineering Through Intramolecular Polar Bonds",2011,"Functional Supramolecular Architectures","","","https://scholar.google.com/scholar?oi=bibs&hl=en&cites=11272471440041729356",408,"2023-03-01 19:14:36","Book chapter","","","https://scholar.google.com/citations?view_op=view_citation&hl=en&user=1EaLR-UAAAAJ&cstart=400&pagesize=100&citation_for_view=1EaLR-UAAAAJ:ipzZ9siozwsC",,,611,648,1,0.08,1,2,12,"","",""
1,"P Moeck, J Straton, B Moon, P Plachinda, M Hietschold, H Glowatzki, ...","Crystallographic Processing of Scanning Probe Microscopy Images on the Example of 2D Periodic Molecular Monolayer Arrays",2010,"Microscopy and Microanalysis 16 (S2)","","","https://scholar.google.com/scholar?oi=bibs&hl=en&cites=695670192386408853",409,"2023-03-01 19:14:36","Book chapter","","","https://scholar.google.com/citations?view_op=view_citation&hl=en&user=1EaLR-UAAAAJ&cstart=400&pagesize=100&citation_for_view=1EaLR-UAAAAJ:URolC5Kub84C",,,456,457,1,0.08,0,7,13,"","",""
1,"N Koch, C Chan, A Kahn, J Schwartz","Semiconductors II: Surfaces, interfaces, microstructures, and related topics-Lack of thermodynamic equilibrium in conjugated organic molecular thin films",2003,"Physical Review-Section B-Condensed Matter","","","https://scholar.google.com/scholar?oi=bibs&hl=en&cites=11099639866335140532",410,"2023-03-01 19:14:36","Journal article","","","https://scholar.google.com/citations?view_op=view_citation&hl=en&user=1EaLR-UAAAAJ&cstart=400&pagesize=100&citation_for_view=1EaLR-UAAAAJ:M7yex6snE4oC",67,19,195330,195330,1,0.05,0,4,20,"","",""
1,"E Zojer, N Koch, P Puschnig, F Meghdadi, A Niko, R Resel, ...","Electronic structure: Wide-band, narrow-band, and strongly correlated systems-Structure, morphology, and optical properties of highly ordered films of para-sexiphenyl",2000,"Physical Review-Section B-Condensed Matter","","","https://scholar.google.com/scholar?oi=bibs&hl=en&cites=8606266035901880148",411,"2023-03-01 19:14:36","Journal article","","","https://scholar.google.com/citations?view_op=view_citation&hl=en&user=1EaLR-UAAAAJ&cstart=400&pagesize=100&citation_for_view=1EaLR-UAAAAJ:b1wdh0AR-JQC",61,24,16538,16549,1,0.04,0,7,23,"","",""
1,"S Schrader, H Schürmann, N Koch, O AH, D Prescher","Electronic structure of new donor acceptor substituted chromophores",1999,"Synthetic metals","","","https://scholar.google.com/scholar?oi=bibs&hl=en&cites=15358169860055802266",412,"2023-03-01 19:14:36","Journal article","","","https://scholar.google.com/citations?view_op=view_citation&hl=en&user=1EaLR-UAAAAJ&cstart=400&pagesize=100&citation_for_view=1EaLR-UAAAAJ:EkHepimYqZsC",101,1,514,515,1,0.04,0,5,24,"","",""
1,"U Theissl, EJW List, N Koch, A Vollmer, S Schrader, JJ Pireaux, G Leising","The Valence Electronic Structure of N-Doped P-Sexiphenyl",1999,"MRS Proceedings","","","https://scholar.google.com/scholar?oi=bibs&hl=en&cites=11798241969263582451",413,"2023-03-01 19:14:36","Conference paper","","","https://scholar.google.com/citations?view_op=view_citation&hl=en&user=1EaLR-UAAAAJ&cstart=400&pagesize=100&citation_for_view=1EaLR-UAAAAJ:0KyAp5RtaNEC",561,,167,167,1,0.04,0,7,24,"","",""
0,"C Simbrunner, G Hernandez-Sosa, F Quochi, G Schwabegger, C Botta, ...","Color tuning of nanofibers by periodic organic–organic hetero-epitaxy",2012,"ACS nano","","","https://scholar.google.com/scholar?oi=bibs&hl=en&cites=7281353271661345170",178,"2023-03-01 19:14:36","Journal article","","","https://scholar.google.com/citations?view_op=view_citation&hl=en&user=1EaLR-UAAAAJ&cstart=100&pagesize=100&citation_for_view=1EaLR-UAAAAJ:mNrWkgRL2YcC",6,6,4629,4638,0,0.00,0,6,11,"","",""
0,"M Heyl, D Burmeister, T Schultz, S Pallasch, G Ligorio, N Koch, ...","Thermally Activated Gold‐Mediated Transition Metal Dichalcogenide Exfoliation and a Unique Gold‐Mediated Transfer",2020,"physica status solidi (RRL)–Rapid Research Letters","","","https://scholar.google.com/scholar?oi=bibs&hl=en&cites=18401772838560348953",241,"2023-03-01 19:14:36","Journal article","","","https://scholar.google.com/citations?view_op=view_citation&hl=en&user=1EaLR-UAAAAJ&cstart=200&pagesize=100&citation_for_view=1EaLR-UAAAAJ:DyXnQzXoVgIC",14,11,2000408,2000408,0,0.00,0,7,3,"","",""
0,"S Blumstengel, N Koch, S Duhm, H Glowatzky, RL Johnson, C Xu, ...","Morphology, interfacial electronic structure, and optical properties of oligothiophenes grown on  by molecular beam deposition",2006,"Physical Review B","","","https://scholar.google.com/scholar?oi=bibs&hl=en&cites=804154358288552827",283,"2023-03-01 19:14:36","Journal article","","","https://scholar.google.com/citations?view_op=view_citation&hl=en&user=1EaLR-UAAAAJ&cstart=200&pagesize=100&citation_for_view=1EaLR-UAAAAJ:WZBGuue-350C",73,16,165323,165323,0,0.00,0,7,17,"","",""
0,"N Koch, H Ishii","Hybrid devices",2007,"US Patent 7,268,364","","","https://scholar.google.com/scholar?oi=bibs&hl=en&cites=4000656393160551991",291,"2023-03-01 19:14:36","Patent","","","https://scholar.google.com/citations?view_op=view_citation&hl=en&user=1EaLR-UAAAAJ&cstart=200&pagesize=100&citation_for_view=1EaLR-UAAAAJ:q-HalDI95KYC",,,,,0,0.00,0,2,16,"","",""
0,"N Koch, H Ishii","Hybrid devices",2007,"US Patent 7,268,364","","","https://scholar.google.com/scholar?oi=bibs&hl=en&cites=4000656393160551991",292,"2023-03-01 19:14:36","Patent","","","https://scholar.google.com/citations?view_op=view_citation&hl=en&user=1EaLR-UAAAAJ&cstart=200&pagesize=100&citation_for_view=1EaLR-UAAAAJ:KUbvn5osdkgC",,,,,0,0.00,0,2,16,"","",""
0,"SK Schrader, W Riess, H Vestweber, N Koch","New polymeric heterolayer systems for efficient light-emitting devices",1998,"Organic Light-Emitting Materials and Devices II","","","https://scholar.google.com/scholar?oi=bibs&hl=en&cites=16254351797534236008",318,"2023-03-01 19:14:36","Journal article","","","https://scholar.google.com/citations?view_op=view_citation&hl=en&user=1EaLR-UAAAAJ&cstart=300&pagesize=100&citation_for_view=1EaLR-UAAAAJ:0CzhzZyukY4C",3476,,188,194,0,0.00,0,4,25,"","",""
0,"SK Schrader, P Imperia, N Koch, G Leising, B Falk","Organic light-emitting devices based on new heterocyclic compounds",1999,"Organic Light-Emitting Materials and Devices III","","","https://scholar.google.com/scholar?oi=bibs&hl=en&cites=758067042718398913",335,"2023-03-01 19:14:36","Journal article","","","https://scholar.google.com/citations?view_op=view_citation&hl=en&user=1EaLR-UAAAAJ&cstart=300&pagesize=100&citation_for_view=1EaLR-UAAAAJ:ILKRHgRFtOwC",3797,,209,220,0,0.00,0,5,24,"","",""
0,"N Koch, J Ghijsen, R Ruiz, J Pflaum, RL Johnson, JJ Pireaux, J Schwartz, ...","Interaction and Energy Level Alignment at Interfaces Between Pentacene and Low Work Function Metals",2002,"MATERIALS RESEARCH SOCIETY SYMPOSIUM PROCEEDINGS","","","https://scholar.google.com/scholar?oi=bibs&hl=en&cites=9034453184396873988",389,"2023-03-01 19:14:36","Conference paper","","","https://scholar.google.com/citations?view_op=view_citation&hl=en&user=1EaLR-UAAAAJ&cstart=300&pagesize=100&citation_for_view=1EaLR-UAAAAJ:hMsQuOkrut0C",708,,9,14,0,0.00,0,8,21,"","",""
0,"R Ruiz, LC Feldman, RF Haglund, RA McKee, N Koch, BA Nickel, ...","Growth and Morphology of Pentacene Films on Oxide Surfaces",2001,"MRS Proceedings 708, BB10.","","","https://scholar.google.com/scholar?oi=bibs&hl=en&cites=3392888661339203226",390,"2023-03-01 19:14:36","Conference paper","","","https://scholar.google.com/citations?view_op=view_citation&hl=en&user=1EaLR-UAAAAJ&cstart=300&pagesize=100&citation_for_view=1EaLR-UAAAAJ:p__nRnzSRKYC",54,,,,0,0.00,0,7,22,"","",""
0,"DHL Tjhe, X Ren, I Jacobs, T Mustafa, T Marsh, Y Huang, L Zhang, ...","Thermoelectric Transport Signatures of Carrier Interactions in Polymer Electrochemical Transistors",2023,"Bulletin of the American Physical Society","","","https://scholar.google.com",414,"2023-03-01 19:14:36","Journal article","","","https://scholar.google.com/citations?view_op=view_citation&hl=en&user=1EaLR-UAAAAJ&cstart=400&pagesize=100&citation_for_view=1EaLR-UAAAAJ:s85pQhAUCrAC",,,,,0,0.00,0,8,1,"","",""
0,"D Lungwitz, AE Mansour, Y Zhang, A Opitz, S Barlow, SR Marder, N Koch","Improving the Resistance of Molecularly Doped Polymer Semiconductor Layers to Solvent",2023,"Chemistry of Materials","","","https://scholar.google.com",415,"2023-03-01 19:14:36","","","","https://scholar.google.com/citations?view_op=view_citation&hl=en&user=1EaLR-UAAAAJ&cstart=400&pagesize=100&citation_for_view=1EaLR-UAAAAJ:_AeoHAGD03cC",,,,,0,0.00,0,7,1,"","",""
0,"W Xu, Y Xu, T Schultz, Y Lu, N Koch, N Pinna","Heterostructured and Mesoporous Nb2O5@TiO2 Core-Shell Spheres as the Negative Electrode in Li-Ion Batteries",2022,"ACS Applied Materials &Interfaces","","","https://scholar.google.com",416,"2023-03-01 19:14:36","","","","https://scholar.google.com/citations?view_op=view_citation&hl=en&user=1EaLR-UAAAAJ&cstart=400&pagesize=100&citation_for_view=1EaLR-UAAAAJ:hQUaER0FWQ4C",,,,,0,0.00,0,6,1,"","",""
0,"M Heidbüchel, T Schultz, T Placke, M Winter, N Koch, R Schmuch, ...","Enabling Aqueous Processing of Ni‐Rich Layered Oxide Cathode Materials by Addition of Lithium Sulphate",2022,"ChemSusChem","","","https://scholar.google.com",417,"2023-03-01 19:14:36","","","","https://scholar.google.com/citations?view_op=view_citation&hl=en&user=1EaLR-UAAAAJ&cstart=400&pagesize=100&citation_for_view=1EaLR-UAAAAJ:oPLKW5k6eA4C",,,,,0,0.00,0,7,1,"","",""
0,"M Grischek, P Caprioglio, J Zhang, F Peña-Camargo, K Sveinbjörnsson, ...","Efficiency Potential and Voltage Loss of Inorganic CsPbI2Br Perovskite Solar Cells",2022,"Solar RRL","","","https://scholar.google.com",418,"2023-03-01 19:14:36","Journal article","","","https://scholar.google.com/citations?view_op=view_citation&hl=en&user=1EaLR-UAAAAJ&cstart=400&pagesize=100&citation_for_view=1EaLR-UAAAAJ:YTuZlYwrTOUC",6,11,2200690,2200690,0,0.00,0,6,1,"","",""
0,"R Warren, E Cho, H Li, JL Bredas, N Koch","Understanding the Double Doping of Organic Semiconductors Via State Energy Renormalization upon Charging",2022,"ACS Materials Letters","","","https://scholar.google.com",419,"2023-03-01 19:14:36","Journal article","","","https://scholar.google.com/citations?view_op=view_citation&hl=en&user=1EaLR-UAAAAJ&cstart=400&pagesize=100&citation_for_view=1EaLR-UAAAAJ:t-hv7AR41mYC",4,10,2051,2057,0,0.00,0,5,1,"","",""
0,"S Boandoh, FH Hsiao, B Shin, M Mack, LP Grote, R Wang, Y Han, J Lou, ...","Ultrafast Pump–Probe Microscopy on 2D Transition Metal Dichalcogenides",2022,"Advanced Photonics Research","","","https://scholar.google.com",420,"2023-03-01 19:14:36","Journal article","","","https://scholar.google.com/citations?view_op=view_citation&hl=en&user=1EaLR-UAAAAJ&cstart=400&pagesize=100&citation_for_view=1EaLR-UAAAAJ:G1UMdFYMoxkC",3,8,2200046,2200046,0,0.00,0,9,1,"","",""
0,"J Huang, A Martin, A Urbanski, R Kulkarni, P Amsalem, M Exner, G Li, ...","Front Cover: One‐pot synthesis of high‐capacity silicon anodes via on‐copper growth of a semiconducting, porous polymer",2022,"Natural Sciences","","","https://scholar.google.com",421,"2023-03-01 19:14:36","Journal article","","","https://scholar.google.com/citations?view_op=view_citation&hl=en&user=1EaLR-UAAAAJ&cstart=400&pagesize=100&citation_for_view=1EaLR-UAAAAJ:BJrgspguQaEC",2,3,10060,,0,0.00,0,8,1,"","",""
0,"J Huang, A Martin, A Urbanski, R Kulkarni, P Amsalem, M Exner, G Li, ...","One‐pot synthesis of high‐capacity silicon anodes via on‐copper growth of a semiconducting, porous polymer",2022,"Natural Sciences","","","https://scholar.google.com",422,"2023-03-01 19:14:36","Journal article","","","https://scholar.google.com/citations?view_op=view_citation&hl=en&user=1EaLR-UAAAAJ&cstart=400&pagesize=100&citation_for_view=1EaLR-UAAAAJ:RtRctb2lSbAC",2,3,20210105,,0,0.00,0,8,1,"","",""
0,"M Kneiss, D Splith, H von Wenckstern, M Lorenz, T Schultz, N Koch, ...","Strain states and relaxation for α-(AlxGa1-x) 2O3 thin films grown by combinatorial pulsed laser deposition on prismatic planes of α-Al2O3 in the full composition range",2022,"Oxide-based Materials and Devices XIII, PC","","","https://scholar.google.com",423,"2023-03-01 19:14:36","Journal article","","","https://scholar.google.com/citations?view_op=view_citation&hl=en&user=1EaLR-UAAAAJ&cstart=400&pagesize=100&citation_for_view=1EaLR-UAAAAJ:mel-f30kHHgC",1200214,,,,0,0.00,0,7,1,"","",""
0,"Y Shoji, N Tanaka, Y Ikabata, H Sakai, T Hasobe, N Koch, H Nakai, ...","Titelbild: Tetraaryldiborane (4) Can Emit Dual Fluorescence Responding to the Structural Change around the B–B Bond (Angew. Chem. 1/2022)",2022,"Angewandte Chemie","","","https://scholar.google.com",424,"2023-03-01 19:14:36","Journal article","","","https://scholar.google.com/citations?view_op=view_citation&hl=en&user=1EaLR-UAAAAJ&cstart=400&pagesize=100&citation_for_view=1EaLR-UAAAAJ:Zh0EY9V9P6UC",134,1,202115587,,0,0.00,0,8,1,"","",""
0,"Y Shoji, N Tanaka, Y Ikabata, H Sakai, T Hasobe, N Koch, H Nakai, ...","Cover Picture: Tetraaryldiborane (4) Can Emit Dual Fluorescence Responding to the Structural Change around the B–B Bond (Angew. Chem. Int. Ed. 1/2022)",2022,"Angewandte Chemie International Edition","","","https://scholar.google.com",425,"2023-03-01 19:14:36","Journal article","","","https://scholar.google.com/citations?view_op=view_citation&hl=en&user=1EaLR-UAAAAJ&cstart=400&pagesize=100&citation_for_view=1EaLR-UAAAAJ:KWzIFqRkAKkC",61,1,202115587,,0,0.00,0,8,1,"","",""
0,"L Igal, S Kohei, A Lomuscio, M Kulbak, C Rehermann, A Zohar, ...","Direct Probing of Gap States and Their Passivation in Halide Perovskites by High-Sensitivity, Variable Energy Ultraviolet Photoelectron Spectroscopy",2022,"The Journal of Physical Chemistry C","","","https://scholar.google.com",426,"2023-03-01 19:14:36","Journal article","","","https://scholar.google.com/citations?view_op=view_citation&hl=en&user=1EaLR-UAAAAJ&cstart=400&pagesize=100&citation_for_view=1EaLR-UAAAAJ:zUl2_INMlC4C",125,,,,0,0.00,0,7,1,"","",""
0,"D Shin, F Zu, ER Nandayapa, L Frohloff, E Albert, EJW List‐Kratochvil, ...","The Electronic Properties of a 2D Ruddlesden‐Popper Perovskite and its Energy Level Alignment with a 3D Perovskite Enable Interfacial Energy Transfer",2022,"Advanced Functional Materials","","","https://scholar.google.com",427,"2023-03-01 19:14:36","Journal article","","","https://scholar.google.com/citations?view_op=view_citation&hl=en&user=1EaLR-UAAAAJ&cstart=400&pagesize=100&citation_for_view=1EaLR-UAAAAJ:LGlY6t8CeOMC",2208980,,,,0,0.00,0,7,1,"","",""
0,"M Kneiß, D Splith, H von Wenckstern, M Lorenz, T Schultz, N Koch, ...","Correction to: Strain states and relaxation for α -(AlxGa1-x)2O3 thin films on prismatic planes of α -Al2O3 in the full composition range: Fundamental difference …",2021,"Journal of Materials Research","","","https://scholar.google.com",428,"2023-03-01 19:14:36","Journal article","","","https://scholar.google.com/citations?view_op=view_citation&hl=en&user=1EaLR-UAAAAJ&cstart=400&pagesize=100&citation_for_view=1EaLR-UAAAAJ:-uzm3Y7AvW0C",36,23,4865,4865,0,0.00,0,7,2,"","",""
0,"M Kneiß, D Splith, H von Wenckstern, M Lorenz, T Schultz, N Koch, ...","Correction to: Strain states and relaxation for  α -(Al  x Ga  1 - x )  2 O  3 thin films on prismatic planes of  α -Al  2 O  3 in the full composition range …",2021,"Journal of Materials Research","","","https://scholar.google.com",429,"2023-03-01 19:14:36","Journal article","","","https://scholar.google.com/citations?view_op=view_citation&hl=en&user=1EaLR-UAAAAJ&cstart=400&pagesize=100&citation_for_view=1EaLR-UAAAAJ:NxmKEeNBbOMC",36,23,4865,4865,0,0.00,0,7,2,"","",""
0,"M Kneiß, D Splith, H von Wenckstern, M Lorenz, T Schultz, N Koch, ...","Strain states and relaxation for α -(AlxGa1-x)2O3 thin films on prismatic planes of α -Al2O3 in the full composition range: Fundamental difference of a- and m …",2021,"Journal of Materials Research","","","https://scholar.google.com",430,"2023-03-01 19:14:36","Journal article","","","https://scholar.google.com/citations?view_op=view_citation&hl=en&user=1EaLR-UAAAAJ&cstart=400&pagesize=100&citation_for_view=1EaLR-UAAAAJ:zwpXiJ37cpgC",,,,,0,0.00,0,7,2,"","",""
0,"A Opitz, D Lungwitz, R Schlesinger, S Bontapalle, S Varughese, ...","Polyethylenimine cathode interlayer: influence of solvent on functionality and single-step formation from polymer blend solution",2021,"Organic, Hybrid, and Perovskite Photovoltaics XXII 11809, 118090Q","","","https://scholar.google.com",431,"2023-03-01 19:14:36","","","","https://scholar.google.com/citations?view_op=view_citation&hl=en&user=1EaLR-UAAAAJ&cstart=400&pagesize=100&citation_for_view=1EaLR-UAAAAJ:SAZ1SQo2q1kC",,,,,0,0.00,0,6,2,"","",""
0,"S Blumstengel, S Park, N Mutz, SA Kovalenko, T Schultz, ...","Exciton and excited-state charge transfer at 2D van der Waals interfaces",2021,"Physical Chemistry of Semiconductor Materials and Interfaces XX 11799, 117990Z","","","https://scholar.google.com",432,"2023-03-01 19:14:36","","","","https://scholar.google.com/citations?view_op=view_citation&hl=en&user=1EaLR-UAAAAJ&cstart=400&pagesize=100&citation_for_view=1EaLR-UAAAAJ:tHtfpZlB6tUC",,,,,0,0.00,0,6,2,"","",""
0,"S Park, H Wang, T Schultz, D Shin, R Ovsyannikov, M Zacharias, ...","Van der Waals Heterostructures: Temperature‐Dependent Electronic Ground‐State Charge Transfer in van der Waals Heterostructures (Adv. Mater. 29/2021)",2021,"Advanced Materials","","","https://scholar.google.com",433,"2023-03-01 19:14:36","Journal article","","","https://scholar.google.com/citations?view_op=view_citation&hl=en&user=1EaLR-UAAAAJ&cstart=400&pagesize=100&citation_for_view=1EaLR-UAAAAJ:A8cqit5AE6sC",33,29,2170229,2170229,0,0.00,0,7,2,"","",""
0,"J Huang, A Martin, A Urbanski, R Kulkarni, P Amsalem, M Exner, J Müller, ...","One-pot synthesis of high-capacity silicon-lithium anodes via on-copper growth of a semi-conducting, porous polymer",2021,"","","","https://scholar.google.com",434,"2023-03-01 19:14:36","","","","https://scholar.google.com/citations?view_op=view_citation&hl=en&user=1EaLR-UAAAAJ&cstart=400&pagesize=100&citation_for_view=1EaLR-UAAAAJ:wE-fMHVdjMkC",,,,,0,0.00,0,8,2,"","",""
0,"M Bojdys, J Huang, A Urbanski, A Martin, R Kulkarni, P Amsalem, ...","One-pot synthesis of high-capacity silicon-lithium anodes via on-copper growth of a semi-conducting, porous polymer",2021,"","","","https://scholar.google.com",435,"2023-03-01 19:14:36","","","","https://scholar.google.com/citations?view_op=view_citation&hl=en&user=1EaLR-UAAAAJ&cstart=400&pagesize=100&citation_for_view=1EaLR-UAAAAJ:ghEM2AJqZyQC",,,,,0,0.00,0,7,2,"","",""
0,"S Blumstengel, N Koch","Energy-Level Alignment at Organic–Inorganic Heterojunctions",2021,"Optoelectronic Organic–Inorganic Semiconductor Heterojunctions","","","https://scholar.google.com",436,"2023-03-01 19:14:36","Book chapter","","","https://scholar.google.com/citations?view_op=view_citation&hl=en&user=1EaLR-UAAAAJ&cstart=400&pagesize=100&citation_for_view=1EaLR-UAAAAJ:0aBXIfxlw9sC",,,9,35,0,0.00,0,2,2,"","",""
0,"S Blumstengel, N Koch","2 Energy-Level Alignment",2021,"Optoelectronic Organic-Inorganic Semiconductor Heterojunctions","","","https://scholar.google.com",437,"2023-03-01 19:14:36","Journal article","","","https://scholar.google.com/citations?view_op=view_citation&hl=en&user=1EaLR-UAAAAJ&cstart=400&pagesize=100&citation_for_view=1EaLR-UAAAAJ:Xz60mAmATU4C",9,,,,0,0.00,0,2,2,"","",""
0,"J Niederhausen, Y Zhang, FC Kabeer, Y Garmshausen, BM Schmidt, Y Li, ...","Correction to “Subtle Fluorination of Conjugated Molecules Enables Stable Nanoscale Assemblies on Metal Surfaces”",2020,"The Journal of Physical Chemistry C","","","https://scholar.google.com",438,"2023-03-01 19:14:36","Journal article","","","https://scholar.google.com/citations?view_op=view_citation&hl=en&user=1EaLR-UAAAAJ&cstart=400&pagesize=100&citation_for_view=1EaLR-UAAAAJ:kJDgFkosVoMC",125,1,1167,1167,0,0.00,0,7,3,"","",""
0,"CM Wolff, L Canil, C Rehermann, NN Linh, F Zu, M Ralaiarisoa, ...","Perfluorinated Self-Assembled Monolayers Enhance the Stability and Efficiency of Inverted Perovskite Solar Cells (vol 14, pg 1445, 2020)",2020,"ACS NANO","","","https://scholar.google.com",439,"2023-03-01 19:14:36","Journal article","","","https://scholar.google.com/citations?view_op=view_citation&hl=en&user=1EaLR-UAAAAJ&cstart=400&pagesize=100&citation_for_view=1EaLR-UAAAAJ:-DxkuPiZhfEC",14,11,16156,16156,0,0.00,0,7,3,"","",""
0,"P Beyer, E Meister, T Florian, A Generalov, W Brütting, N Koch, A Opitz","Fermi level pinned molecular donor/acceptor junctions: reduction of induced carrier density by interfacial charge transfer complexes",2020,"Journal of Materials Chemistry C","","","https://scholar.google.com",440,"2023-03-01 19:14:36","Journal article","","","https://scholar.google.com/citations?view_op=view_citation&hl=en&user=1EaLR-UAAAAJ&cstart=400&pagesize=100&citation_for_view=1EaLR-UAAAAJ:UuEBAcK4md4C",8,43,15199,15207,0,0.00,0,7,3,"","",""
0,"S Wahl, SM El-Refaei, P Amsalem, AOG Buzanich, N Koch, N Pinna","Operando Diffuse Reflectance UV-VIS Spectroelectrochemistry for Investigating Oxygen Evolution Electrocatalysts",2019,"ChemRxiv","","","https://scholar.google.com",441,"2023-03-01 19:14:36","Preprint","","","https://scholar.google.com/citations?view_op=view_citation&hl=en&user=1EaLR-UAAAAJ&cstart=400&pagesize=100&citation_for_view=1EaLR-UAAAAJ:sA9dB-pw3HoC",,,,,0,0.00,0,6,4,"","",""
0,"Q Wang, V Diez-Cabanes, S Dell'Elce, A Liscio, B Kobin, H Li, JL Brédas, ...","Dynamically switching the surface electronic and electrostatic properties of indium tin oxide electrodes with photochromic monolayers",2018,"arXiv preprint arXiv:1811.","","","https://scholar.google.com",442,"2023-03-01 19:14:36","Preprint","","","https://scholar.google.com/citations?view_op=view_citation&hl=en&user=1EaLR-UAAAAJ&cstart=400&pagesize=100&citation_for_view=1EaLR-UAAAAJ:Br1UauaknNIC",12741,,,,0,0.00,0,8,5,"","",""
0,"S Barlow, MA Fusella, S Jhulki, A Kahn, N Koch, E Longhi, KM Lee, X Lin, ...","Redox-active molecules as electrical dopants for OLED transport materials (Conference Presentation)",2018,"Organic Light Emitting Materials and Devices XXII","","","https://scholar.google.com",443,"2023-03-01 19:14:36","Journal article","","","https://scholar.google.com/citations?view_op=view_citation&hl=en&user=1EaLR-UAAAAJ&cstart=400&pagesize=100&citation_for_view=1EaLR-UAAAAJ:owLR8QvbtFgC",10736,,1073604,1073604,0,0.00,0,9,5,"","",""
0,"X Lin, B Wegner, KM Lee, MA Fusella, F Zhang, K Moudgil, BP Rand, ...","Erratum: Corrigendum: Beating the thermodynamic limit with photo-activation of n-doping in organic semiconductors.",2018,"Nature materials","","","https://scholar.google.com",444,"2023-03-01 19:14:36","Journal article","","","https://scholar.google.com/citations?view_op=view_citation&hl=en&user=1EaLR-UAAAAJ&cstart=400&pagesize=100&citation_for_view=1EaLR-UAAAAJ:sJsF-0ZLhtgC",17,2,204,204,0,0.00,0,8,5,"","",""
0,"Q Wang, J Frisch, M Herder, S Hecht, N Koch","Cover Picture: Electronic Properties of Optically Switchable Photochromic Diarylethene Molecules at the Interface with Organic Semiconductors (ChemPhysChem 7/2017)",2017,"ChemPhysChem","","","https://scholar.google.com",445,"2023-03-01 19:14:36","Journal article","","","https://scholar.google.com/citations?view_op=view_citation&hl=en&user=1EaLR-UAAAAJ&cstart=400&pagesize=100&citation_for_view=1EaLR-UAAAAJ:LO7wyVUgiFcC",18,7,715,715,0,0.00,0,5,6,"","",""
0,"N Koch","Frontiers of controlling energy levels at interfaces",2017,"Bulletin of the American Physical Society","","","https://scholar.google.com",446,"2023-03-01 19:14:36","Journal article","","","https://scholar.google.com/citations?view_op=view_citation&hl=en&user=1EaLR-UAAAAJ&cstart=400&pagesize=100&citation_for_view=1EaLR-UAAAAJ:nVrZBo8bIpAC",62,,,,0,0.00,0,1,6,"","",""
0,"S Blumstengel, M Eyer, S Hecht, B Kobin, N Koch","ZnO/organic interfaces: formation of hybrid excitations and relation to charge separation (Conference Presentation)",2016,"Physical Chemistry of Interfaces and Nanomaterials XV","","","https://scholar.google.com",447,"2023-03-01 19:14:36","Journal article","","","https://scholar.google.com/citations?view_op=view_citation&hl=en&user=1EaLR-UAAAAJ&cstart=400&pagesize=100&citation_for_view=1EaLR-UAAAAJ:HtEfBTGE9r8C",9923,,17,17,0,0.00,0,5,7,"","",""
0,"T Schultz, R Schlesinger, N Koch","Energy level tuning at inorganic/organic semiconductor heterojunctions",2016,"SPIE Nanoscience+ Engineering, 99230E-99230E","","","https://scholar.google.com",448,"2023-03-01 19:14:36","Journal article","","","https://scholar.google.com/citations?view_op=view_citation&hl=en&user=1EaLR-UAAAAJ&cstart=400&pagesize=100&citation_for_view=1EaLR-UAAAAJ:sNmaIFBj_lkC",8,,,,0,0.00,0,3,7,"","",""
0,"R Schlesinger, F Bianchi, S Blumstengel, B Kobin, K Moudgil, S Barlow, ...","Efficient light emission from hybrid inorganic/organic semiconductor structures by energy level optimization",2016,"Oxide-based Materials and Devices VII","","","https://scholar.google.com",449,"2023-03-01 19:14:36","Journal article","","","https://scholar.google.com/citations?view_op=view_citation&hl=en&user=1EaLR-UAAAAJ&cstart=400&pagesize=100&citation_for_view=1EaLR-UAAAAJ:ClCfbGk0d_YC",9749,,974909,974909,0,0.00,0,7,7,"","",""
0,"G Ligorio, MV Nardi, M Brinkmann, D Neher, N Koch","Unraveling the role of space-charge switch mechanism in hybrid non-volatile memory devices (Presentation Recording)",2015,"Printed Memory and Circuits","","","https://scholar.google.com",450,"2023-03-01 19:14:36","Journal article","","","https://scholar.google.com/citations?view_op=view_citation&hl=en&user=1EaLR-UAAAAJ&cstart=400&pagesize=100&citation_for_view=1EaLR-UAAAAJ:ODE9OILHJdcC",9569,,956903,956903,0,0.00,0,5,8,"","",""
0,"C Musumeci, I Salzmann, S Bonacchi, C Röthel, S Duhm, N Koch, ...","Electrical Junctions: The Relationship between Structural and Electrical Characteristics in Perylenecarboxydiimide‐Based Nanoarchitectures (Adv. Funct. Mater. 17/2015)",2015,"Advanced Functional Materials","","","https://scholar.google.com",451,"2023-03-01 19:14:36","Journal article","","","https://scholar.google.com/citations?view_op=view_citation&hl=en&user=1EaLR-UAAAAJ&cstart=400&pagesize=100&citation_for_view=1EaLR-UAAAAJ:vbGhcppDl1QC",25,17,2482,2482,0,0.00,0,7,8,"","",""
0,"F Henneberger, H Riechert, N Koch","Arrangement for generating electromagnetic radiation",2015,"US Patent 8,987,713","","","https://scholar.google.com",452,"2023-03-01 19:14:36","Patent","","","https://scholar.google.com/citations?view_op=view_citation&hl=en&user=1EaLR-UAAAAJ&cstart=400&pagesize=100&citation_for_view=1EaLR-UAAAAJ:Z5m8FVwuT1cC",,,,,0,0.00,0,3,8,"","",""
0,"L Giovanelli, FC Bocquet, P Amsalem, M Abel, E Salomon, N Koch, ...","Surface umklapp in ARPES: Seeing through 2D overlayers",2014,"European workshop on epitaxial graphene and 2D materials","","","https://scholar.google.com",453,"2023-03-01 19:14:36","Conference paper","","","https://scholar.google.com/citations?view_op=view_citation&hl=en&user=1EaLR-UAAAAJ&cstart=400&pagesize=100&citation_for_view=1EaLR-UAAAAJ:F9fV5C73w3QC",62,,,,0,0.00,0,7,9,"","",""
0,"C Christodoulou, A Giannakopoulos, MV Nardi, G Ligorio, M Oehzelt, ...","Workfunction tuning of graphene with organic molecules",2014,"ABSTRACTS OF PAPERS OF THE AMERICAN CHEMICAL SOCIETY","","","https://scholar.google.com",454,"2023-03-01 19:14:36","Abstract","","","https://scholar.google.com/citations?view_op=view_citation&hl=en&user=1EaLR-UAAAAJ&cstart=400&pagesize=100&citation_for_view=1EaLR-UAAAAJ:ZzlSgRqYykMC",247,,,,0,0.00,0,6,9,"","",""
0,"S Nau, R Trattnig, L Pevzner, M Jäger, R Schlesinger, MV Nardi, G Ligorio, ...","All solution processed blue multi-layer light emitting diodes realized by thermal layer stabilization and orthogonal solvent processing",2013,"Organic Light Emitting Materials and Devices XVII","","","https://scholar.google.com",455,"2023-03-01 19:14:36","Journal article","","","https://scholar.google.com/citations?view_op=view_citation&hl=en&user=1EaLR-UAAAAJ&cstart=400&pagesize=100&citation_for_view=1EaLR-UAAAAJ:q3CdL3IzO_QC",8829,,82,93,0,0.00,0,8,10,"","",""
0,"M Scheffler, W Liu, J Carrasco, B Santra, A Michaelides, A Tkatchenko, ...","Adsorption of organic molecules at metal and metal-oxide surfaces: Theoretical challenges, concepts, and insights",2013,"ABSTRACTS OF PAPERS OF THE AMERICAN CHEMICAL SOCIETY","","","https://scholar.google.com",456,"2023-03-01 19:14:36","Abstract","","","https://scholar.google.com/citations?view_op=view_citation&hl=en&user=1EaLR-UAAAAJ&cstart=400&pagesize=100&citation_for_view=1EaLR-UAAAAJ:gVv57TyPmFsC",245,,,,0,0.00,0,7,10,"","",""
0,"N Koch, N Ueno, ATS Wee","General Outlook",2013,"The Molecule-Metal Interface","","","https://scholar.google.com",457,"2023-03-01 19:14:36","Book chapter","","","https://scholar.google.com/citations?view_op=view_citation&hl=en&user=1EaLR-UAAAAJ&cstart=400&pagesize=100&citation_for_view=1EaLR-UAAAAJ:L7CI7m0gUJcC",,,251,252,0,0.00,0,3,10,"","",""
0,"M Oehzelt, I Salzmann, F Quochi, M Saba, A Mura, G Bongiovanni, ...","Interface Properties of Organic para-Hexaphenyl/Î±-Sexithiophene Heterostructures Deposited on Highly Oriented Pyrolytic Graphite",2013,"Langmuir","","","https://scholar.google.com",458,"2023-03-01 19:14:36","","","","https://scholar.google.com/citations?view_op=view_citation&hl=en&user=1EaLR-UAAAAJ&cstart=400&pagesize=100&citation_for_view=1EaLR-UAAAAJ:OBSaB-F7qqsC",,,,,0,0.00,0,7,10,"","",""
0,"K Schmoltner, F Schlütter, M Kivala, M Baumgarten, S Winkler, R Trattnig, ...","Air-stable Organic Field-Effect Transistors based on a Heterotriangulene Polymer",2013,"Advanced Materials Day","","","https://scholar.google.com",459,"2023-03-01 19:14:36","Journal article","","","https://scholar.google.com/citations?view_op=view_citation&hl=en&user=1EaLR-UAAAAJ&cstart=400&pagesize=100&citation_for_view=1EaLR-UAAAAJ:otzGkya1bYkC",2013,,,,0,0.00,0,7,10,"","",""
0,"N Koch","Johannes Frisch, Martin Herder, Philipp Herrmann, Georg Heimel, Stefan Hecht",2013,"Appl. Phys. A","","","https://scholar.google.com",460,"2023-03-01 19:14:36","Journal article","","","https://scholar.google.com/citations?view_op=view_citation&hl=en&user=1EaLR-UAAAAJ&cstart=400&pagesize=100&citation_for_view=1EaLR-UAAAAJ:OcBU2YAGkTUC",113,,1,4,0,0.00,0,1,10,"","",""
0,"N Koch","Cover Picture: Electronic structure of interfaces with conjugated organic materials (Phys. Status Solidi RRL 7/2012)",2012,"physica status solidi (RRL)-Rapid Research Letters","","","https://scholar.google.com",461,"2023-03-01 19:14:36","Journal article","","","https://scholar.google.com/citations?view_op=view_citation&hl=en&user=1EaLR-UAAAAJ&cstart=400&pagesize=100&citation_for_view=1EaLR-UAAAAJ:BwyfMAYsbu0C",6,7,,,0,0.00,0,1,11,"","",""
0,"Y Xu, OT Hofmann, R Patrick, M Scheffler, R Schlesinger, N Koch, ...","New mechanism for work-function tuning: ZnO surfaces modified by a strong organic electron acceptor",2012,"Bulletin of the American Physical Society","","","https://scholar.google.com",462,"2023-03-01 19:14:36","Journal article","","","https://scholar.google.com/citations?view_op=view_citation&hl=en&user=1EaLR-UAAAAJ&cstart=400&pagesize=100&citation_for_view=1EaLR-UAAAAJ:u-coK7KVo8oC",57,,,,0,0.00,0,7,11,"","",""
0,"N Koch","Charge transfer and polarization at interfaces with conjugated molecules",2012,"Bulletin of the American Physical Society","","","https://scholar.google.com",463,"2023-03-01 19:14:36","Journal article","","","https://scholar.google.com/citations?view_op=view_citation&hl=en&user=1EaLR-UAAAAJ&cstart=400&pagesize=100&citation_for_view=1EaLR-UAAAAJ:DJbcl8HfkQkC",57,,,,0,0.00,0,1,11,"","",""
0,"A Wilke, B Bröker, J Frisch, P Amsalem, J Niederhausen, A Vollmer, ...","Diindenoperylene as donor and acceptor for organic photovoltaic cells",2012,"APS Meeting Abstracts","","","https://scholar.google.com",464,"2023-03-01 19:14:36","Abstract","","","https://scholar.google.com/citations?view_op=view_citation&hl=en&user=1EaLR-UAAAAJ&cstart=400&pagesize=100&citation_for_view=1EaLR-UAAAAJ:a3BOlSfXSfwC",,,,,0,0.00,0,7,11,"","",""
0,"E Zojer, G Heimel, O Hofmann, F Rissner, L Romaner, B Bröker, ...","Understanding the electronic structure of strongly interacting metal-organic interfaces",2011,"11th European Conference on Molecular Electronics","","","https://scholar.google.com",465,"2023-03-01 19:14:36","Conference paper","","","https://scholar.google.com/citations?view_op=view_citation&hl=en&user=1EaLR-UAAAAJ&cstart=400&pagesize=100&citation_for_view=1EaLR-UAAAAJ:48xauSegjOkC",,,,,0,0.00,0,7,12,"","",""
0,"S Blumstengel, F Henneberger, N Koch","Band-offset engineering at organic/inorganic semiconductor heterointerfaces",2011,"2011 Numerical Simulation of Optoelectronic Devices","","","https://scholar.google.com",466,"2023-03-01 19:14:36","Book chapter","","","https://scholar.google.com/citations?view_op=view_citation&hl=en&user=1EaLR-UAAAAJ&cstart=400&pagesize=100&citation_for_view=1EaLR-UAAAAJ:WJVC3Jt7v1AC",,,151,152,0,0.00,0,3,12,"","",""
0,"A Vollmer, B Bröker, O Hofmann, G Rangger, P Frank, RP Blum, R Rieger, ...","Density-Dependent Reorientation and Rehybridization of the Strongly Chemisorbed Conjugated Molecule Hexaazatriphenylene-hexacarbonitrile (HATCN) on Ag (111)",2011,"MRS Spring meeting","","","https://scholar.google.com",467,"2023-03-01 19:14:36","Conference paper","","","https://scholar.google.com/citations?view_op=view_citation&hl=en&user=1EaLR-UAAAAJ&cstart=400&pagesize=100&citation_for_view=1EaLR-UAAAAJ:U4n9YNQMCAIC",,,,,0,0.00,0,8,12,"","",""
0,"R Trattnig, T Qin, W Wiedemair, S Nau, S Sax, S Winkler, A Vollmer, ...","Blue Dendrimer Light-Emitting Diodes Based on Core, Shell, and Surface-Optimized Dendrimers",2011,"E-MRS Spring Meeting","","","https://scholar.google.com",468,"2023-03-01 19:14:36","Conference paper","","","https://scholar.google.com/citations?view_op=view_citation&hl=en&user=1EaLR-UAAAAJ&cstart=400&pagesize=100&citation_for_view=1EaLR-UAAAAJ:tH6gc1N1XXoC",2011,,,,0,0.00,0,8,12,"","",""
0,"B Bröker, O Hofmann, G Rangger, P Frank, RP Blum, R Rieger, L Venema, ...","The coverage dependent reorientation of chemisorbed conjugated molecules allows controlling the interface electronic structure",2010,"European Conference on Surface Science","","","https://scholar.google.com",469,"2023-03-01 19:14:36","Conference paper","","","https://scholar.google.com/citations?view_op=view_citation&hl=en&user=1EaLR-UAAAAJ&cstart=400&pagesize=100&citation_for_view=1EaLR-UAAAAJ:ALROH1vI_8AC",27,,,,0,0.00,0,8,13,"","",""
0,"OT Hofmann, F Rissner, GM Rangger, E Zojer, B Broeker, RP Blum, ...","A fast model for estimating work-function modifications induced by organic charge-transfer (Sub) monolayers",2010,"Verhandlungen der Deutschen Physikalischen Gesellschaft","","","https://scholar.google.com",470,"2023-03-01 19:14:36","","","","https://scholar.google.com/citations?view_op=view_citation&hl=en&user=1EaLR-UAAAAJ&cstart=400&pagesize=100&citation_for_view=1EaLR-UAAAAJ:QD3KBmkZPeQC",,,,,0,0.00,0,7,13,"","",""
0,"N Koch","20pGV-3 Energy level pinning at interfaces with organic semiconductors: doping versus interface states",2010,"Meeting Abstracts of the Physical Society of Japan 65.1.","","","https://scholar.google.com",471,"2023-03-01 19:14:36","Abstract","","","https://scholar.google.com/citations?view_op=view_citation&hl=en&user=1EaLR-UAAAAJ&cstart=400&pagesize=100&citation_for_view=1EaLR-UAAAAJ:5icHVeHT4IsC",4,,866,866,0,0.00,0,1,13,"","",""
0,"O Hofmann, B Bröker, RP Blum, F Rissner, G Rangger, R Rieger, ...","A Semi-Classical Model for fast Estimation of the Work Function Modification Induced by Charge Transfer Monolayers",2010,"Winterschool on Organic Electronics-Fundamental Properties of Devices …","","","https://scholar.google.com",472,"2023-03-01 19:14:36","","","","https://scholar.google.com/citations?view_op=view_citation&hl=en&user=1EaLR-UAAAAJ&cstart=400&pagesize=100&citation_for_view=1EaLR-UAAAAJ:nRpfm8aw39MC",,,,,0,0.00,0,7,13,"","",""
0,"B Bröker, RP Blum, G Heimel, J Frisch, JP Rabe, A Vollmer, O Hofmann, ...","Controlling the energy levels at interfaces between conjugated organic materials and electrodes",2010,"German Physical Society-Spring Meeting: Sektion Atome, Moleküle …","","","https://scholar.google.com",473,"2023-03-01 19:14:36","Conference paper","","","https://scholar.google.com/citations?view_op=view_citation&hl=en&user=1EaLR-UAAAAJ&cstart=400&pagesize=100&citation_for_view=1EaLR-UAAAAJ:LdasjJ6CEcoC",,,,,0,0.00,0,8,13,"","",""
0,"B Bröker, O Hofmann, L Beverina, RP Blum, J Frisch, R Rieger, K Müllen, ...","Gold work-function reduction and electron injection barrier tuning using molecular donor layers",2010,"9th International Symposium on Functional Pi-Electron Systems","","","https://scholar.google.com",474,"2023-03-01 19:14:36","Conference paper","","","https://scholar.google.com/citations?view_op=view_citation&hl=en&user=1EaLR-UAAAAJ&cstart=400&pagesize=100&citation_for_view=1EaLR-UAAAAJ:buQ7SEKw-1sC",,,,,0,0.00,0,8,13,"","",""
0,"B Bröker, RP Blum, G Heimel, J Frisch, JP Rabe, N Koch, L Beverina, ...","Air-stable molecular donors for electron injection interlayers on metal electrodes",2010,"Winterschool on Organic Electronics-Fundamental Properties of Devices …","","","https://scholar.google.com",475,"2023-03-01 19:14:36","","","","https://scholar.google.com/citations?view_op=view_citation&hl=en&user=1EaLR-UAAAAJ&cstart=400&pagesize=100&citation_for_view=1EaLR-UAAAAJ:wMgC3FpKEyYC",,,,,0,0.00,0,8,13,"","",""
0,"N Ueno, M Fahlman, N Koch","Special Issue Advanced Spectroscopies of Molecular Materials for Electronics Preface",2009,"JOURNAL OF ELECTRON SPECTROSCOPY AND RELATED PHENOMENA 174 (1-3)","","","https://scholar.google.com",476,"2023-03-01 19:14:36","Journal article","","","https://scholar.google.com/citations?view_op=view_citation&hl=en&user=1EaLR-UAAAAJ&cstart=400&pagesize=100&citation_for_view=1EaLR-UAAAAJ:4MWp96NkSFoC",,,1,2,0,0.00,0,3,14,"","",""
0,"N Koch","Tuning the ionization energy of organic semiconductor films: The role of intramolecular polar bonds",2009,"APS Meeting Abstracts","","","https://scholar.google.com",477,"2023-03-01 19:14:36","Abstract","","","https://scholar.google.com/citations?view_op=view_citation&hl=en&user=1EaLR-UAAAAJ&cstart=400&pagesize=100&citation_for_view=1EaLR-UAAAAJ:yqoGN6RLRZoC",,,,,0,0.00,0,1,14,"","",""
0,"B Bröker, RP Blum, J Frisch, A Vollmer, O Hofmann, R Rieger, K Müllen, ...","Gold Work-Function Reduction by 2.2 eV with a Molecular Donor Layer",2009,"2009 MRS Spring Meeting","","","https://scholar.google.com",478,"2023-03-01 19:14:36","Conference paper","","","https://scholar.google.com/citations?view_op=view_citation&hl=en&user=1EaLR-UAAAAJ&cstart=400&pagesize=100&citation_for_view=1EaLR-UAAAAJ:BzfGm06jWhQC",,,,,0,0.00,0,8,14,"","",""
0,"G Rangger, O Hofmann, AM Track, F Rissner, L Romaner, B Bröker, ...","In depth investigation of state of the art molecules used to tune surface properties",2009,"427","WE-Heraeus-Seminar"" Molecular and Organic Electronics: Bridging the Gap …","","https://scholar.google.com",479,"2023-03-01 19:14:36","","","","https://scholar.google.com/citations?view_op=view_citation&hl=en&user=1EaLR-UAAAAJ&cstart=400&pagesize=100&citation_for_view=1EaLR-UAAAAJ:ubry08Y2EpUC",,,,,0,0.00,0,7,14,"","",""
0,"L Romaner, G Rangger, G Heimel, S Duhm, N Koch, A Gerlach, ...","F4TCNQ on Cu, Ag, and Au as a prototypical example for strong organic acceptors on coinage metals",2008,"E-MRS Spring Meeting","","","https://scholar.google.com",480,"2023-03-01 19:14:36","Conference paper","","","https://scholar.google.com/citations?view_op=view_citation&hl=en&user=1EaLR-UAAAAJ&cstart=400&pagesize=100&citation_for_view=1EaLR-UAAAAJ:7BrZ7Jt4UNcC",2008,,,,0,0.00,0,7,15,"","",""
0,"N Koch","COLL 367-Ground-state charge transfer across organic/organic junctions",2008,"ABSTRACTS OF PAPERS OF THE AMERICAN CHEMICAL SOCIETY","","","https://scholar.google.com",481,"2023-03-01 19:14:36","Abstract","","","https://scholar.google.com/citations?view_op=view_citation&hl=en&user=1EaLR-UAAAAJ&cstart=400&pagesize=100&citation_for_view=1EaLR-UAAAAJ:4vMrXwiscB8C",235,,,,0,0.00,0,1,15,"","",""
0,"H Krüger, S Janietz, D Sainova, D Dobreva, N Koch, A Vollmer","Functionalized Naphthalene Diimides",2008,"Synfacts","","","https://scholar.google.com",482,"2023-03-01 19:14:36","Journal article","","","https://scholar.google.com/citations?view_op=view_citation&hl=en&user=1EaLR-UAAAAJ&cstart=400&pagesize=100&citation_for_view=1EaLR-UAAAAJ:nZcligLrVowC",2008,3,253,253,0,0.00,0,6,15,"","",""
0,"H Krüger, S Janietz, D Sainova, D Dobreva, N Koch, A Vollmer","Functionalized Naphthalene Diimides",2008,"Synfacts","","","https://scholar.google.com",483,"2023-03-01 19:14:36","Journal article","","","https://scholar.google.com/citations?view_op=view_citation&hl=en&user=1EaLR-UAAAAJ&cstart=400&pagesize=100&citation_for_view=1EaLR-UAAAAJ:bKqednn6t2AC",2008,3,253,253,0,0.00,0,6,15,"","",""
0,"UGE Perera, F Jäckel, V Iancu, KF Braun, N Koch, JP Rabe, SW Hla","A Molecular Switch Made of Charge Transfer Complexes on Au (111)",2008,"APS Meeting Abstracts","","","https://scholar.google.com",484,"2023-03-01 19:14:36","Abstract","","","https://scholar.google.com/citations?view_op=view_citation&hl=en&user=1EaLR-UAAAAJ&cstart=400&pagesize=100&citation_for_view=1EaLR-UAAAAJ:HIFyuExEbWQC",,,,,0,0.00,0,7,15,"","",""
0,"G Rangger, L Romaner, G Heimel, S Duhm, N Koch, A Gerlach, ...","Bonding of organic acceptors on coinage metals–combining theory and experiment",2008,"Winter School on Organic Electronics: The Role of Interfaces","","","https://scholar.google.com",485,"2023-03-01 19:14:36","Journal article","","","https://scholar.google.com/citations?view_op=view_citation&hl=en&user=1EaLR-UAAAAJ&cstart=400&pagesize=100&citation_for_view=1EaLR-UAAAAJ:43bX7VzcjpAC",41,,,,0,0.00,0,7,15,"","",""
0,"O Hofmann, G Rangger, L Romaner, B Bröker, RP Blum, N Koch, ...","Adsorption of 1, 4, 5, 8, 9, 12-Hexaaza-triphenylene-2, 3, 6, 7, 10, 11-hexacarbonitrile on Cu, Ag, and Au",2008,"Winter School on Organic Electronics: The Role of Interfaces","","","https://scholar.google.com",486,"2023-03-01 19:14:36","Journal article","","","https://scholar.google.com/citations?view_op=view_citation&hl=en&user=1EaLR-UAAAAJ&cstart=400&pagesize=100&citation_for_view=1EaLR-UAAAAJ:jgBuDB5drN8C",66,,,,0,0.00,0,7,15,"","",""
0,"G Rangger, L Romaner, G Heimel, S Duhm, RP Blum, B Bröker, N Koch, ...","Exploring the binding of the strong organic acceptor F4TCNQ to coinage metals",2008,"Frühjahrstagung der Deutschen Physikalischen Gesellschaft","","","https://scholar.google.com",487,"2023-03-01 19:14:36","Book chapter","","","https://scholar.google.com/citations?view_op=view_citation&hl=en&user=1EaLR-UAAAAJ&cstart=400&pagesize=100&citation_for_view=1EaLR-UAAAAJ:CaZNVDsoPx4C",,,840,841,0,0.00,0,8,15,"","",""
0,"G Rangger, O Hofmann, L Romaner, G Heimel, RP Blum, B Bröker, ...","Theoretical in-depth investigation of F4TCNQ, the prototypical organic acceptor and the thermally more stable F2HCNQ on Ag (111)",2008,"Material Science and Engineering","","","https://scholar.google.com",488,"2023-03-01 19:14:36","","","","https://scholar.google.com/citations?view_op=view_citation&hl=en&user=1EaLR-UAAAAJ&cstart=400&pagesize=100&citation_for_view=1EaLR-UAAAAJ:jL-93Qbq4QoC",,,,,0,0.00,0,7,15,"","",""
0,"O Hofmann, G Rangger, L Romaner, G Heimel, B Bröker, RP Blum, ...","Charge transfer processes between metal surfaces and strong electron donor and acceptor molecules",2008,"Gordon Research Conference on Electronic Processes in Organic Materials","","","https://scholar.google.com",489,"2023-03-01 19:14:36","Conference paper","","","https://scholar.google.com/citations?view_op=view_citation&hl=en&user=1EaLR-UAAAAJ&cstart=400&pagesize=100&citation_for_view=1EaLR-UAAAAJ:4xDN1ZYqzskC",,,,,0,0.00,0,7,15,"","",""
0,"L Romaner, G Rangger, O Hofmann, B Bröker, RP Blum, S Duhm, ...","Understanding the electronic properties of metal/organic interfaces: the case of strong electron acceptors on coinage metals",2008,"International Symposium on Functional π-Electron Systems, T-54-T","","","https://scholar.google.com",490,"2023-03-01 19:14:36","Conference paper","","","https://scholar.google.com/citations?view_op=view_citation&hl=en&user=1EaLR-UAAAAJ&cstart=400&pagesize=100&citation_for_view=1EaLR-UAAAAJ:uDGL6kOW6j0C",54,,,,0,0.00,0,7,15,"","",""
0,"RP Blum, B Broeker, S Duhm, JP Rabe, N Koch, A Vollmer, R Rieger, ...","Hole injection barrier optimization at ITO/organic interfaces modified with strong molecular acceptors",2008,"Verhandlungen der Deutschen Physikalischen Gesellschaft","","","https://scholar.google.com",491,"2023-03-01 19:14:36","Journal article","","","https://scholar.google.com/citations?view_op=view_citation&hl=en&user=1EaLR-UAAAAJ&cstart=400&pagesize=100&citation_for_view=1EaLR-UAAAAJ:2VqYfGB8ITEC",43,1,,,0,0.00,0,8,15,"","",""
0,"S Duhm, I Salzmann, N Koch, H Fukagawa, T Kataoka, S Hosoumi, ...","033717 Vacuum sublimed,-dihexylsexithiophene thin films: Correlating electronic structure and molecular orientation",2008,"Journal of Applied Physics","","","https://scholar.google.com",492,"2023-03-01 19:14:36","Journal article","","","https://scholar.google.com/citations?view_op=view_citation&hl=en&user=1EaLR-UAAAAJ&cstart=400&pagesize=100&citation_for_view=1EaLR-UAAAAJ:tYavs44e6CUC",104,3,,,0,0.00,0,7,15,"","",""
0,"P Pacher, B Stadlober, A Lex, V Proschek, U Haas, H Gold, A Haase, ...","Controlling the characteristics of organic thin film transistors through interface modifications",2007,"","","","https://scholar.google.com",493,"2023-03-01 19:14:36","","","","https://scholar.google.com/citations?view_op=view_citation&hl=en&user=1EaLR-UAAAAJ&cstart=400&pagesize=100&citation_for_view=1EaLR-UAAAAJ:PVgj2kMGcgYC",,,,,0,0.00,0,8,16,"","",""
0,"L Romaner, A Gerlach, F Schreiber, S Duhm, N Koch, G Heimel, ...","Electronic and geometric structure of F4TCNQ onCu (111): A joint experimental and theoretical study",2007,"Frühjahrstagung des Arbeitskreises Festkörperphysik (AKF) der DPG","","","https://scholar.google.com",494,"2023-03-01 19:14:36","Journal article","","","https://scholar.google.com/citations?view_op=view_citation&hl=en&user=1EaLR-UAAAAJ&cstart=400&pagesize=100&citation_for_view=1EaLR-UAAAAJ:kw52XkFRtyQC",572,,,,0,0.00,0,7,16,"","",""
0,"L Romaner, G Heimel, JL Brédas, A Gerlach, F Schreiber, S Duhm, ...","Adsorption of F4TCNQ on Cu (111): a combined experimental and theoretical study",2007,"Scientific Programme: NFN Winter School","","","https://scholar.google.com",495,"2023-03-01 19:14:36","Journal article","","","https://scholar.google.com/citations?view_op=view_citation&hl=en&user=1EaLR-UAAAAJ&cstart=400&pagesize=100&citation_for_view=1EaLR-UAAAAJ:PaBasH6fAo0C",32,,,,0,0.00,0,7,16,"","",""
0,"L Romaner, G Rangger, G Heimel, JL Brédas, A Gerlach, F Schreiber, ...","Charge rearrangements at the metall/organic interface: F4TCNQ on Cu (111)",2007,"106. Bunsentagung: Heterogene Neuartige Kohlenstoffstrukturen, C6-C","","","https://scholar.google.com",496,"2023-03-01 19:14:36","Journal article","","","https://scholar.google.com/citations?view_op=view_citation&hl=en&user=1EaLR-UAAAAJ&cstart=400&pagesize=100&citation_for_view=1EaLR-UAAAAJ:NyGDZy8z5eUC",6,,,,0,0.00,0,7,16,"","",""
0,"A Gerlach, S Sellner, F Schreiber, N Koch, J Zegenhagen","Surface physics, nanoscale physics, low-dimensional systems-Substrate-dependent bonding distances of PTCDA: A comparative x-ray standing-wave study on Cu (111) and Ag (111)",2007,"Physical Review B Condensed Matter And Materials Physics","","","https://scholar.google.com",497,"2023-03-01 19:14:36","Journal article","","","https://scholar.google.com/citations?view_op=view_citation&hl=en&user=1EaLR-UAAAAJ&cstart=400&pagesize=100&citation_for_view=1EaLR-UAAAAJ:LI9QrySNdTsC",75,4,45401,45401,0,0.00,0,5,16,"","",""
0,"G Heimel, L Romaner, P Pacher, JL Brédas, A Gerlach, F Schreiber, ...","Tuning the properties organic/metal interfaces–a theoretical perspective",2006,"Seminarreihe Universität Tübingen","","","https://scholar.google.com",498,"2023-03-01 19:14:36","","","","https://scholar.google.com/citations?view_op=view_citation&hl=en&user=1EaLR-UAAAAJ&cstart=400&pagesize=100&citation_for_view=1EaLR-UAAAAJ:kVjdVfd2voEC",,,,,0,0.00,0,7,17,"","",""
0,"G Heimel, L Romaner, P Pacher, JL Brédas, A Gerlach, F Schreiber, ...","Tuning the properties of interfaces between organic semiconductors and noble metals–a theoretical perspective",2006,"Walter Schottky Seminar","","","https://scholar.google.com",499,"2023-03-01 19:14:36","","","","https://scholar.google.com/citations?view_op=view_citation&hl=en&user=1EaLR-UAAAAJ&cstart=400&pagesize=100&citation_for_view=1EaLR-UAAAAJ:7Hz3ACDFbsoC",,,,,0,0.00,0,7,17,"","",""
0,"A Gerlach, F Schreiber, S Sellner, N Koch, TL Lee, J Zegenhagen","Absorption of {pi}-conjugated molecules on Cu (111) studied by X-ray standing waves",2006,"Verhandlungen der Deutschen Physikalischen Gesellschaft","","","https://scholar.google.com",500,"2023-03-01 19:14:36","Journal article","","","https://scholar.google.com/citations?view_op=view_citation&hl=en&user=1EaLR-UAAAAJ&cstart=400&pagesize=100&citation_for_view=1EaLR-UAAAAJ:qwy9JoKyICEC",41,,,,0,0.00,0,6,17,"","",""
0,"S Rentenberger, A Vollmer, E Zojer, N Koch","Optimizing the charge carrier injection from Au electrodes in organic electronic devices",2006,"DPG-spring meeting of the Division Condensed Matter and EPS-21st General …","","","https://scholar.google.com",501,"2023-03-01 19:14:36","Conference paper","","","https://scholar.google.com/citations?view_op=view_citation&hl=en&user=1EaLR-UAAAAJ&cstart=500&pagesize=100&citation_for_view=1EaLR-UAAAAJ:v1_lew4L6wgC",,,,,0,0.00,0,4,17,"","",""
0,"S Blumstengel, N Koch, S Duhm, H Glowatzky, RL Johnson, C Xu, ...","Semiconductors II: Surfaces, interfaces, microstructures, and related topics-Morphology, interfacial electronic structure, and optical properties of oligothiophenes grown on …",2006,"Physical Review-Section B-Condensed Matter","","","https://scholar.google.com",502,"2023-03-01 19:14:36","Journal article","","","https://scholar.google.com/citations?view_op=view_citation&hl=en&user=1EaLR-UAAAAJ&cstart=500&pagesize=100&citation_for_view=1EaLR-UAAAAJ:jFemdcug13IC",73,16,165323,165323,0,0.00,0,7,17,"","",""
0,"A Vollmer, OD Jurchescu, I Arfaoui, I Salzmann, TTM Palstra, P Rudolf, ...","The Effect of Oxygen Exposure on Pentacene Thin Film Electronic Structure",2005,"Materials Research Society Symposium-Proceedings","","","https://scholar.google.com",503,"2023-03-01 19:14:36","Conference paper","","","https://scholar.google.com/citations?view_op=view_citation&hl=en&user=1EaLR-UAAAAJ&cstart=500&pagesize=100&citation_for_view=1EaLR-UAAAAJ:xtoqd-5pKcoC",871,,,,0,0.00,0,7,18,"","",""
0,"S Bernasek, J Guo, N Koch, J Schwartz","Systematic Modification of Indium Tin Oxide to Enhance Diode Device Behavior",2005,"MATERIALS RESEARCH SOCIETY SYMPOSIUM PROCEEDINGS","","","https://scholar.google.com",504,"2023-03-01 19:14:36","Conference paper","","","https://scholar.google.com/citations?view_op=view_citation&hl=en&user=1EaLR-UAAAAJ&cstart=500&pagesize=100&citation_for_view=1EaLR-UAAAAJ:e_rmSamDkqQC",871,,257,257,0,0.00,0,4,18,"","",""
0,"I Arfaoui, O Jurchescu, N Koch, J Niemax, T Palstra, J Pflaum, J Rabe, ...","The Effect of Oxygen Exposure on Pentacene Thin Film Electronic Structure",2005,"MATERIALS RESEARCH SOCIETY SYMPOSIUM PROCEEDINGS","","","https://scholar.google.com",505,"2023-03-01 19:14:36","Conference paper","","","https://scholar.google.com/citations?view_op=view_citation&hl=en&user=1EaLR-UAAAAJ&cstart=500&pagesize=100&citation_for_view=1EaLR-UAAAAJ:oNZyr7d5Mn4C",871,,120,120,0,0.00,0,8,18,"","",""
0,"J Guo, N Koch, J Schwartz, SL Bernasek","Systematic Modification of Indium Tin Oxide to Enhance Diode Device Behavior",2005,"MRS Proceedings 871, I6.","","","https://scholar.google.com",506,"2023-03-01 19:14:36","Conference paper","","","https://scholar.google.com/citations?view_op=view_citation&hl=en&user=1EaLR-UAAAAJ&cstart=500&pagesize=100&citation_for_view=1EaLR-UAAAAJ:k8Z6L05lTy4C",52,,,,0,0.00,0,4,18,"","",""
0,"JJ Pireaux, J Ghijsen, N Koch, F Jackel, JP Rabe, RL Johnson, A Kahn","Diffusion mediated establishment of thermodynamic equilibrium in alkali metal-intercalated organic molecular thin films",2004,"","","","https://scholar.google.com",507,"2023-03-01 19:14:36","","","","https://scholar.google.com/citations?view_op=view_citation&hl=en&user=1EaLR-UAAAAJ&cstart=500&pagesize=100&citation_for_view=1EaLR-UAAAAJ:GtLg2Ama23sC",,,,,0,0.00,0,7,19,"","",""
0,"B Nickel, R Ruiz, N Koch, LC Feldman, RF Haglund, G Scoles","Molecular diffusion and nucleation of submonolayer pentacene films on oxidized and H terminated modified Si substrates as a function of substrate temperature",2003,"APS Meeting Abstracts","","","https://scholar.google.com",508,"2023-03-01 19:14:36","Abstract","","","https://scholar.google.com/citations?view_op=view_citation&hl=en&user=1EaLR-UAAAAJ&cstart=500&pagesize=100&citation_for_view=1EaLR-UAAAAJ:GFxP56DSvIMC",,,,,0,0.00,0,6,20,"","",""
0,"CBP Montes, EA Soares, N Koch, J Ghijsen, JJ Pireaux, R Johnson","Ag (111)/Sb electronic interaction studied by photoelectron spectroscopy",2003,"Activity Report Hasylab, Hamburg, Germany","","","https://scholar.google.com",509,"2023-03-01 19:14:36","","","","https://scholar.google.com/citations?view_op=view_citation&hl=en&user=1EaLR-UAAAAJ&cstart=500&pagesize=100&citation_for_view=1EaLR-UAAAAJ:NDuN12AVoxsC",,,,,0,0.00,0,6,20,"","",""
0,"E Bruner, J Schwartz, SL Bernasek, N Koch, A Span, A Kahn","Modifying the work function of indium tin oxide.",2002,"ABSTRACTS OF PAPERS OF THE AMERICAN CHEMICAL SOCIETY 224, U59-U","","","https://scholar.google.com",510,"2023-03-01 19:14:36","Abstract","","","https://scholar.google.com/citations?view_op=view_citation&hl=en&user=1EaLR-UAAAAJ&cstart=500&pagesize=100&citation_for_view=1EaLR-UAAAAJ:KbBQZpvPDL4C",59,,,,0,0.00,0,6,21,"","",""
0,"B Nickel, L Casalis, N Koch, J Acker, G Scoles","Organic thin films on oxide surfaces: A real time x-ray growth study of Pentacene on SiO2",2002,"APS Meeting Abstracts","","","https://scholar.google.com",511,"2023-03-01 19:14:36","Abstract","","","https://scholar.google.com/citations?view_op=view_citation&hl=en&user=1EaLR-UAAAAJ&cstart=500&pagesize=100&citation_for_view=1EaLR-UAAAAJ:Aul-kAQHnToC",,,,,0,0.00,0,5,21,"","",""
0,"N Koch, G Leising, A Rajagopal, JJ Pireaux","Organic-Metal Interfaces",2001,"Conjugated Polymer And Molecular Interfaces: Science And Technology For …","","","https://scholar.google.com",512,"2023-03-01 19:14:36","","","","https://scholar.google.com/citations?view_op=view_citation&hl=en&user=1EaLR-UAAAAJ&cstart=500&pagesize=100&citation_for_view=1EaLR-UAAAAJ:TIZ-Mc8IlK0C",,,,,0,0.00,0,4,22,"","",""
0,"A RAJAGOPAL, N KOCH, J GHIJSEN, K KAERIYAMA, RL JOHNSON, ...","A photoemission investigation of interfaces of poly (2, 5-diheptyl-l, 4-phenylene-alt-2, 5-thienylene) with an oligomer (p-sexiphenyl) and a deposited metal (calcium)",2001,"Metallized Plastics 7: Fundamental and Applied Aspects","","","https://scholar.google.com",513,"2023-03-01 19:14:36","Journal article","","","https://scholar.google.com/citations?view_op=view_citation&hl=en&user=1EaLR-UAAAAJ&cstart=500&pagesize=100&citation_for_view=1EaLR-UAAAAJ:Ug5p-4gJ2f0C",7,,265,265,0,0.00,0,6,22,"","",""
0,"A Rajagopal, N Koch, JJ Pireaux, K Kaeriyama, R Johnson, G Leising, ...","A photoemission investigation of interfaces of poly (2, 5-diheptyl-1, 4-phenylene-alt-2, 5-thienylene) with an oligomer (p-sexiphenyl) and a deposited metal (calcium)",2001,"Metallized plastics 7: Fundamental and applied aspects","","","https://scholar.google.com",514,"2023-03-01 19:14:36","Book chapter","","","https://scholar.google.com/citations?view_op=view_citation&hl=en&user=1EaLR-UAAAAJ&cstart=500&pagesize=100&citation_for_view=1EaLR-UAAAAJ:U_HPUtbDl20C",,,265,279,0,0.00,0,7,22,"","",""
0,"N Koch, H Oji, E Ito, E Zojer, H Isshii, G Leising, K Seki","Combined Photoemission and Metastable Atom Electron Spectroscopy Studies on n-Doped Oligophenyls",2000,"International Conference on Solid Films and Surfaces","","","https://scholar.google.com",515,"2023-03-01 19:14:36","Conference paper","","","https://scholar.google.com/citations?view_op=view_citation&hl=en&user=1EaLR-UAAAAJ&cstart=500&pagesize=100&citation_for_view=1EaLR-UAAAAJ:cK4Rrx0J3m0C",,,,,0,0.00,0,7,23,"","",""
0,"N Koch, A Rajagopal, E Zojer, J Ghijsen, X Crispin, GK Nakamura, ...","Materials index",2000,"Surface Science","","","https://scholar.google.com",516,"2023-03-01 19:14:36","Journal article","","","https://scholar.google.com/citations?view_op=view_citation&hl=en&user=1EaLR-UAAAAJ&cstart=500&pagesize=100&citation_for_view=1EaLR-UAAAAJ:r_AWSJRzSzQC",454,456,1141,1156,0,0.00,0,7,23,"","",""
0,"N Koch, R Pairleitner, QT Le, EW Forsythe, Y Gao, G Leising","STRUCTURAL, MECHANICAL, THERMODYNAMIC, AND OPTICAL PROPERTIES OF CONDENSED MATTER-Photoemission spectroscopic investigation on the interface formation of a ladder-type poly …",2000,"Applied Physics Letters","","","https://scholar.google.com",517,"2023-03-01 19:14:36","Journal article","","","https://scholar.google.com/citations?view_op=view_citation&hl=en&user=1EaLR-UAAAAJ&cstart=500&pagesize=100&citation_for_view=1EaLR-UAAAAJ:foquWX3nUaYC",76,25,3738,3740,0,0.00,0,6,23,"","",""
0,"A Rajagopal, N Koch, J Ghijsen, RL Johnson, K Kaeriyama, G Leising, ...","ELECTRONIC STRUCTURE AND TRANSPORT (PACS 71-73)-Interfacial electronic structure for Ca and an electroluminescent polymer: Poly (2, 5-diheptyl-1, 4-phenylene-alt-2, 5-thienylene)",2000,"Journal of Applied Physics","","","https://scholar.google.com",518,"2023-03-01 19:14:36","Journal article","","","https://scholar.google.com/citations?view_op=view_citation&hl=en&user=1EaLR-UAAAAJ&cstart=500&pagesize=100&citation_for_view=1EaLR-UAAAAJ:VaXvl8Fpj5cC",87,3,1331,1336,0,0.00,0,7,23,"","",""
0,"N Koch","Electronic properties of organic/metal interfaces",2000,"","","","https://scholar.google.com",519,"2023-03-01 19:14:36","","","","https://scholar.google.com/citations?view_op=view_citation&hl=en&user=1EaLR-UAAAAJ&cstart=500&pagesize=100&citation_for_view=1EaLR-UAAAAJ:uWiczbcajpAC",,,,,0,0.00,0,1,23,"","",""
0,"S Schrader, P Imperia, N Koch, G Leising, B Falk","Organic light-emitting devices based on new heterocyclic compounds [3797-25]",1999,"PROCEEDINGS-SPIE THE INTERNATIONAL SOCIETY FOR OPTICAL ENGINEERING","","","https://scholar.google.com",520,"2023-03-01 19:14:36","Conference paper","","","https://scholar.google.com/citations?view_op=view_citation&hl=en&user=1EaLR-UAAAAJ&cstart=500&pagesize=100&citation_for_view=1EaLR-UAAAAJ:1DsIQWDZLl8C",,,209,221,0,0.00,0,5,24,"","",""
0,"H Schürmann, N Koch, A Vollmer, S Schrader, M Neumann","Angle resolved ultraviolet photoelectron spectroscopy (ARUPS) of oriented sexiphenyl layers",1999,"","","","https://scholar.google.com",521,"2023-03-01 19:14:36","","","","https://scholar.google.com/citations?view_op=view_citation&hl=en&user=1EaLR-UAAAAJ&cstart=500&pagesize=100&citation_for_view=1EaLR-UAAAAJ:yFnVuubrUp4C",,,,,0,0.00,0,5,24,"","",""
0,"E Ito, N Koch, H Oji, H Ishii, G Leising, K Seki","Photoemission Study of Metal-Deposited p-Sexiphenyl Film",1999,"MRS Proceedings 598, BB3.","","","https://scholar.google.com",522,"2023-03-01 19:14:36","Conference paper","","","https://scholar.google.com/citations?view_op=view_citation&hl=en&user=1EaLR-UAAAAJ&cstart=500&pagesize=100&citation_for_view=1EaLR-UAAAAJ:S16KYo8Pm5AC",65,,,,0,0.00,0,6,24,"","",""
0,"B Fellner, N Koch, S Tasch, G Leising","Organic light diodes pulsed with high densities of electric current; Organische Leuchtdioden gepulst mit hohen Stromdichten",1998,"","","","https://scholar.google.com",523,"2023-03-01 19:14:36","","","","https://scholar.google.com/citations?view_op=view_citation&hl=en&user=1EaLR-UAAAAJ&cstart=500&pagesize=100&citation_for_view=1EaLR-UAAAAJ:g5Ck-dwhA_QC",,,,,0,0.00,0,4,25,"","",""
0,"C Brandstaetter, W Fischer, W Graupner, S Hampel, C Hochfilzer, T Jost, ...","Electroluminescence, stimulated emission and electronic properties of para-phenylene based materials",1998,"","","","https://scholar.google.com",524,"2023-03-01 19:14:36","","","","https://scholar.google.com/citations?view_op=view_citation&hl=en&user=1EaLR-UAAAAJ&cstart=500&pagesize=100&citation_for_view=1EaLR-UAAAAJ:fFSKOagxvKUC",,,,,0,0.00,0,7,25,"","",""
0,"R Resel, W Graupner, C Hochfilzer, N Koch, F Meghdadi, S Tasch, ...","OPTIMISING HEXAPHENYL THIN FILM QUALITY FOR",1998,"Applied Crystallography-Proceedings Of The Xvii International Conference","","","https://scholar.google.com",525,"2023-03-01 19:14:36","Conference paper","","","https://scholar.google.com/citations?view_op=view_citation&hl=en&user=1EaLR-UAAAAJ&cstart=500&pagesize=100&citation_for_view=1EaLR-UAAAAJ:F1b5ZUV5XREC",413,,,,0,0.00,0,7,25,"","",""
0,"S Schrader, W Riess, H Vestweber, N Koch","New polymeric heterolayer systems for efficient light-emitting devices [3476-30]",1998,"PROCEEDINGS-SPIE THE INTERNATIONAL SOCIETY FOR OPTICAL ENGINEERING","","","https://scholar.google.com",526,"2023-03-01 19:14:36","Conference paper","","","https://scholar.google.com/citations?view_op=view_citation&hl=en&user=1EaLR-UAAAAJ&cstart=500&pagesize=100&citation_for_view=1EaLR-UAAAAJ:O0nohqN1r9EC",,,188,195,0,0.00,0,4,25,"","",""
0,"R Resel, W Graupner, C Hochfilzer, N Koch, F Meghdadi, S Tasch, ...","Optimising hexaphenyl thin film quality for opto-electronic applications by heat treatment",1998,"Conference on Applied Crystallography","","","https://scholar.google.com",527,"2023-03-01 19:14:36","Conference paper","","","https://scholar.google.com/citations?view_op=view_citation&hl=en&user=1EaLR-UAAAAJ&cstart=500&pagesize=100&citation_for_view=1EaLR-UAAAAJ:MpfHP-DdYjUC",,,413,416,0,0.00,0,7,25,"","",""
0,"R Resel, N Koch, F Meghdadi, G Leising, K Reichmann","Morphology of p-Hexaphenyl Thin Films",1997,"Synthetic metals 83 (1-3)","","","https://scholar.google.com",528,"2023-03-01 19:14:36","Book chapter","","","https://scholar.google.com/citations?view_op=view_citation&hl=en&user=1EaLR-UAAAAJ&cstart=500&pagesize=100&citation_for_view=1EaLR-UAAAAJ:lgwcVrK6X84C",,,649,651,0,0.00,0,5,26,"","",""
0,"K Reichmann, N Koch, F Meghdadi, G Leising","Imaging and Profiling of p-Hexaphenyl Layers on Galliumarsenide",1997,"Journal of computer-assisted microscopy","","","https://scholar.google.com",529,"2023-03-01 19:14:36","Journal article","","","https://scholar.google.com/citations?view_op=view_citation&hl=en&user=1EaLR-UAAAAJ&cstart=500&pagesize=100&citation_for_view=1EaLR-UAAAAJ:ruyezt5ZtCIC",9,1,37,38,0,0.00,0,4,26,"","",""
0,"N Koch, LM Yu, JL Guyaux, Y Morciaux, G Leising, JJ Pireaux, ...","Investigations on the Aluminum/Para-Hexaphenyl Interface in Light Emitting Devices",1997,"MRS Proceedings","","","https://scholar.google.com",530,"2023-03-01 19:14:36","Conference paper","","","https://scholar.google.com/citations?view_op=view_citation&hl=en&user=1EaLR-UAAAAJ&cstart=500&pagesize=100&citation_for_view=1EaLR-UAAAAJ:-FonjvnnhkoC",488,,509,509,0,0.00,0,7,26,"","",""
0,"Y Liu, D Long, A Springer, R Wang, N Koch, M Schwalbe, N Pinna, ...","Correlating Heteroatoms Doping, Electronic Structures and Photocatalytic Activities of Single‐Atom‐Doped Ag25(SR)18 Nanoclusters",,"Solar RRL,","","","https://scholar.google.com",531,"2023-03-01 19:14:36","","","","https://scholar.google.com/citations?view_op=view_citation&hl=en&user=1EaLR-UAAAAJ&cstart=500&pagesize=100&citation_for_view=1EaLR-UAAAAJ:LK8CI43ZvvMC",,,,,0,0.00,0,8,,"","",""
0,"S Vogt, C Petersen, M Kneiß, D Splith, T Schultz, H von Wenckstern, ...","Realization of conductive n‐type doped α−Ga2O3 on m‐plane sapphire grown by a two step pulsed laser deposition process",,"physica status solidi (a),","","","https://scholar.google.com",532,"2023-03-01 19:14:36","","","","https://scholar.google.com/citations?view_op=view_citation&hl=en&user=1EaLR-UAAAAJ&cstart=500&pagesize=100&citation_for_view=1EaLR-UAAAAJ:nPT8s1NX_-sC",,,,,0,0.00,0,7,,"","",""
0,"S El-Refaei, PA Russo, T Schultz, N Koch, N Pinna","Dual doping of molybdenum phosphide with M (Mn, Fe) and S for achieving high hydrogen evolution reaction activity in both acidic and alkaline media",,"ChemCatChem,","","","https://scholar.google.com",533,"2023-03-01 19:14:36","","","","https://scholar.google.com/citations?view_op=view_citation&hl=en&user=1EaLR-UAAAAJ&cstart=500&pagesize=100&citation_for_view=1EaLR-UAAAAJ:D_tqNUsBuKoC",,,,,0,0.00,0,5,,"","",""
0,"M Stolterfoht, P Caprioglio, CM Wolff, JA Márquez, J Nordmann, S Zhang, ...","The impact of energy alignment and interfacial recombination on the open-circuit voltage of perovskite solar cells",,"","","","https://scholar.google.com",534,"2023-03-01 19:14:36","","","","https://scholar.google.com/citations?view_op=view_citation&hl=en&user=1EaLR-UAAAAJ&cstart=500&pagesize=100&citation_for_view=1EaLR-UAAAAJ:aIdbFUkbNIkC",,,,,0,0.00,0,7,,"","",""
0,"H Wang, SV Levchenko, T Schultz, N Koch, M Scheffler, M Rossi","Critical Interplay of Atomic and Electronic Structures at Organic/Inorganic Interfaces: The Examples of F4-TCNQ and F6-TCNNQ on H-Si (111)",,"","","","https://scholar.google.com",535,"2023-03-01 19:14:36","","","","https://scholar.google.com/citations?view_op=view_citation&hl=en&user=1EaLR-UAAAAJ&cstart=500&pagesize=100&citation_for_view=1EaLR-UAAAAJ:JTqpx9DYBaYC",,,,,0,0.00,0,6,,"","",""
0,"KF Seidel, A Opitz, N Koch","Polythiophene doping with phosphomolybdic acid (PMA)",,"","","","https://scholar.google.com",536,"2023-03-01 19:14:36","","","","https://scholar.google.com/citations?view_op=view_citation&hl=en&user=1EaLR-UAAAAJ&cstart=500&pagesize=100&citation_for_view=1EaLR-UAAAAJ:VN7nJs4JPk0C",,,,,0,0.00,0,3,,"","",""
0,"G Schwabegger, M Oehzelt, I Salzmann, F Quochi, M Saba, A Mura, ...","Supporting information for: Interface properties of organic para-hexaphenyl/α-sexithiophene hetero-structures deposited on highly oriented pyrolytic graphite",,"","","","https://scholar.google.com",537,"2023-03-01 19:14:36","","","","https://scholar.google.com/citations?view_op=view_citation&hl=en&user=1EaLR-UAAAAJ&cstart=500&pagesize=100&citation_for_view=1EaLR-UAAAAJ:1Ye0OR6EYb4C",,,,,0,0.00,0,7,,"","",""
0,"K Akaike, MV Nardi, M Oehzelt, J Frisch, A Opitz, C Christodoulou, ...","Article type: Full Paper",,"","","","https://scholar.google.com",538,"2023-03-01 19:14:36","","","","https://scholar.google.com/citations?view_op=view_citation&hl=en&user=1EaLR-UAAAAJ&cstart=500&pagesize=100&citation_for_view=1EaLR-UAAAAJ:AXkvAH5U_nMC",,,,,0,0.00,0,7,,"","",""
0,"A Giannakopoulos, C Christodoulou, G Ligorio, M Oehzelt, M Timpel, ...","Tuning the Electronic Structure of Graphene by Molecular Dopants: Impact of Substrate",,"","","","https://scholar.google.com",539,"2023-03-01 19:14:36","","","","https://scholar.google.com/citations?view_op=view_citation&hl=en&user=1EaLR-UAAAAJ&cstart=500&pagesize=100&citation_for_view=1EaLR-UAAAAJ:fbc8zXXH2BUC",,,,,0,0.00,0,6,,"","",""
0,"CM Wolff, APF Zu, L Perdigon, N Koch, D Neher","Recombination in CH3NH3PbI3 Solar Cells with Varying All-Organic Transport Layers",,"","","","https://scholar.google.com",540,"2023-03-01 19:14:36","","","","https://scholar.google.com/citations?view_op=view_citation&hl=en&user=1EaLR-UAAAAJ&cstart=500&pagesize=100&citation_for_view=1EaLR-UAAAAJ:_OXeSy2IsFwC",,,,,0,0.00,0,5,,"","",""
0,"B Fellner, N Koch, S Tasch, G Leising","Organic light diodes pulsed with high densities of electric current",,"","","","https://scholar.google.com",541,"2023-03-01 19:14:36","","","","https://scholar.google.com/citations?view_op=view_citation&hl=en&user=1EaLR-UAAAAJ&cstart=500&pagesize=100&citation_for_view=1EaLR-UAAAAJ:8xutWZnSdmoC",,,,,0,0.00,0,4,,"","",""
0,"H Glowatzki, GN Gavrila, S Seifert, RL Johnson, J Räder, K Müllen, ...","Thin film growth of hexa-peri-hexabenzocoronene on Ag (111): Monolayer to multilayer transition",,"","","","https://scholar.google.com",542,"2023-03-01 19:14:36","","","","https://scholar.google.com/citations?view_op=view_citation&hl=en&user=1EaLR-UAAAAJ&cstart=500&pagesize=100&citation_for_view=1EaLR-UAAAAJ:Ehil0879vHcC",,,,,0,0.00,0,7,,"","",""
0,"I Salzmann, S Duhm, G Heimel, M Oehzelt, RL Johnson, JP Rabe, N Koch","Tuning the ionization energy of organic semiconductor films via intramolecular polar bonds",,"","","","https://scholar.google.com",543,"2023-03-01 19:14:36","","","","https://scholar.google.com/citations?view_op=view_citation&hl=en&user=1EaLR-UAAAAJ&cstart=500&pagesize=100&citation_for_view=1EaLR-UAAAAJ:P7Ujq4OLJYoC",,,,,0,0.00,0,7,,"","",""
0,"I Salzmann, D Nabok, M Oehzelt, S Duhm, JP Rabe, N Koch","Structure solution of the 6, 13-pentacenequinone substrate-induced phase",,"","","","https://scholar.google.com",544,"2023-03-01 19:14:36","","","","https://scholar.google.com/citations?view_op=view_citation&hl=en&user=1EaLR-UAAAAJ&cstart=500&pagesize=100&citation_for_view=1EaLR-UAAAAJ:OP4eGU-M3BUC",,,,,0,0.00,0,6,,"","",""
0,"A Opitz, A Wilke, P Amsalem, M Oehzelt, RP Blum, JP Rabe, T Mizokuro, ...","Electronic supplementary information (ESI) for Organic heterojunctions: Contact-induced molecular reorientation, interface states, and charge re-distribution",,"","","","https://scholar.google.com",545,"2023-03-01 19:14:36","","","","https://scholar.google.com/citations?view_op=view_citation&hl=en&user=1EaLR-UAAAAJ&cstart=500&pagesize=100&citation_for_view=1EaLR-UAAAAJ:LhH-TYMQEocC",,,,,0,0.00,0,8,,"","",""
0,"R Resel, F Meghdadi, N Koch, G Leising, H Fritz, W Unzog","Crystal structure of thin films of hexaphenylene",,"","","","https://scholar.google.com",546,"2023-03-01 19:14:36","","","","https://scholar.google.com/citations?view_op=view_citation&hl=en&user=1EaLR-UAAAAJ&cstart=500&pagesize=100&citation_for_view=1EaLR-UAAAAJ:HeT0ZceujKMC",,,,,0,0.00,0,6,,"","",""
0,"A Vollmer, R Ovsyannikov, M Gorgoi, S Krause, M Oehzelt, A Föhlisch, ...","A new multidimensional electron spectrometer: Impact on molecular electronics research",,"ASOMEA-VI, 19,","","","https://scholar.google.com",547,"2023-03-01 19:14:36","","","","https://scholar.google.com/citations?view_op=view_citation&hl=en&user=1EaLR-UAAAAJ&cstart=500&pagesize=100&citation_for_view=1EaLR-UAAAAJ:yMeIxYmEMEAC",,,,,0,0.00,0,7,,"","",""
0,"I Salzmann, G Heimel, S Duhm, M Oehzelt, RP Blum, A Vollmer, N Koch","Molecular electrical doping is governed by intermolecular hybridization",,"","","","https://scholar.google.com",548,"2023-03-01 19:14:36","","","","https://scholar.google.com/citations?view_op=view_citation&hl=en&user=1EaLR-UAAAAJ&cstart=500&pagesize=100&citation_for_view=1EaLR-UAAAAJ:3htObqc8RwsC",,,,,0,0.00,0,7,,"","",""
0,"N Koch, A Rajagopal, J Ghijsen, RL Johnson, G Leising, JJ Pireaux","The Valence Electronic Structure of Ca Doped p Sexiphenyl",,"","","","https://scholar.google.com",549,"2023-03-01 19:14:36","","","","https://scholar.google.com/citations?view_op=view_citation&hl=en&user=1EaLR-UAAAAJ&cstart=500&pagesize=100&citation_for_view=1EaLR-UAAAAJ:OR75R8vi5nAC",,,,,0,0.00,0,6,,"","",""
0,"S Duhm, H Glowatzki, RL Johnson, JP Rabe, N Koch","Spontaneous Charge Transfer Across Hexylchains Driven by Thermodynamics",,"","","","https://scholar.google.com",550,"2023-03-01 19:14:36","","","","https://scholar.google.com/citations?view_op=view_citation&hl=en&user=1EaLR-UAAAAJ&cstart=500&pagesize=100&citation_for_view=1EaLR-UAAAAJ:HtS1dXgVpQUC",,,,,0,0.00,0,5,,"","",""
0,"I Salzmann, R Opitz, B Nickel, JP Rabe, N Koch","Phase separation in vacuum co-deposited thin films of pentacene and 6, 13-pentacenequinone",,"","","","https://scholar.google.com",551,"2023-03-01 19:14:36","","","","https://scholar.google.com/citations?view_op=view_citation&hl=en&user=1EaLR-UAAAAJ&cstart=500&pagesize=100&citation_for_view=1EaLR-UAAAAJ:cWzG1nlazyYC",,,,,0,0.00,0,5,,"","",""
0,"A Gerlach, S Seilner, F Schreiber, N Koch","Beamline: Date of experiment: Date of report",,"","","","https://scholar.google.com",552,"2023-03-01 19:14:36","","","","https://scholar.google.com/citations?view_op=view_citation&hl=en&user=1EaLR-UAAAAJ&cstart=500&pagesize=100&citation_for_view=1EaLR-UAAAAJ:dBIO0h50nwkC",,,,,0,0.00,0,4,,"","",""
0,"HJ Brandt, N Koch, S Tasch, G Leising","EinfluB der Vorbehandlung von Substraten auf die Eigenschaften von vakuumverdampften Schichten von Hexaphenyl",,"","","","https://scholar.google.com",553,"2023-03-01 19:14:36","","","","https://scholar.google.com/citations?view_op=view_citation&hl=en&user=1EaLR-UAAAAJ&cstart=500&pagesize=100&citation_for_view=1EaLR-UAAAAJ:QYdC8u9Cj1oC",,,,,0,0.00,0,4,,"","",""
0,"M Schubert, D Dolfen, J Frisch, S Roland, R Steyrleuthner, B Stiller, ...","Article type: Full Paper Influence of aggregation on the performance of all-polymer solar cells containing low-bandgap naphthalenediimide-copolymers.",,"","","","https://scholar.google.com",554,"2023-03-01 19:14:36","","","","https://scholar.google.com/citations?view_op=view_citation&hl=en&user=1EaLR-UAAAAJ&cstart=500&pagesize=100&citation_for_view=1EaLR-UAAAAJ:9c2xU6iGI7YC",,,,,0,0.00,0,7,,"","",""
0,"HJ BRANDT, R RESEL, J KECKES, B KOPPELHUBER-BITSCHNAU, ...","DETERMINATION OF CRYSTALLITE SIZE AND LATTICE STRAIN",,"","","","https://scholar.google.com",555,"2023-03-01 19:14:36","","","","https://scholar.google.com/citations?view_op=view_citation&hl=en&user=1EaLR-UAAAAJ&cstart=500&pagesize=100&citation_for_view=1EaLR-UAAAAJ:IUKN3-7HHlwC",,,,,0,0.00,0,5,,"","",""
0,"I Salzmann, S Duhm, R Opitz, JP Rabe, N Koch","Impact of low impurity concentration on pentacene thin film growth",,"","","","https://scholar.google.com",556,"2023-03-01 19:14:36","","","","https://scholar.google.com/citations?view_op=view_citation&hl=en&user=1EaLR-UAAAAJ&cstart=500&pagesize=100&citation_for_view=1EaLR-UAAAAJ:OTTXONDVkokC",,,,,0,0.00,0,5,,"","",""
0,"N Koch, E Zojer, A Rajagopal, J Ghijsen, RL Johnson, G Leising, ...","The Interaction of Sm With Electroluminescent para-Sexiphenyl",,"","","","https://scholar.google.com",557,"2023-03-01 19:14:36","","","","https://scholar.google.com/citations?view_op=view_citation&hl=en&user=1EaLR-UAAAAJ&cstart=500&pagesize=100&citation_for_view=1EaLR-UAAAAJ:IRz6iEL74y4C",,,,,0,0.00,0,7,,"","",""
0,"AS Anselmo, P Amsalem, A Dzwilewski, K Svensson, N Koch, E Moons","PHOTODEGRADATION OF PCBM AND C60 FILMS",,"","","","https://scholar.google.com",558,"2023-03-01 19:14:36","","","","https://scholar.google.com/citations?view_op=view_citation&hl=en&user=1EaLR-UAAAAJ&cstart=500&pagesize=100&citation_for_view=1EaLR-UAAAAJ:FAceZFleit8C",,,,,0,0.00,0,6,,"","",""
0,"HJ Brandt, R Resel, J Keckés, B Koppelhuber-Bitschnau, N Koch, ...","Determination of crystallite size and lattice strain in hexaphenyl thin fillms by line profile analysis In: Mat. Res. Soc. Symp. Proc, Vol. 561, pp. 161-166 (1999)",,"","","","https://scholar.google.com",559,"2023-03-01 19:14:36","","","","https://scholar.google.com/citations?view_op=view_citation&hl=en&user=1EaLR-UAAAAJ&cstart=500&pagesize=100&citation_for_view=1EaLR-UAAAAJ:4fGpz3EwCPoC",,,,,0,0.00,0,6,,"","",""
0,"AC Dürr, N Koch, J Ghijsen, RL Johnson, JJ Pireaux, F Schreiber, ...","Electronic Structure Symmetry at Au-Diindenoperylene-Au Interfaces",,"","","","https://scholar.google.com",560,"2023-03-01 19:14:36","","","","https://scholar.google.com/citations?view_op=view_citation&hl=en&user=1EaLR-UAAAAJ&cstart=500&pagesize=100&citation_for_view=1EaLR-UAAAAJ:BUYA1_V_uYcC",,,,,0,0.00,0,7,,"","",""
