Cites,Authors,Title,Year,Source,Publisher,ArticleURL,CitesURL,GSRank,QueryDate,Type,DOI,ISSN,CitationURL,Volume,Issue,StartPage,EndPage,ECC,CitesPerYear,CitesPerAuthor,AuthorCount,Age,Abstract,FullTextURL,RelatedURL
1571,"J Tang, KW Kemp, S Hoogland, KS Jeong, H Liu, L Levina, M Furukawa, ...","Colloidal-quantum-dot photovoltaics using atomic-ligand passivation",2011,"Nature materials","","","https://scholar.google.com/scholar?oi=bibs&hl=en&cites=13918062964113523077",1,"2023-03-01 19:18:41","Journal article","","","https://scholar.google.com/citations?view_op=view_citation&hl=en&user=4kRaGsEAAAAJ&pagesize=100&citation_for_view=4kRaGsEAAAAJ:ZuybSZzF8UAC",10,10,765,771,1571,130.92,196,8,12,"","",""
1363,"AH Ip, SM Thon, S Hoogland, O Voznyy, D Zhitomirsky, R Debnath, ...","Hybrid passivated colloidal quantum dot solids",2012,"Nature nanotechnology","","","https://scholar.google.com/scholar?oi=bibs&hl=en&cites=14515727524571595529",2,"2023-03-01 19:18:41","Journal article","","","https://scholar.google.com/citations?view_op=view_citation&hl=en&user=4kRaGsEAAAAJ&pagesize=100&citation_for_view=4kRaGsEAAAAJ:JQOojiI6XY0C",7,9,577,582,1363,123.91,195,7,11,"","",""
1121,"LN Quan, M Yuan, R Comin, O Voznyy, EM Beauregard, S Hoogland, ...","Ligand-stabilized reduced-dimensionality perovskites",2016,"Journal of the American Chemical Society","","","https://scholar.google.com/scholar?oi=bibs&hl=en&cites=1733681133642355273",3,"2023-03-01 19:18:41","Journal article","","","https://scholar.google.com/citations?view_op=view_citation&hl=en&user=4kRaGsEAAAAJ&pagesize=100&citation_for_view=4kRaGsEAAAAJ:UebtZRa9Y70C",138,8,2649,2655,1121,160.14,160,7,7,"","",""
962,"D Baran, RS Ashraf, DA Hanifi, M Abdelsamie, N Gasparini, JA Röhr, ...","Reducing the efficiency–stability–cost gap of organic photovoltaics with highly efficient and stable small molecule acceptor ternary solar cells",2017,"Nature materials","","","https://scholar.google.com/scholar?oi=bibs&hl=en&cites=12928987756787581132",4,"2023-03-01 19:18:41","Journal article","","","https://scholar.google.com/citations?view_op=view_citation&hl=en&user=4kRaGsEAAAAJ&pagesize=100&citation_for_view=4kRaGsEAAAAJ:eq2jaN3J8jMC",16,3,363,369,962,160.33,137,7,6,"","",""
784,"K Vandewal, S Albrecht, ET Hoke, KR Graham, J Widmer, JD Douglas, ...","Efficient charge generation by relaxed charge-transfer states at organic interfaces",2014,"Nature materials","","","https://scholar.google.com/scholar?oi=bibs&hl=en&cites=17648274034680029513",5,"2023-03-01 19:18:41","Journal article","","","https://scholar.google.com/citations?view_op=view_citation&hl=en&user=4kRaGsEAAAAJ&pagesize=100&citation_for_view=4kRaGsEAAAAJ:ILKRHgRFtOwC",13,1,63,68,784,87.11,112,7,9,"","",""
615,"T Niu, J Lu, R Munir, J Li, D Barrit, X Zhang, H Hu, Z Yang, A Amassian, ...","Stable high‐performance perovskite solar cells via grain boundary passivation",2018,"Advanced Materials","","","https://scholar.google.com/scholar?oi=bibs&hl=en&cites=2473477108186622689",6,"2023-03-01 19:18:41","Journal article","","","https://scholar.google.com/citations?view_op=view_citation&hl=en&user=4kRaGsEAAAAJ&pagesize=100&citation_for_view=4kRaGsEAAAAJ:Zph67rFs4hoC",30,16,1706576,1706576,615,123.00,62,10,5,"","",""
599,"Z Ning, O Voznyy, J Pan, S Hoogland, V Adinolfi, J Xu, M Li, AR Kirmani, ...","Air-stable n-type colloidal quantum dot solids",2014,"Nature materials","","","https://scholar.google.com/scholar?oi=bibs&hl=en&cites=14063711286796894977",7,"2023-03-01 19:18:41","Journal article","","","https://scholar.google.com/citations?view_op=view_citation&hl=en&user=4kRaGsEAAAAJ&pagesize=100&citation_for_view=4kRaGsEAAAAJ:PR6Y55bgFSsC",13,8,822,828,599,66.56,67,9,9,"","",""
584,"M Liu, O Voznyy, R Sabatini, FP García de Arquer, R Munir, AH Balawi, ...","Hybrid organic–inorganic inks flatten the energy landscape in colloidal quantum dot solids",2017,"Nature materials","","","https://scholar.google.com/scholar?oi=bibs&hl=en&cites=12536037325888956145",8,"2023-03-01 19:18:41","Journal article","","","https://scholar.google.com/citations?view_op=view_citation&hl=en&user=4kRaGsEAAAAJ&pagesize=100&citation_for_view=4kRaGsEAAAAJ:_B80troHkn4C",16,2,258,263,584,97.33,83,7,6,"","",""
563,"X Zhang, X Ren, B Liu, R Munir, X Zhu, D Yang, J Li, Y Liu, DM Smilgies, ...","Stable high efficiency two-dimensional perovskite solar cells via cesium doping",2017,"Energy &Environmental Science","","","https://scholar.google.com/scholar?oi=bibs&hl=en&cites=2972044775794012726",9,"2023-03-01 19:18:41","Journal article","","","https://scholar.google.com/citations?view_op=view_citation&hl=en&user=4kRaGsEAAAAJ&pagesize=100&citation_for_view=4kRaGsEAAAAJ:M3ejUd6NZC8C",10,10,2095,2102,563,93.83,56,10,6,"","",""
525,"D Baran, T Kirchartz, S Wheeler, S Dimitrov, M Abdelsamie, J Gorman, ...","Reduced voltage losses yield 10% efficient fullerene free organic solar cells with> 1 V open circuit voltages",2016,"Energy &environmental science","","","https://scholar.google.com/scholar?oi=bibs&hl=en&cites=152444386412332612",10,"2023-03-01 19:18:41","Journal article","","","https://scholar.google.com/citations?view_op=view_citation&hl=en&user=4kRaGsEAAAAJ&pagesize=100&citation_for_view=4kRaGsEAAAAJ:u-x6o8ySG0sC",9,12,3783,3793,525,75.00,75,7,7,"","",""
485,"JA Bartelt, ZM Beiley, ET Hoke, WR Mateker, JD Douglas, BA Collins, ...","The importance of fullerene percolation in the mixed regions of polymer–fullerene bulk heterojunction solar cells",2013,"Advanced Energy Materials","","","https://scholar.google.com/scholar?oi=bibs&hl=en&cites=12816217232097449611",11,"2023-03-01 19:18:41","Journal article","","","https://scholar.google.com/citations?view_op=view_citation&hl=en&user=4kRaGsEAAAAJ&pagesize=100&citation_for_view=4kRaGsEAAAAJ:9vf0nzSNQJEC",3,3,364,374,485,48.50,69,7,10,"","",""
384,"C Kanimozhi, N Yaacobi-Gross, KW Chou, A Amassian, TD Anthopoulos, ...","Diketopyrrolopyrrole–diketopyrrolopyrrole-based conjugated copolymer for high-mobility organic field-effect transistors",2012,"Journal of the American Chemical Society","","","https://scholar.google.com/scholar?oi=bibs&hl=en&cites=11864608492325611414",12,"2023-03-01 19:18:41","Journal article","","","https://scholar.google.com/citations?view_op=view_citation&hl=en&user=4kRaGsEAAAAJ&pagesize=100&citation_for_view=4kRaGsEAAAAJ:WA5NYHcadZ8C",134,40,16532,16535,384,34.91,64,6,11,"","",""
349,"KR Graham, C Cabanetos, JP Jahnke, MN Idso, A El Labban, ...","Importance of the donor: fullerene intermolecular arrangement for high-efficiency organic photovoltaics",2014,"Journal of the American Chemical Society","","","https://scholar.google.com/scholar?oi=bibs&hl=en&cites=8715363947061438659",13,"2023-03-01 19:18:41","Journal article","","","https://scholar.google.com/citations?view_op=view_citation&hl=en&user=4kRaGsEAAAAJ&pagesize=100&citation_for_view=4kRaGsEAAAAJ:1sJd4Hv_s6UC",136,27,9608,9618,349,38.78,58,6,9,"","",""
320,"R Quintero-Bermudez, A Gold-Parker, AH Proppe, R Munir, Z Yang, ...","Compositional and orientational control in metal halide perovskites of reduced dimensionality",2018,"Nature materials","","","https://scholar.google.com/scholar?oi=bibs&hl=en&cites=12409356895102618777",14,"2023-03-01 19:18:41","Journal article","","","https://scholar.google.com/citations?view_op=view_citation&hl=en&user=4kRaGsEAAAAJ&pagesize=100&citation_for_view=4kRaGsEAAAAJ:lmc2jWPfTJgC",17,10,900,907,320,64.00,53,6,5,"","",""
289,"W Yu, F Li, L Yu, MR Niazi, Y Zou, D Corzo, A Basu, C Ma, S Dey, ...","Single crystal hybrid perovskite field-effect transistors",2018,"Nature communications","","","https://scholar.google.com/scholar?oi=bibs&hl=en&cites=7935523007873107943",15,"2023-03-01 19:18:41","Journal article","","","https://scholar.google.com/citations?view_op=view_citation&hl=en&user=4kRaGsEAAAAJ&pagesize=100&citation_for_view=4kRaGsEAAAAJ:S16KYo8Pm5AC",9,1,5354,5354,289,57.80,29,10,5,"","",""
275,"A Giovannitti, CB Nielsen, DT Sbircea, S Inal, M Donahue, MR Niazi, ...","N-type organic electrochemical transistors with stability in water",2016,"Nature communications","","","https://scholar.google.com/scholar?oi=bibs&hl=en&cites=12754407623769993982",16,"2023-03-01 19:18:41","Journal article","","","https://scholar.google.com/citations?view_op=view_citation&hl=en&user=4kRaGsEAAAAJ&pagesize=100&citation_for_view=4kRaGsEAAAAJ:JoZmwDi-zQgC",7,1,13066,13066,275,39.29,39,7,7,"","",""
266,"CB Nielsen, A Giovannitti, DT Sbircea, E Bandiello, MR Niazi, DA Hanifi, ...","Molecular design of semiconducting polymers for high-performance organic electrochemical transistors",2016,"Journal of the American Chemical Society","","","https://scholar.google.com/scholar?oi=bibs&hl=en&cites=9485113747269255434",17,"2023-03-01 19:18:41","Journal article","","","https://scholar.google.com/citations?view_op=view_citation&hl=en&user=4kRaGsEAAAAJ&pagesize=100&citation_for_view=4kRaGsEAAAAJ:WbkHhVStYXYC",138,32,10252,10259,266,38.00,38,7,7,"","",""
262,"J Xu, O Voznyy, M Liu, AR Kirmani, G Walters, R Munir, M Abdelsamie, ...","2D matrix engineering for homogeneous quantum dot coupling in photovoltaic solids",2018,"Nature nanotechnology","","","https://scholar.google.com/scholar?oi=bibs&hl=en&cites=14832136684962388260",18,"2023-03-01 19:18:41","Journal article","","","https://scholar.google.com/citations?view_op=view_citation&hl=en&user=4kRaGsEAAAAJ&pagesize=100&citation_for_view=4kRaGsEAAAAJ:Fu2w8maKXqMC",13,6,456,462,262,52.40,33,8,5,"","",""
253,"J Smith, W Zhang, R Sougrat, K Zhao, R Li, D Cha, A Amassian, ...","Solution‐Processed Small Molecule‐Polymer Blend Organic Thin‐Film Transistors with Hole Mobility Greater than 5 cm2/Vs",2012,"Advanced materials","","","https://scholar.google.com/scholar?oi=bibs&hl=en&cites=783573953057784531",19,"2023-03-01 19:18:41","Journal article","","","https://scholar.google.com/citations?view_op=view_citation&hl=en&user=4kRaGsEAAAAJ&pagesize=100&citation_for_view=4kRaGsEAAAAJ:Tyk-4Ss8FVUC",24,18,2441,2446,253,23.00,32,8,11,"","",""
240,"EHS Gi-Hwan Kim, F Pelayo García de Arquer, Yung Jin Yoon, Xinzheng Lan ...","High-efficiency colloidal quantum dot photovoltaics via robust self-assembled monolayers",2015,"Nano letters","","","https://scholar.google.com/scholar?oi=bibs&hl=en&cites=12987101713289342630,3144688936515994213",20,"2023-03-01 19:18:41","Journal article","","","https://scholar.google.com/citations?view_op=view_citation&hl=en&user=4kRaGsEAAAAJ&pagesize=100&citation_for_view=4kRaGsEAAAAJ:b1wdh0AR-JQC",15,11,7691,7696,240,30.00,60,4,8,"","",""
232,"MR Niazi, R Li, E Qiang Li, AR Kirmani, M Abdelsamie, Q Wang, W Pan, ...","Solution-printed organic semiconductor blends exhibiting transport properties on par with single crystals",2015,"Nature communications","","","https://scholar.google.com/scholar?oi=bibs&hl=en&cites=18383051752385328287",21,"2023-03-01 19:18:41","Journal article","","","https://scholar.google.com/citations?view_op=view_citation&hl=en&user=4kRaGsEAAAAJ&pagesize=100&citation_for_view=4kRaGsEAAAAJ:kuK5TVdYjLIC",6,1,8598,8598,232,29.00,29,8,8,"","",""
229,"K Mahmood, BS Swain, A Amassian","16.1% Efficient hysteresis‐free mesostructured perovskite solar cells based on synergistically improved ZnO nanorod arrays",2015,"Advanced Energy Materials","","","https://scholar.google.com/scholar?oi=bibs&hl=en&cites=9447027979286698005",22,"2023-03-01 19:18:41","Journal article","","","https://scholar.google.com/citations?view_op=view_citation&hl=en&user=4kRaGsEAAAAJ&pagesize=100&citation_for_view=4kRaGsEAAAAJ:Tiz5es2fbqcC",5,17,1500568,1500568,229,28.63,76,3,8,"","",""
223,"X Zhang, R Munir, Z Xu, Y Liu, H Tsai, W Nie, J Li, T Niu, DM Smilgies, ...","Phase transition control for high performance Ruddlesden–Popper perovskite solar cells",2018,"Advanced Materials","","","https://scholar.google.com/scholar?oi=bibs&hl=en&cites=14425860228896470253",23,"2023-03-01 19:18:41","Journal article","","","https://scholar.google.com/citations?view_op=view_citation&hl=en&user=4kRaGsEAAAAJ&pagesize=100&citation_for_view=4kRaGsEAAAAJ:dQ2og3OwTAUC",30,21,1707166,1707166,223,44.60,22,10,5,"","",""
219,"S Sweetnam, KR Graham, GO Ngongang Ndjawa, T Heumüller, ...","Characterization of the polymer energy landscape in polymer: fullerene bulk heterojunctions with pure and mixed phases",2014,"Journal of the American Chemical Society","","","https://scholar.google.com/scholar?oi=bibs&hl=en&cites=11501189410725554265",24,"2023-03-01 19:18:41","Journal article","","","https://scholar.google.com/citations?view_op=view_citation&hl=en&user=4kRaGsEAAAAJ&pagesize=100&citation_for_view=4kRaGsEAAAAJ:bnK-pcrLprsC",136,40,14078,14088,219,24.33,44,5,9,"","",""
208,"P Pattanasattayavong, N Yaacobi‐Gross, K Zhao, GON Ndjawa, J Li, ...","Hole‐transporting transistors and circuits based on the transparent inorganic semiconductor copper (I) thiocyanate (CuSCN) processed from solution at room temperature",2013,"Advanced Materials","","","https://scholar.google.com/scholar?oi=bibs&hl=en&cites=11124586439734549798",25,"2023-03-01 19:18:41","Journal article","","","https://scholar.google.com/citations?view_op=view_citation&hl=en&user=4kRaGsEAAAAJ&pagesize=100&citation_for_view=4kRaGsEAAAAJ:V3AGJWp-ZtQC",25,10,1504,1509,208,20.80,35,6,10,"","",""
203,"K Mahmood, BS Swain, AR Kirmani, A Amassian","Highly efficient perovskite solar cells based on a nanostructured WO 3–TiO 2 core–shell electron transporting material",2015,"Journal of Materials Chemistry A","","","https://scholar.google.com/scholar?oi=bibs&hl=en&cites=17030956725251237060",26,"2023-03-01 19:18:41","Journal article","","","https://scholar.google.com/citations?view_op=view_citation&hl=en&user=4kRaGsEAAAAJ&pagesize=100&citation_for_view=4kRaGsEAAAAJ:AvfA0Oy_GE0C",3,17,9051,9057,203,25.38,51,4,8,"","",""
203,"HH Fong, VA Pozdin, A Amassian, GG Malliaras, DM Smilgies, M He, ...","Tetrathienoacene copolymers as high mobility, soluble organic semiconductors",2008,"Journal of the American Chemical Society","","","https://scholar.google.com/scholar?oi=bibs&hl=en&cites=17733581957416966751",27,"2023-03-01 19:18:41","Journal article","","","https://scholar.google.com/citations?view_op=view_citation&hl=en&user=4kRaGsEAAAAJ&pagesize=100&citation_for_view=4kRaGsEAAAAJ:g3aElNc5_aQC",130,40,13202,13203,203,13.53,29,7,15,"","",""
190,"HW Ro, JM Downing, S Engmann, AA Herzing, DM DeLongchamp, ...","Morphology changes upon scaling a high-efficiency, solution-processed solar cell",2016,"Energy &Environmental Science","","","https://scholar.google.com/scholar?oi=bibs&hl=en&cites=12307433568810097034,8707376891202771882,9707793571677809821,1247647461832470141",28,"2023-03-01 19:18:41","Journal article","","","https://scholar.google.com/citations?view_op=view_citation&hl=en&user=4kRaGsEAAAAJ&pagesize=100&citation_for_view=4kRaGsEAAAAJ:Y5dfb0dijaUC",9,9,2835,2846,190,27.14,32,6,7,"","",""
188,"T Niu, J Lu, MC Tang, D Barrit, DM Smilgies, Z Yang, J Li, Y Fan, T Luo, ...","High performance ambient-air-stable FAPbI 3 perovskite solar cells with molecule-passivated Ruddlesden–Popper/3D heterostructured film",2018,"Energy &Environmental Science","","","https://scholar.google.com/scholar?oi=bibs&hl=en&cites=10342617943394887194",29,"2023-03-01 19:18:41","Journal article","","","https://scholar.google.com/citations?view_op=view_citation&hl=en&user=4kRaGsEAAAAJ&pagesize=100&citation_for_view=4kRaGsEAAAAJ:oNZyr7d5Mn4C",11,12,3358,3366,188,37.60,19,10,5,"","",""
188,"YH Lin, H Faber, K Zhao, Q Wang, A Amassian, M McLachlan, ...","High‐performance ZnO transistors processed via an aqueous carbon‐free metal oxide precursor route at temperatures between 80–180 C",2013,"Advanced Materials","","","https://scholar.google.com/scholar?oi=bibs&hl=en&cites=14468230098379213754",30,"2023-03-01 19:18:41","Journal article","","","https://scholar.google.com/citations?view_op=view_citation&hl=en&user=4kRaGsEAAAAJ&pagesize=100&citation_for_view=4kRaGsEAAAAJ:UHK10RUVsp4C",25,31,4340,4346,188,18.80,27,7,10,"","",""
185,"KW Chou, B Yan, R Li, EQ Li, K Zhao, DH Anjum, S Alvarez, R Gassaway, ...","Spin‐cast bulk heterojunction solar cells: a dynamical investigation",2013,"Advanced Materials","","","https://scholar.google.com/scholar?oi=bibs&hl=en&cites=17075338707388179572",31,"2023-03-01 19:18:41","Journal article","","","https://scholar.google.com/citations?view_op=view_citation&hl=en&user=4kRaGsEAAAAJ&pagesize=100&citation_for_view=4kRaGsEAAAAJ:BUYA1_V_uYcC",25,13,1923,1929,185,18.50,21,9,10,"","",""
184,"LA Perez, KW Chou, JA Love, TS Van Der Poll, DM Smilgies, TQ Nguyen, ...","Solvent additive effects on small molecule crystallization in bulk heterojunction solar cells probed during spin casting",2013,"Advanced materials","","","https://scholar.google.com/scholar?oi=bibs&hl=en&cites=12869241432699602453",32,"2023-03-01 19:18:41","Journal article","","","https://scholar.google.com/citations?view_op=view_citation&hl=en&user=4kRaGsEAAAAJ&pagesize=100&citation_for_view=4kRaGsEAAAAJ:SdhP9T11ey4C",25,44,6380,6384,184,18.40,26,7,10,"","",""
180,"M Liu, Y Chen, CS Tan, R Quintero-Bermudez, AH Proppe, R Munir, ...","Lattice anchoring stabilizes solution-processed semiconductors",2019,"Nature","","","https://scholar.google.com/scholar?oi=bibs&hl=en&cites=14917019811096836458",33,"2023-03-01 19:18:41","Journal article","","","https://scholar.google.com/citations?view_op=view_citation&hl=en&user=4kRaGsEAAAAJ&pagesize=100&citation_for_view=4kRaGsEAAAAJ:YohjEiUPhakC",570,7759,96,101,180,45.00,26,7,4,"","",""
175,"IJ Kramer, JC Minor, G Moreno‐Bautista, L Rollny, P Kanjanaboos, ...","Efficient spray‐coated colloidal quantum dot solar cells",2015,"Advanced materials","","","https://scholar.google.com/scholar?oi=bibs&hl=en&cites=490679417048836722",34,"2023-03-01 19:18:41","Journal article","","","https://scholar.google.com/citations?view_op=view_citation&hl=en&user=4kRaGsEAAAAJ&pagesize=100&citation_for_view=4kRaGsEAAAAJ:qjMakFHDy7sC",27,1,116,121,175,21.88,29,6,8,"","",""
174,"P Pattanasattayavong, GON Ndjawa, K Zhao, KW Chou, N Yaacobi-Gross, ...","Electric field-induced hole transport in copper (I) thiocyanate (CuSCN) thin-films processed from solution at room temperature",2013,"Chemical Communications","","","https://scholar.google.com/scholar?oi=bibs&hl=en&cites=15797136028651581012",35,"2023-03-01 19:18:41","Journal article","","","https://scholar.google.com/citations?view_op=view_citation&hl=en&user=4kRaGsEAAAAJ&pagesize=100&citation_for_view=4kRaGsEAAAAJ:fEOibwPWpKIC",49,39,4154,4156,174,17.40,29,6,10,"","",""
170,"Y Liu, Y Zhang, Z Yang, H Ye, J Feng, Z Xu, X Zhang, R Munir, J Liu, ...","Multi-inch single-crystalline perovskite membrane for high-detectivity flexible photosensors",2018,"Nature Communications","","","https://scholar.google.com/scholar?oi=bibs&hl=en&cites=7617286820572766250",36,"2023-03-01 19:18:41","Journal article","","","https://scholar.google.com/citations?view_op=view_citation&hl=en&user=4kRaGsEAAAAJ&pagesize=100&citation_for_view=4kRaGsEAAAAJ:-FonjvnnhkoC",9,1,5302,5302,170,34.00,17,10,5,"","",""
170,"R Munir, AD Sheikh, M Abdelsamie, H Hu, L Yu, K Zhao, T Kim, OE Tall, ...","Hybrid perovskite thin‐film photovoltaics: in situ diagnostics and importance of the precursor solvate phases",2017,"Advanced Materials","","","https://scholar.google.com/scholar?oi=bibs&hl=en&cites=5776859357591632438",37,"2023-03-01 19:18:41","Journal article","","","https://scholar.google.com/citations?view_op=view_citation&hl=en&user=4kRaGsEAAAAJ&pagesize=100&citation_for_view=4kRaGsEAAAAJ:ns9cj8rnVeAC",29,2,1604113,1604113,170,28.33,19,9,6,"","",""
170,"P Jedrzejowski, J Cizek, A Amassian, JE Klemberg-Sapieha, J Vlcek, ...","Mechanical and optical properties of hard SiCN coatings prepared by PECVD",2004,"Thin Solid Films","","","https://scholar.google.com/scholar?oi=bibs&hl=en&cites=4599237247508615915",38,"2023-03-01 19:18:41","Journal article","","","https://scholar.google.com/citations?view_op=view_citation&hl=en&user=4kRaGsEAAAAJ&pagesize=100&citation_for_view=4kRaGsEAAAAJ:RHpTSmoSYBkC",447,,201,207,170,8.95,28,6,19,"","",""
164,"Y Zhong, R Munir, J Li, MC Tang, MR Niazi, DM Smilgies, K Zhao, ...","Blade-coated hybrid perovskite solar cells with efficiency> 17%: an in situ investigation",2018,"ACS Energy Letters","","","https://scholar.google.com/scholar?oi=bibs&hl=en&cites=6470048616177025636",39,"2023-03-01 19:18:41","Journal article","","","https://scholar.google.com/citations?view_op=view_citation&hl=en&user=4kRaGsEAAAAJ&pagesize=100&citation_for_view=4kRaGsEAAAAJ:M05iB0D1s5AC",3,5,1078,1085,164,32.80,21,8,5,"","",""
163,"RW Epps, MS Bowen, AA Volk, K Abdel‐Latif, S Han, KG Reyes, ...","Artificial chemist: an autonomous quantum dot synthesis bot",2020,"Advanced Materials","","","https://scholar.google.com/scholar?oi=bibs&hl=en&cites=12912457153321669492,6257898320855506817",40,"2023-03-01 19:18:41","Journal article","","","https://scholar.google.com/citations?view_op=view_citation&hl=en&user=4kRaGsEAAAAJ&pagesize=100&citation_for_view=4kRaGsEAAAAJ:yFnVuubrUp4C",32,30,2001626,2001626,163,54.33,23,7,3,"","",""
163,"LK Jagadamma, M Al‐Senani, A El‐Labban, I Gereige, ...","Polymer solar cells with efficiency> 10% enabled via a facile solution‐processed Al‐doped ZnO electron transporting layer",2015,"Advanced Energy Materials","","","https://scholar.google.com/scholar?oi=bibs&hl=en&cites=17408820515725611639",41,"2023-03-01 19:18:41","Journal article","","","https://scholar.google.com/citations?view_op=view_citation&hl=en&user=4kRaGsEAAAAJ&pagesize=100&citation_for_view=4kRaGsEAAAAJ:vbGhcppDl1QC",5,12,1500204,1500204,163,20.38,33,5,8,"","",""
159,"Y Zhang, P Wang, MC Tang, D Barrit, W Ke, J Liu, T Luo, Y Liu, T Niu, ...","Dynamical transformation of two-dimensional perovskites with alternating cations in the interlayer space for high-performance photovoltaics",2019,"Journal of the American Chemical Society","","","https://scholar.google.com/scholar?oi=bibs&hl=en&cites=7031479204003555893",42,"2023-03-01 19:18:41","Journal article","","","https://scholar.google.com/citations?view_op=view_citation&hl=en&user=4kRaGsEAAAAJ&pagesize=100&citation_for_view=4kRaGsEAAAAJ:hCrLmN-GePgC",141,6,2684,2694,159,39.75,16,10,4,"","",""
158,"J Li, R Munir, Y Fan, T Niu, Y Liu, Y Zhong, Z Yang, Y Tian, B Liu, J Sun, ...","Phase transition control for high-performance blade-coated perovskite solar cells",2018,"Joule","","","https://scholar.google.com/scholar?oi=bibs&hl=en&cites=17758830178145474165",43,"2023-03-01 19:18:41","Journal article","","","https://scholar.google.com/citations?view_op=view_citation&hl=en&user=4kRaGsEAAAAJ&pagesize=100&citation_for_view=4kRaGsEAAAAJ:KUbvn5osdkgC",2,7,1313,1330,158,31.60,16,11,5,"","",""
158,"M Abulikemu, S Ould-Chikh, X Miao, E Alarousu, B Murali, GON Ndjawa, ...","Optoelectronic and photovoltaic properties of the air-stable organohalide semiconductor (CH 3 NH 3) 3 Bi 2 I 9",2016,"Journal of Materials Chemistry A","","","https://scholar.google.com/scholar?oi=bibs&hl=en&cites=17553377794081078307",44,"2023-03-01 19:18:41","Journal article","","","https://scholar.google.com/citations?view_op=view_citation&hl=en&user=4kRaGsEAAAAJ&pagesize=100&citation_for_view=4kRaGsEAAAAJ:L7CI7m0gUJcC",4,32,12504,12515,158,22.57,23,7,7,"","",""
156,"LJ Richter, DM DeLongchamp, A Amassian","Morphology development in solution-processed functional organic blend films: an in situ viewpoint",2017,"Chemical Reviews","","","https://scholar.google.com/scholar?oi=bibs&hl=en&cites=15450306782123702430",45,"2023-03-01 19:18:41","Journal article","","","https://scholar.google.com/citations?view_op=view_citation&hl=en&user=4kRaGsEAAAAJ&pagesize=100&citation_for_view=4kRaGsEAAAAJ:2KloaMYe4IUC",117,9,6332,6366,156,26.00,52,3,6,"","",""
153,"N Cates, E Cho, MJN Junk, R Gysel, C Risko, D Kim, S Sweetnam, ...","Use of X‐ray diffraction, molecular simulations, and spectroscopy to determine the molecular packing in a polymer‐fullerene bimolecular crystal",2012,"Advanced Materials","","","https://scholar.google.com/scholar?oi=bibs&hl=en&cites=14004423642795184010",46,"2023-03-01 19:18:41","Journal article","","","https://scholar.google.com/citations?view_op=view_citation&hl=en&user=4kRaGsEAAAAJ&pagesize=100&citation_for_view=4kRaGsEAAAAJ:k_IJM867U9cC",24,45,6071,6079,153,13.91,19,8,11,"","",""
151,"HX Dang, K Wang, M Ghasemi, MC Tang, M De Bastiani, E Aydin, ...","Multi-cation synergy suppresses phase segregation in mixed-halide perovskites",2019,"Joule","","","https://scholar.google.com/scholar?oi=bibs&hl=en&cites=5661929801740894007",47,"2023-03-01 19:18:41","Journal article","","","https://scholar.google.com/citations?view_op=view_citation&hl=en&user=4kRaGsEAAAAJ&pagesize=100&citation_for_view=4kRaGsEAAAAJ:Ri6SYOTghG4C",3,7,1746,1764,151,37.75,22,7,4,"","",""
148,"K Zhao, R Munir, B Yan, Y Yang, T Kim, A Amassian","Solution-processed inorganic copper (I) thiocyanate (CuSCN) hole transporting layers for efficient p–i–n perovskite solar cells",2015,"Journal of Materials Chemistry A","","","https://scholar.google.com/scholar?oi=bibs&hl=en&cites=16310464506746735766",48,"2023-03-01 19:18:41","Journal article","","","https://scholar.google.com/citations?view_op=view_citation&hl=en&user=4kRaGsEAAAAJ&pagesize=100&citation_for_view=4kRaGsEAAAAJ:ipzZ9siozwsC",3,41,20554,20559,148,18.50,25,6,8,"","",""
144,"J Hynynen, D Kiefer, L Yu, R Kroon, R Munir, A Amassian, M Kemerink, ...","Enhanced electrical conductivity of molecularly p-doped poly (3-hexylthiophene) through understanding the correlation with solid-state order",2017,"Macromolecules","","","https://scholar.google.com/scholar?oi=bibs&hl=en&cites=5551134198950573166",49,"2023-03-01 19:18:41","Journal article","","","https://scholar.google.com/citations?view_op=view_citation&hl=en&user=4kRaGsEAAAAJ&pagesize=100&citation_for_view=4kRaGsEAAAAJ:BqipwSGYUEgC",50,20,8140,8148,144,24.00,18,8,6,"","",""
142,"YH Lin, H Faber, JG Labram, E Stratakis, L Sygellou, E Kymakis, ...","High Electron mobility thin‐film transistors based on solution‐processed semiconducting metal oxide heterojunctions and quasi‐superlattices",2015,"Advanced Science","","","https://scholar.google.com/scholar?oi=bibs&hl=en&cites=8909493565777662700",50,"2023-03-01 19:18:41","Journal article","","","https://scholar.google.com/citations?view_op=view_citation&hl=en&user=4kRaGsEAAAAJ&pagesize=100&citation_for_view=4kRaGsEAAAAJ:SP6oXDckpogC",2,7,1500058,1500058,142,17.75,20,7,8,"","",""
142,"K Zhao, HU Khan, R Li, Y Su, A Amassian","Entanglement of Conjugated Polymer Chains Influences Molecular Self‐Assembly and Carrier Transport",2013,"Advanced Functional Materials","","","https://scholar.google.com/scholar?oi=bibs&hl=en&cites=3279590299811071569",51,"2023-03-01 19:18:41","Journal article","","","https://scholar.google.com/citations?view_op=view_citation&hl=en&user=4kRaGsEAAAAJ&pagesize=100&citation_for_view=4kRaGsEAAAAJ:dhFuZR0502QC",23,48,6024,6035,142,14.20,28,5,10,"","",""
138,"G Giri, R Li, DM Smilgies, EQ Li, Y Diao, KM Lenn, M Chiu, DW Lin, ...","One-dimensional self-confinement promotes polymorph selection in large-area organic semiconductor thin films",2014,"Nature communications","","","https://scholar.google.com/scholar?oi=bibs&hl=en&cites=4372090251218028892",52,"2023-03-01 19:18:41","Journal article","","","https://scholar.google.com/citations?view_op=view_citation&hl=en&user=4kRaGsEAAAAJ&pagesize=100&citation_for_view=4kRaGsEAAAAJ:mB3voiENLucC",5,1,3573,3573,138,15.33,15,9,9,"","",""
136,"T Niu, J Lu, X Jia, Z Xu, MC Tang, D Barrit, N Yuan, J Ding, X Zhang, ...","Interfacial engineering at the 2D/3D heterojunction for high-performance perovskite solar cells",2019,"Nano letters","","","https://scholar.google.com/scholar?oi=bibs&hl=en&cites=7857647575650100980",53,"2023-03-01 19:18:41","Journal article","","","https://scholar.google.com/citations?view_op=view_citation&hl=en&user=4kRaGsEAAAAJ&pagesize=100&citation_for_view=4kRaGsEAAAAJ:NXb4pA-qfm4C",19,10,7181,7190,136,34.00,14,10,4,"","",""
136,"LK Jagadamma, M Abdelsamie, A El Labban, E Aresu, GON Ndjawa, ...","Efficient inverted bulk-heterojunction solar cells from low-temperature processing of amorphous ZnO buffer layers",2014,"Journal of Materials Chemistry A","","","https://scholar.google.com/scholar?oi=bibs&hl=en&cites=172130830953704287",54,"2023-03-01 19:18:41","Journal article","","","https://scholar.google.com/citations?view_op=view_citation&hl=en&user=4kRaGsEAAAAJ&pagesize=100&citation_for_view=4kRaGsEAAAAJ:d1gkVwhDpl0C",2,33,13321,13331,136,15.11,23,6,9,"","",""
136,"P Maraghechi, AJ Labelle, AR Kirmani, X Lan, MM Adachi, SM Thon, ...","The donor–supply electrode enhances performance in colloidal quantum dot solar cells",2013,"ACS nano","","","https://scholar.google.com/scholar?oi=bibs&hl=en&cites=3028044507998044858",55,"2023-03-01 19:18:41","Journal article","","","https://scholar.google.com/citations?view_op=view_citation&hl=en&user=4kRaGsEAAAAJ&pagesize=100&citation_for_view=4kRaGsEAAAAJ:qxL8FJ1GzNcC",7,7,6111,6116,136,13.60,19,7,10,"","",""
133,"H Faber, S Das, YH Lin, N Pliatsikas, K Zhao, T Kehagias, ...","Heterojunction oxide thin-film transistors with unprecedented electron mobility grown from solution",2017,"Science advances","","","https://scholar.google.com/scholar?oi=bibs&hl=en&cites=15345324252680331909",56,"2023-03-01 19:18:41","Journal article","","","https://scholar.google.com/citations?view_op=view_citation&hl=en&user=4kRaGsEAAAAJ&pagesize=100&citation_for_view=4kRaGsEAAAAJ:_Re3VWB3Y0AC",3,3,1602640,,133,22.17,19,7,6,"","",""
133,"B Murali, S Dey, AL Abdelhady, W Peng, E Alarousu, AR Kirmani, N Cho, ...","Surface restructuring of hybrid perovskite crystals",2016,"ACS Energy Letters","","","https://scholar.google.com/scholar?oi=bibs&hl=en&cites=11134698683448384029",57,"2023-03-01 19:18:41","Journal article","","","https://scholar.google.com/citations?view_op=view_citation&hl=en&user=4kRaGsEAAAAJ&pagesize=100&citation_for_view=4kRaGsEAAAAJ:1qzjygNMrQYC",1,6,1119,1126,133,19.00,17,8,7,"","",""
130,"M Liu, FPG De Arquer, Y Li, X Lan, GH Kim, O Voznyy, LK Jagadamma, ...","Double‐sided junctions enable high‐performance colloidal‐quantum‐dot photovoltaics",2016,"Advanced Materials","","","https://scholar.google.com/scholar?oi=bibs&hl=en&cites=5838500900142406044",58,"2023-03-01 19:18:41","Journal article","","","https://scholar.google.com/citations?view_op=view_citation&hl=en&user=4kRaGsEAAAAJ&pagesize=100&citation_for_view=4kRaGsEAAAAJ:NaGl4SEjCO4C",28,21,4142,4148,130,18.57,16,8,7,"","",""
130,"W Yue, RS Ashraf, CB Nielsen, E Collado‐Fregoso, MR Niazi, SA Yousaf, ...","A Thieno[3,2‐b][1]benzothiophene Isoindigo Building Block for Additive‐ and Annealing‐Free High‐Performance Polymer Solar Cells",2015,"Advanced Materials","","","https://scholar.google.com/scholar?oi=bibs&hl=en&cites=10189198984870639197",59,"2023-03-01 19:18:41","Journal article","","","https://scholar.google.com/citations?view_op=view_citation&hl=en&user=4kRaGsEAAAAJ&pagesize=100&citation_for_view=4kRaGsEAAAAJ:8AbLer7MMksC",27,32,4702,4707,130,16.25,19,7,8,"","",""
129,"JP Masse, H Szymanowski, O Zabeida, A Amassian, ...","Stability and effect of annealing on the optical properties of plasma-deposited Ta2O5 and Nb2O5 films",2006,"Thin Solid Films","","","https://scholar.google.com/scholar?oi=bibs&hl=en&cites=7001878966567391005",60,"2023-03-01 19:18:41","Journal article","","","https://scholar.google.com/citations?view_op=view_citation&hl=en&user=4kRaGsEAAAAJ&pagesize=100&citation_for_view=4kRaGsEAAAAJ:zA6iFVUQeVQC",515,4,1674,1682,129,7.59,26,5,17,"","",""
124,"J Barbé, ML Tietze, M Neophytou, B Murali, E Alarousu, AE Labban, ...","Amorphous tin oxide as a low-temperature-processed electron-transport layer for organic and hybrid perovskite solar cells",2017,"ACS applied materials &interfaces","","","https://scholar.google.com/scholar?oi=bibs&hl=en&cites=1210268477993027061",61,"2023-03-01 19:18:41","Journal article","","","https://scholar.google.com/citations?view_op=view_citation&hl=en&user=4kRaGsEAAAAJ&pagesize=100&citation_for_view=4kRaGsEAAAAJ:Se3iqnhoufwC",9,13,11828,11836,124,20.67,18,7,6,"","",""
122,"L Sinatra, AP LaGrow, W Peng, AR Kirmani, A Amassian, H Idriss, ...","A Au/Cu2O–TiO2 system for photo-catalytic hydrogen production. A pn-junction effect or a simple case of in situ reduction?",2015,"Journal of Catalysis","","","https://scholar.google.com/scholar?oi=bibs&hl=en&cites=8497164806775255835",62,"2023-03-01 19:18:41","Journal article","","","https://scholar.google.com/citations?view_op=view_citation&hl=en&user=4kRaGsEAAAAJ&pagesize=100&citation_for_view=4kRaGsEAAAAJ:abG-DnoFyZgC",322,,109,117,122,15.25,17,7,8,"","",""
120,"M Ghasemi, N Balar, Z Peng, H Hu, Y Qin, T Kim, JJ Rech, M Bidwell, ...","A molecular interaction–diffusion framework for predicting organic solar cell stability",2021,"Nature materials","","","https://scholar.google.com/scholar?oi=bibs&hl=en&cites=14217698063585032542",63,"2023-03-01 19:18:41","Journal article","","","https://scholar.google.com/citations?view_op=view_citation&hl=en&user=4kRaGsEAAAAJ&pagesize=100&citation_for_view=4kRaGsEAAAAJ:GFxP56DSvIMC",20,4,525,532,120,60.00,13,9,2,"","",""
120,"KR Graham, P Erwin, D Nordlund, K Vandewal, R Li, ...","Re‐evaluating the Role of Sterics and Electronic Coupling in Determining the Open‐Circuit Voltage of Organic Solar Cells",2013,"Advanced materials","","","https://scholar.google.com/scholar?oi=bibs&hl=en&cites=15943475377787538331",64,"2023-03-01 19:18:41","Journal article","","","https://scholar.google.com/citations?view_op=view_citation&hl=en&user=4kRaGsEAAAAJ&pagesize=100&citation_for_view=4kRaGsEAAAAJ:VLnqNzywnoUC",25,42,6076,6082,120,12.00,20,6,10,"","",""
119,"K Zhao, O Wodo, D Ren, HU Khan, MR Niazi, H Hu, M Abdelsamie, R Li, ...","Vertical phase separation in small molecule: polymer blend organic thin film transistors can be dynamically controlled",2016,"Advanced Functional Materials","","","https://scholar.google.com/scholar?oi=bibs&hl=en&cites=8286512116595188941",65,"2023-03-01 19:18:41","Journal article","","","https://scholar.google.com/citations?view_op=view_citation&hl=en&user=4kRaGsEAAAAJ&pagesize=100&citation_for_view=4kRaGsEAAAAJ:bFI3QPDXJZMC",26,11,1737,1746,119,17.00,13,9,7,"","",""
117,"LJ Richter, DM DeLongchamp, FA Bokel, S Engmann, KW Chou, ...","In situ morphology studies of the mechanism for solution additive effects on the formation of bulk heterojunction films",2015,"Advanced Energy Materials","","","https://scholar.google.com/scholar?oi=bibs&hl=en&cites=2291702019450560957",66,"2023-03-01 19:18:41","Journal article","","","https://scholar.google.com/citations?view_op=view_citation&hl=en&user=4kRaGsEAAAAJ&pagesize=100&citation_for_view=4kRaGsEAAAAJ:kNdYIx-mwKoC",5,3,1400975,1400975,117,14.63,20,6,8,"","",""
112,"L Gao, LN Quan, FP García de Arquer, Y Zhao, R Munir, A Proppe, ...","Efficient near-infrared light-emitting diodes based on quantum dots in layered perovskite",2020,"Nature Photonics","","","https://scholar.google.com/scholar?oi=bibs&hl=en&cites=8370047721180296179,13496812444560969826",67,"2023-03-01 19:18:41","Journal article","","","https://scholar.google.com/citations?view_op=view_citation&hl=en&user=4kRaGsEAAAAJ&pagesize=100&citation_for_view=4kRaGsEAAAAJ:IRz6iEL74y4C",14,4,227,233,112,37.33,16,7,3,"","",""
107,"Y Fan, J Fang, X Chang, MC Tang, D Barrit, Z Xu, Z Jiang, J Wen, H Zhao, ...","Scalable ambient fabrication of high-performance CsPbI2Br solar cells",2019,"Joule","","","https://scholar.google.com/scholar?oi=bibs&hl=en&cites=14113638165406918666",68,"2023-03-01 19:18:41","Journal article","","","https://scholar.google.com/citations?view_op=view_citation&hl=en&user=4kRaGsEAAAAJ&pagesize=100&citation_for_view=4kRaGsEAAAAJ:0izLItjtcgwC",3,10,2485,2502,107,26.75,11,10,4,"","",""
103,"AR Kirmani, GH Carey, M Abdelsamie, B Yan, D Cha, LR Rollny, X Cui, ...","Effect of solvent environment on colloidal‐quantum‐dot solar‐cell manufacturability and performance",2014,"Advanced Materials","","","https://scholar.google.com/scholar?oi=bibs&hl=en&cites=8801925734208014103",69,"2023-03-01 19:18:41","Journal article","","","https://scholar.google.com/citations?view_op=view_citation&hl=en&user=4kRaGsEAAAAJ&pagesize=100&citation_for_view=4kRaGsEAAAAJ:nb7KW1ujOQ8C",26,27,4717,4723,103,11.44,13,8,9,"","",""
97,"M Tabbal, T Christidis, S Isber, P Merel, MA El Khakani, M Chaker, ...","Correlation between the -phase nanostructure and the physical properties of unhydrogenated carbon nitride",2005,"Journal of applied physics","","","https://scholar.google.com/scholar?oi=bibs&hl=en&cites=3127833748840433372",70,"2023-03-01 19:18:41","Journal article","","","https://scholar.google.com/citations?view_op=view_citation&hl=en&user=4kRaGsEAAAAJ&pagesize=100&citation_for_view=4kRaGsEAAAAJ:mVmsd5A6BfQC",98,4,44310,44310,97,5.39,14,7,18,"","",""
95,"DJ Beesley, J Semple, L Krishnan Jagadamma, A Amassian, ...","Sub-15-nm patterning of asymmetric metal electrodes and devices by adhesion lithography",2014,"Nature communications","","","https://scholar.google.com/scholar?oi=bibs&hl=en&cites=9862143764361873347",71,"2023-03-01 19:18:41","Journal article","","","https://scholar.google.com/citations?view_op=view_citation&hl=en&user=4kRaGsEAAAAJ&pagesize=100&citation_for_view=4kRaGsEAAAAJ:08ZZubdj9fEC",5,1,1,9,95,10.56,19,5,9,"","",""
94,"A Wadsworth, RS Ashraf, M Abdelsamie, S Pont, M Little, M Moser, ...","Highly efficient and reproducible nonfullerene solar cells from hydrocarbon solvents",2017,"ACS Energy Letters","","","https://scholar.google.com/scholar?oi=bibs&hl=en&cites=7340275614302605239",72,"2023-03-01 19:18:41","Journal article","","","https://scholar.google.com/citations?view_op=view_citation&hl=en&user=4kRaGsEAAAAJ&pagesize=100&citation_for_view=4kRaGsEAAAAJ:fPk4N6BV_jEC",2,7,1494,1500,94,15.67,13,7,6,"","",""
91,"AR Kirmani, AD Sheikh, MR Niazi, MA Haque, M Liu, FPG de Arquer, J Xu, ...","Overcoming the Ambient Manufacturability‐Scalability‐Performance Bottleneck in Colloidal Quantum Dot Photovoltaics",2018,"Advanced Materials","","","https://scholar.google.com/scholar?oi=bibs&hl=en&cites=174916412058556007,12153088082019431058",73,"2023-03-01 19:18:41","Journal article","","","https://scholar.google.com/citations?view_op=view_citation&hl=en&user=4kRaGsEAAAAJ&pagesize=100&citation_for_view=4kRaGsEAAAAJ:9yKSN-GCB0IC",30,35,1801661,1801661,91,18.20,11,8,5,"","",""
90,"M Abdelsamie, K Zhao, MR Niazi, KW Chou, A Amassian","In situ UV-visible absorption during spin-coating of organic semiconductors: a new probe for organic electronics and photovoltaics",2014,"Journal of Materials Chemistry C","","","https://scholar.google.com/scholar?oi=bibs&hl=en&cites=3482786004772538682",74,"2023-03-01 19:18:41","Journal article","","","https://scholar.google.com/citations?view_op=view_citation&hl=en&user=4kRaGsEAAAAJ&pagesize=100&citation_for_view=4kRaGsEAAAAJ:L8Ckcad2t8MC",2,17,3373,3381,90,10.00,18,5,9,"","",""
86,"H Faber, YH Lin, SR Thomas, K Zhao, N Pliatsikas, MA McLachlan, ...","Indium oxide thin-film transistors processed at low temperature via ultrasonic spray pyrolysis",2015,"ACS applied materials &interfaces","","","https://scholar.google.com/scholar?oi=bibs&hl=en&cites=8901474328806419846",75,"2023-03-01 19:18:41","Journal article","","","https://scholar.google.com/citations?view_op=view_citation&hl=en&user=4kRaGsEAAAAJ&pagesize=100&citation_for_view=4kRaGsEAAAAJ:CHSYGLWDkRkC",7,1,782,790,86,10.75,12,7,8,"","",""
86,"LG AbdulHalim, S Ashraf, K Katsiev, AR Kirmani, N Kothalawala, ...","A scalable synthesis of highly stable and water dispersible Ag 44 (SR) 30 nanoclusters",2013,"Journal of Materials Chemistry A","","","https://scholar.google.com/scholar?oi=bibs&hl=en&cites=10917840048074050920",76,"2023-03-01 19:18:41","Journal article","","","https://scholar.google.com/citations?view_op=view_citation&hl=en&user=4kRaGsEAAAAJ&pagesize=100&citation_for_view=4kRaGsEAAAAJ:q3oQSFYPqjQC",1,35,10148,10154,86,8.60,14,6,10,"","",""
85,"K Mahmood, BS Swain, A Amassian","Highly Efficient Hybrid Photovoltaics Based on Hyperbranched Three‐Dimensional TiO2 Electron Transporting Materials",2015,"Advanced Materials","","","https://scholar.google.com/scholar?oi=bibs&hl=en&cites=1844227511195433759",77,"2023-03-01 19:18:41","Journal article","","","https://scholar.google.com/citations?view_op=view_citation&hl=en&user=4kRaGsEAAAAJ&pagesize=100&citation_for_view=4kRaGsEAAAAJ:0EnyYjriUFMC",27,18,2859,2865,85,10.63,28,3,8,"","",""
84,"R Rodriguez, R Herrera, AB Bourlinos, R Li, A Amassian, LA Archer, ...","The synthesis and properties of nanoscale ionic materials",2010,"Applied Organometallic Chemistry","","","https://scholar.google.com/scholar?oi=bibs&hl=en&cites=11803292527743211590",78,"2023-03-01 19:18:41","Journal article","","","https://scholar.google.com/citations?view_op=view_citation&hl=en&user=4kRaGsEAAAAJ&pagesize=100&citation_for_view=4kRaGsEAAAAJ:HE397vMXCloC",24,8,581,589,84,6.46,12,7,13,"","",""
83,"S Masi, A Rizzo, R Munir, A Listorti, A Giuri, C Esposito Corcione, ...","Organic gelators as growth control agents for stable and reproducible hybrid perovskite‐based solar cells",2017,"Advanced Energy Materials","","","https://scholar.google.com/scholar?oi=bibs&hl=en&cites=15986504839632083733",79,"2023-03-01 19:18:41","Journal article","","","https://scholar.google.com/citations?view_op=view_citation&hl=en&user=4kRaGsEAAAAJ&pagesize=100&citation_for_view=4kRaGsEAAAAJ:z_wVstp3MssC",7,14,1602600,1602600,83,13.83,12,7,6,"","",""
82,"K Mahmood, BS Swain, A Amassian","Double-layered ZnO nanostructures for efficient perovskite solar cells",2014,"Nanoscale","","","https://scholar.google.com/scholar?oi=bibs&hl=en&cites=17311225886332286580",80,"2023-03-01 19:18:41","Journal article","","","https://scholar.google.com/citations?view_op=view_citation&hl=en&user=4kRaGsEAAAAJ&pagesize=100&citation_for_view=4kRaGsEAAAAJ:BwyfMAYsbu0C",6,24,14674,14678,82,9.11,27,3,9,"","",""
82,"DM Smilgies, R Li, G Giri, KW Chou, Y Diao, Z Bao, A Amassian","Look fast: Crystallization of conjugated molecules during solution shearing probed in‐situ and in real time by X‐ray scattering",2013,"physica status solidi (RRL)–Rapid Research Letters","","","https://scholar.google.com/scholar?oi=bibs&hl=en&cites=6251124645149187959",81,"2023-03-01 19:18:41","Journal article","","","https://scholar.google.com/citations?view_op=view_citation&hl=en&user=4kRaGsEAAAAJ&pagesize=100&citation_for_view=4kRaGsEAAAAJ:2P1L_qKh6hAC",7,3,177,179,82,8.20,12,7,10,"","",""
77,"Y Firdaus, LP Maffei, F Cruciani, MA Müller, S Liu, S Lopatin, N Wehbe, ...","Polymer Main‐Chain Substitution Effects on the Efficiency of Nonfullerene BHJ Solar Cells",2017,"Advanced Energy Materials","","","https://scholar.google.com/scholar?oi=bibs&hl=en&cites=10505707889015727945",82,"2023-03-01 19:18:41","Journal article","","","https://scholar.google.com/citations?view_op=view_citation&hl=en&user=4kRaGsEAAAAJ&pagesize=100&citation_for_view=4kRaGsEAAAAJ:D_sINldO8mEC",7,21,1700834,1700834,77,12.83,10,8,6,"","",""
76,"D Kiefer, L Yu, E Fransson, A Gómez, D Primetzhofer, A Amassian, ...","A solution‐doped polymer semiconductor: insulator blend for thermoelectrics",2017,"Advanced Science","","","https://scholar.google.com/scholar?oi=bibs&hl=en&cites=14057143120269837293",83,"2023-03-01 19:18:41","Journal article","","","https://scholar.google.com/citations?view_op=view_citation&hl=en&user=4kRaGsEAAAAJ&pagesize=100&citation_for_view=4kRaGsEAAAAJ:1yQoGdGgb4wC",4,1,1600203,1600203,76,12.67,11,7,6,"","",""
76,"MR Niazi, R Li, M Abdelsamie, K Zhao, DH Anjum, MM Payne, J Anthony, ...","Contact‐Induced Nucleation in High‐Performance Bottom‐Contact Organic Thin Film Transistors Manufactured by Large‐Area Compatible Solution Processing",2016,"Advanced Functional Materials","","","https://scholar.google.com/scholar?oi=bibs&hl=en&cites=747281440096192778",84,"2023-03-01 19:18:41","Journal article","","","https://scholar.google.com/citations?view_op=view_citation&hl=en&user=4kRaGsEAAAAJ&pagesize=100&citation_for_view=4kRaGsEAAAAJ:zYLM7Y9cAGgC",26,14,2371,2378,76,10.86,10,8,7,"","",""
75,"US Bhansali, MA Khan, D Cha, MN AlMadhoun, R Li, L Chen, ...","Metal-free, single-polymer device exhibits resistive memory effect",2013,"ACS nano","","","https://scholar.google.com/scholar?oi=bibs&hl=en&cites=6891741019906901521",85,"2023-03-01 19:18:41","Journal article","","","https://scholar.google.com/citations?view_op=view_citation&hl=en&user=4kRaGsEAAAAJ&pagesize=100&citation_for_view=4kRaGsEAAAAJ:rO6llkc54NcC",7,12,10518,10524,75,7.50,11,7,10,"","",""
74,"JK Huang, M Li, Y Wan, S Dey, M Ostwal, D Zhang, CW Yang, CJ Su, ...","Functional two-dimensional coordination polymeric layer as a charge barrier in Li–S batteries",2018,"ACS nano","","","https://scholar.google.com/scholar?oi=bibs&hl=en&cites=15924226322474133259",86,"2023-03-01 19:18:41","Journal article","","","https://scholar.google.com/citations?view_op=view_citation&hl=en&user=4kRaGsEAAAAJ&pagesize=100&citation_for_view=4kRaGsEAAAAJ:uJ-U7cs_P_0C",12,1,836,843,74,14.80,8,9,5,"","",""
74,"H Hu, K Zhao, N Fernandes, P Boufflet, JH Bannock, L Yu, JC de Mello, ...","Entanglements in marginal solutions: a means of tuning pre-aggregation of conjugated polymers with positive implications for charge transport",2015,"Journal of Materials Chemistry C","","","https://scholar.google.com/scholar?oi=bibs&hl=en&cites=4375012226801791182",87,"2023-03-01 19:18:41","Journal article","","","https://scholar.google.com/citations?view_op=view_citation&hl=en&user=4kRaGsEAAAAJ&pagesize=100&citation_for_view=4kRaGsEAAAAJ:HDshCWvjkbEC",3,28,7394,7404,74,9.25,9,8,8,"","",""
74,"E Buchaca-Domingo, AJ Ferguson, FC Jamieson, T McCarthy-Ward, ...","Additive-assisted supramolecular manipulation of polymer: fullerene blend phase morphologies and its influence on photophysical processes",2014,"Materials Horizons","","","https://scholar.google.com/scholar?oi=bibs&hl=en&cites=15399332132442792545",88,"2023-03-01 19:18:41","Journal article","","","https://scholar.google.com/citations?view_op=view_citation&hl=en&user=4kRaGsEAAAAJ&pagesize=100&citation_for_view=4kRaGsEAAAAJ:tzM49s52ZIMC",1,2,270,279,74,8.22,15,5,9,"","",""
73,"R Li, JW Ward, DM Smilgies, MM Payne, JE Anthony, OD Jurchescu, ...","Direct structural mapping of organic field‐effect transistors reveals bottlenecks to carrier transport",2012,"Advanced Materials","","","https://scholar.google.com/scholar?oi=bibs&hl=en&cites=552600396429900224",89,"2023-03-01 19:18:41","Journal article","","","https://scholar.google.com/citations?view_op=view_citation&hl=en&user=4kRaGsEAAAAJ&pagesize=100&citation_for_view=4kRaGsEAAAAJ:UeHWp8X0CEIC",24,41,5553,5558,73,6.64,10,7,11,"","",""
72,"Y Mei, PJ Diemer, MR Niazi, RK Hallani, K Jarolimek, CS Day, C Risko, ...","Crossover from band-like to thermally activated charge transport in organic transistors due to strain-induced traps",2017,"Proceedings of the National Academy of Sciences 114 (33), E6739-","","","https://scholar.google.com/scholar?oi=bibs&hl=en&cites=16019234566602700223",90,"2023-03-01 19:18:41","Journal article","","","https://scholar.google.com/citations?view_op=view_citation&hl=en&user=4kRaGsEAAAAJ&pagesize=100&citation_for_view=4kRaGsEAAAAJ:t7zJ5fGR-2UC",,,6748,,72,12.00,9,8,6,"","",""
71,"K Kaminska, A Amassian, L Martinu, K Robbie","Growth of vacuum evaporated ultraporous silicon studied with spectroscopic ellipsometry and scanning electron microscopy",2005,"Journal of Applied Physics","","","https://scholar.google.com/scholar?oi=bibs&hl=en&cites=9634840506646062719",91,"2023-03-01 19:18:41","Journal article","","","https://scholar.google.com/citations?view_op=view_citation&hl=en&user=4kRaGsEAAAAJ&pagesize=100&citation_for_view=4kRaGsEAAAAJ:l7t_Zn2s7bgC",97,1,13511,13511,71,3.94,18,4,18,"","",""
69,"K Wang, MC Tang, HX Dang, R Munir, D Barrit, M De Bastiani, E Aydin, ...","Kinetic Stabilization of the Sol–Gel State in Perovskites Enables Facile Processing of High‐Efficiency Solar Cells",2019,"Advanced Materials","","","https://scholar.google.com/scholar?oi=bibs&hl=en&cites=5542059004731254718",92,"2023-03-01 19:18:41","Journal article","","","https://scholar.google.com/citations?view_op=view_citation&hl=en&user=4kRaGsEAAAAJ&pagesize=100&citation_for_view=4kRaGsEAAAAJ:4fGpz3EwCPoC",31,32,1808357,1808357,69,17.25,9,8,4,"","",""
68,"SP Sarmah, VM Burlakov, E Yengel, B Murali, E Alarousu, AM El-Zohry, ...","Double charged surface layers in lead halide perovskite crystals",2017,"Nano Letters","","","https://scholar.google.com/scholar?oi=bibs&hl=en&cites=7224013814939812722",93,"2023-03-01 19:18:41","Journal article","","","https://scholar.google.com/citations?view_op=view_citation&hl=en&user=4kRaGsEAAAAJ&pagesize=100&citation_for_view=4kRaGsEAAAAJ:u_35RYKgDlwC",17,3,2021,2027,68,11.33,10,7,6,"","",""
68,"K Katsiev, AH Ip, A Fischer, I Tanabe, X Zhang, AR Kirmani, O Voznyy, ...","The complete in‐gap electronic structure of colloidal quantum dot solids and its correlation with electronic transport and photovoltaic performance",2014,"Advanced Materials","","","https://scholar.google.com/scholar?oi=bibs&hl=en&cites=5029604142097589217",94,"2023-03-01 19:18:41","Journal article","","","https://scholar.google.com/citations?view_op=view_citation&hl=en&user=4kRaGsEAAAAJ&pagesize=100&citation_for_view=4kRaGsEAAAAJ:bEWYMUwI8FkC",26,6,937,942,68,7.56,9,8,9,"","",""
68,"KW Chou, HU Khan, MR Niazi, B Yan, R Li, MM Payne, JE Anthony, ...","Late stage crystallization and healing during spin-coating enhance carrier transport in small-molecule organic semiconductors",2014,"Journal of Materials Chemistry C","","","https://scholar.google.com/scholar?oi=bibs&hl=en&cites=17002938461269206605",95,"2023-03-01 19:18:41","Journal article","","","https://scholar.google.com/citations?view_op=view_citation&hl=en&user=4kRaGsEAAAAJ&pagesize=100&citation_for_view=4kRaGsEAAAAJ:URolC5Kub84C",2,28,5681,5689,68,7.56,9,8,9,"","",""
67,"AF Paterson, YH Lin, AD Mottram, Z Fei, MR Niazi, AR Kirmani, ...","The Impact of Molecular p‐Doping on Charge Transport in High‐Mobility Small‐Molecule/Polymer Blend Organic Transistors",2018,"Advanced Electronic Materials","","","https://scholar.google.com/scholar?oi=bibs&hl=en&cites=4937409378160407233",96,"2023-03-01 19:18:41","Journal article","","","https://scholar.google.com/citations?view_op=view_citation&hl=en&user=4kRaGsEAAAAJ&pagesize=100&citation_for_view=4kRaGsEAAAAJ:3s1wT3WcHBgC",4,10,1700464,1700464,67,13.40,10,7,5,"","",""
66,"C McDowell, M Abdelsamie, K Zhao, DM Smilgies, GC Bazan, ...","Synergistic impact of solvent and polymer additives on the film formation of small molecule blend films for bulk heterojunction solar cells",2015,"Advanced Energy Materials","","","https://scholar.google.com/scholar?oi=bibs&hl=en&cites=7815480335914967691",97,"2023-03-01 19:18:41","Journal article","","","https://scholar.google.com/citations?view_op=view_citation&hl=en&user=4kRaGsEAAAAJ&pagesize=100&citation_for_view=4kRaGsEAAAAJ:yD5IFk8b50cC",5,18,1501121,1501121,66,8.25,11,6,8,"","",""
65,"R Li, HU Khan, MM Payne, DM Smilgies, JE Anthony, A Amassian","Heterogeneous nucleation promotes carrier transport in solution‐processed organic field‐effect transistors",2013,"Advanced Functional Materials","","","https://scholar.google.com/scholar?oi=bibs&hl=en&cites=10167115458287667564",98,"2023-03-01 19:18:41","Journal article","","","https://scholar.google.com/citations?view_op=view_citation&hl=en&user=4kRaGsEAAAAJ&pagesize=100&citation_for_view=4kRaGsEAAAAJ:geHnlv5EZngC",23,3,291,297,65,6.50,11,6,10,"","",""
65,"M Gaidi, A Amassian, M Chaker, M Kulishov, L Martinu","Pulsed laser deposition of PLZT films: structural and optical characterization",2004,"Applied surface science","","","https://scholar.google.com/scholar?oi=bibs&hl=en&cites=2090949731548884447",99,"2023-03-01 19:18:41","Journal article","","","https://scholar.google.com/citations?view_op=view_citation&hl=en&user=4kRaGsEAAAAJ&pagesize=100&citation_for_view=4kRaGsEAAAAJ:8k81kl-MbHgC",226,4,347,354,65,3.42,13,5,19,"","",""
63,"A Amassian, VA Pozdin, TV Desai, S Hong, AR Woll, JD Ferguson, ...","Post-deposition reorganization of pentacene films deposited on low-energy surfaces",2009,"Journal of Materials Chemistry","","","https://scholar.google.com/scholar?oi=bibs&hl=en&cites=9908137403190533337",100,"2023-03-01 19:18:41","Journal article","","","https://scholar.google.com/citations?view_op=view_citation&hl=en&user=4kRaGsEAAAAJ&pagesize=100&citation_for_view=4kRaGsEAAAAJ:tS2w5q8j5-wC",19,31,5580,5592,63,4.50,9,7,14,"","",""
62,"AD Sheikh, R Munir, MA Haque, A Bera, W Hu, P Shaikh, A Amassian, ...","Effects of high temperature and thermal cycling on the performance of perovskite solar cells: acceleration of charge recombination and deterioration of charge extraction",2017,"ACS applied materials &interfaces","","","https://scholar.google.com/scholar?oi=bibs&hl=en&cites=2825169180608116403",101,"2023-03-01 19:18:41","Journal article","","","https://scholar.google.com/citations?view_op=view_citation&hl=en&user=4kRaGsEAAAAJ&cstart=100&pagesize=100&citation_for_view=4kRaGsEAAAAJ:_kc_bZDykSQC",9,40,35018,35029,62,10.33,8,8,6,"","",""
62,"KR Graham, GON Ndjawa, SM Conron, R Munir, K Vandewal, JJ Chen, ...","The Roles of Structural Order and Intermolecular Interactions in Determining Ionization Energies and Charge‐Transfer State Energies in Organic Semiconductors",2016,"Advanced Energy Materials","","","https://scholar.google.com/scholar?oi=bibs&hl=en&cites=10324555183588374545",102,"2023-03-01 19:18:41","Journal article","","","https://scholar.google.com/citations?view_op=view_citation&hl=en&user=4kRaGsEAAAAJ&cstart=100&pagesize=100&citation_for_view=4kRaGsEAAAAJ:fQNAKQ3IYiAC",6,22,1601211,1601211,62,8.86,9,7,7,"","",""
62,"J Semple, S Rossbauer, CH Burgess, K Zhao, LK Jagadamma, ...","Radio frequency coplanar ZnO Schottky nanodiodes processed from solution on plastic substrates",2016,"Small","","","https://scholar.google.com/scholar?oi=bibs&hl=en&cites=13455988807899810451",103,"2023-03-01 19:18:41","Journal article","","","https://scholar.google.com/citations?view_op=view_citation&hl=en&user=4kRaGsEAAAAJ&cstart=100&pagesize=100&citation_for_view=4kRaGsEAAAAJ:ye4kPcJQO24C",12,15,1993,2000,62,8.86,10,6,7,"","",""
61,"K Zhao, H Hu, E Spada, LK Jagadamma, B Yan, M Abdelsamie, Y Yang, ...","Highly efficient polymer solar cells with printed photoactive layer: rational process transfer from spin-coating",2016,"Journal of Materials Chemistry A","","","https://scholar.google.com/scholar?oi=bibs&hl=en&cites=17912367784826675900",104,"2023-03-01 19:18:41","Journal article","","","https://scholar.google.com/citations?view_op=view_citation&hl=en&user=4kRaGsEAAAAJ&cstart=100&pagesize=100&citation_for_view=4kRaGsEAAAAJ:TIZ-Mc8IlK0C",4,41,16036,16046,61,8.71,8,8,7,"","",""
60,"MC Tang, Y Fan, D Barrit, X Chang, HX Dang, R Li, K Wang, DM Smilgies, ...","Ambient blade coating of mixed cation, mixed halide perovskites without dripping: in situ investigation and highly efficient solar cells",2020,"Journal of Materials Chemistry A","","","https://scholar.google.com/scholar?oi=bibs&hl=en&cites=7928177936022363158",105,"2023-03-01 19:18:41","Journal article","","","https://scholar.google.com/citations?view_op=view_citation&hl=en&user=4kRaGsEAAAAJ&cstart=100&pagesize=100&citation_for_view=4kRaGsEAAAAJ:6ZxmRoH8BuwC",8,3,1095,1104,60,20.00,7,9,3,"","",""
59,"E Dauzon, Y Lin, H Faber, E Yengel, X Sallenave, C Plesse, F Goubard, ...","Stretchable and transparent conductive PEDOT: PSS‐based electrodes for organic photovoltaics and strain sensors applications",2020,"Advanced Functional Materials","","","https://scholar.google.com/scholar?oi=bibs&hl=en&cites=1348274774905729529",106,"2023-03-01 19:18:41","Journal article","","","https://scholar.google.com/citations?view_op=view_citation&hl=en&user=4kRaGsEAAAAJ&cstart=100&pagesize=100&citation_for_view=4kRaGsEAAAAJ:HtS1dXgVpQUC",30,28,2001251,2001251,59,19.67,7,8,3,"","",""
59,"M Abdelsamie, ND Treat, K Zhao, C McDowell, MA Burgers, R Li, ...","Toward Additive-Free Small-Molecule Organic Solar Cells: Roles of the Donor Crystallization Pathway and Dynamics.",2015,"Advanced Materials (Deerfield Beach, Fla.)","","","https://scholar.google.com/scholar?oi=bibs&hl=en&cites=4525846004121216541",107,"2023-03-01 19:18:41","Journal article","","","https://scholar.google.com/citations?view_op=view_citation&hl=en&user=4kRaGsEAAAAJ&cstart=100&pagesize=100&citation_for_view=4kRaGsEAAAAJ:e5wmG9Sq2KIC",27,45,7285,7292,59,7.38,8,7,8,"","",""
58,"G Walters, M Wei, O Voznyy, R Quintero-Bermudez, A Kiani, DM Smilgies, ...","The quantum-confined Stark effect in layered hybrid perovskites mediated by orientational polarizability of confined dipoles",2018,"Nature communications","","","https://scholar.google.com/scholar?oi=bibs&hl=en&cites=11263945458507952005",108,"2023-03-01 19:18:41","Journal article","","","https://scholar.google.com/citations?view_op=view_citation&hl=en&user=4kRaGsEAAAAJ&cstart=100&pagesize=100&citation_for_view=4kRaGsEAAAAJ:VaXvl8Fpj5cC",9,1,4214,4214,58,11.60,8,7,5,"","",""
58,"A Amassian, P Desjardins, L Martinu","Study of TiO2 film growth mechanisms in low-pressure plasma by in situ real-time spectroscopic ellipsometry",2004,"Thin Solid Films","","","https://scholar.google.com/scholar?oi=bibs&hl=en&cites=13637509410298928565",109,"2023-03-01 19:18:41","Journal article","","","https://scholar.google.com/citations?view_op=view_citation&hl=en&user=4kRaGsEAAAAJ&cstart=100&pagesize=100&citation_for_view=4kRaGsEAAAAJ:N5tVd3kTz84C",447,,40,45,58,3.05,19,3,19,"","",""
57,"F Selzer, C Floresca, D Kneppe, L Bormann, C Sachse, N Weiß, ...","Electrical limit of silver nanowire electrodes: Direct measurement of the nanowire junction resistance",2016,"Applied Physics Letters","","","https://scholar.google.com/scholar?oi=bibs&hl=en&cites=10279398947997889064",110,"2023-03-01 19:18:41","Journal article","","","https://scholar.google.com/citations?view_op=view_citation&hl=en&user=4kRaGsEAAAAJ&cstart=100&pagesize=100&citation_for_view=4kRaGsEAAAAJ:5Ul4iDaHHb8C",108,16,163302,163302,57,8.14,8,7,7,"","",""
57,"Q Shi, S Zhang, J Zhang, VF Oswald, A Amassian, SR Marder, SB Blakey","KOtBu-Initiated Aryl C–H Iodination: A Powerful Tool for the Synthesis of High Electron Affinity Compounds",2016,"Journal of the American Chemical Society","","","https://scholar.google.com/scholar?oi=bibs&hl=en&cites=2234725868176818123",111,"2023-03-01 19:18:41","Journal article","","","https://scholar.google.com/citations?view_op=view_citation&hl=en&user=4kRaGsEAAAAJ&cstart=100&pagesize=100&citation_for_view=4kRaGsEAAAAJ:3fE2CSJIrl8C",138,12,3946,3949,57,8.14,8,7,7,"","",""
56,"H Ullah Khan, R Li, Y Ren, L Chen, MM Payne, US Bhansali, DM Smilgies, ...","Solvent vapor annealing in the molecular regime drastically improves carrier transport in small-molecule thin-film transistors",2013,"ACS Applied Materials &Interfaces","","","https://scholar.google.com/scholar?oi=bibs&hl=en&cites=4494741458947215847",112,"2023-03-01 19:18:41","Journal article","","","https://scholar.google.com/citations?view_op=view_citation&hl=en&user=4kRaGsEAAAAJ&cstart=100&pagesize=100&citation_for_view=4kRaGsEAAAAJ:R3hNpaxXUhUC",5,7,2325,2330,56,5.60,7,8,10,"","",""
55,"K Zhao, GON Ndjawa, LK Jagadamma, A El Labban, H Hu, Q Wang, R Li, ...","Highly efficient organic solar cells based on a robust room-temperature solution-processed copper iodide hole transporter",2015,"Nano Energy","","","https://scholar.google.com/scholar?oi=bibs&hl=en&cites=5825681640277186914",113,"2023-03-01 19:18:41","Journal article","","","https://scholar.google.com/citations?view_op=view_citation&hl=en&user=4kRaGsEAAAAJ&cstart=100&pagesize=100&citation_for_view=4kRaGsEAAAAJ:RGFaLdJalmkC",16,,458,469,55,6.88,7,8,8,"","",""
54,"AD Mottram, YH Lin, P Pattanasattayavong, K Zhao, A Amassian, ...","Quasi Two-Dimensional Dye-Sensitized In2O3 Phototransistors for Ultrahigh Responsivity and Photosensitivity Photodetector Applications",2016,"ACS applied materials &interfaces","","","https://scholar.google.com/scholar?oi=bibs&hl=en&cites=10721857525519735199",114,"2023-03-01 19:18:41","Journal article","","","https://scholar.google.com/citations?view_op=view_citation&hl=en&user=4kRaGsEAAAAJ&cstart=100&pagesize=100&citation_for_view=4kRaGsEAAAAJ:eflP2zaiRacC",8,7,4894,4902,54,7.71,9,6,7,"","",""
52,"AR Kirmani, JM Luther, M Abolhasani, A Amassian","Colloidal quantum dot photovoltaics: Current progress and path to gigawatt scale enabled by smart manufacturing",2020,"ACS Energy Letters","","","https://scholar.google.com/scholar?oi=bibs&hl=en&cites=15267764912338032065",115,"2023-03-01 19:18:41","Journal article","","","https://scholar.google.com/citations?view_op=view_citation&hl=en&user=4kRaGsEAAAAJ&cstart=100&pagesize=100&citation_for_view=4kRaGsEAAAAJ:a3BOlSfXSfwC",5,9,3069,3100,52,17.33,13,4,3,"","",""
51,"E Buchaca-Domingo, K Vandewal, Z Fei, SE Watkins, FH Scholes, ...","Direct correlation of charge transfer absorption with molecular donor: acceptor interfacial area via photothermal deflection spectroscopy",2015,"Journal of the American Chemical Society","","","https://scholar.google.com/scholar?oi=bibs&hl=en&cites=11329849618449415544",116,"2023-03-01 19:18:41","Journal article","","","https://scholar.google.com/citations?view_op=view_citation&hl=en&user=4kRaGsEAAAAJ&cstart=100&pagesize=100&citation_for_view=4kRaGsEAAAAJ:5ugPr518TE4C",137,16,5256,5259,51,6.38,9,6,8,"","",""
51,"K Mahmood, BS Swain, A Amassian","Core–shell heterostructured metal oxide arrays enable superior light-harvesting and hysteresis-free mesoscopic perovskite solar cells",2015,"Nanoscale","","","https://scholar.google.com/scholar?oi=bibs&hl=en&cites=4217163805919835946",117,"2023-03-01 19:18:41","Journal article","","","https://scholar.google.com/citations?view_op=view_citation&hl=en&user=4kRaGsEAAAAJ&cstart=100&pagesize=100&citation_for_view=4kRaGsEAAAAJ:-f6ydRqryjwC",7,30,12812,12819,51,6.38,17,3,8,"","",""
50,"E Dauzon, AE Mansour, MR Niazi, R Munir, DM Smilgies, X Sallenave, ...","Conducting and stretchable PEDOT: PSS electrodes: Role of additives on self-assembly, morphology, and transport",2019,"ACS applied materials &interfaces","","","https://scholar.google.com/scholar?oi=bibs&hl=en&cites=12439141954984526337",118,"2023-03-01 19:18:41","Journal article","","","https://scholar.google.com/citations?view_op=view_citation&hl=en&user=4kRaGsEAAAAJ&cstart=100&pagesize=100&citation_for_view=4kRaGsEAAAAJ:PVjk1bu6vJQC",11,19,17570,17582,50,12.50,7,7,4,"","",""
48,"D Barrit, P Cheng, MC Tang, K Wang, H Dang, DM Smilgies, S Liu, ...","Impact of the Solvation State of Lead Iodide on Its Two‐Step Conversion to MAPbI3: An In Situ Investigation",2019,"Advanced Functional Materials","","","https://scholar.google.com/scholar?oi=bibs&hl=en&cites=18265484720792800579",119,"2023-03-01 19:18:41","Journal article","","","https://scholar.google.com/citations?view_op=view_citation&hl=en&user=4kRaGsEAAAAJ&cstart=100&pagesize=100&citation_for_view=4kRaGsEAAAAJ:xtoqd-5pKcoC",29,47,1807544,1807544,48,12.00,6,8,4,"","",""
48,"E Ugur, AD Sheikh, R Munir, JI Khan, D Barrit, A Amassian, F Laquai","Improved morphology and efficiency of n–i–p planar perovskite solar cells by processing with glycol ether additives",2017,"ACS Energy Letters","","","https://scholar.google.com/scholar?oi=bibs&hl=en&cites=11291003176135578982",120,"2023-03-01 19:18:41","Journal article","","","https://scholar.google.com/citations?view_op=view_citation&hl=en&user=4kRaGsEAAAAJ&cstart=100&pagesize=100&citation_for_view=4kRaGsEAAAAJ:J-pR_7NvFogC",2,9,1960,1968,48,8.00,7,7,6,"","",""
48,"L Yu, MR Niazi, GO Ngongang Ndjawa, R Li, AR Kirmani, R Munir, ...","Programmable and coherent crystallization of semiconductors",2017,"Science Advances","","","https://scholar.google.com/scholar?oi=bibs&hl=en&cites=17150503728630327406",121,"2023-03-01 19:18:41","Journal article","","","https://scholar.google.com/citations?view_op=view_citation&hl=en&user=4kRaGsEAAAAJ&cstart=100&pagesize=100&citation_for_view=4kRaGsEAAAAJ:Z5m8FVwuT1cC",3,3,1602462,,48,8.00,7,7,6,"","",""
48,"M Yuan, KW Kemp, SM Thon, JY Kim, KW Chou, A Amassian, EH Sargent","High‐performance quantum‐dot solids via elemental sulfur synthesis",2014,"Advanced Materials","","","https://scholar.google.com/scholar?oi=bibs&hl=en&cites=4151631526682011623",122,"2023-03-01 19:18:41","Journal article","","","https://scholar.google.com/citations?view_op=view_citation&hl=en&user=4kRaGsEAAAAJ&cstart=100&pagesize=100&citation_for_view=4kRaGsEAAAAJ:hC7cP41nSMkC",26,21,3513,3519,48,5.33,7,7,9,"","",""
46,"AR Kirmani, A Kiani, MM Said, O Voznyy, N Wehbe, G Walters, S Barlow, ...","Remote molecular doping of colloidal quantum dot photovoltaics",2016,"ACS Energy Letters","","","https://scholar.google.com/scholar?oi=bibs&hl=en&cites=9064312619513956647",123,"2023-03-01 19:18:41","Journal article","","","https://scholar.google.com/citations?view_op=view_citation&hl=en&user=4kRaGsEAAAAJ&cstart=100&pagesize=100&citation_for_view=4kRaGsEAAAAJ:OU6Ihb5iCvQC",1,5,922,930,46,6.57,6,8,7,"","",""
46,"AR Kirmani, W Peng, R Mahfouz, A Amassian, Y Losovyj, H Idriss, ...","On the relation between chemical composition and optical properties of detonation nanodiamonds",2015,"Carbon","","","https://scholar.google.com/scholar?oi=bibs&hl=en&cites=16120853168230017407",124,"2023-03-01 19:18:41","Journal article","","","https://scholar.google.com/citations?view_op=view_citation&hl=en&user=4kRaGsEAAAAJ&cstart=100&pagesize=100&citation_for_view=4kRaGsEAAAAJ:9Nmd_mFXekcC",94,,79,84,46,5.75,7,7,8,"","",""
46,"GO Ngongang Ndjawa, KR Graham, R Li, SM Conron, P Erwin, KW Chou, ...","Impact of molecular orientation and spontaneous interfacial mixing on the performance of organic solar cells",2015,"Chemistry of Materials","","","https://scholar.google.com/scholar?oi=bibs&hl=en&cites=17541817195196434530",125,"2023-03-01 19:18:41","Journal article","","","https://scholar.google.com/citations?view_op=view_citation&hl=en&user=4kRaGsEAAAAJ&cstart=100&pagesize=100&citation_for_view=4kRaGsEAAAAJ:EYYDruWGBe4C",27,16,5597,5604,46,5.75,7,7,8,"","",""
45,"MC Tang, D Barrit, R Munir, R Li, JM Barbé, DM Smilgies, S Del Gobbo, ...","Bismuth‐Based Perovskite‐Inspired Solar Cells: In Situ Diagnostics Reveal Similarities and Differences in the Film Formation of Bismuth‐and Lead‐Based Films",2019,"Solar RRL","","","https://scholar.google.com/scholar?oi=bibs&hl=en&cites=13088907188792370477",126,"2023-03-01 19:18:41","Journal article","","","https://scholar.google.com/citations?view_op=view_citation&hl=en&user=4kRaGsEAAAAJ&cstart=100&pagesize=100&citation_for_view=4kRaGsEAAAAJ:86PQX7AUzd4C",3,7,1800305,1800305,45,11.25,6,8,4,"","",""
45,"JW Ward, R Li, A Obaid, MM Payne, DM Smilgies, JE Anthony, ...","Rational Design of Organic Semiconductors for Texture Control and Self‐Patterning on Halogenated Surfaces",2014,"Advanced Functional Materials","","","https://scholar.google.com/scholar?oi=bibs&hl=en&cites=8831971877467094878",127,"2023-03-01 19:18:41","Journal article","","","https://scholar.google.com/citations?view_op=view_citation&hl=en&user=4kRaGsEAAAAJ&cstart=100&pagesize=100&citation_for_view=4kRaGsEAAAAJ:dshw04ExmUIC",24,32,5052,5058,45,5.00,6,7,9,"","",""
44,"GON Ndjawa, KR Graham, S Mollinger, DM Wu, D Hanifi, R Prasanna, ...","Open‐Circuit Voltage in Organic Solar Cells: The Impacts of Donor Semicrystallinity and Coexistence of Multiple Interfacial Charge‐Transfer Bands",2017,"Advanced Energy Materials","","","https://scholar.google.com/scholar?oi=bibs&hl=en&cites=17391305602448789222",128,"2023-03-01 19:18:41","Journal article","","","https://scholar.google.com/citations?view_op=view_citation&hl=en&user=4kRaGsEAAAAJ&cstart=100&pagesize=100&citation_for_view=4kRaGsEAAAAJ:p__nRnzSRKYC",7,12,1601995,1601995,44,7.33,6,7,6,"","",""
44,"AE Mansour, S Dey, A Amassian, MH Tanielian","Bromination of graphene: a new route to making high performance transparent conducting electrodes with low optical losses",2015,"ACS applied materials &interfaces","","","https://scholar.google.com/scholar?oi=bibs&hl=en&cites=5269548219534960552",129,"2023-03-01 19:18:41","Journal article","","","https://scholar.google.com/citations?view_op=view_citation&hl=en&user=4kRaGsEAAAAJ&cstart=100&pagesize=100&citation_for_view=4kRaGsEAAAAJ:JV2RwH3_ST0C",7,32,17692,17699,44,5.50,11,4,8,"","",""
44,"GH Carey, KW Chou, B Yan, AR Kirmani, A Amassian, EH Sargent","Materials processing strategies for colloidal quantum dot solar cells: advances, present-day limitations, and pathways to improvement",2013,"MRS Communications","","","https://scholar.google.com/scholar?oi=bibs&hl=en&cites=4835754693909737128",130,"2023-03-01 19:18:41","Journal article","","","https://scholar.google.com/citations?view_op=view_citation&hl=en&user=4kRaGsEAAAAJ&cstart=100&pagesize=100&citation_for_view=4kRaGsEAAAAJ:r0BpntZqJG4C",3,2,83,90,44,4.40,7,6,10,"","",""
43,"M Liu, F Che, B Sun, O Voznyy, A Proppe, R Munir, M Wei, ...","Controlled steric hindrance enables efficient ligand exchange for stable, infrared-bandgap quantum dot inks",2019,"ACS Energy Letters","","","https://scholar.google.com/scholar?oi=bibs&hl=en&cites=13379011492233256426",131,"2023-03-01 19:18:41","Journal article","","","https://scholar.google.com/citations?view_op=view_citation&hl=en&user=4kRaGsEAAAAJ&cstart=100&pagesize=100&citation_for_view=4kRaGsEAAAAJ:_axFR9aDTf0C",4,6,1225,1230,43,10.75,5,8,4,"","",""
43,"AR Kirmani, FP García de Arquer, JZ Fan, JI Khan, G Walters, S Hoogland, ...","Molecular doping of the hole-transporting layer for efficient, single-step-deposited colloidal quantum dot photovoltaics",2017,"ACS Energy Letters","","","https://scholar.google.com/scholar?oi=bibs&hl=en&cites=898281281408566348",132,"2023-03-01 19:18:41","Journal article","","","https://scholar.google.com/citations?view_op=view_citation&hl=en&user=4kRaGsEAAAAJ&cstart=100&pagesize=100&citation_for_view=4kRaGsEAAAAJ:W7OEmFMy1HYC",2,9,1952,1959,43,7.17,6,7,6,"","",""
43,"M Abulikemu, M Neophytou, JM Barbé, ML Tietze, A El Labban, ...","Microwave-synthesized tin oxide nanocrystals for low-temperature solution-processed planar junction organo-halide perovskite solar cells",2017,"Journal of Materials Chemistry A","","","https://scholar.google.com/scholar?oi=bibs&hl=en&cites=3046023017559204308",133,"2023-03-01 19:18:41","Journal article","","","https://scholar.google.com/citations?view_op=view_citation&hl=en&user=4kRaGsEAAAAJ&cstart=100&pagesize=100&citation_for_view=4kRaGsEAAAAJ:aqlVkmm33-oC",5,17,7759,7763,43,7.17,7,6,6,"","",""
42,"T Kim, Y Gao, H Hu, B Yan, Z Ning, LK Jagadamma, K Zhao, AR Kirmani, ...","Hybrid tandem solar cells with depleted-heterojunction quantum dot and polymer bulk heterojunction subcells",2015,"Nano Energy","","","https://scholar.google.com/scholar?oi=bibs&hl=en&cites=1121575841234756343",134,"2023-03-01 19:18:41","Journal article","","","https://scholar.google.com/citations?view_op=view_citation&hl=en&user=4kRaGsEAAAAJ&cstart=100&pagesize=100&citation_for_view=4kRaGsEAAAAJ:ufrVoPGSRksC",17,,196,205,42,5.25,5,9,8,"","",""
42,"S Hong, A Amassian, AR Woll, S Bhargava, JD Ferguson, GG Malliaras, ...","Real time monitoring of pentacene growth on  from a supersonic source",2008,"Applied Physics Letters","","","https://scholar.google.com/scholar?oi=bibs&hl=en&cites=1177358487809508390",135,"2023-03-01 19:18:41","Journal article","","","https://scholar.google.com/citations?view_op=view_citation&hl=en&user=4kRaGsEAAAAJ&cstart=100&pagesize=100&citation_for_view=4kRaGsEAAAAJ:LkGwnXOMwfcC",92,25,227,227,42,2.80,6,7,15,"","",""
41,"A Amassian, K Kaminska, M Suzuki, L Martinu, K Robbie","Onset of shadowing-dominated growth in glancing angle deposition",2007,"Applied Physics Letters","","","https://scholar.google.com/scholar?oi=bibs&hl=en&cites=17245998521787480873",136,"2023-03-01 19:18:41","Journal article","","","https://scholar.google.com/citations?view_op=view_citation&hl=en&user=4kRaGsEAAAAJ&cstart=100&pagesize=100&citation_for_view=4kRaGsEAAAAJ:ML0RJ9NH7IQC",91,17,173114,173114,41,2.56,8,5,16,"","",""
40,"T Kim, Y Firdaus, AR Kirmani, RZ Liang, H Hu, M Liu, A El Labban, ...","Hybrid tandem quantum dot/organic solar cells with enhanced photocurrent and efficiency via ink and interlayer engineering",2018,"ACS Energy Letters","","","https://scholar.google.com/scholar?oi=bibs&hl=en&cites=15501593969205481064",137,"2023-03-01 19:18:41","Journal article","","","https://scholar.google.com/citations?view_op=view_citation&hl=en&user=4kRaGsEAAAAJ&cstart=100&pagesize=100&citation_for_view=4kRaGsEAAAAJ:evX43VCCuoAC",3,6,1307,1314,40,8.00,5,8,5,"","",""
40,"Y Zhong, R Munir, AH Balawi, AD Sheikh, L Yu, MC Tang, H Hu, F Laquai, ...","Mesostructured fullerene electrodes for highly efficient n–i–p perovskite solar cells",2016,"ACS Energy Letters","","","https://scholar.google.com/scholar?oi=bibs&hl=en&cites=11902506354587308559",138,"2023-03-01 19:18:41","Journal article","","","https://scholar.google.com/citations?view_op=view_citation&hl=en&user=4kRaGsEAAAAJ&cstart=100&pagesize=100&citation_for_view=4kRaGsEAAAAJ:AXPGKjj_ei8C",1,5,1049,1056,40,5.71,4,9,7,"","",""
40,"A Amassian, VA Pozdin, R Li, DM Smilgies, GG Malliaras","Solvent vapor annealing of an insoluble molecular semiconductor",2010,"Journal of Materials Chemistry","","","https://scholar.google.com/scholar?oi=bibs&hl=en&cites=12720950206555003641",139,"2023-03-01 19:18:41","Journal article","","","https://scholar.google.com/citations?view_op=view_citation&hl=en&user=4kRaGsEAAAAJ&cstart=100&pagesize=100&citation_for_view=4kRaGsEAAAAJ:PELIpwtuRlgC",20,13,2623,2629,40,3.08,8,5,13,"","",""
39,"E Ravishankar, M Charles, Y Xiong, R Henry, J Swift, J Rech, J Calero, ...","Balancing crop production and energy harvesting in organic solar-powered greenhouses",2021,"Cell Reports Physical Science","","","https://scholar.google.com/scholar?oi=bibs&hl=en&cites=10765464766897496589",140,"2023-03-01 19:18:41","Journal article","","","https://scholar.google.com/citations?view_op=view_citation&hl=en&user=4kRaGsEAAAAJ&cstart=100&pagesize=100&citation_for_view=4kRaGsEAAAAJ:5icHVeHT4IsC",2,3,100381,100381,39,19.50,5,8,2,"","",""
38,"JG Labram, YH Lin, K Zhao, R Li, SR Thomas, J Semple, M Androulidaki, ...","Signatures of quantized energy states in solution‐processed ultrathin layers of metal‐oxide semiconductors and their devices",2015,"Advanced Functional Materials","","","https://scholar.google.com/scholar?oi=bibs&hl=en&cites=17822760938365870832",141,"2023-03-01 19:18:41","Journal article","","","https://scholar.google.com/citations?view_op=view_citation&hl=en&user=4kRaGsEAAAAJ&cstart=100&pagesize=100&citation_for_view=4kRaGsEAAAAJ:tYavs44e6CUC",25,11,1727,1736,38,4.75,5,8,8,"","",""
38,"AP LaGrow, L Sinatra, A Elshewy, KW Huang, K Katsiev, AR Kirmani, ...","Synthesis of copper hydroxide branched nanocages and their transformation to copper oxide",2014,"The Journal of Physical Chemistry C","","","https://scholar.google.com/scholar?oi=bibs&hl=en&cites=2757339234914379971",142,"2023-03-01 19:18:41","Journal article","","","https://scholar.google.com/citations?view_op=view_citation&hl=en&user=4kRaGsEAAAAJ&cstart=100&pagesize=100&citation_for_view=4kRaGsEAAAAJ:YOwf2qJgpHMC",118,33,19374,19379,38,4.22,5,7,9,"","",""
38,"A Amassian, TV Desai, S Kowarik, S Hong, AR Woll, GG Malliaras, ...","Coverage dependent adsorption dynamics in hyperthermal organic thin film growth",2009,"The Journal of chemical physics","","","https://scholar.google.com/scholar?oi=bibs&hl=en&cites=4246436127451551934",143,"2023-03-01 19:18:41","Journal article","","","https://scholar.google.com/citations?view_op=view_citation&hl=en&user=4kRaGsEAAAAJ&cstart=100&pagesize=100&citation_for_view=4kRaGsEAAAAJ:hFOr9nPyWt4C",130,12,124701,124701,38,2.71,5,7,14,"","",""
37,"D Barrit, P Cheng, K Darabi, MC Tang, DM Smilgies, S Liu, ...","Room‐Temperature Partial Conversion of α‐FAPbI3 Perovskite Phase via PbI2 Solvation Enables High‐Performance Solar Cells",2020,"Advanced Functional Materials","","","https://scholar.google.com/scholar?oi=bibs&hl=en&cites=5121417885314136925",144,"2023-03-01 19:18:41","Journal article","","","https://scholar.google.com/citations?view_op=view_citation&hl=en&user=4kRaGsEAAAAJ&cstart=100&pagesize=100&citation_for_view=4kRaGsEAAAAJ:mlAyqtXpCwEC",30,11,1907442,1907442,37,12.33,5,7,3,"","",""
35,"F Eisner, A Seitkhan, Y Han, D Khim, E Yengel, AR Kirmani, J Xu, ...","Solution‐Processed In2O3/ZnO Heterojunction Electron Transport Layers for Efficient Organic Bulk Heterojunction and Inorganic Colloidal Quantum‐Dot Solar Cells",2018,"Solar RRL","","","https://scholar.google.com/scholar?oi=bibs&hl=en&cites=16704845613799563657",145,"2023-03-01 19:18:41","Journal article","","","https://scholar.google.com/citations?view_op=view_citation&hl=en&user=4kRaGsEAAAAJ&cstart=100&pagesize=100&citation_for_view=4kRaGsEAAAAJ:epqYDVWIO7EC",2,7,1800076,1800076,35,7.00,4,8,5,"","",""
35,"J Li, Y Liu, X Ren, Z Yang, R Li, H Su, X Yang, J Xu, H Xu, JY Hu, ...","Solution Coating of Superior Large‐Area Flexible Perovskite Thin Films with Controlled Crystal Packing",2017,"Advanced Optical Materials","","","https://scholar.google.com/scholar?oi=bibs&hl=en&cites=5550871824274668395",146,"2023-03-01 19:18:41","Journal article","","","https://scholar.google.com/citations?view_op=view_citation&hl=en&user=4kRaGsEAAAAJ&cstart=100&pagesize=100&citation_for_view=4kRaGsEAAAAJ:YFjsv_pBGBYC",5,11,1700102,1700102,35,5.83,4,11,6,"","",""
34,"X Yi, Z Peng, B Xu, D Seyitliyev, CHY Ho, EO Danilov, T Kim, ...","Critical role of polymer aggregation and miscibility in nonfullerene‐based organic photovoltaics",2020,"Advanced Energy Materials","","","https://scholar.google.com/scholar?oi=bibs&hl=en&cites=15734707462863047897",147,"2023-03-01 19:18:41","Journal article","","","https://scholar.google.com/citations?view_op=view_citation&hl=en&user=4kRaGsEAAAAJ&cstart=100&pagesize=100&citation_for_view=4kRaGsEAAAAJ:OTTXONDVkokC",10,8,1902430,1902430,34,11.33,4,8,3,"","",""
34,"L Serrano-Luján, S Víctor-Román, C Toledo, O Sanahuja-Parejo, ...","Environmental impact of the production of graphene oxide and reduced graphene oxide",2019,"SN Applied Sciences","","","https://scholar.google.com/scholar?oi=bibs&hl=en&cites=16488280833140946598",148,"2023-03-01 19:18:41","Journal article","","","https://scholar.google.com/citations?view_op=view_citation&hl=en&user=4kRaGsEAAAAJ&cstart=100&pagesize=100&citation_for_view=4kRaGsEAAAAJ:Dip1O2bNi0gC",1,2,179,179,34,8.50,7,5,4,"","",""
33,"JX Zhang, WL Chan, C Xie, Y Zhou, HF Chau, P Maity, GT Harrison, ...","Impressive near-infrared brightness and singlet oxygen generation from strategic lanthanide–porphyrin double-decker complexes in aqueous solution",2019,"Light: Science &Applications","","","https://scholar.google.com/scholar?oi=bibs&hl=en&cites=8892333635516354271",149,"2023-03-01 19:18:41","Journal article","","","https://scholar.google.com/citations?view_op=view_citation&hl=en&user=4kRaGsEAAAAJ&cstart=100&pagesize=100&citation_for_view=4kRaGsEAAAAJ:rmuvC79q63oC",8,1,46,46,33,8.25,4,8,4,"","",""
32,"K Wang, RZ Liang, J Wolf, Q Saleem, M Babics, P Wucher, M Abdelsamie, ...","Donor and Acceptor Unit Sequences Influence Material Performance in Benzo[1,2‐b:4,5‐b′]dithiophene–6,7‐Difluoroquinoxaline Small Molecule Donors for BHJ …",2016,"Advanced Functional Materials","","","https://scholar.google.com/scholar?oi=bibs&hl=en&cites=6253747549026758356",150,"2023-03-01 19:18:41","Journal article","","","https://scholar.google.com/citations?view_op=view_citation&hl=en&user=4kRaGsEAAAAJ&cstart=100&pagesize=100&citation_for_view=4kRaGsEAAAAJ:ldfaerwXgEUC",26,39,7103,7114,32,4.57,4,8,7,"","",""
31,"H Zhang, K Darabi, NY Nia, A Krishna, P Ahlawat, B Guo, MHS Almalki, ...","A universal co-solvent dilution strategy enables facile and cost-effective fabrication of perovskite photovoltaics",2022,"Nature Communications","","","https://scholar.google.com/scholar?oi=bibs&hl=en&cites=5730265058424760805",151,"2023-03-01 19:18:41","Journal article","","","https://scholar.google.com/citations?view_op=view_citation&hl=en&user=4kRaGsEAAAAJ&cstart=100&pagesize=100&citation_for_view=4kRaGsEAAAAJ:sJsF-0ZLhtgC",13,1,89,89,31,31.00,4,8,1,"","",""
30,"E Dauzon, X Sallenave, C Plesse, F Goubard, A Amassian, ...","Pushing the limits of flexibility and stretchability of solar cells: A review",2021,"Advanced Materials","","","https://scholar.google.com/scholar?oi=bibs&hl=en&cites=17848724805571106476",152,"2023-03-01 19:18:41","Journal article","","","https://scholar.google.com/citations?view_op=view_citation&hl=en&user=4kRaGsEAAAAJ&cstart=100&pagesize=100&citation_for_view=4kRaGsEAAAAJ:vDZJ-YLwNdEC",33,36,2101469,2101469,30,15.00,5,6,2,"","",""
30,"LK Jagadamma, H Hu, T Kim, GON Ndjawa, AE Mansour, A El Labban, ...","Solution-processable MoOx nanocrystals enable highly efficient reflective and semitransparent polymer solar cells",2016,"Nano Energy","","","https://scholar.google.com/scholar?oi=bibs&hl=en&cites=1158196066860802353",153,"2023-03-01 19:18:41","Journal article","","","https://scholar.google.com/citations?view_op=view_citation&hl=en&user=4kRaGsEAAAAJ&cstart=100&pagesize=100&citation_for_view=4kRaGsEAAAAJ:_FxGoFyzp5QC",28,,277,287,30,4.29,4,7,7,"","",""
29,"D Barrit, AD Sheikh, R Munir, JM Barbé, R Li, DM Smilgies, A Amassian","Hybrid perovskite solar cells: In situ investigation of solution-processed PbI2 reveals metastable precursors and a pathway to producing porous thin films",2017,"Journal of Materials Research","","","https://scholar.google.com/scholar?oi=bibs&hl=en&cites=10348374433181457761",154,"2023-03-01 19:18:41","Journal article","","","https://scholar.google.com/citations?view_op=view_citation&hl=en&user=4kRaGsEAAAAJ&cstart=100&pagesize=100&citation_for_view=4kRaGsEAAAAJ:VOx2b1Wkg3QC",32,10,1899,1907,29,4.83,4,7,6,"","",""
27,"S Lee, MC Tang, R Munir, D Barrit, YJ Kim, R Kang, JM Yun, DM Smilgies, ...","In situ study of the film formation mechanism of organic–inorganic hybrid perovskite solar cells: controlling the solvate phase using an additive system",2020,"Journal of materials chemistry A","","","https://scholar.google.com/scholar?oi=bibs&hl=en&cites=3307933977298186488",155,"2023-03-01 19:18:41","Journal article","","","https://scholar.google.com/citations?view_op=view_citation&hl=en&user=4kRaGsEAAAAJ&cstart=100&pagesize=100&citation_for_view=4kRaGsEAAAAJ:QYdC8u9Cj1oC",8,16,7695,7703,27,9.00,3,9,3,"","",""
27,"T Kim, E Palmiano, RZ Liang, H Hu, B Murali, AR Kirmani, Y Firdaus, ...","Hybrid tandem quantum dot/organic photovoltaic cells with complementary near infrared absorption",2017,"Applied Physics Letters","","","https://scholar.google.com/scholar?oi=bibs&hl=en&cites=15305544869065293380",156,"2023-03-01 19:18:41","Journal article","","","https://scholar.google.com/citations?view_op=view_citation&hl=en&user=4kRaGsEAAAAJ&cstart=100&pagesize=100&citation_for_view=4kRaGsEAAAAJ:ZfRJV9d4-WMC",110,22,223903,223903,27,4.50,3,8,6,"","",""
27,"AE Mansour, MM Said, S Dey, H Hu, S Zhang, R Munir, Y Zhang, ...","Facile Doping and Work‐Function Modification of Few‐Layer Graphene Using Molecular Oxidants and Reductants",2017,"Advanced Functional Materials","","","https://scholar.google.com/scholar?oi=bibs&hl=en&cites=9514879649284874978",157,"2023-03-01 19:18:41","Journal article","","","https://scholar.google.com/citations?view_op=view_citation&hl=en&user=4kRaGsEAAAAJ&cstart=100&pagesize=100&citation_for_view=4kRaGsEAAAAJ:738O_yMBCRsC",27,7,1602004,1602004,27,4.50,3,8,6,"","",""
27,"BS Shaheen, AM Hafez, B Murali, AR Kirmani, A Amassian, ...","10-fold enhancement in light-driven water splitting using niobium oxynitride microcone array films",2016,"Solar Energy Materials and Solar Cells","","","https://scholar.google.com/scholar?oi=bibs&hl=en&cites=5581242302422030470",158,"2023-03-01 19:18:41","Journal article","","","https://scholar.google.com/citations?view_op=view_citation&hl=en&user=4kRaGsEAAAAJ&cstart=100&pagesize=100&citation_for_view=4kRaGsEAAAAJ:GnPB-g6toBAC",151,,149,153,27,3.86,5,6,7,"","",""
27,"RR Bhattacharjee, R Li, L Estevez, DM Smilgies, A Amassian, ...","A plasmonic fluid with dynamically tunable optical properties",2009,"Journal of Materials Chemistry","","","https://scholar.google.com/scholar?oi=bibs&hl=en&cites=8803897425376719297",159,"2023-03-01 19:18:41","Journal article","","","https://scholar.google.com/citations?view_op=view_citation&hl=en&user=4kRaGsEAAAAJ&cstart=100&pagesize=100&citation_for_view=4kRaGsEAAAAJ:KxtntwgDAa4C",19,46,8728,8731,27,1.93,5,6,14,"","",""
26,"Y Xiong, RE Booth, T Kim, L Ye, Y Liu, Q Dong, M Zhang, F So, Y Zhu, ...","Novel Bimodal Silver Nanowire Network as Top Electrodes for Reproducible and High‐Efficiency Semitransparent Organic Photovoltaics",2020,"Solar Rrl","","","https://scholar.google.com/scholar?oi=bibs&hl=en&cites=10406249679602787428",160,"2023-03-01 19:18:41","Journal article","","","https://scholar.google.com/citations?view_op=view_citation&hl=en&user=4kRaGsEAAAAJ&cstart=100&pagesize=100&citation_for_view=4kRaGsEAAAAJ:fFSKOagxvKUC",4,10,2000328,2000328,26,8.67,3,10,3,"","",""
25,"CHY Ho, T Kim, Y Xiong, Y Firdaus, X Yi, Q Dong, JJ Rech, A Gadisa, ...","High‐Performance Tandem Organic Solar Cells Using HSolar as the Interconnecting Layer",2020,"Advanced Energy Materials","","","https://scholar.google.com/scholar?oi=bibs&hl=en&cites=6526817456926348244,16447214830723648802",161,"2023-03-01 19:18:41","Journal article","","","https://scholar.google.com/citations?view_op=view_citation&hl=en&user=4kRaGsEAAAAJ&cstart=100&pagesize=100&citation_for_view=4kRaGsEAAAAJ:DJbcl8HfkQkC",10,25,2000823,2000823,25,8.33,3,9,3,"","",""
25,"AR Kirmani, G Walters, T Kim, EH Sargent, A Amassian","Optimizing solid-state ligand exchange for colloidal quantum dot optoelectronics: How much is enough?",2020,"ACS Applied Energy Materials","","","https://scholar.google.com/scholar?oi=bibs&hl=en&cites=15497672169899018044",162,"2023-03-01 19:18:41","Journal article","","","https://scholar.google.com/citations?view_op=view_citation&hl=en&user=4kRaGsEAAAAJ&cstart=100&pagesize=100&citation_for_view=4kRaGsEAAAAJ:4vMrXwiscB8C",3,6,5385,5392,25,8.33,5,5,3,"","",""
25,"AA Jahnke, L Yu, N Coombs, AD Scaccabarozzi, AJ Tilley, PM DiCarmine, ...","Polytellurophenes provide imaging contrast towards unravelling the structure–property–function relationships in semiconductor: insulator polymer blends",2015,"Journal of Materials Chemistry C","","","https://scholar.google.com/scholar?oi=bibs&hl=en&cites=7623319651046977035",163,"2023-03-01 19:18:41","Journal article","","","https://scholar.google.com/citations?view_op=view_citation&hl=en&user=4kRaGsEAAAAJ&cstart=100&pagesize=100&citation_for_view=4kRaGsEAAAAJ:dfsIfKJdRG4C",3,15,3767,3773,25,3.13,4,7,8,"","",""
25,"R Vernhes, A Amassian, JE Klemberg-Sapieha, L Martinu","Plasma treatment of porous  films for the fabrication of porous-dense multilayer optical filters with tailored interfaces",2006,"Journal of applied physics","","","https://scholar.google.com/scholar?oi=bibs&hl=en&cites=13035993276647663793",164,"2023-03-01 19:18:41","Journal article","","","https://scholar.google.com/citations?view_op=view_citation&hl=en&user=4kRaGsEAAAAJ&cstart=100&pagesize=100&citation_for_view=4kRaGsEAAAAJ:5awf1xo2G04C",99,11,114315,114315,25,1.47,6,4,17,"","",""
22,"PJ Diemer, AF Harper, MR Niazi, AJ Petty, JE Anthony, A Amassian, ...","Laser‐Printed Organic Thin‐Film Transistors",2017,"Advanced Materials Technologies","","","https://scholar.google.com/scholar?oi=bibs&hl=en&cites=16189872955895121472,11867387119798263713",165,"2023-03-01 19:18:41","Journal article","","","https://scholar.google.com/citations?view_op=view_citation&hl=en&user=4kRaGsEAAAAJ&cstart=100&pagesize=100&citation_for_view=4kRaGsEAAAAJ:yB1At4FlUx8C",2,11,1700167,1700167,22,3.67,3,7,6,"","",""
22,"AO El‐Ballouli, E Alarousu, AR Kirmani, A Amassian, OM Bakr, ...","Overcoming the Cut‐Off Charge Transfer Bandgaps at the PbS Quantum Dot Interface",2015,"Advanced Functional Materials","","","https://scholar.google.com/scholar?oi=bibs&hl=en&cites=6225934097360225386,1185845395615531446",166,"2023-03-01 19:18:41","Journal article","","","https://scholar.google.com/citations?view_op=view_citation&hl=en&user=4kRaGsEAAAAJ&cstart=100&pagesize=100&citation_for_view=4kRaGsEAAAAJ:35N4QoGY0k4C",25,48,7435,7441,22,2.75,4,6,8,"","",""
22,"K Do, C Risko, JE Anthony, A Amassian, JL Bredas","Dynamics, miscibility, and morphology in polymer: molecule blends: the impact of chemical functionality",2015,"Chemistry of Materials","","","https://scholar.google.com/scholar?oi=bibs&hl=en&cites=10450616053932461434",167,"2023-03-01 19:18:41","Journal article","","","https://scholar.google.com/citations?view_op=view_citation&hl=en&user=4kRaGsEAAAAJ&cstart=100&pagesize=100&citation_for_view=4kRaGsEAAAAJ:eJXPG6dFmWUC",27,22,7643,7651,22,2.75,4,5,8,"","",""
22,"K Zhao, X Yu, R Li, A Amassian, Y Han","Solvent-dependent self-assembly and ordering in slow-drying drop-cast conjugated polymer films",2015,"Journal of Materials Chemistry C","","","https://scholar.google.com/scholar?oi=bibs&hl=en&cites=4002346643468818325",168,"2023-03-01 19:18:41","Journal article","","","https://scholar.google.com/citations?view_op=view_citation&hl=en&user=4kRaGsEAAAAJ&cstart=100&pagesize=100&citation_for_view=4kRaGsEAAAAJ:qUcmZB5y_30C",3,38,9842,9848,22,2.75,4,5,8,"","",""
20,"SP Schießl, H Faber, YH Lin, S Rossbauer, Q Wang, K Zhao, A Amassian, ...","Hybrid Modulation‐Doping of Solution‐Processed Ultrathin Layers of ZnO Using Molecular Dopants",2016,"Advanced Materials","","","https://scholar.google.com/scholar?oi=bibs&hl=en&cites=3081302366342147315",169,"2023-03-01 19:18:41","Journal article","","","https://scholar.google.com/citations?view_op=view_citation&hl=en&user=4kRaGsEAAAAJ&cstart=100&pagesize=100&citation_for_view=4kRaGsEAAAAJ:Wp0gIr-vW9MC",28,20,3952,3959,20,2.86,3,8,7,"","",""
20,"M Dudek, A Amassian, O Zabeida, JE Klemberg-Sapieha, L Martinu","Ion bombardment-induced enhancement of the properties of indium tin oxide films prepared by plasma-assisted reactive magnetron sputtering",2009,"Thin Solid Films","","","https://scholar.google.com/scholar?oi=bibs&hl=en&cites=12107316430771371925",170,"2023-03-01 19:18:41","Journal article","","","https://scholar.google.com/citations?view_op=view_citation&hl=en&user=4kRaGsEAAAAJ&cstart=100&pagesize=100&citation_for_view=4kRaGsEAAAAJ:eMMeJKvmdy0C",517,16,4576,4582,20,1.43,4,5,14,"","",""
19,"I Angunawela, MM Nahid, M Ghasemi, A Amassian, H Ade, A Gadisa","The Critical Role of Materials’ Interaction in Realizing Organic Field-Effect Transistors Via High-Dilution Blending with Insulating Polymers",2020,"ACS applied materials &interfaces","","","https://scholar.google.com/scholar?oi=bibs&hl=en&cites=17675434678409476591",171,"2023-03-01 19:18:41","Journal article","","","https://scholar.google.com/citations?view_op=view_citation&hl=en&user=4kRaGsEAAAAJ&cstart=100&pagesize=100&citation_for_view=4kRaGsEAAAAJ:cWzG1nlazyYC",12,23,26239,26249,19,6.33,3,6,3,"","",""
19,"J Martín, M Dyson, OG Reid, R Li, A Nogales, DM Smilgies, C Silva, ...","On the effect of confinement on the structure and properties of small‐molecular organic semiconductors",2018,"Advanced Electronic Materials","","","https://scholar.google.com/scholar?oi=bibs&hl=en&cites=221917783710888347",172,"2023-03-01 19:18:41","Journal article","","","https://scholar.google.com/citations?view_op=view_citation&hl=en&user=4kRaGsEAAAAJ&cstart=100&pagesize=100&citation_for_view=4kRaGsEAAAAJ:2osOgNQ5qMEC",4,1,1700308,1700308,19,3.80,2,8,5,"","",""
18,"MC Tang, Y Fan, D Barrit, R Li, HX Dang, S Zhang, TJ Magnanelli, ...","Efficient Hybrid Mixed‐Ion Perovskite Photovoltaics: In Situ Diagnostics of the Roles of Cesium and Potassium Alkali Cation Addition",2020,"Solar RRL","","","https://scholar.google.com/scholar?oi=bibs&hl=en&cites=15106949173353347166",173,"2023-03-01 19:18:41","Journal article","","","https://scholar.google.com/citations?view_op=view_citation&hl=en&user=4kRaGsEAAAAJ&cstart=100&pagesize=100&citation_for_view=4kRaGsEAAAAJ:ODE9OILHJdcC",4,9,2000272,2000272,18,6.00,2,8,3,"","",""
18,"S Zhang, J Zhang, M Abdelsamie, Q Shi, Y Zhang, TC Parker, EV Jucov, ...","Intermediate-sized conjugated donor molecules for organic solar cells: Comparison of benzodithiophene and benzobisthiazole-based cores",2017,"Chemistry of Materials","","","https://scholar.google.com/scholar?oi=bibs&hl=en&cites=5114177388761615185",174,"2023-03-01 19:18:41","Journal article","","","https://scholar.google.com/citations?view_op=view_citation&hl=en&user=4kRaGsEAAAAJ&cstart=100&pagesize=100&citation_for_view=4kRaGsEAAAAJ:isC4tDSrTZIC",29,18,7880,7887,18,3.00,2,8,6,"","",""
16,"MC Tang, HX Dang, S Lee, D Barrit, R Munir, K Wang, R Li, DM Smilgies, ...","Wide and Tunable Bandgap MAPbBr3−xClx Hybrid Perovskites with Enhanced Phase Stability: In Situ Investigation and Photovoltaic Devices",2021,"Solar RRL","","","https://scholar.google.com/scholar?oi=bibs&hl=en&cites=2784462498465753980",175,"2023-03-01 19:18:41","Journal article","","","https://scholar.google.com/citations?view_op=view_citation&hl=en&user=4kRaGsEAAAAJ&cstart=100&pagesize=100&citation_for_view=4kRaGsEAAAAJ:lvd772isFD0C",5,4,2000718,2000718,16,8.00,2,9,2,"","",""
16,"K Zhao, HU Khan, R Li, H Hu, A Amassian","Carrier transport enhancement in conjugated polymers through interfacial self-assembly of solution-state aggregates",2016,"ACS Applied Materials &Interfaces","","","https://scholar.google.com/scholar?oi=bibs&hl=en&cites=14606531250183062786",176,"2023-03-01 19:18:41","Journal article","","","https://scholar.google.com/citations?view_op=view_citation&hl=en&user=4kRaGsEAAAAJ&cstart=100&pagesize=100&citation_for_view=4kRaGsEAAAAJ:uLbwQdceFCQC",8,30,19649,19657,16,2.29,3,5,7,"","",""
16,"P Jedrzejowski, A Amassian, E Bousser, JE Klemberg-Sapieha, L Martinu","Real-time in situ growth study of TiN- and -based superhard nanocomposite coatings using spectroscopic ellipsometry",2006,"Applied physics letters","","","https://scholar.google.com/scholar?oi=bibs&hl=en&cites=10004216741133784873",177,"2023-03-01 19:18:41","Journal article","","","https://scholar.google.com/citations?view_op=view_citation&hl=en&user=4kRaGsEAAAAJ&cstart=100&pagesize=100&citation_for_view=4kRaGsEAAAAJ:4fKUyHm3Qg0C",88,7,71915,71915,16,0.94,3,5,17,"","",""
16,"A Amassian, R Vernhes, JE Klemberg-Sapieha, P Desjardins, L Martinu","Interface engineering during plasma-enhanced chemical vapor deposition of porous/dense SiN1. 3 optical multilayers",2004,"Thin Solid Films","","","https://scholar.google.com/scholar?oi=bibs&hl=en&cites=11668561781805213378",178,"2023-03-01 19:18:41","Journal article","","","https://scholar.google.com/citations?view_op=view_citation&hl=en&user=4kRaGsEAAAAJ&cstart=100&pagesize=100&citation_for_view=4kRaGsEAAAAJ:olpn-zPbct0C",469,,47,53,16,0.84,3,5,19,"","",""
14,"S Yang, E Vetter, T Wang, A Amassian, D Sun","Observation of long spin lifetime in MAPbBr3 single crystals at room temperature",2020,"Journal of Physics: Materials","","","https://scholar.google.com/scholar?oi=bibs&hl=en&cites=11641181468258480147",179,"2023-03-01 19:18:41","Journal article","","","https://scholar.google.com/citations?view_op=view_citation&hl=en&user=4kRaGsEAAAAJ&cstart=100&pagesize=100&citation_for_view=4kRaGsEAAAAJ:WJVC3Jt7v1AC",3,1,15012,15012,14,4.67,3,5,3,"","",""
14,"AD Scaccabarozzi, JI Basham, L Yu, P Westacott, W Zhang, A Amassian, ...","High-density polyethylene—an inert additive with stabilizing effects on organic field-effect transistors",2020,"Journal of Materials Chemistry C","","","https://scholar.google.com/scholar?oi=bibs&hl=en&cites=13841548819658191722",180,"2023-03-01 19:18:41","Journal article","","","https://scholar.google.com/citations?view_op=view_citation&hl=en&user=4kRaGsEAAAAJ&cstart=100&pagesize=100&citation_for_view=4kRaGsEAAAAJ:yqoGN6RLRZoC",8,43,15406,15415,14,4.67,2,7,3,"","",""
13,"D Barrit, Y Zhang, T Yang, MC Tang, R Li, DM Smilgies, S Liu, ...","Sequential formation of tunable‐bandgap mixed‐Halide lead‐based perovskites: In situ investigation and photovoltaic devices",2021,"Solar RRL","","","https://scholar.google.com/scholar?oi=bibs&hl=en&cites=12954343501684655048",181,"2023-03-01 19:18:41","Journal article","","","https://scholar.google.com/citations?view_op=view_citation&hl=en&user=4kRaGsEAAAAJ&cstart=100&pagesize=100&citation_for_view=4kRaGsEAAAAJ:F9fV5C73w3QC",5,1,2000668,2000668,13,6.50,2,8,2,"","",""
13,"M Gaidi, L Stafford, A Amassian, M Chaker, J Margot, L Martinu, ...","Influence of the microstructure on the optical characteristics of SrTiO3 thin films",2005,"Journal of materials research","","","https://scholar.google.com/scholar?oi=bibs&hl=en&cites=1781375258989633528",182,"2023-03-01 19:18:41","Journal article","","","https://scholar.google.com/citations?view_op=view_citation&hl=en&user=4kRaGsEAAAAJ&cstart=100&pagesize=100&citation_for_view=4kRaGsEAAAAJ:hqOjcs7Dif8C",20,1,68,74,13,0.72,2,7,18,"","",""
12,"MD Islam, S Liu, DA Boyd, Y Zhong, MM Nahid, R Henry, L Taussig, Y Ko, ...","Enhanced mid-wavelength infrared refractive index of organically modified chalcogenide (ORMOCHALC) polymer nanocomposites with thermomechanical stability",2020,"Optical Materials","","","https://scholar.google.com/scholar?oi=bibs&hl=en&cites=17638831504125814800",183,"2023-03-01 19:18:41","Journal article","","","https://scholar.google.com/citations?view_op=view_citation&hl=en&user=4kRaGsEAAAAJ&cstart=100&pagesize=100&citation_for_view=4kRaGsEAAAAJ:3htObqc8RwsC",108,,110197,110197,12,4.00,1,9,3,"","",""
12,"EK Burnett, J Ly, MR Niazi, L Zhang, SR McCuskey, A Amassian, ...","Bistetracene thin film polymorphic control to unravel the effect of molecular packing on charge transport",2018,"Advanced Materials Interfaces","","","https://scholar.google.com/scholar?oi=bibs&hl=en&cites=5545102952132346455",184,"2023-03-01 19:18:41","Journal article","","","https://scholar.google.com/citations?view_op=view_citation&hl=en&user=4kRaGsEAAAAJ&cstart=100&pagesize=100&citation_for_view=4kRaGsEAAAAJ:NMxIlDl6LWMC",5,9,1701607,1701607,12,2.40,2,7,5,"","",""
12,"AE Mansour, AR Kirmani, S Barlow, SR Marder, A Amassian","Hybrid doping of few-layer graphene via a combination of intercalation and surface doping",2017,"ACS applied materials &interfaces","","","https://scholar.google.com/scholar?oi=bibs&hl=en&cites=5900619842926291360",185,"2023-03-01 19:18:41","Journal article","","","https://scholar.google.com/citations?view_op=view_citation&hl=en&user=4kRaGsEAAAAJ&cstart=100&pagesize=100&citation_for_view=4kRaGsEAAAAJ:RYcK_YlVTxYC",9,23,20020,20028,12,2.00,2,5,6,"","",""
12,"A Papadimitratos, A Amassian, AS Killampalli, JL Mack, GG Malliaras, ...","Organic thin-film transistors of pentacene films fabricated fromáaásupersonic molecular beam source",2009,"Applied Physics A","","","https://scholar.google.com/scholar?oi=bibs&hl=en&cites=102661500085765541",186,"2023-03-01 19:18:41","Journal article","","","https://scholar.google.com/citations?view_op=view_citation&hl=en&user=4kRaGsEAAAAJ&cstart=100&pagesize=100&citation_for_view=4kRaGsEAAAAJ:u5HHmVD_uO8C",95,,29,35,12,0.86,2,6,14,"","",""
12,"A Amassian, M Svec, P Desjardins, L Martinu","Interface broadening due to ion mixing during thin film growth at the radio-frequency-biased electrode in a plasma-enhanced chemical vapor deposition environment",2006,"Journal of Vacuum Science &Technology A: Vacuum, Surfaces, and Films 24 (6 …","","","https://scholar.google.com/scholar?oi=bibs&hl=en&cites=11747858868790117641",187,"2023-03-01 19:18:41","Journal article","","","https://scholar.google.com/citations?view_op=view_citation&hl=en&user=4kRaGsEAAAAJ&cstart=100&pagesize=100&citation_for_view=4kRaGsEAAAAJ:t6usbXjVLHcC",,,,,12,0.71,3,4,17,"","",""
11,"AR Kirmani, F Eisner, AE Mansour, Y Firdaus, N Chaturvedi, A Seitkhan, ...","Colloidal Quantum Dot Photovoltaics Using Ultrathin, Solution-Processed Bilayer In2O3/ZnO Electron Transport Layers with Improved Stability",2020,"ACS Applied Energy Materials","","","https://scholar.google.com/scholar?oi=bibs&hl=en&cites=5416992467856220645",188,"2023-03-01 19:18:41","Journal article","","","https://scholar.google.com/citations?view_op=view_citation&hl=en&user=4kRaGsEAAAAJ&cstart=100&pagesize=100&citation_for_view=4kRaGsEAAAAJ:bKqednn6t2AC",3,6,5135,5141,11,3.67,2,7,3,"","",""
11,"Y Saeed, K Zhao, N Singh, R Li, JE Anthony, A Amassian, ...","Influence of substitution on the optical properties of functionalized pentacene monomers and crystals: Experiment and theory",2013,"Chemical Physics Letters","","","https://scholar.google.com/scholar?oi=bibs&hl=en&cites=15571082430420498308",189,"2023-03-01 19:18:41","Journal article","","","https://scholar.google.com/citations?view_op=view_citation&hl=en&user=4kRaGsEAAAAJ&cstart=100&pagesize=100&citation_for_view=4kRaGsEAAAAJ:35r97b3x0nAC",585,,95,100,11,1.10,2,7,10,"","",""
10,"X Chang, Y Fan, K Zhao, J Fang, D Liu, MC Tang, D Barrit, DM Smilgies, ...","Perovskite solar cells toward eco-friendly printing",2021,"Research","","","https://scholar.google.com/scholar?oi=bibs&hl=en&cites=5743144310180082151",190,"2023-03-01 19:18:41","","","","https://scholar.google.com/citations?view_op=view_citation&hl=en&user=4kRaGsEAAAAJ&cstart=100&pagesize=100&citation_for_view=4kRaGsEAAAAJ:5MTHONV0fEkC",,,,,10,5.00,1,9,2,"","",""
9,"YJ Kim, S Lee, MR Niazi, K Hwang, MC Tang, DH Lim, JS Kang, ...","Systematic study on the morphological development of blade-coated conjugated polymer thin films via in situ measurements",2020,"ACS applied materials &interfaces","","","https://scholar.google.com/scholar?oi=bibs&hl=en&cites=2176914601528261664",191,"2023-03-01 19:18:41","Journal article","","","https://scholar.google.com/citations?view_op=view_citation&hl=en&user=4kRaGsEAAAAJ&cstart=100&pagesize=100&citation_for_view=4kRaGsEAAAAJ:OR75R8vi5nAC",12,32,36417,36427,9,3.00,1,8,3,"","",""
8,"E Dauzon, X Sallenave, C Plesse, F Goubard, A Amassian, ...","Versatile methods for improving the mechanical properties of fullerene and non-fullerene bulk heterojunction layers to enable stretchable organic solar cells",2022,"Journal of Materials Chemistry C","","","https://scholar.google.com/scholar?oi=bibs&hl=en&cites=5474526771028681607",192,"2023-03-01 19:18:41","Journal article","","","https://scholar.google.com/citations?view_op=view_citation&hl=en&user=4kRaGsEAAAAJ&cstart=100&pagesize=100&citation_for_view=4kRaGsEAAAAJ:4X0JR2_MtJMC",10,9,3375,3386,8,8.00,1,6,1,"","",""
8,"Z Huang, SR Vardeny, T Wang, Z Ahmad, A Chanana, E Vetter, S Yang, ...","Observation of spatially resolved Rashba states on the surface of CH3NH3PbBr3 single crystals",2021,"Applied Physics Reviews","","","https://scholar.google.com/scholar?oi=bibs&hl=en&cites=15718018457155986744",193,"2023-03-01 19:18:41","Journal article","","","https://scholar.google.com/citations?view_op=view_citation&hl=en&user=4kRaGsEAAAAJ&cstart=100&pagesize=100&citation_for_view=4kRaGsEAAAAJ:BJbdYPG6LGMC",8,3,31408,31408,8,4.00,1,8,2,"","",""
8,"A Giuri, R Munir, A Listorti, CE Corcione, G Gigli, A Rizzo, A Amassian, ...","Implication of polymeric template agent on the formation process of hybrid halide perovskite films",2021,"Nanotechnology","","","https://scholar.google.com/scholar?oi=bibs&hl=en&cites=3155435304635416714",194,"2023-03-01 19:18:41","Journal article","","","https://scholar.google.com/citations?view_op=view_citation&hl=en&user=4kRaGsEAAAAJ&cstart=100&pagesize=100&citation_for_view=4kRaGsEAAAAJ:gVv57TyPmFsC",32,26,265707,265707,8,4.00,1,8,2,"","",""
8,"A Aboulhassan, D Baum, O Wodo, B Ganapathysubramanian, ...","A novel framework for visual detection and exploration of performance bottlenecks in organic photovoltaic solar cell materials",2015,"Computer Graphics Forum","","","https://scholar.google.com/scholar?oi=bibs&hl=en&cites=10946841221574642984",195,"2023-03-01 19:18:41","Conference paper","","","https://scholar.google.com/citations?view_op=view_citation&hl=en&user=4kRaGsEAAAAJ&cstart=100&pagesize=100&citation_for_view=4kRaGsEAAAAJ:kRWSkSYxWN8C",34,3,401,410,8,1.00,2,5,8,"","",""
8,"S Larouche, A Amassian, B Baloukas, L Martinu","Turning-point monitoring is not simply optical thickness compensation",2004,"Optical Interference Coatings, Tu","","","https://scholar.google.com/scholar?oi=bibs&hl=en&cites=6003514726144908391",196,"2023-03-01 19:18:41","Book chapter","","","https://scholar.google.com/citations?view_op=view_citation&hl=en&user=4kRaGsEAAAAJ&cstart=100&pagesize=100&citation_for_view=4kRaGsEAAAAJ:lSLTfruPkqcC",,,8,,8,0.42,2,4,19,"","",""
7,"JI Khan, AD Sheikh, MA Alamoudi, D Barrit, E Ugur, F Laquai, A Amassian","Impact of residual lead iodide on photophysical properties of lead triiodide perovskite solar cells",2020,"Energy Technology","","","https://scholar.google.com/scholar?oi=bibs&hl=en&cites=14465400370333421879",197,"2023-03-01 19:18:41","Journal article","","","https://scholar.google.com/citations?view_op=view_citation&hl=en&user=4kRaGsEAAAAJ&cstart=100&pagesize=100&citation_for_view=4kRaGsEAAAAJ:umqufdRvDiIC",8,3,1900627,1900627,7,2.33,1,7,3,"","",""
7,"GG Giesbrecht, M Percher, P Brunet, Y Richard, M Alexander, ...","An automatic window opening system to prevent drowning in vehicles sinking in water",2017,"Cogent engineering","","","https://scholar.google.com/scholar?oi=bibs&hl=en&cites=6739921799365576355",198,"2023-03-01 19:18:41","Journal article","","","https://scholar.google.com/citations?view_op=view_citation&hl=en&user=4kRaGsEAAAAJ&cstart=100&pagesize=100&citation_for_view=4kRaGsEAAAAJ:HoB7MX3m0LUC",4,1,1347990,1347990,7,1.17,1,6,6,"","",""
7,"JA Nekuda Malik, ND Treat, M Abdelsamie, L Yu, R Li, DM Smilgies, ...","Controlling the Solidification of Organic Photovoltaic Blends with Nucleating Agents",2014,"","Walter de Gruyter GmbH","","https://scholar.google.com/scholar?oi=bibs&hl=en&cites=1925214139048517361",199,"2023-03-01 19:18:41","Book","","","https://scholar.google.com/citations?view_op=view_citation&hl=en&user=4kRaGsEAAAAJ&cstart=100&pagesize=100&citation_for_view=4kRaGsEAAAAJ:5nxA0vEk-isC",,,,,7,0.78,1,7,9,"","",""
7,"S Larouche, A Amassian, SC Gujrathi, JE Klemberg-Sapieha, L Martinu","Multilayer and inhomogeneous optical filters fabricated by PECVD using titanium dioxide and silicon dioxide",2001,"PROCEEDINGS OF THE ANNUAL TECHNICAL CONFERENCE-SOCIETY OF VACUUM COATERS …","","","https://scholar.google.com/scholar?oi=bibs&hl=en&cites=5027917428557531848",200,"2023-03-01 19:18:41","Conference paper","","","https://scholar.google.com/citations?view_op=view_citation&hl=en&user=4kRaGsEAAAAJ&cstart=100&pagesize=100&citation_for_view=4kRaGsEAAAAJ:iH-uZ7U-co4C",,,,,7,0.32,1,5,22,"","",""
6,"D Corzo, T Wang, M Gedda, E Yengel, JI Khan, R Li, MR Niazi, Z Huang, ...","A universal cosolvent evaporation strategy enables direct printing of perovskite single crystals for optoelectronic device applications",2022,"Advanced Materials","","","https://scholar.google.com/scholar?oi=bibs&hl=en&cites=2480385628287559214",201,"2023-03-01 19:18:41","Journal article","","","https://scholar.google.com/citations?view_op=view_citation&hl=en&user=4kRaGsEAAAAJ&cstart=200&pagesize=100&citation_for_view=4kRaGsEAAAAJ:2tRrZ1ZAMYUC",34,9,2109862,2109862,6,6.00,1,9,1,"","",""
6,"AR Kirmani, AE Mansour, MI Saidaminov, X Cui, D Shi, A Alofi, ...","Contributions of the lead-bromine weighted bands to the occupied density of states of the hybrid tri-bromide perovskites",2018,"Applied Physics Letters","","","https://scholar.google.com/scholar?oi=bibs&hl=en&cites=5098450643364495801",202,"2023-03-01 19:18:41","Journal article","","","https://scholar.google.com/citations?view_op=view_citation&hl=en&user=4kRaGsEAAAAJ&cstart=200&pagesize=100&citation_for_view=4kRaGsEAAAAJ:TFP_iSt0sucC",113,2,22101,22101,6,1.20,1,7,5,"","",""
6,"MM Said, Y Zhang, RR Dasari, DH Anjum, R Munir, H Hu, A Amassian, ...","Ultra-low p-doping of poly (3-hexylthiophene) and its impact on polymer aggregation and photovoltaic performance",2016,"Organic Photonics and Photovoltaics","","","https://scholar.google.com/scholar?oi=bibs&hl=en&cites=15281947608789373526",203,"2023-03-01 19:18:41","Journal article","","","https://scholar.google.com/citations?view_op=view_citation&hl=en&user=4kRaGsEAAAAJ&cstart=200&pagesize=100&citation_for_view=4kRaGsEAAAAJ:tKAzc9rXhukC",4,1,,,6,0.86,1,8,7,"","",""
6,"R Kroon, A Melianas, W Zhuang, J Bergqvist, AD de Zerio Mendaza, ...","Comparison of selenophene and thienothiophene incorporation into pentacyclic lactam-based conjugated polymers for organic solar cells",2015,"Polymer Chemistry","","","https://scholar.google.com/scholar?oi=bibs&hl=en&cites=4488931566327849682",204,"2023-03-01 19:18:41","Journal article","","","https://scholar.google.com/citations?view_op=view_citation&hl=en&user=4kRaGsEAAAAJ&cstart=200&pagesize=100&citation_for_view=4kRaGsEAAAAJ:TQgYirikUcIC",6,42,7402,7409,6,0.75,1,6,8,"","",""
6,"A McGlashon, W Zhang, DM Smilgies, M Shkunov, K Genevicius, ...","Spectroscopic and morphological investigation of conjugated photopolymerisable quinquethiophene liquid crystals",2012,"Current Applied Physics 12, e59-","","","https://scholar.google.com/scholar?oi=bibs&hl=en&cites=10292931628896322441",205,"2023-03-01 19:18:41","Book chapter","","","https://scholar.google.com/citations?view_op=view_citation&hl=en&user=4kRaGsEAAAAJ&cstart=200&pagesize=100&citation_for_view=4kRaGsEAAAAJ:LPZeul_q3PIC",,,66,,6,0.55,1,6,11,"","",""
6,"A Amassian, M Dudek, O Zabeida, SC Gujrathi, JE Klemberg-Sapieha, ...","Oxygen incorporation and charge donor activation via subplantation during growth of indium tin oxide films",2009,"Journal of Vacuum Science &Technology A: Vacuum, Surfaces, and Films 27 (2 …","","","https://scholar.google.com/scholar?oi=bibs&hl=en&cites=7842986060337197735",206,"2023-03-01 19:18:41","Journal article","","","https://scholar.google.com/citations?view_op=view_citation&hl=en&user=4kRaGsEAAAAJ&cstart=200&pagesize=100&citation_for_view=4kRaGsEAAAAJ:a0OBvERweLwC",,,,,6,0.43,1,6,14,"","",""
6,"A Amassian, P Desjardins, L Martinu","Ion-surface interactions on  at the radiofrequency-powered electrode in low-pressure plasmas: Ex situ spectroscopic ellipsometry and Monte Carlo …",2006,"Journal of Vacuum Science &Technology A: Vacuum, Surfaces, and Films 24 (1 …","","","https://scholar.google.com/scholar?oi=bibs&hl=en&cites=2128673409322065440",207,"2023-03-01 19:18:41","Journal article","","","https://scholar.google.com/citations?view_op=view_citation&hl=en&user=4kRaGsEAAAAJ&cstart=200&pagesize=100&citation_for_view=4kRaGsEAAAAJ:MXK_kJrjxJIC",,,,,6,0.35,2,3,17,"","",""
5,"L Yu, E Pavlica, R Li, Y Zhong, C Silva, G Bratina, C Müller, A Amassian, ...","Conjugated polymer mesocrystals with structural and optoelectronic coherence and anisotropy in three dimensions",2022,"Advanced Materials","","","https://scholar.google.com/scholar?oi=bibs&hl=en&cites=1355581144274621274",208,"2023-03-01 19:18:41","Journal article","","","https://scholar.google.com/citations?view_op=view_citation&hl=en&user=4kRaGsEAAAAJ&cstart=200&pagesize=100&citation_for_view=4kRaGsEAAAAJ:Ak0FvsSvgGUC",34,1,2103002,2103002,5,5.00,1,9,1,"","",""
5,"A Amassian, M Gaidi, M Chaker, L Martinu","Optical depth profiling of strontium titanate and electro-optic lanthanum-modified lead zirconium titanate multilayer structures for active waveguide applications",2006,"Journal of Vacuum Science &Technology A: Vacuum, Surfaces, and Films 24 (1 …","","","https://scholar.google.com/scholar?oi=bibs&hl=en&cites=3713318477132199985",209,"2023-03-01 19:18:41","Journal article","","","https://scholar.google.com/citations?view_op=view_citation&hl=en&user=4kRaGsEAAAAJ&cstart=200&pagesize=100&citation_for_view=4kRaGsEAAAAJ:ZeXyd9-uunAC",,,,,5,0.29,1,4,17,"","",""
4,"Y Zhong, AR Kirmani, X Lan, J Carpenter, ARH Chew, O Awartani, L Yu, ...","Conjugated polymers with controllable interfacial order and energetics enable tunable heterojunctions in organic and colloidal quantum dot photovoltaics",2022,"Journal of Materials Chemistry A","","","https://scholar.google.com/scholar?oi=bibs&hl=en&cites=6566435581741762089",210,"2023-03-01 19:18:41","Journal article","","","https://scholar.google.com/citations?view_op=view_citation&hl=en&user=4kRaGsEAAAAJ&cstart=200&pagesize=100&citation_for_view=4kRaGsEAAAAJ:AHdEip9mkN0C",10,4,1788,1801,4,4.00,1,8,1,"","",""
4,"AR Kirmani, AE Mansour, C Yang, R Munir, AM El-Zohry, OF Mohammed, ...","Facile and noninvasive passivation, doping and chemical tuning of macroscopic hybrid perovskite crystals",2020,"Plos one","","","https://scholar.google.com/scholar?oi=bibs&hl=en&cites=10168756929436700426",211,"2023-03-01 19:18:41","Journal article","","","https://scholar.google.com/citations?view_op=view_citation&hl=en&user=4kRaGsEAAAAJ&cstart=200&pagesize=100&citation_for_view=4kRaGsEAAAAJ:9c2xU6iGI7YC",15,3,230540,,4,1.33,1,7,3,"","",""
4,"A Amassian, M Svec, P Desjardins, L Martinu","Dynamics of ion bombardment-induced modifications of Si(001) at the radio-frequency-biased electrode in low-pressure oxygen plasmas: In situ spectroscopic …",2006,"Journal of applied physics","","","https://scholar.google.com/scholar?oi=bibs&hl=en&cites=8978384645402456694",212,"2023-03-01 19:18:41","Journal article","","","https://scholar.google.com/citations?view_op=view_citation&hl=en&user=4kRaGsEAAAAJ&cstart=200&pagesize=100&citation_for_view=4kRaGsEAAAAJ:uWQEDVKXjbEC",100,6,63526,63526,4,0.24,1,4,17,"","",""
3,"YH Lin, H Faber, K Zhao, Q Wang, A Amassian, M McLachlan, ...","Correction: High‐Performance ZnO Transistors Processed Via an Aqueous Carbon‐Free Metal Oxide Precursor Route at Temperatures Between 80–180° C",2013,"Advanced Materials","","","https://scholar.google.com/scholar?oi=bibs&hl=en&cites=1146424439829100555",213,"2023-03-01 19:18:41","Journal article","","","https://scholar.google.com/citations?view_op=view_citation&hl=en&user=4kRaGsEAAAAJ&cstart=200&pagesize=100&citation_for_view=4kRaGsEAAAAJ:foquWX3nUaYC",25,34,4689,4689,3,0.30,0,7,10,"","",""
3,"A Aboulhassan, R Li, C Knox, A Amassian, M Hadwiger","CrystalExplorer: An Interactive Knowledge-Assisted System for Visual Design of Solar Cell Crystal Structures.",2012,"EuroVis (Short Papers)","","","https://scholar.google.com/scholar?oi=bibs&hl=en&cites=8760866241439644851",214,"2023-03-01 19:18:41","","","","https://scholar.google.com/citations?view_op=view_citation&hl=en&user=4kRaGsEAAAAJ&cstart=200&pagesize=100&citation_for_view=4kRaGsEAAAAJ:P5F9QuxV20EC",,,,,3,0.27,1,5,11,"","",""
3,"L Martinu, O Zabeida, A Amassian, S Larouche, C Lavigne, JEK Sapieha, ...","Plasma deposition of anti-reflective coatings on spherical lenses",2001,"Optical Interference Coatings, OSA Technical Digest Series","","","https://scholar.google.com/scholar?oi=bibs&hl=en&cites=5223852166997839343,9895734367317642388",215,"2023-03-01 19:18:41","","","","https://scholar.google.com/citations?view_op=view_citation&hl=en&user=4kRaGsEAAAAJ&cstart=200&pagesize=100&citation_for_view=4kRaGsEAAAAJ:M3NEmzRMIkIC",,,,,3,0.14,0,7,22,"","",""
2,"GO Ngongang Ndjawa, MR Tchalala, O Shekhah, JI Khan, AE Mansour, ...","The Growth of Photoactive Porphyrin-Based MOF Thin Films Using the Liquid-Phase Epitaxy Approach and Their Optoelectronic Properties",2019,"Materials","","","https://scholar.google.com/scholar?oi=bibs&hl=en&cites=9998847754236259750",216,"2023-03-01 19:18:41","Journal article","","","https://scholar.google.com/citations?view_op=view_citation&hl=en&user=4kRaGsEAAAAJ&cstart=200&pagesize=100&citation_for_view=4kRaGsEAAAAJ:LO7wyVUgiFcC",12,15,2457,2457,2,0.50,0,6,4,"","",""
2,"LK Jagadamma, M Al‐Senani, A El‐Labban, I Gereige, ...","Polymer Solar Cells: Polymer Solar Cells with Efficiency> 10% Enabled via a Facile Solution‐Processed Al‐Doped ZnO Electron Transporting Layer (Adv. Energy Mater. 12/2015)",2015,"Advanced Energy Materials","","","https://scholar.google.com/scholar?oi=bibs&hl=en&cites=16738240305614296431",217,"2023-03-01 19:18:41","Journal article","","","https://scholar.google.com/citations?view_op=view_citation&hl=en&user=4kRaGsEAAAAJ&cstart=200&pagesize=100&citation_for_view=4kRaGsEAAAAJ:FPJr55Dyh1AC",5,12,,,2,0.25,0,5,8,"","",""
2,"KW Chou, B Yan, R Li, EQ Li, K Zhao, DH Anjum, S Alvarez, R Gassaway, ...","Solar Cells: Spin‐Cast Bulk Heterojunction Solar Cells: A Dynamical Investigation (Adv. Mater. 13/2013)",2013,"Advanced Materials","","","https://scholar.google.com/scholar?oi=bibs&hl=en&cites=1075774941085892259",218,"2023-03-01 19:18:41","Journal article","","","https://scholar.google.com/citations?view_op=view_citation&hl=en&user=4kRaGsEAAAAJ&cstart=200&pagesize=100&citation_for_view=4kRaGsEAAAAJ:eQOLeE2rZwMC",25,13,1805,1805,2,0.20,0,9,10,"","",""
1,"Q Dong, X Fu, D Seyitliyev, K Darabi, J Mendes, L Lei, YA Chen, ...","Cavity Engineering of Perovskite Distributed Feedback Lasers",2022,"ACS Photonics","","","https://scholar.google.com/scholar?oi=bibs&hl=en&cites=5303853772544262312",219,"2023-03-01 19:18:41","Journal article","","","https://scholar.google.com/citations?view_op=view_citation&hl=en&user=4kRaGsEAAAAJ&cstart=200&pagesize=100&citation_for_view=4kRaGsEAAAAJ:otzGkya1bYkC",9,9,3124,3133,1,1.00,0,8,1,"","",""
1,"A Amassian","Analysis and control of optical film growth by in situ real-time spectroscopic ellipsometry",2017,"Opto-Canada: SPIE Regional Meeting on Optoelectronics, Photonics, and …","","","https://scholar.google.com/scholar?oi=bibs&hl=en&cites=14916222206126921391",220,"2023-03-01 19:18:41","Conference paper","","","https://scholar.google.com/citations?view_op=view_citation&hl=en&user=4kRaGsEAAAAJ&cstart=200&pagesize=100&citation_for_view=4kRaGsEAAAAJ:kzcrU_BdoSEC",,,,,1,0.17,1,1,6,"","",""
1,"MR Niazi, R Li, M Abdelsamie, K Zhao, DH Anjum, MM Payne, J Anthony, ...","Thin Film Transistors: Contact‐Induced Nucleation in High‐Performance Bottom‐Contact Organic Thin Film Transistors Manufactured by Large‐Area Compatible Solution Processing …",2016,"Advanced Functional Materials","","","https://scholar.google.com/scholar?oi=bibs&hl=en&cites=10130165206655719454",221,"2023-03-01 19:18:41","Journal article","","","https://scholar.google.com/citations?view_op=view_citation&hl=en&user=4kRaGsEAAAAJ&cstart=200&pagesize=100&citation_for_view=4kRaGsEAAAAJ:B3FOqHPlNUQC",26,14,2396,2396,1,0.14,0,8,7,"","",""
1,"K Mahmood, BS Swain, A Amassian","Photovoltaics: Highly Efficient Hybrid Photovoltaics Based on Hyperbranched Three‐Dimensional TiO2 Electron Transporting Materials (Adv. Mater. 18/2015)",2015,"Advanced Materials","","","https://scholar.google.com/scholar?oi=bibs&hl=en&cites=5422094054483248247",222,"2023-03-01 19:18:41","Journal article","","","https://scholar.google.com/citations?view_op=view_citation&hl=en&user=4kRaGsEAAAAJ&cstart=200&pagesize=100&citation_for_view=4kRaGsEAAAAJ:hMod-77fHWUC",27,18,2814,2814,1,0.13,0,3,8,"","",""
1,"MD McGehee, KR Graham, C Cabanetos, JP Jahnke, AE Labban, ...","Role of molecular conformation at the donor-acceptor interface in organic photovoltaics",2014,"ABSTRACTS OF PAPERS OF THE AMERICAN CHEMICAL SOCIETY","","","https://scholar.google.com/scholar?oi=bibs&hl=en&cites=8618186998692933504",223,"2023-03-01 19:18:41","Abstract","","","https://scholar.google.com/citations?view_op=view_citation&hl=en&user=4kRaGsEAAAAJ&cstart=200&pagesize=100&citation_for_view=4kRaGsEAAAAJ:xtRiw3GOFMkC",247,,,,1,0.11,0,6,9,"","",""
1,"K Katsiev, AH Ip, A Fischer, I Tanabe, X Zhang, AR Kirmani, O Voznyy, ...","Photovoltaics: The Complete In‐Gap Electronic Structure of Colloidal Quantum Dot Solids and Its Correlation with Electronic Transport and Photovoltaic Performance (Adv. Mater …",2014,"Advanced Materials","","","https://scholar.google.com/scholar?oi=bibs&hl=en&cites=9186401650552802766",224,"2023-03-01 19:18:41","Journal article","","","https://scholar.google.com/citations?view_op=view_citation&hl=en&user=4kRaGsEAAAAJ&cstart=200&pagesize=100&citation_for_view=4kRaGsEAAAAJ:u9iWguZQMMsC",26,6,822,822,1,0.11,0,8,9,"","",""
1,"LA Perez, KW Chou, JA Love, TS van der Poll, DM Smilgies, TQ Nguyen, ...","Solar Cells: Solvent Additive Effects on Small Molecule Crystallization in Bulk Heterojunction Solar Cells Probed During Spin Casting (Adv. Mater. 44/2013)",2013,"Advanced Materials","","","https://scholar.google.com/scholar?oi=bibs&hl=en&cites=10851423342176575086",225,"2023-03-01 19:18:41","Journal article","","","https://scholar.google.com/citations?view_op=view_citation&hl=en&user=4kRaGsEAAAAJ&cstart=200&pagesize=100&citation_for_view=4kRaGsEAAAAJ:BrmTIyaxlBUC",25,44,6305,6305,1,0.10,0,7,10,"","",""
1,"KR Graham, P Erwin, D Nordlund, K Vandewal, R Li, ...","Solar Cells: Re‐evaluating the Role of Sterics and Electronic Coupling in Determining the Open‐Circuit Voltage of Organic Solar Cells (Adv. Mater. 42/2013)",2013,"Advanced Materials","","","https://scholar.google.com/scholar?oi=bibs&hl=en&cites=6592041591738793108",226,"2023-03-01 19:18:41","Journal article","","","https://scholar.google.com/citations?view_op=view_citation&hl=en&user=4kRaGsEAAAAJ&cstart=200&pagesize=100&citation_for_view=4kRaGsEAAAAJ:g5m5HwL7SMYC",25,42,5990,5990,1,0.10,0,6,10,"","",""
1,"K Graham, A Amassian, P Erwin, M Thompson, D Nordlund, K Vandewal, ...","Charge-transfer state energy determines open-circuit voltage in organic photovoltaics",2013,"SPIE Newsroom 10 (2.1201309)","","","https://scholar.google.com/scholar?oi=bibs&hl=en&cites=18006965416581760703",227,"2023-03-01 19:18:41","Journal article","","","https://scholar.google.com/citations?view_op=view_citation&hl=en&user=4kRaGsEAAAAJ&cstart=200&pagesize=100&citation_for_view=4kRaGsEAAAAJ:XvxMoLDsR5gC",5006,,,,1,0.10,0,7,10,"","",""
1,"JD Ferguson, AR Woll, G Arikan, DS Dale, A Amassian, MW Tate, ...","Time resolved in-situ diffuse x-ray scattering measurements of the surface morphology of homoepitaxial SrTiO3 films during pulsed laser deposition",2007,"MRS Online Proceedings Library (OPL)","","","https://scholar.google.com/scholar?oi=bibs&hl=en&cites=13482619091052401096",228,"2023-03-01 19:18:41","Conference paper","","","https://scholar.google.com/citations?view_op=view_citation&hl=en&user=4kRaGsEAAAAJ&cstart=200&pagesize=100&citation_for_view=4kRaGsEAAAAJ:VL0QpB8kHFEC",1034,,,,1,0.06,0,7,16,"","",""
1,"A Amassian, P Desjardins, L Martinu","Influence of Low Ion Bombardment Energy on Interface Formation and Thin Film Growth in a Plasma-CVD Environment",2005,"Society of Vacuum Coaters 48 th Annual Technical Conference Proceedings","","","https://scholar.google.com/scholar?oi=bibs&hl=en&cites=8314253491052098553",229,"2023-03-01 19:18:41","Conference paper","","","https://scholar.google.com/citations?view_op=view_citation&hl=en&user=4kRaGsEAAAAJ&cstart=200&pagesize=100&citation_for_view=4kRaGsEAAAAJ:EUQCXRtRnyEC",,,410,416,1,0.06,0,3,18,"","",""
1,"A Amassian, R Vernhes, J Klemberg-Sapieha, P Desjardins, L Martinu","Study of the growth and interface engineering of dense/porous SiNx optical coatings by real-time spectroscopic ellipsometry",2004,"Optical Interference Coatings, MF","","","https://scholar.google.com/scholar?oi=bibs&hl=en&cites=16069269538334724954",230,"2023-03-01 19:18:41","Journal article","","","https://scholar.google.com/citations?view_op=view_citation&hl=en&user=4kRaGsEAAAAJ&cstart=200&pagesize=100&citation_for_view=4kRaGsEAAAAJ:XD-gHx7UXLsC",3,,,,1,0.05,0,5,19,"","",""
1,"R Vernhes, A Amassian, JE Klemberg-Sapieha, L Martinu","Fabrication of Fabry-Pérot filters using porous-dense silicon nitride stacks with optimized interfaces",2004,"Optical Interference Coatings, ThD","","","https://scholar.google.com/scholar?oi=bibs&hl=en&cites=9595654321692667151",231,"2023-03-01 19:18:41","Journal article","","","https://scholar.google.com/citations?view_op=view_citation&hl=en&user=4kRaGsEAAAAJ&cstart=200&pagesize=100&citation_for_view=4kRaGsEAAAAJ:K3LRdlH-MEoC",4,,,,1,0.05,0,4,19,"","",""
1,"S Larouche, H Szymanowski, A Amassian, JE Klemberg-Sapieha, ...","Microstructure of SiO~ 2/TiO~ 2 Coatings and Their Use in Graded-Index Optical Filters",2003,"PROCEEDINGS OF THE ANNUAL TECHNICAL CONFERENCE-SOCIETY OF VACUUM COATERS","","","https://scholar.google.com/scholar?oi=bibs&hl=en&cites=17712944429219245040",232,"2023-03-01 19:18:41","Conference paper","","","https://scholar.google.com/citations?view_op=view_citation&hl=en&user=4kRaGsEAAAAJ&cstart=200&pagesize=100&citation_for_view=4kRaGsEAAAAJ:hMsQuOkrut0C",46,,334,334,1,0.05,0,5,20,"","",""
1,"A Amassian, S Larouche, JE Klemberg-Sapieha, P Desjardins, L Martinu","In situ ellipsometric study of the initial growth stages of a-TiO sub 2 by PECVD",2002,"Society of Vacuum Coaters 45 th Annual Technical Conference, Lake Buena …","","","https://scholar.google.com/scholar?oi=bibs&hl=en&cites=657402425924923219",233,"2023-03-01 19:18:41","Conference paper","","","https://scholar.google.com/citations?view_op=view_citation&hl=en&user=4kRaGsEAAAAJ&cstart=200&pagesize=100&citation_for_view=4kRaGsEAAAAJ:IjCSPb-OGe4C",,,,,1,0.05,0,5,21,"","",""
0,"M Ghasemi, B Guo, CW Huang, G Baucom, K Darabi, L Taussig, T Wang, ...","Quantitative multiscale diffusion framework for metal halide perovskites",2022,"Organic, Hybrid, and Perovskite Photovoltaics XXIII, PC122090H","","","https://scholar.google.com",234,"2023-03-01 19:18:41","","","","https://scholar.google.com/citations?view_op=view_citation&hl=en&user=4kRaGsEAAAAJ&cstart=200&pagesize=100&citation_for_view=4kRaGsEAAAAJ:lgwcVrK6X84C",,,,,0,0.00,0,8,1,"","",""
0,"K Darabi, D Seyitliyev, B Guo, F Bateni, T Wang, M Ghasemi, L Taussig, ...","Colloidal nanostructures control the formation and orientation of quantum wells in layered hybrid perovskites",2022,"Organic and Hybrid Light Emitting Materials and Devices XXVI, PC122080C","","","https://scholar.google.com",235,"2023-03-01 19:18:41","","","","https://scholar.google.com/citations?view_op=view_citation&hl=en&user=4kRaGsEAAAAJ&cstart=200&pagesize=100&citation_for_view=4kRaGsEAAAAJ:48xauSegjOkC",,,,,0,0.00,0,8,1,"","",""
0,"L Taussig, M Ghasemi, S Han, T Proksch, R Li, E Gomez, A Kwansa, ...","Multi-scale ordering of PEDOT and PSS in the presence of ionic salts enables water-stable 2D/3D printable conductors and devices",2022,"Organic and Hybrid Field-Effect Transistors XXI, PC122110F","","","https://scholar.google.com",236,"2023-03-01 19:18:41","","","","https://scholar.google.com/citations?view_op=view_citation&hl=en&user=4kRaGsEAAAAJ&cstart=200&pagesize=100&citation_for_view=4kRaGsEAAAAJ:CaZNVDsoPx4C",,,,,0,0.00,0,8,1,"","",""
0,"H Zhang, K Darabi, NY Nia, A Krishna, P Ahlawat, B Guo, MHS Almalki, ...","Author Correction: A universal co-solvent dilution strategy enables facile and cost-effective fabrication of perovskite photovoltaics",2022,"nature communications","","","https://scholar.google.com",237,"2023-03-01 19:18:41","Journal article","","","https://scholar.google.com/citations?view_op=view_citation&hl=en&user=4kRaGsEAAAAJ&cstart=200&pagesize=100&citation_for_view=4kRaGsEAAAAJ:1lhNe0rCu4AC",13,,,,0,0.00,0,8,1,"","",""
0,"A Amassian","Accelerating hybrid perovskite research through robotic micro-experimentation",2021,"Organic and Hybrid Light Emitting Materials and Devices XXV","","","https://scholar.google.com",238,"2023-03-01 19:18:41","Journal article","","","https://scholar.google.com/citations?view_op=view_citation&hl=en&user=4kRaGsEAAAAJ&cstart=200&pagesize=100&citation_for_view=4kRaGsEAAAAJ:Bg7qf7VwUHIC",11808,,1180819,1180819,0,0.00,0,1,2,"","",""
0,"D Barrit, Y Zhang, MC Tang, R Li, DM Smilgies, SF Liu, TD Anthopoulos, ...","In Situ Investigation and Photovoltaic Devices: Sequential Formation of Tunable-Bandgap Mixed-Halide Lead-based Perovskites",2020,"Fundació Scito","","","https://scholar.google.com",239,"2023-03-01 19:18:41","","","","https://scholar.google.com/citations?view_op=view_citation&hl=en&user=4kRaGsEAAAAJ&cstart=200&pagesize=100&citation_for_view=4kRaGsEAAAAJ:nVrZBo8bIpAC",,,,,0,0.00,0,8,3,"","",""
0,"C Ho, T Kim, Y Xiong, Y Firdaus, S Ding, A Amassian, HW Ade, ...","An all-solution-processed interconnecting layer for highly reproducible and efficient tandem organic solar cells",2020,"Organic, Hybrid, and Perovskite Photovoltaics XXI 11474, 114741M","","","https://scholar.google.com",240,"2023-03-01 19:18:41","","","","https://scholar.google.com/citations?view_op=view_citation&hl=en&user=4kRaGsEAAAAJ&cstart=200&pagesize=100&citation_for_view=4kRaGsEAAAAJ:yMeIxYmEMEAC",,,,,0,0.00,0,8,3,"","",""
0,"W Yu, A Amassian, YU Liyang","Method of fabricating organo-lead halide perovskites thin single crystals",2020,"US Patent 10,749,120","","","https://scholar.google.com",241,"2023-03-01 19:18:41","Patent","","","https://scholar.google.com/citations?view_op=view_citation&hl=en&user=4kRaGsEAAAAJ&cstart=200&pagesize=100&citation_for_view=4kRaGsEAAAAJ:anf4URPfarAC",,,,,0,0.00,0,3,3,"","",""
0,"L Gao, LN Quan, FP de Arquer, Y Zhao, R Munir, A Proppe, ...","Efficient near-infrared light-emitting diodes based on quantum dots in layered perovskite (vol 13, pg 158, 2020)",2020,"NATURE PHOTONICS","","","https://scholar.google.com",242,"2023-03-01 19:18:41","Journal article","","","https://scholar.google.com/citations?view_op=view_citation&hl=en&user=4kRaGsEAAAAJ&cstart=200&pagesize=100&citation_for_view=4kRaGsEAAAAJ:buQ7SEKw-1sC",14,7,459,459,0,0.00,0,7,3,"","",""
0,"A Amassian, DY Kim","Materials for energy and sustainability",2020,"","","","https://scholar.google.com",243,"2023-03-01 19:18:41","","","","https://scholar.google.com/citations?view_op=view_citation&hl=en&user=4kRaGsEAAAAJ&cstart=200&pagesize=100&citation_for_view=4kRaGsEAAAAJ:mNrWkgRL2YcC",,,,,0,0.00,0,2,3,"","",""
0,"YU Liyang, A Amassian","Method of fabricating patterned crystal structures",2019,"US Patent 10,486,192","","","https://scholar.google.com",244,"2023-03-01 19:18:41","Patent","","","https://scholar.google.com/citations?view_op=view_citation&hl=en&user=4kRaGsEAAAAJ&cstart=200&pagesize=100&citation_for_view=4kRaGsEAAAAJ:ULOm3_A8WrAC",,,,,0,0.00,0,2,4,"","",""
0,"H Dang, K Wang, M Ghasem, M De Bastiani, DM Smilgies, S De Wolf, ...","Phase segregation control in mixed halide and mixed cation perovskite films: Synergistic effects of Cs and Rb (Conference Presentation)",2019,"Organic, Hybrid, and Perovskite Photovoltaics XX","","","https://scholar.google.com",245,"2023-03-01 19:18:41","Journal article","","","https://scholar.google.com/citations?view_op=view_citation&hl=en&user=4kRaGsEAAAAJ&cstart=200&pagesize=100&citation_for_view=4kRaGsEAAAAJ:HtEfBTGE9r8C",11094,,1109413,1109413,0,0.00,0,7,4,"","",""
0,"PJ Diemer, AF Harper, MR Niazi, AJ Petty, JE Anthony, A Amassian, ...","Laser‐Printed Organic Thin‐Film Transistors",2019,"Advanced Materials Technologies","","","https://scholar.google.com",246,"2023-03-01 19:18:41","Journal article","","","https://scholar.google.com/citations?view_op=view_citation&hl=en&user=4kRaGsEAAAAJ&cstart=200&pagesize=100&citation_for_view=4kRaGsEAAAAJ:HbR8gkJAVGIC",4,2,1800651,1800651,0,0.00,0,7,4,"","",""
0,"A Amassian, A Gorodetsky, J Jur, J Lewis","SYMPOSIUM PM02",2018,"","","","https://scholar.google.com",247,"2023-03-01 19:18:41","","","","https://scholar.google.com/citations?view_op=view_citation&hl=en&user=4kRaGsEAAAAJ&cstart=200&pagesize=100&citation_for_view=4kRaGsEAAAAJ:WZBGuue-350C",,,,,0,0.00,0,4,5,"","",""
0,"Y Zhong, A Amassian, K Tajima","Fabrication of fullerene nano-strucutres in mixed films and devices utilizing fullerene nano-structures",2018,"US Patent App. 15/764,932","","","https://scholar.google.com",248,"2023-03-01 19:18:41","Patent","","","https://scholar.google.com/citations?view_op=view_citation&hl=en&user=4kRaGsEAAAAJ&cstart=200&pagesize=100&citation_for_view=4kRaGsEAAAAJ:EkHepimYqZsC",,,,,0,0.00,0,3,5,"","",""
0,"N Chaturvedi, H Hu, N Gasparini, D Baran, A Amassian, I MuCulloch","High Speed Coating Method for Fabricating Organic Solar Cells with PCE> 10%",2018,"Fundació Scito","","","https://scholar.google.com",249,"2023-03-01 19:18:41","","","","https://scholar.google.com/citations?view_op=view_citation&hl=en&user=4kRaGsEAAAAJ&cstart=200&pagesize=100&citation_for_view=4kRaGsEAAAAJ:4xDN1ZYqzskC",,,,,0,0.00,0,6,5,"","",""
0,"EK Burnett, J Ly, MR Niazi, L Zhang, SR McCuskey, A Amassian, ...","Solvent Vapor Annealing: Bistetracene Thin Film Polymorphic Control to Unravel the Effect of Molecular Packing on Charge Transport (Adv. Mater. Interfaces 9/2018)",2018,"Advanced Materials Interfaces","","","https://scholar.google.com",250,"2023-03-01 19:18:41","Journal article","","","https://scholar.google.com/citations?view_op=view_citation&hl=en&user=4kRaGsEAAAAJ&cstart=200&pagesize=100&citation_for_view=4kRaGsEAAAAJ:7T2F9Uy0os0C",5,9,1870040,1870040,0,0.00,0,7,5,"","",""
0,"A Amassian","Nanoscale Energetic Mapping of Interfaces in Organic Bulk Heterojunction Solar Cells",2018,"APS March Meeting Abstracts 2018, K56.","","","https://scholar.google.com",251,"2023-03-01 19:18:41","Abstract","","","https://scholar.google.com/citations?view_op=view_citation&hl=en&user=4kRaGsEAAAAJ&cstart=200&pagesize=100&citation_for_view=4kRaGsEAAAAJ:pqnbT2bcN3wC",4,,,,0,0.00,0,1,5,"","",""
0,"W Yu, A Amassian","Composite perovskite materials, methods of making, and methods of use",2017,"","","","https://scholar.google.com",252,"2023-03-01 19:18:41","","","","https://scholar.google.com/citations?view_op=view_citation&hl=en&user=4kRaGsEAAAAJ&cstart=200&pagesize=100&citation_for_view=4kRaGsEAAAAJ:zLWjf1WUPmwC",,,,,0,0.00,0,2,6,"","",""
0,"S Zhang, J Zhang, M Abdelsamie, Q Shi, Y Zhang, TC Parker, EV Jucov, ...","CCDC 1578533: Experimental Crystal Structure Determination: 4, 8-bis [5-(2-ethylhexyl) thiophen-2-yl] benzo [1, 2-d: 4, 5-d'] bis [1, 3] thiazole",2017,"","Cambridge Crystallographic Data Centre","","https://scholar.google.com",253,"2023-03-01 19:18:41","Book","","","https://scholar.google.com/citations?view_op=view_citation&hl=en&user=4kRaGsEAAAAJ&cstart=200&pagesize=100&citation_for_view=4kRaGsEAAAAJ:OcBU2YAGkTUC",,,,,0,0.00,0,8,6,"","",""
0,"S Dey, H Hu, W Zhang, I Macculloch, A Amassian","Nanoscale energetic mapping of bulk heterojunction solar cells (Conference Presentation)",2017,"Physical Chemistry of Semiconductor Materials and Interfaces XVI","","","https://scholar.google.com",254,"2023-03-01 19:18:41","Journal article","","","https://scholar.google.com/citations?view_op=view_citation&hl=en&user=4kRaGsEAAAAJ&cstart=200&pagesize=100&citation_for_view=4kRaGsEAAAAJ:4MWp96NkSFoC",10348,,1034803,1034803,0,0.00,0,5,6,"","",""
0,"PJ Diemer, AF Harper, MRK Niazi, JE Anthony, A Amassian, ...","Organic thin-film transistor fabrication using a laser printer (Conference Presentation)",2017,"Organic Field-Effect Transistors XVI","","","https://scholar.google.com",255,"2023-03-01 19:18:41","Journal article","","","https://scholar.google.com/citations?view_op=view_citation&hl=en&user=4kRaGsEAAAAJ&cstart=200&pagesize=100&citation_for_view=4kRaGsEAAAAJ:j3f4tGmQtD8C",10365,,1036509,1036509,0,0.00,0,6,6,"","",""
0,"Y Mei, PJ Diemer, MR Niazi, RK Hallani, K Jarolimek, CS Day, C Risko, ...","PNAS PLUS",2017,"PNAS","","","https://scholar.google.com",256,"2023-03-01 19:18:41","Journal article","","","https://scholar.google.com/citations?view_op=view_citation&hl=en&user=4kRaGsEAAAAJ&cstart=200&pagesize=100&citation_for_view=4kRaGsEAAAAJ:KlAtU1dfN6UC",114,33,8683,8688,0,0.00,0,8,6,"","",""
0,"A Amassian, A Patole","Bromine intercalated graphite for lightweight composite conductors",2017,"","","","https://scholar.google.com",257,"2023-03-01 19:18:41","","","","https://scholar.google.com/citations?view_op=view_citation&hl=en&user=4kRaGsEAAAAJ&cstart=200&pagesize=100&citation_for_view=4kRaGsEAAAAJ:7PzlFSSx8tAC",,,,,0,0.00,0,2,6,"","",""
0,"I McCulloch, W Zhang, A Amassian, M Little, S Pont, RS Ashraf, Z Hamid, ...","Highly Efficient and Reproducible Nonfullerene Solar Cells from Hydrocarbon Solvents",2017,"ACS Energy Letters","","","https://scholar.google.com",258,"2023-03-01 19:18:41","Journal article","","","https://scholar.google.com/citations?view_op=view_citation&hl=en&user=4kRaGsEAAAAJ&cstart=200&pagesize=100&citation_for_view=4kRaGsEAAAAJ:_FM0Bhl9EiAC",,,,,0,0.00,0,8,6,"","",""
0,"AR Kirmani, MR Niazi, AD Sheikh, M Lui, EH Sargent, A Amassian","Highly Efficient Colloidal Quantum Dot Photovoltaics via Roll-to-Roll Compatible, High-Speed Blade Coating",2017,"","","","https://scholar.google.com",259,"2023-03-01 19:18:41","","","","https://scholar.google.com/citations?view_op=view_citation&hl=en&user=4kRaGsEAAAAJ&cstart=200&pagesize=100&citation_for_view=4kRaGsEAAAAJ:4JMBOYKVnBMC",,,,,0,0.00,0,6,6,"","",""
0,"M Banavoth, S Dey, AL Abdelhady, W Peng, E Alarousu, AR Kirmani, ...","Surface Restructuring of Hybrid Perovskite Crystals",2016,"American Chemical Society (ACS)","","","https://scholar.google.com",260,"2023-03-01 19:18:41","","","","https://scholar.google.com/citations?view_op=view_citation&hl=en&user=4kRaGsEAAAAJ&cstart=200&pagesize=100&citation_for_view=4kRaGsEAAAAJ:QD3KBmkZPeQC",,,,,0,0.00,0,7,7,"","",""
0,"KR Graham, GON Ndjawa, SM Conron, R Munir, K Vandewal, JJ Chen, ...","Organic Electronics: The Roles of Structural Order and Intermolecular Interactions in Determining Ionization Energies and Charge‐Transfer State Energies in Organic …",2016,"Advanced Energy Materials","","","https://scholar.google.com",261,"2023-03-01 19:18:41","Journal article","","","https://scholar.google.com/citations?view_op=view_citation&hl=en&user=4kRaGsEAAAAJ&cstart=200&pagesize=100&citation_for_view=4kRaGsEAAAAJ:b0M2c_1WBrUC",6,22,,,0,0.00,0,7,7,"","",""
0,"M Abulikemu, S Ould-Chikh, X Miao, E Alarousu, M Banavoth, ...","CCDC 1483450: Experimental Crystal Structure Determination: tris (methylammonium) tris (mu-iodo)-hexakis (iodo)-di-bismuth",2016,"","Cambridge Crystallographic Data Centre","","https://scholar.google.com",262,"2023-03-01 19:18:41","Book","","","https://scholar.google.com/citations?view_op=view_citation&hl=en&user=4kRaGsEAAAAJ&cstart=200&pagesize=100&citation_for_view=4kRaGsEAAAAJ:p2g8aNsByqUC",,,,,0,0.00,0,6,7,"","",""
0,"Q Shi, S Zhang, J Zhang, VF Oswald, A Amassian, SR Marder, SB Blakey","CCDC 1436716: Experimental Crystal Structure Determination: 5-fluoro-4-iodo-2, 1, 3-benzothiadiazole",2016,"","Cambridge Crystallographic Data Centre","","https://scholar.google.com",263,"2023-03-01 19:18:41","Book","","","https://scholar.google.com/citations?view_op=view_citation&hl=en&user=4kRaGsEAAAAJ&cstart=200&pagesize=100&citation_for_view=4kRaGsEAAAAJ:cFHS6HbyZ2cC",,,,,0,0.00,0,7,7,"","",""
0,"S Marder, K Ziabrev, X Ba, Y Fan, S Zhang, J Zhang, M Said, S Barlow, ...","Design, synthesis, and properties of 3D molecules for organic photovoltaic applications",2016,"AMER CHEMICAL SOC","","","https://scholar.google.com",264,"2023-03-01 19:18:41","","","","https://scholar.google.com/citations?view_op=view_citation&hl=en&user=4kRaGsEAAAAJ&cstart=200&pagesize=100&citation_for_view=4kRaGsEAAAAJ:0KyAp5RtaNEC",,,,,0,0.00,0,9,7,"","",""
0,"A Amassian","Indirect crystallization of small-molecule organic semiconductors: A pathway to high performance with consistency",2016,"AMER CHEMICAL SOC","","","https://scholar.google.com",265,"2023-03-01 19:18:41","","","","https://scholar.google.com/citations?view_op=view_citation&hl=en&user=4kRaGsEAAAAJ&cstart=200&pagesize=100&citation_for_view=4kRaGsEAAAAJ:tkaPQYYpVKoC",,,,,0,0.00,0,1,7,"","",""
0,"J Qi, W Zhang, R Cao, S Hoang, PX Gao, M Sun, H Liu, J Qu, J Li, X She, ...","High efficiency up-converting single phase elastomers for photon managing applications",2016,"Advanced Energy Materials","","","https://scholar.google.com",266,"2023-03-01 19:18:41","Book chapter","","","https://scholar.google.com/citations?view_op=view_citation&hl=en&user=4kRaGsEAAAAJ&cstart=200&pagesize=100&citation_for_view=4kRaGsEAAAAJ:F1b5ZUV5XREC",,,1,10,0,0.00,0,11,7,"","",""
0,"M Abulikemu, S Ould-Chikh, X Miao, E Alarousu, B Murali, ...","Optoelectronic and photovoltaic properties of the air-stable organohalide semiconductor (CH₃NH₃) ₃Bi₂I₉",2016,"Journal of materials chemistry A","","","https://scholar.google.com",267,"2023-03-01 19:18:41","Journal article","","","https://scholar.google.com/citations?view_op=view_citation&hl=en&user=4kRaGsEAAAAJ&cstart=200&pagesize=100&citation_for_view=4kRaGsEAAAAJ:a9-T7VOCCH8C",,,,,0,0.00,0,6,7,"","",""
0,"S Hoogland, F Laquai, A Amassian, EH Sargent","Hybrid organic–inorganic inks flatten the energy landscape in colloidal quantum dot solids",2016,"","","","https://scholar.google.com",268,"2023-03-01 19:18:41","","","","https://scholar.google.com/citations?view_op=view_citation&hl=en&user=4kRaGsEAAAAJ&cstart=200&pagesize=100&citation_for_view=4kRaGsEAAAAJ:NhqRSupF_l8C",,,,,0,0.00,0,4,7,"","",""
0,"LK Jagadamma, M Al-Senani, A Amassian","Polymer solar cells with efficiency> 10% enabled via a facile solution-processed Al-doped ZnO electron transporting layer (Presentation Recording)",2015,"Organic Photovoltaics XVI","","","https://scholar.google.com",269,"2023-03-01 19:18:41","Journal article","","","https://scholar.google.com/citations?view_op=view_citation&hl=en&user=4kRaGsEAAAAJ&cstart=200&pagesize=100&citation_for_view=4kRaGsEAAAAJ:edDO8Oi4QzsC",9567,,100,100,0,0.00,0,3,8,"","",""
0,"AE Mansour, A Amassian, MH Tanielian","Bromination of graphene: a new route to making high performance transparent conducting electrodes with low optical losses (Presentation Recording)",2015,"Carbon Nanotubes, Graphene, and Emerging 2D Materials for Electronic and …","","","https://scholar.google.com",270,"2023-03-01 19:18:41","","","","https://scholar.google.com/citations?view_op=view_citation&hl=en&user=4kRaGsEAAAAJ&cstart=200&pagesize=100&citation_for_view=4kRaGsEAAAAJ:0N-VGjzr574C",,,,,0,0.00,0,3,8,"","",""
0,"K Zhao, X Yu, R Li, A Amassian, Y Han","Solvent-dependent self-assembly and ordering in slow-drying semi-crystalline conjugated polymer solutions",2015,"Royal Society of Chemistry (RSC)","","","https://scholar.google.com",271,"2023-03-01 19:18:41","","","","https://scholar.google.com/citations?view_op=view_citation&hl=en&user=4kRaGsEAAAAJ&cstart=200&pagesize=100&citation_for_view=4kRaGsEAAAAJ:wMgC3FpKEyYC",,,,,0,0.00,0,5,8,"","",""
0,"YH Lin, K Zhao, R Li, A Amassian, TD Anthopoulos","Exploring low-dimensional charge transport phenomena in solution-processed metal oxide superlattice transistors",2015,"International Display Workshopsidw@ idw. ne. jp","","","https://scholar.google.com",272,"2023-03-01 19:18:41","Conference paper","","","https://scholar.google.com/citations?view_op=view_citation&hl=en&user=4kRaGsEAAAAJ&cstart=200&pagesize=100&citation_for_view=4kRaGsEAAAAJ:gKiMpY-AVTkC",,,,,0,0.00,0,5,8,"","",""
0,"K Mahmood, BS Swain, AR Kirmani, A Amassian","Highly efficient perovskite solar cells based on a nanostructured WO₃–TiO₂ core–shell electron transporting material",2015,"","","","https://scholar.google.com",273,"2023-03-01 19:18:41","","","","https://scholar.google.com/citations?view_op=view_citation&hl=en&user=4kRaGsEAAAAJ&cstart=200&pagesize=100&citation_for_view=4kRaGsEAAAAJ:DUooU5lO8OsC",,,,,0,0.00,0,4,8,"","",""
0,"GO Ngongang Ndjawa, KR Graham, S Conron, P Erwin, R Li, KW Chou, ...","The roles of bulk and interfacial molecular orientations in determining the performance of organic bilayer solar cells",2014,"SPIE-Intl Soc Optical Eng","","","https://scholar.google.com",274,"2023-03-01 19:18:41","","","","https://scholar.google.com/citations?view_op=view_citation&hl=en&user=4kRaGsEAAAAJ&cstart=200&pagesize=100&citation_for_view=4kRaGsEAAAAJ:FAceZFleit8C",,,,,0,0.00,0,7,9,"","",""
0,"JW Ward, R Li, A Obaid, MM Payne, DM Smilgies, JE Anthony, ...","Organic Semiconductors: Rational Design of Organic Semiconductors for Texture Control and Self‐Patterning on Halogenated Surfaces (Adv. Funct. Mater. 32/2014)",2014,"Advanced Functional Materials","","","https://scholar.google.com",275,"2023-03-01 19:18:41","Journal article","","","https://scholar.google.com/citations?view_op=view_citation&hl=en&user=4kRaGsEAAAAJ&cstart=200&pagesize=100&citation_for_view=4kRaGsEAAAAJ:f2IySw72cVMC",32,24,5168,5168,0,0.00,0,7,9,"","",""
0,"GON Ndjawa, KR Graham, S Conron, P Erwin, R Li, KW Chou, ...","The roles of bulk and interfacial molecular orientations in determining the performance of organic bilayer solar cells (presentation video)",2014,"Physical Chemistry of Interfaces and Nanomaterials XIII","","","https://scholar.google.com",276,"2023-03-01 19:18:41","Journal article","","","https://scholar.google.com/citations?view_op=view_citation&hl=en&user=4kRaGsEAAAAJ&cstart=200&pagesize=100&citation_for_view=4kRaGsEAAAAJ:mvPsJ3kp5DgC",9165,,11,11,0,0.00,0,7,9,"","",""
0,"SM Thon, AH Ip, S Hoogland, O Voznyy, D Zhitomirsky, R Debnath, ...","Hybrid passivated colloidal quantum dot solids for photovoltaics",2013,"APS March Meeting Abstracts 2013, U38.","","","https://scholar.google.com",277,"2023-03-01 19:18:41","Abstract","","","https://scholar.google.com/citations?view_op=view_citation&hl=en&user=4kRaGsEAAAAJ&cstart=200&pagesize=100&citation_for_view=4kRaGsEAAAAJ:LjlpjdlvIbIC",1,,,,0,0.00,0,7,10,"","",""
0,"R Li, HU Khan, MM Payne, DM Smilgies, JE Anthony, A Amassian","Field‐Effect Transistors: Heterogeneous Nucleation Promotes Carrier Transport in Solution‐Processed Organic Field‐Effect Transistors (Adv. Funct. Mater. 3/2013)",2013,"Advanced Functional Materials","","","https://scholar.google.com",278,"2023-03-01 19:18:41","Journal article","","","https://scholar.google.com/citations?view_op=view_citation&hl=en&user=4kRaGsEAAAAJ&cstart=200&pagesize=100&citation_for_view=4kRaGsEAAAAJ:gsN89kCJA0AC",23,3,265,265,0,0.00,0,6,10,"","",""
0,"LG AbdulHalim, S Ashraf, K Katsiev, AR Kirmani, N Kothalawala, ...","Chemistry A",2013,"","","","https://scholar.google.com",279,"2023-03-01 19:18:41","","","","https://scholar.google.com/citations?view_op=view_citation&hl=en&user=4kRaGsEAAAAJ&cstart=200&pagesize=100&citation_for_view=4kRaGsEAAAAJ:SeFeTyx0c_EC",,,,,0,0.00,0,6,10,"","",""
0,"S Hoogland, A Ip, S Thon, O Voznyy, J Tang, H Liu, D Zhitomirsky, ...","Inorganic passivation and doping control in colloidal quantum dot photovoltaics",2012,"Optical Nanostructures and Advanced Materials for Photovoltaics, PT4C.","","","https://scholar.google.com",280,"2023-03-01 19:18:41","Journal article","","","https://scholar.google.com/citations?view_op=view_citation&hl=en&user=4kRaGsEAAAAJ&cstart=200&pagesize=100&citation_for_view=4kRaGsEAAAAJ:D03iK_w7-QYC",5,,,,0,0.00,0,8,11,"","",""
0,"R Li, JW Ward, DM Smilgies, MM Payne, JE Anthony, OD Jurchescu, ...","Organic Field‐Effect Transistors: Direct Structural Mapping of Organic Field‐Effect Transistors Reveals Bottlenecks to Carrier Transport (Adv. Mater. 41/2012)",2012,"Advanced Materials","","","https://scholar.google.com",281,"2023-03-01 19:18:41","Journal article","","","https://scholar.google.com/citations?view_op=view_citation&hl=en&user=4kRaGsEAAAAJ&cstart=200&pagesize=100&citation_for_view=4kRaGsEAAAAJ:-_dYPAW6P2MC",24,41,5517,5517,0,0.00,0,7,11,"","",""
0,"DH Anjum, R Sougrat, Z Kui, A Amassian","Investigation of radiation effects on the properties of organic semiconductors using low-dose TEM analysis",2012,"Microscopy and Microanalysis 18 (S2)","","","https://scholar.google.com",282,"2023-03-01 19:18:41","Book chapter","","","https://scholar.google.com/citations?view_op=view_citation&hl=en&user=4kRaGsEAAAAJ&cstart=200&pagesize=100&citation_for_view=4kRaGsEAAAAJ:j8SEvjWlNXcC",,,1436,1437,0,0.00,0,4,11,"","",""
0,"A Amassian, JB Asbury, EH Sargent","Colloidal-quantum-dot photovoltaics using atomic-ligand passivation",2011,"","","","https://scholar.google.com",283,"2023-03-01 19:18:41","","","","https://scholar.google.com/citations?view_op=view_citation&hl=en&user=4kRaGsEAAAAJ&cstart=200&pagesize=100&citation_for_view=4kRaGsEAAAAJ:4DMP91E08xMC",,,,,0,0.00,0,3,12,"","",""
0,"RR Bhattacharjee, A Radocea, R Li, A Amassian, EP Giannellis","Synthesis and characterization of solventless plasmonic fluids",2009,"ABSTRACTS OF PAPERS OF THE AMERICAN CHEMICAL SOCIETY","","","https://scholar.google.com",284,"2023-03-01 19:18:41","Abstract","","","https://scholar.google.com/citations?view_op=view_citation&hl=en&user=4kRaGsEAAAAJ&cstart=200&pagesize=100&citation_for_view=4kRaGsEAAAAJ:_Qo2XoVZTnwC",238,,,,0,0.00,0,5,14,"","",""
0,"S Kowarik, A Gerlach, A Hinderhofer, F Schreiber, T Desai, S Hong, ...","In-situ growth studies of the organic semiconductors perfluoro-pentacene, pentacene, and diindenoperylene",2008,"Verhandlungen der Deutschen Physikalischen Gesellschaft","","","https://scholar.google.com",285,"2023-03-01 19:18:41","Journal article","","","https://scholar.google.com/citations?view_op=view_citation&hl=en&user=4kRaGsEAAAAJ&cstart=200&pagesize=100&citation_for_view=4kRaGsEAAAAJ:MLfJN-KU85MC",43,,,,0,0.00,0,7,15,"","",""
0,"J Ferguson, G Arikan, A Amassian, D Dale, A Woll, J Brock","Determining the Growth Mode of SrTiO3 (001) via Pulsed Laser Deposition using In-situ X-Ray Reflectivity",2007,"MATERIALS RESEARCH SOCIETY SYMPOSIUM PROCEEDINGS","","","https://scholar.google.com",286,"2023-03-01 19:18:41","Conference paper","","","https://scholar.google.com/citations?view_op=view_citation&hl=en&user=4kRaGsEAAAAJ&cstart=200&pagesize=100&citation_for_view=4kRaGsEAAAAJ:dTyEYWd-f8wC",967,,463,463,0,0.00,0,6,16,"","",""
0,"L Martinu, A Amassian, JM Lamarre, S Larouche, JP Masse, R Vernhes","Plasma-Based Inhomogeneous Dielectric Film Systems for Optics and Photonics: Spectroscopic Ellipsometry Studies",2006,"ECS Meeting Abstracts","","","https://scholar.google.com",287,"2023-03-01 19:18:41","Abstract","","","https://scholar.google.com/citations?view_op=view_citation&hl=en&user=4kRaGsEAAAAJ&cstart=200&pagesize=100&citation_for_view=4kRaGsEAAAAJ:nrtMV_XWKgEC",388,,,,0,0.00,0,6,17,"","",""
0,"J Ferguson, G Arikan, A Amassian, D Dale, A Woll, J Brock","Determining the Growth Mode of SrTiO3 (001) Homoepitaxy via Pulsed Laser Deposition using in situ X-Ray Reflectivity",2006,"MRS Online Proceedings Library (OPL)","","","https://scholar.google.com",288,"2023-03-01 19:18:41","Conference paper","","","https://scholar.google.com/citations?view_op=view_citation&hl=en&user=4kRaGsEAAAAJ&cstart=200&pagesize=100&citation_for_view=4kRaGsEAAAAJ:kh2fBNsKQNwC",967,,,,0,0.00,0,6,17,"","",""
0,"A Amassian, P Desjardins, L Martinu","In situ ellipsometry and Monte-Carlo simulation studies of the role of ion bombardment in the growth of optical films.",2006,"Society of Vacuum Coaters 49 th Annual Technical Conference Proceedings","","","https://scholar.google.com",289,"2023-03-01 19:18:41","Conference paper","","","https://scholar.google.com/citations?view_op=view_citation&hl=en&user=4kRaGsEAAAAJ&cstart=200&pagesize=100&citation_for_view=4kRaGsEAAAAJ:uc_IGeMz5qoC",,,280,287,0,0.00,0,3,17,"","",""
0,"P Jedrzejowski, A Amassian, E Bousser, L Martinu, JE Klemberg-Sapieha","In Situ Growth Monitoring of Nanocomposite TiN/SiN 1. 3 and TiCXNy/SiCN Films Using Spectroscopic Ellipsometry",2005,"Society of Vacuum Coaters 48 th Annual Technical Conference Proceedings","","","https://scholar.google.com",290,"2023-03-01 19:18:41","Conference paper","","","https://scholar.google.com/citations?view_op=view_citation&hl=en&user=4kRaGsEAAAAJ&cstart=200&pagesize=100&citation_for_view=4kRaGsEAAAAJ:vDijr-p_gm4C",,,68,73,0,0.00,0,5,18,"","",""
0,"A Amassian","Ion bombardment effects in low-pressure plasmas: in situ spectroscopic ellipsometry and Monte-Carlo simulation study",2005,"École Polytechnique de Montréal","","","https://scholar.google.com",291,"2023-03-01 19:18:41","","","","https://scholar.google.com/citations?view_op=view_citation&hl=en&user=4kRaGsEAAAAJ&cstart=200&pagesize=100&citation_for_view=4kRaGsEAAAAJ:pyW8ca7W8N0C",,,,,0,0.00,0,1,18,"","",""
0,"A Amassian, P Desjardins, L Martinu","Dynamics of surface modifications during optical coating deposition in plasma-assisted processes",2004,"Optical Interference Coatings, Tu","","","https://scholar.google.com",292,"2023-03-01 19:18:41","Book chapter","","","https://scholar.google.com/citations?view_op=view_citation&hl=en&user=4kRaGsEAAAAJ&cstart=200&pagesize=100&citation_for_view=4kRaGsEAAAAJ:IWHjjKOFINEC",,,9,,0,0.00,0,3,19,"","",""
0,"K Kaminska, A Amassian, L Martinu, K Robbie","Growth study of ultra-porous silicon for photonic interference filters",2004,"Optical Interference Coatings, MF","","","https://scholar.google.com",293,"2023-03-01 19:18:41","Journal article","","","https://scholar.google.com/citations?view_op=view_citation&hl=en&user=4kRaGsEAAAAJ&cstart=200&pagesize=100&citation_for_view=4kRaGsEAAAAJ:WF5omc3nYNoC",4,,,,0,0.00,0,4,19,"","",""
0,"K Kaminska, K Robbie, A Amassian, L Martinu","Evolving optical properties of nano-porous silicon films",2004,"APS March Meeting Abstracts 2004, H36.","","","https://scholar.google.com",294,"2023-03-01 19:18:41","Abstract","","","https://scholar.google.com/citations?view_op=view_citation&hl=en&user=4kRaGsEAAAAJ&cstart=200&pagesize=100&citation_for_view=4kRaGsEAAAAJ:4TOpqqG69KYC",9,,,,0,0.00,0,4,19,"","",""
0,"A Amassian, R Vernhes, JE Klemberg-Sapieha, P Desjardins, L Martinu","Interface Engineering of Porous/Dense Multilayers of SiN 1. 3: In situ Real-time Spectroscopic Ellipsometry Study",2004,"Society of Vacuum Coaters 47 th Annual Technical Conference Proceedings","","","https://scholar.google.com",295,"2023-03-01 19:18:41","Conference paper","","","https://scholar.google.com/citations?view_op=view_citation&hl=en&user=4kRaGsEAAAAJ&cstart=200&pagesize=100&citation_for_view=4kRaGsEAAAAJ:NJ774b8OgUMC",,,389,394,0,0.00,0,5,19,"","",""
0,"P Jedrzejowski, J Cizek, A Amassian, JE Klemberg-Sapieha, J Vlcek, ...","Mechanical Properties of Hard SiCN Coatings Prepared by PECVD",2003,"PROCEEDINGS OF THE ANNUAL TECHNICAL CONFERENCE-SOCIETY OF VACUUM COATERS","","","https://scholar.google.com",296,"2023-03-01 19:18:41","Conference paper","","","https://scholar.google.com/citations?view_op=view_citation&hl=en&user=4kRaGsEAAAAJ&cstart=200&pagesize=100&citation_for_view=4kRaGsEAAAAJ:Y0pCki6q_DkC",46,,530,530,0,0.00,0,6,20,"","",""
0,"T Wang, R Li, H Ardekani, L Serrano-Luján, R Mahdi, R Wilmington, ...","Sustainable Materials Research Through Robotic Palletization Enables QSPR Mapping in Hybrid Perovskites",,"Available at SSRN 4339783,","","","https://scholar.google.com",297,"2023-03-01 19:18:41","","","","https://scholar.google.com/citations?view_op=view_citation&hl=en&user=4kRaGsEAAAAJ&cstart=200&pagesize=100&citation_for_view=4kRaGsEAAAAJ:ubry08Y2EpUC",,,,,0,0.00,0,7,,"","",""
0,"G Thapa, M Chauhan, D Dougherty, A Amassian","Visualizing Degradation at the Nanoscale from Morphological and Energetic Perspectives in Organic Photovoltaics",,"","","","https://scholar.google.com",298,"2023-03-01 19:18:41","","","","https://scholar.google.com/citations?view_op=view_citation&hl=en&user=4kRaGsEAAAAJ&cstart=200&pagesize=100&citation_for_view=4kRaGsEAAAAJ:ALROH1vI_8AC",,,,,0,0.00,0,4,,"","",""
0,"SE Bokel, KW Chou, A Amassian, E Schaible, A Hexemer","Article type: Full Paper",,"","","","https://scholar.google.com",299,"2023-03-01 19:18:41","","","","https://scholar.google.com/citations?view_op=view_citation&hl=en&user=4kRaGsEAAAAJ&cstart=200&pagesize=100&citation_for_view=4kRaGsEAAAAJ:dBIO0h50nwkC",,,,,0,0.00,0,5,,"","",""
0,"KW Chou, HU Khan, MR Niazi, B Yan, R Li, MM Payne, JE Anthony, ...","Supporting Information: Late Stage Crystallization and Healing During Spin-Coating Enhance Carrier Transport in Small-Molecule Organic Semiconductors",,"Spin 1, 111,","","","https://scholar.google.com",300,"2023-03-01 19:18:41","","","","https://scholar.google.com/citations?view_op=view_citation&hl=en&user=4kRaGsEAAAAJ&cstart=200&pagesize=100&citation_for_view=4kRaGsEAAAAJ:4hFrxpcac9AC",,,,,0,0.00,0,8,,"","",""
0,"R Munir, A Merdasa, K Hirselandt, Y Zhong, J Li, MR Niazi, DM Smilgies, ...","Perovskite Thin Film Formation: An In Situ Investigation of Scalable Processes",,"","","","https://scholar.google.com",301,"2023-03-01 19:18:41","","","","https://scholar.google.com/citations?view_op=view_citation&hl=en&user=4kRaGsEAAAAJ&cstart=300&pagesize=100&citation_for_view=4kRaGsEAAAAJ:e_rmSamDkqQC",,,,,0,0.00,0,8,,"","",""
0,"DM Smilgies, R Li, G Giri, KW Chou, Y Diao, Z Bao, A Amassian","1. Casting parameters Table S1 Sample Concentration Temperature Shear speed Blade angle Gap Shear-3 (grey)",,"","","","https://scholar.google.com",302,"2023-03-01 19:18:41","","","","https://scholar.google.com/citations?view_op=view_citation&hl=en&user=4kRaGsEAAAAJ&cstart=300&pagesize=100&citation_for_view=4kRaGsEAAAAJ:uWiczbcajpAC",,,,,0,0.00,0,7,,"","",""
0,"A Amassian","Themed issue: Perovskite Solar Cells",,"","","","https://scholar.google.com",303,"2023-03-01 19:18:41","","","","https://scholar.google.com/citations?view_op=view_citation&hl=en&user=4kRaGsEAAAAJ&cstart=300&pagesize=100&citation_for_view=4kRaGsEAAAAJ:_Ybze24A_UAC",,,,,0,0.00,0,1,,"","",""
0,"A Amassian, OM Bakr, OF Mohammed","Overcoming the Cut-Off Charge Transfer Bandgaps at the PbS Quantum Dot Interface Ala’a O. El-Ballouli, Erkki Alarousu, Ahmad R. Kirmani",,"","","","https://scholar.google.com",304,"2023-03-01 19:18:41","","","","https://scholar.google.com/citations?view_op=view_citation&hl=en&user=4kRaGsEAAAAJ&cstart=300&pagesize=100&citation_for_view=4kRaGsEAAAAJ:hkOj_22Ku90C",,,,,0,0.00,0,3,,"","",""
0,"N Stingelin, GC Bazan, A Amassian","Toward Additive-Free Small-Molecule Organic Solar Cells: Roles of the Donor Crystallization Pathway and Dynamics Maged Abdelsamie, Neil D. Treat, Kui Zhao, Caitlin McDowell …",,"","","","https://scholar.google.com",305,"2023-03-01 19:18:41","","","","https://scholar.google.com/citations?view_op=view_citation&hl=en&user=4kRaGsEAAAAJ&cstart=300&pagesize=100&citation_for_view=4kRaGsEAAAAJ:sSrBHYA8nusC",,,,,0,0.00,0,3,,"","",""
0,"A Amassian, H Katz","Interface Engineering of Organic and Molecular Electronics",,"","","","https://scholar.google.com",306,"2023-03-01 19:18:41","","","","https://scholar.google.com/citations?view_op=view_citation&hl=en&user=4kRaGsEAAAAJ&cstart=300&pagesize=100&citation_for_view=4kRaGsEAAAAJ:XiSMed-E-HIC",,,,,0,0.00,0,2,,"","",""
0,"MR Khan, B Yan, R Li, MM Payne, JE Anthony, D Smilgies, A Amassian","www. rsc. org/materialsC",,"","","","https://scholar.google.com",307,"2023-03-01 19:18:41","","","","https://scholar.google.com/citations?view_op=view_citation&hl=en&user=4kRaGsEAAAAJ&cstart=300&pagesize=100&citation_for_view=4kRaGsEAAAAJ:_xSYboBqXhAC",,,,,0,0.00,0,7,,"","",""
0,"S Morita, M Suzuki, A Amassian, O Zabeida, L Martinu","Plasma deposited nanocomposite CS-Au thin film and their unique properties",,"","","","https://scholar.google.com",308,"2023-03-01 19:18:41","","","","https://scholar.google.com/citations?view_op=view_citation&hl=en&user=4kRaGsEAAAAJ&cstart=300&pagesize=100&citation_for_view=4kRaGsEAAAAJ:70eg2SAEIzsC",,,,,0,0.00,0,5,,"","",""
0,"M He, S Gasper, F Zhang, M Sorensen, HH Fong, V Pozdin, A Amassian, ...","12.3: Invited Paper: High Mobility Fused Tetrathienoacene Polymer-Synthesis and Characterization",,"","","","https://scholar.google.com",309,"2023-03-01 19:18:41","","","","https://scholar.google.com/citations?view_op=view_citation&hl=en&user=4kRaGsEAAAAJ&cstart=300&pagesize=100&citation_for_view=4kRaGsEAAAAJ:J_g5lzvAfSwC",,,,,0,0.00,0,8,,"","",""
0,"A Amassian","Themed Issue: Emerging Investigators",,"","","","https://scholar.google.com",310,"2023-03-01 19:18:41","","","","https://scholar.google.com/citations?view_op=view_citation&hl=en&user=4kRaGsEAAAAJ&cstart=300&pagesize=100&citation_for_view=4kRaGsEAAAAJ:QIV2ME_5wuYC",,,,,0,0.00,0,1,,"","",""
0,"A Fischer, KW Kemp, IJ Kramer, Z Ning, AJ Labelle, KW Chou, ...","P. 43 Ultrafast charge dynamics of chloride-passivated CdTe colloidal quantum dots C Smith, M Leontiadou, R Page, P O’Brien and DJ Binks University of Manchester, UK Colloidal …",,"","","","https://scholar.google.com",311,"2023-03-01 19:18:41","","","","https://scholar.google.com/citations?view_op=view_citation&hl=en&user=4kRaGsEAAAAJ&cstart=300&pagesize=100&citation_for_view=4kRaGsEAAAAJ:YsMSGLbcyi4C",,,,,0,0.00,0,7,,"","",""
