Cites,Authors,Title,Year,Source,Publisher,ArticleURL,CitesURL,GSRank,QueryDate,Type,DOI,ISSN,CitationURL,Volume,Issue,StartPage,EndPage,ECC,CitesPerYear,CitesPerAuthor,AuthorCount,Age,Abstract,FullTextURL,RelatedURL
6441,"G Xing, N Mathews, S Sun, SS Lim, YM Lam, M Grätzel, S Mhaisalkar, ...","Long-range balanced electron-and hole-transport lengths in organic-inorganic CH3NH3PbI3",2013,"Science","","","https://scholar.google.com/scholar?oi=bibs&hl=en&cites=11735580022978273449",1,"2023-03-01 19:22:46","Journal article","","","https://scholar.google.com/citations?view_op=view_citation&hl=en&user=DcxL9_wAAAAJ&pagesize=100&citation_for_view=DcxL9_wAAAAJ:Tyk-4Ss8FVUC",342,6156,344,347,6441,644.10,805,8,10,"","",""
2855,"G Xing, N Mathews, SS Lim, N Yantara, X Liu, D Sabba, M Grätzel, ...","Low-temperature solution-processed wavelength-tunable perovskites for lasing",2014,"Nature materials","","","https://scholar.google.com/scholar?oi=bibs&hl=en&cites=6821655486928881801",2,"2023-03-01 19:22:46","Journal article","","","https://scholar.google.com/citations?view_op=view_citation&hl=en&user=DcxL9_wAAAAJ&pagesize=100&citation_for_view=DcxL9_wAAAAJ:_Qo2XoVZTnwC",13,5,476,480,2855,317.22,357,8,9,"","",""
1436,"N Wang, L Cheng, R Ge, S Zhang, Y Miao, W Zou, C Yi, Y Sun, Y Cao, ...","Perovskite light-emitting diodes based on solution-processed self-organized multiple quantum wells",2016,"Nature Photonics","","","https://scholar.google.com/scholar?oi=bibs&hl=en&cites=11408352924897152987",3,"2023-03-01 19:22:46","Journal article","","","https://scholar.google.com/citations?view_op=view_citation&hl=en&user=DcxL9_wAAAAJ&pagesize=100&citation_for_view=DcxL9_wAAAAJ:rO6llkc54NcC",10,11,699,704,1436,205.14,144,10,7,"","",""
1138,"S Sun, T Salim, N Mathews, M Duchamp, C Boothroyd, G Xing, TC Sum, ...","The origin of high efficiency in low-temperature solution-processable bilayer organometal halide hybrid solar cells",2014,"Energy &Environmental Science","","","https://scholar.google.com/scholar?oi=bibs&hl=en&cites=12039503307887746671",4,"2023-03-01 19:22:46","Journal article","","","https://scholar.google.com/citations?view_op=view_citation&hl=en&user=DcxL9_wAAAAJ&pagesize=100&citation_for_view=DcxL9_wAAAAJ:Wp0gIr-vW9MC",7,1,399,407,1138,126.44,142,8,9,"","",""
481,"Y Xu, Q Chen, C Zhang, R Wang, H Wu, X Zhang, G Xing, WW Yu, ...","Two-photon-pumped perovskite semiconductor nanocrystal lasers",2016,"Journal of the American Chemical Society","","","https://scholar.google.com/scholar?oi=bibs&hl=en&cites=7476786062822749553",5,"2023-03-01 19:22:46","Journal article","","","https://scholar.google.com/citations?view_op=view_citation&hl=en&user=DcxL9_wAAAAJ&pagesize=100&citation_for_view=DcxL9_wAAAAJ:70eg2SAEIzsC",138,11,3761,3768,481,68.71,53,9,7,"","",""
441,"G Xing, B Wu, X Wu, M Li, B Du, Q Wei, J Guo, EKL Yeow, TC Sum, ...","Transcending the slow bimolecular recombination in lead-halide perovskites for electroluminescence",2017,"Nature communications","","","https://scholar.google.com/scholar?oi=bibs&hl=en&cites=15201738932268189212",6,"2023-03-01 19:22:46","Journal article","","","https://scholar.google.com/citations?view_op=view_citation&hl=en&user=DcxL9_wAAAAJ&pagesize=100&citation_for_view=DcxL9_wAAAAJ:dfsIfKJdRG4C",8,1,14558,14558,441,73.50,44,10,6,"","",""
382,"G Xing, H Guo, X Zhang, TC Sum, CHA Huan","The physics of ultrafast saturable absorption in graphene",2010,"Optics express","","","https://scholar.google.com/scholar?oi=bibs&hl=en&cites=8899147822326226037",7,"2023-03-01 19:22:46","Journal article","","","https://scholar.google.com/citations?view_op=view_citation&hl=en&user=DcxL9_wAAAAJ&pagesize=100&citation_for_view=DcxL9_wAAAAJ:u5HHmVD_uO8C",18,5,4564,4573,382,29.38,76,5,13,"","",""
327,"W Hui, L Chao, H Lu, F Xia, Q Wei, Z Su, T Niu, L Tao, B Du, D Li, Y Wang, ...","Stabilizing black-phase formamidinium perovskite formation at room temperature and high humidity",2021,"Science","","","https://scholar.google.com/scholar?oi=bibs&hl=en&cites=6272554748757595440",8,"2023-03-01 19:22:46","Journal article","","","https://scholar.google.com/citations?view_op=view_citation&hl=en&user=DcxL9_wAAAAJ&pagesize=100&citation_for_view=DcxL9_wAAAAJ:foquWX3nUaYC",371,6536,1359,1364,327,163.50,33,12,2,"","",""
285,"Y Tang, Z Jiang, G Xing, A Li, PD Kanhere, Y Zhang, TC Sum, S Li, ...","Efficient Ag@ AgCl cubic cage photocatalysts profit from ultrafast plasmon‐induced electron transfer processes",2013,"Advanced Functional Materials","","","https://scholar.google.com/scholar?oi=bibs&hl=en&cites=10130664049512342190",9,"2023-03-01 19:22:46","Journal article","","","https://scholar.google.com/citations?view_op=view_citation&hl=en&user=DcxL9_wAAAAJ&pagesize=100&citation_for_view=DcxL9_wAAAAJ:Se3iqnhoufwC",23,23,2932,2940,285,28.50,32,9,10,"","",""
260,"G Long, C Jiang, R Sabatini, Z Yang, M Wei, LN Quan, Q Liang, ...","Spin control in reduced-dimensional chiral perovskites",2018,"Nature Photonics","","","https://scholar.google.com/scholar?oi=bibs&hl=en&cites=5572557206263263790",10,"2023-03-01 19:22:46","Journal article","","","https://scholar.google.com/citations?view_op=view_citation&hl=en&user=DcxL9_wAAAAJ&pagesize=100&citation_for_view=DcxL9_wAAAAJ:u9iWguZQMMsC",12,9,528,533,260,52.00,33,8,5,"","",""
252,"R Tang, X Wang, W Lian, J Huang, Q Wei, M Huang, Y Yin, C Jiang, ...","Hydrothermal deposition of antimony selenosulfide thin films enables solar cells with 10% efficiency",2020,"Nature Energy","","","https://scholar.google.com/scholar?oi=bibs&hl=en&cites=16728200991845078575",11,"2023-03-01 19:22:46","Journal article","","","https://scholar.google.com/citations?view_op=view_citation&hl=en&user=DcxL9_wAAAAJ&pagesize=100&citation_for_view=DcxL9_wAAAAJ:nrtMV_XWKgEC",5,8,587,595,252,84.00,28,9,3,"","",""
246,"C Liang, H Gu, Y Xia, Z Wang, X Liu, J Xia, S Zuo, Y Hu, X Gao, W Hui, ...","Two-dimensional Ruddlesden–Popper layered perovskite solar cells based on phase-pure thin films",2021,"Nature Energy","","","https://scholar.google.com/scholar?oi=bibs&hl=en&cites=8964139201965425767",12,"2023-03-01 19:22:46","Journal article","","","https://scholar.google.com/citations?view_op=view_citation&hl=en&user=DcxL9_wAAAAJ&pagesize=100&citation_for_view=DcxL9_wAAAAJ:p__nRnzSRKYC",6,1,38,45,246,123.00,25,11,2,"","",""
245,"B Wu, K Fu, N Yantara, G Xing, S Sun, TC Sum, N Mathews","Charge accumulation and hysteresis in perovskite‐based solar cells: An electro‐optical analysis",2015,"Advanced Energy Materials","","","https://scholar.google.com/scholar?oi=bibs&hl=en&cites=6694671064139837742",13,"2023-03-01 19:22:46","Journal article","","","https://scholar.google.com/citations?view_op=view_citation&hl=en&user=DcxL9_wAAAAJ&pagesize=100&citation_for_view=DcxL9_wAAAAJ:O3NaXMp0MMsC",5,19,1500829,1500829,245,30.63,35,7,8,"","",""
226,"A Priyadarshi, LJ Haur, P Murray, D Fu, S Kulkarni, G Xing, TC Sum, ...","A large area (70 cm2) monolithic perovskite solar module with a high efficiency and stability",2016,"Energy &Environmental Science","","","https://scholar.google.com/scholar?oi=bibs&hl=en&cites=2818547188551160704",14,"2023-03-01 19:22:46","Journal article","","","https://scholar.google.com/citations?view_op=view_citation&hl=en&user=DcxL9_wAAAAJ&pagesize=100&citation_for_view=DcxL9_wAAAAJ:zA6iFVUQeVQC",9,12,3687,3692,226,32.29,28,8,7,"","",""
221,"P Li, Y Zhang, C Liang, G Xing, X Liu, F Li, X Liu, X Hu, G Shao, Y Song","Phase pure 2D perovskite for high‐performance 2D–3D heterostructured perovskite solar cells",2018,"Advanced materials","","","https://scholar.google.com/scholar?oi=bibs&hl=en&cites=12897115710257563942",15,"2023-03-01 19:22:46","Journal article","","","https://scholar.google.com/citations?view_op=view_citation&hl=en&user=DcxL9_wAAAAJ&pagesize=100&citation_for_view=DcxL9_wAAAAJ:738O_yMBCRsC",30,52,1805323,1805323,221,44.20,22,10,5,"","",""
212,"G Xing, MH Kumar, WK Chong, X Liu, Y Cai, H Ding, M Asta, M Grätzel, ...","Solution‐processed tin‐based perovskite for near‐infrared lasing",2016,"Advanced Materials","","","https://scholar.google.com/scholar?oi=bibs&hl=en&cites=16091901823562460609",16,"2023-03-01 19:22:46","Journal article","","","https://scholar.google.com/citations?view_op=view_citation&hl=en&user=DcxL9_wAAAAJ&pagesize=100&citation_for_view=DcxL9_wAAAAJ:HoB7MX3m0LUC",28,37,8191,8196,212,30.29,24,9,7,"","",""
209,"L Chao, Y Xia, B Li, G Xing, Y Chen, W Huang","Room-temperature molten salt for facile fabrication of efficient and stable perovskite solar cells in ambient air",2019,"Chem","","","https://scholar.google.com/scholar?oi=bibs&hl=en&cites=1850867500067551392",17,"2023-03-01 19:22:46","Journal article","","","https://scholar.google.com/citations?view_op=view_citation&hl=en&user=DcxL9_wAAAAJ&pagesize=100&citation_for_view=DcxL9_wAAAAJ:fQNAKQ3IYiAC",5,4,995,1006,209,52.25,35,6,4,"","",""
196,"G Xing, B Wu, S Chen, J Chua, N Yantara, S Mhaisalkar, N Mathews, ...","Interfacial Electron Transfer Barrier at Compact TiO2/CH3NH3PbI3 Heterojunction",2015,"Small","","","https://scholar.google.com/scholar?oi=bibs&hl=en&cites=731062752370271319",18,"2023-03-01 19:22:46","Journal article","","","https://scholar.google.com/citations?view_op=view_citation&hl=en&user=DcxL9_wAAAAJ&pagesize=100&citation_for_view=DcxL9_wAAAAJ:NMxIlDl6LWMC",11,29,3606,3613,196,24.50,25,8,8,"","",""
194,"F Yan, J Xing, G Xing, L Quan, ST Tan, J Zhao, R Su, L Zhang, S Chen, ...","Highly efficient visible colloidal lead-halide perovskite nanocrystal light-emitting diodes",2018,"Nano letters","","","https://scholar.google.com/scholar?oi=bibs&hl=en&cites=16001536115366718267",19,"2023-03-01 19:22:46","Journal article","","","https://scholar.google.com/citations?view_op=view_citation&hl=en&user=DcxL9_wAAAAJ&pagesize=100&citation_for_view=DcxL9_wAAAAJ:NhqRSupF_l8C",18,5,3157,3164,194,38.80,19,10,5,"","",""
187,"L Gu, H Shi, M Gu, K Ling, H Ma, S Cai, L Song, C Ma, H Li, G Xing, ...","Dynamic ultralong organic phosphorescence by photoactivation",2018,"Angewandte Chemie International Edition","","","https://scholar.google.com/scholar?oi=bibs&hl=en&cites=8363193254882994835",20,"2023-03-01 19:22:46","Journal article","","","https://scholar.google.com/citations?view_op=view_citation&hl=en&user=DcxL9_wAAAAJ&pagesize=100&citation_for_view=DcxL9_wAAAAJ:P5F9QuxV20EC",57,28,8425,8431,187,37.40,19,11,5,"","",""
170,"W Chen, S Bhaumik, SA Veldhuis, G Xing, Q Xu, M Grätzel, S Mhaisalkar, ...","Giant five-photon absorption from multidimensional core-shell halide perovskite colloidal nanocrystals",2017,"Nature communications","","","https://scholar.google.com/scholar?oi=bibs&hl=en&cites=16559331408920681325",21,"2023-03-01 19:22:46","Journal article","","","https://scholar.google.com/citations?view_op=view_citation&hl=en&user=DcxL9_wAAAAJ&pagesize=100&citation_for_view=DcxL9_wAAAAJ:yD5IFk8b50cC",8,1,15198,15198,170,28.33,21,8,6,"","",""
168,"TC Sum, N Mathews, G Xing, SS Lim, WK Chong, D Giovanni, HA Dewi","Spectral features and charge dynamics of lead halide perovskites: origins and interpretations",2016,"Accounts of chemical research","","","https://scholar.google.com/scholar?oi=bibs&hl=en&cites=15992153870263034368",22,"2023-03-01 19:22:46","Journal article","","","https://scholar.google.com/citations?view_op=view_citation&hl=en&user=DcxL9_wAAAAJ&pagesize=100&citation_for_view=DcxL9_wAAAAJ:35N4QoGY0k4C",49,2,294,302,168,24.00,24,7,7,"","",""
164,"Y Chen, N Li, L Wang, L Li, Z Xu, H Jiao, P Liu, C Zhu, H Zai, M Sun, ...","Impacts of alkaline on the defects property and crystallization kinetics in perovskite solar cells",2019,"Nature communications","","","https://scholar.google.com/scholar?oi=bibs&hl=en&cites=14927777624934480283",23,"2023-03-01 19:22:46","Journal article","","","https://scholar.google.com/citations?view_op=view_citation&hl=en&user=DcxL9_wAAAAJ&pagesize=100&citation_for_view=DcxL9_wAAAAJ:8AbLer7MMksC",10,1,1112,1112,164,41.00,16,11,4,"","",""
155,"B Wu, Y Zhou, G Xing, Q Xu, HF Garces, A Solanki, TW Goh, NP Padture, ...","Long Minority‐Carrier Diffusion Length and Low Surface‐Recombination Velocity in Inorganic Lead‐Free CsSnI3 Perovskite Crystal for Solar Cells",2017,"Advanced Functional Materials","","","https://scholar.google.com/scholar?oi=bibs&hl=en&cites=968831228485614237",24,"2023-03-01 19:22:46","Journal article","","","https://scholar.google.com/citations?view_op=view_citation&hl=en&user=DcxL9_wAAAAJ&pagesize=100&citation_for_view=DcxL9_wAAAAJ:u_35RYKgDlwC",27,7,1604818,1604818,155,25.83,17,9,6,"","",""
153,"HM Fan, M Olivo, B Shuter, JB Yi, R Bhuvaneswari, HR Tan, GC Xing, ...","Quantum dot capped magnetite nanorings as high performance nanoprobe for multiphoton fluorescence and magnetic resonance imaging",2010,"Journal of the American Chemical Society","","","https://scholar.google.com/scholar?oi=bibs&hl=en&cites=13791112353594325431",25,"2023-03-01 19:22:46","Journal article","","","https://scholar.google.com/citations?view_op=view_citation&hl=en&user=DcxL9_wAAAAJ&pagesize=100&citation_for_view=DcxL9_wAAAAJ:u-x6o8ySG0sC",132,42,14803,14811,153,11.77,19,8,13,"","",""
148,"P Pang, G Jin, C Liang, B Wang, W Xiang, D Zhang, J Xu, W Hong, Z Xiao, ...","Rearranging low-dimensional phase distribution of quasi-2D perovskites for efficient sky-blue perovskite light-emitting diodes",2020,"ACS nano","","","https://scholar.google.com/scholar?oi=bibs&hl=en&cites=9135419619723032453",26,"2023-03-01 19:22:46","Journal article","","","https://scholar.google.com/citations?view_op=view_citation&hl=en&user=DcxL9_wAAAAJ&pagesize=100&citation_for_view=DcxL9_wAAAAJ:epqYDVWIO7EC",14,9,11420,11430,148,49.33,15,10,3,"","",""
148,"X Dong, G Xing, MB Chan-Park, W Shi, N Xiao, J Wang, Q Yan, TC Sum, ...","The formation of a carbon nanotube–graphene oxide core–shell structure and its possible applications",2011,"Carbon","","","https://scholar.google.com/scholar?oi=bibs&hl=en&cites=15118153888455680933",27,"2023-03-01 19:22:46","Journal article","","","https://scholar.google.com/citations?view_op=view_citation&hl=en&user=DcxL9_wAAAAJ&pagesize=100&citation_for_view=DcxL9_wAAAAJ:d1gkVwhDpl0C",49,15,5071,5078,148,12.33,16,9,12,"","",""
143,"D Liu, H Ai, J Li, M Fang, M Chen, D Liu, X Du, P Zhou, F Li, KH Lo, ...","Surface reconstruction and phase transition on vanadium–cobalt–iron trimetal nitrides to form active oxyhydroxide for enhanced electrocatalytic water oxidation",2020,"Advanced Energy Materials","","","https://scholar.google.com/scholar?oi=bibs&hl=en&cites=13907597436751132681",28,"2023-03-01 19:22:46","Journal article","","","https://scholar.google.com/citations?view_op=view_citation&hl=en&user=DcxL9_wAAAAJ&pagesize=100&citation_for_view=DcxL9_wAAAAJ:BUYA1_V_uYcC",10,45,2002464,2002464,143,47.67,14,11,3,"","",""
137,"G Xing, Y Liao, X Wu, S Chakrabortty, X Liu, EKL Yeow, Y Chan, TC Sum","Ultralow-threshold two-photon pumped amplified spontaneous emission and lasing from seeded CdSe/CdS nanorod heterostructures",2012,"Acs Nano","","","https://scholar.google.com/scholar?oi=bibs&hl=en&cites=5908519692752646010",29,"2023-03-01 19:22:46","Journal article","","","https://scholar.google.com/citations?view_op=view_citation&hl=en&user=DcxL9_wAAAAJ&pagesize=100&citation_for_view=DcxL9_wAAAAJ:W7OEmFMy1HYC",6,12,10835,10844,137,12.45,17,8,11,"","",""
128,"Y Tao, R Chen, H Li, J Yuan, Y Wan, H Jiang, C Chen, Y Si, C Zheng, ...","Resonance‐activated spin‐flipping for efficient organic ultralong room‐temperature phosphorescence",2018,"Advanced Materials","","","https://scholar.google.com/scholar?oi=bibs&hl=en&cites=3044279850363002138",30,"2023-03-01 19:22:46","Journal article","","","https://scholar.google.com/citations?view_op=view_citation&hl=en&user=DcxL9_wAAAAJ&pagesize=100&citation_for_view=DcxL9_wAAAAJ:Tiz5es2fbqcC",30,44,1803856,1803856,128,25.60,13,10,5,"","",""
117,"B Peng, G Yu, Y Zhao, Q Xu, G Xing, X Liu, D Fu, B Liu, JRS Tan, W Tang, ...","Achieving Ultrafast Hole Transfer at the Monolayer MoS2 and CH3NH3PbI3 Perovskite Interface by Defect Engineering",2016,"ACS nano","","","https://scholar.google.com/scholar?oi=bibs&hl=en&cites=4423259986285753782",31,"2023-03-01 19:22:46","Journal article","","","https://scholar.google.com/citations?view_op=view_citation&hl=en&user=DcxL9_wAAAAJ&pagesize=100&citation_for_view=DcxL9_wAAAAJ:g5m5HwL7SMYC",10,6,6383,6391,117,16.71,12,11,7,"","",""
113,"Z Zhu, Q Sun, Z Zhang, J Dai, G Xing, S Li, X Huang, W Huang","Metal halide perovskites: stability and sensing-ability",2018,"Journal of Materials Chemistry C","","","https://scholar.google.com/scholar?oi=bibs&hl=en&cites=2554775221830205268",32,"2023-03-01 19:22:46","Journal article","","","https://scholar.google.com/citations?view_op=view_citation&hl=en&user=DcxL9_wAAAAJ&pagesize=100&citation_for_view=DcxL9_wAAAAJ:XiSMed-E-HIC",6,38,10121,10137,113,22.60,14,8,5,"","",""
112,"Q Shang, M Li, L Zhao, D Chen, S Zhang, S Chen, P Gao, C Shen, J Xing, ...","Role of the Exciton–Polariton in a Continuous-Wave Optically Pumped CsPbBr3 Perovskite Laser",2020,"Nano Letters","","","https://scholar.google.com/scholar?oi=bibs&hl=en&cites=4945139808619205513",33,"2023-03-01 19:22:46","Journal article","","","https://scholar.google.com/citations?view_op=view_citation&hl=en&user=DcxL9_wAAAAJ&pagesize=100&citation_for_view=DcxL9_wAAAAJ:yB1At4FlUx8C",20,9,6636,6643,112,37.33,11,10,3,"","",""
107,"X Jia, C Zuo, S Tao, K Sun, Y Zhao, S Yang, M Cheng, M Wang, Y Yuan, ...","CsPb (IxBr1− x) 3 solar cells",2019,"Science Bulletin","","","https://scholar.google.com/scholar?oi=bibs&hl=en&cites=13447158083607512037",34,"2023-03-01 19:22:46","Journal article","","","https://scholar.google.com/citations?view_op=view_citation&hl=en&user=DcxL9_wAAAAJ&pagesize=100&citation_for_view=DcxL9_wAAAAJ:J-pR_7NvFogC",64,20,1532,1539,107,26.75,11,10,4,"","",""
103,"H Shi, Z An, PZ Li, J Yin, G Xing, T He, H Chen, J Wang, H Sun, W Huang, ...","Enhancing organic phosphorescence by manipulating heavy-atom interaction",2016,"Crystal Growth &Design","","","https://scholar.google.com/scholar?oi=bibs&hl=en&cites=17651677572345342718",35,"2023-03-01 19:22:46","Journal article","","","https://scholar.google.com/citations?view_op=view_citation&hl=en&user=DcxL9_wAAAAJ&pagesize=100&citation_for_view=DcxL9_wAAAAJ:vV6vV6tmYwMC",16,2,808,813,103,14.71,10,11,7,"","",""
102,"JY Lin, WS Zhu, F Liu, LH Xie, L Zhang, R Xia, GC Xing, W Huang","A rational molecular design of β-phase polydiarylfluorenes: synthesis, morphology, and organic lasers",2014,"Macromolecules","","","https://scholar.google.com/scholar?oi=bibs&hl=en&cites=11674837027177799391",36,"2023-03-01 19:22:46","Journal article","","","https://scholar.google.com/citations?view_op=view_citation&hl=en&user=DcxL9_wAAAAJ&pagesize=100&citation_for_view=DcxL9_wAAAAJ:-f6ydRqryjwC",47,3,1001,1007,102,11.33,13,8,9,"","",""
101,"Q Ou, X Bao, Y Zhang, H Shao, G Xing, X Li, L Shao, Q Bao","Band structure engineering in metal halide perovskite nanostructures for optoelectronic applications",2019,"Nano Materials Science","","","https://scholar.google.com/scholar?oi=bibs&hl=en&cites=10629693238625271024",37,"2023-03-01 19:22:46","Journal article","","","https://scholar.google.com/citations?view_op=view_citation&hl=en&user=DcxL9_wAAAAJ&pagesize=100&citation_for_view=DcxL9_wAAAAJ:olpn-zPbct0C",1,4,268,287,101,25.25,13,8,4,"","",""
100,"G Wu, R Liang, M Ge, G Sun, Y Zhang, G Xing","Surface passivation using 2D perovskites toward efficient and stable perovskite solar cells",2022,"Advanced Materials","","","https://scholar.google.com/scholar?oi=bibs&hl=en&cites=8017932434739239687",38,"2023-03-01 19:22:46","Journal article","","","https://scholar.google.com/citations?view_op=view_citation&hl=en&user=DcxL9_wAAAAJ&pagesize=100&citation_for_view=DcxL9_wAAAAJ:IUKN3-7HHlwC",34,8,2105635,2105635,100,100.00,17,6,1,"","",""
98,"Y Liang, Q Shang, Q Wei, L Zhao, Z Liu, J Shi, Y Zhong, J Chen, Y Gao, ...","Lasing from mechanically exfoliated 2D homologous Ruddlesden–Popper perovskite engineered by inorganic layer thickness",2019,"Advanced Materials","","","https://scholar.google.com/scholar?oi=bibs&hl=en&cites=9270023999586130740",39,"2023-03-01 19:22:46","Journal article","","","https://scholar.google.com/citations?view_op=view_citation&hl=en&user=DcxL9_wAAAAJ&pagesize=100&citation_for_view=DcxL9_wAAAAJ:1qzjygNMrQYC",31,39,1903030,1903030,98,24.50,10,10,4,"","",""
95,"S Xu, W Wang, H Li, J Zhang, R Chen, S Wang, C Zheng, G Xing, C Song, ...","Design of highly efficient deep-blue organic afterglow through guest sensitization and matrices rigidification",2020,"Nature Communications","","","https://scholar.google.com/scholar?oi=bibs&hl=en&cites=17937660437140307096",40,"2023-03-01 19:22:46","Journal article","","","https://scholar.google.com/citations?view_op=view_citation&hl=en&user=DcxL9_wAAAAJ&pagesize=100&citation_for_view=DcxL9_wAAAAJ:AvfA0Oy_GE0C",11,1,4802,4802,95,31.67,10,10,3,"","",""
93,"P Li, X Liu, Y Zhang, C Liang, G Chen, F Li, M Su, G Xing, X Tao, Y Song","Low‐Dimensional Dion–Jacobson‐Phase Lead‐Free Perovskites for High‐Performance Photovoltaics with Improved Stability",2020,"Angewandte Chemie International Edition","","","https://scholar.google.com/scholar?oi=bibs&hl=en&cites=14804367257741184091",41,"2023-03-01 19:22:46","Journal article","","","https://scholar.google.com/citations?view_op=view_citation&hl=en&user=DcxL9_wAAAAJ&pagesize=100&citation_for_view=DcxL9_wAAAAJ:tKAzc9rXhukC",59,17,6909,6914,93,31.00,9,10,3,"","",""
92,"TC Sum, S Chen, G Xing, X Liu, B Wu","Energetics and dynamics in organic–inorganic halide perovskite photovoltaics and light emitters",2015,"Nanotechnology","","","https://scholar.google.com/scholar?oi=bibs&hl=en&cites=15516966701546404906",42,"2023-03-01 19:22:46","Journal article","","","https://scholar.google.com/citations?view_op=view_citation&hl=en&user=DcxL9_wAAAAJ&pagesize=100&citation_for_view=DcxL9_wAAAAJ:ns9cj8rnVeAC",26,34,342001,342001,92,11.50,18,5,8,"","",""
91,"C Liang, P Li, H Gu, Y Zhang, F Li, Y Song, G Shao, N Mathews, G Xing","One‐step inkjet printed perovskite in air for efficient light harvesting",2018,"Solar Rrl","","","https://scholar.google.com/scholar?oi=bibs&hl=en&cites=10882837620497874478",43,"2023-03-01 19:22:46","Journal article","","","https://scholar.google.com/citations?view_op=view_citation&hl=en&user=DcxL9_wAAAAJ&pagesize=100&citation_for_view=DcxL9_wAAAAJ:abG-DnoFyZgC",2,2,1700217,1700217,91,18.20,10,9,5,"","",""
89,"D Liu, M Chen, X Du, H Ai, KH Lo, S Wang, S Chen, G Xing, X Wang, ...","Development of electrocatalysts for efficient nitrogen reduction reaction under ambient condition",2021,"Advanced Functional Materials","","","https://scholar.google.com/scholar?oi=bibs&hl=en&cites=4577654164331165602",44,"2023-03-01 19:22:46","Journal article","","","https://scholar.google.com/citations?view_op=view_citation&hl=en&user=DcxL9_wAAAAJ&pagesize=100&citation_for_view=DcxL9_wAAAAJ:tYavs44e6CUC",31,11,2008983,2008983,89,44.50,9,10,2,"","",""
88,"J Zhao, H Lu, Y Zhang, S Yu, OI Malyi, X Zhao, L Wang, H Wang, J Peng, ...","Direct coherent multi-ink printing of fabric supercapacitors",2021,"Science Advances 7 (3), eabd","","","https://scholar.google.com/scholar?oi=bibs&hl=en&cites=7565374226924136773",45,"2023-03-01 19:22:46","Journal article","","","https://scholar.google.com/citations?view_op=view_citation&hl=en&user=DcxL9_wAAAAJ&pagesize=100&citation_for_view=DcxL9_wAAAAJ:MLfJN-KU85MC",6978,,,,88,44.00,9,10,2,"","",""
88,"M Li, Q Wei, SK Muduli, N Yantara, Q Xu, N Mathews, SG Mhaisalkar, ...","Enhanced exciton and photon confinement in Ruddlesden–Popper perovskite microplatelets for highly stable low‐threshold polarized lasing",2018,"Advanced Materials","","","https://scholar.google.com/scholar?oi=bibs&hl=en&cites=7232788418214845020",46,"2023-03-01 19:22:46","Journal article","","","https://scholar.google.com/citations?view_op=view_citation&hl=en&user=DcxL9_wAAAAJ&pagesize=100&citation_for_view=DcxL9_wAAAAJ:1sJd4Hv_s6UC",30,23,1707235,1707235,88,17.60,11,8,5,"","",""
86,"M Chen, Y Zhang, G Xing, SL Chou, Y Tang","Electrochemical energy storage devices working in extreme conditions",2021,"Energy &Environmental Science","","","https://scholar.google.com/scholar?oi=bibs&hl=en&cites=12746510315639425039",47,"2023-03-01 19:22:46","Journal article","","","https://scholar.google.com/citations?view_op=view_citation&hl=en&user=DcxL9_wAAAAJ&pagesize=100&citation_for_view=DcxL9_wAAAAJ:FPJr55Dyh1AC",14,6,3323,3351,86,43.00,17,5,2,"","",""
86,"Q Wei, X Li, C Liang, Z Zhang, J Guo, G Hong, G Xing, W Huang","Recent progress in metal halide perovskite micro‐and nanolasers",2019,"Advanced Optical Materials","","","https://scholar.google.com/scholar?oi=bibs&hl=en&cites=9687874679604300229",48,"2023-03-01 19:22:46","Journal article","","","https://scholar.google.com/citations?view_op=view_citation&hl=en&user=DcxL9_wAAAAJ&pagesize=100&citation_for_view=DcxL9_wAAAAJ:eJXPG6dFmWUC",7,17,1900080,1900080,86,21.50,11,8,4,"","",""
86,"Z Li, PP Boix, G Xing, K Fu, SA Kulkarni, SK Batabyal, W Xu, A Cao, ...","Carbon nanotubes as an efficient hole collector for high voltage methylammonium lead bromide perovskite solar cells",2016,"Nanoscale","","","https://scholar.google.com/scholar?oi=bibs&hl=en&cites=8344282924062000300",49,"2023-03-01 19:22:46","Journal article","","","https://scholar.google.com/citations?view_op=view_citation&hl=en&user=DcxL9_wAAAAJ&pagesize=100&citation_for_view=DcxL9_wAAAAJ:RYcK_YlVTxYC",8,12,6352,6360,86,12.29,10,9,7,"","",""
85,"TZ Oo, N Mathews, G Xing, B Wu, B Xing, LH Wong, TC Sum, ...","Ultrafine gold nanowire networks as plasmonic antennae in organic photovoltaics",2012,"The Journal of Physical Chemistry C","","","https://scholar.google.com/scholar?oi=bibs&hl=en&cites=2302388220875928120",50,"2023-03-01 19:22:46","Journal article","","","https://scholar.google.com/citations?view_op=view_citation&hl=en&user=DcxL9_wAAAAJ&pagesize=100&citation_for_view=DcxL9_wAAAAJ:Y0pCki6q_DkC",116,10,6453,6458,85,7.73,11,8,11,"","",""
82,"P Li, C Liang, XL Liu, F Li, Y Zhang, XT Liu, H Gu, X Hu, G Xing, X Tao, ...","Low‐dimensional perovskites with diammonium and monoammonium alternant cations for high‐performance photovoltaics",2019,"Advanced Materials","","","https://scholar.google.com/scholar?oi=bibs&hl=en&cites=1147720569567721404",51,"2023-03-01 19:22:46","Journal article","","","https://scholar.google.com/citations?view_op=view_citation&hl=en&user=DcxL9_wAAAAJ&pagesize=100&citation_for_view=DcxL9_wAAAAJ:kRWSkSYxWN8C",31,35,1901966,1901966,82,20.50,8,11,4,"","",""
81,"C Liang, D Zhao, Y Li, X Li, S Peng, G Shao, G Xing","Ruddlesden–Popper perovskite for stable solar cells",2018,"Energy &Environmental Materials","","","https://scholar.google.com/scholar?oi=bibs&hl=en&cites=360354202336621252",52,"2023-03-01 19:22:46","Journal article","","","https://scholar.google.com/citations?view_op=view_citation&hl=en&user=DcxL9_wAAAAJ&pagesize=100&citation_for_view=DcxL9_wAAAAJ:vRqMK49ujn8C",1,4,221,231,81,16.20,12,7,5,"","",""
73,"M Li, G Xing, G Xing, B Wu, T Wu, X Zhang, TC Sum","Origin of green emission and charge trapping dynamics in ZnO nanowires",2013,"Physical Review B","","","https://scholar.google.com/scholar?oi=bibs&hl=en&cites=5637092614385695636",53,"2023-03-01 19:22:46","Journal article","","","https://scholar.google.com/citations?view_op=view_citation&hl=en&user=DcxL9_wAAAAJ&pagesize=100&citation_for_view=DcxL9_wAAAAJ:MXK_kJrjxJIC",87,11,115309,115309,73,7.30,10,7,10,"","",""
68,"J Lin, Z Yu, W Zhu, G Xing, Z Lin, S Yang, L Xie, C Niu, W Huang","A π-conjugated polymer gelator from polyfluorene-based poly (tertiary alcohol) via the hydrogen-bonded supramolecular functionalization",2013,"Polymer Chemistry","","","https://scholar.google.com/scholar?oi=bibs&hl=en&cites=15747237391269175259",54,"2023-03-01 19:22:46","Journal article","","","https://scholar.google.com/citations?view_op=view_citation&hl=en&user=DcxL9_wAAAAJ&pagesize=100&citation_for_view=DcxL9_wAAAAJ:5nxA0vEk-isC",4,3,477,483,68,6.80,8,9,10,"","",""
68,"M Li, G Xing, LFNA Qune, G Xing, T Wu, CHA Huan, X Zhang, TC Sum","Tailoring the charge carrier dynamics in ZnO nanowires: the role of surface hole/electron traps",2012,"Physical Chemistry Chemical Physics","","","https://scholar.google.com/scholar?oi=bibs&hl=en&cites=6574459392811184185",55,"2023-03-01 19:22:46","Journal article","","","https://scholar.google.com/citations?view_op=view_citation&hl=en&user=DcxL9_wAAAAJ&pagesize=100&citation_for_view=DcxL9_wAAAAJ:YsMSGLbcyi4C",14,9,3075,3082,68,6.18,9,8,11,"","",""
67,"M Chen, Q Liu, Z Hu, Y Zhang, G Xing, Y Tang, SL Chou","Designing advanced vanadium‐based materials to achieve electrochemically active multielectron reactions in sodium/potassium‐ion batteries",2020,"Advanced Energy Materials","","","https://scholar.google.com/scholar?oi=bibs&hl=en&cites=9596170695989925096",56,"2023-03-01 19:22:46","Journal article","","","https://scholar.google.com/citations?view_op=view_citation&hl=en&user=DcxL9_wAAAAJ&pagesize=100&citation_for_view=DcxL9_wAAAAJ:Z5m8FVwuT1cC",10,42,2002244,2002244,67,22.33,10,7,3,"","",""
67,"S Shukla, G Xing, H Ge, RR Prabhakar, S Mathew, Z Su, V Nalla, ...","Origin of Photocarrier Losses in Iron Pyrite (FeS2) Nanocubes",2016,"ACS nano","","","https://scholar.google.com/scholar?oi=bibs&hl=en&cites=17792101665052736290",57,"2023-03-01 19:22:46","Journal article","","","https://scholar.google.com/citations?view_op=view_citation&hl=en&user=DcxL9_wAAAAJ&pagesize=100&citation_for_view=DcxL9_wAAAAJ:ldfaerwXgEUC",10,4,4431,4440,67,9.57,8,8,7,"","",""
67,"JI Wong, N Mishra, G Xing, M Li, S Chakrabortty, TC Sum, Y Shi, Y Chan, ...","Dual wavelength electroluminescence from CdSe/CdS tetrapods",2014,"ACS nano","","","https://scholar.google.com/scholar?oi=bibs&hl=en&cites=14137932948742661860",58,"2023-03-01 19:22:46","Journal article","","","https://scholar.google.com/citations?view_op=view_citation&hl=en&user=DcxL9_wAAAAJ&pagesize=100&citation_for_view=DcxL9_wAAAAJ:R3hNpaxXUhUC",8,3,2873,2879,67,7.44,7,9,9,"","",""
66,"Z Wang, Q Wei, X Liu, L Liu, X Tang, J Guo, S Ren, G Xing, D Zhao, ...","Spacer cation tuning enables vertically oriented and graded quasi‐2D perovskites for efficient solar cells",2021,"Advanced Functional Materials","","","https://scholar.google.com/scholar?oi=bibs&hl=en&cites=17619986871006093714",59,"2023-03-01 19:22:46","Journal article","","","https://scholar.google.com/citations?view_op=view_citation&hl=en&user=DcxL9_wAAAAJ&pagesize=100&citation_for_view=DcxL9_wAAAAJ:4MWp96NkSFoC",31,5,2008404,2008404,66,33.00,7,10,2,"","",""
66,"D Li, C Liang, EV Ushakova, M Sun, X Huang, X Zhang, P Jing, SJ Yoo, ...","Thermally activated upconversion near‐infrared photoluminescence from carbon dots synthesized via microwave assisted exfoliation",2019,"Small","","","https://scholar.google.com/scholar?oi=bibs&hl=en&cites=5441010110637265108",60,"2023-03-01 19:22:46","Journal article","","","https://scholar.google.com/citations?view_op=view_citation&hl=en&user=DcxL9_wAAAAJ&pagesize=100&citation_for_view=DcxL9_wAAAAJ:Mojj43d5GZwC",15,50,1905050,1905050,66,16.50,7,9,4,"","",""
63,"C Zhang, F Liang, W Zhang, H Liu, M Ge, Y Zhang, J Dai, H Wang, G Xing, ...","Constructing mechanochemical durable and self-healing superhydrophobic surfaces",2020,"ACS omega","","","https://scholar.google.com/scholar?oi=bibs&hl=en&cites=9482430057152982014",61,"2023-03-01 19:22:46","Journal article","","","https://scholar.google.com/citations?view_op=view_citation&hl=en&user=DcxL9_wAAAAJ&pagesize=100&citation_for_view=DcxL9_wAAAAJ:LjlpjdlvIbIC",5,2,986,994,63,21.00,6,10,3,"","",""
62,"G Xing, G Xing, M Li, EJ Sie, D Wang, A Sulistio, Q Ye, CHA Huan, T Wu, ...","Charge transfer dynamics in Cu-doped ZnO nanowires",2011,"Applied Physics Letters","","","https://scholar.google.com/scholar?oi=bibs&hl=en&cites=10680399619723619960",62,"2023-03-01 19:22:46","Journal article","","","https://scholar.google.com/citations?view_op=view_citation&hl=en&user=DcxL9_wAAAAJ&pagesize=100&citation_for_view=DcxL9_wAAAAJ:UeHWp8X0CEIC",98,10,102105,102105,62,5.17,6,10,12,"","",""
60,"K Wang, G Xing, Q Song, S Xiao","Micro‐and nanostructured lead halide perovskites: from materials to integrations and devices",2021,"Advanced Materials","","","https://scholar.google.com/scholar?oi=bibs&hl=en&cites=13422647625449759918",63,"2023-03-01 19:22:46","Journal article","","","https://scholar.google.com/citations?view_op=view_citation&hl=en&user=DcxL9_wAAAAJ&pagesize=100&citation_for_view=DcxL9_wAAAAJ:35r97b3x0nAC",33,6,2000306,2000306,60,30.00,15,4,2,"","",""
60,"G Xing, J Jiang, JY Ying, W Ji","Fe3O4-Ag nanocomposites for optical limiting: broad temporal response and low threshold",2010,"Optics express","","","https://scholar.google.com/scholar?oi=bibs&hl=en&cites=8317508334233933515",64,"2023-03-01 19:22:46","Journal article","","","https://scholar.google.com/citations?view_op=view_citation&hl=en&user=DcxL9_wAAAAJ&pagesize=100&citation_for_view=DcxL9_wAAAAJ:zYLM7Y9cAGgC",18,6,6183,6190,60,4.62,15,4,13,"","",""
58,"B Chen, Y Guo, Y Wang, Z Liu, Q Wei, S Wang, AL Rogach, G Xing, P Shi, ...","Multiexcitonic Emission in Zero-Dimensional Cs2ZrCl6:Sb3+ Perovskite Crystals",2021,"Journal of the American Chemical Society","","","https://scholar.google.com/scholar?oi=bibs&hl=en&cites=10207131445358934903",65,"2023-03-01 19:22:46","Journal article","","","https://scholar.google.com/citations?view_op=view_citation&hl=en&user=DcxL9_wAAAAJ&pagesize=100&citation_for_view=DcxL9_wAAAAJ:XvxMoLDsR5gC",143,42,17599,17606,58,29.00,6,10,2,"","",""
54,"D Liu, H Ai, M Chen, P Zhou, B Li, D Liu, X Du, KH Lo, KW Ng, SP Wang, ...","Multi‐Phase Heterostructure of CoNiP/CoxP for Enhanced Hydrogen Evolution Under Alkaline and Seawater Conditions by Promoting H2O Dissociation",2021,"Small","","","https://scholar.google.com/scholar?oi=bibs&hl=en&cites=17004469555808521255",66,"2023-03-01 19:22:46","Journal article","","","https://scholar.google.com/citations?view_op=view_citation&hl=en&user=DcxL9_wAAAAJ&pagesize=100&citation_for_view=DcxL9_wAAAAJ:HbR8gkJAVGIC",17,17,2007557,2007557,54,27.00,5,11,2,"","",""
54,"Y Liao, G Xing, N Mishra, TC Sum, Y Chan","Low Threshold, Amplified Spontaneous Emission from Core‐Seeded Semiconductor Nanotetrapods Incorporated into a Sol–Gel Matrix",2012,"Advanced Materials 24 (23), OP159-OP","","","https://scholar.google.com/scholar?oi=bibs&hl=en&cites=5043924801371712870",67,"2023-03-01 19:22:46","Journal article","","","https://scholar.google.com/citations?view_op=view_citation&hl=en&user=DcxL9_wAAAAJ&pagesize=100&citation_for_view=DcxL9_wAAAAJ:LkGwnXOMwfcC",164,,,,54,4.91,11,5,11,"","",""
53,"X Liu, Q Zhang, G Xing, Q Xiong, TC Sum","Size-dependent exciton recombination dynamics in single CdS nanowires beyond the quantum confinement regime",2013,"The Journal of Physical Chemistry C","","","https://scholar.google.com/scholar?oi=bibs&hl=en&cites=247810367397900678",68,"2023-03-01 19:22:46","Journal article","","","https://scholar.google.com/citations?view_op=view_citation&hl=en&user=DcxL9_wAAAAJ&pagesize=100&citation_for_view=DcxL9_wAAAAJ:kNdYIx-mwKoC",117,20,10716,10722,53,5.30,11,5,10,"","",""
53,"H Pan, CK Poh, Y Zhu, G Xing, KC Chin, YP Feng, J Lin, CH Sow, W Ji, ...","Novel CdS nanostructures: synthesis and field emission",2008,"The Journal of Physical Chemistry C","","","https://scholar.google.com/scholar?oi=bibs&hl=en&cites=11398762331435003156",69,"2023-03-01 19:22:46","Journal article","","","https://scholar.google.com/citations?view_op=view_citation&hl=en&user=DcxL9_wAAAAJ&pagesize=100&citation_for_view=DcxL9_wAAAAJ:9yKSN-GCB0IC",112,30,11227,11230,53,3.53,5,10,15,"","",""
52,"J Xia, C Liang, S Mei, H Gu, B He, Z Zhang, T Liu, K Wang, S Wang, ...","Deep surface passivation for efficient and hydrophobic perovskite solar cells",2021,"Journal of Materials Chemistry A","","","https://scholar.google.com/scholar?oi=bibs&hl=en&cites=10592415323592516661",70,"2023-03-01 19:22:46","Journal article","","","https://scholar.google.com/citations?view_op=view_citation&hl=en&user=DcxL9_wAAAAJ&pagesize=100&citation_for_view=DcxL9_wAAAAJ:hMsQuOkrut0C",9,5,2919,2927,52,26.00,5,10,2,"","",""
50,"L Chao, T Niu, H Gu, Y Yang, Q Wei, Y Xia, W Hui, S Zuo, Z Zhu, C Pei, ...","Origin of high efficiency and long-term stability in ionic liquid perovskite photovoltaic",2020,"Research","","","https://scholar.google.com/scholar?oi=bibs&hl=en&cites=8596421540725685415",71,"2023-03-01 19:22:46","","","","https://scholar.google.com/citations?view_op=view_citation&hl=en&user=DcxL9_wAAAAJ&pagesize=100&citation_for_view=DcxL9_wAAAAJ:vDijr-p_gm4C",,,,,50,16.67,5,11,3,"","",""
50,"H Chen, Y Xia, B Wu, F Liu, T Niu, L Chao, G Xing, TC Sum, Y Chen, ...","Critical role of chloride in organic ammonium spacer on the performance of Low-dimensional Ruddlesden-Popper perovskite solar cells",2019,"Nano Energy","","","https://scholar.google.com/scholar?oi=bibs&hl=en&cites=12637151149191074630",72,"2023-03-01 19:22:46","Journal article","","","https://scholar.google.com/citations?view_op=view_citation&hl=en&user=DcxL9_wAAAAJ&pagesize=100&citation_for_view=DcxL9_wAAAAJ:K3LRdlH-MEoC",56,,373,381,50,12.50,5,10,4,"","",""
49,"L Zhao, Y Gao, M Su, Q Shang, Z Liu, Q Li, Q Wei, M Li, L Fu, Y Zhong, ...","Vapor-Phase Incommensurate Heteroepitaxy of Oriented Single-Crystal CsPbBr3 on GaN: Toward Integrated Optoelectronic Applications",2019,"ACS nano","","","https://scholar.google.com/scholar?oi=bibs&hl=en&cites=2568794148342402033",73,"2023-03-01 19:22:46","Journal article","","","https://scholar.google.com/citations?view_op=view_citation&hl=en&user=DcxL9_wAAAAJ&pagesize=100&citation_for_view=DcxL9_wAAAAJ:5ugPr518TE4C",13,9,10085,10094,49,12.25,5,11,4,"","",""
48,"G Jia, ZJ Shi, YD Xia, Q Wei, YH Chen, GC Xing, W Huang","Super air stable quasi-2D organic-inorganic hybrid perovskites for visible light-emitting diodes",2018,"Optics express 26 (2), A66-A","","","https://scholar.google.com/scholar?oi=bibs&hl=en&cites=6845022128401283004",74,"2023-03-01 19:22:46","Journal article","","","https://scholar.google.com/citations?view_op=view_citation&hl=en&user=DcxL9_wAAAAJ&pagesize=100&citation_for_view=DcxL9_wAAAAJ:b0M2c_1WBrUC",74,,,,48,9.60,7,7,5,"","",""
47,"Y Huang, T Liu, C Liang, J Xia, D Li, H Zhang, A Amini, G Xing, C Cheng","Towards simplifying the device structure of high‐performance perovskite solar cells",2020,"Advanced Functional Materials","","","https://scholar.google.com/scholar?oi=bibs&hl=en&cites=12777826979564448771",75,"2023-03-01 19:22:46","Journal article","","","https://scholar.google.com/citations?view_op=view_citation&hl=en&user=DcxL9_wAAAAJ&pagesize=100&citation_for_view=DcxL9_wAAAAJ:_Re3VWB3Y0AC",30,28,2000863,2000863,47,15.67,5,9,3,"","",""
46,"Y Jiang, P Lv, JQ Pan, Y Li, H Lin, XW Zhang, J Wang, YY Liu, Q Wei, ...","Low‐threshold organic semiconductor lasers with the aid of phosphorescent Ir (III) complexes as triplet sensitizers",2019,"Advanced Functional Materials","","","https://scholar.google.com/scholar?oi=bibs&hl=en&cites=6923001474409771145",76,"2023-03-01 19:22:46","Journal article","","","https://scholar.google.com/citations?view_op=view_citation&hl=en&user=DcxL9_wAAAAJ&pagesize=100&citation_for_view=DcxL9_wAAAAJ:LPZeul_q3PIC",29,19,1806719,1806719,46,11.50,5,10,4,"","",""
46,"Q Wei, M Li, Z Zhang, J Guo, G Xing, TC Sum, W Huang","Efficient recycling of trapped energies for dual-emission in Mn-doped perovskite nanocrystals",2018,"Nano Energy","","","https://scholar.google.com/scholar?oi=bibs&hl=en&cites=10691275636512488051",77,"2023-03-01 19:22:46","Journal article","","","https://scholar.google.com/citations?view_op=view_citation&hl=en&user=DcxL9_wAAAAJ&pagesize=100&citation_for_view=DcxL9_wAAAAJ:UxriW0iASnsC",51,,704,710,46,9.20,7,7,5,"","",""
45,"D Liu, R Tong, Y Qu, Q Zhu, X Zhong, M Fang, KH Lo, F Zhang, Y Ye, ...","Highly improved electrocatalytic activity of NiSx: effects of Cr-doping and phase transition",2020,"Applied Catalysis B: Environmental","","","https://scholar.google.com/scholar?oi=bibs&hl=en&cites=13597410629128107384",78,"2023-03-01 19:22:46","Journal article","","","https://scholar.google.com/citations?view_op=view_citation&hl=en&user=DcxL9_wAAAAJ&pagesize=100&citation_for_view=DcxL9_wAAAAJ:1yQoGdGgb4wC",267,,118721,118721,45,15.00,5,10,3,"","",""
45,"X Cao, G Zhang, L Jiang, Y Cai, Y Gao, W Yang, X He, Q Zeng, G Xing, ...","Water, a Green Solvent for Fabrication of High-Quality CsPbBr3 Films for Efficient Solar Cells",2019,"ACS applied materials &interfaces","","","https://scholar.google.com/scholar?oi=bibs&hl=en&cites=3443707569440111279",79,"2023-03-01 19:22:46","Journal article","","","https://scholar.google.com/citations?view_op=view_citation&hl=en&user=DcxL9_wAAAAJ&pagesize=100&citation_for_view=DcxL9_wAAAAJ:JoZmwDi-zQgC",12,5,5925,5931,45,11.25,5,10,4,"","",""
42,"D Liu, P Zhou, H Bai, H Ai, X Du, M Chen, D Liu, WF Ip, KH Lo, CT Kwok, ...","Development of perovskite oxide‐based electrocatalysts for oxygen evolution reaction",2021,"Small","","","https://scholar.google.com/scholar?oi=bibs&hl=en&cites=410181529131169606",80,"2023-03-01 19:22:46","Journal article","","","https://scholar.google.com/citations?view_op=view_citation&hl=en&user=DcxL9_wAAAAJ&pagesize=100&citation_for_view=DcxL9_wAAAAJ:bz8QjSJIRt4C",17,43,2101605,2101605,42,21.00,4,11,2,"","",""
42,"G Xing, S Chakrabortty, SW Ngiam, Y Chan, TC Sum","Three-photon absorption in seeded CdSe/CdS nanorod heterostructures",2011,"The Journal of Physical Chemistry C","","","https://scholar.google.com/scholar?oi=bibs&hl=en&cites=6909032367307610347",81,"2023-03-01 19:22:46","Journal article","","","https://scholar.google.com/citations?view_op=view_citation&hl=en&user=DcxL9_wAAAAJ&pagesize=100&citation_for_view=DcxL9_wAAAAJ:roLk4NBRz8UC",115,36,17711,17716,42,3.50,8,5,12,"","",""
42,"G Xing, W Ji, Y Zheng, JY Ying","Two-and three-photon absorption of semiconductor quantum dots in the vicinity of half of lowest exciton energy",2008,"Applied Physics Letters","","","https://scholar.google.com/scholar?oi=bibs&hl=en&cites=3129939622805712111",82,"2023-03-01 19:22:46","Journal article","","","https://scholar.google.com/citations?view_op=view_citation&hl=en&user=DcxL9_wAAAAJ&pagesize=100&citation_for_view=DcxL9_wAAAAJ:2osOgNQ5qMEC",93,24,241114,241114,42,2.80,11,4,15,"","",""
40,"J Guo, T Liu, M Li, C Liang, K Wang, G Hong, Y Tang, G Long, SF Yu, ...","Ultrashort laser pulse doubling by metal-halide perovskite multiple quantum wells",2020,"Nature Communications","","","https://scholar.google.com/scholar?oi=bibs&hl=en&cites=1100073992624837064",83,"2023-03-01 19:22:46","Journal article","","","https://scholar.google.com/citations?view_op=view_citation&hl=en&user=DcxL9_wAAAAJ&pagesize=100&citation_for_view=DcxL9_wAAAAJ:XD-gHx7UXLsC",11,1,3361,3361,40,13.33,4,10,3,"","",""
40,"J Zhao, H Lu, X Zhao, OI Malyi, J Peng, C Lu, X Li, Y Zhang, Z Zeng, ...","Printable ink design towards customizable miniaturized energy storage devices",2020,"ACS Materials Letters","","","https://scholar.google.com/scholar?oi=bibs&hl=en&cites=15493370318578673975",84,"2023-03-01 19:22:46","Journal article","","","https://scholar.google.com/citations?view_op=view_citation&hl=en&user=DcxL9_wAAAAJ&pagesize=100&citation_for_view=DcxL9_wAAAAJ:z_wVstp3MssC",2,9,1041,1056,40,13.33,4,10,3,"","",""
38,"Q Guo, J Mao, J Huang, Z Wang, Y Zhang, J Hu, J Dong, S Sathasivam, ...","Reducing Oxygen Evolution Reaction Overpotential in Cobalt‐Based Electrocatalysts via Optimizing the “Microparticles‐in‐Spider Web” Electrode Configurations",2020,"Small","","","https://scholar.google.com/scholar?oi=bibs&hl=en&cites=5905478536069731987",85,"2023-03-01 19:22:46","Journal article","","","https://scholar.google.com/citations?view_op=view_citation&hl=en&user=DcxL9_wAAAAJ&pagesize=100&citation_for_view=DcxL9_wAAAAJ:WqliGbK-hY8C",16,8,1907029,1907029,38,12.67,4,9,3,"","",""
36,"J Liang, X Hu, C Wang, C Liang, C Chen, M Xiao, J Li, C Tao, G Xing, ...","Origins and influences of metallic lead in perovskite solar cells",2022,"Joule","","","https://scholar.google.com/scholar?oi=bibs&hl=en&cites=6178053453821590373",86,"2023-03-01 19:22:46","Journal article","","","https://scholar.google.com/citations?view_op=view_citation&hl=en&user=DcxL9_wAAAAJ&pagesize=100&citation_for_view=DcxL9_wAAAAJ:OR75R8vi5nAC",6,4,816,833,36,36.00,4,10,1,"","",""
36,"D Zhao, B Wang, C Liang, T Liu, Q Wei, S Wang, K Wang, Z Zhang, X Li, ...","Facile deposition of high-quality Cs2AgBiBr6 films for efficient double perovskite solar cells",2020,"Science China Materials","","","https://scholar.google.com/scholar?oi=bibs&hl=en&cites=6863864035959709913",87,"2023-03-01 19:22:46","Journal article","","","https://scholar.google.com/citations?view_op=view_citation&hl=en&user=DcxL9_wAAAAJ&pagesize=100&citation_for_view=DcxL9_wAAAAJ:tzM49s52ZIMC",63,8,1518,1525,36,12.00,4,10,3,"","",""
36,"Z Zhang, Y Li, C Liang, G Yu, J Zhao, S Luo, Y Huang, C Su, G Xing","In Situ Growth of MAPbBr3 Nanocrystals on Few‐Layer MXene Nanosheets with Efficient Energy Transfer",2020,"Small","","","https://scholar.google.com/scholar?oi=bibs&hl=en&cites=4482130624012581087",88,"2023-03-01 19:22:46","Journal article","","","https://scholar.google.com/citations?view_op=view_citation&hl=en&user=DcxL9_wAAAAJ&pagesize=100&citation_for_view=DcxL9_wAAAAJ:dQ2og3OwTAUC",16,17,1905896,1905896,36,12.00,4,9,3,"","",""
36,"Q Wei, B Du, B Wu, J Guo, M Li, J Fu, Z Zhang, J Yu, T Hou, G Xing, ...","Two‐Photon Optical Properties in Individual Organic–Inorganic Perovskite Microplates",2017,"Advanced Optical Materials","","","https://scholar.google.com/scholar?oi=bibs&hl=en&cites=17172037956920176099",89,"2023-03-01 19:22:46","Journal article","","","https://scholar.google.com/citations?view_op=view_citation&hl=en&user=DcxL9_wAAAAJ&pagesize=100&citation_for_view=DcxL9_wAAAAJ:_xSYboBqXhAC",5,24,1700809,1700809,36,6.00,4,11,6,"","",""
35,"Z Guo, Y Zhang, B Wang, L Wang, N Zhou, Z Qiu, N Li, Y Chen, C Zhu, ...","Promoting energy transfer via manipulation of crystallization kinetics of quasi‐2D perovskites for efficient green light‐emitting diodes",2021,"Advanced Materials","","","https://scholar.google.com/scholar?oi=bibs&hl=en&cites=15488037185347883228",90,"2023-03-01 19:22:46","Journal article","","","https://scholar.google.com/citations?view_op=view_citation&hl=en&user=DcxL9_wAAAAJ&pagesize=100&citation_for_view=DcxL9_wAAAAJ:FAceZFleit8C",33,40,2102246,2102246,35,17.50,4,10,2,"","",""
35,"Y Huang, T Liu, B Wang, J Li, D Li, G Wang, Q Lian, A Amini, S Chen, ...","Antisolvent Engineering to Optimize Grain Crystallinity and Hole‐Blocking Capability of Perovskite Films for High‐Performance Photovoltaics",2021,"Advanced Materials","","","https://scholar.google.com/scholar?oi=bibs&hl=en&cites=9942335477085439654",91,"2023-03-01 19:22:46","Journal article","","","https://scholar.google.com/citations?view_op=view_citation&hl=en&user=DcxL9_wAAAAJ&pagesize=100&citation_for_view=DcxL9_wAAAAJ:GtLg2Ama23sC",33,38,2102816,2102816,35,17.50,4,10,2,"","",""
35,"M Sun, C Liang, Z Tian, EV Ushakova, D Li, G Xing, S Qu, AL Rogach","Realization of the photostable intrinsic core emission from carbon dots through surface deoxidation by ultraviolet irradiation",2019,"The journal of physical chemistry letters","","","https://scholar.google.com/scholar?oi=bibs&hl=en&cites=10215583127422573639",92,"2023-03-01 19:22:46","Journal article","","","https://scholar.google.com/citations?view_op=view_citation&hl=en&user=DcxL9_wAAAAJ&pagesize=100&citation_for_view=DcxL9_wAAAAJ:eflP2zaiRacC",10,11,3094,3100,35,8.75,4,8,4,"","",""
34,"J Chen, Q Zhang, J Shi, S Zhang, W Du, Y Mi, Q Shang, P Liu, X Sui, ...","Room temperature continuous-wave excited biexciton emission in perovskite nanoplatelets via plasmonic nonlinear fano resonance",2019,"Communications Physics","","","https://scholar.google.com/scholar?oi=bibs&hl=en&cites=254024600104031701",93,"2023-03-01 19:22:46","Journal article","","","https://scholar.google.com/citations?view_op=view_citation&hl=en&user=DcxL9_wAAAAJ&pagesize=100&citation_for_view=DcxL9_wAAAAJ:V3AGJWp-ZtQC",2,1,80,80,34,8.50,3,10,4,"","",""
34,"G Xing, S Chakrabortty, KL Chou, N Mishra, CHA Huan, Y Chan, TC Sum","Enhanced tunability of the multiphoton absorption cross-section in seeded CdSe/CdS nanorod heterostructures",2010,"Applied Physics Letters","","","https://scholar.google.com/scholar?oi=bibs&hl=en&cites=597883246707954077",94,"2023-03-01 19:22:46","Journal article","","","https://scholar.google.com/citations?view_op=view_citation&hl=en&user=DcxL9_wAAAAJ&pagesize=100&citation_for_view=DcxL9_wAAAAJ:_FxGoFyzp5QC",97,6,61112,61112,34,2.62,5,7,13,"","",""
33,"Z Sha, Y Teng, LH Poh, Q Pei, G Xing, H Gao","Notch strengthening in nanoscale metallic glasses",2019,"Acta Materialia","","","https://scholar.google.com/scholar?oi=bibs&hl=en&cites=3740517061241885592",95,"2023-03-01 19:22:46","Journal article","","","https://scholar.google.com/citations?view_op=view_citation&hl=en&user=DcxL9_wAAAAJ&pagesize=100&citation_for_view=DcxL9_wAAAAJ:BrmTIyaxlBUC",169,,147,154,33,8.25,6,6,4,"","",""
33,"Q Zhang, X Liu, MIB Utama, G Xing, TC Sum, Q Xiong","Phonon‐assisted anti‐stokes lasing in ZnTe nanoribbons",2016,"Advanced Materials","","","https://scholar.google.com/scholar?oi=bibs&hl=en&cites=9342336509746628147",96,"2023-03-01 19:22:46","Journal article","","","https://scholar.google.com/citations?view_op=view_citation&hl=en&user=DcxL9_wAAAAJ&pagesize=100&citation_for_view=DcxL9_wAAAAJ:lSLTfruPkqcC",28,2,276,283,33,4.71,6,6,7,"","",""
32,"M Chen, Q Liu, Y Zhang, G Xing, SL Chou, Y Tang","Emerging polyanionic and organic compounds for high energy density, non-aqueous potassium-ion batteries",2020,"Journal of Materials Chemistry A","","","https://scholar.google.com/scholar?oi=bibs&hl=en&cites=4436649000956162578",97,"2023-03-01 19:22:46","Journal article","","","https://scholar.google.com/citations?view_op=view_citation&hl=en&user=DcxL9_wAAAAJ&pagesize=100&citation_for_view=DcxL9_wAAAAJ:5awf1xo2G04C",8,32,16061,16080,32,10.67,5,6,3,"","",""
32,"G Xing, W Ji, Y Zheng, JY Ying","High efficiency and nearly cubic power dependence of below-band-edge photoluminescence in water-soluble, copperdoped ZnSe/ZnS Quantum dots",2008,"Optics Express","","","https://scholar.google.com/scholar?oi=bibs&hl=en&cites=5391444770324383258",98,"2023-03-01 19:22:46","Journal article","","","https://scholar.google.com/citations?view_op=view_citation&hl=en&user=DcxL9_wAAAAJ&pagesize=100&citation_for_view=DcxL9_wAAAAJ:IjCSPb-OGe4C",16,8,5715,5720,32,2.13,8,4,15,"","",""
31,"S Wang, Z Zhang, Z Tang, C Su, W Huang, Y Li, G Xing","Polymer strategies for high-efficiency and stable perovskite solar cells",2021,"Nano Energy","","","https://scholar.google.com/scholar?oi=bibs&hl=en&cites=15344547731095059980",99,"2023-03-01 19:22:46","Journal article","","","https://scholar.google.com/citations?view_op=view_citation&hl=en&user=DcxL9_wAAAAJ&pagesize=100&citation_for_view=DcxL9_wAAAAJ:kuK5TVdYjLIC",82,,105712,105712,31,15.50,4,7,2,"","",""
31,"M Chen, Y Zhang, G Xing, Y Tang","Building high power density of sodium-ion batteries: importance of multidimensional diffusion pathways in cathode materials",2020,"Frontiers in Chemistry","","","https://scholar.google.com/scholar?oi=bibs&hl=en&cites=18193619129384778466",100,"2023-03-01 19:22:46","Journal article","","","https://scholar.google.com/citations?view_op=view_citation&hl=en&user=DcxL9_wAAAAJ&pagesize=100&citation_for_view=DcxL9_wAAAAJ:ye4kPcJQO24C",8,,152,152,31,10.33,8,4,3,"","",""
31,"S Peng, S Wang, D Zhao, X Li, C Liang, J Xia, T Zhang, G Xing, Z Tang","Pure Bromide‐Based Perovskite Nanoplatelets for Blue Light‐Emitting Diodes",2019,"Small Methods","","","https://scholar.google.com/scholar?oi=bibs&hl=en&cites=13551926891658160178",101,"2023-03-01 19:22:46","Journal article","","","https://scholar.google.com/citations?view_op=view_citation&hl=en&user=DcxL9_wAAAAJ&cstart=100&pagesize=100&citation_for_view=DcxL9_wAAAAJ:D_sINldO8mEC",3,10,1900196,1900196,31,7.75,3,9,4,"","",""
31,"N Mishra, B Mukherjee, G Xing, S Chakrabortty, A Guchhait, JY Lim","Cation exchange synthesis of uniform PbSe/PbS core/shell tetra-pods and their use as near-infrared photodetectors",2016,"Nanoscale","","","https://scholar.google.com/scholar?oi=bibs&hl=en&cites=17796100750970062473",102,"2023-03-01 19:22:46","Journal article","","","https://scholar.google.com/citations?view_op=view_citation&hl=en&user=DcxL9_wAAAAJ&cstart=100&pagesize=100&citation_for_view=DcxL9_wAAAAJ:pqnbT2bcN3wC",8,29,14203,14212,31,4.43,5,6,7,"","",""
30,"S Peng, Z Wen, T Ye, X Xiao, K Wang, J Xia, J Sun, T Zhang, G Mei, H Liu, ...","Effective Surface Ligand-Concentration Tuning of Deep-Blue Luminescent FAPbBr3 Nanoplatelets with Enhanced Stability and Charge Transport",2020,"ACS applied materials &interfaces","","","https://scholar.google.com/scholar?oi=bibs&hl=en&cites=11137468675187282929",103,"2023-03-01 19:22:46","Journal article","","","https://scholar.google.com/citations?view_op=view_citation&hl=en&user=DcxL9_wAAAAJ&cstart=100&pagesize=100&citation_for_view=DcxL9_wAAAAJ:fEOibwPWpKIC",12,28,31863,31874,30,10.00,3,11,3,"","",""
30,"C Liang, D Zhao, P Li, B Wu, H Gu, J Zhang, TW Goh, S Chen, Y Chen, ...","Simultaneously boost diffusion length and stability of perovskite for high performance solar cells",2019,"Nano Energy","","","https://scholar.google.com/scholar?oi=bibs&hl=en&cites=17602686450542814428",104,"2023-03-01 19:22:46","Journal article","","","https://scholar.google.com/citations?view_op=view_citation&hl=en&user=DcxL9_wAAAAJ&cstart=100&pagesize=100&citation_for_view=DcxL9_wAAAAJ:5Ul4iDaHHb8C",59,,721,729,30,7.50,3,10,4,"","",""
30,"H Pan, G Xing, Z Ni, W Ji, YP Feng, Z Tang, DHC Chua, J Lin, Z Shen","Stimulated emission of CdS nanowires grown by thermal evaporation",2007,"Applied Physics Letters","","","https://scholar.google.com/scholar?oi=bibs&hl=en&cites=2779025738027454278",105,"2023-03-01 19:22:46","Journal article","","","https://scholar.google.com/citations?view_op=view_citation&hl=en&user=DcxL9_wAAAAJ&cstart=100&pagesize=100&citation_for_view=DcxL9_wAAAAJ:qjMakFHDy7sC",91,19,193105,193105,30,1.88,3,9,16,"","",""
29,"L Sun, X Xu, S Song, Y Zhang, C Miao, X Liu, G Xing, S Zhang","Medium‐Bandgap conjugated polymer donors for organic photovoltaics",2019,"Macromolecular Rapid Communications","","","https://scholar.google.com/scholar?oi=bibs&hl=en&cites=9754554163919476952",106,"2023-03-01 19:22:46","Journal article","","","https://scholar.google.com/citations?view_op=view_citation&hl=en&user=DcxL9_wAAAAJ&cstart=100&pagesize=100&citation_for_view=DcxL9_wAAAAJ:q3oQSFYPqjQC",40,14,1900074,1900074,29,7.25,4,8,4,"","",""
29,"F Yan, G Xing, R Chen, HV Demir, H Sun, TC Sum, XW Sun","Efficient three-color white organic light-emitting diodes with a spaced multilayer emitting structure",2015,"Applied Physics Letters 106 (2), 4_","","","https://scholar.google.com/scholar?oi=bibs&hl=en&cites=14863834101289368693",107,"2023-03-01 19:22:46","Journal article","","","https://scholar.google.com/citations?view_op=view_citation&hl=en&user=DcxL9_wAAAAJ&cstart=100&pagesize=100&citation_for_view=DcxL9_wAAAAJ:TFP_iSt0sucC",1,,,,29,3.63,4,7,8,"","",""
28,"H Lin, Q Wei, KW Ng, JY Dong, JL Li, WW Liu, SS Yan, S Chen, GC Xing, ...","Stable and Efficient Blue‐Emitting CsPbBr3 Nanoplatelets with Potassium Bromide Surface Passivation",2021,"Small","","","https://scholar.google.com/scholar?oi=bibs&hl=en&cites=7773672099427991101",108,"2023-03-01 19:22:46","Journal article","","","https://scholar.google.com/citations?view_op=view_citation&hl=en&user=DcxL9_wAAAAJ&cstart=100&pagesize=100&citation_for_view=DcxL9_wAAAAJ:_axFR9aDTf0C",17,43,2101359,2101359,28,14.00,3,10,2,"","",""
28,"XY Zhang, GT Pang, GC Xing, R Chen","Temperature dependent optical characteristics of all-inorganic CsPbBr3 nanocrystals film",2020,"Materials Today Physics","","","https://scholar.google.com/scholar?oi=bibs&hl=en&cites=18418217936250765948",109,"2023-03-01 19:22:46","Journal article","","","https://scholar.google.com/citations?view_op=view_citation&hl=en&user=DcxL9_wAAAAJ&cstart=100&pagesize=100&citation_for_view=DcxL9_wAAAAJ:0KyAp5RtaNEC",15,,100259,100259,28,9.33,7,4,3,"","",""
28,"Y Li, C Liang, G Wang, J Li, S Chen, S Yang, G Xing, H Pan","Two-step solvent post-treatment on PTAA for highly efficient and stable inverted perovskite solar cells",2020,"Photonics Research 8 (10), A39-A","","","https://scholar.google.com/scholar?oi=bibs&hl=en&cites=14618816235329305868",110,"2023-03-01 19:22:46","Journal article","","","https://scholar.google.com/citations?view_op=view_citation&hl=en&user=DcxL9_wAAAAJ&cstart=100&pagesize=100&citation_for_view=DcxL9_wAAAAJ:URolC5Kub84C",49,,,,28,9.33,4,8,3,"","",""
28,"G Xing, J Luo, H Li, B Wu, X Liu, CHA Huan, HJ Fan, TC Sum","Ultrafast exciton dynamics and two‐photon pumped lasing from ZnSe nanowires",2013,"Advanced Optical Materials","","","https://scholar.google.com/scholar?oi=bibs&hl=en&cites=8953627078235601501",111,"2023-03-01 19:22:46","Journal article","","","https://scholar.google.com/citations?view_op=view_citation&hl=en&user=DcxL9_wAAAAJ&cstart=100&pagesize=100&citation_for_view=DcxL9_wAAAAJ:aqlVkmm33-oC",1,4,319,326,28,2.80,4,8,10,"","",""
28,"V Mamidala, G Xing, W Ji","Surface Plasmon Enhanced Third-Order Nonlinear Optical Effects in Ag−Fe3O4 Nanocomposites",2010,"The Journal of Physical Chemistry C","","","https://scholar.google.com/scholar?oi=bibs&hl=en&cites=10671586514975501748",112,"2023-03-01 19:22:46","Journal article","","","https://scholar.google.com/citations?view_op=view_citation&hl=en&user=DcxL9_wAAAAJ&cstart=100&pagesize=100&citation_for_view=DcxL9_wAAAAJ:ufrVoPGSRksC",114,51,22466,22471,28,2.15,9,3,13,"","",""
27,"SN Vijayaraghavan, J Wall, L Li, G Xing, Q Zhang, F Yan","Low-temperature processed highly efficient hole transport layer free carbon-based planar perovskite solar cells with SnO2 quantum dot electron transport layer",2020,"Materials Today Physics","","","https://scholar.google.com/scholar?oi=bibs&hl=en&cites=8443329240637392099",113,"2023-03-01 19:22:46","Journal article","","","https://scholar.google.com/citations?view_op=view_citation&hl=en&user=DcxL9_wAAAAJ&cstart=100&pagesize=100&citation_for_view=DcxL9_wAAAAJ:lmc2jWPfTJgC",13,,100204,100204,27,9.00,5,6,3,"","",""
27,"H Jin, S Choi, G Xing, JH Lee, Y Kwon, WK Chong, TC Sum, HM Jang, ...","SnS44–, SbS43–, and AsS33– Metal Chalcogenide Surface Ligands: Couplings to Quantum Dots, Electron Transfers, and All-Inorganic Multilayered Quantum …",2015,"Journal of the American Chemical Society","","","https://scholar.google.com/scholar?oi=bibs&hl=en&cites=6019245976789000914",114,"2023-03-01 19:22:46","Journal article","","","https://scholar.google.com/citations?view_op=view_citation&hl=en&user=DcxL9_wAAAAJ&cstart=100&pagesize=100&citation_for_view=DcxL9_wAAAAJ:NaGl4SEjCO4C",137,43,13827,13835,27,3.38,3,9,8,"","",""
26,"X Li, K Wang, M Chen, S Wang, Y Fan, T Liang, Q Song, G Xing, Z Tang","Stable whispering gallery mode lasing from solution‐processed formamidinium lead bromide perovskite microdisks",2020,"Advanced Optical Materials","","","https://scholar.google.com/scholar?oi=bibs&hl=en&cites=3188901700875737925",115,"2023-03-01 19:22:46","Journal article","","","https://scholar.google.com/citations?view_op=view_citation&hl=en&user=DcxL9_wAAAAJ&cstart=100&pagesize=100&citation_for_view=DcxL9_wAAAAJ:7T2F9Uy0os0C",8,15,2000030,2000030,26,8.67,3,9,3,"","",""
26,"X Cao, G Zhang, Y Cai, L Jiang, X He, Q Zeng, J Wei, Y Jia, G Xing, ...","All Green Solvents for Fabrication of CsPbBr3 Films for Efficient Solar Cells Guided by the Hansen Solubility Theory",2020,"Solar RRL","","","https://scholar.google.com/scholar?oi=bibs&hl=en&cites=5786118126211211060",116,"2023-03-01 19:22:46","Journal article","","","https://scholar.google.com/citations?view_op=view_citation&hl=en&user=DcxL9_wAAAAJ&cstart=100&pagesize=100&citation_for_view=DcxL9_wAAAAJ:9vf0nzSNQJEC",4,4,2000008,2000008,26,8.67,3,10,3,"","",""
26,"J Li, J Xia, Y Liu, S Zhang, C Teng, X Zhang, B Liu, S Zhao, S Zhao, B Li, ...","Ultrasensitive Organic‐Modulated CsPbBr3 Quantum Dot Photodetectors via Fast Interfacial Charge Transfer",2020,"Advanced Materials Interfaces","","","https://scholar.google.com/scholar?oi=bibs&hl=en&cites=12227830492345893241",117,"2023-03-01 19:22:46","Journal article","","","https://scholar.google.com/citations?view_op=view_citation&hl=en&user=DcxL9_wAAAAJ&cstart=100&pagesize=100&citation_for_view=DcxL9_wAAAAJ:tkaPQYYpVKoC",7,2,1901741,1901741,26,8.67,3,11,3,"","",""
25,"G Wu, R Liang, Z Zhang, M Ge, G Xing, G Sun","2D hybrid halide perovskites: Structure, properties, and applications in solar cells",2021,"Small","","","https://scholar.google.com/scholar?oi=bibs&hl=en&cites=17983753196831551427",118,"2023-03-01 19:22:46","Journal article","","","https://scholar.google.com/citations?view_op=view_citation&hl=en&user=DcxL9_wAAAAJ&cstart=100&pagesize=100&citation_for_view=DcxL9_wAAAAJ:4hFrxpcac9AC",17,43,2103514,2103514,25,12.50,4,6,2,"","",""
25,"H Gu, C Liang, Y Xia, Q Wei, T Liu, Y Yang, W Hui, H Chen, T Niu, L Chao, ...","Nanoscale hybrid multidimensional perovskites with alternating cations for high performance photovoltaic",2019,"Nano Energy","","","https://scholar.google.com/scholar?oi=bibs&hl=en&cites=5111686776211281257",119,"2023-03-01 19:22:46","Journal article","","","https://scholar.google.com/citations?view_op=view_citation&hl=en&user=DcxL9_wAAAAJ&cstart=100&pagesize=100&citation_for_view=DcxL9_wAAAAJ:XiVPGOgt02cC",65,,104050,104050,25,6.25,3,11,4,"","",""
25,"J Yu, JL Ornelas, Y Tang, MA Uddin, H Guo, S Yu, Y Wang, HY Woo, ...","2, 1, 3-Benzothiadiazole-5, 6-dicarboxylicimide-based polymer semiconductors for organic thin-film transistors and polymer solar cells",2017,"ACS applied materials &interfaces","","","https://scholar.google.com/scholar?oi=bibs&hl=en&cites=12511896232942794276",120,"2023-03-01 19:22:46","Journal article","","","https://scholar.google.com/citations?view_op=view_citation&hl=en&user=DcxL9_wAAAAJ&cstart=100&pagesize=100&citation_for_view=DcxL9_wAAAAJ:EUQCXRtRnyEC",9,48,42167,42178,25,4.17,3,9,6,"","",""
25,"S Chakrabortty, G Xing, Y Xu, SW Ngiam, N Mishra, TC Sum, Y Chan","Engineering fluorescence in Au-tipped, CdSe-seeded CdS nanoheterostructures",2011,"","","","https://scholar.google.com/scholar?oi=bibs&hl=en&cites=12090266296529255069",121,"2023-03-01 19:22:46","","","","https://scholar.google.com/citations?view_op=view_citation&hl=en&user=DcxL9_wAAAAJ&cstart=100&pagesize=100&citation_for_view=DcxL9_wAAAAJ:UebtZRa9Y70C",,,,,25,2.08,4,7,12,"","",""
24,"H Wang, J Huang, MA Uddin, B Liu, P Chen, S Shi, Y Tang, G Xing, ...","Cyano-substituted head-to-head polythiophenes: Enabling high-performance n-type organic thin-film transistors",2019,"ACS applied materials &interfaces","","","https://scholar.google.com/scholar?oi=bibs&hl=en&cites=4856238772250542995",122,"2023-03-01 19:22:46","Journal article","","","https://scholar.google.com/citations?view_op=view_citation&hl=en&user=DcxL9_wAAAAJ&cstart=100&pagesize=100&citation_for_view=DcxL9_wAAAAJ:sSrBHYA8nusC",11,10,10089,10098,24,6.00,3,9,4,"","",""
24,"JQ Chen, X Wang, YH Lu, A Roy Barman, GJ You, GC Xing, TC Sum, ...","Defect dynamics and spectral observation of twinning in single crystalline  under subbandgap excitation",2011,"Applied Physics Letters","","","https://scholar.google.com/scholar?oi=bibs&hl=en&cites=5626553938695967251",123,"2023-03-01 19:22:46","Journal article","","","https://scholar.google.com/citations?view_op=view_citation&hl=en&user=DcxL9_wAAAAJ&cstart=100&pagesize=100&citation_for_view=DcxL9_wAAAAJ:ZeXyd9-uunAC",98,4,41904,41904,24,2.00,3,8,12,"","",""
24,"XB Feng, GC Xing, W Ji","Two-photon-enhanced three-photon absorption in transition-metal-doped semiconductor quantum dots",2009,"Journal of Optics A: Pure and Applied Optics","","","https://scholar.google.com/scholar?oi=bibs&hl=en&cites=16963952964570327039",124,"2023-03-01 19:22:46","Journal article","","","https://scholar.google.com/citations?view_op=view_citation&hl=en&user=DcxL9_wAAAAJ&cstart=100&pagesize=100&citation_for_view=DcxL9_wAAAAJ:WF5omc3nYNoC",11,2,24004,24004,24,1.71,8,3,14,"","",""
23,"J Zhao, JI Wong, J Gao, G Li, G Xing, H Zhang, TC Sum, HY Yang, Y Zhao, ...","Larger π-extended anti-/syn-aroylenediimidazole polyaromatic compounds: synthesis, physical properties, self-assembly, and quasi-linear conjugation effect",2014,"RSC Advances","","","https://scholar.google.com/scholar?oi=bibs&hl=en&cites=8650610108420415693",125,"2023-03-01 19:22:46","Journal article","","","https://scholar.google.com/citations?view_op=view_citation&hl=en&user=DcxL9_wAAAAJ&cstart=100&pagesize=100&citation_for_view=DcxL9_wAAAAJ:e5wmG9Sq2KIC",4,34,17822,17831,23,2.56,2,10,9,"","",""
22,"H He, S Mei, Z Wen, D Yang, B Yang, W Zhang, F Xie, G Xing, R Guo","Recent Advances in Blue Perovskite Quantum Dots for Light‐Emitting Diodes",2022,"Small","","","https://scholar.google.com/scholar?oi=bibs&hl=en&cites=9267662539383236014",126,"2023-03-01 19:22:46","Journal article","","","https://scholar.google.com/citations?view_op=view_citation&hl=en&user=DcxL9_wAAAAJ&cstart=100&pagesize=100&citation_for_view=DcxL9_wAAAAJ:6ZxmRoH8BuwC",18,1,2103527,2103527,22,22.00,2,9,1,"","",""
22,"E Liu, T Liang, EV Ushakova, B Wang, B Zhang, H Zhou, G Xing, C Wang, ...","Enhanced near-infrared emission from carbon dots by surface deprotonation",2020,"The Journal of Physical Chemistry Letters","","","https://scholar.google.com/scholar?oi=bibs&hl=en&cites=10440008895577203550",127,"2023-03-01 19:22:46","Journal article","","","https://scholar.google.com/citations?view_op=view_citation&hl=en&user=DcxL9_wAAAAJ&cstart=100&pagesize=100&citation_for_view=DcxL9_wAAAAJ:TIZ-Mc8IlK0C",12,1,604,611,22,7.33,2,9,3,"","",""
22,"B Wu, X Liu, TZ Oo, G Xing, N Mathews, TC Sum","Resonant aluminum nanodisk array for enhanced tunable broadband light trapping in ultrathin bulk heterojunction organic photovoltaic devices",2012,"Plasmonics","","","https://scholar.google.com/scholar?oi=bibs&hl=en&cites=16690482442339872797",128,"2023-03-01 19:22:46","Journal article","","","https://scholar.google.com/citations?view_op=view_citation&hl=en&user=DcxL9_wAAAAJ&cstart=100&pagesize=100&citation_for_view=DcxL9_wAAAAJ:8k81kl-MbHgC",7,,677,684,22,2.00,4,6,11,"","",""
21,"C Liang, P Li, H Gu, Y Zhang, F Li, Y Song, G Shao, N Mathews, G Xing","One‐Step Inkjet Printed Perovskite in Air for Efficient Light Harvesting (Solar RRL 2∕ 2018)",2018,"Solar RRL","","","https://scholar.google.com/scholar?oi=bibs&hl=en&cites=14558826128709355970",129,"2023-03-01 19:22:46","Journal article","","","https://scholar.google.com/citations?view_op=view_citation&hl=en&user=DcxL9_wAAAAJ&cstart=100&pagesize=100&citation_for_view=DcxL9_wAAAAJ:dshw04ExmUIC",2,2,1770150,1770150,21,4.20,2,9,5,"","",""
21,"TZ Oo, N Mathews, TL Tam, GC Xing, TC Sum, A Sellinger, LH Wong, ...","Investigation of photophysical, morphological and photovoltaic behavior of poly (p-phenylene vinylene) based polymer/oligomer blends",2010,"Thin Solid Films","","","https://scholar.google.com/scholar?oi=bibs&hl=en&cites=9393367407542353124",130,"2023-03-01 19:22:46","Journal article","","","https://scholar.google.com/citations?view_op=view_citation&hl=en&user=DcxL9_wAAAAJ&cstart=100&pagesize=100&citation_for_view=DcxL9_wAAAAJ:IWHjjKOFINEC",518,18,5292,5299,21,1.62,3,8,13,"","",""
21,"A Chen, SJ Chua, GC Xing, W Ji, XH Zhang, JR Dong, LK Jian, ...","Two-dimensional  photonic crystal membrane lasers operating in the visible regime at room temperature",2007,"Applied physics letters","","","https://scholar.google.com/scholar?oi=bibs&hl=en&cites=16028370009557277449",132,"2023-03-01 19:22:46","Journal article","","","https://scholar.google.com/citations?view_op=view_citation&hl=en&user=DcxL9_wAAAAJ&cstart=100&pagesize=100&citation_for_view=DcxL9_wAAAAJ:eQOLeE2rZwMC",90,1,11113,11113,21,1.31,3,8,16,"","",""
20,"B Yang, S Mei, H He, Y Zhu, R Hu, J Zou, G Xing, R Guo","Lead oxide enables lead volatilization pollution inhibition and phase purity modulation in perovskite quantum dots embedded borosilicate glass",2022,"Journal of the European Ceramic Society","","","https://scholar.google.com/scholar?oi=bibs&hl=en&cites=3893532913470258613",133,"2023-03-01 19:22:46","Journal article","","","https://scholar.google.com/citations?view_op=view_citation&hl=en&user=DcxL9_wAAAAJ&cstart=100&pagesize=100&citation_for_view=DcxL9_wAAAAJ:a9-T7VOCCH8C",42,1,258,265,20,20.00,3,8,1,"","",""
20,"M Li, Q Shang, C Li, S Li, Y Liang, W Yu, C Wu, L Zhao, Y Zhong, W Du, ...","High Optical Gain of Solution‐Processed Mixed‐Cation CsPbBr3 Thin Films towards Enhanced Amplified Spontaneous Emission",2021,"Advanced Functional Materials","","","https://scholar.google.com/scholar?oi=bibs&hl=en&cites=14168594567042224978",134,"2023-03-01 19:22:46","Journal article","","","https://scholar.google.com/citations?view_op=view_citation&hl=en&user=DcxL9_wAAAAJ&cstart=100&pagesize=100&citation_for_view=DcxL9_wAAAAJ:edDO8Oi4QzsC",31,25,2102210,2102210,20,10.00,2,11,2,"","",""
20,"S Peng, Q Wei, B Wang, Z Zhang, H Yang, G Pang, K Wang, G Xing, ...","Suppressing Strong Exciton–Phonon Coupling in Blue Perovskite Nanoplatelet Solids by Binary Systems",2020,"Angewandte Chemie International Edition","","","https://scholar.google.com/scholar?oi=bibs&hl=en&cites=15174073839731388230",135,"2023-03-01 19:22:46","Journal article","","","https://scholar.google.com/citations?view_op=view_citation&hl=en&user=DcxL9_wAAAAJ&cstart=100&pagesize=100&citation_for_view=DcxL9_wAAAAJ:EkHepimYqZsC",59,49,22156,22162,20,6.67,2,9,3,"","",""
20,"H Du, K Wang, L Zhao, C Xue, M Zhang, W Wen, G Xing, J Wu","Size-controlled patterning of single-crystalline perovskite arrays toward a tunable high-performance microlaser",2019,"ACS applied materials &interfaces","","","https://scholar.google.com/scholar?oi=bibs&hl=en&cites=15706618205124621638",136,"2023-03-01 19:22:46","Journal article","","","https://scholar.google.com/citations?view_op=view_citation&hl=en&user=DcxL9_wAAAAJ&cstart=100&pagesize=100&citation_for_view=DcxL9_wAAAAJ:PELIpwtuRlgC",12,2,2662,2670,20,5.00,3,8,4,"","",""
20,"H Li, L Xu, Y Tang, Y Tao, S Xu, C Zheng, G Xing, X Zhou, W Huang, ...","Direct silicon–nitrogen bonded host materials with enhanced σ–π conjugation for blue phosphorescent organic light-emitting diodes",2016,"Journal of Materials Chemistry C","","","https://scholar.google.com/scholar?oi=bibs&hl=en&cites=4507488874106257806",137,"2023-03-01 19:22:46","Journal article","","","https://scholar.google.com/citations?view_op=view_citation&hl=en&user=DcxL9_wAAAAJ&cstart=100&pagesize=100&citation_for_view=DcxL9_wAAAAJ:fPk4N6BV_jEC",4,42,10047,10052,20,2.86,2,10,7,"","",""
19,"Z Zhang, B Wang, HB Zhao, JF Liao, ZC Zhou, T Liu, B He, Q Wei, S Chen, ...","Self-assembled lead-free double perovskite-MXene heterostructure with efficient charge separation for photocatalytic CO2 reduction",2022,"Applied Catalysis B: Environmental","","","https://scholar.google.com/scholar?oi=bibs&hl=en&cites=1262415824491823263",138,"2023-03-01 19:22:46","Journal article","","","https://scholar.google.com/citations?view_op=view_citation&hl=en&user=DcxL9_wAAAAJ&cstart=100&pagesize=100&citation_for_view=DcxL9_wAAAAJ:ODE9OILHJdcC",312,,121358,121358,19,19.00,2,10,1,"","",""
19,"G Wang, S Mei, J Liao, W Wang, Y Tang, Q Zhang, Z Tang, B Wu, G Xing","Advances of Nonlinear Photonics in Low‐Dimensional Halide Perovskites",2021,"Small","","","https://scholar.google.com/scholar?oi=bibs&hl=en&cites=3243420649321899898",139,"2023-03-01 19:22:46","Journal article","","","https://scholar.google.com/citations?view_op=view_citation&hl=en&user=DcxL9_wAAAAJ&cstart=100&pagesize=100&citation_for_view=DcxL9_wAAAAJ:86PQX7AUzd4C",17,43,2100809,2100809,19,9.50,2,9,2,"","",""
19,"Q Wei, J Yin, OM Bakr, Z Wang, C Wang, OF Mohammed, M Li, G Xing","Effect of Zinc‐doping on the Reduction of the Hot‐carrier Cooling Rate in Halide Perovskites",2021,"Angewandte Chemie International Edition","","","https://scholar.google.com/scholar?oi=bibs&hl=en&cites=10029045310327278970",140,"2023-03-01 19:22:46","Journal article","","","https://scholar.google.com/citations?view_op=view_citation&hl=en&user=DcxL9_wAAAAJ&cstart=100&pagesize=100&citation_for_view=DcxL9_wAAAAJ:e_rmSamDkqQC",60,19,10957,10963,19,9.50,2,8,2,"","",""
19,"C Liang, KMM Salim, P Li, Z Wang, TM Koh, H Gu, B Wu, J Xia, Z Zhang, ...","Controlling the film structure by regulating 2D Ruddlesden–Popper perovskite formation enthalpy for efficient and stable tri-cation perovskite solar cells",2020,"Journal of Materials Chemistry A","","","https://scholar.google.com/scholar?oi=bibs&hl=en&cites=11604338637321971166",141,"2023-03-01 19:22:46","Journal article","","","https://scholar.google.com/citations?view_op=view_citation&hl=en&user=DcxL9_wAAAAJ&cstart=100&pagesize=100&citation_for_view=DcxL9_wAAAAJ:VL0QpB8kHFEC",8,12,5874,5881,19,6.33,2,10,3,"","",""
19,"B Du, Y Xia, Q Wei, G Xing, Y Chen, W Huang","All‐Inorganic Perovskite Nanocrystals‐Based Light Emitting Diodes and Solar Cells",2019,"ChemNanoMat","","","https://scholar.google.com/scholar?oi=bibs&hl=en&cites=11468252832850283087",142,"2023-03-01 19:22:46","Journal article","","","https://scholar.google.com/citations?view_op=view_citation&hl=en&user=DcxL9_wAAAAJ&cstart=100&pagesize=100&citation_for_view=DcxL9_wAAAAJ:08ZZubdj9fEC",5,3,266,277,19,4.75,3,6,4,"","",""
19,"Y Zhong, Q Wei, Z Liu, Q Shang, L Zhao, R Shao, Z Zhang, J Chen, W Du, ...","Low threshold Fabry–Perot mode lasing from lead iodide trapezoidal nanoplatelets",2018,"Small","","","https://scholar.google.com/scholar?oi=bibs&hl=en&cites=6708326974831582338",143,"2023-03-01 19:22:46","Journal article","","","https://scholar.google.com/citations?view_op=view_citation&hl=en&user=DcxL9_wAAAAJ&cstart=100&pagesize=100&citation_for_view=DcxL9_wAAAAJ:uWQEDVKXjbEC",14,35,1801938,1801938,19,3.80,2,10,5,"","",""
18,"X Wu, G Xing, SLJ Tan, RD Webster, TC Sum, EKL Yeow","Hole transfer dynamics from dye molecules to p-type NiO nanoparticles: effects of processing conditions",2012,"Physical Chemistry Chemical Physics","","","https://scholar.google.com/scholar?oi=bibs&hl=en&cites=702833603698306053",144,"2023-03-01 19:22:46","Journal article","","","https://scholar.google.com/citations?view_op=view_citation&hl=en&user=DcxL9_wAAAAJ&cstart=100&pagesize=100&citation_for_view=DcxL9_wAAAAJ:0EnyYjriUFMC",14,26,9511,9519,18,1.64,3,6,11,"","",""
17,"H He, S Mei, Z Chen, S Liu, Z Wen, Z Cui, D Yang, W Zhang, F Xie, ...","Thioacetamide-ligand-mediated synthesis of CsPbBr 3–CsPbBr 3 homostructured nanocrystals with enhanced stability",2021,"Journal of Materials Chemistry C","","","https://scholar.google.com/scholar?oi=bibs&hl=en&cites=3546952956461214322",145,"2023-03-01 19:22:46","Journal article","","","https://scholar.google.com/citations?view_op=view_citation&hl=en&user=DcxL9_wAAAAJ&cstart=100&pagesize=100&citation_for_view=DcxL9_wAAAAJ:kh2fBNsKQNwC",9,34,11349,11357,17,8.50,2,10,2,"","",""
17,"Y Wang, L Chao, T Niu, D Li, Q Wei, H Wu, J Qiu, H Lu, C Ran, Q Zhong, ...","Efficient and Stable Perovskite Solar Cells by Fluorinated Ionic Liquid–Induced Component Interaction",2021,"Solar RRL","","","https://scholar.google.com/scholar?oi=bibs&hl=en&cites=17082493345825206419",146,"2023-03-01 19:22:46","Journal article","","","https://scholar.google.com/citations?view_op=view_citation&hl=en&user=DcxL9_wAAAAJ&cstart=100&pagesize=100&citation_for_view=DcxL9_wAAAAJ:vbGhcppDl1QC",5,1,2000582,2000582,17,8.50,2,11,2,"","",""
17,"Z Zhang, F Sun, Z Zhu, J Dai, K Gao, Q Wei, X Shi, Q Sun, Y Yan, H Li, ...","Unconventional solution-phase epitaxial growth of organic-inorganic hybrid perovskite nanocrystals on metal sulfide nanosheets",2019,"SCIENCE PRESS, 16 DONGHUANGCHENGGEN NORTH ST, BEIJING 100717, PEOPLES R …","","","https://scholar.google.com/scholar?oi=bibs&hl=en&cites=17018010811706829504",147,"2023-03-01 19:22:46","","","","https://scholar.google.com/citations?view_op=view_citation&hl=en&user=DcxL9_wAAAAJ&cstart=100&pagesize=100&citation_for_view=DcxL9_wAAAAJ:nb7KW1ujOQ8C",,,,,17,4.25,2,11,4,"","",""
17,"Z Wan, J Yang, Y Liu, S Wang, Y Zhong, C Li, Z Zhang, G Xing, S Huettner, ...","Cyclometalated Pt complex-based random terpolymers for efficient polymer solar cells",2017,"Polymer Chemistry","","","https://scholar.google.com/scholar?oi=bibs&hl=en&cites=5308684602328088982",148,"2023-03-01 19:22:46","Journal article","","","https://scholar.google.com/citations?view_op=view_citation&hl=en&user=DcxL9_wAAAAJ&cstart=100&pagesize=100&citation_for_view=DcxL9_wAAAAJ:p2g8aNsByqUC",8,32,4729,4737,17,2.83,2,10,6,"","",""
16,"Z Cui, S Mei, Z Wen, D Yang, S Qin, Z Xiong, B Yang, H He, R Bao, Y Qiu, ...","Synergistic effect of halogen ions and shelling temperature on anion exchange induced interfacial restructuring for highly efficient blue emissive InP/ZnS quantum dots",2022,"Small","","","https://scholar.google.com/scholar?oi=bibs&hl=en&cites=1406132166913072604",149,"2023-03-01 19:22:46","Journal article","","","https://scholar.google.com/citations?view_op=view_citation&hl=en&user=DcxL9_wAAAAJ&cstart=100&pagesize=100&citation_for_view=DcxL9_wAAAAJ:yFnVuubrUp4C",18,15,2108120,2108120,16,16.00,2,11,1,"","",""
16,"YX Zhang, GC Xing, ZD Sha, LH Poh","A two-step fused machine learning approach for the prediction of glass-forming ability of metallic glasses",2021,"Journal of Alloys and Compounds","","","https://scholar.google.com/scholar?oi=bibs&hl=en&cites=14126807297478385170",150,"2023-03-01 19:22:46","Journal article","","","https://scholar.google.com/citations?view_op=view_citation&hl=en&user=DcxL9_wAAAAJ&cstart=100&pagesize=100&citation_for_view=DcxL9_wAAAAJ:anf4URPfarAC",875,,160040,160040,16,8.00,4,4,2,"","",""
16,"Z Zhang, S Wang, X Liu, Y Chen, C Su, Z Tang, Y Li, G Xing","Metal halide perovskite/2D material heterostructures: syntheses and applications",2021,"Small Methods","","","https://scholar.google.com/scholar?oi=bibs&hl=en&cites=11441765238461948252",151,"2023-03-01 19:22:46","Journal article","","","https://scholar.google.com/citations?view_op=view_citation&hl=en&user=DcxL9_wAAAAJ&cstart=100&pagesize=100&citation_for_view=DcxL9_wAAAAJ:k8Z6L05lTy4C",5,4,2000937,2000937,16,8.00,2,8,2,"","",""
16,"JY Lek, G Xing, TC Sum, YM Lam","Electron transport limitation in P3HT: CdSe nanorods hybrid solar cells",2014,"ACS Applied Materials &Interfaces","","","https://scholar.google.com/scholar?oi=bibs&hl=en&cites=10863391030236123742",152,"2023-03-01 19:22:46","Journal article","","","https://scholar.google.com/citations?view_op=view_citation&hl=en&user=DcxL9_wAAAAJ&cstart=100&pagesize=100&citation_for_view=DcxL9_wAAAAJ:4DMP91E08xMC",6,2,894,902,16,1.78,4,4,9,"","",""
15,"Y Liu, JH Lei, G Wang, Z Zhang, J Wu, B Zhang, H Zhang, E Liu, L Wang, ...","Toward Strong Near‐Infrared Absorption/Emission from Carbon Dots in Aqueous Media through Solvothermal Fusion of Large Conjugated Perylene Derivatives with Post‐Surface Engineering",2022,"Advanced Science","","","https://scholar.google.com/scholar?oi=bibs&hl=en&cites=10832671478398776021",153,"2023-03-01 19:22:46","Journal article","","","https://scholar.google.com/citations?view_op=view_citation&hl=en&user=DcxL9_wAAAAJ&cstart=100&pagesize=100&citation_for_view=DcxL9_wAAAAJ:F9fV5C73w3QC",9,23,2202283,2202283,15,15.00,2,10,1,"","",""
15,"Y Huang, T Liu, D Li, D Zhao, A Amini, C Cheng, G Xing","Limitations and solutions for achieving high-performance perovskite tandem photovoltaics",2021,"Nano Energy","","","https://scholar.google.com/scholar?oi=bibs&hl=en&cites=4438376876443937744",154,"2023-03-01 19:22:46","Journal article","","","https://scholar.google.com/citations?view_op=view_citation&hl=en&user=DcxL9_wAAAAJ&cstart=100&pagesize=100&citation_for_view=DcxL9_wAAAAJ:5qfkUJPXOUwC",88,,106219,106219,15,7.50,2,7,2,"","",""
15,"X Cao, G Zhang, Y Cai, L Jiang, Y Chen, X He, Q Zeng, Y Jia, G Xing, ...","Enhanced performance of CsPbBr3 perovskite solar cells by reducing the conduction band offsets via a Sr-modified TiO2 layer",2020,"Applied Surface Science","","","https://scholar.google.com/scholar?oi=bibs&hl=en&cites=15767159117626823438",155,"2023-03-01 19:22:46","Journal article","","","https://scholar.google.com/citations?view_op=view_citation&hl=en&user=DcxL9_wAAAAJ&cstart=100&pagesize=100&citation_for_view=DcxL9_wAAAAJ:uJ-U7cs_P_0C",529,,147119,147119,15,5.00,2,10,3,"","",""
15,"Z Sha, W Lin, LH Poh, G Xing, Z Liu, T Wang, H Gao","Fatigue of metallic glasses",2020,"Applied Mechanics Reviews","","","https://scholar.google.com/scholar?oi=bibs&hl=en&cites=15721827051253862243",156,"2023-03-01 19:22:46","Journal article","","","https://scholar.google.com/citations?view_op=view_citation&hl=en&user=DcxL9_wAAAAJ&cstart=100&pagesize=100&citation_for_view=DcxL9_wAAAAJ:uc_IGeMz5qoC",72,5,,,15,5.00,2,7,3,"","",""
15,"B Du, Q Wei, Y Cai, T Liu, B Wu, Y Li, Y Chen, Y Xia, G Xing, W Huang","Crystal face dependent charge carrier extraction in TiO2/perovskite heterojunctions",2020,"Nano Energy","","","https://scholar.google.com/scholar?oi=bibs&hl=en&cites=390599979559063984",157,"2023-03-01 19:22:46","Journal article","","","https://scholar.google.com/citations?view_op=view_citation&hl=en&user=DcxL9_wAAAAJ&cstart=100&pagesize=100&citation_for_view=DcxL9_wAAAAJ:t6usbXjVLHcC",67,,104227,104227,15,5.00,2,10,3,"","",""
15,"X Li, X Zhang, H Li, T Liu, D Zhao, C Liang, G Xing, Z Tang","Solution‐Processed Perovskite Microdisk for Coherent Light Emission",2019,"Advanced Optical Materials","","","https://scholar.google.com/scholar?oi=bibs&hl=en&cites=2512506007406581103",158,"2023-03-01 19:22:46","Journal article","","","https://scholar.google.com/citations?view_op=view_citation&hl=en&user=DcxL9_wAAAAJ&cstart=100&pagesize=100&citation_for_view=DcxL9_wAAAAJ:mvPsJ3kp5DgC",7,19,1900678,1900678,15,3.75,2,8,4,"","",""
15,"M Li, B Wu, SA Ekahana, MIB Utama, G Xing, Q Xiong, TC Sum, X Zhang","Size and surface effects on transient photoconductivity in CdS nanobelts probed by time-resolved terahertz spectroscopy",2012,"Applied Physics Letters","","","https://scholar.google.com/scholar?oi=bibs&hl=en&cites=17461128497769807722",159,"2023-03-01 19:22:46","Journal article","","","https://scholar.google.com/citations?view_op=view_citation&hl=en&user=DcxL9_wAAAAJ&cstart=100&pagesize=100&citation_for_view=DcxL9_wAAAAJ:3fE2CSJIrl8C",101,9,91104,91104,15,1.36,2,8,11,"","",""
14,"Y Li, B Wang, T Liu, Q Zeng, D Cao, H Pan, G Xing","Interfacial engineering of PTAA/perovskites for improved crystallinity and hole extraction in inverted perovskite solar cells",2022,"ACS Applied Materials &Interfaces","","","https://scholar.google.com/scholar?oi=bibs&hl=en&cites=14447808173923648211",160,"2023-03-01 19:22:46","Journal article","","","https://scholar.google.com/citations?view_op=view_citation&hl=en&user=DcxL9_wAAAAJ&cstart=100&pagesize=100&citation_for_view=DcxL9_wAAAAJ:9c2xU6iGI7YC",14,2,3284,3292,14,14.00,2,7,1,"","",""
14,"KH Ngai, Q Wei, Z Chen, X Guo, M Qin, F Xie, CCS Chan, G Xing, X Lu, ...","Enhanced electrochemical stability by alkyldiammonium in Dion–Jacobson perovskite toward ultrastable light‐emitting diodes",2021,"Advanced Optical Materials","","","https://scholar.google.com/scholar?oi=bibs&hl=en&cites=14953835810319021533",161,"2023-03-01 19:22:46","Journal article","","","https://scholar.google.com/citations?view_op=view_citation&hl=en&user=DcxL9_wAAAAJ&cstart=100&pagesize=100&citation_for_view=DcxL9_wAAAAJ:L7CI7m0gUJcC",9,15,2100243,2100243,14,7.00,1,10,2,"","",""
14,"A Chu, H He, Z Yin, R Peng, H Yang, X Gao, D Luo, R Chen, G Xing, ...","Plasmonically enhanced upconversion luminescence via holographically formed silver nanogratings",2019,"ACS applied materials &interfaces","","","https://scholar.google.com/scholar?oi=bibs&hl=en&cites=194738079538301314",162,"2023-03-01 19:22:46","Journal article","","","https://scholar.google.com/citations?view_op=view_citation&hl=en&user=DcxL9_wAAAAJ&cstart=100&pagesize=100&citation_for_view=DcxL9_wAAAAJ:eMMeJKvmdy0C",12,1,1292,1298,14,3.50,1,10,4,"","",""
13,"H Zhang, G Wang, Z Zhang, JH Lei, TM Liu, G Xing, CX Deng, Z Tang, ...","One step synthesis of efficient red emissive carbon dots and their bovine serum albumin composites with enhanced multi-photon fluorescence for in vivo bioimaging",2022,"Light: Science &Applications","","","https://scholar.google.com/scholar?oi=bibs&hl=en&cites=1464412264170711949",163,"2023-03-01 19:22:46","Journal article","","","https://scholar.google.com/citations?view_op=view_citation&hl=en&user=DcxL9_wAAAAJ&cstart=100&pagesize=100&citation_for_view=DcxL9_wAAAAJ:fFSKOagxvKUC",11,1,113,113,13,13.00,1,9,1,"","",""
13,"C Liang, H Gu, J Xia, S Mei, P Pang, N Zhang, J Guo, R Guo, Y Shen, ...","Recent Progress in Perovskite‐Based Reversible Photon–Electricity Conversion Devices",2022,"Advanced Functional Materials","","","https://scholar.google.com/scholar?oi=bibs&hl=en&cites=2079637305475622087",164,"2023-03-01 19:22:46","Journal article","","","https://scholar.google.com/citations?view_op=view_citation&hl=en&user=DcxL9_wAAAAJ&cstart=100&pagesize=100&citation_for_view=DcxL9_wAAAAJ:IRz6iEL74y4C",32,8,2108926,2108926,13,13.00,1,10,1,"","",""
13,"R Yang, S Peng, B Lan, M Sun, Z Zhou, C Sun, Z Gao, G Xing, L Yu","Oxygen Defect Engineering of β‐MnO2 Catalysts via Phase Transformation for Selective Catalytic Reduction of NO",2021,"Small","","","https://scholar.google.com/scholar?oi=bibs&hl=en&cites=6378398254541144542",165,"2023-03-01 19:22:46","Journal article","","","https://scholar.google.com/citations?view_op=view_citation&hl=en&user=DcxL9_wAAAAJ&cstart=100&pagesize=100&citation_for_view=DcxL9_wAAAAJ:9pM33mqn1YgC",17,43,2102408,2102408,13,6.50,1,9,2,"","",""
13,"G Liu, X Bao, W Dong, Q Wei, H Mu, W Zhu, B Wang, J Li, B Shabbir, ...","Two-Dimensional Bi2Sr2CaCu2O8+δ Nanosheets for Ultrafast Photonics and Optoelectronics",2021,"ACS nano","","","https://scholar.google.com/scholar?oi=bibs&hl=en&cites=4441873188564645003",166,"2023-03-01 19:22:46","Journal article","","","https://scholar.google.com/citations?view_op=view_citation&hl=en&user=DcxL9_wAAAAJ&cstart=100&pagesize=100&citation_for_view=DcxL9_wAAAAJ:ClCfbGk0d_YC",15,5,8919,8929,13,6.50,1,10,2,"","",""
13,"L Xu, C Zhang, X Feng, W Lv, ZQ Huang, W Lv, C Zheng, G Xing, ...","Vapor incubation of FASnI 3 films for efficient and stable lead-free inverted perovskite solar cells",2021,"Journal of Materials Chemistry A","","","https://scholar.google.com/scholar?oi=bibs&hl=en&cites=18209529516564110211",167,"2023-03-01 19:22:46","Journal article","","","https://scholar.google.com/citations?view_op=view_citation&hl=en&user=DcxL9_wAAAAJ&cstart=100&pagesize=100&citation_for_view=DcxL9_wAAAAJ:Ri6SYOTghG4C",9,31,16943,16951,13,6.50,1,9,2,"","",""
13,"R Zhao, K Zhang, J Zhu, S Xiao, W Xiong, J Wang, T Liu, G Xing, K Wang, ...","Surface passivation of organometal halide perovskites by atomic layer deposition: an investigation of the mechanism of efficient inverted planar solar cells",2021,"Nanoscale Advances","","","https://scholar.google.com/scholar?oi=bibs&hl=en&cites=5144329276688429071",168,"2023-03-01 19:22:46","Journal article","","","https://scholar.google.com/citations?view_op=view_citation&hl=en&user=DcxL9_wAAAAJ&cstart=100&pagesize=100&citation_for_view=DcxL9_wAAAAJ:WZBGuue-350C",3,8,2305,2315,13,6.50,1,10,2,"","",""
13,"X Li, M Chen, S Mei, B Wang, K Wang, G Xing, Z Tang","Light-induced phase transition and photochromism in all-inorganic two-dimensional Cs2PbI2Cl2 perovskite",2020,"SCIENCE PRESS, 16 DONGHUANGCHENGGEN NORTH ST, BEIJING 100717, PEOPLES R …","","","https://scholar.google.com/scholar?oi=bibs&hl=en&cites=4311821907828607945",169,"2023-03-01 19:22:46","","","","https://scholar.google.com/citations?view_op=view_citation&hl=en&user=DcxL9_wAAAAJ&cstart=100&pagesize=100&citation_for_view=DcxL9_wAAAAJ:Fu2w8maKXqMC",,,,,13,4.33,2,7,3,"","",""
13,"J Hou, H Zhang, J Lin, X Qiu, W Zhao, X Sun, Y Xiang, H Zhang, G Xing, ...","Hollow TiO 2 submicrospheres assembled by tiny nanocrystals as superior anode for lithium ion battery",2019,"Journal of Materials Chemistry A","","","https://scholar.google.com/scholar?oi=bibs&hl=en&cites=15678144560288259417",170,"2023-03-01 19:22:46","Journal article","","","https://scholar.google.com/citations?view_op=view_citation&hl=en&user=DcxL9_wAAAAJ&cstart=100&pagesize=100&citation_for_view=DcxL9_wAAAAJ:W5xh706n7nkC",7,41,23733,23738,13,3.25,1,10,4,"","",""
13,"S Peng, G Xing, Z Tang","Hot electron–hole plasma dynamics and amplified spontaneous emission in ZnTe nanowires",2017,"Nanoscale","","","https://scholar.google.com/scholar?oi=bibs&hl=en&cites=10881766113380368940",171,"2023-03-01 19:22:46","Journal article","","","https://scholar.google.com/citations?view_op=view_citation&hl=en&user=DcxL9_wAAAAJ&cstart=100&pagesize=100&citation_for_view=DcxL9_wAAAAJ:bFI3QPDXJZMC",9,40,15612,15621,13,2.17,4,3,6,"","",""
13,"Z Xu, G Ding, G Zhong, G Xing, F Li, W Huang, H Tian","Color tunable organic light-emitting diodes using coumarin dopants",2008,"Research on Chemical Intermediates","","","https://scholar.google.com/scholar?oi=bibs&hl=en&cites=16903903339181047691",172,"2023-03-01 19:22:46","Journal article","","","https://scholar.google.com/citations?view_op=view_citation&hl=en&user=DcxL9_wAAAAJ&cstart=100&pagesize=100&citation_for_view=DcxL9_wAAAAJ:hqOjcs7Dif8C",34,,249,256,13,0.87,2,7,15,"","",""
12,"M Fang, L Tao, W Wu, Q Wei, Y Xia, P Li, X Ran, Q Zhong, G Xing, L Song, ...","Residual solvent extraction via chemical displacement for efficient and stable perovskite solar cells",2021,"Journal of Energy Chemistry","","","https://scholar.google.com/scholar?oi=bibs&hl=en&cites=6592696499676064578",173,"2023-03-01 19:22:46","Journal article","","","https://scholar.google.com/citations?view_op=view_citation&hl=en&user=DcxL9_wAAAAJ&cstart=100&pagesize=100&citation_for_view=DcxL9_wAAAAJ:xtoqd-5pKcoC",61,,8,14,12,6.00,1,11,2,"","",""
12,"H Mu, Z Liu, X Bao, Z Wan, G Liu, X Li, H Shao, G Xing, B Shabbir, L Li, ...","Highly stable and repeatable femtosecond soliton pulse generation from saturable absorbers based on two-dimensional Cu3−xP nanocrystals",2020,"Frontiers of Optoelectronics","","","https://scholar.google.com/scholar?oi=bibs&hl=en&cites=5111293370736336785",174,"2023-03-01 19:22:46","Journal article","","","https://scholar.google.com/citations?view_op=view_citation&hl=en&user=DcxL9_wAAAAJ&cstart=100&pagesize=100&citation_for_view=DcxL9_wAAAAJ:VLnqNzywnoUC",13,,139,148,12,4.00,1,11,3,"","",""
12,"Z Lu, X Zhai, R Yi, Z Li, R Zhang, Q Wei, G Xing, G Lu, W Huang","Photoluminescence emission during photoreduction of graphene oxide sheets as investigated with single-molecule microscopy",2020,"The Journal of Physical Chemistry C","","","https://scholar.google.com/scholar?oi=bibs&hl=en&cites=6617848994928114587",175,"2023-03-01 19:22:46","Journal article","","","https://scholar.google.com/citations?view_op=view_citation&hl=en&user=DcxL9_wAAAAJ&cstart=100&pagesize=100&citation_for_view=DcxL9_wAAAAJ:PR6Y55bgFSsC",124,14,7914,7921,12,4.00,1,9,3,"","",""
12,"Z Xue, S Wang, J Yang, Y Zhong, M Qian, C Li, Z Zhang, G Xing, ...","Enhanced power conversion efficiency in iridium complex-based terpolymers for polymer solar cells",2018,"npj Flexible Electronics","","","https://scholar.google.com/scholar?oi=bibs&hl=en&cites=10406382787548664184",176,"2023-03-01 19:22:46","Journal article","","","https://scholar.google.com/citations?view_op=view_citation&hl=en&user=DcxL9_wAAAAJ&cstart=100&pagesize=100&citation_for_view=DcxL9_wAAAAJ:OU6Ihb5iCvQC",2,1,1,1,12,2.40,1,9,5,"","",""
12,"SA Kulkarni, S Muduli, G Xing, N Yantara, M Li, S Chen, TC Sum, ...","Modulating Excitonic Recombination Effects through One‐Step Synthesis of Perovskite Nanoparticles for Light‐Emitting Diodes",2017,"ChemSusChem","","","https://scholar.google.com/scholar?oi=bibs&hl=en&cites=11405132661431765179",177,"2023-03-01 19:22:46","Journal article","","","https://scholar.google.com/citations?view_op=view_citation&hl=en&user=DcxL9_wAAAAJ&cstart=100&pagesize=100&citation_for_view=DcxL9_wAAAAJ:a0OBvERweLwC",10,19,3818,3824,12,2.00,2,8,6,"","",""
11,"S Wang, Q Wei, K Wang, Z Zhang, D Zhao, C Liang, T Liu, J Guo, C Su, ...","Morphology Control of Doped Spiro‐MeOTAD Films for Air Stable Perovskite Solar Cells",2020,"Small","","","https://scholar.google.com/scholar?oi=bibs&hl=en&cites=8089592822471091435",178,"2023-03-01 19:22:46","Journal article","","","https://scholar.google.com/citations?view_op=view_citation&hl=en&user=DcxL9_wAAAAJ&cstart=100&pagesize=100&citation_for_view=DcxL9_wAAAAJ:JQOojiI6XY0C",16,18,1907513,1907513,11,3.67,1,10,3,"","",""
11,"H Li, Y Tao, Y Zhi, R Chen, H Li, G Xing, S Xu, W Huang","Evoking non-bonding S-π interaction by aryl phosphine sulfide for selectively enhanced electronic property of organic semiconductors",2020,"Chemical Engineering Journal","","","https://scholar.google.com/scholar?oi=bibs&hl=en&cites=15753141264788960649",179,"2023-03-01 19:22:46","Journal article","","","https://scholar.google.com/citations?view_op=view_citation&hl=en&user=DcxL9_wAAAAJ&cstart=100&pagesize=100&citation_for_view=DcxL9_wAAAAJ:wbdj-CoPYUoC",380,,122562,122562,11,3.67,1,8,3,"","",""
11,"J Qiu, L Tang, Y Xia, J Guo, G Xing, F Wang, Q Dong, Y Chen, W Huang","Stable, efficient near-infrared light-emitting diodes enabled by α/δ phase modulation",2019,"The Journal of Physical Chemistry Letters","","","https://scholar.google.com/scholar?oi=bibs&hl=en&cites=7548712657602264120",180,"2023-03-01 19:22:46","Journal article","","","https://scholar.google.com/citations?view_op=view_citation&hl=en&user=DcxL9_wAAAAJ&cstart=100&pagesize=100&citation_for_view=DcxL9_wAAAAJ:VOx2b1Wkg3QC",10,9,2101,2107,11,2.75,1,9,4,"","",""
11,"WK Chong, G Xing, Y Liu, EL Gui, Q Zhang, Q Xiong, N Mathews, CK Gan, ...","Direct measurement of coherent phonon dynamics in solution-processed stibnite thin films",2014,"Physical Review B","","","https://scholar.google.com/scholar?oi=bibs&hl=en&cites=1843755991313469790",181,"2023-03-01 19:22:46","Journal article","","","https://scholar.google.com/citations?view_op=view_citation&hl=en&user=DcxL9_wAAAAJ&cstart=100&pagesize=100&citation_for_view=DcxL9_wAAAAJ:iH-uZ7U-co4C",90,3,35208,35208,11,1.22,1,9,9,"","",""
11,"G Yu, X Liu, G Xing, S Chen, CF Ng, X Wu, EKL Yeow, WS Lew, TC Sum","Spatially-resolved ultrafast optical spectroscopy of polymer-grafted residues on CVD graphene",2014,"The Journal of Physical Chemistry C","","","https://scholar.google.com/scholar?oi=bibs&hl=en&cites=12426954589862862676",182,"2023-03-01 19:22:46","Journal article","","","https://scholar.google.com/citations?view_op=view_citation&hl=en&user=DcxL9_wAAAAJ&cstart=100&pagesize=100&citation_for_view=DcxL9_wAAAAJ:9ZlFYXVOiuMC",118,1,708,713,11,1.22,1,9,9,"","",""
10,"T Liu, Z Zhang, Q Wei, B Wang, K Wang, J Guo, C Liang, D Zhao, S Chen, ...","Tailoring quasi-2D perovskite thin films via nanocrystals mediation for enhanced electroluminescence",2021,"Chemical Engineering Journal","","","https://scholar.google.com/scholar?oi=bibs&hl=en&cites=15387692094430359562",183,"2023-03-01 19:22:46","Journal article","","","https://scholar.google.com/citations?view_op=view_citation&hl=en&user=DcxL9_wAAAAJ&cstart=100&pagesize=100&citation_for_view=DcxL9_wAAAAJ:kz9GbA2Ns4gC",411,,128511,128511,10,5.00,1,10,2,"","",""
10,"Y Fu, Y Li, Q Zeng, H Wu, L Wang, H Tang, G Xing, D Cao","Influence of donor units on spiro [fluorene-9, 9′-xanthene]-based dopant-free hole transporting materials for perovskite solar cells",2021,"Solar Energy","","","https://scholar.google.com/scholar?oi=bibs&hl=en&cites=12107902889611057192",184,"2023-03-01 19:22:46","Journal article","","","https://scholar.google.com/citations?view_op=view_citation&hl=en&user=DcxL9_wAAAAJ&cstart=100&pagesize=100&citation_for_view=DcxL9_wAAAAJ:M7yex6snE4oC",216,,180,187,10,5.00,1,8,2,"","",""
10,"X Song, L Hou, R Guo, Q Wei, L Yang, X Jiang, S Tu, A Zhang, Z Kan, ...","Synergistic interplay between asymmetric backbone conformation, molecular aggregation, and charge-carrier dynamics in fused-ring electron acceptor-based bulk heterojunction …",2021,"ACS applied materials &interfaces","","","https://scholar.google.com/scholar?oi=bibs&hl=en&cites=4130015050499730451",185,"2023-03-01 19:22:46","Journal article","","","https://scholar.google.com/citations?view_op=view_citation&hl=en&user=DcxL9_wAAAAJ&cstart=100&pagesize=100&citation_for_view=DcxL9_wAAAAJ:gsN89kCJA0AC",13,2,2961,2970,10,5.00,1,10,2,"","",""
9,"X Liu, F Yuan, C Zhu, J Li, X Lv, G Xing, Q Wei, G Wang, J Dai, H Dong, ...","Near-unity blue luminance from lead-free copper halides for light-emitting diodes",2022,"Nano Energy","","","https://scholar.google.com/scholar?oi=bibs&hl=en&cites=5130629863308467070",186,"2023-03-01 19:22:46","Journal article","","","https://scholar.google.com/citations?view_op=view_citation&hl=en&user=DcxL9_wAAAAJ&cstart=100&pagesize=100&citation_for_view=DcxL9_wAAAAJ:WJVC3Jt7v1AC",91,,106664,106664,9,9.00,1,11,1,"","",""
9,"S Yan, K Wang, G Xing, J Xu, S Su, Z Tang, S Wang, KW Ng","Robust ultralong lead halide perovskite microwire lasers",2021,"ACS Applied Materials &Interfaces","","","https://scholar.google.com/scholar?oi=bibs&hl=en&cites=12398353069657966427",187,"2023-03-01 19:22:46","Journal article","","","https://scholar.google.com/citations?view_op=view_citation&hl=en&user=DcxL9_wAAAAJ&cstart=100&pagesize=100&citation_for_view=DcxL9_wAAAAJ:_FM0Bhl9EiAC",13,32,38458,38466,9,4.50,1,8,2,"","",""
9,"G Jin, D Zhang, P Pang, Z Ye, T Liu, G Xing, J Chen, D Ma","Boosting the performance of CsPbBr 3-based perovskite light-emitting diodes via constructing nanocomposite emissive layers",2021,"Journal of Materials Chemistry C","","","https://scholar.google.com/scholar?oi=bibs&hl=en&cites=14639748985779157946",188,"2023-03-01 19:22:46","Journal article","","","https://scholar.google.com/citations?view_op=view_citation&hl=en&user=DcxL9_wAAAAJ&cstart=100&pagesize=100&citation_for_view=DcxL9_wAAAAJ:ILKRHgRFtOwC",9,3,916,924,9,4.50,1,8,2,"","",""
9,"Y Tao, L Tang, Q Wei, J Jin, W Hu, R Chen, Q Yang, H Li, P Li, G Xing, ...","Near-infrared-excitable organic ultralong phosphorescence through multiphoton absorption",2020,"Research","","","https://scholar.google.com/scholar?oi=bibs&hl=en&cites=3204746684655545799",189,"2023-03-01 19:22:46","","","","https://scholar.google.com/citations?view_op=view_citation&hl=en&user=DcxL9_wAAAAJ&cstart=100&pagesize=100&citation_for_view=DcxL9_wAAAAJ:KUbvn5osdkgC",,,,,9,3.00,1,11,3,"","",""
9,"X Yu, T Liu, Q Wei, C Liang, K Wang, J Guo, D Zhao, B Wang, R Chen, ...","Tailoring the surface morphology and phase distribution for efficient perovskite electroluminescence",2020,"The Journal of Physical Chemistry Letters","","","https://scholar.google.com/scholar?oi=bibs&hl=en&cites=16231377657093486425",190,"2023-03-01 19:22:46","Journal article","","","https://scholar.google.com/citations?view_op=view_citation&hl=en&user=DcxL9_wAAAAJ&cstart=100&pagesize=100&citation_for_view=DcxL9_wAAAAJ:j8SEvjWlNXcC",11,15,5877,5882,9,3.00,1,10,3,"","",""
9,"B Zhang, Z Nie, B Wang, D Wang, J Tang, X Wang, J Zhang, G Xing, ...","Ultrafast carrier relaxation dynamics of photoexcited GaAs and GaAs/AlGaAs nanowire array",2020,"Physical Chemistry Chemical Physics","","","https://scholar.google.com/scholar?oi=bibs&hl=en&cites=4711572693465655158",191,"2023-03-01 19:22:46","Journal article","","","https://scholar.google.com/citations?view_op=view_citation&hl=en&user=DcxL9_wAAAAJ&cstart=100&pagesize=100&citation_for_view=DcxL9_wAAAAJ:BwyfMAYsbu0C",22,44,25819,25826,9,3.00,1,9,3,"","",""
9,"T Hou, F Liu, Z Wang, Y Zhang, Q Wei, B Li, S Zhang, G Xing","Trap‐Filling‐Induced Charge Carrier Dynamics in Organic Solar Cells",2018,"Advanced Optical Materials","","","https://scholar.google.com/scholar?oi=bibs&hl=en&cites=17404125273196467896",192,"2023-03-01 19:22:46","Journal article","","","https://scholar.google.com/citations?view_op=view_citation&hl=en&user=DcxL9_wAAAAJ&cstart=100&pagesize=100&citation_for_view=DcxL9_wAAAAJ:xtRiw3GOFMkC",6,8,1800027,1800027,9,1.80,1,8,5,"","",""
9,"D Giovanni, G Yu, G Xing, ML Leek, TC Sum","Measurement of sub-10 fs Auger processes in monolayer graphene",2015,"Optics express","","","https://scholar.google.com/scholar?oi=bibs&hl=en&cites=9470772638283801121",193,"2023-03-01 19:22:46","Journal article","","","https://scholar.google.com/citations?view_op=view_citation&hl=en&user=DcxL9_wAAAAJ&cstart=100&pagesize=100&citation_for_view=DcxL9_wAAAAJ:RGFaLdJalmkC",23,16,21107,21117,9,1.13,2,5,8,"","",""
8,"C Liang, G Xing","Doping Electron Transporting Layer: An Effective Method to Enhance JSC of All‐Inorganic Perovskite Solar Cells",2021,"Energy &Environmental Materials","","","https://scholar.google.com/scholar?oi=bibs&hl=en&cites=9486449455611400139",194,"2023-03-01 19:22:46","Journal article","","","https://scholar.google.com/citations?view_op=view_citation&hl=en&user=DcxL9_wAAAAJ&cstart=100&pagesize=100&citation_for_view=DcxL9_wAAAAJ:PVjk1bu6vJQC",4,4,500,501,8,4.00,4,2,2,"","",""
8,"M Chen, Y Yuan, X Zhang, X Wang, D Xu, Y Liu, D Cao, G Xing, Z Tang","Boosting the performance of ZnO microrod metal-semiconductor-metal photodetectors via surface capping of thin amorphous Al2O3 shell layer",2020,"Nanotechnology","","","https://scholar.google.com/scholar?oi=bibs&hl=en&cites=1902105036481392729",195,"2023-03-01 19:22:46","Journal article","","","https://scholar.google.com/citations?view_op=view_citation&hl=en&user=DcxL9_wAAAAJ&cstart=100&pagesize=100&citation_for_view=DcxL9_wAAAAJ:zLWjf1WUPmwC",31,48,485207,485207,8,2.67,1,9,3,"","",""
8,"X Zhang, S Xiao, R Li, T He, G Xing, R Chen","Influence of mixed organic cations on the nonlinear optical properties of lead tri-iodide perovskites",2020,"Photonics Research 8 (9), A25-A","","","https://scholar.google.com/scholar?oi=bibs&hl=en&cites=2826543336064793654",196,"2023-03-01 19:22:46","Journal article","","","https://scholar.google.com/citations?view_op=view_citation&hl=en&user=DcxL9_wAAAAJ&cstart=100&pagesize=100&citation_for_view=DcxL9_wAAAAJ:ipzZ9siozwsC",30,,,,8,2.67,1,6,3,"","",""
8,"D Zhao, Y Wu, B Tu, G Xing, H Li, Z He","Understanding the impact of Cu-In-Ga-S nanoparticles compactness on holes transfer of perovskite solar cells",2019,"Nanomaterials","","","https://scholar.google.com/scholar?oi=bibs&hl=en&cites=16454608085249333183",197,"2023-03-01 19:22:46","Journal article","","","https://scholar.google.com/citations?view_op=view_citation&hl=en&user=DcxL9_wAAAAJ&cstart=100&pagesize=100&citation_for_view=DcxL9_wAAAAJ:geHnlv5EZngC",9,2,286,286,8,2.00,1,6,4,"","",""
7,"H Gu, T Niu, S Zuo, Y Cai, L Chao, P Müller-Buschbaum, Y Xia, J Zhang, ...","Stable metal–halide perovskite colloids in protic ionic liquid",2022,"CCS Chemistry","","","https://scholar.google.com/scholar?oi=bibs&hl=en&cites=10181673520895586607",198,"2023-03-01 19:22:46","Journal article","","","https://scholar.google.com/citations?view_op=view_citation&hl=en&user=DcxL9_wAAAAJ&cstart=100&pagesize=100&citation_for_view=DcxL9_wAAAAJ:HIFyuExEbWQC",4,10,3264,3274,7,7.00,1,9,1,"","",""
7,"Z Zhu, C Zhu, L Yang, Q Chen, L Zhang, J Dai, J Cao, S Zeng, Z Wang, ...","Room-temperature epitaxial welding of 3D and 2D perovskites",2022,"Nature Materials","","","https://scholar.google.com/scholar?oi=bibs&hl=en&cites=10635041665356812617",199,"2023-03-01 19:22:46","Journal article","","","https://scholar.google.com/citations?view_op=view_citation&hl=en&user=DcxL9_wAAAAJ&cstart=100&pagesize=100&citation_for_view=DcxL9_wAAAAJ:5MTHONV0fEkC",21,9,1042,1049,7,7.00,1,10,1,"","",""
7,"H Wang, D Ning, L Wang, H Li, Q Li, M Ge, J Zou, S Chen, H Shao, Y Lai, ...","In Operando Neutron Scattering Multiple‐Scale Studies of Lithium‐Ion Batteries",2022,"Small","","","https://scholar.google.com/scholar?oi=bibs&hl=en&cites=16750517655815918260",200,"2023-03-01 19:22:46","Journal article","","","https://scholar.google.com/citations?view_op=view_citation&hl=en&user=DcxL9_wAAAAJ&cstart=100&pagesize=100&citation_for_view=DcxL9_wAAAAJ:bKqednn6t2AC",18,19,2107491,2107491,7,7.00,1,11,1,"","",""
7,"JF Liao, Z Zhang, JH Wei, ZZ Zhang, B Wang, L Zhou, G Xing, Z Tang, ...","Emission‐Color‐Tunable Pb− Sn Alloyed Single Crystals with High Luminescent Efficiency and Stability",2022,"Advanced Optical Materials","","","https://scholar.google.com/scholar?oi=bibs&hl=en&cites=16657938695675714488",201,"2023-03-01 19:22:46","Journal article","","","https://scholar.google.com/citations?view_op=view_citation&hl=en&user=DcxL9_wAAAAJ&cstart=200&pagesize=100&citation_for_view=DcxL9_wAAAAJ:dBIO0h50nwkC",10,6,2102426,2102426,7,7.00,1,9,1,"","",""
7,"M Chen, Y Liu, Y Zhang, G Xing, Y Tang","Lithium-rich sulfide/selenide cathodes for next-generation lithium-ion batteries: challenges and perspectives",2022,"Chemical Communications","","","https://scholar.google.com/scholar?oi=bibs&hl=en&cites=4402862821945117139",202,"2023-03-01 19:22:46","Journal article","","","https://scholar.google.com/citations?view_op=view_citation&hl=en&user=DcxL9_wAAAAJ&cstart=200&pagesize=100&citation_for_view=DcxL9_wAAAAJ:HtS1dXgVpQUC",58,22,3591,3600,7,7.00,1,5,1,"","",""
7,"J Guo, Z Shi, J Xia, K Wang, Q Wei, C Liang, D Zhao, Z Zhang, S Chen, ...","Phase tailoring of Ruddlesden–Popper perovskite at fixed large spacer cation ratio",2021,"Small","","","https://scholar.google.com/scholar?oi=bibs&hl=en&cites=12188960452458407717",203,"2023-03-01 19:22:46","Journal article","","","https://scholar.google.com/citations?view_op=view_citation&hl=en&user=DcxL9_wAAAAJ&cstart=200&pagesize=100&citation_for_view=DcxL9_wAAAAJ:Ug5p-4gJ2f0C",17,43,2100560,2100560,7,3.50,1,10,2,"","",""
7,"Q Zeng, Y Li, H Tang, Y Fu, C Liao, L Wang, G Xing, D Cao","Dopant-free dithieno [3′, 2': 3, 4; 2 ″, 3'': 5, 6] benzo [1, 2-d] imidazole-based hole-transporting materials for efficient perovskite solar cells",2021,"Dyes and Pigments","","","https://scholar.google.com/scholar?oi=bibs&hl=en&cites=11937745958035760547",204,"2023-03-01 19:22:46","Journal article","","","https://scholar.google.com/citations?view_op=view_citation&hl=en&user=DcxL9_wAAAAJ&cstart=200&pagesize=100&citation_for_view=DcxL9_wAAAAJ:oNZyr7d5Mn4C",188,,109241,109241,7,3.50,1,8,2,"","",""
7,"Z Shi, X Zhang, J Guo, X Li, Z Weng, F Liu, L Wu, I Ahmed, A Akram, ...","[(C8H17)4N]4[SiW12O40] (TASiW‐12)‐Modified SnO2 Electron Transport Layer for Efficient and Stable Perovskite Solar Cells",2020,"Solar RRL","","","https://scholar.google.com/scholar?oi=bibs&hl=en&cites=14774770291164376357",205,"2023-03-01 19:22:46","Journal article","","","https://scholar.google.com/citations?view_op=view_citation&hl=en&user=DcxL9_wAAAAJ&cstart=200&pagesize=100&citation_for_view=DcxL9_wAAAAJ:uWiczbcajpAC",4,11,2000406,2000406,7,2.33,1,10,3,"","",""
7,"G Xing, N Mathews, SG Mhaisalkar, TC Sum","Emission source and method of forming the same",2018,"US Patent 9,899,793","","","https://scholar.google.com/scholar?oi=bibs&hl=en&cites=13005254753232279680",206,"2023-03-01 19:22:46","Patent","","","https://scholar.google.com/citations?view_op=view_citation&hl=en&user=DcxL9_wAAAAJ&cstart=200&pagesize=100&citation_for_view=DcxL9_wAAAAJ:4OULZ7Gr8RgC",,,,,7,1.40,2,4,5,"","",""
6,"H Wang, H Li, Y Tang, Z Xu, K Wang, Q Li, B He, Y Liu, M Ge, S Chen, ...","Stabilizing Zn Anode Interface by Simultaneously Manipulating the Thermodynamics of Zn Nucleation and Overpotential of Hydrogen Evolution",2022,"Advanced Functional Materials","","","https://scholar.google.com/scholar?oi=bibs&hl=en&cites=16544053126777283031",207,"2023-03-01 19:22:46","Journal article","","","https://scholar.google.com/citations?view_op=view_citation&hl=en&user=DcxL9_wAAAAJ&cstart=200&pagesize=100&citation_for_view=DcxL9_wAAAAJ:nVrZBo8bIpAC",32,48,2207898,2207898,6,6.00,1,11,1,"","",""
6,"T Zhang, H Tang, S Zhou, S Ding, X Xiao, Z Wen, G Niu, X Luo, F Wang, ...","Factors influencing the working temperature of quantum dot light-emitting diodes",2020,"Optics Express","","","https://scholar.google.com/scholar?oi=bibs&hl=en&cites=7467460140353969064",208,"2023-03-01 19:22:46","Journal article","","","https://scholar.google.com/citations?view_op=view_citation&hl=en&user=DcxL9_wAAAAJ&cstart=200&pagesize=100&citation_for_view=DcxL9_wAAAAJ:ML0RJ9NH7IQC",28,23,34167,34179,6,2.00,1,10,3,"","",""
6,"X Zhang, X Gao, G Pang, T He, G Xing, R Chen","Effects of Material Dimensionality on the Optical Properties of CsPbBr3 Nanomaterials",2019,"The Journal of Physical Chemistry C","","","https://scholar.google.com/scholar?oi=bibs&hl=en&cites=5046092277687445986",209,"2023-03-01 19:22:46","Journal article","","","https://scholar.google.com/citations?view_op=view_citation&hl=en&user=DcxL9_wAAAAJ&cstart=200&pagesize=100&citation_for_view=DcxL9_wAAAAJ:WA5NYHcadZ8C",123,47,28893,28897,6,1.50,1,6,4,"","",""
5,"C Liang, H Gu, J Xia, T Liu, S Mei, N Zhang, Y Chen, G Xing","High‐performance flexible perovskite photodetectors based on single‐crystal‐like two‐dimensional Ruddlesden–Popper thin films",2022,"Carbon Energy","","","https://scholar.google.com/scholar?oi=bibs&hl=en&cites=11417489662692734691",210,"2023-03-01 19:22:46","","","","https://scholar.google.com/citations?view_op=view_citation&hl=en&user=DcxL9_wAAAAJ&cstart=200&pagesize=100&citation_for_view=DcxL9_wAAAAJ:GFxP56DSvIMC",,,,,5,5.00,1,8,1,"","",""
5,"G Jin, T Liu, Y Li, J Zhou, D Zhang, P Pang, Z Ye, Z Xing, G Xing, J Chen, ...","Low-dimensional phase suppression and defect passivation of quasi-2D perovskites for efficient electroluminescence and low-threshold amplified spontaneous emission",2022,"Nanoscale","","","https://scholar.google.com/scholar?oi=bibs&hl=en&cites=545928985117732718",211,"2023-03-01 19:22:46","Journal article","","","https://scholar.google.com/citations?view_op=view_citation&hl=en&user=DcxL9_wAAAAJ&cstart=200&pagesize=100&citation_for_view=DcxL9_wAAAAJ:OTTXONDVkokC",14,3,919,929,5,5.00,1,11,1,"","",""
5,"BN Shivananju, L Zhou, Y Yin, W Yu, B Shabbir, H Mu, X Bao, Y Zhang, ...","Probing the dynamic structural changes of DNA using ultrafast laser pulse in graphene‐based optofluidic device",2021,"InfoMat","","","https://scholar.google.com/scholar?oi=bibs&hl=en&cites=6735550502455640675",212,"2023-03-01 19:22:46","Journal article","","","https://scholar.google.com/citations?view_op=view_citation&hl=en&user=DcxL9_wAAAAJ&cstart=200&pagesize=100&citation_for_view=DcxL9_wAAAAJ:_Ybze24A_UAC",3,3,316,326,5,2.50,1,9,2,"","",""
5,"X Li, Q Wei, K Wang, S Peng, T Liu, G Xing, Z Tang","Charge Carrier Dynamics and Broad Wavelength Tunable Amplified Spontaneous Emission in ZnxCd1–xSe Nanowires",2019,"The Journal of Physical Chemistry Letters","","","https://scholar.google.com/scholar?oi=bibs&hl=en&cites=14038101557917273010",213,"2023-03-01 19:22:46","Journal article","","","https://scholar.google.com/citations?view_op=view_citation&hl=en&user=DcxL9_wAAAAJ&cstart=200&pagesize=100&citation_for_view=DcxL9_wAAAAJ:AXPGKjj_ei8C",10,23,7516,7522,5,1.25,1,7,4,"","",""
5,"J Yu, Y Tang, C Miao, K Yang, X Zhou, S Yu, H Sun, J Huang, H Guo, ...","Fine-tuning head-to-head bithiophene-difluorobenzothiadiazole polymers for photovoltaics via side-chain engineering",2019,"Organic Electronics","","","https://scholar.google.com/scholar?oi=bibs&hl=en&cites=3502631085066654027",214,"2023-03-01 19:22:46","Journal article","","","https://scholar.google.com/citations?view_op=view_citation&hl=en&user=DcxL9_wAAAAJ&cstart=200&pagesize=100&citation_for_view=DcxL9_wAAAAJ:tS2w5q8j5-wC",68,,135,142,5,1.25,1,10,4,"","",""
5,"S Xu, H Li, Y Tang, R Chen, X Xie, X Zhou, G Xing, W Huang","Efficient Synthesis of All-Aryl Phenazasilines for Optoelectronic Applications",2016,"Australian Journal of Chemistry","","","https://scholar.google.com/scholar?oi=bibs&hl=en&cites=18390197659463966224",215,"2023-03-01 19:22:46","Journal article","","","https://scholar.google.com/citations?view_op=view_citation&hl=en&user=DcxL9_wAAAAJ&cstart=200&pagesize=100&citation_for_view=DcxL9_wAAAAJ:2P1L_qKh6hAC",69,4,419,422,5,0.71,1,8,7,"","",""
4,"D Zhao, C Liang, B Wang, T Liu, Q Wei, K Wang, H Gu, S Wang, S Mei, ...","Overcoming the Limitation of Cs2AgBiBr6 Double Perovskite Solar Cells Through Using Mesoporous TiO2 Electron Extraction Layer",2022,"Energy &Environmental Materials","","","https://scholar.google.com/scholar?oi=bibs&hl=en&cites=10430382490213179807",216,"2023-03-01 19:22:46","Journal article","","","https://scholar.google.com/citations?view_op=view_citation&hl=en&user=DcxL9_wAAAAJ&cstart=200&pagesize=100&citation_for_view=DcxL9_wAAAAJ:4fGpz3EwCPoC",5,4,1317,1322,4,4.00,0,10,1,"","",""
4,"Y Huang, T Liu, D Li, Q Lian, Y Wang, G Wang, G Mi, Y Zhou, A Amini, ...","Bridging the Interfacial Contact for Improved Stability and Efficiency of Inverted Perovskite Solar Cells",2022,"Small","","","https://scholar.google.com/scholar?oi=bibs&hl=en&cites=9700006090452112584",217,"2023-03-01 19:22:46","Journal article","","","https://scholar.google.com/citations?view_op=view_citation&hl=en&user=DcxL9_wAAAAJ&cstart=200&pagesize=100&citation_for_view=DcxL9_wAAAAJ:HeT0ZceujKMC",18,24,2201694,2201694,4,4.00,0,10,1,"","",""
4,"B He, T Liu, B Wang, Z Wen, X Yu, G Xing, S Chen","Boosting the efficiency of quasi-2D perovskite light-emitting diodes via tailoring the PEDOT: PSS hole transport layer",2022,"Applied Surface Science","","","https://scholar.google.com/scholar?oi=bibs&hl=en&cites=12077156906706396911",218,"2023-03-01 19:22:46","Journal article","","","https://scholar.google.com/citations?view_op=view_citation&hl=en&user=DcxL9_wAAAAJ&cstart=200&pagesize=100&citation_for_view=DcxL9_wAAAAJ:4vMrXwiscB8C",585,,152692,152692,4,4.00,1,7,1,"","",""
4,"J Xia, C Liang, H Gu, S Mei, Y Cai, G Xing","Two-Dimensional Heterostructure of MoS2/BA2PbI4 2D Ruddlesden–Popper Perovskite with an S Scheme Alignment for Solar Cells: A First-Principles Study",2022,"ACS Applied Electronic Materials","","","https://scholar.google.com/scholar?oi=bibs&hl=en&cites=5726860966266509936",219,"2023-03-01 19:22:46","Journal article","","","https://scholar.google.com/citations?view_op=view_citation&hl=en&user=DcxL9_wAAAAJ&cstart=200&pagesize=100&citation_for_view=DcxL9_wAAAAJ:OcBU2YAGkTUC",4,4,1939,1948,4,4.00,1,6,1,"","",""
4,"Z Wen, Z Cui, H He, D Yang, S Mei, B Yang, Z Xiong, S Song, R Bao, ...","Exploring novel ligands with strong electron delocalization for high-performance blue CsPbBr 3 perovskite nanoplatelets",2022,"Journal of Materials Chemistry C","","","https://scholar.google.com/scholar?oi=bibs&hl=en&cites=2194353245318590927",220,"2023-03-01 19:22:46","Journal article","","","https://scholar.google.com/citations?view_op=view_citation&hl=en&user=DcxL9_wAAAAJ&cstart=200&pagesize=100&citation_for_view=DcxL9_wAAAAJ:nZcligLrVowC",10,26,9834,9840,4,4.00,0,10,1,"","",""
4,"Y Yuan, M Chen, S Yang, X Shen, Y Liu, D Cao, G Xing, Z Tang","Improved CsPbBr3 visible light photodetectors via decoration of sputtered au nanoparticles with synergistic benefits",2022,"Nano Select","","","https://scholar.google.com/scholar?oi=bibs&hl=en&cites=3119700284975311766",221,"2023-03-01 19:22:46","Journal article","","","https://scholar.google.com/citations?view_op=view_citation&hl=en&user=DcxL9_wAAAAJ&cstart=200&pagesize=100&citation_for_view=DcxL9_wAAAAJ:hCrLmN-GePgC",3,1,178,187,4,4.00,1,8,1,"","",""
4,"X Guo, Y Gao, Q Wei, K Ho Ngai, M Qin, X Lu, G Xing, T Shi, W Xie, J Xu, ...","Suppressed Phase Segregation in High‐Humidity‐Processed Dion–Jacobson Perovskite Solar Cells Toward High Efficiency and Stability",2021,"Solar RRL","","","https://scholar.google.com/scholar?oi=bibs&hl=en&cites=16425147642769527835",222,"2023-03-01 19:22:46","Journal article","","","https://scholar.google.com/citations?view_op=view_citation&hl=en&user=DcxL9_wAAAAJ&cstart=200&pagesize=100&citation_for_view=DcxL9_wAAAAJ:NXb4pA-qfm4C",5,11,2100555,2100555,4,2.00,0,11,2,"","",""
4,"S Song, J Lu, W Ye, B Zhang, X Liu, G Xing, S Zhang","Stability, encapsulation and large-area fabrication of organic photovoltaics",2021,"Science China Chemistry","","","https://scholar.google.com/scholar?oi=bibs&hl=en&cites=3549263448331067467",223,"2023-03-01 19:22:46","Journal article","","","https://scholar.google.com/citations?view_op=view_citation&hl=en&user=DcxL9_wAAAAJ&cstart=200&pagesize=100&citation_for_view=DcxL9_wAAAAJ:8d8msizDQcsC",64,9,1441,1459,4,2.00,1,7,2,"","",""
4,"X Chen, K Wang, B Shi, T Liu, R Chen, M Zhang, W Wen, G Xing, J Wu","All-inorganic perovskite nanorod arrays with spatially randomly distributed lasing modes for all-photonic cryptographic primitives",2021,"ACS Applied Materials &Interfaces","","","https://scholar.google.com/scholar?oi=bibs&hl=en&cites=13752878765925605324",224,"2023-03-01 19:22:46","Journal article","","","https://scholar.google.com/citations?view_op=view_citation&hl=en&user=DcxL9_wAAAAJ&cstart=200&pagesize=100&citation_for_view=DcxL9_wAAAAJ:YohjEiUPhakC",13,26,30891,30901,4,2.00,0,9,2,"","",""
4,"J Xia, C Liang, H Gu, S Mei, S Li, N Zhang, S Chen, Y Cai, G Xing","Surface Passivation Toward Efficient and Stable Perovskite Solar Cells",2021,"Energy &Environmental Materials","","","https://scholar.google.com/scholar?oi=bibs&hl=en&cites=11477796556584970540",225,"2023-03-01 19:22:46","","","","https://scholar.google.com/citations?view_op=view_citation&hl=en&user=DcxL9_wAAAAJ&cstart=200&pagesize=100&citation_for_view=DcxL9_wAAAAJ:umqufdRvDiIC",,,,,4,2.00,0,9,2,"","",""
4,"Z Li, B Huang, Y Wang, W Yuan, Y Wu, R Yu, G Xing, T Zou, Y Tao","Design, synthesis and application in biological imaging of a novel red fluorescent dye based on a rhodanine derivative",2021,"RSC advances","","","https://scholar.google.com/scholar?oi=bibs&hl=en&cites=2350772742613088424",226,"2023-03-01 19:22:46","Journal article","","","https://scholar.google.com/citations?view_op=view_citation&hl=en&user=DcxL9_wAAAAJ&cstart=200&pagesize=100&citation_for_view=DcxL9_wAAAAJ:g3aElNc5_aQC",11,1,160,163,4,2.00,0,9,2,"","",""
4,"J Cai, MU Ali, M Liu, J Zhao, J Miao, Y Deng, S Yang, C Yan, G Xing, Y He, ...","Ionic-liquid induced enhanced performance of perovskite light-emitting diodes",2020,"Journal of Physics D: Applied Physics","","","https://scholar.google.com/scholar?oi=bibs&hl=en&cites=13590748155626021991",227,"2023-03-01 19:22:46","Journal article","","","https://scholar.google.com/citations?view_op=view_citation&hl=en&user=DcxL9_wAAAAJ&cstart=200&pagesize=100&citation_for_view=DcxL9_wAAAAJ:NJ774b8OgUMC",53,38,384002,384002,4,1.33,0,11,3,"","",""
3,"J Ren, T Liu, B He, G Wu, H Gu, B Wang, J Li, Y Mao, S Chen, G Xing","Passivating defects at the bottom interface of perovskite by ethylammonium to improve the performance of perovskite solar cells",2022,"Small","","","https://scholar.google.com/scholar?oi=bibs&hl=en&cites=9865498453076254299",228,"2023-03-01 19:22:46","Journal article","","","https://scholar.google.com/citations?view_op=view_citation&hl=en&user=DcxL9_wAAAAJ&cstart=200&pagesize=100&citation_for_view=DcxL9_wAAAAJ:Bg7qf7VwUHIC",18,47,2203536,2203536,3,3.00,0,10,1,"","",""
3,"D Yu, F Cao, J Liao, B Wang, C Su, G Xing","Direct observation of photoinduced carrier blocking in mixed-dimensional 2D/3D perovskites and the origin",2022,"Nature Communications","","","https://scholar.google.com/scholar?oi=bibs&hl=en&cites=3458590378902709413",229,"2023-03-01 19:22:46","Journal article","","","https://scholar.google.com/citations?view_op=view_citation&hl=en&user=DcxL9_wAAAAJ&cstart=200&pagesize=100&citation_for_view=DcxL9_wAAAAJ:Ak0FvsSvgGUC",13,1,6229,6229,3,3.00,1,6,1,"","",""
3,"B Zhang, B Wang, EV Ushakova, B He, G Xing, Z Tang, AL Rogach, S Qu","Assignment of Core and Surface States in Multicolor‐Emissive Carbon Dots",2022,"Small","","","https://scholar.google.com/scholar?oi=bibs&hl=en&cites=6794296002851629697",230,"2023-03-01 19:22:46","Journal article","","","https://scholar.google.com/citations?view_op=view_citation&hl=en&user=DcxL9_wAAAAJ&cstart=200&pagesize=100&citation_for_view=DcxL9_wAAAAJ:BJbdYPG6LGMC",2204158,,,,3,3.00,0,8,1,"","",""
3,"P Pang, Z Xing, J Xia, B Wang, Z Zhang, J Guo, T Liu, B He, J Chen, ...","Deep‐Blue Light‐Emitting Diodes Constructed with Perovskite Quasi‐2D and Nanocrystal Mixtures",2022,"Advanced Optical Materials","","","https://scholar.google.com/scholar?oi=bibs&hl=en&cites=18362769238926498362",231,"2023-03-01 19:22:46","Journal article","","","https://scholar.google.com/citations?view_op=view_citation&hl=en&user=DcxL9_wAAAAJ&cstart=200&pagesize=100&citation_for_view=DcxL9_wAAAAJ:fbc8zXXH2BUC",10,20,2201112,2201112,3,3.00,0,10,1,"","",""
3,"Y Zhang, F Wang, X Feng, Z Zhang, K Liu, F Xia, W Liang, X Hu, Y Ma, ...","Self‐Trapped Excitons in 2D SnP2S6 Crystal with Intrinsic Structural Distortion",2022,"Advanced Functional Materials","","","https://scholar.google.com/scholar?oi=bibs&hl=en&cites=12945149843479455141",232,"2023-03-01 19:22:46","Journal article","","","https://scholar.google.com/citations?view_op=view_citation&hl=en&user=DcxL9_wAAAAJ&cstart=200&pagesize=100&citation_for_view=DcxL9_wAAAAJ:u-coK7KVo8oC",32,38,2205757,2205757,3,3.00,0,10,1,"","",""
3,"L Wang, B Wang, E Liu, Y Zhao, B He, C Wang, G Xing, Z Tang, Y Zhou, ...","Polyetherimide functionalized carbon dots with enhanced red emission in aqueous solution for bioimaging",2022,"Chinese Chemical Letters","","","https://scholar.google.com/scholar?oi=bibs&hl=en&cites=3858535774011023379",233,"2023-03-01 19:22:46","Journal article","","","https://scholar.google.com/citations?view_op=view_citation&hl=en&user=DcxL9_wAAAAJ&cstart=200&pagesize=100&citation_for_view=DcxL9_wAAAAJ:QYdC8u9Cj1oC",33,8,4111,4115,3,3.00,0,10,1,"","",""
3,"J Xia, H Gu, C Liang, Y Cai, G Xing","Manipulation of Band Alignment in Two-Dimensional Vertical WSe2/BA2PbI4 Ruddlesden–Popper Perovskite Heterojunctions via Defect Engineering",2022,"The Journal of Physical Chemistry Letters","","","https://scholar.google.com/scholar?oi=bibs&hl=en&cites=4749807798151209554",234,"2023-03-01 19:22:46","Journal article","","","https://scholar.google.com/citations?view_op=view_citation&hl=en&user=DcxL9_wAAAAJ&cstart=200&pagesize=100&citation_for_view=DcxL9_wAAAAJ:r_AWSJRzSzQC",13,20,4579,4588,3,3.00,1,5,1,"","",""
3,"W Gao, H Dong, N Sun, L Chao, W Hui, Q Wei, H Li, Y Xia, X Gao, G Xing, ...","Chiral cation promoted interfacial charge extraction for efficient tin-based perovskite solar cells",2022,"Journal of Energy Chemistry","","","https://scholar.google.com/scholar?oi=bibs&hl=en&cites=1868880028272261379",235,"2023-03-01 19:22:46","Journal article","","","https://scholar.google.com/citations?view_op=view_citation&hl=en&user=DcxL9_wAAAAJ&cstart=200&pagesize=100&citation_for_view=DcxL9_wAAAAJ:HtEfBTGE9r8C",68,,789,796,3,3.00,0,11,1,"","",""
3,"R Chen, H Gu, Y Han, J Yin, G Xing, BB Cui","Broadband white-light emission from a novel two-dimensional metal halide assembled by Pb–Cl hendecahedrons",2022,"Journal of Materials Chemistry C","","","https://scholar.google.com/scholar?oi=bibs&hl=en&cites=76997184366190494",236,"2023-03-01 19:22:46","Journal article","","","https://scholar.google.com/citations?view_op=view_citation&hl=en&user=DcxL9_wAAAAJ&cstart=200&pagesize=100&citation_for_view=DcxL9_wAAAAJ:P7Ujq4OLJYoC",10,25,9465,9470,3,3.00,1,6,1,"","",""
3,"G Xing, N Mathews, SG Mhaisalkar, TC Sum","Emission source and method of forming the same",2018,"US Patent 9,966,726","","","https://scholar.google.com/scholar?oi=bibs&hl=en&cites=12741584146285505023",237,"2023-03-01 19:22:46","Patent","","","https://scholar.google.com/citations?view_op=view_citation&hl=en&user=DcxL9_wAAAAJ&cstart=200&pagesize=100&citation_for_view=DcxL9_wAAAAJ:hMod-77fHWUC",,,,,3,0.60,1,4,5,"","",""
2,"Y Fu, Y Li, G Xing, D Cao","Surface passivation of perovskite with organic hole transport materials for highly efficient and stable perovskite solar cells",2022,"Materials Today Advances","","","https://scholar.google.com/scholar?oi=bibs&hl=en&cites=3875171596152267658",238,"2023-03-01 19:22:46","Journal article","","","https://scholar.google.com/citations?view_op=view_citation&hl=en&user=DcxL9_wAAAAJ&cstart=200&pagesize=100&citation_for_view=DcxL9_wAAAAJ:5icHVeHT4IsC",16,,100300,100300,2,2.00,1,4,1,"","",""
2,"Y Lin, J Liu, J Hu, C Ran, Y Chen, G Xing, Y Xia, Y Chen","In Situ Interfacial Passivation of Sn-Based Perovskite Films with a Bi-functional Ionic Salt for Enhanced Photovoltaic Performance",2021,"ACS Applied Materials &Interfaces","","","https://scholar.google.com/scholar?oi=bibs&hl=en&cites=9288319168885741444",239,"2023-03-01 19:22:46","Journal article","","","https://scholar.google.com/citations?view_op=view_citation&hl=en&user=DcxL9_wAAAAJ&cstart=200&pagesize=100&citation_for_view=DcxL9_wAAAAJ:mlAyqtXpCwEC",13,49,58809,58817,2,1.00,0,8,2,"","",""
2,"J Cai, MU Ali, J Xu, J Miao, J Chen, M Liu, Q Wei, G Xing, H Meng","Elucidating the Role of Substrates on Domain Distribution of Quasi-2D Perovskites for Blue Light-Emitting Diodes",2021,"ACS Applied Electronic Materials","","","https://scholar.google.com/scholar?oi=bibs&hl=en&cites=7458259750466065650",240,"2023-03-01 19:22:46","Journal article","","","https://scholar.google.com/citations?view_op=view_citation&hl=en&user=DcxL9_wAAAAJ&cstart=200&pagesize=100&citation_for_view=DcxL9_wAAAAJ:LO7wyVUgiFcC",3,9,4056,4065,2,1.00,0,9,2,"","",""
2,"H Xiong, R Li, Y Cheng, G Xing, W Huang","Bandgap engineering of layered mono-chalcogenides via pressure",2021,"Journal of Applied Physics","","","https://scholar.google.com/scholar?oi=bibs&hl=en&cites=2883451100381409073",241,"2023-03-01 19:22:46","Journal article","","","https://scholar.google.com/citations?view_op=view_citation&hl=en&user=DcxL9_wAAAAJ&cstart=200&pagesize=100&citation_for_view=DcxL9_wAAAAJ:0N-VGjzr574C",129,15,155703,155703,2,1.00,0,5,2,"","",""
2,"J Guo, K Wang, T Liu, Q Wei, S Mei, X Yu, Z Tang, G Xing, G Hong","Suppressing the defects in cesium-based perovskites via polymeric interlayer assisted crystallization control",2021,"Journal of Materials Chemistry A","","","https://scholar.google.com/scholar?oi=bibs&hl=en&cites=13210685053983380146",242,"2023-03-01 19:22:46","Journal article","","","https://scholar.google.com/citations?view_op=view_citation&hl=en&user=DcxL9_wAAAAJ&cstart=200&pagesize=100&citation_for_view=DcxL9_wAAAAJ:_5tno0g5mFcC",9,46,26149,26158,2,1.00,0,9,2,"","",""
2,"X Jun-Min, L Chao, X Gui-Chuan","Inkjet printed perovskite solar cells: progress and prospects",2019,"ACTA PHYSICA SINICA","","","https://scholar.google.com/scholar?oi=bibs&hl=en&cites=13812784979088271534",243,"2023-03-01 19:22:46","Journal article","","","https://scholar.google.com/citations?view_op=view_citation&hl=en&user=DcxL9_wAAAAJ&cstart=200&pagesize=100&citation_for_view=DcxL9_wAAAAJ:eq2jaN3J8jMC",68,15,,,2,0.50,1,3,4,"","",""
1,"R Guo, J Xia, H Gu, X Chu, Y Zhao, X Meng, Z Wu, J Li, Y Duan, Z Li, ...","Effective defect passivation with a designer ionic molecule for high-efficiency vapour-deposited inorganic phase-pure CsPbBr 3 perovskite solar cells",2023,"Journal of Materials Chemistry A","","","https://scholar.google.com/scholar?oi=bibs&hl=en&cites=12828530594861493030",244,"2023-03-01 19:22:46","Journal article","","","https://scholar.google.com/citations?view_op=view_citation&hl=en&user=DcxL9_wAAAAJ&cstart=200&pagesize=100&citation_for_view=DcxL9_wAAAAJ:PVgj2kMGcgYC",11,1,408,418,1,1.00,0,11,1,"","",""
1,"L Kong, Y Luo, L Turyanska, T Zhang, Z Zhang, G Xing, Y Yang, C Zhang, ...","A Spacer Cation Assisted Nucleation and Growth Strategy Enables Efficient and High‐Luminance Quasi‐2D Perovskite LEDs",2023,"Advanced Functional Materials","","","https://scholar.google.com/scholar?oi=bibs&hl=en&cites=7434953198061745130",245,"2023-03-01 19:22:46","Journal article","","","https://scholar.google.com/citations?view_op=view_citation&hl=en&user=DcxL9_wAAAAJ&cstart=200&pagesize=100&citation_for_view=DcxL9_wAAAAJ:AHdEip9mkN0C",33,2,2209186,2209186,1,1.00,0,9,1,"","",""
1,"G Wang, T Liu, B Wang, H Gu, Q Wei, Z Zhang, J He, M Li, G Xing","Hot-carrier tunable abnormal nonlinear absorption conversion in quasi-2D perovskite",2022,"Nature Communications","","","https://scholar.google.com/scholar?oi=bibs&hl=en&cites=12836022228021505061",246,"2023-03-01 19:22:46","Journal article","","","https://scholar.google.com/citations?view_op=view_citation&hl=en&user=DcxL9_wAAAAJ&cstart=200&pagesize=100&citation_for_view=DcxL9_wAAAAJ:6yz0xqPARnAC",13,1,6935,6935,1,1.00,0,9,1,"","",""
1,"Y Mao, C Liang, G Wang, Y Wang, Z Zhang, B Wang, Z Wen, Z Mu, G Sun, ...","Enhanced Amplified Spontaneous Emission from All‐Inorganic Perovskite Thin Films by Composition Engineering",2022,"Advanced Optical Materials","","","https://scholar.google.com/scholar?oi=bibs&hl=en&cites=11560810753140141302",247,"2023-03-01 19:22:46","Journal article","","","https://scholar.google.com/citations?view_op=view_citation&hl=en&user=DcxL9_wAAAAJ&cstart=200&pagesize=100&citation_for_view=DcxL9_wAAAAJ:LgRImbQfgY4C",2201845,,,,1,1.00,0,10,1,"","",""
1,"Z Ye, J Xia, D Zhang, X Duan, Z Xing, G Jin, Y Cai, G Xing, J Chen, D Ma","Efficient Quasi-2D Perovskite Light-Emitting Diodes Enabled by Regulating Phase Distribution with a Fluorinated Organic Cation",2022,"Nanomaterials","","","https://scholar.google.com/scholar?oi=bibs&hl=en&cites=14273392166834507367",248,"2023-03-01 19:22:46","Journal article","","","https://scholar.google.com/citations?view_op=view_citation&hl=en&user=DcxL9_wAAAAJ&cstart=200&pagesize=100&citation_for_view=DcxL9_wAAAAJ:artPoR2Yc-kC",12,19,3495,3495,1,1.00,0,10,1,"","",""
1,"Z Yang, S Peng, F Lin, P Wang, G Xing, L Yu","Self‐assembly Behavior of Metal Halide Perovskite Nanocrystals",2022,"Chinese Journal of Chemistry","","","https://scholar.google.com/scholar?oi=bibs&hl=en&cites=5201514633345763790",249,"2023-03-01 19:22:46","Journal article","","","https://scholar.google.com/citations?view_op=view_citation&hl=en&user=DcxL9_wAAAAJ&cstart=200&pagesize=100&citation_for_view=DcxL9_wAAAAJ:OP4eGU-M3BUC",40,18,2239,2248,1,1.00,0,6,1,"","",""
1,"W Wang, Q Wei, Y Gong, G Xing, B Wu, G Zhou","Nonlinear Infrared Photodetection Based on Strong Nondegenerate Two‐Photon Absorption of Perovskite Single Crystal",2022,"Advanced Optical Materials","","","https://scholar.google.com/scholar?oi=bibs&hl=en&cites=14230411867883490940",250,"2023-03-01 19:22:46","Journal article","","","https://scholar.google.com/citations?view_op=view_citation&hl=en&user=DcxL9_wAAAAJ&cstart=200&pagesize=100&citation_for_view=DcxL9_wAAAAJ:a3BOlSfXSfwC",10,16,2200400,2200400,1,1.00,0,6,1,"","",""
1,"S Luo, Z Wu, J Zhao, Z Luo, Q Qiu, Z Li, H Wu, G Xing, C Wu","ZIF-67 Derivative Decorated MXene for a Highly Integrated Flexible Self-Powered Photodetector",2022,"ACS Applied Materials &Interfaces","","","https://scholar.google.com/scholar?oi=bibs&hl=en&cites=7424626193548899805",251,"2023-03-01 19:22:46","Journal article","","","https://scholar.google.com/citations?view_op=view_citation&hl=en&user=DcxL9_wAAAAJ&cstart=200&pagesize=100&citation_for_view=DcxL9_wAAAAJ:3htObqc8RwsC",14,17,19725,19735,1,1.00,0,9,1,"","",""
1,"Y Jiang, Q Wei, KF Li, M Jin, HL Tam, G Li, GC Xing, KW Cheah","Gain Bandwidth Engineering in Polymer Blends for Full‐Color‐Tunable Lasers",2022,"Advanced Optical Materials","","","https://scholar.google.com/scholar?oi=bibs&hl=en&cites=16006442363976520836",252,"2023-03-01 19:22:46","Journal article","","","https://scholar.google.com/citations?view_op=view_citation&hl=en&user=DcxL9_wAAAAJ&cstart=200&pagesize=100&citation_for_view=DcxL9_wAAAAJ:cWzG1nlazyYC",10,7,2102472,2102472,1,1.00,0,8,1,"","",""
1,"Z Cui, D Yang, S Qin, Z Wen, H He, S Mei, W Zhang, G Xing, C Liang, ...","Advances, Challenges, and Perspectives for Heavy‐Metal‐Free Blue‐Emitting Indium Phosphide Quantum Dot Light‐Emitting Diodes",2022,"Advanced Optical Materials","","","https://scholar.google.com/scholar?oi=bibs&hl=en&cites=1023031234315460214",253,"2023-03-01 19:22:46","Journal article","","","https://scholar.google.com/citations?view_op=view_citation&hl=en&user=DcxL9_wAAAAJ&cstart=200&pagesize=100&citation_for_view=DcxL9_wAAAAJ:4xDN1ZYqzskC",2202036,,,,1,1.00,0,10,1,"","",""
1,"W Xu, Y Gao, K Qian, B Wang, R Xu, M He, T Li, G Xing, S Yang, G Wei","A visible to near-infrared nanocrystalline organic photodetector with ultrafast photoresponse",2022,"Journal of Materials Chemistry C","","","https://scholar.google.com/scholar?oi=bibs&hl=en&cites=14622073024986816264",254,"2023-03-01 19:22:46","Journal article","","","https://scholar.google.com/citations?view_op=view_citation&hl=en&user=DcxL9_wAAAAJ&cstart=200&pagesize=100&citation_for_view=DcxL9_wAAAAJ:_OXeSy2IsFwC",10,24,9391,9400,1,1.00,0,10,1,"","",""
1,"D Liu, P Zhou, H Bai, H Ai, X Du, M Chen, D Liu, WF Ip, KH Lo, CT Kwok, ...","Development of Perovskite Oxide‐Based Electrocatalysts for Oxygen Evolution Reaction (Small 43/2021)",2021,"Small","","","https://scholar.google.com/scholar?oi=bibs&hl=en&cites=11532274183012646895",255,"2023-03-01 19:22:46","Journal article","","","https://scholar.google.com/citations?view_op=view_citation&hl=en&user=DcxL9_wAAAAJ&cstart=200&pagesize=100&citation_for_view=DcxL9_wAAAAJ:2VqYfGB8ITEC",17,43,2170226,2170226,1,0.50,0,11,2,"","",""
1,"D Liu, H Ai, J Li, M Fang, M Chen, D Liu, X Du, P Zhou, F Li, KH Lo, ...","Oxygen Evolution Reaction: Surface Reconstruction and Phase Transition on Vanadium–Cobalt–Iron Trimetal Nitrides to Form Active Oxyhydroxide for Enhanced Electrocatalytic Water …",2020,"Advanced Energy Materials","","","https://scholar.google.com/scholar?oi=bibs&hl=en&cites=13719852650990526833",256,"2023-03-01 19:22:46","Journal article","","","https://scholar.google.com/citations?view_op=view_citation&hl=en&user=DcxL9_wAAAAJ&cstart=200&pagesize=100&citation_for_view=DcxL9_wAAAAJ:EYYDruWGBe4C",10,45,2070184,2070184,1,0.33,0,11,3,"","",""
1,"Q Guo, J Mao, J Huang, Z Wang, Y Zhang, J Hu, J Dong, S Sathasivam, ...","Oxygen Evolution Reaction Kinetics: Reducing Oxygen Evolution Reaction Overpotential in Cobalt‐Based Electrocatalysts via Optimizing the “Microparticles‐in‐Spider Web …",2020,"Small 8 (16), n/a-n/a","","","https://scholar.google.com/scholar?oi=bibs&hl=en&cites=16749087882317299127",257,"2023-03-01 19:22:46","","","","https://scholar.google.com/citations?view_op=view_citation&hl=en&user=DcxL9_wAAAAJ&cstart=200&pagesize=100&citation_for_view=DcxL9_wAAAAJ:N5tVd3kTz84C",,,,,1,0.33,0,9,3,"","",""
1,"D Li, C Liang, EV Ushakova, M Sun, X Huang, X Zhang, P Jing, SJ Yoo, ...","Photoluminescence: Thermally Activated Upconversion Near‐Infrared Photoluminescence from Carbon Dots Synthesized via Microwave Assisted Exfoliation (Small 50/2019)",2019,"Small","","","https://scholar.google.com/scholar?oi=bibs&hl=en&cites=1580422869973956846",258,"2023-03-01 19:22:46","Journal article","","","https://scholar.google.com/citations?view_op=view_citation&hl=en&user=DcxL9_wAAAAJ&cstart=200&pagesize=100&citation_for_view=DcxL9_wAAAAJ:Y5dfb0dijaUC",15,50,1970288,1970288,1,0.25,0,9,4,"","",""
1,"P Li, C Liang, XL Liu, F Li, Y Zhang, XT Liu, H Gu, X Hu, G Xing, X Tao, ...","Perovskite Solar Cells: Low‐Dimensional Perovskites with Diammonium and Monoammonium Alternant Cations for High‐Performance Photovoltaics (Adv. Mater. 35/2019)",2019,"Advanced Materials","","","https://scholar.google.com/scholar?oi=bibs&hl=en&cites=11216913400994850753",259,"2023-03-01 19:22:46","Journal article","","","https://scholar.google.com/citations?view_op=view_citation&hl=en&user=DcxL9_wAAAAJ&cstart=200&pagesize=100&citation_for_view=DcxL9_wAAAAJ:bnK-pcrLprsC",31,35,1970252,1970252,1,0.25,0,11,4,"","",""
1,"S Shukla, T Sritharan, X Qihua, TC Sum, G Xing, N Mathews, H Ge, ...","Investigation of Photocarrier Losses in Pyrite (FeS2) Film Consisting Single Crystal Nanocubes",2017,"Proc. 2 nd World Cong. on Recent Adv. in Nanotechn., ICNNFC paper","","","https://scholar.google.com/scholar?oi=bibs&hl=en&cites=3551905770976319572",260,"2023-03-01 19:22:46","Conference paper","","","https://scholar.google.com/citations?view_op=view_citation&hl=en&user=DcxL9_wAAAAJ&cstart=200&pagesize=100&citation_for_view=DcxL9_wAAAAJ:D03iK_w7-QYC",,,,,1,0.17,0,8,6,"","",""
1,"Y Tang, Z Jiang, G Xing, A Li, PD Kanhere, Y Zhang, TC Sum, S Li, ...","Hollow Nanostructures: Efficient Ag@ AgCl Cubic Cage Photocatalysts Profit from Ultrafast Plasmon‐Induced Electron Transfer Processes (Adv. Funct. Mater. 23/2013)",2013,"Advanced Functional Materials","","","https://scholar.google.com/scholar?oi=bibs&hl=en&cites=18063748188029128566",261,"2023-03-01 19:22:46","Journal article","","","https://scholar.google.com/citations?view_op=view_citation&hl=en&user=DcxL9_wAAAAJ&cstart=200&pagesize=100&citation_for_view=DcxL9_wAAAAJ:L8Ckcad2t8MC",23,23,2902,2902,1,0.10,0,9,10,"","",""
1,"TC Sum, G Xing, CHA Huan, H Guo, X Zhang","Probing ultrafast carrier-carrier scattering dynamics in epitaxial graphene",2010,"CLEO/QELS: 2010 Laser Science to Photonic Applications","","","https://scholar.google.com/scholar?oi=bibs&hl=en&cites=5153862361641742146",262,"2023-03-01 19:22:46","Book chapter","","","https://scholar.google.com/citations?view_op=view_citation&hl=en&user=DcxL9_wAAAAJ&cstart=200&pagesize=100&citation_for_view=DcxL9_wAAAAJ:Zph67rFs4hoC",,,1,2,1,0.08,0,5,13,"","",""
1,"L Wang, L Li, B Wang, J Wu, Y Liu, E Liu, H Zhang, B Zhang, G Xing, Q Li, ...","L-Arginine-Functionalized Carbon Dots with Enhanced Red Emission and Upregulated Intracellular L-Arginine Intake for Obesity Inhibition",,"Small (Weinheim an der Bergstrasse, Germany), e2206667,","","","https://scholar.google.com/scholar?oi=bibs&hl=en&cites=10727728798008218877",263,"2023-03-01 19:22:46","","","","https://scholar.google.com/citations?view_op=view_citation&hl=en&user=DcxL9_wAAAAJ&cstart=200&pagesize=100&citation_for_view=DcxL9_wAAAAJ:otzGkya1bYkC",,,,,1,0.00,0,11,,"","",""
0,"A Chen, SJ Chua, GC Xing, W Ji, XH Zhang, JR Dong, LK Jian, ...","Two-dimensional  photonic crystal membrane lasers operating in the visible regime at room temperature",2007,"Applied physics letters","","","https://scholar.google.com/scholar?oi=bibs&hl=en&cites=16028370009557277449",131,"2023-03-01 19:22:46","Journal article","","","https://scholar.google.com/citations?view_op=view_citation&hl=en&user=DcxL9_wAAAAJ&cstart=100&pagesize=100&citation_for_view=DcxL9_wAAAAJ:mVmsd5A6BfQC",90,1,11113,11113,0,0.00,0,8,16,"","",""
0,"X Guan, J Lu, Q Wei, Y Li, Y Meng, K Lin, Y Zhao, W Feng, K Liu, G Xing, ...","Suppressing Disproportionation Decomposition in Sn-Based Perovskite Light-Emitting Diodes",2023,"ACS Energy Letters","","","https://scholar.google.com",264,"2023-03-01 19:22:46","Journal article","","","https://scholar.google.com/citations?view_op=view_citation&hl=en&user=DcxL9_wAAAAJ&cstart=200&pagesize=100&citation_for_view=DcxL9_wAAAAJ:LdasjJ6CEcoC",8,,1597,1605,0,0.00,0,11,1,"","",""
0,"X Fan, Z Mu, Z Chen, Y Zhan, F Meng, Y Li, G Xing, WY Wong","An Efficient Green-Emitting Quantum Dot with Near-Unity Quantum Yield and Suppressed Auger Recombination for High-Performance Light-Emitting Diodes",2023,"Chemical Engineering Journal","","","https://scholar.google.com",265,"2023-03-01 19:22:46","Journal article","","","https://scholar.google.com/citations?view_op=view_citation&hl=en&user=DcxL9_wAAAAJ&cstart=200&pagesize=100&citation_for_view=DcxL9_wAAAAJ:kVjdVfd2voEC",142027,,,,0,0.00,0,8,1,"","",""
0,"W Huang, M Qiu, F Yu, J Chen, X Li, Q Wei, G Xing, B Wu, W Chen, ...","Synthesis, Characterization and Singlet Fission Behaviors of Heteroatom‐Doped Polycyclic Aromatic Hydrocarbons with (β, β) Connected Furan/Thiophene Ring",2023,"Chemistry–A European Journal","","","https://scholar.google.com",266,"2023-03-01 19:22:46","Journal article","","","https://scholar.google.com/citations?view_op=view_citation&hl=en&user=DcxL9_wAAAAJ&cstart=200&pagesize=100&citation_for_view=DcxL9_wAAAAJ:v1_lew4L6wgC",,,202203947,,0,0.00,0,10,1,"","",""
0,"F Cao, D Yu, M Telychko, J Lu, P Pang, C Su, G Xing","Navigating the Site-Distinct Energy Conversion Properties of Perovskite Quantum Wells",2023,"ACS Energy Letters","","","https://scholar.google.com",267,"2023-03-01 19:22:46","Journal article","","","https://scholar.google.com/citations?view_op=view_citation&hl=en&user=DcxL9_wAAAAJ&cstart=200&pagesize=100&citation_for_view=DcxL9_wAAAAJ:43bX7VzcjpAC",8,,1236,1265,0,0.00,0,7,1,"","",""
0,"D He, M Zeng, Z Zhang, Y Bai, G Xing, HM Cheng, Y Lin","Exciton diffusion and dissociation in organic and quantum‐dot solar cells",2023,"SmartMat","","","https://scholar.google.com",268,"2023-03-01 19:22:46","Book chapter","","","https://scholar.google.com/citations?view_op=view_citation&hl=en&user=DcxL9_wAAAAJ&cstart=200&pagesize=100&citation_for_view=DcxL9_wAAAAJ:zCSUwVk65WsC",,,1176,,0,0.00,0,7,1,"","",""
0,"Z Wen, Y Zhong, B He, G Wang, S Li, Z Mu, J Li, J Xie, Y Zheng, G Xing, ...","Graphene induced structure and doping level tuning of evaporated CsPbBr3 on different substrates",2023,"Chemical Engineering Journal","","","https://scholar.google.com",269,"2023-03-01 19:22:46","Journal article","","","https://scholar.google.com/citations?view_op=view_citation&hl=en&user=DcxL9_wAAAAJ&cstart=200&pagesize=100&citation_for_view=DcxL9_wAAAAJ:gVv57TyPmFsC",452,,139243,139243,0,0.00,0,11,1,"","",""
0,"Z Zhang, J Liao, G Xing","Regulating coordination geometry of polyhedron in zero-dimensional metal halides towards tunable emission",2023,"Nanoscale","","","https://scholar.google.com",270,"2023-03-01 19:22:46","","","","https://scholar.google.com/citations?view_op=view_citation&hl=en&user=DcxL9_wAAAAJ&cstart=200&pagesize=100&citation_for_view=DcxL9_wAAAAJ:U4n9YNQMCAIC",,,,,0,0.00,0,3,1,"","",""
0,"L Qiu, G Si, X Bao, J Liu, M Guan, Y Wu, X Qi, G Xing, Z Dai, Q Bao, G Li","Interfacial engineering of halide perovskites and two-dimensional materials",2023,"Chemical Society Reviews","","","https://scholar.google.com",271,"2023-03-01 19:22:46","Journal article","","","https://scholar.google.com/citations?view_op=view_citation&hl=en&user=DcxL9_wAAAAJ&cstart=200&pagesize=100&citation_for_view=DcxL9_wAAAAJ:uDGL6kOW6j0C",,,,,0,0.00,0,11,1,"","",""
0,"T Zhang, P Liu, F Zhao, Y Tan, J Sun, X Xiao, Z Wang, Q Wang, F Zheng, ...","Electric dipole modulation for boosting carrier recombination in green InP QLEDs under strong electron injection",2023,"Nanoscale Advances","","","https://scholar.google.com",272,"2023-03-01 19:22:46","","","","https://scholar.google.com/citations?view_op=view_citation&hl=en&user=DcxL9_wAAAAJ&cstart=200&pagesize=100&citation_for_view=DcxL9_wAAAAJ:0CzhzZyukY4C",,,,,0,0.00,0,10,1,"","",""
0,"R He, Z Yi, Y Luo, J Luo, Q Wei, H Lai, H Huang, B Zou, G Cui, W Wang, ...","Pure 2D Perovskite Formation by Interfacial Engineering Yields a High Open‐Circuit Voltage beyond 1.28 V for 1.77‐eV Wide‐Bandgap Perovskite Solar Cells",2022,"Advanced Science","","","https://scholar.google.com",273,"2023-03-01 19:22:46","Journal article","","","https://scholar.google.com/citations?view_op=view_citation&hl=en&user=DcxL9_wAAAAJ&cstart=200&pagesize=100&citation_for_view=DcxL9_wAAAAJ:sJsF-0ZLhtgC",9,36,2203210,2203210,0,0.00,0,11,1,"","",""
0,"Y Zheng, X Xu, S Liu, G Xu, Z Bi, Y Zhu, K Wang, S Liu, A Guerrero, ...","Blade Coating High‐Quality Formamidinium–Cesium Lead Halide Perovskites with Green Solvent for Efficient and Stable Solar Cells",2022,"Solar RRL","","","https://scholar.google.com",274,"2023-03-01 19:22:46","Journal article","","","https://scholar.google.com/citations?view_op=view_citation&hl=en&user=DcxL9_wAAAAJ&cstart=200&pagesize=100&citation_for_view=DcxL9_wAAAAJ:F1b5ZUV5XREC",6,12,2200737,2200737,0,0.00,0,10,1,"","",""
0,"Y Li, JF Liao, H Pan, G Xing","Interfacial Engineering for High‐Performance PTAA‐Based Inverted 3D Perovskite Solar Cells",2022,"Solar RRL","","","https://scholar.google.com",275,"2023-03-01 19:22:46","Journal article","","","https://scholar.google.com/citations?view_op=view_citation&hl=en&user=DcxL9_wAAAAJ&cstart=200&pagesize=100&citation_for_view=DcxL9_wAAAAJ:vDZJ-YLwNdEC",2200647,,,,0,0.00,0,4,1,"","",""
0,"L Sun, B Wang, G Xing, C Liang, W Ma, S Yang","Bi-induced photochromism and photo-stimulated luminescence with fast photochromic response for multi-mode dynamic anti-counterfeiting and optical information storage",2022,"Chemical Engineering Journal","","","https://scholar.google.com",276,"2023-03-01 19:22:46","Journal article","","","https://scholar.google.com/citations?view_op=view_citation&hl=en&user=DcxL9_wAAAAJ&cstart=200&pagesize=100&citation_for_view=DcxL9_wAAAAJ:gKiMpY-AVTkC",140752,,,,0,0.00,0,6,1,"","",""
0,"X Zhu, R Lin, H Gu, HC Hu, Z Liu, G Xing, Y Wu, X Ouyang","Eco‐friendly hydroxyalkyl cellulose additives for efficient and stable MAPbI3‐based inverted perovskite solar cells",2022,"Energy &Environmental Materials","","","https://scholar.google.com",277,"2023-03-01 19:22:46","Book chapter","","","https://scholar.google.com/citations?view_op=view_citation&hl=en&user=DcxL9_wAAAAJ&cstart=200&pagesize=100&citation_for_view=DcxL9_wAAAAJ:yMeIxYmEMEAC",,,12426,,0,0.00,0,8,1,"","",""
0,"T Liu, Q Wei, S Cai, B He, Z Su, Z Zhang, Y Zhang, H Zhou, G Wang, ...","Self-Assembled Bilayer Microstructure Improves Quasi-2D Perovskite Light-Emitting Diodes",2022,"Chemistry of Materials","","","https://scholar.google.com",278,"2023-03-01 19:22:46","Journal article","","","https://scholar.google.com/citations?view_op=view_citation&hl=en&user=DcxL9_wAAAAJ&cstart=200&pagesize=100&citation_for_view=DcxL9_wAAAAJ:4X0JR2_MtJMC",34,23,10435,10442,0,0.00,0,10,1,"","",""
0,"X Bao, L Zhuo, W Dong, J Guo, G Wang, B Wang, Q Wei, Z Huang, J Li, ...","Black Arsenic–Phosphorus Nanosheets for Highly Responsive Photodetection and Dual-Wavelength Ultrafast Pulse Generation at Telecommunication Bands",2022,"ACS Applied Materials &Interfaces","","","https://scholar.google.com",279,"2023-03-01 19:22:46","Journal article","","","https://scholar.google.com/citations?view_op=view_citation&hl=en&user=DcxL9_wAAAAJ&cstart=200&pagesize=100&citation_for_view=DcxL9_wAAAAJ:2tRrZ1ZAMYUC",14,46,52270,52278,0,0.00,0,10,1,"","",""
0,"H Wang, H Li, Y Tang, Z Xu, K Wang, Q Li, B He, Y Liu, M Ge, S Chen, ...","Stabilizing Zn Anode Interface by Simultaneously Manipulating the Thermodynamics of Zn Nucleation and Overpotential of Hydrogen Evolution (Adv. Funct. Mater. 48/2022)",2022,"Advanced Functional Materials","","","https://scholar.google.com",280,"2023-03-01 19:22:46","Journal article","","","https://scholar.google.com/citations?view_op=view_citation&hl=en&user=DcxL9_wAAAAJ&cstart=200&pagesize=100&citation_for_view=DcxL9_wAAAAJ:wMgC3FpKEyYC",32,48,2270271,2270271,0,0.00,0,11,1,"","",""
0,"Y Han, Y Dong, H Gu, T Cheng, Y Xie, Y Lin, G Xing, J Yin, BB Cui","Efficient Room‐Temperature Phosphorescence of 1D Organic–Inorganic Hybrid Metal Halides",2022,"Small Structures","","","https://scholar.google.com",281,"2023-03-01 19:22:46","Journal article","","","https://scholar.google.com/citations?view_op=view_citation&hl=en&user=DcxL9_wAAAAJ&cstart=200&pagesize=100&citation_for_view=DcxL9_wAAAAJ:lvd772isFD0C",3,11,2200110,2200110,0,0.00,0,9,1,"","",""
0,"S Li, J Xia, C Liang, Z Wen, Z Mu, K Wang, H Gu, S Mei, H Pan, J Chen, ...","Anion induced bottom surface passivation for high performance perovskite solar cell",2022,"Chemical Engineering Journal","","","https://scholar.google.com",282,"2023-03-01 19:22:46","Journal article","","","https://scholar.google.com/citations?view_op=view_citation&hl=en&user=DcxL9_wAAAAJ&cstart=200&pagesize=100&citation_for_view=DcxL9_wAAAAJ:mNrWkgRL2YcC",442,,135895,135895,0,0.00,0,11,1,"","",""
0,"L Tao, X Du, J Hu, S Wang, C Lin, Q Wei, Y Xia, G Xing, Y Chen","Stabilizing wide-bandgap halide perovskites through hydrogen bonding",2022,"Science China Chemistry","","","https://scholar.google.com",283,"2023-03-01 19:22:46","Journal article","","","https://scholar.google.com/citations?view_op=view_citation&hl=en&user=DcxL9_wAAAAJ&cstart=200&pagesize=100&citation_for_view=DcxL9_wAAAAJ:ZzlSgRqYykMC",65,8,1650,1660,0,0.00,0,9,1,"","",""
0,"JF Liao, Z Zhang, B Wang, Z Tang, G Xing","Full-color-tunable phosphorescence of antimony-doped lead halide single crystal",2022,"npj Flexible Electronics","","","https://scholar.google.com",284,"2023-03-01 19:22:46","Journal article","","","https://scholar.google.com/citations?view_op=view_citation&hl=en&user=DcxL9_wAAAAJ&cstart=200&pagesize=100&citation_for_view=DcxL9_wAAAAJ:Aul-kAQHnToC",6,1,57,57,0,0.00,0,5,1,"","",""
0,"K Wang, X Gao, C Qin, G Xing","Metal Halide Perovskites for Coherent Light Emission",2022,"Perovskite Materials and Devices","","","https://scholar.google.com",285,"2023-03-01 19:22:46","Journal article","","","https://scholar.google.com/citations?view_op=view_citation&hl=en&user=DcxL9_wAAAAJ&cstart=200&pagesize=100&citation_for_view=DcxL9_wAAAAJ:8xutWZnSdmoC",2,,527,553,0,0.00,0,4,1,"","",""
0,"X He, Y Deng, D Ouyang, N Zhang, J Wang, AA Murthy, I Spanopoulos, ...","Recent Development of Halide Perovskite Materials and Devices for Ionizing Radiation Detection",2022,"Chemical Reviews","","","https://scholar.google.com",286,"2023-03-01 19:22:46","Journal article","","","https://scholar.google.com/citations?view_op=view_citation&hl=en&user=DcxL9_wAAAAJ&cstart=200&pagesize=100&citation_for_view=DcxL9_wAAAAJ:BzfGm06jWhQC",,,,,0,0.00,0,8,1,"","",""
0,"PY Pang, GC Xing","Robust transfer-printing method for perovskite films and nanostructures. JUSTC, 2022, 52 (11): 1. DOI: 10.52396",2022,"Advanced Engineering Materials","","","https://scholar.google.com",287,"2023-03-01 19:22:46","Journal article","","","https://scholar.google.com/citations?view_op=view_citation&hl=en&user=DcxL9_wAAAAJ&cstart=200&pagesize=100&citation_for_view=DcxL9_wAAAAJ:QD3KBmkZPeQC",24,2100930,2100930,2100930,0,0.00,0,2,1,"","",""
0,"P Pang, G Xing","Robust transfer-printing method for perovskite films and nanostructures",2022,"JUSTC 52 (11), 1-1-","","","https://scholar.google.com",288,"2023-03-01 19:22:46","Book chapter","","","https://scholar.google.com/citations?view_op=view_citation&hl=en&user=DcxL9_wAAAAJ&cstart=200&pagesize=100&citation_for_view=DcxL9_wAAAAJ:jL-93Qbq4QoC",,,1,4,0,0.00,0,2,1,"","",""
0,"D Chan, Y Liu, Y Fan, H Wang, S Chen, T Hao, H Li, Z Bai, H Shao, ...","Functional Janus Membranes: Promising Platform for Advanced Lithium Batteries and Beyond",2022,"Energy &Environmental Materials","","","https://scholar.google.com",289,"2023-03-01 19:22:46","Book chapter","","","https://scholar.google.com/citations?view_op=view_citation&hl=en&user=DcxL9_wAAAAJ&cstart=200&pagesize=100&citation_for_view=DcxL9_wAAAAJ:Ehil0879vHcC",,,12451,,0,0.00,0,10,1,"","",""
0,"Q Cai, C Liang, Z Lin, W Zhang, G Shen, H Dong, X Xu, H Wang, C Mu, ...","High-performance perovskite solar cells resulting from large perovskite grain size enabled by the urea additive",2022,"Sustainable Energy &Fuels","","","https://scholar.google.com",290,"2023-03-01 19:22:46","Journal article","","","https://scholar.google.com/citations?view_op=view_citation&hl=en&user=DcxL9_wAAAAJ&cstart=200&pagesize=100&citation_for_view=DcxL9_wAAAAJ:KbBQZpvPDL4C",6,12,2955,2961,0,0.00,0,10,1,"","",""
0,"Z Tang, G Xing, Y Tang, Y Song","Special Issue on the 40th Anniversary of University of Macau (Small 43/2021)",2021,"Small","","","https://scholar.google.com",291,"2023-03-01 19:22:46","Journal article","","","https://scholar.google.com/citations?view_op=view_citation&hl=en&user=DcxL9_wAAAAJ&cstart=200&pagesize=100&citation_for_view=DcxL9_wAAAAJ:DUooU5lO8OsC",17,43,2170223,2170223,0,0.00,0,4,2,"","",""
0,"Z Tang, G Xing, Y Tang, Y Song","Special Issue on the 40th Anniversary of University of Macau",2021,"Small","","","https://scholar.google.com",292,"2023-03-01 19:22:46","Journal article","","","https://scholar.google.com/citations?view_op=view_citation&hl=en&user=DcxL9_wAAAAJ&cstart=200&pagesize=100&citation_for_view=DcxL9_wAAAAJ:sNmaIFBj_lkC",17,43,2105656,2105656,0,0.00,0,4,2,"","",""
0,"Y Jiang, Q Wei, KF Li, M Jin, HL Tam, G Li, G Xing, KW Cheah","Transcending the gain bandwidth limitation in semiconductors for full-colour-tunable lasers",2021,"","","","https://scholar.google.com",293,"2023-03-01 19:22:46","","","","https://scholar.google.com/citations?view_op=view_citation&hl=en&user=DcxL9_wAAAAJ&cstart=200&pagesize=100&citation_for_view=DcxL9_wAAAAJ:rmuvC79q63oC",,,,,0,0.00,0,8,2,"","",""
0,"B Chen, Y Guo, Y Wang, Z Liu, Q Wei, S Wang, AL Rogach, G Xing, P Shi, ...","Multiexcitonic Emission in Zero-Dimensional Cs₂ZrCl₆: Sb³⁺ Perovskite Crystals",2021,"","","","https://scholar.google.com",294,"2023-03-01 19:22:46","","","","https://scholar.google.com/citations?view_op=view_citation&hl=en&user=DcxL9_wAAAAJ&cstart=200&pagesize=100&citation_for_view=DcxL9_wAAAAJ:DJbcl8HfkQkC",,,,,0,0.00,0,10,2,"","",""
0,"X Bao, T Sun, Y Liu, C Xu, W Ma, J Guo, Y Zheng, SB Nanjunda, H Liu, ...","A graphene–Mo 2 C heterostructure for a highly responsive broadband photodetector",2021,"Physical Chemistry Chemical Physics","","","https://scholar.google.com",295,"2023-03-01 19:22:46","Journal article","","","https://scholar.google.com/citations?view_op=view_citation&hl=en&user=DcxL9_wAAAAJ&cstart=200&pagesize=100&citation_for_view=DcxL9_wAAAAJ:0izLItjtcgwC",23,40,23024,23031,0,0.00,0,10,2,"","",""
0,"X Li, M Chen, S Mei, B Wang, K Wang, G Xing, Z Tang","全无机二维钙钛矿Cs2PbI2Cl2中的光致相变和光 致变色",2020,"Science China Materials","","","https://scholar.google.com",296,"2023-03-01 19:22:46","Journal article","","","https://scholar.google.com/citations?view_op=view_citation&hl=en&user=DcxL9_wAAAAJ&cstart=200&pagesize=100&citation_for_view=DcxL9_wAAAAJ:1lhNe0rCu4AC",63,,1510,1517,0,0.00,0,7,3,"","",""
0,"D Zhao, B Wang, C Liang, T Liu, Q Wei, S Wang, K Wang, Z Zhang, X Li, ...","高效制备优质Cs2AgBiBr6薄膜及其太阳能电池",2020,"Science China Materials","","","https://scholar.google.com",297,"2023-03-01 19:22:46","Journal article","","","https://scholar.google.com/citations?view_op=view_citation&hl=en&user=DcxL9_wAAAAJ&cstart=200&pagesize=100&citation_for_view=DcxL9_wAAAAJ:CaZNVDsoPx4C",63,,1518,1525,0,0.00,0,10,3,"","",""
0,"SN Vijayaraghavan, J Wall, L Li, G Xing, Q Zhang, F Yan","Materials Today Physics",2020,"","","","https://scholar.google.com",298,"2023-03-01 19:22:46","","","","https://scholar.google.com/citations?view_op=view_citation&hl=en&user=DcxL9_wAAAAJ&cstart=200&pagesize=100&citation_for_view=DcxL9_wAAAAJ:SpbeaW3--B0C",,,,,0,0.00,0,6,3,"","",""
0,"D Zhao, B Wang, C Liang, T Liu, Q Wei, S Wang, K Wang, Z Zhang, X Li, ...","Facile deposition of high-quality Cs2AgBiBr6 films for efficient double perovskite solar cells 高效制备优质 Cs2AgBiBr6 薄膜及其太阳能电池",2020,"SCIENCE PRESS, 16 DONGHUANGCHENGGEN NORTH ST, BEIJING 100717, PEOPLES R …","","","https://scholar.google.com",299,"2023-03-01 19:22:46","","","","https://scholar.google.com/citations?view_op=view_citation&hl=en&user=DcxL9_wAAAAJ&cstart=200&pagesize=100&citation_for_view=DcxL9_wAAAAJ:48xauSegjOkC",,,,,0,0.00,0,10,3,"","",""
0,"JM Xia, C Liang, GC Xing","Inkjet printed perovskite solar cells: progress and prospects 喷墨打印钙钛矿太阳能电池研究进展与展望",2019,"CHINESE PHYSICAL SOC, PO BOX 603, BEIJING 100080, PEOPLES R CHINA","","","https://scholar.google.com",300,"2023-03-01 19:22:46","Journal article","","","https://scholar.google.com/citations?view_op=view_citation&hl=en&user=DcxL9_wAAAAJ&cstart=200&pagesize=100&citation_for_view=DcxL9_wAAAAJ:XoXfffV-tXoC",68,15,,,0,0.00,0,3,4,"","",""
0,"Z Zhang, F Sun, Z Zhu, J Dai, K Gao, Q Wei, X Shi, Q Sun, Y Yan, H Li, ...","非传统溶液外延法在金属硫化物纳米片表面生长有机无机杂化钙钛矿纳米晶",2019,"Science China Materials","","","https://scholar.google.com",301,"2023-03-01 19:22:46","Journal article","","","https://scholar.google.com/citations?view_op=view_citation&hl=en&user=DcxL9_wAAAAJ&cstart=300&pagesize=100&citation_for_view=DcxL9_wAAAAJ:ubry08Y2EpUC",62,,43,53,0,0.00,0,11,4,"","",""
0,"夏俊民, 梁超, 邢贵川","喷墨打印钙钛矿太阳能电池研究进展与展望",2019,"物理学报","","","https://scholar.google.com",302,"2023-03-01 19:22:46","Journal article","","","https://scholar.google.com/citations?view_op=view_citation&hl=en&user=DcxL9_wAAAAJ&cstart=300&pagesize=100&citation_for_view=DcxL9_wAAAAJ:dTyEYWd-f8wC",68,15,158807,158807,0,0.00,0,3,4,"","",""
0,"Y Tao, R Chen, H Li, J Yuan, Y Wan, H Jiang, C Chen, Y Si, C Zheng, ...","Purely Organic Phosphorescence: Resonance‐Activated Spin‐Flipping for Efficient Organic Ultralong Room‐Temperature Phosphorescence (Adv. Mater. 44/2018)",2018,"Advanced Materials","","","https://scholar.google.com",303,"2023-03-01 19:22:46","Journal article","","","https://scholar.google.com/citations?view_op=view_citation&hl=en&user=DcxL9_wAAAAJ&cstart=300&pagesize=100&citation_for_view=DcxL9_wAAAAJ:WbkHhVStYXYC",30,44,1870335,1870335,0,0.00,0,10,5,"","",""
0,"G Xing, N Mathews, SG Mhaisalkar, TC Sum","Emission source and method of forming the same",2018,"","","","https://scholar.google.com",304,"2023-03-01 19:22:46","","","","https://scholar.google.com/citations?view_op=view_citation&hl=en&user=DcxL9_wAAAAJ&cstart=300&pagesize=100&citation_for_view=DcxL9_wAAAAJ:yqoGN6RLRZoC",,,,,0,0.00,0,4,5,"","",""
0,"J Chen, Q Zhang, W Du, Y Mi, Q Shang, J Shi, P Liu, X Sui, X Wu, R Wang, ...","Room Temperature Continuous-wave Excited Biexciton Emission in CsPbBr3 Nanocrystals",2018,"arXiv preprint arXiv:1804.","","","https://scholar.google.com",305,"2023-03-01 19:22:46","Preprint","","","https://scholar.google.com/citations?view_op=view_citation&hl=en&user=DcxL9_wAAAAJ&cstart=300&pagesize=100&citation_for_view=DcxL9_wAAAAJ:SP6oXDckpogC",9782,,,,0,0.00,0,11,5,"","",""
0,"M Li, G Xing, X Liu, TC Sum","Lasing from halide perovskites",2016,"2016 International Conference on Numerical Simulation of Optoelectronic …","","","https://scholar.google.com",306,"2023-03-01 19:22:46","Conference paper","","","https://scholar.google.com/citations?view_op=view_citation&hl=en&user=DcxL9_wAAAAJ&cstart=300&pagesize=100&citation_for_view=DcxL9_wAAAAJ:SeFeTyx0c_EC",,,,,0,0.00,0,4,7,"","",""
0,"H Li, L Xu, Y Tang, Y Tao, S Xu, C Zheng, G Xing, X Zhou, W Huang, ...","Direct silicon–nitrogen bonded host materials with enhanced r–p conjugation for blue phosphorescent organic light-emitting diodes",2016,"","","","https://scholar.google.com",307,"2023-03-01 19:22:46","","","","https://scholar.google.com/citations?view_op=view_citation&hl=en&user=DcxL9_wAAAAJ&cstart=300&pagesize=100&citation_for_view=DcxL9_wAAAAJ:HE397vMXCloC",,,,,0,0.00,0,10,7,"","",""
0,"N Mathews, CK Gan, WK Chong, G Xing, Y Liu, EL Gui, Q Zhang, Q Xiong, ...","Direct measurement of coherent phonon dynamics in solution-processed stibnite thin films",2014,"","","","https://scholar.google.com",308,"2023-03-01 19:22:46","","","","https://scholar.google.com/citations?view_op=view_citation&hl=en&user=DcxL9_wAAAAJ&cstart=300&pagesize=100&citation_for_view=DcxL9_wAAAAJ:lgwcVrK6X84C",,,,,0,0.00,0,9,9,"","",""
0,"X Zhang, M Li, B Wu, SA Ekahana, MIB Utama, G Xing, Q Xiong, TC Sum","Size and surface effects on transient photoconductivity in CdS nanobelts probed by optical pump-terahertz probe spectroscopy",2013,"Asia Communications and Photonics Conference, AF2A.","","","https://scholar.google.com",309,"2023-03-01 19:22:46","Conference paper","","","https://scholar.google.com/citations?view_op=view_citation&hl=en&user=DcxL9_wAAAAJ&cstart=300&pagesize=100&citation_for_view=DcxL9_wAAAAJ:4JMBOYKVnBMC",7,,,,0,0.00,0,8,10,"","",""
0,"G Wang, J Geng, X Zhang, G Xing, TC Sum, YH Lai, B Liu","Pegylated Conjugated Oligomers for Targeted Two-Photon Fluorescence Imaging of Cancer Cells",2013,"Journal of Molecular and Engineering Materials","","","https://scholar.google.com",310,"2023-03-01 19:22:46","Journal article","","","https://scholar.google.com/citations?view_op=view_citation&hl=en&user=DcxL9_wAAAAJ&cstart=300&pagesize=100&citation_for_view=DcxL9_wAAAAJ:ULOm3_A8WrAC",1,3,1340011,1340011,0,0.00,0,7,10,"","",""
0,"TC Sum, M Li, G Xing, T Wu, G Xing","Auger-type hole trapping process at green emission centers of ZnO Nanowires",2013,"CLEO: QELS_Fundamental Science, QM3D.","","","https://scholar.google.com",311,"2023-03-01 19:22:46","Journal article","","","https://scholar.google.com/citations?view_op=view_citation&hl=en&user=DcxL9_wAAAAJ&cstart=300&pagesize=100&citation_for_view=DcxL9_wAAAAJ:QIV2ME_5wuYC",3,,,,0,0.00,0,5,10,"","",""
0,"G Xing, J Luo, H Li, B Wu, X Liu, CHA Huan, HJ Fan, TC Sum","Ultrafast charge carrier dynamics and upconversion lasing from ZnSe nanowires",2013,"CLEO: QELS_Fundamental Science, QTh4B.","","","https://scholar.google.com",312,"2023-03-01 19:22:46","Journal article","","","https://scholar.google.com/citations?view_op=view_citation&hl=en&user=DcxL9_wAAAAJ&cstart=300&pagesize=100&citation_for_view=DcxL9_wAAAAJ:qxL8FJ1GzNcC",3,,,,0,0.00,0,8,10,"","",""
0,"G Xing, J Luo, H Li, B Wu, X Liu, CHA Huan, HJ Fan, TC Sum","Exciton Dynamics: Ultrafast Exciton Dynamics and Two‐Photon Pumped Lasing from ZnSe Nanowires (Advanced Optical Materials 4/2013)",2013,"Advanced Optical Materials","","","https://scholar.google.com",313,"2023-03-01 19:22:46","Journal article","","","https://scholar.google.com/citations?view_op=view_citation&hl=en&user=DcxL9_wAAAAJ&cstart=300&pagesize=100&citation_for_view=DcxL9_wAAAAJ:mB3voiENLucC",1,4,276,276,0,0.00,0,8,10,"","",""
0,"G Xing, J Luo, H Li, B Wu, X Liu, HJ Fan, TC Sum, ACH Huan","Exciton dynamics: ultrafast exciton dynamics and two-photon pumped lasing from ZnSe nanowires",2013,"","","","https://scholar.google.com",314,"2023-03-01 19:22:46","","","","https://scholar.google.com/citations?view_op=view_citation&hl=en&user=DcxL9_wAAAAJ&cstart=300&pagesize=100&citation_for_view=DcxL9_wAAAAJ:ALROH1vI_8AC",,,,,0,0.00,0,8,10,"","",""
0,"TC Sum, G Xing, CHA Huan, S Chakrabortty, Y Chan","Tunable giant multi-photon absorption using seeded CdSe/CdS nanorod heterostructures",2012,"Quantum Electronics and Laser Science Conference, QF2G.","","","https://scholar.google.com",315,"2023-03-01 19:22:46","Conference paper","","","https://scholar.google.com/citations?view_op=view_citation&hl=en&user=DcxL9_wAAAAJ&cstart=300&pagesize=100&citation_for_view=DcxL9_wAAAAJ:M3ejUd6NZC8C",5,,,,0,0.00,0,5,11,"","",""
0,"L Threshold","Amplified Spontaneous Emission from Core-Seeded Semiconductor Nanotetrapods Incorporated into a Sol-Gel Matrix Liao, Yile; Xing, Guichuan; Mishra, Nimai; Sum, Tze Chien; Chan …",2012,"Advanced Materials (Weinheim, Germany)","","","https://scholar.google.com",316,"2023-03-01 19:22:46","Journal article","","","https://scholar.google.com/citations?view_op=view_citation&hl=en&user=DcxL9_wAAAAJ&cstart=300&pagesize=100&citation_for_view=DcxL9_wAAAAJ:f2IySw72cVMC",24,,23,23,0,0.00,0,1,11,"","",""
0,"TC Sum, G Xing, KL Chou, CHA Huan, S Chakrabortty, Y Chan","Tunable multi-photon absorption cross-sections using seeded CdSe/CdS nanorod heterostructures",2011,"Laser Science, LTuD","","","https://scholar.google.com",317,"2023-03-01 19:22:46","Journal article","","","https://scholar.google.com/citations?view_op=view_citation&hl=en&user=DcxL9_wAAAAJ&cstart=300&pagesize=100&citation_for_view=DcxL9_wAAAAJ:7PzlFSSx8tAC",3,,,,0,0.00,0,6,12,"","",""
0,"TC Sum, G Xing, G Xing, EJ Sie, T Wu, CHA Huan","Carrier and exciton spin dynamics in Cu-doped ZnO nanowires",2011,"IEEE Photonic Society 24th Annual Meeting","","","https://scholar.google.com",318,"2023-03-01 19:22:46","Conference paper","","","https://scholar.google.com/citations?view_op=view_citation&hl=en&user=DcxL9_wAAAAJ&cstart=300&pagesize=100&citation_for_view=DcxL9_wAAAAJ:4TOpqqG69KYC",,,246,247,0,0.00,0,6,12,"","",""
0,"JY YING, W JI, J JIANG, G XING","OPTICAL LIMITING WITH HETERODIMER NANOPARTICLES| LIMITATION OPTIQUE AVEC NANOPARTICULES D'HÉTÉRODIMÈRE",2011,"","","","https://scholar.google.com",319,"2023-03-01 19:22:46","","","","https://scholar.google.com/citations?view_op=view_citation&hl=en&user=DcxL9_wAAAAJ&cstart=300&pagesize=100&citation_for_view=DcxL9_wAAAAJ:LhH-TYMQEocC",,,,,0,0.00,0,4,12,"","",""
0,"JY YING, W JI, J JIANG, G XING","Optical limiting with heterodimer nanoparticles",2011,"","","","https://scholar.google.com",320,"2023-03-01 19:22:46","","","","https://scholar.google.com/citations?view_op=view_citation&hl=en&user=DcxL9_wAAAAJ&cstart=300&pagesize=100&citation_for_view=DcxL9_wAAAAJ:YOwf2qJgpHMC",,,,,0,0.00,0,4,12,"","",""
0,"S Chakrabortty, G Xing, JA Yang, YM Tan, TC Sum, YT Chan","Janus-type dumbbell semiconductor nanorod heterostructures",2010,"ABSTRACTS OF PAPERS OF THE AMERICAN CHEMICAL SOCIETY","","","https://scholar.google.com",321,"2023-03-01 19:22:46","Abstract","","","https://scholar.google.com/citations?view_op=view_citation&hl=en&user=DcxL9_wAAAAJ&cstart=300&pagesize=100&citation_for_view=DcxL9_wAAAAJ:_kc_bZDykSQC",239,,,,0,0.00,0,6,13,"","",""
0,"X GUICHUAN","Multiphoton Absorption and Multiphoton Excited Photoluminescence in Transition Metal Doped ZnSe/ZnS Quantum Dots",2010,"","","","https://scholar.google.com",322,"2023-03-01 19:22:46","","","","https://scholar.google.com/citations?view_op=view_citation&hl=en&user=DcxL9_wAAAAJ&cstart=300&pagesize=100&citation_for_view=DcxL9_wAAAAJ:PoWvk5oyLR8C",,,,,0,0.00,0,1,13,"","",""
0,"G XING","Article category: Full Paper",,"","","","https://scholar.google.com",323,"2023-03-01 19:22:46","","","","https://scholar.google.com/citations?view_op=view_citation&hl=en&user=DcxL9_wAAAAJ&cstart=300&pagesize=100&citation_for_view=DcxL9_wAAAAJ:jgBuDB5drN8C",,,,,0,0.00,0,1,,"","",""
0,"X Guo, Y Gao, F Long, L Lin, Y Wang, KH Ngai, Q Wei, G Xing, T Shi, ...","The interplay of organic spacer and small cation for efficient Dion‐Jacobson perovskite solar cells",,"Solar RRL,","","","https://scholar.google.com",324,"2023-03-01 19:22:46","","","","https://scholar.google.com/citations?view_op=view_citation&hl=en&user=DcxL9_wAAAAJ&cstart=300&pagesize=100&citation_for_view=DcxL9_wAAAAJ:buQ7SEKw-1sC",,,,,0,0.00,0,10,,"","",""
0,"J Zhao, JI Wong, J Gao, G Li, G Xing, H Zhang, T Chien","Electronic Supporting Information for",,"","","","https://scholar.google.com",325,"2023-03-01 19:22:46","","","","https://scholar.google.com/citations?view_op=view_citation&hl=en&user=DcxL9_wAAAAJ&cstart=300&pagesize=100&citation_for_view=DcxL9_wAAAAJ:Dip1O2bNi0gC",,,,,0,0.00,0,7,,"","",""
0,"JI Wong, N Mishra, G Xing, M Li, S Chakrabortty, TC Sum, Y Shi, Y Chan, ...","Supporting Information for Dual Wavelength Electroluminescence from CdSe/CdS Tetrapods",,"","","","https://scholar.google.com",326,"2023-03-01 19:22:46","","","","https://scholar.google.com/citations?view_op=view_citation&hl=en&user=DcxL9_wAAAAJ&cstart=300&pagesize=100&citation_for_view=DcxL9_wAAAAJ:2KloaMYe4IUC",,,,,0,0.00,0,9,,"","",""
0,"DWE from CdSe, CS Tetrapods, JI Wong, N Mishra, G Xing, M Li, ...","ACS Nano (2014), 8 (3), 2873-2879 CODEN: ANCAC3; ISSN: 1936-0851",,"American Chemical Society) The authors fabricated a single active layer …,","","","https://scholar.google.com",327,"2023-03-01 19:22:46","","","","https://scholar.google.com/citations?view_op=view_citation&hl=en&user=DcxL9_wAAAAJ&cstart=300&pagesize=100&citation_for_view=DcxL9_wAAAAJ:pyW8ca7W8N0C",,,,,0,0.00,0,7,,"","",""
