Cites,Authors,Title,Year,Source,Publisher,ArticleURL,CitesURL,GSRank,QueryDate,Type,DOI,ISSN,CitationURL,Volume,Issue,StartPage,EndPage,ECC,CitesPerYear,CitesPerAuthor,AuthorCount,Age,Abstract,FullTextURL,RelatedURL
1271,"F Fabregat-Santiago, J Bisquert, G Garcia-Belmonte, G Boschloo, ...","Influence of electrolyte in transport and recombination in dye-sensitized solar cells studied by impedance spectroscopy",2005,"Solar Energy Materials and Solar Cells 87 (1-4)","","","https://scholar.google.com/scholar?oi=bibs&hl=en&cites=13770412115054831211",1,"2023-03-01 19:26:52","Book chapter","","","https://scholar.google.com/citations?view_op=view_citation&hl=en&user=_5F5jgQAAAAJ&pagesize=100&citation_for_view=_5F5jgQAAAAJ:u5HHmVD_uO8C",,,117,131,1271,70.61,254,5,18,"","",""
1199,"F Fabregat-Santiago, G Garcia-Belmonte, I Mora-Sero, J Bisquert","Characterization of nanostructured hybrid and organic solar cells by impedance spectroscopy",2011,"Physical chemistry chemical physics","","","https://scholar.google.com/scholar?oi=bibs&hl=en&cites=6076860346961239654",2,"2023-03-01 19:26:52","Journal article","","","https://scholar.google.com/citations?view_op=view_citation&hl=en&user=_5F5jgQAAAAJ&pagesize=100&citation_for_view=_5F5jgQAAAAJ:IjCSPb-OGe4C",13,20,9083,9118,1199,99.92,300,4,12,"","",""
823,"J Bisquert, F Fabregat-Santiago, I Mora-Sero, G Garcia-Belmonte, ...","Electron lifetime in dye-sensitized solar cells: theory and interpretation of measurements",2009,"The Journal of Physical Chemistry C","","","https://scholar.google.com/scholar?oi=bibs&hl=en&cites=5406430202103513837",3,"2023-03-01 19:26:52","Journal article","","","https://scholar.google.com/citations?view_op=view_citation&hl=en&user=_5F5jgQAAAAJ&pagesize=100&citation_for_view=_5F5jgQAAAAJ:9yKSN-GCB0IC",113,40,17278,17290,823,58.79,165,5,14,"","",""
749,"EJ Juarez-Perez, RS Sanchez, L Badia, G Garcia-Belmonte, YS Kang, ...","Photoinduced giant dielectric constant in lead halide perovskite solar cells",2014,"The journal of physical chemistry letters","","","https://scholar.google.com/scholar?oi=bibs&hl=en&cites=173299885332839306",4,"2023-03-01 19:26:52","Journal article","","","https://scholar.google.com/citations?view_op=view_citation&hl=en&user=_5F5jgQAAAAJ&pagesize=100&citation_for_view=_5F5jgQAAAAJ:9Nmd_mFXekcC",5,13,2390,2394,749,83.22,125,6,9,"","",""
633,"G Garcia-Belmonte, A Munar, EM Barea, J Bisquert, I Ugarte, R Pacios","Charge carrier mobility and lifetime of organic bulk heterojunctions analyzed by impedance spectroscopy",2008,"Organic Electronics","","","https://scholar.google.com/scholar?oi=bibs&hl=en&cites=5682746173317411807",5,"2023-03-01 19:26:52","Journal article","","","https://scholar.google.com/citations?view_op=view_citation&hl=en&user=_5F5jgQAAAAJ&pagesize=100&citation_for_view=_5F5jgQAAAAJ:zYLM7Y9cAGgC",9,5,847,851,633,42.20,106,6,15,"","",""
485,"J Bisquert, G Garcia-Belmonte, P Bueno, E Longo, LOS Bulhoes","Impedance of constant phase element (CPE)-blocked diffusion in film electrodes",1998,"Journal of Electroanalytical Chemistry","","","https://scholar.google.com/scholar?oi=bibs&hl=en&cites=14805793613726334282",6,"2023-03-01 19:26:52","Journal article","","","https://scholar.google.com/citations?view_op=view_citation&hl=en&user=_5F5jgQAAAAJ&pagesize=100&citation_for_view=_5F5jgQAAAAJ:2osOgNQ5qMEC",452,2,229,234,485,19.40,97,5,25,"","",""
475,"O Almora, I Zarazua, E Mas-Marza, I Mora-Sero, J Bisquert, ...","Capacitive dark currents, hysteresis, and electrode polarization in lead halide perovskite solar cells",2015,"The journal of physical chemistry letters","","","https://scholar.google.com/scholar?oi=bibs&hl=en&cites=5710665396851856181",7,"2023-03-01 19:26:52","Journal article","","","https://scholar.google.com/citations?view_op=view_citation&hl=en&user=_5F5jgQAAAAJ&pagesize=100&citation_for_view=_5F5jgQAAAAJ:L7CI7m0gUJcC",6,9,1645,1652,475,59.38,79,6,8,"","",""
462,"A Guerrero, J You, C Aranda, YS Kang, G Garcia-Belmonte, H Zhou, ...","Interfacial degradation of planar lead halide perovskite solar cells",2016,"ACS nano","","","https://scholar.google.com/scholar?oi=bibs&hl=en&cites=14587781147538242081",8,"2023-03-01 19:26:52","Journal article","","","https://scholar.google.com/citations?view_op=view_citation&hl=en&user=_5F5jgQAAAAJ&pagesize=100&citation_for_view=_5F5jgQAAAAJ:MLfJN-KU85MC",10,1,218,224,462,66.00,66,7,7,"","",""
456,"J Bisquert, G Garcia-Belmonte, F Fabregat-Santiago, NS Ferriols, ...","Doubling Exponent Models for the Analysis of Porous Film Electrodes by Impedance. Relaxation of TiO2 Nanoporous in Aqueous Solution",2000,"The Journal of Physical Chemistry B","","","https://scholar.google.com/scholar?oi=bibs&hl=en&cites=7327038337206472742",9,"2023-03-01 19:26:52","Journal article","","","https://scholar.google.com/citations?view_op=view_citation&hl=en&user=_5F5jgQAAAAJ&pagesize=100&citation_for_view=_5F5jgQAAAAJ:u-x6o8ySG0sC",104,10,2287,2298,456,19.83,91,5,23,"","",""
418,"A Guerrero, G Garcia-Belmonte, I Mora-Sero, J Bisquert, YS Kang, ...","Properties of contact and bulk impedances in hybrid lead halide perovskite solar cells including inductive loop elements",2016,"The Journal of Physical Chemistry C","","","https://scholar.google.com/scholar?oi=bibs&hl=en&cites=17947990242680179721",10,"2023-03-01 19:26:52","Journal article","","","https://scholar.google.com/citations?view_op=view_citation&hl=en&user=_5F5jgQAAAAJ&pagesize=100&citation_for_view=_5F5jgQAAAAJ:86PQX7AUzd4C",120,15,8023,8032,418,59.71,70,6,7,"","",""
415,"F Fabregat-Santiago, I Mora-Seró, G Garcia-Belmonte, J Bisquert","Cyclic voltammetry studies of nanoporous semiconductors. Capacitive and reactive properties of nanocrystalline TiO2 electrodes in aqueous electrolyte",2003,"The Journal of Physical Chemistry B","","","https://scholar.google.com/scholar?oi=bibs&hl=en&cites=2072228498825001065",11,"2023-03-01 19:26:52","Journal article","","","https://scholar.google.com/citations?view_op=view_citation&hl=en&user=_5F5jgQAAAAJ&pagesize=100&citation_for_view=_5F5jgQAAAAJ:d1gkVwhDpl0C",107,3,758,768,415,20.75,104,4,20,"","",""
397,"G Garcia-Belmonte, PP Boix, J Bisquert, M Sessolo, HJ Bolink","Simultaneous determination of carrier lifetime and electron density-of-states in P3HT: PCBM organic solar cells under illumination by impedance spectroscopy",2010,"Solar Energy Materials and Solar Cells","","","https://scholar.google.com/scholar?oi=bibs&hl=en&cites=8098605868006753937",12,"2023-03-01 19:26:52","Journal article","","","https://scholar.google.com/citations?view_op=view_citation&hl=en&user=_5F5jgQAAAAJ&pagesize=100&citation_for_view=_5F5jgQAAAAJ:Se3iqnhoufwC",94,2,366,375,397,30.54,79,5,13,"","",""
372,"I Zarazua, G Han, PP Boix, S Mhaisalkar, F Fabregat-Santiago, ...","Surface recombination and collection efficiency in perovskite solar cells from impedance analysis",2016,"The journal of physical chemistry letters","","","https://scholar.google.com/scholar?oi=bibs&hl=en&cites=3831253233786560453",13,"2023-03-01 19:26:52","Journal article","","","https://scholar.google.com/citations?view_op=view_citation&hl=en&user=_5F5jgQAAAAJ&pagesize=100&citation_for_view=_5F5jgQAAAAJ:XvxMoLDsR5gC",7,24,5105,5113,372,53.14,62,6,7,"","",""
353,"B Chen, M Yang, X Zheng, C Wu, W Li, Y Yan, J Bisquert, ...","Impact of capacitive effect and ion migration on the hysteretic behavior of perovskite solar cells",2015,"The journal of physical chemistry letters","","","https://scholar.google.com/scholar?oi=bibs&hl=en&cites=14200664241742214701",14,"2023-03-01 19:26:52","Journal article","","","https://scholar.google.com/citations?view_op=view_citation&hl=en&user=_5F5jgQAAAAJ&pagesize=100&citation_for_view=_5F5jgQAAAAJ:b1wdh0AR-JQC",6,23,4693,4700,353,44.13,44,8,8,"","",""
344,"J Bisquert, F Fabregat-Santiago, I Mora-Seró, G Garcia-Belmonte, ...","A review of recent results on electrochemical determination of the density of electronic states of nanostructured metal-oxide semiconductors and organic hole conductors",2008,"Inorganica Chimica Acta","","","https://scholar.google.com/scholar?oi=bibs&hl=en&cites=14429160754480807097",15,"2023-03-01 19:26:52","Journal article","","","https://scholar.google.com/citations?view_op=view_citation&hl=en&user=_5F5jgQAAAAJ&pagesize=100&citation_for_view=_5F5jgQAAAAJ:Tyk-4Ss8FVUC",361,3,684,698,344,22.93,69,5,15,"","",""
326,"F Fabregat-Santiago, G Garcia-Belmonte, J Bisquert, A Zaban, P Salvador","Decoupling of transport, charge storage, and interfacial charge transfer in the nanocrystalline TiO2/electrolyte system by impedance methods",2002,"The Journal of Physical Chemistry B","","","https://scholar.google.com/scholar?oi=bibs&hl=en&cites=413905025963678589",16,"2023-03-01 19:26:52","Journal article","","","https://scholar.google.com/citations?view_op=view_citation&hl=en&user=_5F5jgQAAAAJ&pagesize=100&citation_for_view=_5F5jgQAAAAJ:qjMakFHDy7sC",106,2,334,339,326,15.52,65,5,21,"","",""
299,"KT Cho, G Grancini, Y Lee, E Oveisi, J Ryu, O Almora, M Tschumi, ...","Selective growth of layered perovskites for stable and efficient photovoltaics",2018,"Energy &Environmental Science","","","https://scholar.google.com/scholar?oi=bibs&hl=en&cites=6462954305309570266",17,"2023-03-01 19:26:52","Journal article","","","https://scholar.google.com/citations?view_op=view_citation&hl=en&user=_5F5jgQAAAAJ&pagesize=100&citation_for_view=_5F5jgQAAAAJ:KbBQZpvPDL4C",11,4,952,959,299,59.80,37,8,5,"","",""
296,"O Almora, C Aranda, E Mas-Marzá, G Garcia-Belmonte","On Mott-Schottky analysis interpretation of capacitance measurements in organometal perovskite solar cells",2016,"Applied Physics Letters","","","https://scholar.google.com/scholar?oi=bibs&hl=en&cites=7992521122983570838",18,"2023-03-01 19:26:52","Journal article","","","https://scholar.google.com/citations?view_op=view_citation&hl=en&user=_5F5jgQAAAAJ&pagesize=100&citation_for_view=_5F5jgQAAAAJ:NXb4pA-qfm4C",109,17,173903,173903,296,42.29,74,4,7,"","",""
287,"J Carrillo, A Guerrero, S Rahimnejad, O Almora, I Zarazua, E Mas‐Marza, ...","Ionic reactivity at contacts and aging of methylammonium lead triiodide perovskite solar cells",2016,"Advanced Energy Materials","","","https://scholar.google.com/scholar?oi=bibs&hl=en&cites=107969228417771590",19,"2023-03-01 19:26:52","Journal article","","","https://scholar.google.com/citations?view_op=view_citation&hl=en&user=_5F5jgQAAAAJ&pagesize=100&citation_for_view=_5F5jgQAAAAJ:PVjk1bu6vJQC",6,9,1502246,1502246,287,41.00,41,7,7,"","",""
283,"A Fakharuddin, L Schmidt‐Mende, G Garcia‐Belmonte, R Jose, ...","Interfaces in perovskite solar cells",2017,"Advanced Energy Materials","","","https://scholar.google.com/scholar?oi=bibs&hl=en&cites=17844719513217832023",20,"2023-03-01 19:26:52","Journal article","","","https://scholar.google.com/citations?view_op=view_citation&hl=en&user=_5F5jgQAAAAJ&pagesize=100&citation_for_view=_5F5jgQAAAAJ:mNrWkgRL2YcC",7,22,1700623,1700623,283,47.17,57,5,6,"","",""
283,"I Mora-Seró, J Bisquert, F Fabregat-Santiago, G Garcia-Belmonte, ...","Implications of the negative capacitance observed at forward bias in nanocomposite and polycrystalline solar cells",2006,"Nano Letters","","","https://scholar.google.com/scholar?oi=bibs&hl=en&cites=9542329893436219428",21,"2023-03-01 19:26:52","Journal article","","","https://scholar.google.com/citations?view_op=view_citation&hl=en&user=_5F5jgQAAAAJ&pagesize=100&citation_for_view=_5F5jgQAAAAJ:eQOLeE2rZwMC",6,4,640,650,283,16.65,57,5,17,"","",""
282,"J Bisquert, G Garcia-Belmonte, F Fabregat-Santiago, PR Bueno","Theoretical models for ac impedance of finite diffusion layers exhibiting low frequency dispersion",1999,"Journal of Electroanalytical Chemistry","","","https://scholar.google.com/scholar?oi=bibs&hl=en&cites=3350791956525367935",22,"2023-03-01 19:26:52","Journal article","","","https://scholar.google.com/citations?view_op=view_citation&hl=en&user=_5F5jgQAAAAJ&pagesize=100&citation_for_view=_5F5jgQAAAAJ:Y0pCki6q_DkC",475,2,152,163,282,11.75,71,4,24,"","",""
269,"F Fabregat-Santiago, G Garcia-Belmonte, J Bisquert, P Bogdanoff, ...","Mott-Schottky analysis of nanoporous semiconductor electrodes in dielectric state deposited on SnO2 (F) conducting substrates",2003,"Journal of the Electrochemical Society","","","https://scholar.google.com/scholar?oi=bibs&hl=en&cites=5067162157017230331",23,"2023-03-01 19:26:52","Journal article","","","https://scholar.google.com/citations?view_op=view_citation&hl=en&user=_5F5jgQAAAAJ&pagesize=100&citation_for_view=_5F5jgQAAAAJ:YsMSGLbcyi4C",150,6,293,,269,13.45,54,5,20,"","",""
267,"I Mora-Sero, G Garcia-Belmonte, PP Boix, MA Vazquez, J Bisquert","Impedance spectroscopy characterisation of highly efficient silicon solar cells under different light illumination intensities",2009,"Energy &Environmental Science","","","https://scholar.google.com/scholar?oi=bibs&hl=en&cites=4002591734987812773",24,"2023-03-01 19:26:52","Journal article","","","https://scholar.google.com/citations?view_op=view_citation&hl=en&user=_5F5jgQAAAAJ&pagesize=100&citation_for_view=_5F5jgQAAAAJ:qxL8FJ1GzNcC",2,6,678,686,267,19.07,53,5,14,"","",""
265,"I Zarazua, J Bisquert, G Garcia-Belmonte","Light-induced space-charge accumulation zone as photovoltaic mechanism in perovskite solar cells",2016,"The journal of physical chemistry letters","","","https://scholar.google.com/scholar?oi=bibs&hl=en&cites=10179068539226472409",25,"2023-03-01 19:26:52","Journal article","","","https://scholar.google.com/citations?view_op=view_citation&hl=en&user=_5F5jgQAAAAJ&pagesize=100&citation_for_view=_5F5jgQAAAAJ:lmc2jWPfTJgC",7,3,525,528,265,37.86,88,3,7,"","",""
244,"J Bisquert, G Garcia-Belmonte, F Fabregat-Santiago, A Compte","Anomalous transport effects in the impedance of porous film electrodes",1999,"Electrochemistry Communications","","","https://scholar.google.com/scholar?oi=bibs&hl=en&cites=2145143728687699091",26,"2023-03-01 19:26:52","Journal article","","","https://scholar.google.com/citations?view_op=view_citation&hl=en&user=_5F5jgQAAAAJ&pagesize=100&citation_for_view=_5F5jgQAAAAJ:ufrVoPGSRksC",1,9,429,435,244,10.17,61,4,24,"","",""
242,"G Garcia-Belmonte, J Bisquert","Open-circuit voltage limit caused by recombination through tail states in bulk heterojunction polymer-fullerene solar cells",2010,"Applied Physics Letters","","","https://scholar.google.com/scholar?oi=bibs&hl=en&cites=8243579338662848967",27,"2023-03-01 19:26:52","Journal article","","","https://scholar.google.com/citations?view_op=view_citation&hl=en&user=_5F5jgQAAAAJ&pagesize=100&citation_for_view=_5F5jgQAAAAJ:LkGwnXOMwfcC",96,11,48,48,242,18.62,121,2,13,"","",""
222,"F Fabregat-Santiago, J García-Cañadas, E Palomares, JN Clifford, ...","The origin of slow electron recombination processes in dye-sensitized solar cells with alumina barrier coatings",2004,"Journal of applied physics","","","https://scholar.google.com/scholar?oi=bibs&hl=en&cites=2145152203018724517",28,"2023-03-01 19:26:52","Journal article","","","https://scholar.google.com/citations?view_op=view_citation&hl=en&user=_5F5jgQAAAAJ&pagesize=100&citation_for_view=_5F5jgQAAAAJ:UeHWp8X0CEIC",96,11,6903,6907,222,11.68,44,5,19,"","",""
210,"M Coll, A Gomez, E Mas-Marza, O Almora, G Garcia-Belmonte, ...","Polarization switching and light-enhanced piezoelectricity in lead halide perovskites",2015,"The journal of physical chemistry letters","","","https://scholar.google.com/scholar?oi=bibs&hl=en&cites=3901195687504216863",29,"2023-03-01 19:26:52","Journal article","","","https://scholar.google.com/citations?view_op=view_citation&hl=en&user=_5F5jgQAAAAJ&pagesize=100&citation_for_view=_5F5jgQAAAAJ:vbGhcppDl1QC",6,8,1408,1413,210,26.25,35,6,8,"","",""
210,"J Bisquert, G Garcia-Belmonte, Á Pitarch, HJ Bolink","Negative capacitance caused by electron injection through interfacial states in organic light-emitting diodes",2006,"Chemical Physics Letters 422 (1-3)","","","https://scholar.google.com/scholar?oi=bibs&hl=en&cites=13530096812840750539",30,"2023-03-01 19:26:52","Journal article","","","https://scholar.google.com/citations?view_op=view_citation&hl=en&user=_5F5jgQAAAAJ&pagesize=100&citation_for_view=_5F5jgQAAAAJ:_FxGoFyzp5QC",,,184,191,210,12.35,53,4,17,"","",""
207,"J Bisquert, G Garcia-Belmonte","On voltage, photovoltage, and photocurrent in bulk heterojunction organic solar cells",2011,"The Journal of Physical Chemistry Letters","","","https://scholar.google.com/scholar?oi=bibs&hl=en&cites=7306927992596307141",31,"2023-03-01 19:26:52","Journal article","","","https://scholar.google.com/citations?view_op=view_citation&hl=en&user=_5F5jgQAAAAJ&pagesize=100&citation_for_view=_5F5jgQAAAAJ:kNdYIx-mwKoC",2,15,1950,1964,207,17.25,104,2,12,"","",""
206,"A Guerrero, EJ Juarez-Perez, J Bisquert, I Mora-Sero, G Garcia-Belmonte","Electrical field profile and doping in planar lead halide perovskite solar cells",2014,"Applied Physics Letters","","","https://scholar.google.com/scholar?oi=bibs&hl=en&cites=9211031273422173879",32,"2023-03-01 19:26:52","Journal article","","","https://scholar.google.com/citations?view_op=view_citation&hl=en&user=_5F5jgQAAAAJ&pagesize=100&citation_for_view=_5F5jgQAAAAJ:epqYDVWIO7EC",105,13,133902,133902,206,22.89,41,5,9,"","",""
203,"HJ Bolink, E Coronado, D Repetto, M Sessolo, EM Barea, J Bisquert, ...","Inverted Solution Processable OLEDs Using a Metal Oxide as an Electron Injection Contact.",2008,"Advanced Functional Materials","","","https://scholar.google.com/scholar?oi=bibs&hl=en&cites=7440217643686583621",33,"2023-03-01 19:26:52","Journal article","","","https://scholar.google.com/citations?view_op=view_citation&hl=en&user=_5F5jgQAAAAJ&pagesize=100&citation_for_view=_5F5jgQAAAAJ:YohjEiUPhakC",18,1,145,150,203,13.53,29,7,15,"","",""
202,"J Bisquert, L Bertoluzzi, I Mora-Sero, G Garcia-Belmonte","Theory of impedance and capacitance spectroscopy of solar cells with dielectric relaxation, drift-diffusion transport, and recombination",2014,"The Journal of Physical Chemistry C","","","https://scholar.google.com/scholar?oi=bibs&hl=en&cites=3706497535247394258",34,"2023-03-01 19:26:52","Journal article","","","https://scholar.google.com/citations?view_op=view_citation&hl=en&user=_5F5jgQAAAAJ&pagesize=100&citation_for_view=_5F5jgQAAAAJ:yB1At4FlUx8C",118,33,18983,18991,202,22.44,51,4,9,"","",""
200,"PP Boix, G Garcia-Belmonte, U Muñecas, M Neophytou, C Waldauf, ...","Determination of gap defect states in organic bulk heterojunction solar cells from capacitance measurements",2009,"Applied Physics Letters","","","https://scholar.google.com/scholar?oi=bibs&hl=en&cites=1120440735284362202",35,"2023-03-01 19:26:52","Journal article","","","https://scholar.google.com/citations?view_op=view_citation&hl=en&user=_5F5jgQAAAAJ&pagesize=100&citation_for_view=_5F5jgQAAAAJ:3fE2CSJIrl8C",95,23,317,317,200,14.29,33,6,14,"","",""
198,"PK Nayak, G Garcia-Belmonte, A Kahn, J Bisquert, D Cahen","Photovoltaic efficiency limits and material disorder",2012,"Energy &Environmental Science","","","https://scholar.google.com/scholar?oi=bibs&hl=en&cites=8850894111325815060",36,"2023-03-01 19:26:52","Journal article","","","https://scholar.google.com/citations?view_op=view_citation&hl=en&user=_5F5jgQAAAAJ&pagesize=100&citation_for_view=_5F5jgQAAAAJ:70eg2SAEIzsC",5,3,6022,6039,198,18.00,40,5,11,"","",""
188,"P Lopez‐Varo, JA Jiménez‐Tejada, M García‐Rosell, S Ravishankar, ...","Device physics of hybrid perovskite solar cells: theory and experiment",2018,"Advanced Energy Materials","","","https://scholar.google.com/scholar?oi=bibs&hl=en&cites=17456145869207023834",37,"2023-03-01 19:26:52","Journal article","","","https://scholar.google.com/citations?view_op=view_citation&hl=en&user=_5F5jgQAAAAJ&pagesize=100&citation_for_view=_5F5jgQAAAAJ:yMeIxYmEMEAC",8,14,1702772,1702772,188,37.60,38,5,5,"","",""
180,"M Lenes, G Garcia‐Belmonte, D Tordera, A Pertegás, J Bisquert, ...","Operating Modes of Sandwiched Light‐Emitting Electrochemical Cells",2011,"Advanced Functional Materials","","","https://scholar.google.com/scholar?oi=bibs&hl=en&cites=11107948694744002852",38,"2023-03-01 19:26:52","Journal article","","","https://scholar.google.com/citations?view_op=view_citation&hl=en&user=_5F5jgQAAAAJ&pagesize=100&citation_for_view=_5F5jgQAAAAJ:ULOm3_A8WrAC",21,9,1581,1586,180,15.00,30,6,12,"","",""
174,"G Garcia-Belmonte, PP Boix, J Bisquert, M Lenes, HJ Bolink, A La Rosa, ...","Influence of the intermediate density-of-states occupancy on open-circuit voltage of bulk heterojunction solar cells with different fullerene acceptors",2010,"The Journal of Physical Chemistry Letters","","","https://scholar.google.com/scholar?oi=bibs&hl=en&cites=13082084409772509255",39,"2023-03-01 19:26:52","Journal article","","","https://scholar.google.com/citations?view_op=view_citation&hl=en&user=_5F5jgQAAAAJ&pagesize=100&citation_for_view=_5F5jgQAAAAJ:YOwf2qJgpHMC",1,17,2566,2571,174,13.38,25,7,13,"","",""
152,"J Bisquert, G Garcia-Belmonte, A Munar, M Sessolo, A Soriano, HJ Bolink","Band unpinning and photovoltaic model for P3HT: PCBM organic bulk heterojunctions under illumination",2008,"Chemical Physics Letters 465 (1-3)","","","https://scholar.google.com/scholar?oi=bibs&hl=en&cites=6584707376582917732",40,"2023-03-01 19:26:52","Journal article","","","https://scholar.google.com/citations?view_op=view_citation&hl=en&user=_5F5jgQAAAAJ&pagesize=100&citation_for_view=_5F5jgQAAAAJ:UebtZRa9Y70C",,,57,62,152,10.13,25,6,15,"","",""
148,"PP Boix, J Ajuria, I Etxebarria, R Pacios, G Garcia-Belmonte, J Bisquert","Role of ZnO electron-selective layers in regular and inverted bulk heterojunction solar cells",2011,"The Journal of Physical Chemistry Letters","","","https://scholar.google.com/scholar?oi=bibs&hl=en&cites=15730612496662841311",41,"2023-03-01 19:26:52","Journal article","","","https://scholar.google.com/citations?view_op=view_citation&hl=en&user=_5F5jgQAAAAJ&pagesize=100&citation_for_view=_5F5jgQAAAAJ:IWHjjKOFINEC",2,5,407,411,148,12.33,25,6,12,"","",""
144,"J Bisquert, G Garcia-Belmonte, F Fabregat-Santiago","Modelling the electric potential distribution in the dark in nanoporous semiconductor electrodes",1999,"Journal of Solid State Electrochemistry","","","https://scholar.google.com/scholar?oi=bibs&hl=en&cites=692054350321514760",42,"2023-03-01 19:26:52","Journal article","","","https://scholar.google.com/citations?view_op=view_citation&hl=en&user=_5F5jgQAAAAJ&pagesize=100&citation_for_view=_5F5jgQAAAAJ:WF5omc3nYNoC",3,6,337,347,144,6.00,48,3,24,"","",""
133,"S Ravishankar, O Almora, C Echeverría-Arrondo, E Ghahremanirad, ...","Surface polarization model for the dynamic hysteresis of perovskite solar cells",2017,"The journal of physical chemistry letters","","","https://scholar.google.com/scholar?oi=bibs&hl=en&cites=14833595168591988270",43,"2023-03-01 19:26:52","Journal article","","","https://scholar.google.com/citations?view_op=view_citation&hl=en&user=_5F5jgQAAAAJ&pagesize=100&citation_for_view=_5F5jgQAAAAJ:sNmaIFBj_lkC",8,5,915,921,133,22.17,27,5,6,"","",""
133,"G Garcia-Belmonte, A Guerrero, J Bisquert","Elucidating operating modes of bulk-heterojunction solar cells from impedance spectroscopy analysis",2013,"The Journal of Physical Chemistry Letters","","","https://scholar.google.com/scholar?oi=bibs&hl=en&cites=13250462768814340005",44,"2023-03-01 19:26:52","Journal article","","","https://scholar.google.com/citations?view_op=view_citation&hl=en&user=_5F5jgQAAAAJ&pagesize=100&citation_for_view=_5F5jgQAAAAJ:V3AGJWp-ZtQC",4,6,877,886,133,13.30,44,3,10,"","",""
132,"PR Bueno, MR de Cassia-Santos, ER Leite, E Longo, J Bisquert, ...","Nature of the Schottky-type barrier of highly dense  systems displaying nonohmic behavior",2000,"Journal of Applied Physics","","","https://scholar.google.com/scholar?oi=bibs&hl=en&cites=9509370105600291225",45,"2023-03-01 19:26:52","Journal article","","","https://scholar.google.com/citations?view_op=view_citation&hl=en&user=_5F5jgQAAAAJ&pagesize=100&citation_for_view=_5F5jgQAAAAJ:W7OEmFMy1HYC",88,11,6545,6548,132,5.74,22,6,23,"","",""
127,"G Garcia-Belmonte, V Kytin, TH Dittrich, J Bisquert","Effect of humidity on the ac conductivity of nanoporous ",2003,"Journal of Applied Physics","","","https://scholar.google.com/scholar?oi=bibs&hl=en&cites=15854541295428089365",46,"2023-03-01 19:26:52","Journal article","","","https://scholar.google.com/citations?view_op=view_citation&hl=en&user=_5F5jgQAAAAJ&pagesize=100&citation_for_view=_5F5jgQAAAAJ:0EnyYjriUFMC",94,8,5261,5264,127,6.35,32,4,20,"","",""
125,"T Kirchartz, J Bisquert, I Mora-Sero, G Garcia-Belmonte","Classification of solar cells according to mechanisms of charge separation and charge collection",2015,"Physical Chemistry Chemical Physics","","","https://scholar.google.com/scholar?oi=bibs&hl=en&cites=13597014380656321460",47,"2023-03-01 19:26:52","Journal article","","","https://scholar.google.com/citations?view_op=view_citation&hl=en&user=_5F5jgQAAAAJ&pagesize=100&citation_for_view=_5F5jgQAAAAJ:Z5m8FVwuT1cC",17,6,4007,4014,125,15.63,31,4,8,"","",""
125,"J Bisquert, GG Belmonte, FF Santiago, NS Ferriols, M Yamashita, ...","Application of a distributed impedance model in the analysis of conducting polymer films",2000,"Electrochemistry Communications","","","https://scholar.google.com/scholar?oi=bibs&hl=en&cites=12134585145189762765",48,"2023-03-01 19:26:52","Journal article","","","https://scholar.google.com/citations?view_op=view_citation&hl=en&user=_5F5jgQAAAAJ&pagesize=100&citation_for_view=_5F5jgQAAAAJ:z_wVstp3MssC",2,8,601,605,125,5.43,21,6,23,"","",""
124,"O Almora, LG Gerling, C Voz, R Alcubilla, J Puigdollers, ...","Superior performance of V2O5 as hole selective contact over other transition metal oxides in silicon heterojunction solar cells",2017,"Solar Energy Materials and Solar Cells","","","https://scholar.google.com/scholar?oi=bibs&hl=en&cites=2240092935339519198",49,"2023-03-01 19:26:52","Journal article","","","https://scholar.google.com/citations?view_op=view_citation&hl=en&user=_5F5jgQAAAAJ&pagesize=100&citation_for_view=_5F5jgQAAAAJ:OTTXONDVkokC",168,,221,226,124,20.67,21,6,6,"","",""
122,"G Garcia-Belmonte, J Bisquert","Impedance analysis of galvanostatically synthesized polypyrrole films. Correlation of ionic diffusion and capacitance parameters with the electrode morphology",2002,"Electrochimica Acta","","","https://scholar.google.com/scholar?oi=bibs&hl=en&cites=3961138604282269316",50,"2023-03-01 19:26:52","Journal article","","","https://scholar.google.com/citations?view_op=view_citation&hl=en&user=_5F5jgQAAAAJ&pagesize=100&citation_for_view=_5F5jgQAAAAJ:roLk4NBRz8UC",47,26,4263,4272,122,5.81,61,2,21,"","",""
121,"A Guerrero, LF Marchesi, PP Boix, S Ruiz-Raga, T Ripolles-Sanchis, ...","How the charge-neutrality level of interface states controls energy level alignment in cathode contacts of organic bulk-heterojunction solar cells",2012,"ACS nano","","","https://scholar.google.com/scholar?oi=bibs&hl=en&cites=86909127731704092",51,"2023-03-01 19:26:52","Journal article","","","https://scholar.google.com/citations?view_op=view_citation&hl=en&user=_5F5jgQAAAAJ&pagesize=100&citation_for_view=_5F5jgQAAAAJ:4OULZ7Gr8RgC",6,4,3453,3460,121,11.00,20,6,11,"","",""
120,"J Bisquert, H Randriamahazaka, G Garcia-Belmonte","Inductive behaviour by charge-transfer and relaxation in solid-state electrochemistry",2005,"Electrochimica Acta","","","https://scholar.google.com/scholar?oi=bibs&hl=en&cites=379212647514988635",52,"2023-03-01 19:26:52","Journal article","","","https://scholar.google.com/citations?view_op=view_citation&hl=en&user=_5F5jgQAAAAJ&pagesize=100&citation_for_view=_5F5jgQAAAAJ:5nxA0vEk-isC",51,4,627,640,120,6.67,40,3,18,"","",""
119,"O Almora, A Guerrero, G Garcia-Belmonte","Ionic charging by local imbalance at interfaces in hybrid lead halide perovskites",2016,"Applied Physics Letters","","","https://scholar.google.com/scholar?oi=bibs&hl=en&cites=6269179262624559147",53,"2023-03-01 19:26:52","Journal article","","","https://scholar.google.com/citations?view_op=view_citation&hl=en&user=_5F5jgQAAAAJ&pagesize=100&citation_for_view=_5F5jgQAAAAJ:VaXvl8Fpj5cC",108,4,43903,43903,119,17.00,40,3,7,"","",""
114,"A Guerrero, PP Boix, LF Marchesi, T Ripolles-Sanchis, EC Pereira, ...","Oxygen doping-induced photogeneration loss in P3HT: PCBM solar cells",2012,"Solar energy materials and solar cells","","","https://scholar.google.com/scholar?oi=bibs&hl=en&cites=210159435484379794",54,"2023-03-01 19:26:52","Journal article","","","https://scholar.google.com/citations?view_op=view_citation&hl=en&user=_5F5jgQAAAAJ&pagesize=100&citation_for_view=_5F5jgQAAAAJ:ZHo1McVdvXMC",100,,185,191,114,10.36,19,6,11,"","",""
114,"F Fabregat-Santiago, H Randriamahazaka, A Zaban, J Garcia-Canadas, ...","Chemical capacitance of nanoporous-nanocrystalline TiO 2 in a room temperature ionic liquid",2006,"Physical Chemistry Chemical Physics","","","https://scholar.google.com/scholar?oi=bibs&hl=en&cites=15811122818530457596",55,"2023-03-01 19:26:52","Journal article","","","https://scholar.google.com/citations?view_op=view_citation&hl=en&user=_5F5jgQAAAAJ&pagesize=100&citation_for_view=_5F5jgQAAAAJ:8k81kl-MbHgC",8,15,1827,1833,114,6.71,23,5,17,"","",""
111,"W Peng, C Aranda, OM Bakr, G Garcia-Belmonte, J Bisquert, A Guerrero","Quantification of ionic diffusion in lead halide perovskite single crystals",2018,"ACS Energy Letters","","","https://scholar.google.com/scholar?oi=bibs&hl=en&cites=802825692492579010",56,"2023-03-01 19:26:52","Journal article","","","https://scholar.google.com/citations?view_op=view_citation&hl=en&user=_5F5jgQAAAAJ&pagesize=100&citation_for_view=_5F5jgQAAAAJ:yqoGN6RLRZoC",3,7,1477,1481,111,22.20,19,6,5,"","",""
108,"O Almora, KT Cho, S Aghazada, I Zimmermann, GJ Matt, CJ Brabec, ...","Discerning recombination mechanisms and ideality factors through impedance analysis of high-efficiency perovskite solar cells",2018,"Nano Energy","","","https://scholar.google.com/scholar?oi=bibs&hl=en&cites=13486090620663724968",57,"2023-03-01 19:26:52","Journal article","","","https://scholar.google.com/citations?view_op=view_citation&hl=en&user=_5F5jgQAAAAJ&pagesize=100&citation_for_view=_5F5jgQAAAAJ:HeT0ZceujKMC",48,,63,72,108,21.60,15,7,5,"","",""
107,"A Guerrero, NF Montcada, J Ajuria, I Etxebarria, R Pacios, ...","Charge carrier transport and contact selectivity limit the operation of PTB7-based organic solar cells of varying active layer thickness",2013,"Journal of Materials Chemistry A","","","https://scholar.google.com/scholar?oi=bibs&hl=en&cites=4529632922721693874",58,"2023-03-01 19:26:52","Journal article","","","https://scholar.google.com/citations?view_op=view_citation&hl=en&user=_5F5jgQAAAAJ&pagesize=100&citation_for_view=_5F5jgQAAAAJ:VL0QpB8kHFEC",1,39,12345,12354,107,10.70,18,6,10,"","",""
102,"SB Dkhil, D Duché, M Gaceur, AK Thakur, FB Aboura, L Escoubas, ...","Interplay of optical, morphological, and electronic effects of ZnO optical spacers in highly efficient polymer solar cells",2014,"Advanced Energy Materials","","","https://scholar.google.com/scholar?oi=bibs&hl=en&cites=16905056968136344717",59,"2023-03-01 19:26:52","Journal article","","","https://scholar.google.com/citations?view_op=view_citation&hl=en&user=_5F5jgQAAAAJ&pagesize=100&citation_for_view=_5F5jgQAAAAJ:uc_IGeMz5qoC",4,18,1400805,1400805,102,11.33,15,7,9,"","",""
100,"N Vicente, G Garcia-Belmonte","Methylammonium lead bromide perovskite battery anodes reversibly host high Li-ion concentrations",2017,"The journal of physical chemistry letters","","","https://scholar.google.com/scholar?oi=bibs&hl=en&cites=7706441432664877138",60,"2023-03-01 19:26:52","Journal article","","","https://scholar.google.com/citations?view_op=view_citation&hl=en&user=_5F5jgQAAAAJ&pagesize=100&citation_for_view=_5F5jgQAAAAJ:WJVC3Jt7v1AC",8,7,1371,1374,100,16.67,50,2,6,"","",""
99,"O Almora, C Aranda, I Zarazua, A Guerrero, G Garcia-Belmonte","Noncapacitive hysteresis in perovskite solar cells at room temperature",2016,"ACS Energy Letters","","","https://scholar.google.com/scholar?oi=bibs&hl=en&cites=10487654427911486585",61,"2023-03-01 19:26:52","Journal article","","","https://scholar.google.com/citations?view_op=view_citation&hl=en&user=_5F5jgQAAAAJ&pagesize=100&citation_for_view=_5F5jgQAAAAJ:kh2fBNsKQNwC",1,1,209,215,99,14.14,20,5,7,"","",""
93,"G Garcia-Belmonte","Temperature dependence of open-circuit voltage in organic solar cells from generation–recombination kinetic balance",2010,"Solar Energy Materials and Solar Cells","","","https://scholar.google.com/scholar?oi=bibs&hl=en&cites=9294823142543236647",62,"2023-03-01 19:26:52","Journal article","","","https://scholar.google.com/citations?view_op=view_citation&hl=en&user=_5F5jgQAAAAJ&pagesize=100&citation_for_view=_5F5jgQAAAAJ:_Qo2XoVZTnwC",94,12,2166,2169,93,7.15,93,1,13,"","",""
93,"I Mora-Seró, Y Luo, G Garcia-Belmonte, J Bisquert, D Muñoz, C Voz, ...","Recombination rates in heterojunction silicon solar cells analyzed by impedance spectroscopy at forward bias and under illumination",2008,"Solar Energy Materials and Solar Cells","","","https://scholar.google.com/scholar?oi=bibs&hl=en&cites=15236741562828034021",63,"2023-03-01 19:26:52","Journal article","","","https://scholar.google.com/citations?view_op=view_citation&hl=en&user=_5F5jgQAAAAJ&pagesize=100&citation_for_view=_5F5jgQAAAAJ:7PzlFSSx8tAC",92,4,505,509,93,6.20,13,7,15,"","",""
92,"A Guerrero, S Loser, G Garcia-Belmonte, CJ Bruns, J Smith, H Miyauchi, ...","Solution-processed small molecule: fullerene bulk-heterojunction solar cells: impedance spectroscopy deduced bulk and interfacial limits to fill-factors",2013,"Physical Chemistry Chemical Physics","","","https://scholar.google.com/scholar?oi=bibs&hl=en&cites=11757403652711814961",64,"2023-03-01 19:26:52","Journal article","","","https://scholar.google.com/citations?view_op=view_citation&hl=en&user=_5F5jgQAAAAJ&pagesize=100&citation_for_view=_5F5jgQAAAAJ:ye4kPcJQO24C",15,39,16456,16462,92,9.20,13,7,10,"","",""
90,"KJ Park, BB Lim, MH Choi, HG Jung, YK Sun, M Haro, N Vicente, ...","A high-capacity Li [Ni 0.8 Co 0.06 Mn 0.14] O 2 positive electrode with a dual concentration gradient for next-generation lithium-ion batteries",2015,"Journal of Materials Chemistry A","","","https://scholar.google.com/scholar?oi=bibs&hl=en&cites=2036195447435280185",65,"2023-03-01 19:26:52","Journal article","","","https://scholar.google.com/citations?view_op=view_citation&hl=en&user=_5F5jgQAAAAJ&pagesize=100&citation_for_view=_5F5jgQAAAAJ:gsN89kCJA0AC",3,44,22183,22190,90,11.25,11,8,8,"","",""
88,"AJ Terezo, J Bisquert, EC Pereira, G Garcia-Belmonte","Separation of transport, charge storage and reaction processes of porous electrocatalytic IrO2 and IrO2/Nb2O5 electrodes",2001,"Journal of Electroanalytical Chemistry 508 (1-2)","","","https://scholar.google.com/scholar?oi=bibs&hl=en&cites=9707453682385752413",66,"2023-03-01 19:26:52","Journal article","","","https://scholar.google.com/citations?view_op=view_citation&hl=en&user=_5F5jgQAAAAJ&pagesize=100&citation_for_view=_5F5jgQAAAAJ:KlAtU1dfN6UC",,,59,69,88,4.00,22,4,22,"","",""
86,"A Guerrero, B Dorling, T Ripolles-Sanchis, M Aghamohammadi, ...","Interplay between fullerene surface coverage and contact selectivity of cathode interfaces in organic solar cells",2013,"ACS nano","","","https://scholar.google.com/scholar?oi=bibs&hl=en&cites=3748114301825003646",67,"2023-03-01 19:26:52","Journal article","","","https://scholar.google.com/citations?view_op=view_citation&hl=en&user=_5F5jgQAAAAJ&pagesize=100&citation_for_view=_5F5jgQAAAAJ:08ZZubdj9fEC",7,5,4637,4646,86,8.60,17,5,10,"","",""
86,"YY Proskuryakov, K Durose, MK Al Turkestani, I Mora-Seró, ...","Impedance spectroscopy of thin-film CdTe/CdS solar cells under varied illumination",2009,"Journal of Applied Physics","","","https://scholar.google.com/scholar?oi=bibs&hl=en&cites=17452582138054204438",68,"2023-03-01 19:26:52","Journal article","","","https://scholar.google.com/citations?view_op=view_citation&hl=en&user=_5F5jgQAAAAJ&pagesize=100&citation_for_view=_5F5jgQAAAAJ:maZDTaKrznsC",106,4,44507,44507,86,6.14,17,5,14,"","",""
83,"A Guerrero, T Ripolles-Sanchis, PP Boix, G Garcia-Belmonte","Series resistance in organic bulk-heterojunction solar devices: Modulating carrier transport with fullerene electron traps",2012,"Organic Electronics","","","https://scholar.google.com/scholar?oi=bibs&hl=en&cites=11387804884071373256",69,"2023-03-01 19:26:52","Journal article","","","https://scholar.google.com/citations?view_op=view_citation&hl=en&user=_5F5jgQAAAAJ&pagesize=100&citation_for_view=_5F5jgQAAAAJ:CHSYGLWDkRkC",13,11,2326,2332,83,7.55,21,4,11,"","",""
79,"PP Boix, A Guerrero, LF Marchesi, G Garcia‐Belmonte, J Bisquert","Current‐Voltage Characteristics of Bulk Heterojunction Organic Solar Cells: Connection Between Light and Dark Curves",2011,"Advanced Energy Materials","","","https://scholar.google.com/scholar?oi=bibs&hl=en&cites=12077636322575701013",70,"2023-03-01 19:26:52","Journal article","","","https://scholar.google.com/citations?view_op=view_citation&hl=en&user=_5F5jgQAAAAJ&pagesize=100&citation_for_view=_5F5jgQAAAAJ:r0BpntZqJG4C",1,6,1073,1078,79,6.58,16,5,12,"","",""
77,"S Deumel, A van Breemen, G Gelinck, B Peeters, J Maas, R Verbeek, ...","High-sensitivity high-resolution X-ray imaging with soft-sintered metal halide perovskites",2021,"Nature Electronics","","","https://scholar.google.com/scholar?oi=bibs&hl=en&cites=16339344228681163519",71,"2023-03-01 19:26:52","Journal article","","","https://scholar.google.com/citations?view_op=view_citation&hl=en&user=_5F5jgQAAAAJ&pagesize=100&citation_for_view=_5F5jgQAAAAJ:7BrZ7Jt4UNcC",4,9,681,688,77,38.50,11,7,2,"","",""
76,"G Garcia-Belmonte, J Bisquert","Distinction between capacitive and noncapacitive hysteretic currents in operation and degradation of perovskite solar cells",2016,"ACS Energy Letters","","","https://scholar.google.com/scholar?oi=bibs&hl=en&cites=1349183438413246385",72,"2023-03-01 19:26:52","Journal article","","","https://scholar.google.com/citations?view_op=view_citation&hl=en&user=_5F5jgQAAAAJ&pagesize=100&citation_for_view=_5F5jgQAAAAJ:8d8msizDQcsC",1,4,683,688,76,10.86,38,2,7,"","",""
75,"M Valles-Pelarda, BC Hames, I García-Benito, O Almora, ...","Analysis of the hysteresis behavior of perovskite solar cells with interfacial fullerene self-assembled monolayers",2016,"The Journal of Physical Chemistry Letters","","","https://scholar.google.com/scholar?oi=bibs&hl=en&cites=1749140363306089601",73,"2023-03-01 19:26:52","Journal article","","","https://scholar.google.com/citations?view_op=view_citation&hl=en&user=_5F5jgQAAAAJ&pagesize=100&citation_for_view=_5F5jgQAAAAJ:HtEfBTGE9r8C",7,22,4622,4628,75,10.71,15,5,7,"","",""
73,"A Guerrero, G Garcia-Belmonte","Recent advances to understand morphology stability of organic photovoltaics",2017,"Nano-micro letters","","","https://scholar.google.com/scholar?oi=bibs&hl=en&cites=4111624155788279587",74,"2023-03-01 19:26:52","Journal article","","","https://scholar.google.com/citations?view_op=view_citation&hl=en&user=_5F5jgQAAAAJ&pagesize=100&citation_for_view=_5F5jgQAAAAJ:0izLItjtcgwC",9,,1,16,73,12.17,37,2,6,"","",""
73,"F Martinez-Julian, A Guerrero, M Haro, J Bisquert, D Bresser, E Paillard, ...","Probing Lithiation Kinetics of Carbon-Coated ZnFe2O4 Nanoparticle Battery Anodes",2014,"The Journal of Physical Chemistry C","","","https://scholar.google.com/scholar?oi=bibs&hl=en&cites=5144734449109873176",75,"2023-03-01 19:26:52","Journal article","","","https://scholar.google.com/citations?view_op=view_citation&hl=en&user=_5F5jgQAAAAJ&pagesize=100&citation_for_view=_5F5jgQAAAAJ:tKAzc9rXhukC",118,12,6069,6076,73,8.11,10,7,9,"","",""
72,"PR Bueno, MM Oliveira, WK Bacelar-Junior, ER Leite, E Longo, ...","Analysis of the admittance-frequency and capacitance–voltage of dense -based varistor ceramics",2002,"Journal of Applied Physics","","","https://scholar.google.com/scholar?oi=bibs&hl=en&cites=9082847747941937241",76,"2023-03-01 19:26:52","Journal article","","","https://scholar.google.com/citations?view_op=view_citation&hl=en&user=_5F5jgQAAAAJ&pagesize=100&citation_for_view=_5F5jgQAAAAJ:hqOjcs7Dif8C",91,9,6007,6014,72,3.43,12,6,21,"","",""
72,"P Olmos, JC Diaz, JM Perez, P Gomez, V Rodellar, P Aguayo, A Bru, ...","A new approach to automatic radiation spectrum analysis",1991,"IEEE Transactions on Nuclear Science","","","https://scholar.google.com/scholar?oi=bibs&hl=en&cites=6326442044847524931",77,"2023-03-01 19:26:52","Journal article","","","https://scholar.google.com/citations?view_op=view_citation&hl=en&user=_5F5jgQAAAAJ&pagesize=100&citation_for_view=_5F5jgQAAAAJ:4DMP91E08xMC",38,4,971,975,72,2.25,9,8,32,"","",""
71,"Á Pitarch, G Garcia-Belmonte, I Mora-Seró, J Bisquert","Electrochemical impedance spectra for the complete equivalent circuit of diffusion and reaction under steady-state recombination current",2004,"Physical Chemistry Chemical Physics","","","https://scholar.google.com/scholar?oi=bibs&hl=en&cites=2728117741790057388",78,"2023-03-01 19:26:52","Journal article","","","https://scholar.google.com/citations?view_op=view_citation&hl=en&user=_5F5jgQAAAAJ&pagesize=100&citation_for_view=_5F5jgQAAAAJ:MXK_kJrjxJIC",6,11,2983,2988,71,3.74,18,4,19,"","",""
69,"O Almora, C Aranda, G Garcia-Belmonte","Do capacitance measurements reveal light-induced bulk dielectric changes in photovoltaic perovskites?",2017,"The Journal of Physical Chemistry C","","","https://scholar.google.com/scholar?oi=bibs&hl=en&cites=16554903669683900620",79,"2023-03-01 19:26:52","Journal article","","","https://scholar.google.com/citations?view_op=view_citation&hl=en&user=_5F5jgQAAAAJ&pagesize=100&citation_for_view=_5F5jgQAAAAJ:OcBU2YAGkTUC",122,25,13450,13454,69,11.50,23,3,6,"","",""
68,"PP Boix, J Ajuria, R Pacios, G Garcia-Belmonte","Carrier recombination losses in inverted polymer: Fullerene solar cells with ZnO hole-blocking layer from transient photovoltage and impedance spectroscopy techniques",2011,"Journal of Applied Physics","","","https://scholar.google.com/scholar?oi=bibs&hl=en&cites=10070835872549923900",80,"2023-03-01 19:26:52","Journal article","","","https://scholar.google.com/citations?view_op=view_citation&hl=en&user=_5F5jgQAAAAJ&pagesize=100&citation_for_view=_5F5jgQAAAAJ:j3f4tGmQtD8C",109,7,74514,74514,68,5.67,17,4,12,"","",""
67,"N Vicente, M Haro, D Cíntora-Juárez, C Pérez-Vicente, JL Tirado, ...","LiFePO4 particle conductive composite strategies for improving cathode rate capability",2015,"Electrochimica Acta","","","https://scholar.google.com/scholar?oi=bibs&hl=en&cites=3273000436210329799",81,"2023-03-01 19:26:52","Journal article","","","https://scholar.google.com/citations?view_op=view_citation&hl=en&user=_5F5jgQAAAAJ&pagesize=100&citation_for_view=_5F5jgQAAAAJ:BwyfMAYsbu0C",163,,323,329,67,8.38,11,6,8,"","",""
67,"AK Thakur, G Wantz, G Garcia-Belmonte, J Bisquert, L Hirsch","Temperature dependence of open-circuit voltage and recombination processes in polymer–fullerene based solar cells",2011,"Solar Energy Materials and Solar Cells","","","https://scholar.google.com/scholar?oi=bibs&hl=en&cites=18370533326922815525",82,"2023-03-01 19:26:52","Journal article","","","https://scholar.google.com/citations?view_op=view_citation&hl=en&user=_5F5jgQAAAAJ&pagesize=100&citation_for_view=_5F5jgQAAAAJ:M3NEmzRMIkIC",95,8,2131,2135,67,5.58,13,5,12,"","",""
67,"I Mora-Seró, T Dittrich, A Belaidi, G Garcia-Belmonte, J Bisquert","Observation of diffusion and tunneling recombination of dye-photoinjected electrons in ultrathin TiO2 layers by surface photovoltage transients",2005,"The Journal of Physical Chemistry B","","","https://scholar.google.com/scholar?oi=bibs&hl=en&cites=15746243374606874269",83,"2023-03-01 19:26:52","Journal article","","","https://scholar.google.com/citations?view_op=view_citation&hl=en&user=_5F5jgQAAAAJ&pagesize=100&citation_for_view=_5F5jgQAAAAJ:QIV2ME_5wuYC",109,31,14932,14938,67,3.72,13,5,18,"","",""
67,"J Bisquert, G Garcia-Belmonte, J Garcı́a-Cañadas","Effects of the Gaussian energy dispersion on the statistics of polarons and bipolarons in conducting polymers",2004,"The Journal of chemical physics","","","https://scholar.google.com/scholar?oi=bibs&hl=en&cites=6827563100593747405",84,"2023-03-01 19:26:52","Journal article","","","https://scholar.google.com/citations?view_op=view_citation&hl=en&user=_5F5jgQAAAAJ&pagesize=100&citation_for_view=_5F5jgQAAAAJ:aqlVkmm33-oC",120,14,6726,6733,67,3.53,22,3,19,"","",""
67,"J Bisquert, G Garcia‐Belmonte, Á Pitarch","An explanation of anomalous diffusion patterns observed in electroactive materials by impedance methods",2003,"ChemPhysChem","","","https://scholar.google.com/scholar?oi=bibs&hl=en&cites=14626096449640911641",85,"2023-03-01 19:26:52","Journal article","","","https://scholar.google.com/citations?view_op=view_citation&hl=en&user=_5F5jgQAAAAJ&pagesize=100&citation_for_view=_5F5jgQAAAAJ:4TOpqqG69KYC",4,3,287,292,67,3.35,22,3,20,"","",""
66,"I Zarazua, S Sidhik, T Lopez-Luke, D Esparza, E De la Rosa, ...","Operating Mechanisms of Mesoscopic Perovskite Solar Cells through Impedance Spectroscopy and J–V Modeling",2017,"The journal of physical chemistry letters","","","https://scholar.google.com/scholar?oi=bibs&hl=en&cites=6666615982632175578",86,"2023-03-01 19:26:52","Journal article","","","https://scholar.google.com/citations?view_op=view_citation&hl=en&user=_5F5jgQAAAAJ&pagesize=100&citation_for_view=_5F5jgQAAAAJ:HtS1dXgVpQUC",8,24,6073,6079,66,11.00,11,6,6,"","",""
66,"SB Dkhil, M Pfannmöller, MI Saba, M Gaceur, H Heidari, ...","Toward high‐temperature stability of PTB7‐based bulk heterojunction solar cells: impact of fullerene size and solvent additive",2017,"Advanced Energy Materials","","","https://scholar.google.com/scholar?oi=bibs&hl=en&cites=4838229522364098070",87,"2023-03-01 19:26:52","Journal article","","","https://scholar.google.com/citations?view_op=view_citation&hl=en&user=_5F5jgQAAAAJ&pagesize=100&citation_for_view=_5F5jgQAAAAJ:a9-T7VOCCH8C",7,4,1601486,1601486,66,11.00,11,6,6,"","",""
66,"J García-Cañadas, F Fabregat-Santiago, HJ Bolink, E Palomares, ...","Determination of electron and hole energy levels in mesoporous nanocrystalline TiO2 solid-state dye solar cell",2006,"Synthetic metals 156 (14-15)","","","https://scholar.google.com/scholar?oi=bibs&hl=en&cites=11935658912572377325",88,"2023-03-01 19:26:52","Book chapter","","","https://scholar.google.com/citations?view_op=view_citation&hl=en&user=_5F5jgQAAAAJ&pagesize=100&citation_for_view=_5F5jgQAAAAJ:9ZlFYXVOiuMC",,,944,948,66,3.88,13,5,17,"","",""
65,"P Olmos, JC Diaz, JM Perez, G Garcia-Belmonte, P Gomez, V Rodellar","Application of neural network techniques in gamma spectroscopy",1992,"Nuclear Instruments and Methods in Physics Research Section A: Accelerators …","","","https://scholar.google.com/scholar?oi=bibs&hl=en&cites=15731395977876033735",89,"2023-03-01 19:26:52","","","","https://scholar.google.com/citations?view_op=view_citation&hl=en&user=_5F5jgQAAAAJ&pagesize=100&citation_for_view=_5F5jgQAAAAJ:qUcmZB5y_30C",,,,,65,2.10,11,6,31,"","",""
64,"T Dittrich, I Mora-Seró, G García-Belmonte, J Bisquert","Temperature dependent normal and anomalous electron diffusion in porous Ti O 2 studied by transient surface photovoltage",2006,"Physical Review B","","","https://scholar.google.com/scholar?oi=bibs&hl=en&cites=6256536655949796066",90,"2023-03-01 19:26:52","Journal article","","","https://scholar.google.com/citations?view_op=view_citation&hl=en&user=_5F5jgQAAAAJ&pagesize=100&citation_for_view=_5F5jgQAAAAJ:M3ejUd6NZC8C",73,4,45407,45407,64,3.76,16,4,17,"","",""
62,"PP Boix, MM Wienk, RAJ Janssen, G Garcia-Belmonte","Open-circuit voltage limitation in low-bandgap diketopyrrolopyrrole-based polymer solar cells processed from different solvents",2011,"The Journal of Physical Chemistry C","","","https://scholar.google.com/scholar?oi=bibs&hl=en&cites=12146571584531776226",91,"2023-03-01 19:26:52","Journal article","","","https://scholar.google.com/citations?view_op=view_citation&hl=en&user=_5F5jgQAAAAJ&pagesize=100&citation_for_view=_5F5jgQAAAAJ:YFjsv_pBGBYC",115,30,15075,15080,62,5.17,16,4,12,"","",""
62,"JM Montero, J Bisquert, G Garcia-Belmonte, EM Barea, HJ Bolink","Trap-limited mobility in space-charge limited current in organic layers",2009,"Organic Electronics","","","https://scholar.google.com/scholar?oi=bibs&hl=en&cites=11863574759165762603",92,"2023-03-01 19:26:52","Journal article","","","https://scholar.google.com/citations?view_op=view_citation&hl=en&user=_5F5jgQAAAAJ&pagesize=100&citation_for_view=_5F5jgQAAAAJ:HDshCWvjkbEC",10,2,305,312,62,4.43,12,5,14,"","",""
60,"R Hass, J García-Cañadas, G Garcia-Belmonte","Electrochemical impedance analysis of the redox switching hysteresis of poly (3, 4-ethylenedioxythiophene) films",2005,"Journal of Electroanalytical Chemistry","","","https://scholar.google.com/scholar?oi=bibs&hl=en&cites=1936952292243089923",93,"2023-03-01 19:26:52","Journal article","","","https://scholar.google.com/citations?view_op=view_citation&hl=en&user=_5F5jgQAAAAJ&pagesize=100&citation_for_view=_5F5jgQAAAAJ:mVmsd5A6BfQC",577,1,99,105,60,3.33,20,3,18,"","",""
59,"T Ripolles-Sanchis, A Guerrero, J Bisquert, G Garcia-Belmonte","Diffusion-recombination determines collected current and voltage in polymer: fullerene solar cells",2012,"The Journal of Physical Chemistry C","","","https://scholar.google.com/scholar?oi=bibs&hl=en&cites=14451678433296822234",94,"2023-03-01 19:26:52","Journal article","","","https://scholar.google.com/citations?view_op=view_citation&hl=en&user=_5F5jgQAAAAJ&pagesize=100&citation_for_view=_5F5jgQAAAAJ:KxtntwgDAa4C",116,32,16925,16933,59,5.36,15,4,11,"","",""
58,"S Ravishankar, C Aranda, S Sanchez, J Bisquert, M Saliba, ...","Perovskite solar cell modeling using light-and voltage-modulated techniques",2019,"The Journal of Physical Chemistry C","","","https://scholar.google.com/scholar?oi=bibs&hl=en&cites=5713527726324553069",95,"2023-03-01 19:26:52","Journal article","","","https://scholar.google.com/citations?view_op=view_citation&hl=en&user=_5F5jgQAAAAJ&pagesize=100&citation_for_view=_5F5jgQAAAAJ:LgRImbQfgY4C",123,11,6444,6449,58,14.50,10,6,4,"","",""
58,"I Abayev, A Zaban, VG Kytin, AA Danilin, G Garcia-Belmonte, J Bisquert","Properties of the electronic density of states in TiO2 nanoparticles surrounded with aqueous electrolyte",2007,"Journal of Solid State Electrochemistry","","","https://scholar.google.com/scholar?oi=bibs&hl=en&cites=6833274311613717016",96,"2023-03-01 19:26:52","Journal article","","","https://scholar.google.com/citations?view_op=view_citation&hl=en&user=_5F5jgQAAAAJ&pagesize=100&citation_for_view=_5F5jgQAAAAJ:L8Ckcad2t8MC",11,,647,653,58,3.63,10,6,16,"","",""
58,"I Mora-Seró, T Dittrich, G Garcia-Belmonte, J Bisquert","Determination of spatial charge separation of diffusing electrons by transient photovoltage measurements",2006,"Journal of applied physics","","","https://scholar.google.com/scholar?oi=bibs&hl=en&cites=8695959423218192071",97,"2023-03-01 19:26:52","Journal article","","","https://scholar.google.com/citations?view_op=view_citation&hl=en&user=_5F5jgQAAAAJ&pagesize=100&citation_for_view=_5F5jgQAAAAJ:ZeXyd9-uunAC",100,10,103705,103705,58,3.41,15,4,17,"","",""
58,"G Garcia-Belmonte, J Bisquert, EC Pereira, F Fabregat-Santiago","Switching behaviour in lightly doped polymeric porous film electrodes. Improving distributed impedance models for mixed conduction conditions",2001,"Journal of Electroanalytical Chemistry 508 (1-2)","","","https://scholar.google.com/scholar?oi=bibs&hl=en&cites=5367072968052766628",98,"2023-03-01 19:26:52","Journal article","","","https://scholar.google.com/citations?view_op=view_citation&hl=en&user=_5F5jgQAAAAJ&pagesize=100&citation_for_view=_5F5jgQAAAAJ:_kc_bZDykSQC",,,48,58,58,2.64,15,4,22,"","",""
56,"S Ravishankar, C Aranda, PP Boix, JA Anta, J Bisquert, ...","Effects of frequency dependence of the external quantum efficiency of perovskite solar cells",2018,"The journal of physical chemistry letters","","","https://scholar.google.com/scholar?oi=bibs&hl=en&cites=6029005761381437532",99,"2023-03-01 19:26:52","Journal article","","","https://scholar.google.com/citations?view_op=view_citation&hl=en&user=_5F5jgQAAAAJ&pagesize=100&citation_for_view=_5F5jgQAAAAJ:LhH-TYMQEocC",9,11,3099,3104,56,11.20,9,6,5,"","",""
56,"G Garcia-Belmonte, HJ Bolink, J Bisquert","Capacitance-voltage characteristics of organic light-emitting diodes varying the cathode metal: Implications for interfacial states",2007,"Physical Review B","","","https://scholar.google.com/scholar?oi=bibs&hl=en&cites=3721785098325062108",100,"2023-03-01 19:26:52","Journal article","","","https://scholar.google.com/citations?view_op=view_citation&hl=en&user=_5F5jgQAAAAJ&pagesize=100&citation_for_view=_5F5jgQAAAAJ:hC7cP41nSMkC",75,8,85316,85316,56,3.50,19,3,16,"","",""
55,"I Etxebarria, A Guerrero, J Albero, G Garcia-Belmonte, E Palomares, ...","Inverted vs standard PTB7: PC70BM organic photovoltaic devices. The benefit of highly selective and extracting contacts in device performance",2014,"Organic Electronics","","","https://scholar.google.com/scholar?oi=bibs&hl=en&cites=16069998775882621141",101,"2023-03-01 19:26:52","Journal article","","","https://scholar.google.com/citations?view_op=view_citation&hl=en&user=_5F5jgQAAAAJ&cstart=100&pagesize=100&citation_for_view=_5F5jgQAAAAJ:0KyAp5RtaNEC",15,11,2756,2762,55,6.11,9,6,9,"","",""
55,"F Fabregat-Santiago, G Garcia-Belmonte, J Bisquert, NS Ferriols, ...","Dynamic processes in the coloration of WO 3 by lithium insertion",2001,"Journal of the electrochemical society","","","https://scholar.google.com/scholar?oi=bibs&hl=en&cites=4463536106531058278",102,"2023-03-01 19:26:52","Journal article","","","https://scholar.google.com/citations?view_op=view_citation&hl=en&user=_5F5jgQAAAAJ&cstart=100&pagesize=100&citation_for_view=_5F5jgQAAAAJ:dhFuZR0502QC",148,7,302,,55,2.50,11,5,22,"","",""
54,"A Guerrero, A Bou, G Matt, O Almora, T Heumüller, G Garcia‐Belmonte, ...","Switching off hysteresis in perovskite solar cells by fine‐tuning energy levels of extraction layers",2018,"Advanced Energy Materials","","","https://scholar.google.com/scholar?oi=bibs&hl=en&cites=13386286288254974602",103,"2023-03-01 19:26:52","Journal article","","","https://scholar.google.com/citations?view_op=view_citation&hl=en&user=_5F5jgQAAAAJ&cstart=100&pagesize=100&citation_for_view=_5F5jgQAAAAJ:r_AWSJRzSzQC",8,21,1703376,1703376,54,10.80,8,7,5,"","",""
54,"N Vicente, G Garcia‐Belmonte","Organohalide perovskites are fast ionic conductors",2017,"Advanced Energy Materials","","","https://scholar.google.com/scholar?oi=bibs&hl=en&cites=13492776951636241020",104,"2023-03-01 19:26:52","Journal article","","","https://scholar.google.com/citations?view_op=view_citation&hl=en&user=_5F5jgQAAAAJ&cstart=100&pagesize=100&citation_for_view=_5F5jgQAAAAJ:HIFyuExEbWQC",7,19,1700710,1700710,54,9.00,27,2,6,"","",""
53,"Z Pomerantz, A Zaban, S Ghosh, JP Lellouche, G Garcia-Belmonte, ...","Capacitance, spectroelectrochemistry and conductivity of polarons and bipolarons in a polydicarbazole based conducting polymer",2008,"Journal of Electroanalytical Chemistry 614 (1-2)","","","https://scholar.google.com/scholar?oi=bibs&hl=en&cites=15725790176872790710",105,"2023-03-01 19:26:52","Journal article","","","https://scholar.google.com/citations?view_op=view_citation&hl=en&user=_5F5jgQAAAAJ&cstart=100&pagesize=100&citation_for_view=_5F5jgQAAAAJ:BqipwSGYUEgC",,,49,60,53,3.53,9,6,15,"","",""
53,"G Garcia-Belmonte","Effect of electrode morphology on the diffusion length of the doping process of electronically conducting polypyrrole films",2003,"Electrochemistry communications","","","https://scholar.google.com/scholar?oi=bibs&hl=en&cites=2166210889215387038",106,"2023-03-01 19:26:52","Journal article","","","https://scholar.google.com/citations?view_op=view_citation&hl=en&user=_5F5jgQAAAAJ&cstart=100&pagesize=100&citation_for_view=_5F5jgQAAAAJ:Zph67rFs4hoC",5,3,236,240,53,2.65,53,1,20,"","",""
52,"A Guerrero, J Bisquert, G Garcia-Belmonte","Impedance spectroscopy of metal halide perovskite solar cells from the perspective of equivalent circuits",2021,"Chemical Reviews","","","https://scholar.google.com/scholar?oi=bibs&hl=en&cites=475648661254427365",107,"2023-03-01 19:26:52","Journal article","","","https://scholar.google.com/citations?view_op=view_citation&hl=en&user=_5F5jgQAAAAJ&cstart=100&pagesize=100&citation_for_view=_5F5jgQAAAAJ:IaI1MmNe2tcC",121,23,14430,14484,52,26.00,17,3,2,"","",""
50,"S Ravishankar, A Riquelme, SK Sarkar, M Garcia-Batlle, ...","Intensity-modulated photocurrent spectroscopy and its application to perovskite solar cells",2019,"The Journal of Physical Chemistry C","","","https://scholar.google.com/scholar?oi=bibs&hl=en&cites=16008806016658293707",108,"2023-03-01 19:26:52","Journal article","","","https://scholar.google.com/citations?view_op=view_citation&hl=en&user=_5F5jgQAAAAJ&cstart=100&pagesize=100&citation_for_view=_5F5jgQAAAAJ:0CzhzZyukY4C",123,41,24995,25014,50,12.50,10,5,4,"","",""
50,"P Acevedo-Peña, M Haro, ME Rincón, J Bisquert, G Garcia-Belmonte","Facile kinetics of Li-ion intake causes superior rate capability in multiwalled carbon nanotube@ TiO2 nanocomposite battery anodes",2014,"Journal of Power Sources","","","https://scholar.google.com/scholar?oi=bibs&hl=en&cites=8442447722008026278",109,"2023-03-01 19:26:52","Journal article","","","https://scholar.google.com/citations?view_op=view_citation&hl=en&user=_5F5jgQAAAAJ&cstart=100&pagesize=100&citation_for_view=_5F5jgQAAAAJ:XD-gHx7UXLsC",268,,397,403,50,5.56,10,5,9,"","",""
49,"M Tessarolo, A Guerrero, D Gedefaw, M Bolognesi, M Prosa, X Xu, ...","Predicting thermal stability of organic solar cells through an easy and fast capacitance measurement",2015,"Solar Energy Materials and Solar Cells","","","https://scholar.google.com/scholar?oi=bibs&hl=en&cites=6167745843612055589",110,"2023-03-01 19:26:52","Journal article","","","https://scholar.google.com/citations?view_op=view_citation&hl=en&user=_5F5jgQAAAAJ&cstart=100&pagesize=100&citation_for_view=_5F5jgQAAAAJ:KUbvn5osdkgC",141,,240,247,49,6.13,7,7,8,"","",""
49,"J Bisquert, G Garcia-Belmonte","Interpretation of AC conductivity of lightly doped conducting polymers in terms of hopping conduction",2004,"Russian Journal of Electrochemistry","","","https://scholar.google.com/scholar?oi=bibs&hl=en&cites=6480096881065178986",111,"2023-03-01 19:26:52","Journal article","","","https://scholar.google.com/citations?view_op=view_citation&hl=en&user=_5F5jgQAAAAJ&cstart=100&pagesize=100&citation_for_view=_5F5jgQAAAAJ:-f6ydRqryjwC",40,,352,358,49,2.58,25,2,19,"","",""
46,"TS Ripolles, A Guerrero, G Garcia-Belmonte","Polymer defect states modulate open-circuit voltage in bulk-heterojunction solar cells",2013,"Applied Physics Letters 103 (24), 236_","","","https://scholar.google.com/scholar?oi=bibs&hl=en&cites=13047312736738511224",112,"2023-03-01 19:26:52","Journal article","","","https://scholar.google.com/citations?view_op=view_citation&hl=en&user=_5F5jgQAAAAJ&cstart=100&pagesize=100&citation_for_view=_5F5jgQAAAAJ:UHK10RUVsp4C",1,,,,46,4.60,15,3,10,"","",""
45,"M Gaceur, SB Dkhil, D Duché, F Bencheikh, JJ Simon, L Escoubas, ...","Ligand‐Free Synthesis of Aluminum‐Doped Zinc Oxide Nanocrystals and their Use as Optical Spacers in Color‐Tuned Highly Efficient Organic Solar Cells",2016,"Advanced Functional Materials","","","https://scholar.google.com/scholar?oi=bibs&hl=en&cites=5515377680496718318",113,"2023-03-01 19:26:52","Journal article","","","https://scholar.google.com/citations?view_op=view_citation&hl=en&user=_5F5jgQAAAAJ&cstart=100&pagesize=100&citation_for_view=_5F5jgQAAAAJ:tuHXwOkdijsC",26,2,243,253,45,6.43,6,7,7,"","",""
44,"O Almora, M Garcia-Batlle, G Garcia-Belmonte","Utilization of temperature-sweeping capacitive techniques to evaluate band gap defect densities in photovoltaic perovskites",2019,"The journal of physical chemistry letters","","","https://scholar.google.com/scholar?oi=bibs&hl=en&cites=4587494567259336716",114,"2023-03-01 19:26:52","Journal article","","","https://scholar.google.com/citations?view_op=view_citation&hl=en&user=_5F5jgQAAAAJ&cstart=100&pagesize=100&citation_for_view=_5F5jgQAAAAJ:sJsF-0ZLhtgC",10,13,3661,3669,44,11.00,15,3,4,"","",""
42,"A Guerrero, LF Marchesi, PP Boix, J Bisquert, G Garcia-Belmonte","Recombination in organic bulk heterojunction solar cells: small dependence of interfacial charge transfer kinetics on fullerene affinity",2012,"The Journal of Physical Chemistry Letters","","","https://scholar.google.com/scholar?oi=bibs&hl=en&cites=7336274239082180012",115,"2023-03-01 19:26:52","Journal article","","","https://scholar.google.com/citations?view_op=view_citation&hl=en&user=_5F5jgQAAAAJ&cstart=100&pagesize=100&citation_for_view=_5F5jgQAAAAJ:bFI3QPDXJZMC",3,10,1386,1392,42,3.82,8,5,11,"","",""
42,"G Garcia-Belmonte, PR Bueno, F Fabregat-Santiago, J Bisquert","Relaxation processes in the coloration of amorphous  thin films studied by combined impedance and electro-optical measurements",2004,"Journal of Applied Physics","","","https://scholar.google.com/scholar?oi=bibs&hl=en&cites=12597448802029238475",116,"2023-03-01 19:26:52","Journal article","","","https://scholar.google.com/citations?view_op=view_citation&hl=en&user=_5F5jgQAAAAJ&cstart=100&pagesize=100&citation_for_view=_5F5jgQAAAAJ:R3hNpaxXUhUC",96,1,853,859,42,2.21,11,4,19,"","",""
41,"A Guerrero, S Chambon, L Hirsch, G Garcia‐Belmonte","Light‐modulated TiOx Interlayer Dipole and Contact Activation in Organic Solar Cell Cathodes",2014,"Advanced Functional Materials","","","https://scholar.google.com/scholar?oi=bibs&hl=en&cites=2643022132551661315",117,"2023-03-01 19:26:52","Journal article","","","https://scholar.google.com/citations?view_op=view_citation&hl=en&user=_5F5jgQAAAAJ&cstart=100&pagesize=100&citation_for_view=_5F5jgQAAAAJ:ipzZ9siozwsC",24,39,6234,6240,41,4.56,10,4,9,"","",""
40,"G Garcia-Belmonte, J Bisquert, F Fabregat-Santiago","Effect of trap density on the dielectric response of varistor ceramics",1999,"Solid-State Electronics","","","https://scholar.google.com/scholar?oi=bibs&hl=en&cites=1134753106621435941",118,"2023-03-01 19:26:52","Journal article","","","https://scholar.google.com/citations?view_op=view_citation&hl=en&user=_5F5jgQAAAAJ&cstart=100&pagesize=100&citation_for_view=_5F5jgQAAAAJ:Wp0gIr-vW9MC",43,12,2123,2127,40,1.67,13,3,24,"","",""
39,"T Ripolles-Sanchis, A Guerrero, E Azaceta, R Tena-Zaera, ...","Electrodeposited NiO anode interlayers: Enhancement of the charge carrier selectivity in organic solar cells",2013,"Solar energy materials and solar cells","","","https://scholar.google.com/scholar?oi=bibs&hl=en&cites=4212828276473601039",119,"2023-03-01 19:26:52","Journal article","","","https://scholar.google.com/citations?view_op=view_citation&hl=en&user=_5F5jgQAAAAJ&cstart=100&pagesize=100&citation_for_view=_5F5jgQAAAAJ:N5tVd3kTz84C",117,,564,568,39,3.90,8,5,10,"","",""
38,"RS Sanchez, E Binetti, JA Torre, G Garcia-Belmonte, M Striccoli, ...","All solution processed low turn-on voltage near infrared LEDs based on core–shell PbS–CdS quantum dots with inverted device structure",2014,"Nanoscale","","","https://scholar.google.com/scholar?oi=bibs&hl=en&cites=16575145346200055211",120,"2023-03-01 19:26:52","Journal article","","","https://scholar.google.com/citations?view_op=view_citation&hl=en&user=_5F5jgQAAAAJ&cstart=100&pagesize=100&citation_for_view=_5F5jgQAAAAJ:2KloaMYe4IUC",6,15,8551,8555,38,4.22,6,6,9,"","",""
36,"G Garcia-Belmonte, VS Vikhrenko, J Garcı́a-Cañadas, J Bisquert","Interpretation of variations of jump diffusion coefficient of lithium intercalated into amorphous WO3 electrochromic films",2004,"Solid State Ionics 170 (1-2)","","","https://scholar.google.com/scholar?oi=bibs&hl=en&cites=2380075398114917762",121,"2023-03-01 19:26:52","Book chapter","","","https://scholar.google.com/citations?view_op=view_citation&hl=en&user=_5F5jgQAAAAJ&cstart=100&pagesize=100&citation_for_view=_5F5jgQAAAAJ:mB3voiENLucC",,,123,127,36,1.89,9,4,19,"","",""
35,"M Haro, T Song, A Guerrero, L Bertoluzzi, J Bisquert, U Paik, ...","Germanium coating boosts lithium uptake in Si nanotube battery anodes",2014,"Physical Chemistry Chemical Physics","","","https://scholar.google.com/scholar?oi=bibs&hl=en&cites=10661935392215558857",122,"2023-03-01 19:26:52","Journal article","","","https://scholar.google.com/citations?view_op=view_citation&hl=en&user=_5F5jgQAAAAJ&cstart=100&pagesize=100&citation_for_view=_5F5jgQAAAAJ:nrtMV_XWKgEC",16,33,17930,17935,35,3.89,5,7,9,"","",""
34,"O Almora, P Lopez-Varo, KT Cho, S Aghazada, W Meng, Y Hou, ...","Ionic dipolar switching hinders charge collection in perovskite solar cells with normal and inverted hysteresis",2019,"Solar Energy Materials and Solar Cells","","","https://scholar.google.com/scholar?oi=bibs&hl=en&cites=6439899469067105776",123,"2023-03-01 19:26:52","Journal article","","","https://scholar.google.com/citations?view_op=view_citation&hl=en&user=_5F5jgQAAAAJ&cstart=100&pagesize=100&citation_for_view=_5F5jgQAAAAJ:F1b5ZUV5XREC",195,,291,298,34,8.50,5,7,4,"","",""
33,"A Guerrero, H Heidari, TS Ripolles, A Kovalenko, M Pfannmöller, S Bals, ...","Shelf life degradation of bulk heterojunction solar cells: intrinsic evolution of charge transfer complex",2015,"Advanced Energy Materials","","","https://scholar.google.com/scholar?oi=bibs&hl=en&cites=17893655425090431452",124,"2023-03-01 19:26:52","Journal article","","","https://scholar.google.com/citations?view_op=view_citation&hl=en&user=_5F5jgQAAAAJ&cstart=100&pagesize=100&citation_for_view=_5F5jgQAAAAJ:URolC5Kub84C",5,7,1401997,1401997,33,4.13,5,7,8,"","",""
33,"J Bisquert, JM Montero, HJ Bolink, EM Barea, G Garcia‐Belmonte","Thickness scaling of space‐charge‐limited currents in organic layers with field‐or density‐dependent mobility",2006,"physica status solidi (a)","","","https://scholar.google.com/scholar?oi=bibs&hl=en&cites=124524710147473877",125,"2023-03-01 19:26:52","Journal article","","","https://scholar.google.com/citations?view_op=view_citation&hl=en&user=_5F5jgQAAAAJ&cstart=100&pagesize=100&citation_for_view=_5F5jgQAAAAJ:O3NaXMp0MMsC",203,15,3762,3767,33,1.94,7,5,17,"","",""
32,"J Pospisil, A Guerrero, O Zmeskal, M Weiter, JJ Gallardo, J Navas, ...","Reversible formation of gold halides in single‐crystal hybrid‐perovskite/Au interface upon biasing and effect on electronic carrier injection",2019,"Advanced Functional Materials","","","https://scholar.google.com/scholar?oi=bibs&hl=en&cites=15486658871381947101",126,"2023-03-01 19:26:52","Journal article","","","https://scholar.google.com/citations?view_op=view_citation&hl=en&user=_5F5jgQAAAAJ&cstart=100&pagesize=100&citation_for_view=_5F5jgQAAAAJ:2tRrZ1ZAMYUC",29,32,1900881,1900881,32,8.00,5,7,4,"","",""
32,"T Moehl, VG Kytin, J Bisquert, M Kunst, HJ Bolink, G Garcia‐Belmonte","Relaxation of photogenerated carriers in P3HT: PCBM organic blends",2009,"ChemSusChem: Chemistry &Sustainability Energy &Materials","","","https://scholar.google.com/scholar?oi=bibs&hl=en&cites=11957892359680656535",127,"2023-03-01 19:26:52","Journal article","","","https://scholar.google.com/citations?view_op=view_citation&hl=en&user=_5F5jgQAAAAJ&cstart=100&pagesize=100&citation_for_view=_5F5jgQAAAAJ:k_IJM867U9cC",2,4,314,320,32,2.29,5,6,14,"","",""
31,"N Vicente, M Haro, G Garcia-Belmonte","New approaches to the lithiation kinetics in reaction-limited battery electrodes through electrochemical impedance spectroscopy",2018,"Chemical Communications","","","https://scholar.google.com/scholar?oi=bibs&hl=en&cites=2784816383507211969",128,"2023-03-01 19:26:52","Journal article","","","https://scholar.google.com/citations?view_op=view_citation&hl=en&user=_5F5jgQAAAAJ&cstart=100&pagesize=100&citation_for_view=_5F5jgQAAAAJ:bKqednn6t2AC",54,9,1025,1040,31,6.20,10,3,5,"","",""
31,"G Garcia-Belmonte, J García-Cañadas, I Mora-Seró, J Bisquert, C Voz, ...","Effect of buffer layer on minority carrier lifetime and series resistance of bifacial heterojunction silicon solar cells analyzed by impedance spectroscopy",2006,"Thin Solid Films 514 (1-2)","","","https://scholar.google.com/scholar?oi=bibs&hl=en&cites=12920006977463287398",129,"2023-03-01 19:26:52","Book chapter","","","https://scholar.google.com/citations?view_op=view_citation&hl=en&user=_5F5jgQAAAAJ&cstart=100&pagesize=100&citation_for_view=_5F5jgQAAAAJ:iH-uZ7U-co4C",,,254,257,31,1.82,5,6,17,"","",""
30,"A Guerrero, M Pfannmöller, A Kovalenko, TS Ripolles, H Heidari, S Bals, ...","Nanoscale mapping by electron energy-loss spectroscopy reveals evolution of organic solar cell contact selectivity",2015,"Organic Electronics","","","https://scholar.google.com/scholar?oi=bibs&hl=en&cites=16959574667845563892",130,"2023-03-01 19:26:52","Journal article","","","https://scholar.google.com/citations?view_op=view_citation&hl=en&user=_5F5jgQAAAAJ&cstart=100&pagesize=100&citation_for_view=_5F5jgQAAAAJ:vDijr-p_gm4C",16,,227,233,30,3.75,4,7,8,"","",""
30,"G Garcia-Belmonte, J Bisquert, EC Pereira, F Fabregat-Santiago","Anomalous transport on polymeric porous film electrodes in the dopant-induced insulator-to-conductor transition analyzed by electrochemical impedance",2001,"Applied Physics Letters","","","https://scholar.google.com/scholar?oi=bibs&hl=en&cites=11447998748228471553",131,"2023-03-01 19:26:52","Journal article","","","https://scholar.google.com/citations?view_op=view_citation&hl=en&user=_5F5jgQAAAAJ&cstart=100&pagesize=100&citation_for_view=_5F5jgQAAAAJ:isC4tDSrTZIC",78,13,1885,1887,30,1.36,8,4,22,"","",""
29,"G Garcia-Belmonte","Carrier recombination flux in bulk heterojunction polymer: fullerene solar cells: Effect of energy disorder on ideality factor",2013,"Solid-state electronics","","","https://scholar.google.com/scholar?oi=bibs&hl=en&cites=10446693571256261780",132,"2023-03-01 19:26:52","Journal article","","","https://scholar.google.com/citations?view_op=view_citation&hl=en&user=_5F5jgQAAAAJ&cstart=100&pagesize=100&citation_for_view=_5F5jgQAAAAJ:OU6Ihb5iCvQC",79,,201,205,29,2.90,29,1,10,"","",""
28,"O Almora, L Vaillant-Roca, G Garcia-Belmonte","Perovskite solar cells: A brief introduction and some remarks",2017,"Revista cubana de fisica","","","https://scholar.google.com/scholar?oi=bibs&hl=en&cites=8286424325983392191",133,"2023-03-01 19:26:52","Journal article","","","https://scholar.google.com/citations?view_op=view_citation&hl=en&user=_5F5jgQAAAAJ&cstart=100&pagesize=100&citation_for_view=_5F5jgQAAAAJ:4vMrXwiscB8C",34,1,58,68,28,4.67,9,3,6,"","",""
28,"C Xu, Y Zeng, X Rui, J Zhu, H Tan, A Guerrero, J Toribio, J Bisquert, ...","Amorphous iron oxyhydroxide nanosheets: Synthesis, Li storage, and conversion reaction kinetics",2013,"The Journal of Physical Chemistry C","","","https://scholar.google.com/scholar?oi=bibs&hl=en&cites=5231520419012231406",134,"2023-03-01 19:26:52","Journal article","","","https://scholar.google.com/citations?view_op=view_citation&hl=en&user=_5F5jgQAAAAJ&cstart=100&pagesize=100&citation_for_view=_5F5jgQAAAAJ:LjlpjdlvIbIC",117,34,17462,17469,28,2.80,3,9,10,"","",""
28,"J Garcia-Cañadas, F Fabregat-Santiago, J Kapla, J Bisquert, ...","Dynamic behaviour of viologen-activated nanostructured TiO2: correlation between kinetics of charging and coloration",2004,"Electrochimica acta","","","https://scholar.google.com/scholar?oi=bibs&hl=en&cites=13194194706268770744",135,"2023-03-01 19:26:52","Journal article","","","https://scholar.google.com/citations?view_op=view_citation&hl=en&user=_5F5jgQAAAAJ&cstart=100&pagesize=100&citation_for_view=_5F5jgQAAAAJ:e5wmG9Sq2KIC",49,5,745,752,28,1.47,6,5,19,"","",""
27,"Á Pitarch, G Garcia-Belmonte, J Bisquert, HJ Bolink","Impedance of space-charge-limited currents in organic light-emitting diodes with double injection and strong recombination",2006,"Journal of applied physics","","","https://scholar.google.com/scholar?oi=bibs&hl=en&cites=6123567285739662728",136,"2023-03-01 19:26:52","Journal article","","","https://scholar.google.com/citations?view_op=view_citation&hl=en&user=_5F5jgQAAAAJ&cstart=100&pagesize=100&citation_for_view=_5F5jgQAAAAJ:3s1wT3WcHBgC",100,8,84502,84502,27,1.59,7,4,17,"","",""
27,"G Garcia-Belmonte, Z Pomerantz, J Bisquert, JP Lellouche, A Zaban","Analysis of ion diffusion and charging in electronically conducting polydicarbazole films by impedance methods",2004,"Electrochimica acta","","","https://scholar.google.com/scholar?oi=bibs&hl=en&cites=16294010753458227892",137,"2023-03-01 19:26:52","Journal article","","","https://scholar.google.com/citations?view_op=view_citation&hl=en&user=_5F5jgQAAAAJ&cstart=100&pagesize=100&citation_for_view=_5F5jgQAAAAJ:hFOr9nPyWt4C",49,20,3413,3417,27,1.42,5,5,19,"","",""
26,"EM Barea, G Garcia-Belmonte, M Sommer, S Hüttner, HJ Bolink, ...","Determination of charge carrier mobility of hole transporting polytriarylamine-based diodes",2010,"Thin Solid Films","","","https://scholar.google.com/scholar?oi=bibs&hl=en&cites=14078011687914131519",138,"2023-03-01 19:26:52","Journal article","","","https://scholar.google.com/citations?view_op=view_citation&hl=en&user=_5F5jgQAAAAJ&cstart=100&pagesize=100&citation_for_view=_5F5jgQAAAAJ:u_35RYKgDlwC",518,12,3351,3354,26,2.00,4,6,13,"","",""
25,"G Garcia-Belmonte, EV Vakarin, J Bisquert, JP Badiali","Doping-induced broadening of the hole density-of-states in conducting polymers",2010,"Electrochimica acta","","","https://scholar.google.com/scholar?oi=bibs&hl=en&cites=18231084111476416390",139,"2023-03-01 19:26:52","Journal article","","","https://scholar.google.com/citations?view_op=view_citation&hl=en&user=_5F5jgQAAAAJ&cstart=100&pagesize=100&citation_for_view=_5F5jgQAAAAJ:abG-DnoFyZgC",55,21,6123,6127,25,1.92,6,4,13,"","",""
24,"I MORA-SERO","Characterization of capacitance, transport and recombination parameters in hybrid perovskite and organic solar cells",2016,"Unconventional Thin Film Photovoltaics: RSC Energy and Environment Series","","","https://scholar.google.com/scholar?oi=bibs&hl=en&cites=18420287333777801505",140,"2023-03-01 19:26:52","Journal article","","","https://scholar.google.com/citations?view_op=view_citation&hl=en&user=_5F5jgQAAAAJ&cstart=100&pagesize=100&citation_for_view=_5F5jgQAAAAJ:FAceZFleit8C",57,,,,24,3.43,24,1,7,"","",""
24,"J García-Cañadas, I Mora-Seró, F Fabregat-Santiago, J Bisquert, ...","Analysis of cyclic voltammograms of electrochromic a-WO3 films from voltage-dependent equilibrium capacitance measurements",2004,"Journal of Electroanalytical Chemistry","","","https://scholar.google.com/scholar?oi=bibs&hl=en&cites=13269408299939192659",141,"2023-03-01 19:26:52","Journal article","","","https://scholar.google.com/citations?view_op=view_citation&hl=en&user=_5F5jgQAAAAJ&cstart=100&pagesize=100&citation_for_view=_5F5jgQAAAAJ:blknAaTinKkC",565,2,329,334,24,1.26,5,5,19,"","",""
24,"G Garcia-Belmonte, J Bisquert, GS Popkirov","Determination of the electronic conductivity of polybithiophene films at different doping levels using in situ electrochemical impedance measurements",2003,"Applied physics letters","","","https://scholar.google.com/scholar?oi=bibs&hl=en&cites=6266209723611606492",142,"2023-03-01 19:26:52","Journal article","","","https://scholar.google.com/citations?view_op=view_citation&hl=en&user=_5F5jgQAAAAJ&cstart=100&pagesize=100&citation_for_view=_5F5jgQAAAAJ:NaGl4SEjCO4C",83,11,2178,2180,24,1.20,8,3,20,"","",""
23,"A Kovalenko, J Pospisil, J Krajcovic, M Weiter, A Guerrero, ...","Interface inductive currents and carrier injection in hybrid perovskite single crystals",2017,"Applied Physics Letters","","","https://scholar.google.com/scholar?oi=bibs&hl=en&cites=11754717277193662440",143,"2023-03-01 19:26:52","Journal article","","","https://scholar.google.com/citations?view_op=view_citation&hl=en&user=_5F5jgQAAAAJ&cstart=100&pagesize=100&citation_for_view=_5F5jgQAAAAJ:DJbcl8HfkQkC",111,16,163504,163504,23,3.83,4,6,6,"","",""
23,"G Garcia-Belmonte, J García-Cañadas, J Bisquert","Correlation between volume change and cell voltage variation with composition for lithium intercalated amorphous films",2006,"The Journal of Physical Chemistry B","","","https://scholar.google.com/scholar?oi=bibs&hl=en&cites=8716794998820517082",144,"2023-03-01 19:26:52","Journal article","","","https://scholar.google.com/citations?view_op=view_citation&hl=en&user=_5F5jgQAAAAJ&cstart=100&pagesize=100&citation_for_view=_5F5jgQAAAAJ:J_g5lzvAfSwC",110,10,4514,4518,23,1.35,8,3,17,"","",""
22,"PP Boix, J Ajuria, I Etxebarria, R Pacios, G Garcia-Belmonte","Kinetics of occupancy of defect states in poly (3-hexylthiophene): fullerene solar cells",2012,"Thin Solid Films","","","https://scholar.google.com/scholar?oi=bibs&hl=en&cites=4294835852434845769",145,"2023-03-01 19:26:52","Journal article","","","https://scholar.google.com/citations?view_op=view_citation&hl=en&user=_5F5jgQAAAAJ&cstart=100&pagesize=100&citation_for_view=_5F5jgQAAAAJ:UxriW0iASnsC",520,6,2265,2268,22,2.00,4,5,11,"","",""
22,"A Pitarch, J Bisquert, G Garcia-Belmonte","Mobile cation concentration in ionically conducting glasses calculated by means of Mott–Schottky capacitance–voltage characteristics",2003,"Journal of non-crystalline solids 324 (1-2)","","","https://scholar.google.com/scholar?oi=bibs&hl=en&cites=4746586909699164348",146,"2023-03-01 19:26:52","Journal article","","","https://scholar.google.com/citations?view_op=view_citation&hl=en&user=_5F5jgQAAAAJ&cstart=100&pagesize=100&citation_for_view=_5F5jgQAAAAJ:JV2RwH3_ST0C",,,196,200,22,1.10,7,3,20,"","",""
21,"N Vicente, D Bresser, S Passerini, G Garcia‐Belmonte","Probing the 3‐step Lithium Storage Mechanism in CH3NH3PbBr3 Perovskite Electrode by Operando‐XRD Analysis",2019,"ChemElectroChem","","","https://scholar.google.com/scholar?oi=bibs&hl=en&cites=11366257799606977556",147,"2023-03-01 19:26:52","Journal article","","","https://scholar.google.com/citations?view_op=view_citation&hl=en&user=_5F5jgQAAAAJ&cstart=100&pagesize=100&citation_for_view=_5F5jgQAAAAJ:ZzlSgRqYykMC",6,2,456,460,21,5.25,5,4,4,"","",""
21,"G Garcia-Belmonte, JM Montero, Y Ayyad-Limonge, EM Barea, J Bisquert, ...","Perimeter leakage current in polymer light emitting diodes",2009,"Current Applied Physics","","","https://scholar.google.com/scholar?oi=bibs&hl=en&cites=16565331842172163165",148,"2023-03-01 19:26:52","Journal article","","","https://scholar.google.com/citations?view_op=view_citation&hl=en&user=_5F5jgQAAAAJ&cstart=100&pagesize=100&citation_for_view=_5F5jgQAAAAJ:b0M2c_1WBrUC",9,2,414,416,21,1.50,4,6,14,"","",""
21,"I Mora-Seró, JA Anta, T Dittrich, G Garcia-Belmonte, J Bisquert","Continuous time random walk simulation of short-range electron transport in TiO2 layers compared with transient surface photovoltage measurements",2006,"Journal of Photochemistry and Photobiology A: Chemistry","","","https://scholar.google.com/scholar?oi=bibs&hl=en&cites=16175054126389879247",149,"2023-03-01 19:26:52","Journal article","","","https://scholar.google.com/citations?view_op=view_citation&hl=en&user=_5F5jgQAAAAJ&cstart=100&pagesize=100&citation_for_view=_5F5jgQAAAAJ:TFP_iSt0sucC",182,3,280,287,21,1.24,4,5,17,"","",""
21,"J García-Cañadas, F Fabregat-Santiago, I Porqueras, C Person, ...","Charging and diffusional aspects of Li+ insertion in electrochromic a-WO3",2004,"Solid State Ionics 175 (1-4)","","","https://scholar.google.com/scholar?oi=bibs&hl=en&cites=8307713431977943383",150,"2023-03-01 19:26:52","Book chapter","","","https://scholar.google.com/citations?view_op=view_citation&hl=en&user=_5F5jgQAAAAJ&cstart=100&pagesize=100&citation_for_view=_5F5jgQAAAAJ:hMod-77fHWUC",,,521,525,21,1.11,4,5,19,"","",""
21,"FF Santiago, GG Belmonte, J Bisquert, A Zaban, P Salvador","Decoupling of transport, charge storage, and interfacial charge transfer in the nanocrystalline TiO2/electrolyte syst",2002,"J Phys Chem B","","","https://scholar.google.com/scholar?oi=bibs&hl=en&cites=6845228877521751954",151,"2023-03-01 19:26:52","Journal article","","","https://scholar.google.com/citations?view_op=view_citation&hl=en&user=_5F5jgQAAAAJ&cstart=100&pagesize=100&citation_for_view=_5F5jgQAAAAJ:QYdC8u9Cj1oC",10,,6334,339,21,1.00,4,5,21,"","",""
20,"A García-Fernández, Z Moradi, JM Bermúdez-García, M Sánchez-Andújar, ...","Effect of environmental humidity on the electrical properties of lead halide perovskites",2018,"The Journal of Physical Chemistry C","","","https://scholar.google.com/scholar?oi=bibs&hl=en&cites=11715439516365668752",152,"2023-03-01 19:26:52","Journal article","","","https://scholar.google.com/citations?view_op=view_citation&hl=en&user=_5F5jgQAAAAJ&cstart=100&pagesize=100&citation_for_view=_5F5jgQAAAAJ:u-coK7KVo8oC",123,4,2011,2018,20,4.00,4,5,5,"","",""
19,"JM Montero, J Bisquert, G Garcia‐Belmonte, HJ Bolink, EM Barea","Interpretation of capacitance spectra and transit times of single carrier space‐charge limited transport in organic layers with field‐dependent mobility",2007,"physica status solidi (a)","","","https://scholar.google.com/scholar?oi=bibs&hl=en&cites=14690915401702842716",153,"2023-03-01 19:26:52","Journal article","","","https://scholar.google.com/citations?view_op=view_citation&hl=en&user=_5F5jgQAAAAJ&cstart=100&pagesize=100&citation_for_view=_5F5jgQAAAAJ:M05iB0D1s5AC",204,7,2402,2410,19,1.19,4,5,16,"","",""
19,"G Garcia-Belmonte, F Fabregat-Santiago, J Bisquert, M Yamashita, ...","Frequency dispersion in electrochromic devices and conducting polymer electrodes: A generalized transmission line approach",1999,"Ionics","","","https://scholar.google.com/scholar?oi=bibs&hl=en&cites=9169133024507034500",154,"2023-03-01 19:26:52","Journal article","","","https://scholar.google.com/citations?view_op=view_citation&hl=en&user=_5F5jgQAAAAJ&cstart=100&pagesize=100&citation_for_view=_5F5jgQAAAAJ:_xSYboBqXhAC",5,,44,51,19,0.79,4,5,24,"","",""
19,"G Garcia-Belmonte, J Bisquert, F Fabregat, V Kozhukharov, JB Carda","Grain boundary role in the electrical properties of La1− xSrxCo0. 8Fe0. 2O3− δ perovskites",1998,"Solid State Ionics 107 (3-4)","","","https://scholar.google.com/scholar?oi=bibs&hl=en&cites=18228550378848859967",155,"2023-03-01 19:26:52","Book chapter","","","https://scholar.google.com/citations?view_op=view_citation&hl=en&user=_5F5jgQAAAAJ&cstart=100&pagesize=100&citation_for_view=_5F5jgQAAAAJ:RHpTSmoSYBkC",,,203,211,19,0.76,4,5,25,"","",""
19,"JA Manzanares, J Bisquert, G Garcia‐Belmonte, M Fernández‐Alonso","An experiment on magnetic induction pulses",1994,"American Journal of Physics","","","https://scholar.google.com/scholar?oi=bibs&hl=en&cites=2364533604948957714",156,"2023-03-01 19:26:52","Journal article","","","https://scholar.google.com/citations?view_op=view_citation&hl=en&user=_5F5jgQAAAAJ&cstart=100&pagesize=100&citation_for_view=_5F5jgQAAAAJ:RGFaLdJalmkC",62,8,702,706,19,0.66,5,4,29,"","",""
18,"O Almora, Y Zhao, X Du, T Heumueller, GJ Matt, G Garcia-Belmonte, ...","Light intensity modulated impedance spectroscopy (LIMIS) in all-solid-state solar cells at open-circuit",2020,"Nano Energy","","","https://scholar.google.com/scholar?oi=bibs&hl=en&cites=9965739226738422824",157,"2023-03-01 19:26:52","Journal article","","","https://scholar.google.com/citations?view_op=view_citation&hl=en&user=_5F5jgQAAAAJ&cstart=100&pagesize=100&citation_for_view=_5F5jgQAAAAJ:4xDN1ZYqzskC",75,,104982,104982,18,6.00,3,7,3,"","",""
18,"O Almora, G Garcia-Belmonte","Light capacitances in silicon and perovskite solar cells",2019,"Solar Energy","","","https://scholar.google.com/scholar?oi=bibs&hl=en&cites=10257343370952643405",158,"2023-03-01 19:26:52","Journal article","","","https://scholar.google.com/citations?view_op=view_citation&hl=en&user=_5F5jgQAAAAJ&cstart=100&pagesize=100&citation_for_view=_5F5jgQAAAAJ:4X0JR2_MtJMC",189,,103,110,18,4.50,9,2,4,"","",""
18,"A Kovalenko, P Ashcheulov, A Guerrero, P Heinrichová, L Fekete, M Vala, ...","Diamond-based electrodes for organic photovoltaic devices",2015,"Solar Energy Materials and Solar Cells","","","https://scholar.google.com/scholar?oi=bibs&hl=en&cites=6760764756063987984",159,"2023-03-01 19:26:52","Journal article","","","https://scholar.google.com/citations?view_op=view_citation&hl=en&user=_5F5jgQAAAAJ&cstart=100&pagesize=100&citation_for_view=_5F5jgQAAAAJ:uWiczbcajpAC",134,,73,79,18,2.25,3,7,8,"","",""
18,"G Garcia-Belmonte, J Bisquert, PR Bueno, CFO Graeff","Impedance of carrier injection at the metal–organic interface mediated by surface states in electron-only tris (8-hydroxyquinoline) aluminium (Alq3) thin layers",2008,"Chemical Physics Letters 455 (4-6)","","","https://scholar.google.com/scholar?oi=bibs&hl=en&cites=12416186749242363580",160,"2023-03-01 19:26:52","Journal article","","","https://scholar.google.com/citations?view_op=view_citation&hl=en&user=_5F5jgQAAAAJ&cstart=100&pagesize=100&citation_for_view=_5F5jgQAAAAJ:SeFeTyx0c_EC",,,242,248,18,1.20,5,4,15,"","",""
17,"M García‐Batlle, O Baussens, S Amari, J Zaccaro, E Gros‐Daillon, ...","Moving ions vary electronic conductivity in lead bromide perovskite single crystals through dynamic doping",2020,"Advanced Electronic Materials","","","https://scholar.google.com/scholar?oi=bibs&hl=en&cites=8285338760127557977",161,"2023-03-01 19:26:52","Journal article","","","https://scholar.google.com/citations?view_op=view_citation&hl=en&user=_5F5jgQAAAAJ&cstart=100&pagesize=100&citation_for_view=_5F5jgQAAAAJ:jgBuDB5drN8C",6,10,2000485,2000485,17,5.67,3,6,3,"","",""
17,"A Mhamdi, H Mehdi, A Bouazizi, G Garcia-Belmonte","One-step methylammonium lead bromide films: Effect of annealing treatment",2019,"Journal of Molecular Structure","","","https://scholar.google.com/scholar?oi=bibs&hl=en&cites=15738663137925468170",162,"2023-03-01 19:26:52","Journal article","","","https://scholar.google.com/citations?view_op=view_citation&hl=en&user=_5F5jgQAAAAJ&cstart=100&pagesize=100&citation_for_view=_5F5jgQAAAAJ:AHdEip9mkN0C",1192,,1,6,17,4.25,4,4,4,"","",""
17,"A Kovalenko, A Guerrero, G Garcia-Belmonte","Role of vertical segregation in semitransparent organic photovoltaics",2015,"ACS applied materials &interfaces","","","https://scholar.google.com/scholar?oi=bibs&hl=en&cites=1891987217962103825",163,"2023-03-01 19:26:52","Journal article","","","https://scholar.google.com/citations?view_op=view_citation&hl=en&user=_5F5jgQAAAAJ&cstart=100&pagesize=100&citation_for_view=_5F5jgQAAAAJ:AvfA0Oy_GE0C",7,2,1234,1239,17,2.13,6,3,8,"","",""
17,"D Molina, A Guerrero, G Garcia‐Belmonte, F Fernández‐Lázaro, ...","Synthesis of a Fully Conjugated Phthalocyanine‐Diketopyrrolopyrrole‐Phthalocyanine Triad as Low Band Gap Donor in Small Molecule Bulk Heterojunction Solar Cells",2014,"European Journal of Organic Chemistry","","","https://scholar.google.com/scholar?oi=bibs&hl=en&cites=2814717670562827120",164,"2023-03-01 19:26:52","Journal article","","","https://scholar.google.com/citations?view_op=view_citation&hl=en&user=_5F5jgQAAAAJ&cstart=100&pagesize=100&citation_for_view=_5F5jgQAAAAJ:evX43VCCuoAC",2014,21,4585,4591,17,1.89,3,5,9,"","",""
17,"T Ripolles-Sanchis, SR Raga, A Guerrero, M Welker, M Turbiez, ...","Molecular electronic coupling controls charge recombination kinetics in organic solar cells of low bandgap diketopyrrolopyrrole, carbazole, and thiophene polymers",2013,"The Journal of Physical Chemistry C","","","https://scholar.google.com/scholar?oi=bibs&hl=en&cites=2949404378763070033",165,"2023-03-01 19:26:52","Journal article","","","https://scholar.google.com/citations?view_op=view_citation&hl=en&user=_5F5jgQAAAAJ&cstart=100&pagesize=100&citation_for_view=_5F5jgQAAAAJ:kRWSkSYxWN8C",117,17,8719,8726,17,1.70,3,6,10,"","",""
16,"JL Movilla, G Garcia-Belmonte, J Bisquert, J Planelles","Calculation of electronic density of states induced by impurities in Ti O 2 quantum dots",2005,"Physical Review B","","","https://scholar.google.com/scholar?oi=bibs&hl=en&cites=10191342089520833091",166,"2023-03-01 19:26:52","Journal article","","","https://scholar.google.com/citations?view_op=view_citation&hl=en&user=_5F5jgQAAAAJ&cstart=100&pagesize=100&citation_for_view=_5F5jgQAAAAJ:NMxIlDl6LWMC",72,15,153313,153313,16,0.89,4,4,18,"","",""
16,"R Álvarez, F Guerrero, G Garcia-Belmonte, J Bisquert","Study of the humidity effect in the electrical response of the KSbMoO6 ionic conductive ceramic at low temperature",2002,"Materials Science and Engineering: B","","","https://scholar.google.com/scholar?oi=bibs&hl=en&cites=12322999129213217502",167,"2023-03-01 19:26:52","Journal article","","","https://scholar.google.com/citations?view_op=view_citation&hl=en&user=_5F5jgQAAAAJ&cstart=100&pagesize=100&citation_for_view=_5F5jgQAAAAJ:D03iK_w7-QYC",90,3,291,295,16,0.76,4,4,21,"","",""
15,"J Bisquert, G Garcia-Belmonte, A Guerrero","Impedance characteristics of hybrid organometal halide perovskite solar cells",2016,"Organic-inorganic halide perovskite photovoltaics: from fundamentals to …","","","https://scholar.google.com/scholar?oi=bibs&hl=en&cites=14111167423725105844",168,"2023-03-01 19:26:52","","","","https://scholar.google.com/citations?view_op=view_citation&hl=en&user=_5F5jgQAAAAJ&cstart=100&pagesize=100&citation_for_view=_5F5jgQAAAAJ:_FM0Bhl9EiAC",,,,,15,2.14,5,3,7,"","",""
15,"G Garcia-Belmonte, J Bisquert, PR Bueno, CFO Graeff, FA Castro","Kinetics of interface state-limited hole injection in α-naphthylphenylbiphenyl diamine (α-NPD) thin layers",2009,"Synthetic metals 159 (5-6)","","","https://scholar.google.com/scholar?oi=bibs&hl=en&cites=7671299264265959432",169,"2023-03-01 19:26:52","Book chapter","","","https://scholar.google.com/citations?view_op=view_citation&hl=en&user=_5F5jgQAAAAJ&cstart=100&pagesize=100&citation_for_view=_5F5jgQAAAAJ:35N4QoGY0k4C",,,480,486,15,1.07,3,5,14,"","",""
15,"J Bisquert, G Garcia-Belmonte","Analysis of the power-law response in the fractal dielectric model by thermally stimulated currents and frequency spectroscopy",2001,"Journal of Applied Physics","","","https://scholar.google.com/scholar?oi=bibs&hl=en&cites=6570239089731051006",170,"2023-03-01 19:26:52","Journal article","","","https://scholar.google.com/citations?view_op=view_citation&hl=en&user=_5F5jgQAAAAJ&cstart=100&pagesize=100&citation_for_view=_5F5jgQAAAAJ:bEWYMUwI8FkC",89,10,5657,5662,15,0.68,8,2,22,"","",""
15,"JB Mascarell, G Garcia-Belmonte","Time and temperature invariances in the evolution of properties through the glass transition",2000,"The Journal of Chemical Physics","","","https://scholar.google.com/scholar?oi=bibs&hl=en&cites=14952119061241655081",171,"2023-03-01 19:26:52","Journal article","","","https://scholar.google.com/citations?view_op=view_citation&hl=en&user=_5F5jgQAAAAJ&cstart=100&pagesize=100&citation_for_view=_5F5jgQAAAAJ:TQgYirikUcIC",113,12,4965,4973,15,0.65,8,2,23,"","",""
14,"O Almora, D Miravet, GJ Matt, G Garcia-Belmonte, CJ Brabec","Analytical model for light modulating impedance spectroscopy (LIMIS) in all-solid-state pn junction solar cells at open-circuit",2020,"Applied Physics Letters","","","https://scholar.google.com/scholar?oi=bibs&hl=en&cites=3785959898199712204",172,"2023-03-01 19:26:52","Journal article","","","https://scholar.google.com/citations?view_op=view_citation&hl=en&user=_5F5jgQAAAAJ&cstart=100&pagesize=100&citation_for_view=_5F5jgQAAAAJ:otzGkya1bYkC",116,1,13901,13901,14,4.67,3,5,3,"","",""
14,"L Gracia, J García-Cañadas, G Garcia-Belmonte, A Beltrán, J Andrés, ...","Composition dependence of the energy barrier for lithium diffusion in amorphous WO3",2005,"Electrochemical and Solid-State Letters 8 (10), J","","","https://scholar.google.com/scholar?oi=bibs&hl=en&cites=18202928952044273436",173,"2023-03-01 19:26:52","Journal article","","","https://scholar.google.com/citations?view_op=view_citation&hl=en&user=_5F5jgQAAAAJ&cstart=100&pagesize=100&citation_for_view=_5F5jgQAAAAJ:g5m5HwL7SMYC",21,,,,14,0.78,2,6,18,"","",""
14,"J Bisquert, G Garcia-Belmonte","Complex plane analysis of pn junction forward-voltage impedance",1997,"Electronics Letters","","","https://scholar.google.com/scholar?oi=bibs&hl=en&cites=15862960744734428751",174,"2023-03-01 19:26:52","Journal article","","","https://scholar.google.com/citations?view_op=view_citation&hl=en&user=_5F5jgQAAAAJ&cstart=100&pagesize=100&citation_for_view=_5F5jgQAAAAJ:RYcK_YlVTxYC",33,10,900,901,14,0.54,7,2,26,"","",""
14,"MA Tena, G Garcia-Belmonte, J Bisquert, P Escribano, MT Colomer, ...","Impedance spectroscopy studies of orthorhombic FeNbO4",1996,"Journal of materials science","","","https://scholar.google.com/scholar?oi=bibs&hl=en&cites=5887260265512104205",175,"2023-03-01 19:26:52","Journal article","","","https://scholar.google.com/citations?view_op=view_citation&hl=en&user=_5F5jgQAAAAJ&cstart=100&pagesize=100&citation_for_view=_5F5jgQAAAAJ:4JMBOYKVnBMC",31,,2043,2046,14,0.52,2,6,27,"","",""
13,"J Bisquert, G Garcia-Belmonte, JM Montero, HJ Bolink","Charge injection in organic light emitting diodes governed by interfacial states",2006,"Organic Optoelectronics and Photonics II","","","https://scholar.google.com/scholar?oi=bibs&hl=en&cites=9965795173772177626",176,"2023-03-01 19:26:52","Journal article","","","https://scholar.google.com/citations?view_op=view_citation&hl=en&user=_5F5jgQAAAAJ&cstart=100&pagesize=100&citation_for_view=_5F5jgQAAAAJ:HoB7MX3m0LUC",6192,,163,173,13,0.76,3,4,17,"","",""
13,"G Garcia-Belmonte, J Bisquert, P Miranzo","Anomalous diffusion of defects in rutile-titanium dioxide: correlation between ac conductivity and defect structures",2002,"Solid state ionics 146 (3-4)","","","https://scholar.google.com/scholar?oi=bibs&hl=en&cites=5109080148860610343",177,"2023-03-01 19:26:52","Book chapter","","","https://scholar.google.com/citations?view_op=view_citation&hl=en&user=_5F5jgQAAAAJ&cstart=100&pagesize=100&citation_for_view=_5F5jgQAAAAJ:pqnbT2bcN3wC",,,367,376,13,0.62,4,3,21,"","",""
12,"HJ Mandujano-Ramírez, JP González-Vázquez, G Oskam, T Dittrich, ...","Charge separation at disordered semiconductor heterojunctions from random walk numerical simulations",2014,"Physical Chemistry Chemical Physics","","","https://scholar.google.com/scholar?oi=bibs&hl=en&cites=13590283125565842271",178,"2023-03-01 19:26:52","Journal article","","","https://scholar.google.com/citations?view_op=view_citation&hl=en&user=_5F5jgQAAAAJ&cstart=100&pagesize=100&citation_for_view=_5F5jgQAAAAJ:uLbwQdceFCQC",16,9,4082,4091,12,1.33,2,5,9,"","",""
12,"G Garcia-Belmonte, J Bisquert","Entropy factor in the hopping frequency for ionic conduction in oxide glasses induced by energetic clustering",2005,"The Journal of chemical physics","","","https://scholar.google.com/scholar?oi=bibs&hl=en&cites=13005121052765590554",179,"2023-03-01 19:26:52","Journal article","","","https://scholar.google.com/citations?view_op=view_citation&hl=en&user=_5F5jgQAAAAJ&cstart=100&pagesize=100&citation_for_view=_5F5jgQAAAAJ:a0OBvERweLwC",123,7,74504,74504,12,0.67,6,2,18,"","",""
12,"P Olmos, JM Perez, G Garcia-Belmonte, A Bru, JL de Pablos","Computer simulations of the behaviour of the partial charge collection model in thick HgI2 γ-detectors",1991,"Nuclear Instruments and Methods in Physics Research Section A: Accelerators …","","","https://scholar.google.com/scholar?oi=bibs&hl=en&cites=4917833935292848626",180,"2023-03-01 19:26:52","","","","https://scholar.google.com/citations?view_op=view_citation&hl=en&user=_5F5jgQAAAAJ&cstart=100&pagesize=100&citation_for_view=_5F5jgQAAAAJ:vV6vV6tmYwMC",,,,,12,0.38,2,5,32,"","",""
11,"S Ravishankar, M Garcia-Batlle, J Bisquert, G Garcia-Belmonte, ...","Removing instability-caused low-frequency features in small perturbation spectra of perovskite solar cells",2020,"The Journal of Physical Chemistry C","","","https://scholar.google.com/scholar?oi=bibs&hl=en&cites=4626936209300535961",181,"2023-03-01 19:26:52","Journal article","","","https://scholar.google.com/citations?view_op=view_citation&hl=en&user=_5F5jgQAAAAJ&cstart=100&pagesize=100&citation_for_view=_5F5jgQAAAAJ:1lhNe0rCu4AC",124,29,15793,15799,11,3.67,2,5,3,"","",""
11,"J Caram, M García-Batlle, O Almora, RD Arce, A Guerrero, ...","Direct observation of surface polarization at hybrid perovskite/Au interfaces by dark transient experiments",2020,"Applied Physics Letters","","","https://scholar.google.com/scholar?oi=bibs&hl=en&cites=6866828305887683174",182,"2023-03-01 19:26:52","Journal article","","","https://scholar.google.com/citations?view_op=view_citation&hl=en&user=_5F5jgQAAAAJ&cstart=100&pagesize=100&citation_for_view=_5F5jgQAAAAJ:lgwcVrK6X84C",116,18,183503,183503,11,3.67,2,6,3,"","",""
11,"TS Ripolles, AK Baranwal, K Nishinaka, Y Ogomi, G Garcia-Belmonte, ...","Mechanisms of charge accumulation in the dark operation of perovskite solar cells",2016,"Physical Chemistry Chemical Physics","","","https://scholar.google.com/scholar?oi=bibs&hl=en&cites=4994602314664506673",183,"2023-03-01 19:26:52","Journal article","","","https://scholar.google.com/citations?view_op=view_citation&hl=en&user=_5F5jgQAAAAJ&cstart=100&pagesize=100&citation_for_view=_5F5jgQAAAAJ:rmuvC79q63oC",18,22,14970,14975,11,1.57,2,6,7,"","",""
11,"M Haro, N Vicente, G Garcia‐Belmonte","Oxygen Reduction Reaction Promotes Li+ Desorption from Cathode Surface in Li‐O2 Batteries",2015,"Advanced Materials Interfaces","","","https://scholar.google.com/scholar?oi=bibs&hl=en&cites=16449148530008529551",184,"2023-03-01 19:26:52","Journal article","","","https://scholar.google.com/citations?view_op=view_citation&hl=en&user=_5F5jgQAAAAJ&cstart=100&pagesize=100&citation_for_view=_5F5jgQAAAAJ:TIZ-Mc8IlK0C",2,16,1500369,1500369,11,1.38,4,3,8,"","",""
11,"G Garcia-Belmonte, F Henn, J Bisquert","Dielectric relaxation strength in ion conducting glasses caused by cluster polarization",2006,"Chemical physics 330 (1-2)","","","https://scholar.google.com/scholar?oi=bibs&hl=en&cites=4504425937704776967",185,"2023-03-01 19:26:52","Book chapter","","","https://scholar.google.com/citations?view_op=view_citation&hl=en&user=_5F5jgQAAAAJ&cstart=100&pagesize=100&citation_for_view=_5F5jgQAAAAJ:f2IySw72cVMC",,,113,117,11,0.65,4,3,17,"","",""
11,"A Pitarch, G Garcia-Belmonte, J Bisquert","Impedance model of two-carrier space-charge limited current in organic light-emitting diodes",2004,"Organic Light-Emitting Materials and Devices VIII","","","https://scholar.google.com/scholar?oi=bibs&hl=en&cites=16165715655129153306",186,"2023-03-01 19:26:52","Journal article","","","https://scholar.google.com/citations?view_op=view_citation&hl=en&user=_5F5jgQAAAAJ&cstart=100&pagesize=100&citation_for_view=_5F5jgQAAAAJ:lSLTfruPkqcC",5519,,304,312,11,0.58,4,3,19,"","",""
11,"G Garcia-Belmonte, J Bisquert","Interpretation of the critical length scale determining the conductivity in ionically conducting silicate glasses",2004,"Journal of non-crystalline solids","","","https://scholar.google.com/scholar?oi=bibs&hl=en&cites=7258325189218495300",187,"2023-03-01 19:26:52","Journal article","","","https://scholar.google.com/citations?view_op=view_citation&hl=en&user=_5F5jgQAAAAJ&cstart=100&pagesize=100&citation_for_view=_5F5jgQAAAAJ:rO6llkc54NcC",337,3,272,275,11,0.58,6,2,19,"","",""
11,"F Fabregat-Santiago, NS Ferriols, G Garcia-Belmonte, J Bisquert","Determination of the humidity of soil by monitoring the conductivity with indium tin oxide glass electrodes",2002,"Applied physics letters","","","https://scholar.google.com/scholar?oi=bibs&hl=en&cites=1355009726430588943",188,"2023-03-01 19:26:52","Journal article","","","https://scholar.google.com/citations?view_op=view_citation&hl=en&user=_5F5jgQAAAAJ&cstart=100&pagesize=100&citation_for_view=_5F5jgQAAAAJ:ns9cj8rnVeAC",80,15,2785,2787,11,0.52,3,4,21,"","",""
11,"G Garcia-Belmonte, JM Perez, JL Fernandez-Marron, J Bisquert","Digital implementation of filters for nuclear applications using the discrete wavelet transform",1996,"Nuclear Instruments and Methods in Physics Research Section A: Accelerators …","","","https://scholar.google.com/scholar?oi=bibs&hl=en&cites=2110292184760224506",189,"2023-03-01 19:26:52","","","","https://scholar.google.com/citations?view_op=view_citation&hl=en&user=_5F5jgQAAAAJ&cstart=100&pagesize=100&citation_for_view=_5F5jgQAAAAJ:dfsIfKJdRG4C",,,,,11,0.41,3,4,27,"","",""
10,"M García-Batlle, J Mayén Guillén, M Chapran, O Baussens, J Zaccaro, ...","Coupling between Ion Drift and Kinetics of Electronic Current Transients in MAPbBr3 Single Crystals",2022,"ACS Energy Letters","","","https://scholar.google.com/scholar?oi=bibs&hl=en&cites=15363213974959811212",190,"2023-03-01 19:26:52","Journal article","","","https://scholar.google.com/citations?view_op=view_citation&hl=en&user=_5F5jgQAAAAJ&cstart=100&pagesize=100&citation_for_view=_5F5jgQAAAAJ:WC23djZS0W4C",7,3,946,951,10,10.00,2,6,1,"","",""
10,"Z Pomerantz, G Garcia-Belmonte, A Joseph, JP Lellouche, J Bisquert, ...","The effect of ion-polymer binding on ionic diffusion in dicarbazole-based conducting polymers",2007,"Electrochimica acta","","","https://scholar.google.com/scholar?oi=bibs&hl=en&cites=12709501186397540564",191,"2023-03-01 19:26:52","Journal article","","","https://scholar.google.com/citations?view_op=view_citation&hl=en&user=_5F5jgQAAAAJ&cstart=100&pagesize=100&citation_for_view=_5F5jgQAAAAJ:zA6iFVUQeVQC",52,24,6841,6847,10,0.63,2,6,16,"","",""
10,"G Garcia-Belmonte, JM Montero, EM Barea, J Bisquert, HJ Bolink","Millisecond radiative recombination in poly (phenylene vinylene)-based light-emitting diodes from transient electroluminescence",2007,"Journal of applied physics","","","https://scholar.google.com/scholar?oi=bibs&hl=en&cites=13150038825853290283",192,"2023-03-01 19:26:52","Journal article","","","https://scholar.google.com/citations?view_op=view_citation&hl=en&user=_5F5jgQAAAAJ&cstart=100&pagesize=100&citation_for_view=_5F5jgQAAAAJ:ldfaerwXgEUC",101,11,114506,114506,10,0.63,2,5,16,"","",""
10,"P Olmos, G Garcia-Belmonte, JM Perez, JC Diaz","Use of thick HgI2 detectors as intelligent spectrometers",1990,"Nuclear Instruments and Methods in Physics Research Section A: Accelerators …","","","https://scholar.google.com/scholar?oi=bibs&hl=en&cites=9475099314114221595",193,"2023-03-01 19:26:52","","","","https://scholar.google.com/citations?view_op=view_citation&hl=en&user=_5F5jgQAAAAJ&cstart=100&pagesize=100&citation_for_view=_5F5jgQAAAAJ:2P1L_qKh6hAC",,,,,10,0.30,3,4,33,"","",""
9,"M García-Batlle, S Deumel, JE Huerdler, SF Tedde, A Guerrero, O Almora, ...","Mobile ion-driven modulation of electronic conductivity explains long-timescale electrical response in lead iodide perovskite thick pellets",2021,"ACS Applied Materials &Interfaces","","","https://scholar.google.com/scholar?oi=bibs&hl=en&cites=10783609107071627132",194,"2023-03-01 19:26:52","Journal article","","","https://scholar.google.com/citations?view_op=view_citation&hl=en&user=_5F5jgQAAAAJ&cstart=100&pagesize=100&citation_for_view=_5F5jgQAAAAJ:PaBasH6fAo0C",13,30,35617,35624,9,4.50,1,7,2,"","",""
9,"G Garcia-Belmonte, J Bisquert, V Caselles","The small signal AC impedance of a short p–n junction diode",1998,"Solid-State Electronics","","","https://scholar.google.com/scholar?oi=bibs&hl=en&cites=16121757066068087928",195,"2023-03-01 19:26:52","Journal article","","","https://scholar.google.com/citations?view_op=view_citation&hl=en&user=_5F5jgQAAAAJ&cstart=100&pagesize=100&citation_for_view=_5F5jgQAAAAJ:fPk4N6BV_jEC",42,6,939,941,9,0.36,3,3,25,"","",""
7,"A Mhamdi, N Vicente, A Bouazizi, G Garcia-Belmonte","Partial coverage methylammonium lead bromide films for solar cell application",2019,"Thin Solid Films","","","https://scholar.google.com/scholar?oi=bibs&hl=en&cites=16397929586243530433",196,"2023-03-01 19:26:52","Journal article","","","https://scholar.google.com/citations?view_op=view_citation&hl=en&user=_5F5jgQAAAAJ&cstart=100&pagesize=100&citation_for_view=_5F5jgQAAAAJ:6yz0xqPARnAC",690,,137567,137567,7,1.75,2,4,4,"","",""
7,"P Escribano, F Fabregat, G Garcia-Belmonte, E Cordoncillo, J Bisquert, ...","Structural and electrical conductivity studies on rutile solid solutions [FexTi1-2xMxO2 (M= Nb, Ta)]",1998,"Journal of materials science","","","https://scholar.google.com/scholar?oi=bibs&hl=en&cites=10397484390507617003",197,"2023-03-01 19:26:52","Journal article","","","https://scholar.google.com/citations?view_op=view_citation&hl=en&user=_5F5jgQAAAAJ&cstart=100&pagesize=100&citation_for_view=_5F5jgQAAAAJ:yD5IFk8b50cC",33,,4235,4238,7,0.28,1,6,25,"","",""
6,"O Almora, A González-Lezcano, A Guerrero, CJ Brabec, ...","Ion-mediated hopping electrode polarization model for impedance spectra of CH3NH3PbI3",2020,"Journal of Applied Physics","","","https://scholar.google.com/scholar?oi=bibs&hl=en&cites=16495790184791653233",198,"2023-03-01 19:26:52","Journal article","","","https://scholar.google.com/citations?view_op=view_citation&hl=en&user=_5F5jgQAAAAJ&cstart=100&pagesize=100&citation_for_view=_5F5jgQAAAAJ:ubry08Y2EpUC",128,7,75104,75104,6,2.00,1,5,3,"","",""
6,"F Henn, G Garcia-Belmonte, J Bisquert, S Devautour-Vinot, JC Giuntini","Dielectric losses measured in a sodium aluminosilicate glass by using electrical insulating barriers and non-isothermal experimental conditions",2008,"Journal of non-crystalline solids","","","https://scholar.google.com/scholar?oi=bibs&hl=en&cites=1209918311065110159",199,"2023-03-01 19:26:52","Journal article","","","https://scholar.google.com/citations?view_op=view_citation&hl=en&user=_5F5jgQAAAAJ&cstart=100&pagesize=100&citation_for_view=_5F5jgQAAAAJ:1sJd4Hv_s6UC",354,29,3443,3450,6,0.40,1,5,15,"","",""
6,"J Bisquert, G Garcia-Belmonte, F Fabregat-Santiago","The role of instrumentation in the process of modeling real capacitors",2000,"IEEE Transactions on Education","","","https://scholar.google.com/scholar?oi=bibs&hl=en&cites=4333964702338389921",200,"2023-03-01 19:26:52","Journal article","","","https://scholar.google.com/citations?view_op=view_citation&hl=en&user=_5F5jgQAAAAJ&cstart=100&pagesize=100&citation_for_view=_5F5jgQAAAAJ:SP6oXDckpogC",43,4,439,442,6,0.26,2,3,23,"","",""
6,"J Bisquert, G Garcia-Belmonte","Scaling properties of thermally stimulated currents in disordered systems",1999,"Journal of non-crystalline solids 260 (1-2)","","","https://scholar.google.com/scholar?oi=bibs&hl=en&cites=7503300324221222852",201,"2023-03-01 19:26:52","Journal article","","","https://scholar.google.com/citations?view_op=view_citation&hl=en&user=_5F5jgQAAAAJ&cstart=200&pagesize=100&citation_for_view=_5F5jgQAAAAJ:cFHS6HbyZ2cC",,,109,115,6,0.25,3,2,24,"","",""
5,"O Almora, GJ Matt, A These, A Kanak, I Levchuk, S Shrestha, A Osvet, ...","Surface versus Bulk Currents and Ionic Space-Charge Effects in CsPbBr3 Single Crystals",2022,"The journal of physical chemistry letters","","","https://scholar.google.com/scholar?oi=bibs&hl=en&cites=17111609298976757213",202,"2023-03-01 19:26:52","Journal article","","","https://scholar.google.com/citations?view_op=view_citation&hl=en&user=_5F5jgQAAAAJ&cstart=200&pagesize=100&citation_for_view=_5F5jgQAAAAJ:7H_MAutzIkAC",13,17,3824,3830,5,5.00,1,8,1,"","",""
5,"O Almora, D Miravet, M García-Batlle, G Garcia-Belmonte","Ballistic-like space-charge-limited currents in halide perovskites at room temperature",2021,"Applied Physics Letters","","","https://scholar.google.com/scholar?oi=bibs&hl=en&cites=2917333393365026980",203,"2023-03-01 19:26:52","Journal article","","","https://scholar.google.com/citations?view_op=view_citation&hl=en&user=_5F5jgQAAAAJ&cstart=200&pagesize=100&citation_for_view=_5F5jgQAAAAJ:FiytvqdAVhgC",119,24,242107,242107,5,2.50,1,4,2,"","",""
5,"M Ansari-Rad, G Garcia-Belmonte, J Bisquert","Consistent formulation of the crossover from density to velocity dependent recombination in organic solar cells",2015,"Applied Physics Letters 107 (7), 81_","","","https://scholar.google.com/scholar?oi=bibs&hl=en&cites=4822917653394958519",204,"2023-03-01 19:26:52","Journal article","","","https://scholar.google.com/citations?view_op=view_citation&hl=en&user=_5F5jgQAAAAJ&cstart=200&pagesize=100&citation_for_view=_5F5jgQAAAAJ:tYavs44e6CUC",1,,,,5,0.63,2,3,8,"","",""
5,"G Garcia-Belmonte, J García-Cañadas, J Bisquert, C Person","Jump diffusion coefficient of different cations intercalated into amorphous WO3",2006,"Solid state ionics 177 (19-25)","","","https://scholar.google.com/scholar?oi=bibs&hl=en&cites=8430448602849786915",205,"2023-03-01 19:26:52","Book chapter","","","https://scholar.google.com/citations?view_op=view_citation&hl=en&user=_5F5jgQAAAAJ&cstart=200&pagesize=100&citation_for_view=_5F5jgQAAAAJ:xtRiw3GOFMkC",,,1635,1637,5,0.29,1,4,17,"","",""
5,"J García-Cañadas, G Garcia-Belmonte, J Bisquert, I Porqueras, C Person","Transition from ideal statistics to interactions by host distortion in the intercalation thermodynamics of Li into amorphous WO3 films of varying thickness",2005,"Solid State Ionics 176 (19-22)","","","https://scholar.google.com/scholar?oi=bibs&hl=en&cites=3415729069931151248",206,"2023-03-01 19:26:52","Book chapter","","","https://scholar.google.com/citations?view_op=view_citation&hl=en&user=_5F5jgQAAAAJ&cstart=200&pagesize=100&citation_for_view=_5F5jgQAAAAJ:EUQCXRtRnyEC",,,1701,1704,5,0.28,1,5,18,"","",""
5,"F Fabregat-Santiago, NS Ferriols, G García-Belmonte, J Bisquert, I Morell","Estudio de los diferentes estados energéticos del agua del suelo en función de los fenómenos de relajación dieléctrica",1999,"Estudios de la Zona No Saturada del Suelo","","","https://scholar.google.com/scholar?oi=bibs&hl=en&cites=1526618663297721681",207,"2023-03-01 19:26:52","Book chapter","","","https://scholar.google.com/citations?view_op=view_citation&hl=en&user=_5F5jgQAAAAJ&cstart=200&pagesize=100&citation_for_view=_5F5jgQAAAAJ:NhqRSupF_l8C",,,39,44,5,0.21,1,5,24,"","",""
5,"P Olmos, G Garcia-Belmonte, JM Perez","Large volume HgI2 counters A novel technique for pulse discrimination",1992,"Nuclear Instruments and Methods in Physics Research Section A: Accelerators …","","","https://scholar.google.com/scholar?oi=bibs&hl=en&cites=4349607235302973048",208,"2023-03-01 19:26:52","","","","https://scholar.google.com/citations?view_op=view_citation&hl=en&user=_5F5jgQAAAAJ&cstart=200&pagesize=100&citation_for_view=_5F5jgQAAAAJ:pyW8ca7W8N0C",,,,,5,0.16,2,3,31,"","",""
4,"EV Vakarin, G Garcia-Belmonte, JP Badiali","Interplay of host volume variations and internal distortions in the course of intercalation into disordered matrices",2007,"The Journal of chemical physics","","","https://scholar.google.com/scholar?oi=bibs&hl=en&cites=19614814647912423",209,"2023-03-01 19:26:52","Journal article","","","https://scholar.google.com/citations?view_op=view_citation&hl=en&user=_5F5jgQAAAAJ&cstart=200&pagesize=100&citation_for_view=_5F5jgQAAAAJ:Tiz5es2fbqcC",126,23,234709,234709,4,0.25,1,3,16,"","",""
4,"F Henn, JC Giuntini, J Bisquert, G Garcia-Belmonte","An explanation of the peculiar behavior of TSDC peaks at Tg: a simple model of entropy relaxation",2006,"IEEE transactions on dielectrics and electrical insulation","","","https://scholar.google.com/scholar?oi=bibs&hl=en&cites=4409717465611358807",210,"2023-03-01 19:26:52","Journal article","","","https://scholar.google.com/citations?view_op=view_citation&hl=en&user=_5F5jgQAAAAJ&cstart=200&pagesize=100&citation_for_view=_5F5jgQAAAAJ:P5F9QuxV20EC",13,5,1042,1048,4,0.24,1,4,17,"","",""
4,"P Escribano, H Beltrán, E Cordoncillo, G García-Belmonte, L Ruiz, ...","Ferroelectric Behavior of Pb(Mg1/3Nb2/3)O3 (PMN) Obtained by the Sol−Gel Method",2001,"Chemistry of materials","","","https://scholar.google.com/scholar?oi=bibs&hl=en&cites=7878203707185215712",211,"2023-03-01 19:26:52","Journal article","","","https://scholar.google.com/citations?view_op=view_citation&hl=en&user=_5F5jgQAAAAJ&cstart=200&pagesize=100&citation_for_view=_5F5jgQAAAAJ:_B80troHkn4C",13,2,415,419,4,0.18,1,6,22,"","",""
4,"G Garcia-Belmonte, J Bisquert","Anomalous Charge Transport and Polarization in Semiconductors Oxides and Porous Film Electrodes",2001,"Supramolecular Photosensitive and Electroactive Materials","","","https://scholar.google.com/scholar?oi=bibs&hl=en&cites=6573511493834686779",212,"2023-03-01 19:26:52","Book chapter","","","https://scholar.google.com/citations?view_op=view_citation&hl=en&user=_5F5jgQAAAAJ&cstart=200&pagesize=100&citation_for_view=_5F5jgQAAAAJ:4hFrxpcac9AC",,,727,791,4,0.18,2,2,22,"","",""
3,"F Fabregat, G Garcia-Belmonte, P Escribano, E Cordoncillo, JB Carda, ...","Influence of kiln atmosphere variations on the colour of tiles",1998,"CFI. Ceramic forum international","","","https://scholar.google.com/scholar?oi=bibs&hl=en&cites=9987431430577642630",213,"2023-03-01 19:26:52","Conference paper","","","https://scholar.google.com/citations?view_op=view_citation&hl=en&user=_5F5jgQAAAAJ&cstart=200&pagesize=100&citation_for_view=_5F5jgQAAAAJ:p2g8aNsByqUC",75,5,35,37,3,0.12,1,6,25,"","",""
3,"G García-Belmonte, JM Pérez, J Marín, JL Fernández-Marrón","Gaussian filter bank use for improving CZT-γ-ray detector spectroscopic response",1997,"Nuclear Instruments and Methods in Physics Research Section A: Accelerators …","","","https://scholar.google.com/scholar?oi=bibs&hl=en&cites=10371388711524822713",214,"2023-03-01 19:26:52","","","","https://scholar.google.com/citations?view_op=view_citation&hl=en&user=_5F5jgQAAAAJ&cstart=200&pagesize=100&citation_for_view=_5F5jgQAAAAJ:nb7KW1ujOQ8C",,,,,3,0.12,1,4,26,"","",""
2,"J Bisquert, G Garcia‐Belmonte, A Guerrero","Ionic/Electronic Conduction and Capacitance of Halide Perovskite Materials",2022,"Perovskite Photovoltaics and Optoelectronics: From Fundamentals to Advanced …","","","https://scholar.google.com/scholar?oi=bibs&hl=en&cites=1892782316256475854",215,"2023-03-01 19:26:52","","","","https://scholar.google.com/citations?view_op=view_citation&hl=en&user=_5F5jgQAAAAJ&cstart=200&pagesize=100&citation_for_view=_5F5jgQAAAAJ:kw52XkFRtyQC",,,,,2,2.00,1,3,1,"","",""
2,"G Garcia-Belmonte","Visualizing time: how linguistic metaphors are incorporated into displaying instruments in the process of interpreting time-varying signals",2017,"Cultural Studies of Science Education","","","https://scholar.google.com/scholar?oi=bibs&hl=en&cites=12813115383593258439",216,"2023-03-01 19:26:52","Journal article","","","https://scholar.google.com/citations?view_op=view_citation&hl=en&user=_5F5jgQAAAAJ&cstart=200&pagesize=100&citation_for_view=_5F5jgQAAAAJ:_axFR9aDTf0C",12,,369,385,2,0.33,2,1,6,"","",""
2,"F Henn, S Devautour-Vinot, JC Giuntini, J Bisquert, G Garcia-Belmonte, ...","Analysis of AC permittivity response measured in an ionic glass: a comparison between iso and non-iso thermal conditions",2010,"IEEE Transactions on Dielectrics and Electrical Insulation","","","https://scholar.google.com/scholar?oi=bibs&hl=en&cites=11072541947465111218",217,"2023-03-01 19:26:52","Journal article","","","https://scholar.google.com/citations?view_op=view_citation&hl=en&user=_5F5jgQAAAAJ&cstart=200&pagesize=100&citation_for_view=_5F5jgQAAAAJ:q3oQSFYPqjQC",17,4,1164,1171,2,0.15,0,6,13,"","",""
2,"JV Carceller, A Soler, A Nebot, G Garcia-Belmonte, F Fabregat, JB Carda","Influence of variations in kiln atmosphere on fired tile quality in ceramic processes in general, and in porous single fired in particular",1998,"International Ceramics Journal(Testo Stampato)","","","https://scholar.google.com/scholar?oi=bibs&hl=en&cites=4108318596048191382",218,"2023-03-01 19:26:52","Journal article","","","https://scholar.google.com/citations?view_op=view_citation&hl=en&user=_5F5jgQAAAAJ&cstart=200&pagesize=100&citation_for_view=_5F5jgQAAAAJ:dshw04ExmUIC",,,22,29,2,0.08,0,6,25,"","",""
2,"G Garcia-Belmonte, R Hernandez, JL Fernandez-Marron, JM Perez","Nuclear Pulse Processing Using the Discrete Wavelet Transform",1996,"Applied Signal Processing","","","https://scholar.google.com/scholar?oi=bibs&hl=en&cites=17287506467980544861",219,"2023-03-01 19:26:52","Journal article","","","https://scholar.google.com/citations?view_op=view_citation&hl=en&user=_5F5jgQAAAAJ&cstart=200&pagesize=100&citation_for_view=_5F5jgQAAAAJ:Mojj43d5GZwC",3,,192,198,2,0.07,1,4,27,"","",""
1,"G Garcia-Belmonte, T Ripollés Sanchis, A Guerrero, PP Boix, LF Marchesi, ...","Oxygen doping-induced photogeneration loss in P3HT: PCBM solar cells",2012,"Elsevier","","","https://scholar.google.com/scholar?oi=bibs&hl=en&cites=16370495035466111793",220,"2023-03-01 19:26:52","","","","https://scholar.google.com/citations?view_op=view_citation&hl=en&user=_5F5jgQAAAAJ&cstart=200&pagesize=100&citation_for_view=_5F5jgQAAAAJ:FPJr55Dyh1AC",,,,,1,0.09,0,6,11,"","",""
1,"J Bisquert, GG Belmonte, FF Santiago","Sensor d'humitat de la terra per al control del reg",2007,"Publicacions de la Universitat Jaume I, Servei de Comunicació i Publicacions","","","https://scholar.google.com/scholar?oi=bibs&hl=en&cites=6448981392770193364",221,"2023-03-01 19:26:52","","","","https://scholar.google.com/citations?view_op=view_citation&hl=en&user=_5F5jgQAAAAJ&cstart=200&pagesize=100&citation_for_view=_5F5jgQAAAAJ:uJ-U7cs_P_0C",,,,,1,0.06,0,3,16,"","",""
1,"JM Pérez, G García-Belmonte","Pulse filtering and correction for CZT detectors using simple digital algorithms based on the wavelet transform",1997,"MRS Online Proceedings Library","","","https://scholar.google.com/scholar?oi=bibs&hl=en&cites=5886408595816550677",222,"2023-03-01 19:26:52","Conference paper","","","https://scholar.google.com/citations?view_op=view_citation&hl=en&user=_5F5jgQAAAAJ&cstart=200&pagesize=100&citation_for_view=_5F5jgQAAAAJ:uWQEDVKXjbEC",487,,187,192,1,0.04,1,2,26,"","",""
1,"G Garcia-Belmonte, J Bisquert, LM Navarro, JR Jurado, FMB Marques","Observation of ionic thermocurrents in zirconia-based solid electrolytes",1995,"Ionics","","","https://scholar.google.com/scholar?oi=bibs&hl=en&cites=12026559505002538697",223,"2023-03-01 19:26:52","Journal article","","","https://scholar.google.com/citations?view_op=view_citation&hl=en&user=_5F5jgQAAAAJ&cstart=200&pagesize=100&citation_for_view=_5F5jgQAAAAJ:XiSMed-E-HIC",1,,377,383,1,0.04,0,5,28,"","",""
1,"G Garcia-Belmonte, JM Perez","Nuclear pulse discrimination using statistical detection theory",1994,"Nuclear Instruments and Methods in Physics Research Section A: Accelerators …","","","https://scholar.google.com/scholar?oi=bibs&hl=en&cites=11262806460127540825",224,"2023-03-01 19:26:52","","","","https://scholar.google.com/citations?view_op=view_citation&hl=en&user=_5F5jgQAAAAJ&cstart=200&pagesize=100&citation_for_view=_5F5jgQAAAAJ:u9iWguZQMMsC",,,,,1,0.03,1,2,29,"","",""
0,"O Almora, D Miravet, I Gelmetti, G Garcia-Belmonte","Long‐Term Field Screening by Mobile Ions in Thick Metal Halide Perovskites: Understanding Saturation Currents",2022,"physica status solidi (RRL)–Rapid Research Letters","","","https://scholar.google.com",225,"2023-03-01 19:26:52","Journal article","","","https://scholar.google.com/citations?view_op=view_citation&hl=en&user=_5F5jgQAAAAJ&cstart=200&pagesize=100&citation_for_view=_5F5jgQAAAAJ:-mN3Mh-tlDkC",16,12,2200336,2200336,0,0.00,0,4,1,"","",""
0,"O Almora Rodríguez, D Miravet Martínez, I Gelmetti, G Garcia Belmonte","Long-Term Field Screening by Mobile Ions in Thick Metal Halide Perovskites: Understanding Saturation Currents",2022,"","John Wiley &Sons","","https://scholar.google.com",226,"2023-03-01 19:26:52","Book","","","https://scholar.google.com/citations?view_op=view_citation&hl=en&user=_5F5jgQAAAAJ&cstart=200&pagesize=100&citation_for_view=_5F5jgQAAAAJ:Br1UauaknNIC",,,,,0,0.00,0,4,1,"","",""
0,"M García-Batlle, W Zia, CA Aranda, M Saliba, O Almora, A Guerrero, ...","Observation of Long‐Term Stable Response in MAPbBr3 Single Crystals Monitored through Displacement Currents under Varying Illumination",2022,"Solar RRL","","","https://scholar.google.com",227,"2023-03-01 19:26:52","Journal article","","","https://scholar.google.com/citations?view_op=view_citation&hl=en&user=_5F5jgQAAAAJ&cstart=200&pagesize=100&citation_for_view=_5F5jgQAAAAJ:CB2v5VPnA5kC",6,9,2200173,2200173,0,0.00,0,7,1,"","",""
0,"M García-Batlle, S Deumel, JE Huerdler, SF Tedde, O Almora, ...","Effective Ion Mobility and Long-Time Dark Current of Metal-Halide Perovskites of Different Crystallinity and Composition",2022,"arXiv preprint arXiv:2204.","","","https://scholar.google.com",228,"2023-03-01 19:26:52","Preprint","","","https://scholar.google.com/citations?view_op=view_citation&hl=en&user=_5F5jgQAAAAJ&cstart=200&pagesize=100&citation_for_view=_5F5jgQAAAAJ:wKETBy42zhYC",14009,,,,0,0.00,0,6,1,"","",""
0,"O Almora Rodríguez, GJ Matt, A These, A Kanak, I Levchuk, S Shrestha, ...","Surface versus Bulk Currents and Ionic Space-Charge Effects in CsPbBr3 Single Crystals",2022,"American Chemical Society","","","https://scholar.google.com",229,"2023-03-01 19:26:52","","","","https://scholar.google.com/citations?view_op=view_citation&hl=en&user=_5F5jgQAAAAJ&cstart=200&pagesize=100&citation_for_view=_5F5jgQAAAAJ:PYBJJbyH-FwC",,,,,0,0.00,0,7,1,"","",""
0,"M García-Batlle, S Deumel, JE Huerdler, SF Tedde, O Almora, ...","Effective Ion Mobility and Long‐Term Dark Current of Metal Halide Perovskites with Different Crystallinities and Compositions",2022,"Advanced Photonics Research","","","https://scholar.google.com",230,"2023-03-01 19:26:52","Journal article","","","https://scholar.google.com/citations?view_op=view_citation&hl=en&user=_5F5jgQAAAAJ&cstart=200&pagesize=100&citation_for_view=_5F5jgQAAAAJ:XUvXOeBm_78C",2200136,,,,0,0.00,0,6,1,"","",""
0,"O Almora Rodríguez, D Miravet, M García-Batlle, G Garcia-Belmonte","Ballistic-like space-charge-limited currents in halide perovskites at room temperature",2021,"American Institute of Physics","","","https://scholar.google.com",231,"2023-03-01 19:26:52","","","","https://scholar.google.com/citations?view_op=view_citation&hl=en&user=_5F5jgQAAAAJ&cstart=200&pagesize=100&citation_for_view=_5F5jgQAAAAJ:7wO8s98CvbsC",,,,,0,0.00,0,4,2,"","",""
0,"O Almora, D Miravet, M García-Batlle, G Garcia-Belmonte","Ballistic-like Regimes of Space-charge-limited Currents in Halide Perovskites at Room Temperature",2021,"arXiv e-prints, arXiv: 2110.","","","https://scholar.google.com",232,"2023-03-01 19:26:52","Preprint","","","https://scholar.google.com/citations?view_op=view_citation&hl=en&user=_5F5jgQAAAAJ&cstart=200&pagesize=100&citation_for_view=_5F5jgQAAAAJ:j7_hQOaDUrUC",11307,,,,0,0.00,0,4,2,"","",""
0,"O Almora Rodríguez, A González Lezcano, A Guerrero, CJ Brabec, ...","Ion-mediated hopping electrode polarization model for impedance spectra of CH3NH3PbI3",2020,"American Institute of Physics","","","https://scholar.google.com",233,"2023-03-01 19:26:52","","","","https://scholar.google.com/citations?view_op=view_citation&hl=en&user=_5F5jgQAAAAJ&cstart=200&pagesize=100&citation_for_view=_5F5jgQAAAAJ:43bX7VzcjpAC",,,,,0,0.00,0,5,3,"","",""
0,"O Almora, A González-Lezcano, A Guerrero, CJ Brabec, ...","Ion-mediated hopping electrode polarization model for impedance spectra of CH",2020,"","","","https://scholar.google.com",234,"2023-03-01 19:26:52","","","","https://scholar.google.com/citations?view_op=view_citation&hl=en&user=_5F5jgQAAAAJ&cstart=200&pagesize=100&citation_for_view=_5F5jgQAAAAJ:WHdLCjDvYFkC",,,,,0,0.00,0,5,3,"","",""
0,"O Almora Rodríguez, Y Zhao, X Du, T Heumueller, GJ Matt, ...","Light intensity modulated impedance spectroscopy (LIMIS) in all-solid-state solar cells at open-circuit",2020,"Elsevier","","","https://scholar.google.com",235,"2023-03-01 19:26:52","","","","https://scholar.google.com/citations?view_op=view_citation&hl=en&user=_5F5jgQAAAAJ&cstart=200&pagesize=100&citation_for_view=_5F5jgQAAAAJ:BzfGm06jWhQC",,,,,0,0.00,0,6,3,"","",""
0,"O Almora, D Miravet, GJ Matt, G Garcia-Belmonte, CJ Brabec","Modeling Bias and Light Modulating Impedance Spectroscopies in All-Solid-State Solar Cells at Open-Circuit",2019,"arXiv preprint arXiv:1910.","","","https://scholar.google.com",236,"2023-03-01 19:26:52","Preprint","","","https://scholar.google.com/citations?view_op=view_citation&hl=en&user=_5F5jgQAAAAJ&cstart=200&pagesize=100&citation_for_view=_5F5jgQAAAAJ:PVgj2kMGcgYC",5031,,,,0,0.00,0,5,4,"","",""
0,"G Garcia-Belmonte","Capacitive Response of Photovoltaic Perovskites: Defects, Interfaces and Contact Reactivity",2019,"Proceedings of nanoGe Fall Meeting19 (NFM19)","","","https://scholar.google.com",237,"2023-03-01 19:26:52","Conference paper","","","https://scholar.google.com/citations?view_op=view_citation&hl=en&user=_5F5jgQAAAAJ&cstart=200&pagesize=100&citation_for_view=_5F5jgQAAAAJ:1taIhTC69MYC",,,,,0,0.00,0,1,4,"","",""
0,"O Almora Rodríguez, P López Varo, K Taek Cho, S Aghazada, W Meng, ...","Ionic Dipolar Switching Hinders Charge Collection in Perovskite Solar Cells with Normal and Inverted Hysteresis",2019,"Elsevier","","","https://scholar.google.com",238,"2023-03-01 19:26:52","","","","https://scholar.google.com/citations?view_op=view_citation&hl=en&user=_5F5jgQAAAAJ&cstart=200&pagesize=100&citation_for_view=_5F5jgQAAAAJ:wMgC3FpKEyYC",,,,,0,0.00,0,6,4,"","",""
0,"O Almora Rodríguez, M García-Batlle, G Garcia-Belmonte","Utilization of Temperature-Sweeping Capacitive Techniques to Evaluate Band Gap Defect Densities in Photovoltaic Perovskites",2019,"American Chemical Society","","","https://scholar.google.com",239,"2023-03-01 19:26:52","","","","https://scholar.google.com/citations?view_op=view_citation&hl=en&user=_5F5jgQAAAAJ&cstart=200&pagesize=100&citation_for_view=_5F5jgQAAAAJ:jL-93Qbq4QoC",,,,,0,0.00,0,3,4,"","",""
0,"O Almora Rodríguez, G Garcia-Belmonte","Light Capacitances in Silicon and Perovskite Solar Cells",2019,"Elsevier","","","https://scholar.google.com",240,"2023-03-01 19:26:52","","","","https://scholar.google.com/citations?view_op=view_citation&hl=en&user=_5F5jgQAAAAJ&cstart=200&pagesize=100&citation_for_view=_5F5jgQAAAAJ:buQ7SEKw-1sC",,,,,0,0.00,0,2,4,"","",""
0,"O Almora Rodríguez, K Taek Cho, S Aghazada, I Zimmermann, GJ Matt, ...","Discerning recombination mechanisms and ideality factors through impedance analysis of high-efficiency perovskite solar cells",2018,"Elsevier","","","https://scholar.google.com",241,"2023-03-01 19:26:52","","","","https://scholar.google.com/citations?view_op=view_citation&hl=en&user=_5F5jgQAAAAJ&cstart=200&pagesize=100&citation_for_view=_5F5jgQAAAAJ:gVv57TyPmFsC",,,,,0,0.00,0,6,5,"","",""
0,"O Almora Rodríguez, C Aranda Alonso, G Garcia-Belmonte","Do Capacitance Measurements Reveal Light-Induced Bulk Dielectric Changes in Photovoltaic Perovskites?",2018,"American Chemical Society","","","https://scholar.google.com",242,"2023-03-01 19:26:52","","","","https://scholar.google.com/citations?view_op=view_citation&hl=en&user=_5F5jgQAAAAJ&cstart=200&pagesize=100&citation_for_view=_5F5jgQAAAAJ:nVrZBo8bIpAC",,,,,0,0.00,0,3,5,"","",""
0,"O Almora, L Vaillant-Roca, G Garcia-Belmonte","CELDAS SOLARES DE PEROVSKITAS: UNA BREVE INTRODUCCION Y ALGUNAS CONSIDERACIONES.",2017,"Revista Cubana de Física","","","https://scholar.google.com",243,"2023-03-01 19:26:52","Journal article","","","https://scholar.google.com/citations?view_op=view_citation&hl=en&user=_5F5jgQAAAAJ&cstart=200&pagesize=100&citation_for_view=_5F5jgQAAAAJ:NyGDZy8z5eUC",34,1,58,69,0,0.00,0,3,6,"","",""
0,"O Almora Rodríguez, LG Gerling, C Voz Sanchez, R Alcubilla, ...","Superior Performance of V2O5 as Hole Selective Contact over other Transition Metal Oxides in Silicon Heterojunction Solar Cells",2017,"Elsevier","","","https://scholar.google.com",244,"2023-03-01 19:26:52","","","","https://scholar.google.com/citations?view_op=view_citation&hl=en&user=_5F5jgQAAAAJ&cstart=200&pagesize=100&citation_for_view=_5F5jgQAAAAJ:OR75R8vi5nAC",,,,,0,0.00,0,5,6,"","",""
0,"O Almora Rodríguez, L Vaillant Roca, G Garcia-Belmonte","Perovskite solar cells: a brief introduction and some remarks",2017,"Sociedad Cubana de Física","","","https://scholar.google.com",245,"2023-03-01 19:26:52","","","","https://scholar.google.com/citations?view_op=view_citation&hl=en&user=_5F5jgQAAAAJ&cstart=200&pagesize=100&citation_for_view=_5F5jgQAAAAJ:yFnVuubrUp4C",,,,,0,0.00,0,3,6,"","",""
0,"T Ripolles, AK Baranwal, K Nishinaka, Y Ogomi, G Garcia-Belmonte, ...","Perovskite Solar Cells analysis under dark based on charge accumulation mechanisms.",2016,"JSAP Annual Meetings Extended Abstracts The 77th JSAP Autumn Meeting 2016 …","","","https://scholar.google.com",246,"2023-03-01 19:26:52","Abstract","","","https://scholar.google.com/citations?view_op=view_citation&hl=en&user=_5F5jgQAAAAJ&cstart=200&pagesize=100&citation_for_view=_5F5jgQAAAAJ:hsZV8lGYWTMC",,,,,0,0.00,0,6,7,"","",""
0,"TS Ripolles, AK Baranwal, G García-Belmonte, S Hayase","Charge Accumulation Mechanisms Under Dark in Perovskite Solar Cells",2016,"Electrochemical Society Meeting Abstracts","","","https://scholar.google.com",247,"2023-03-01 19:26:52","Abstract","","","https://scholar.google.com/citations?view_op=view_citation&hl=en&user=_5F5jgQAAAAJ&cstart=200&pagesize=100&citation_for_view=_5F5jgQAAAAJ:LO7wyVUgiFcC",230,,1396,1396,0,0.00,0,4,7,"","",""
0,"KJ Park, HG Jung, YK Sun, M Haro, N Vicente, J Bisquert, ...","Next-Generation Li[Ni0.8Co0.06Mn0.14]O2 Positive Electrode Material with a Dual Concentration Gradient for High-Energy Li-Ion Batteries",2016,"Electrochemical Society Meeting Abstracts iml","","","https://scholar.google.com",248,"2023-03-01 19:26:52","Abstract","","","https://scholar.google.com/citations?view_op=view_citation&hl=en&user=_5F5jgQAAAAJ&cstart=200&pagesize=100&citation_for_view=_5F5jgQAAAAJ:anf4URPfarAC",2016,,565,565,0,0.00,0,7,7,"","",""
0,"O Almora, C Aranda, I Zarazua, A Guerrero, G Garcia-Belmonte","Supporting Information: Noncapacitive Hysteresis in Perovskite Solar Cells at Room Temperature",2016,"","","","https://scholar.google.com",249,"2023-03-01 19:26:52","","","","https://scholar.google.com/citations?view_op=view_citation&hl=en&user=_5F5jgQAAAAJ&cstart=200&pagesize=100&citation_for_view=_5F5jgQAAAAJ:ALROH1vI_8AC",,,,,0,0.00,0,5,7,"","",""
0,"TS Ripolles, AK Baranwal, K Nishinaka, Y Ogomi, G Garcia-Belmonte, ...","14a-A41-3",2016,"","","","https://scholar.google.com",250,"2023-03-01 19:26:52","","","","https://scholar.google.com/citations?view_op=view_citation&hl=en&user=_5F5jgQAAAAJ&cstart=200&pagesize=100&citation_for_view=_5F5jgQAAAAJ:uDGL6kOW6j0C",,,,,0,0.00,0,6,7,"","",""
0,"O Almora Rodríguez, A Guerrero, G Garcia-Belmonte","Ionic charging by local imbalance at interfaces in hybrid lead halide perovskites",2016,"","AIP Publishing","","https://scholar.google.com",251,"2023-03-01 19:26:52","Book","","","https://scholar.google.com/citations?view_op=view_citation&hl=en&user=_5F5jgQAAAAJ&cstart=200&pagesize=100&citation_for_view=_5F5jgQAAAAJ:P7Ujq4OLJYoC",,,,,0,0.00,0,3,7,"","",""
0,"O Almora Rodríguez, C Aranda Alonso, I Zarazúa, A Guerrero, ...","Noncapacitive hysteresis in perovskite solar cells at room temperature",2016,"American Chemical Society","","","https://scholar.google.com",252,"2023-03-01 19:26:52","","","","https://scholar.google.com/citations?view_op=view_citation&hl=en&user=_5F5jgQAAAAJ&cstart=200&pagesize=100&citation_for_view=_5F5jgQAAAAJ:OP4eGU-M3BUC",,,,,0,0.00,0,5,7,"","",""
0,"O Almora Rodríguez, C Aranda Alonso, E Mas, G Garcia-Belmonte","On Mott-Schottky analysis interpretation of capacitance measurements in organometal perovskite solar cells",2016,"","AIP Publishing","","https://scholar.google.com",253,"2023-03-01 19:26:52","Book","","","https://scholar.google.com/citations?view_op=view_citation&hl=en&user=_5F5jgQAAAAJ&cstart=200&pagesize=100&citation_for_view=_5F5jgQAAAAJ:fFSKOagxvKUC",,,,,0,0.00,0,4,7,"","",""
0,"M Tessarolo, A Guerrero, M Seri, M Prosa, M Bolognesi, GG Belmonte","Predicting thermal stability of organic solar cells through real-time capacitive techniques (Presentation Recording)",2015,"Organic Photovoltaics XVI","","","https://scholar.google.com",254,"2023-03-01 19:26:52","Journal article","","","https://scholar.google.com/citations?view_op=view_citation&hl=en&user=_5F5jgQAAAAJ&cstart=200&pagesize=100&citation_for_view=_5F5jgQAAAAJ:cWzG1nlazyYC",9567,,97,97,0,0.00,0,6,8,"","",""
0,"M Haro, N Vicente, G Garcia-Belmonte","Mechanism Scan in Li-O2 Batteries By Impedance Spectroscopy",2015,"Electrochemical Society Meeting Abstracts sof","","","https://scholar.google.com",255,"2023-03-01 19:26:52","Abstract","","","https://scholar.google.com/citations?view_op=view_citation&hl=en&user=_5F5jgQAAAAJ&cstart=200&pagesize=100&citation_for_view=_5F5jgQAAAAJ:LI9QrySNdTsC",2015,,483,483,0,0.00,0,3,8,"","",""
0,"G Garcia-Belmonte","Operating Mechanisms of Organic Bulk-Heterojunction Solar Cells",2015,"Electrochemical Society Meeting Abstracts","","","https://scholar.google.com",256,"2023-03-01 19:26:52","Abstract","","","https://scholar.google.com/citations?view_op=view_citation&hl=en&user=_5F5jgQAAAAJ&cstart=200&pagesize=100&citation_for_view=_5F5jgQAAAAJ:CaZNVDsoPx4C",227,,1260,1260,0,0.00,0,1,8,"","",""
0,"KJ Park, BB Lim, MH Choi, HG Jung, YK Sun, M Haro, N Vicente, ...","A high-capacity Li [Ni₀. ₈Co₀. ₀₆Mn₀. ₁₄] O₂ positive electrode with a dual concentration gradient for next-generation lithium-ion batteries",2015,"","","","https://scholar.google.com",257,"2023-03-01 19:26:52","","","","https://scholar.google.com/citations?view_op=view_citation&hl=en&user=_5F5jgQAAAAJ&cstart=200&pagesize=100&citation_for_view=_5F5jgQAAAAJ:QD3KBmkZPeQC",,,,,0,0.00,0,8,8,"","",""
0,"O Almora Rodríguez, I Zarazúa, E Mas, I Mora-Sero, J Bisquert, ...","Capacitive dark currents, hysteresis, and electrode polarization in lead halide perovskite solar cells",2015,"American Chemical Society","","","https://scholar.google.com",258,"2023-03-01 19:26:52","","","","https://scholar.google.com/citations?view_op=view_citation&hl=en&user=_5F5jgQAAAAJ&cstart=200&pagesize=100&citation_for_view=_5F5jgQAAAAJ:F9fV5C73w3QC",,,,,0,0.00,0,6,8,"","",""
0,"P Acevedo-Peña, M Haro, ME Rincón, J Bisquert, G García-Belmonte","EIS Study of the MWCNT Effect in MWCNT@TiO2 Anodes for Li-ion Batteries",2014,"Electrochemical Society Meeting Abstracts","","","https://scholar.google.com",259,"2023-03-01 19:26:52","Abstract","","","https://scholar.google.com/citations?view_op=view_citation&hl=en&user=_5F5jgQAAAAJ&cstart=200&pagesize=100&citation_for_view=_5F5jgQAAAAJ:EkHepimYqZsC",226,,1561,1561,0,0.00,0,5,9,"","",""
0,"G Garcia-Belmonte, FX García Belmonte, M Bellés Safont","La Societat del mas de Vidal als anys seixanta del segle XX. Un exemple de cultura masovera",2014,"Associació cultural, l´ Argivello","","","https://scholar.google.com",260,"2023-03-01 19:26:52","","","","https://scholar.google.com/citations?view_op=view_citation&hl=en&user=_5F5jgQAAAAJ&cstart=200&pagesize=100&citation_for_view=_5F5jgQAAAAJ:6ZxmRoH8BuwC",,,,,0,0.00,0,3,9,"","",""
0,"G Garcia-Belmonte, J Bisquert, A Guerrero, T Ripollés Sanchis, ...","How the Charge-Neutrality Level of Interface States Controls Energy Level Alignment in Cathode Contacts of Organic Bulk-Heterojunction Solar Cells",2012,"American Chemical Society","","","https://scholar.google.com",261,"2023-03-01 19:26:52","","","","https://scholar.google.com/citations?view_op=view_citation&hl=en&user=_5F5jgQAAAAJ&cstart=200&pagesize=100&citation_for_view=_5F5jgQAAAAJ:PoWvk5oyLR8C",,,,,0,0.00,0,5,11,"","",""
0,"G Garcia-Belmonte, PP Boix, J Ajuria, I Etxebarria, R Palacios","Kinetics of occupancy of defect states in poly (3-hexylthiophene): fullerene solar cells",2012,"Elsevier","","","https://scholar.google.com",262,"2023-03-01 19:26:52","","","","https://scholar.google.com/citations?view_op=view_citation&hl=en&user=_5F5jgQAAAAJ&cstart=200&pagesize=100&citation_for_view=_5F5jgQAAAAJ:-FonjvnnhkoC",,,,,0,0.00,0,5,11,"","",""
0,"CAB Ruhstaller, NA Reinke, M Neukom, S Züfle, R Ritzmann, G Nisato, ...","EFFICIENT AREAL ORGANIC SOLAR CELLS VIA PRINTING",2011,"","","","https://scholar.google.com",263,"2023-03-01 19:26:52","","","","https://scholar.google.com/citations?view_op=view_citation&hl=en&user=_5F5jgQAAAAJ&cstart=200&pagesize=100&citation_for_view=_5F5jgQAAAAJ:D_sINldO8mEC",,,,,0,0.00,0,7,12,"","",""
0,"G Garcia-Belmonte, P Pérez Boix, J Ajuria, R Palacios","Carrier recombination losses in inverted polymer: Fullerene solar cells with ZnO hole-blocking layer from transient photovoltage and impedance spectroscopy techniques.",2011,"© 2011 American Institute of Physics","","","https://scholar.google.com",264,"2023-03-01 19:26:52","","","","https://scholar.google.com/citations?view_op=view_citation&hl=en&user=_5F5jgQAAAAJ&cstart=200&pagesize=100&citation_for_view=_5F5jgQAAAAJ:ruyezt5ZtCIC",,,,,0,0.00,0,4,12,"","",""
0,"G Garcia-Belmonte, J Bisquert, J Pérez Boix, R Pacios, I Etxebarria, ...","Role of Zn0 electron-selective layers in regular and inverted bulk heterojunction solar cells",2011,"American Chemical Society","","","https://scholar.google.com",265,"2023-03-01 19:26:52","","","","https://scholar.google.com/citations?view_op=view_citation&hl=en&user=_5F5jgQAAAAJ&cstart=200&pagesize=100&citation_for_view=_5F5jgQAAAAJ:SpbeaW3--B0C",,,,,0,0.00,0,6,12,"","",""
0,"P Pérez Boix, A Guerrero, LF Marchesi, G Garcia-Belmonte, J Bisquert","Current-voltage characteristics of bulk heterojunction organic solar cells: connection between light and dark curves",2011,"","Wiley","","https://scholar.google.com",266,"2023-03-01 19:26:52","Book","","","https://scholar.google.com/citations?view_op=view_citation&hl=en&user=_5F5jgQAAAAJ&cstart=200&pagesize=100&citation_for_view=_5F5jgQAAAAJ:i2xiXl-TujoC",,,,,0,0.00,0,5,12,"","",""
0,"P Pérez Boix, MM Wienk, RAJ Janssen, G Garcia-Belmonte","Open-Circuit Voltage Limitation in Low-Bandgap Diketopyrrolopyrrole-Based Polymer Solar Cells Processed from Different Solvents",2011,"ACS","","","https://scholar.google.com",267,"2023-03-01 19:26:52","","","","https://scholar.google.com/citations?view_op=view_citation&hl=en&user=_5F5jgQAAAAJ&cstart=200&pagesize=100&citation_for_view=_5F5jgQAAAAJ:kz9GbA2Ns4gC",,,,,0,0.00,0,4,12,"","",""
0,"O Almora Rodríguez, D Miravet, GJ Matt, G Garcia-Belmonte, CJ Brabec","Analytical model for light modulating impedance spectroscopy (LIMIS) in all-solid-state pn junction solar cells at open-circuit",2010,"American Institute of Physics","","","https://scholar.google.com",268,"2023-03-01 19:26:52","","","","https://scholar.google.com/citations?view_op=view_citation&hl=en&user=_5F5jgQAAAAJ&cstart=200&pagesize=100&citation_for_view=_5F5jgQAAAAJ:zCSUwVk65WsC",,,,,0,0.00,0,5,13,"","",""
0,"P Pérez Boix, G Garcia-Belmonte, U Muñecas, M Neophytou, C Waldauf, ...","Determination of gap defect states in organic bulk heterojunction solar cells from capacitance measurements",2009,"American Institute of Physics","","","https://scholar.google.com",269,"2023-03-01 19:26:52","","","","https://scholar.google.com/citations?view_op=view_citation&hl=en&user=_5F5jgQAAAAJ&cstart=200&pagesize=100&citation_for_view=_5F5jgQAAAAJ:Ug5p-4gJ2f0C",,,,,0,0.00,0,6,14,"","",""
0,"JM Montero Martín, J Bisquert, G Garcia-Belmonte, EM Barea, HJ Bolink","Trap-limited mobility in space-charge limited current in organic layers",2009,"Elsevier","","","https://scholar.google.com",270,"2023-03-01 19:26:52","","","","https://scholar.google.com/citations?view_op=view_citation&hl=en&user=_5F5jgQAAAAJ&cstart=200&pagesize=100&citation_for_view=_5F5jgQAAAAJ:M7yex6snE4oC",,,,,0,0.00,0,5,14,"","",""
0,"F Henn, G Garcia-Belmonte, J Bisquert, S Devautour-Vinot, JC Giuntini","Analysis of AC permittivity response measured in ionic Glasses: A comparison between iso and non-iso thermal experimental conditions",2008,"2008 13th International Symposium on Electrets, B0802-B","","","https://scholar.google.com",271,"2023-03-01 19:26:52","Conference paper","","","https://scholar.google.com/citations?view_op=view_citation&hl=en&user=_5F5jgQAAAAJ&cstart=200&pagesize=100&citation_for_view=_5F5jgQAAAAJ:LPZeul_q3PIC",802,,,,0,0.00,0,5,15,"","",""
0,"G Garcia-Belmonte, EM Barea, Y Ayyad-Limonge, JM Montero, HJ Bolink, ...","Cathode effect on current-voltage characteristics of blue light-emitting diodes based on a polyspirofluorene",2008,"Organic Optoelectronics and Photonics III","","","https://scholar.google.com",272,"2023-03-01 19:26:52","Journal article","","","https://scholar.google.com/citations?view_op=view_citation&hl=en&user=_5F5jgQAAAAJ&cstart=200&pagesize=100&citation_for_view=_5F5jgQAAAAJ:t6usbXjVLHcC",6999,,482,486,0,0.00,0,6,15,"","",""
0,"EM Barea, HJ Bolink, E Coronado, D Repetto, M Sessolo, J Bisquert, ...","Inverted Solution Processable OLEDs Using a Metal Oxide as an Electron Injection Contact",2008,"","Wiley-Blackwell","","https://scholar.google.com",273,"2023-03-01 19:26:52","Book","","","https://scholar.google.com/citations?view_op=view_citation&hl=en&user=_5F5jgQAAAAJ&cstart=200&pagesize=100&citation_for_view=_5F5jgQAAAAJ:e_rmSamDkqQC",,,,,0,0.00,0,7,15,"","",""
0,"J Bisquert, GG Belmonte, FF Santiago","Sensor de humedad de la tierra para el control de riego",2007,"Publicacions de la Universitat Jaume I, Servei de Comunicació i Publicacions","","","https://scholar.google.com",274,"2023-03-01 19:26:52","","","","https://scholar.google.com/citations?view_op=view_citation&hl=en&user=_5F5jgQAAAAJ&cstart=200&pagesize=100&citation_for_view=_5F5jgQAAAAJ:BJbdYPG6LGMC",,,,,0,0.00,0,3,16,"","",""
0,"G Garcia-Belmonte, EV Vakarin, JP Badiali","Interplay of host volume variations and internal distortions in the course of intercalation into disordered matrices",2007,"","","","https://scholar.google.com",275,"2023-03-01 19:26:52","","","","https://scholar.google.com/citations?view_op=view_citation&hl=en&user=_5F5jgQAAAAJ&cstart=200&pagesize=100&citation_for_view=_5F5jgQAAAAJ:2VqYfGB8ITEC",,,,,0,0.00,0,3,16,"","",""
0,"G Garcia-Belmonte, HJ Bolink, J Bisquert","Semiconductors II: Surfaces, interfaces, microstructures, and related topics-Capacitance-voltage characteristics of organic light-emitting diodes varying the cathode metal …",2007,"Physical Review-Section B-Condensed Matter","","","https://scholar.google.com",276,"2023-03-01 19:26:52","Journal article","","","https://scholar.google.com/citations?view_op=view_citation&hl=en&user=_5F5jgQAAAAJ&cstart=200&pagesize=100&citation_for_view=_5F5jgQAAAAJ:AXPGKjj_ei8C",75,8,85316,85316,0,0.00,0,3,16,"","",""
0,"T Dittrich, I Mora-Sero, G Garcia-Belmonte, J Bisquert","Surface photovoltage for characterization of porous semiconductors",2006,"Verhandlungen der Deutschen Physikalischen Gesellschaft","","","https://scholar.google.com",277,"2023-03-01 19:26:52","Journal article","","","https://scholar.google.com/citations?view_op=view_citation&hl=en&user=_5F5jgQAAAAJ&cstart=200&pagesize=100&citation_for_view=_5F5jgQAAAAJ:8xutWZnSdmoC",41,,,,0,0.00,0,4,17,"","",""
0,"R Alcubilla, J Bisquert, G Garcia-Belmonte, J García-Cañadas, ...","Effect of buffer layer on minority carrier lifetime and series resistance of bifacial heterojunction silicon solar cells analyzed by impedance spectroscopy",2006,"","","","https://scholar.google.com",278,"2023-03-01 19:26:52","","","","https://scholar.google.com/citations?view_op=view_citation&hl=en&user=_5F5jgQAAAAJ&cstart=200&pagesize=100&citation_for_view=_5F5jgQAAAAJ:BUYA1_V_uYcC",,,,,0,0.00,0,5,17,"","",""
0,"T Dittrich, I Mora-Sero, G Garcia-Belmonte, J Bisquert","Surface physics, nanoscale physics, low-dimensional systems-Temperature dependent normal and anomalous electron diffusion in porous TiO2 studied by transient surface photovoltage",2006,"Physical Review-Section B-Condensed Matter","","","https://scholar.google.com",279,"2023-03-01 19:26:52","Journal article","","","https://scholar.google.com/citations?view_op=view_citation&hl=en&user=_5F5jgQAAAAJ&cstart=200&pagesize=100&citation_for_view=_5F5jgQAAAAJ:B3FOqHPlNUQC",73,4,45407,45407,0,0.00,0,4,17,"","",""
0,"I Mora-Seró, F Fabregat-Santiago, G Garcia-Belmonte, J Bisquert, ...","Observation of negative capacitance at forward bias as a common feature of nanocomposite and polycrystalline solar cells",2005,"","","","https://scholar.google.com",280,"2023-03-01 19:26:52","","","","https://scholar.google.com/citations?view_op=view_citation&hl=en&user=_5F5jgQAAAAJ&cstart=200&pagesize=100&citation_for_view=_5F5jgQAAAAJ:a3BOlSfXSfwC",,,,,0,0.00,0,5,18,"","",""
0,"JL Movilla, G Garcia-Belmonte, J Bisquert, J Planelles","Semiconductors II-Surfaces, interfaces, microstructures, and related topics-Calculation of electronic density of states induced by impurities in TiO2 quantum dots",2005,"Physical Review-Section B-Condensed Matter","","","https://scholar.google.com",281,"2023-03-01 19:26:52","Journal article","","","https://scholar.google.com/citations?view_op=view_citation&hl=en&user=_5F5jgQAAAAJ&cstart=200&pagesize=100&citation_for_view=_5F5jgQAAAAJ:VOx2b1Wkg3QC",72,15,153313,153313,0,0.00,0,4,18,"","",""
0,"A Pitarch, G Garcia‐Belmonte, J Bisquert","Frequency analysis of diffusion in 1D systems with energy and spatial disorder",2004,"Macromolecular Symposia","","","https://scholar.google.com",282,"2023-03-01 19:26:52","Journal article","","","https://scholar.google.com/citations?view_op=view_citation&hl=en&user=_5F5jgQAAAAJ&cstart=200&pagesize=100&citation_for_view=_5F5jgQAAAAJ:J-pR_7NvFogC",212,1,571,574,0,0.00,0,3,19,"","",""
0,"F Tielens, A Beltrán, L Gracia, J Andrés, G García-Belmonte, ...","Combined experimental and theoretical study of the lithium diffusion in LixWO3",2004,"","","","https://scholar.google.com",283,"2023-03-01 19:26:52","","","","https://scholar.google.com/citations?view_op=view_citation&hl=en&user=_5F5jgQAAAAJ&cstart=200&pagesize=100&citation_for_view=_5F5jgQAAAAJ:LdasjJ6CEcoC",,,,,0,0.00,0,6,19,"","",""
0,"F Fabregat-Santiago, G Garcia-Belmonte, J Bisquert, P Bogdanoff, ...","Physical and Analytical Electrochemistry-Mott-Schottky Analysis of Nanoporous Semiconductor Electrodes in Dielectric State Deposited on SnO2 (F) Conducting Substrates",2003,"Journal of the Electrochemical Society","","","https://scholar.google.com",284,"2023-03-01 19:26:52","Journal article","","","https://scholar.google.com/citations?view_op=view_citation&hl=en&user=_5F5jgQAAAAJ&cstart=200&pagesize=100&citation_for_view=_5F5jgQAAAAJ:eMMeJKvmdy0C",150,6,293,,0,0.00,0,5,20,"","",""
0,"J Bisquert, G Garcia-Belmonte, F Fabregat-Santiago, NS Ferriols, ...","PHYSICAL CHEMISTRY OF SURFACES AND INTERFACES-Doubling Exponent Models for the Analysis of Porous Film Electrodes by Impedance. Relaxation of TiO2 Nanoporous in Aqueous Solution",2000,"Journal of Physical Chemistry B-Condensed Phase","","","https://scholar.google.com",285,"2023-03-01 19:26:52","Journal article","","","https://scholar.google.com/citations?view_op=view_citation&hl=en&user=_5F5jgQAAAAJ&cstart=200&pagesize=100&citation_for_view=_5F5jgQAAAAJ:4fKUyHm3Qg0C",104,10,2287,2298,0,0.00,0,5,23,"","",""
0,"GG Belmonte","Introducció a l'experimentació",1999,"Publicacions de la Universitat Jaume I","","","https://scholar.google.com",286,"2023-03-01 19:26:52","","","","https://scholar.google.com/citations?view_op=view_citation&hl=en&user=_5F5jgQAAAAJ&cstart=200&pagesize=100&citation_for_view=_5F5jgQAAAAJ:-_dYPAW6P2MC",,,,,0,0.00,0,1,24,"","",""
0,"J Bisquert, G Garcia-Belmonte, A Braun, M BaÈrtsch, B Schnyder, ...","Dalle, C., P. Cordier, C. Depecker, P. Niay, P. Bernage and M. Douay, Growth kinetics and thermal an-nealing of UV-induced H-bearing",1999,"Journal of Non-Crystalline Solids","","","https://scholar.google.com",287,"2023-03-01 19:26:52","Journal article","","","https://scholar.google.com/citations?view_op=view_citation&hl=en&user=_5F5jgQAAAAJ&cstart=200&pagesize=100&citation_for_view=_5F5jgQAAAAJ:eq2jaN3J8jMC",260,249,251,251,0,0.00,0,6,24,"","",""
0,"ML Foresti, J Bisquert, C Bock, M Bojinov, AE Bolzán, V Bozkurt, ...","Fabregat-Santiago, F., 152 Fabricius, G., 58 Finch, JA, 124",1999,"Journal of Electroanalytical Chemistry","","","https://scholar.google.com",288,"2023-03-01 19:26:52","Journal article","","","https://scholar.google.com/citations?view_op=view_citation&hl=en&user=_5F5jgQAAAAJ&cstart=200&pagesize=100&citation_for_view=_5F5jgQAAAAJ:SdhP9T11ey4C",475,,195,195,0,0.00,0,7,24,"","",""
0,"F Fabregat-Santiago, NS Ferriols, G García-Belmonte, J Bisquert, I Morell","Study of different energetic states of soil water in function of dielectric relaxation phenomena",1999,"4","Jornadas sobre Investigación en la Zona no Saturada del Suelo, La Laguna …","","https://scholar.google.com",289,"2023-03-01 19:26:52","","","","https://scholar.google.com/citations?view_op=view_citation&hl=en&user=_5F5jgQAAAAJ&cstart=200&pagesize=100&citation_for_view=_5F5jgQAAAAJ:tS2w5q8j5-wC",,,,,0,0.00,0,5,24,"","",""
0,"M Bellés Safont, FX García Belmonte, G Garcia-Belmonte","Una associació de masovers al segle XX: la societat del mas de Vidal",1998,"Agrupació Borrianenca de Cultura","","","https://scholar.google.com",290,"2023-03-01 19:26:52","","","","https://scholar.google.com/citations?view_op=view_citation&hl=en&user=_5F5jgQAAAAJ&cstart=200&pagesize=100&citation_for_view=_5F5jgQAAAAJ:xtoqd-5pKcoC",,,,,0,0.00,0,3,25,"","",""
0,"GG BELMüNTE","Una associació de masovers al segle XX: la societat del mas de Vidal",1998,"","","","https://scholar.google.com",291,"2023-03-01 19:26:52","","","","https://scholar.google.com/citations?view_op=view_citation&hl=en&user=_5F5jgQAAAAJ&cstart=200&pagesize=100&citation_for_view=_5F5jgQAAAAJ:bnK-pcrLprsC",,,,,0,0.00,0,1,25,"","",""
0,"F Fabregat, G Garcia Belmonte, J Carda, V Carceller, A Soler, A Nebot","Influence on tiles final quality of oxigen [oxygen] partial pressure on the firing process",1997,"Key engineering materials","","","https://scholar.google.com",292,"2023-03-01 19:26:52","Book chapter","","","https://scholar.google.com/citations?view_op=view_citation&hl=en&user=_5F5jgQAAAAJ&cstart=200&pagesize=100&citation_for_view=_5F5jgQAAAAJ:WbkHhVStYXYC",,,2119,2122,0,0.00,0,6,26,"","",""
0,"MÁT Gómez, GG Belmonte, J Bisquert","Caracterización eléctrica de FeNbO4",1996,"Boletín de la Sociedad Española de Cerámica y Vidrio","","","https://scholar.google.com",293,"2023-03-01 19:26:52","Journal article","","","https://scholar.google.com/citations?view_op=view_citation&hl=en&user=_5F5jgQAAAAJ&cstart=200&pagesize=100&citation_for_view=_5F5jgQAAAAJ:WA5NYHcadZ8C",35,1,15,18,0,0.00,0,3,27,"","",""
0,"L Navarro, JR Jurado, J Bisquert, G Garcia-Belmonte","EVIDENCE OF SPACE CHARGE IN ZIRCONIA SOLID ELECTROLYTE BY MEANS OF THERMALLY STIMULATED CURRENTS",1995,"Boletin de la Sociedad Espanola de Ceramica y Vidrio","","","https://scholar.google.com",294,"2023-03-01 19:26:52","Journal article","","","https://scholar.google.com/citations?view_op=view_citation&hl=en&user=_5F5jgQAAAAJ&cstart=200&pagesize=100&citation_for_view=_5F5jgQAAAAJ:BrmTIyaxlBUC",34,1,23,27,0,0.00,0,4,28,"","",""
0,"L Navarro, JR Jurado, J Bisquert, G GARCÍA-BELMONTE","Evidencia de carga espacial en electrolitos sólidos de circona mediante corrientes termoestimuladas",1995,"Boletín de la Sociedad Española de Cerámica y Vidrio","","","https://scholar.google.com",295,"2023-03-01 19:26:52","Journal article","","","https://scholar.google.com/citations?view_op=view_citation&hl=en&user=_5F5jgQAAAAJ&cstart=200&pagesize=100&citation_for_view=_5F5jgQAAAAJ:eJXPG6dFmWUC",34,1,23,27,0,0.00,0,4,28,"","",""
0,"J Bisquert, G Garcia-Belmonte, M Fernandez-Alonso","An experiment on magnetic induction pulses",1994,"Am. J. Phys","","","https://scholar.google.com",296,"2023-03-01 19:26:52","Journal article","","","https://scholar.google.com/citations?view_op=view_citation&hl=en&user=_5F5jgQAAAAJ&cstart=200&pagesize=100&citation_for_view=_5F5jgQAAAAJ:3htObqc8RwsC",62,8,8,8,0,0.00,0,3,29,"","",""
0,"O Almora, GJ Matt, A These, A Kanak, I Levchuk, S Shrestha, A Osvet, ...","Supporting information: Surface versus Bulk Currents and Ionic Space-Charge Effects in CsPbBr3 Single Crystals",,"","","","https://scholar.google.com",297,"2023-03-01 19:26:52","","","","https://scholar.google.com/citations?view_op=view_citation&hl=en&user=_5F5jgQAAAAJ&cstart=200&pagesize=100&citation_for_view=_5F5jgQAAAAJ:owLR8QvbtFgC",,,,,0,0.00,0,8,,"","",""
0,"J Bisquert, G Garcia-Belmonte, GDF i Optoelectrònics","Electronic Supporting Information On Voltage, Photovoltage and Photocurrent in Bulk Heterojunction Organic Solar Cells",,"","","","https://scholar.google.com",298,"2023-03-01 19:26:52","","","","https://scholar.google.com/citations?view_op=view_citation&hl=en&user=_5F5jgQAAAAJ&cstart=200&pagesize=100&citation_for_view=_5F5jgQAAAAJ:7Hz3ACDFbsoC",,,,,0,0.00,0,3,,"","",""
0,"SB Dkhil, D Duché, M Gaceur, AK Thakur, FB Aboura, L Escoubas, ...","Article type: Full paper Interplay of optical, morphological and electronic effects of ZnO optical spacers in highly efficient polymer solar cells",,"","","","https://scholar.google.com",299,"2023-03-01 19:26:52","","","","https://scholar.google.com/citations?view_op=view_citation&hl=en&user=_5F5jgQAAAAJ&cstart=200&pagesize=100&citation_for_view=_5F5jgQAAAAJ:Bg7qf7VwUHIC",,,,,0,0.00,0,7,,"","",""
0,"PP Boix, A Guerrero, LF Marchesi, G Garcia-Belmonte, J Bisquert","Article type: Communication",,"","","","https://scholar.google.com",300,"2023-03-01 19:26:52","","","","https://scholar.google.com/citations?view_op=view_citation&hl=en&user=_5F5jgQAAAAJ&cstart=200&pagesize=100&citation_for_view=_5F5jgQAAAAJ:vDZJ-YLwNdEC",,,,,0,0.00,0,5,,"","",""
0,"A Guerrero, S Chambon, L Hirsch, G Garcia-Belmonte","Article type: Full Paper",,"","","","https://scholar.google.com",301,"2023-03-01 19:26:52","","","","https://scholar.google.com/citations?view_op=view_citation&hl=en&user=_5F5jgQAAAAJ&cstart=300&pagesize=100&citation_for_view=_5F5jgQAAAAJ:artPoR2Yc-kC",,,,,0,0.00,0,4,,"","",""
0,"OA Rodríguez, C Aranda, G Garcia-Belmonte","On Mott-Schottky analysis interpretation of capacitance measurements in organometal perovskite solar cells",,"","","","https://scholar.google.com",302,"2023-03-01 19:26:52","","","","https://scholar.google.com/citations?view_op=view_citation&hl=en&user=_5F5jgQAAAAJ&cstart=300&pagesize=100&citation_for_view=_5F5jgQAAAAJ:tH6gc1N1XXoC",,,,,0,0.00,0,3,,"","",""
0,"HJ Mandujano-Ramírez, JP González-Vázquez, G Oskam, T Dittrich, ...","Charge separation at disordered semiconductor heterojunctions from random walk numerical simulations–Supporting Information",,"","","","https://scholar.google.com",303,"2023-03-01 19:26:52","","","","https://scholar.google.com/citations?view_op=view_citation&hl=en&user=_5F5jgQAAAAJ&cstart=300&pagesize=100&citation_for_view=_5F5jgQAAAAJ:dBIO0h50nwkC",,,,,0,0.00,0,5,,"","",""
0,"J Bisquert, L Bertoluzzi, I Mora-Sero, G Garcia-Belmonte","Theory of Impedance Spectroscopy of Solar Cells with Dielectric Relaxation, Drift-Diffusion Transport and Recombination",,"","","","https://scholar.google.com",304,"2023-03-01 19:26:52","","","","https://scholar.google.com/citations?view_op=view_citation&hl=en&user=_5F5jgQAAAAJ&cstart=300&pagesize=100&citation_for_view=_5F5jgQAAAAJ:p__nRnzSRKYC",,,,,0,0.00,0,4,,"","",""
0,"TS Ripolles, A Guerrero, G Garcia-Belmonte","Supplementary Material Polymer defect states modulate open-circuit voltage in bulk-heterojunction solar cells",,"","","","https://scholar.google.com",305,"2023-03-01 19:26:52","","","","https://scholar.google.com/citations?view_op=view_citation&hl=en&user=_5F5jgQAAAAJ&cstart=300&pagesize=100&citation_for_view=_5F5jgQAAAAJ:_Re3VWB3Y0AC",,,,,0,0.00,0,3,,"","",""
0,"D Ivnitski, R Sitdikov, N Ivnitski, JJ Xu, J Yang, G Garcia-Belmonte, ...","Pulsed electrodeposition of WO3–TiO2 composite films NR de Tacconi, CR Chenthamarakshan, K. Rajeshwar, T. Pauporté and D. Lincot........................... 220 Available online …",,"","","","https://scholar.google.com",306,"2023-03-01 19:26:52","","","","https://scholar.google.com/citations?view_op=view_citation&hl=en&user=_5F5jgQAAAAJ&cstart=300&pagesize=100&citation_for_view=_5F5jgQAAAAJ:dTyEYWd-f8wC",,,,,0,0.00,0,7,,"","",""
0,"G Garcia-Belmonte, EM Barea, A Munar, T Möhl, J Bisquert, HJ Bolink, ...","TRANSPORT AND RECOMBINATION PARAMETERS FROM AC IMPEDANCE ANALYSIS OF BULK HETEROJUNCTION P3HT-PCBM SOLAR CELLS",,"","","","https://scholar.google.com",307,"2023-03-01 19:26:52","","","","https://scholar.google.com/citations?view_op=view_citation&hl=en&user=_5F5jgQAAAAJ&cstart=300&pagesize=100&citation_for_view=_5F5jgQAAAAJ:olpn-zPbct0C",,,,,0,0.00,0,7,,"","",""
0,"J Bisquert, F Fabregat-Santiago, I Mora-Seró, G Garcia-Belmonte, ...","Impedance spectroscopy of solid-state and photoelectrochemical solar cells emphasizing negative capacitance behaviour",,"","","","https://scholar.google.com",308,"2023-03-01 19:26:52","","","","https://scholar.google.com/citations?view_op=view_citation&hl=en&user=_5F5jgQAAAAJ&cstart=300&pagesize=100&citation_for_view=_5F5jgQAAAAJ:5ugPr518TE4C",,,,,0,0.00,0,5,,"","",""
0,"P Agnese, JJ Engelmann, P Monier, JC Diaz, JM Perez, P Gomez, ...","The Price of Improvement is Involvement HL Flescher 945",,"Computer 608, 263-4970,","","","https://scholar.google.com",309,"2023-03-01 19:26:52","","","","https://scholar.google.com/citations?view_op=view_citation&hl=en&user=_5F5jgQAAAAJ&cstart=300&pagesize=100&citation_for_view=_5F5jgQAAAAJ:sSrBHYA8nusC",,,,,0,0.00,0,7,,"","",""
0,"J García-Cañadas, G Garcia-Belmonte, J Bisquert, I Porqueras, C Person","EFFECT OF FILM THICKNESS ON THE THERMODYNAMICS OF LITHIUM INTERCALATION INTO AMORPHOUS WO3",,"","","","https://scholar.google.com",310,"2023-03-01 19:26:52","","","","https://scholar.google.com/citations?view_op=view_citation&hl=en&user=_5F5jgQAAAAJ&cstart=300&pagesize=100&citation_for_view=_5F5jgQAAAAJ:K3LRdlH-MEoC",,,,,0,0.00,0,5,,"","",""
