Cites,Authors,Title,Year,Source,Publisher,ArticleURL,CitesURL,GSRank,QueryDate,Type,DOI,ISSN,CitationURL,Volume,Issue,StartPage,EndPage,ECC,CitesPerYear,CitesPerAuthor,AuthorCount,Age,Abstract,FullTextURL,RelatedURL
1616,"Z Li, M Yang, JS Park, SH Wei, JJ Berry, K Zhu","Stabilizing perovskite structures by tuning tolerance factor: formation of formamidinium and cesium lead iodide solid-state alloys",2016,"Chemistry of Materials","","","https://scholar.google.com/scholar?oi=bibs&hl=en&cites=2300297691400770276",1,"2023-03-01 19:30:56","Journal article","","","https://scholar.google.com/citations?view_op=view_citation&hl=en&user=ZuGZFJMAAAAJ&pagesize=100&citation_for_view=ZuGZFJMAAAAJ:LPZeul_q3PIC",28,1,284,292,1616,230.86,269,6,7,"","",""
742,"JA Christians, P Schulz, JS Tinkham, TH Schloemer, SP Harvey, ...","Tailored interfaces of unencapsulated perovskite solar cells for> 1,000 hour operational stability",2018,"Nature Energy","","","https://scholar.google.com/scholar?oi=bibs&hl=en&cites=5079133395879147867",2,"2023-03-01 19:30:56","Journal article","","","https://scholar.google.com/citations?view_op=view_citation&hl=en&user=ZuGZFJMAAAAJ&pagesize=100&citation_for_view=ZuGZFJMAAAAJ:ZfRJV9d4-WMC",3,1,68,74,742,148.40,124,6,5,"","",""
727,"Z Li, TR Klein, DH Kim, M Yang, JJ Berry, MFAM Van Hest, K Zhu","Scalable fabrication of perovskite solar cells",2018,"Nature Reviews Materials","","","https://scholar.google.com/scholar?oi=bibs&hl=en&cites=3165571864676315461",3,"2023-03-01 19:30:56","Journal article","","","https://scholar.google.com/citations?view_op=view_citation&hl=en&user=ZuGZFJMAAAAJ&pagesize=100&citation_for_view=ZuGZFJMAAAAJ:2KloaMYe4IUC",3,4,1,20,727,145.40,104,7,5,"","",""
673,"J Tong, Z Song, DH Kim, X Chen, C Chen, AF Palmstrom, PF Ndione, ...","Carrier lifetimes of> 1 μs in Sn-Pb perovskites enable efficient all-perovskite tandem solar cells",2019,"Science","","","https://scholar.google.com/scholar?oi=bibs&hl=en&cites=7154544084276387542",4,"2023-03-01 19:30:56","Journal article","","","https://scholar.google.com/citations?view_op=view_citation&hl=en&user=ZuGZFJMAAAAJ&pagesize=100&citation_for_view=ZuGZFJMAAAAJ:LI9QrySNdTsC",364,6439,475,479,673,168.25,84,8,4,"","",""
571,"MV Khenkin, EA Katz, A Abate, G Bardizza, JJ Berry, C Brabec, F Brunetti, ...","Consensus statement for stability assessment and reporting for perovskite photovoltaics based on ISOS procedures",2020,"Nature Energy","","","https://scholar.google.com/scholar?oi=bibs&hl=en&cites=8798586962617530146",5,"2023-03-01 19:30:56","Journal article","","","https://scholar.google.com/citations?view_op=view_citation&hl=en&user=ZuGZFJMAAAAJ&pagesize=100&citation_for_view=ZuGZFJMAAAAJ:YohjEiUPhakC",5,1,35,49,571,190.33,71,8,3,"","",""
538,"J Xu, CC Boyd, ZJ Yu, AF Palmstrom, DJ Witter, BW Larson, RM France, ...","Triple-halide wide–band gap perovskites with suppressed phase segregation for efficient tandems",2020,"Science","","","https://scholar.google.com/scholar?oi=bibs&hl=en&cites=1638519892131335430",6,"2023-03-01 19:30:56","Journal article","","","https://scholar.google.com/citations?view_op=view_citation&hl=en&user=ZuGZFJMAAAAJ&pagesize=100&citation_for_view=ZuGZFJMAAAAJ:8d8msizDQcsC",367,6482,1097,1104,538,179.33,67,8,3,"","",""
503,"KX Steirer, P Schulz, G Teeter, V Stevanovic, M Yang, K Zhu, JJ Berry","Defect tolerance in methylammonium lead triiodide perovskite",2016,"ACS Energy Letters","","","https://scholar.google.com/scholar?oi=bibs&hl=en&cites=11186086161347379380",7,"2023-03-01 19:30:56","Journal article","","","https://scholar.google.com/citations?view_op=view_citation&hl=en&user=ZuGZFJMAAAAJ&pagesize=100&citation_for_view=ZuGZFJMAAAAJ:XiVPGOgt02cC",1,2,360,366,503,71.86,72,7,7,"","",""
502,"M Yang, Z Li, MO Reese, OG Reid, DH Kim, S Siol, TR Klein, Y Yan, ...","Perovskite ink with wide processing window for scalable high-efficiency solar cells",2017,"Nature Energy","","","https://scholar.google.com/scholar?oi=bibs&hl=en&cites=16155860180219776188",8,"2023-03-01 19:30:56","Journal article","","","https://scholar.google.com/citations?view_op=view_citation&hl=en&user=ZuGZFJMAAAAJ&pagesize=100&citation_for_view=ZuGZFJMAAAAJ:1yQoGdGgb4wC",2,5,1,9,502,83.67,56,9,6,"","",""
469,"SJ Potashnik, KC Ku, SH Chun, JJ Berry, N Samarth, P Schiffer","Effects of annealing time on defect-controlled ferromagnetism in ",2001,"Applied Physics Letters","","","https://scholar.google.com/scholar?oi=bibs&hl=en&cites=9285693976272831490",9,"2023-03-01 19:30:56","Journal article","","","https://scholar.google.com/citations?view_op=view_citation&hl=en&user=ZuGZFJMAAAAJ&pagesize=100&citation_for_view=ZuGZFJMAAAAJ:u5HHmVD_uO8C",79,10,1495,1497,469,21.32,78,6,22,"","",""
468,"M Yang, T Zhang, P Schulz, Z Li, G Li, DH Kim, N Guo, JJ Berry, K Zhu, ...","Facile fabrication of large-grain CH3NH3PbI3−xBrx films for high-efficiency solar cells via CH3NH3Br-selective Ostwald ripening",2016,"Nature communications","","","https://scholar.google.com/scholar?oi=bibs&hl=en&cites=16858192528360107091",10,"2023-03-01 19:30:56","Journal article","","","https://scholar.google.com/citations?view_op=view_citation&hl=en&user=ZuGZFJMAAAAJ&pagesize=100&citation_for_view=ZuGZFJMAAAAJ:t6usbXjVLHcC",7,1,12305,12305,468,66.86,47,10,7,"","",""
431,"Z Li, C Xiao, Y Yang, SP Harvey, DH Kim, JA Christians, M Yang, ...","Extrinsic ion migration in perovskite solar cells",2017,"Energy &Environmental Science","","","https://scholar.google.com/scholar?oi=bibs&hl=en&cites=4815327068964930190",11,"2023-03-01 19:30:56","Journal article","","","https://scholar.google.com/citations?view_op=view_citation&hl=en&user=ZuGZFJMAAAAJ&pagesize=100&citation_for_view=ZuGZFJMAAAAJ:dQ2og3OwTAUC",10,5,1234,1242,431,71.83,54,8,6,"","",""
421,"J Berry, T Buonassisi, DA Egger, G Hodes, L Kronik, YL Loo, I Lubomirsky, ...","Hybrid organic–inorganic perovskites (HOIPs): Opportunities and challenges",2015,"Advanced Materials","","","https://scholar.google.com/scholar?oi=bibs&hl=en&cites=11000796147733849315",12,"2023-03-01 19:30:56","Journal article","","","https://scholar.google.com/citations?view_op=view_citation&hl=en&user=ZuGZFJMAAAAJ&pagesize=100&citation_for_view=ZuGZFJMAAAAJ:08ZZubdj9fEC",27,35,5102,5112,421,52.63,53,8,8,"","",""
360,"KX Steirer, PF Ndione, NE Widjonarko, MT Lloyd, J Meyer, EL Ratcliff, ...","Enhanced Efficiency in Plastic Solar Cells via Energy Matched Solution Processed NiOx Interlayers",2011,"Advanced Energy Materials","","","https://scholar.google.com/scholar?oi=bibs&hl=en&cites=10990908528744373149",13,"2023-03-01 19:30:56","Journal article","","","https://scholar.google.com/citations?view_op=view_citation&hl=en&user=ZuGZFJMAAAAJ&pagesize=100&citation_for_view=ZuGZFJMAAAAJ:zYLM7Y9cAGgC",1,5,813,820,360,30.00,51,7,12,"","",""
356,"EL Ratcliff, J Meyer, KX Steirer, A Garcia, JJ Berry, DS Ginley, DC Olson, ...","Evidence for near-Surface NiOOH Species in Solution-Processed NiOx Selective Interlayer Materials: Impact on Energetics and the Performance of Polymer Bulk …",2011,"Chemistry of Materials","","","https://scholar.google.com/scholar?oi=bibs&hl=en&cites=4569112493753404685",14,"2023-03-01 19:30:56","Journal article","","","https://scholar.google.com/citations?view_op=view_citation&hl=en&user=ZuGZFJMAAAAJ&pagesize=100&citation_for_view=ZuGZFJMAAAAJ:LkGwnXOMwfcC",23,22,4988,5000,356,29.67,45,8,12,"","",""
356,"KX Steirer, JP Chesin, NE Widjonarko, JJ Berry, A Miedaner, DS Ginley, ...","Solution deposited NiO thin-films as hole transport layers in organic photovoltaics",2010,"Organic Electronics","","","https://scholar.google.com/scholar?oi=bibs&hl=en&cites=15800619999308865322",15,"2023-03-01 19:30:56","Journal article","","","https://scholar.google.com/citations?view_op=view_citation&hl=en&user=ZuGZFJMAAAAJ&pagesize=100&citation_for_view=ZuGZFJMAAAAJ:qjMakFHDy7sC",11,8,1414,1418,356,27.38,51,7,13,"","",""
348,"D Kim, HJ Jung, IJ Park, BW Larson, SP Dunfield, C Xiao, J Kim, J Tong, ...","Efficient, stable silicon tandem cells enabled by anion-engineered wide-bandgap perovskites",2020,"Science","","","https://scholar.google.com/scholar?oi=bibs&hl=en&cites=14698219436294240990",16,"2023-03-01 19:30:56","Journal article","","","https://scholar.google.com/citations?view_op=view_citation&hl=en&user=ZuGZFJMAAAAJ&pagesize=100&citation_for_view=ZuGZFJMAAAAJ:0izLItjtcgwC",368,6487,155,160,348,116.00,39,9,3,"","",""
347,"F Zhang, H Lu, J Tong, JJ Berry, MC Beard, K Zhu","Advances in two-dimensional organic–inorganic hybrid perovskites",2020,"Energy &Environmental Science","","","https://scholar.google.com/scholar?oi=bibs&hl=en&cites=4313330152755947070",17,"2023-03-01 19:30:56","Journal article","","","https://scholar.google.com/citations?view_op=view_citation&hl=en&user=ZuGZFJMAAAAJ&pagesize=100&citation_for_view=ZuGZFJMAAAAJ:bz8QjSJIRt4C",13,4,1154,1186,347,115.67,58,6,3,"","",""
312,"I Malajovich, JJ Berry, N Samarth, DD Awschalom","Persistent sourcing of coherent spins for multifunctional semiconductor spintronics",2001,"Nature","","","https://scholar.google.com/scholar?oi=bibs&hl=en&cites=5290308749834839905",18,"2023-03-01 19:30:56","Journal article","","","https://scholar.google.com/citations?view_op=view_citation&hl=en&user=ZuGZFJMAAAAJ&pagesize=100&citation_for_view=ZuGZFJMAAAAJ:u-x6o8ySG0sC",411,6839,770,772,312,14.18,78,4,22,"","",""
293,"AF Palmstrom, GE Eperon, T Leijtens, R Prasanna, SN Habisreutinger, ...","Enabling flexible all-perovskite tandem solar cells",2019,"Joule","","","https://scholar.google.com/scholar?oi=bibs&hl=en&cites=15813980645401030426",19,"2023-03-01 19:30:56","Journal article","","","https://scholar.google.com/citations?view_op=view_citation&hl=en&user=ZuGZFJMAAAAJ&pagesize=100&citation_for_view=ZuGZFJMAAAAJ:k8Z6L05lTy4C",3,9,2193,2204,293,73.25,49,6,4,"","",""
266,"LM Wheeler, EM Sanehira, AR Marshall, P Schulz, M Suri, NC Anderson, ...","Targeted ligand-exchange chemistry on cesium lead halide perovskite quantum dots for high-efficiency photovoltaics",2018,"Journal of the American Chemical Society","","","https://scholar.google.com/scholar?oi=bibs&hl=en&cites=10519724895508552094",20,"2023-03-01 19:30:56","Journal article","","","https://scholar.google.com/citations?view_op=view_citation&hl=en&user=ZuGZFJMAAAAJ&pagesize=100&citation_for_view=ZuGZFJMAAAAJ:uJ-U7cs_P_0C",140,33,10504,10513,266,53.20,38,7,5,"","",""
258,"GM Wilson, M Al-Jassim, WK Metzger, SW Glunz, P Verlinden, G Xiong, ...","The 2020 photovoltaic technologies roadmap",2020,"Journal of Physics D: Applied Physics","","","https://scholar.google.com/scholar?oi=bibs&hl=en&cites=9121413361260868597",21,"2023-03-01 19:30:56","Journal article","","","https://scholar.google.com/citations?view_op=view_citation&hl=en&user=ZuGZFJMAAAAJ&pagesize=100&citation_for_view=ZuGZFJMAAAAJ:6ZxmRoH8BuwC",53,49,493001,493001,258,86.00,37,7,3,"","",""
258,"Z Yang, Z Yu, H Wei, X Xiao, Z Ni, B Chen, Y Deng, SN Habisreutinger, ...","Enhancing electron diffusion length in narrow-bandgap perovskites for efficient monolithic perovskite tandem solar cells",2019,"Nature communications","","","https://scholar.google.com/scholar?oi=bibs&hl=en&cites=13051109782371090333",22,"2023-03-01 19:30:56","Journal article","","","https://scholar.google.com/citations?view_op=view_citation&hl=en&user=ZuGZFJMAAAAJ&pagesize=100&citation_for_view=ZuGZFJMAAAAJ:edDO8Oi4QzsC",10,1,4498,4498,258,64.50,29,9,4,"","",""
257,"EM Sanehira, BJ Tremolet de Villers, P Schulz, MO Reese, S Ferrere, ...","Influence of Electrode Interfaces on the Stability of Perovskite Solar Cells: Reduced Degradation Using MoOx/Al for Hole Collection",2016,"ACS Energy Letters","","","https://scholar.google.com/scholar?oi=bibs&hl=en&cites=7820856209032113598",23,"2023-03-01 19:30:56","Journal article","","","https://scholar.google.com/citations?view_op=view_citation&hl=en&user=ZuGZFJMAAAAJ&pagesize=100&citation_for_view=ZuGZFJMAAAAJ:q3oQSFYPqjQC",1,1,38,45,257,36.71,43,6,7,"","",""
255,"AJ Leenheer, JD Perkins, MFAM Van Hest, JJ Berry, RP O’Hayre, ...","General mobility and carrier concentration relationship in transparent amorphous indium zinc oxide films",2008,"Physical Review B","","","https://scholar.google.com/scholar?oi=bibs&hl=en&cites=17728283830780621326",24,"2023-03-01 19:30:56","Journal article","","","https://scholar.google.com/citations?view_op=view_citation&hl=en&user=ZuGZFJMAAAAJ&pagesize=100&citation_for_view=ZuGZFJMAAAAJ:9yKSN-GCB0IC",77,11,115215,115215,255,17.00,43,6,15,"","",""
245,"CS Jiang, M Yang, Y Zhou, B To, SU Nanayakkara, JM Luther, W Zhou, ...","Carrier separation and transport in perovskite solar cells studied by nanometre-scale profiling of electrical potential",2015,"Nature communications","","","https://scholar.google.com/scholar?oi=bibs&hl=en&cites=13621085033018100402",25,"2023-03-01 19:30:56","Journal article","","","https://scholar.google.com/citations?view_op=view_citation&hl=en&user=ZuGZFJMAAAAJ&pagesize=100&citation_for_view=ZuGZFJMAAAAJ:sSrBHYA8nusC",6,1,8397,8397,245,30.63,31,8,8,"","",""
235,"F Zhang, D Bi, N Pellet, C Xiao, Z Li, JJ Berry, SM Zakeeruddin, K Zhu, ...","Suppressing defects through the synergistic effect of a Lewis base and a Lewis acid for highly efficient and stable perovskite solar cells",2018,"Energy &Environmental Science","","","https://scholar.google.com/scholar?oi=bibs&hl=en&cites=13418939864502599681",26,"2023-03-01 19:30:56","Journal article","","","https://scholar.google.com/citations?view_op=view_citation&hl=en&user=ZuGZFJMAAAAJ&pagesize=100&citation_for_view=ZuGZFJMAAAAJ:zLWjf1WUPmwC",11,12,3480,3490,235,47.00,26,9,5,"","",""
229,"X Li, F Zhang, H He, JJ Berry, K Zhu, T Xu","On-device lead sequestration for perovskite solar cells",2020,"Nature","","","https://scholar.google.com/scholar?oi=bibs&hl=en&cites=10391841203922960590",27,"2023-03-01 19:30:56","Journal article","","","https://scholar.google.com/citations?view_op=view_citation&hl=en&user=ZuGZFJMAAAAJ&pagesize=100&citation_for_view=ZuGZFJMAAAAJ:kh2fBNsKQNwC",578,7796,555,558,229,76.33,38,6,3,"","",""
226,"F Zhang, DH Kim, H Lu, JS Park, BW Larson, J Hu, L Gao, C Xiao, ...","Enhanced charge transport in 2D perovskites via fluorination of organic cation",2019,"Journal of the American Chemical Society","","","https://scholar.google.com/scholar?oi=bibs&hl=en&cites=9237302837357790309",28,"2023-03-01 19:30:56","Journal article","","","https://scholar.google.com/citations?view_op=view_citation&hl=en&user=ZuGZFJMAAAAJ&pagesize=100&citation_for_view=ZuGZFJMAAAAJ:tuHXwOkdijsC",141,14,5972,5979,226,56.50,25,9,4,"","",""
205,"R Prasanna, T Leijtens, SP Dunfield, JA Raiford, EJ Wolf, SA Swifter, ...","Design of low bandgap tin–lead halide perovskite solar cells to achieve thermal, atmospheric and operational stability",2019,"Nature Energy","","","https://scholar.google.com/scholar?oi=bibs&hl=en&cites=4587958842132759430",29,"2023-03-01 19:30:56","Journal article","","","https://scholar.google.com/citations?view_op=view_citation&hl=en&user=ZuGZFJMAAAAJ&pagesize=100&citation_for_view=ZuGZFJMAAAAJ:0N-VGjzr574C",4,11,939,947,205,51.25,29,7,4,"","",""
201,"DP Nenon, JA Christians, LM Wheeler, JL Blackburn, EM Sanehira, ...","Structural and chemical evolution of methylammonium lead halide perovskites during thermal processing from solution",2016,"Energy &environmental science","","","https://scholar.google.com/scholar?oi=bibs&hl=en&cites=508919622428117542",30,"2023-03-01 19:30:56","Journal article","","","https://scholar.google.com/citations?view_op=view_citation&hl=en&user=ZuGZFJMAAAAJ&pagesize=100&citation_for_view=ZuGZFJMAAAAJ:V3AGJWp-ZtQC",9,6,2072,2082,201,28.71,34,6,7,"","",""
192,"H Lu, J Wang, C Xiao, X Pan, X Chen, R Brunecky, JJ Berry, K Zhu, ...","Spin-dependent charge transport through 2D chiral hybrid lead-iodide perovskites",2019,"Science advances 5 (12), eaay","","","https://scholar.google.com/scholar?oi=bibs&hl=en&cites=522797292016422228",31,"2023-03-01 19:30:56","Journal article","","","https://scholar.google.com/citations?view_op=view_citation&hl=en&user=ZuGZFJMAAAAJ&pagesize=100&citation_for_view=ZuGZFJMAAAAJ:_axFR9aDTf0C",571,,,,192,48.00,21,9,4,"","",""
192,"I Malajovich, JM Kikkawa, DD Awschalom, JJ Berry, N Samarth","Coherent transfer of spin through a semiconductor heterointerface",2000,"Physical review letters","","","https://scholar.google.com/scholar?oi=bibs&hl=en&cites=17829707253476193673",32,"2023-03-01 19:30:56","Journal article","","","https://scholar.google.com/citations?view_op=view_citation&hl=en&user=ZuGZFJMAAAAJ&pagesize=100&citation_for_view=ZuGZFJMAAAAJ:d1gkVwhDpl0C",84,5,1015,1015,192,8.35,38,5,23,"","",""
190,"YH Kim, Y Zhai, H Lu, X Pan, C Xiao, EA Gaulding, SP Harvey, JJ Berry, ...","Chiral-induced spin selectivity enables a room-temperature spin light-emitting diode",2021,"Science","","","https://scholar.google.com/scholar?oi=bibs&hl=en&cites=7559956788294947552",33,"2023-03-01 19:30:56","Journal article","","","https://scholar.google.com/citations?view_op=view_citation&hl=en&user=ZuGZFJMAAAAJ&pagesize=100&citation_for_view=ZuGZFJMAAAAJ:F9fV5C73w3QC",371,6534,1129,1133,190,95.00,21,9,2,"","",""
190,"B Dou, JB Whitaker, K Bruening, DT Moore, LM Wheeler, J Ryter, ...","Roll-to-roll printing of perovskite solar cells",2018,"ACS Energy Letters","","","https://scholar.google.com/scholar?oi=bibs&hl=en&cites=17090262098301947009",34,"2023-03-01 19:30:56","Journal article","","","https://scholar.google.com/citations?view_op=view_citation&hl=en&user=ZuGZFJMAAAAJ&pagesize=100&citation_for_view=ZuGZFJMAAAAJ:ipzZ9siozwsC",3,10,2558,2565,190,38.00,27,7,5,"","",""
186,"DH Kim, CP Muzzillo, J Tong, AF Palmstrom, BW Larson, C Choi, ...","Bimolecular additives improve wide-band-gap perovskites for efficient tandem solar cells with CIGS",2019,"Joule","","","https://scholar.google.com/scholar?oi=bibs&hl=en&cites=1402941516319666187",35,"2023-03-01 19:30:56","Journal article","","","https://scholar.google.com/citations?view_op=view_citation&hl=en&user=ZuGZFJMAAAAJ&pagesize=100&citation_for_view=ZuGZFJMAAAAJ:M7yex6snE4oC",3,7,1734,1745,186,46.50,27,7,4,"","",""
185,"SP Dunfield, L Bliss, F Zhang, JM Luther, K Zhu, MFAM van Hest, ...","From defects to degradation: A mechanistic understanding of degradation in perovskite solar cell devices and modules",2020,"Advanced Energy Materials","","","https://scholar.google.com/scholar?oi=bibs&hl=en&cites=5459556073906307499",36,"2023-03-01 19:30:56","Journal article","","","https://scholar.google.com/citations?view_op=view_citation&hl=en&user=ZuGZFJMAAAAJ&pagesize=100&citation_for_view=ZuGZFJMAAAAJ:FAceZFleit8C",10,26,1904054,1904054,185,61.67,26,7,3,"","",""
181,"Y Zhou, R Pasquarelli, T Holme, J Berry, D Ginley, R O'Hayre","Improving PEM fuel cell catalyst activity and durability using nitrogen-doped carbon supports: observations from model Pt/HOPG systems",2009,"Journal of Materials Chemistry","","","https://scholar.google.com/scholar?oi=bibs&hl=en&cites=15885845062663165738",37,"2023-03-01 19:30:56","Journal article","","","https://scholar.google.com/citations?view_op=view_citation&hl=en&user=ZuGZFJMAAAAJ&pagesize=100&citation_for_view=ZuGZFJMAAAAJ:ruyezt5ZtCIC",19,42,7830,7838,181,12.93,30,6,14,"","",""
174,"SR Hammond, J Meyer, NE Widjonarko, PF Ndione, AK Sigdel, A Garcia, ...","Low-temperature, solution-processed molybdenum oxide hole-collection layer for organic photovoltaics",2012,"Journal of Materials Chemistry","","","https://scholar.google.com/scholar?oi=bibs&hl=en&cites=5795784123297107853",38,"2023-03-01 19:30:56","Journal article","","","https://scholar.google.com/citations?view_op=view_citation&hl=en&user=ZuGZFJMAAAAJ&pagesize=100&citation_for_view=ZuGZFJMAAAAJ:_FxGoFyzp5QC",22,7,3249,3254,174,15.82,25,7,11,"","",""
167,"CC Boyd, RC Shallcross, T Moot, R Kerner, L Bertoluzzi, A Onno, ...","Overcoming redox reactions at perovskite-nickel oxide interfaces to boost voltages in perovskite solar cells",2020,"Joule","","","https://scholar.google.com/scholar?oi=bibs&hl=en&cites=17134010870444998311",39,"2023-03-01 19:30:56","Journal article","","","https://scholar.google.com/citations?view_op=view_citation&hl=en&user=ZuGZFJMAAAAJ&pagesize=100&citation_for_view=ZuGZFJMAAAAJ:IRz6iEL74y4C",4,8,1759,1775,167,55.67,24,7,3,"","",""
159,"EL Ratcliff, A Garcia, SA Paniagua, SR Cowan, AJ Giordano, DS Ginley, ...","Investigating the influence of interfacial contact properties on open circuit voltages in organic photovoltaic performance: work function versus selectivity",2013,"Advanced Energy Materials","","","https://scholar.google.com/scholar?oi=bibs&hl=en&cites=1098667276458659972",40,"2023-03-01 19:30:56","Journal article","","","https://scholar.google.com/citations?view_op=view_citation&hl=en&user=ZuGZFJMAAAAJ&pagesize=100&citation_for_view=ZuGZFJMAAAAJ:Wp0gIr-vW9MC",3,5,647,656,159,15.90,23,7,10,"","",""
157,"KX Steirer, JJ Berry, MO Reese, MFAM van Hest, A Miedaner, ...","Ultrasonically sprayed and inkjet printed thin film electrodes for organic solar cells",2009,"Thin Solid Films","","","https://scholar.google.com/scholar?oi=bibs&hl=en&cites=9886378401947633467",41,"2023-03-01 19:30:56","Journal article","","","https://scholar.google.com/citations?view_op=view_citation&hl=en&user=ZuGZFJMAAAAJ&pagesize=100&citation_for_view=ZuGZFJMAAAAJ:UeHWp8X0CEIC",517,8,2781,2786,157,11.21,26,6,14,"","",""
155,"C Xiao, Z Li, H Guthrey, J Moseley, Y Yang, S Wozny, H Moutinho, B To, ...","Mechanisms of electron-beam-induced damage in perovskite thin films revealed by cathodoluminescence spectroscopy",2015,"The Journal of Physical Chemistry C","","","https://scholar.google.com/scholar?oi=bibs&hl=en&cites=2170243577111580486",42,"2023-03-01 19:30:56","Journal article","","","https://scholar.google.com/citations?view_op=view_citation&hl=en&user=ZuGZFJMAAAAJ&pagesize=100&citation_for_view=ZuGZFJMAAAAJ:8AbLer7MMksC",119,48,26904,26911,155,19.38,17,9,8,"","",""
154,"MT Lloyd, CH Peters, A Garcia, IV Kauvar, JJ Berry, MO Reese, ...","Influence of the hole-transport layer on the initial behavior and lifetime of inverted organic photovoltaics",2011,"Solar Energy Materials and Solar Cells","","","https://scholar.google.com/scholar?oi=bibs&hl=en&cites=12849194300915249612",43,"2023-03-01 19:30:56","Journal article","","","https://scholar.google.com/citations?view_op=view_citation&hl=en&user=ZuGZFJMAAAAJ&pagesize=100&citation_for_view=ZuGZFJMAAAAJ:eQOLeE2rZwMC",95,5,1382,1388,154,12.83,22,7,12,"","",""
151,"A Hazarika, Q Zhao, EA Gaulding, JA Christians, B Dou, AR Marshall, ...","Perovskite quantum dot photovoltaic materials beyond the reach of thin films: full-range tuning of A-site cation composition",2018,"Acs Nano","","","https://scholar.google.com/scholar?oi=bibs&hl=en&cites=12062055327270624586",44,"2023-03-01 19:30:56","Journal article","","","https://scholar.google.com/citations?view_op=view_citation&hl=en&user=ZuGZFJMAAAAJ&pagesize=100&citation_for_view=ZuGZFJMAAAAJ:0KyAp5RtaNEC",12,10,10327,10337,151,30.20,22,7,5,"","",""
148,"JB Whitaker, DH Kim, BW Larson, F Zhang, JJ Berry, MFAM Van Hest, ...","Scalable slot-die coating of high performance perovskite solar cells",2018,"Sustainable Energy &Fuels","","","https://scholar.google.com/scholar?oi=bibs&hl=en&cites=12135651954314125285",45,"2023-03-01 19:30:56","Journal article","","","https://scholar.google.com/citations?view_op=view_citation&hl=en&user=ZuGZFJMAAAAJ&pagesize=100&citation_for_view=ZuGZFJMAAAAJ:z_wVstp3MssC",2,11,2442,2449,148,29.60,21,7,5,"","",""
148,"D Pérez‐del‐Rey, D Forgács, EM Hutter, TJ Savenije, D Nordlund, ...","Strontium insertion in methylammonium lead iodide: long charge carrier lifetime and high fill‐factor solar cells",2016,"Advanced Materials","","","https://scholar.google.com/scholar?oi=bibs&hl=en&cites=16086343610085729774",46,"2023-03-01 19:30:56","Journal article","","","https://scholar.google.com/citations?view_op=view_citation&hl=en&user=ZuGZFJMAAAAJ&pagesize=100&citation_for_view=ZuGZFJMAAAAJ:Y5dfb0dijaUC",28,44,9839,9845,148,21.14,25,6,7,"","",""
144,"M Yang, DH Kim, TR Klein, Z Li, MO Reese, BJ Tremolet de Villers, ...","Highly efficient perovskite solar modules by scalable fabrication and interconnection optimization",2018,"ACS Energy Letters","","","https://scholar.google.com/scholar?oi=bibs&hl=en&cites=5883544021095207137",47,"2023-03-01 19:30:56","Journal article","","","https://scholar.google.com/citations?view_op=view_citation&hl=en&user=ZuGZFJMAAAAJ&pagesize=100&citation_for_view=ZuGZFJMAAAAJ:evX43VCCuoAC",3,2,322,328,144,28.80,21,7,5,"","",""
139,"R Ihly, AM Dowgiallo, M Yang, P Schulz, NJ Stanton, OG Reid, ...","Efficient charge extraction and slow recombination in organic–inorganic perovskites capped with semiconducting single-walled carbon nanotubes",2016,"Energy &Environmental Science","","","https://scholar.google.com/scholar?oi=bibs&hl=en&cites=4485572375153898847",48,"2023-03-01 19:30:56","Journal article","","","https://scholar.google.com/citations?view_op=view_citation&hl=en&user=ZuGZFJMAAAAJ&pagesize=100&citation_for_view=ZuGZFJMAAAAJ:BrmTIyaxlBUC",9,4,1439,1449,139,19.86,20,7,7,"","",""
135,"S Lany, A Zakutayev, TO Mason, JF Wager, KR Poeppelmeier, JD Perkins, ...","Surface Origin of High Conductivities in Undoped  Thin Films",2012,"Physical Review Letters","","","https://scholar.google.com/scholar?oi=bibs&hl=en&cites=8989036736970379121",49,"2023-03-01 19:30:56","Journal article","","","https://scholar.google.com/citations?view_op=view_citation&hl=en&user=ZuGZFJMAAAAJ&pagesize=100&citation_for_view=ZuGZFJMAAAAJ:Se3iqnhoufwC",108,1,16802,16802,135,12.27,19,7,11,"","",""
132,"DH Kim, J Park, Z Li, M Yang, JS Park, IJ Park, JY Kim, JJ Berry, ...","300% enhancement of carrier mobility in uniaxial‐oriented perovskite films formed by topotactic‐oriented attachment",2017,"Advanced Materials","","","https://scholar.google.com/scholar?oi=bibs&hl=en&cites=5261905377287869202",50,"2023-03-01 19:30:56","Journal article","","","https://scholar.google.com/citations?view_op=view_citation&hl=en&user=ZuGZFJMAAAAJ&pagesize=100&citation_for_view=ZuGZFJMAAAAJ:UHK10RUVsp4C",29,23,1606831,1606831,132,22.00,15,9,6,"","",""
132,"Z Li, J Tinkham, P Schulz, M Yang, DH Kim, J Berry, A Sellinger, K Zhu","Acid additives enhancing the conductivity of Spiro‐OMeTAD toward high‐efficiency and hysteresis‐less planar perovskite solar cells",2017,"Advanced Energy Materials","","","https://scholar.google.com/scholar?oi=bibs&hl=en&cites=4929813116775004479",51,"2023-03-01 19:30:56","Journal article","","","https://scholar.google.com/citations?view_op=view_citation&hl=en&user=ZuGZFJMAAAAJ&pagesize=100&citation_for_view=ZuGZFJMAAAAJ:_B80troHkn4C",7,4,1601451,1601451,132,22.00,17,8,6,"","",""
128,"JJ Berry, DS Ginley, PE Burrows","Organic light emitting diodes using a Ga: ZnO anode",2008,"Applied Physics Letters","","","https://scholar.google.com/scholar?oi=bibs&hl=en&cites=380973454344082052",52,"2023-03-01 19:30:56","Journal article","","","https://scholar.google.com/citations?view_op=view_citation&hl=en&user=ZuGZFJMAAAAJ&pagesize=100&citation_for_view=ZuGZFJMAAAAJ:IjCSPb-OGe4C",92,19,170,170,128,8.53,43,3,15,"","",""
121,"H Lu, C Xiao, R Song, T Li, AE Maughan, A Levin, R Brunecky, JJ Berry, ...","Highly distorted chiral two-dimensional tin iodide perovskites for spin polarized charge transport",2020,"Journal of the American Chemical Society","","","https://scholar.google.com/scholar?oi=bibs&hl=en&cites=15447983882554928749",53,"2023-03-01 19:30:56","Journal article","","","https://scholar.google.com/citations?view_op=view_citation&hl=en&user=ZuGZFJMAAAAJ&pagesize=100&citation_for_view=ZuGZFJMAAAAJ:2VqYfGB8ITEC",142,30,13030,13040,121,40.33,13,9,3,"","",""
120,"RLZ Hoye, P Schulz, LT Schelhas, AM Holder, KH Stone, JD Perkins, ...","Perovskite-inspired photovoltaic materials: toward best practices in materials characterization and calculations",2017,"Chemistry of Materials","","","https://scholar.google.com/scholar?oi=bibs&hl=en&cites=3437474859638767783,17596238866911911158",54,"2023-03-01 19:30:56","Journal article","","","https://scholar.google.com/citations?view_op=view_citation&hl=en&user=ZuGZFJMAAAAJ&pagesize=100&citation_for_view=ZuGZFJMAAAAJ:5awf1xo2G04C",29,5,1964,1988,120,20.00,17,7,6,"","",""
119,"BA MacLeod, BJT De Villers, P Schulz, PF Ndione, H Kim, AJ Giordano, ...","Stability of inverted organic solar cells with ZnO contact layers deposited from precursor solutions",2015,"Energy &Environmental Science","","","https://scholar.google.com/scholar?oi=bibs&hl=en&cites=16680049611439043360",55,"2023-03-01 19:30:56","Journal article","","","https://scholar.google.com/citations?view_op=view_citation&hl=en&user=ZuGZFJMAAAAJ&pagesize=100&citation_for_view=ZuGZFJMAAAAJ:OU6Ihb5iCvQC",8,2,592,601,119,14.88,17,7,8,"","",""
118,"JA Christians, SN Habisreutinger, JJ Berry, JM Luther","Stability in perovskite photovoltaics: a paradigm for newfangled technologies",2018,"ACS Energy Letters","","","https://scholar.google.com/scholar?oi=bibs&hl=en&cites=15747756075223278450",56,"2023-03-01 19:30:56","Journal article","","","https://scholar.google.com/citations?view_op=view_citation&hl=en&user=ZuGZFJMAAAAJ&pagesize=100&citation_for_view=ZuGZFJMAAAAJ:VLnqNzywnoUC",3,9,2136,2143,118,23.60,30,4,5,"","",""
117,"LT Schelhas, Z Li, JA Christians, A Goyal, P Kairys, SP Harvey, DH Kim, ...","Insights into operational stability and processing of halide perovskite active layers",2019,"Energy &Environmental Science","","","https://scholar.google.com/scholar?oi=bibs&hl=en&cites=8903977872600540534",57,"2023-03-01 19:30:56","Journal article","","","https://scholar.google.com/citations?view_op=view_citation&hl=en&user=ZuGZFJMAAAAJ&pagesize=100&citation_for_view=ZuGZFJMAAAAJ:b1wdh0AR-JQC",12,4,1341,1348,117,29.25,15,8,4,"","",""
117,"Y Zhou, T Holme, J Berry, TR Ohno, D Ginley, R O’Hayre","Dopant-induced electronic structure modification of HOPG surfaces: implications for high activity fuel cell catalysts",2010,"The Journal of Physical Chemistry C","","","https://scholar.google.com/scholar?oi=bibs&hl=en&cites=9905313082236012192",58,"2023-03-01 19:30:56","Journal article","","","https://scholar.google.com/citations?view_op=view_citation&hl=en&user=ZuGZFJMAAAAJ&pagesize=100&citation_for_view=ZuGZFJMAAAAJ:SpbeaW3--B0C",114,1,506,515,117,9.00,20,6,13,"","",""
116,"PF Ndione, Y Shi, V Stevanovic, S Lany, A Zakutayev, PA Parilla, ...","Control of the electrical properties in spinel oxides by manipulating the cation disorder",2014,"Advanced Functional Materials","","","https://scholar.google.com/scholar?oi=bibs&hl=en&cites=950410969634798817",59,"2023-03-01 19:30:56","Journal article","","","https://scholar.google.com/citations?view_op=view_citation&hl=en&user=ZuGZFJMAAAAJ&pagesize=100&citation_for_view=ZuGZFJMAAAAJ:EUQCXRtRnyEC",24,5,610,618,116,12.89,17,7,9,"","",""
109,"F Zhang, C Xiao, X Chen, BW Larson, SP Harvey, JJ Berry, K Zhu","Self-seeding growth for perovskite solar cells with enhanced stability",2019,"Joule","","","https://scholar.google.com/scholar?oi=bibs&hl=en&cites=5317876656863825725",60,"2023-03-01 19:30:56","Journal article","","","https://scholar.google.com/citations?view_op=view_citation&hl=en&user=ZuGZFJMAAAAJ&pagesize=100&citation_for_view=ZuGZFJMAAAAJ:VaXvl8Fpj5cC",3,6,1452,1463,109,27.25,16,7,4,"","",""
109,"Y Yang, M Yang, K Zhu, JC Johnson, JJ Berry, J Van De Lagemaat, ...","Large polarization-dependent exciton optical Stark effect in lead iodide perovskites",2016,"Nature communications","","","https://scholar.google.com/scholar?oi=bibs&hl=en&cites=1380617891267077154",61,"2023-03-01 19:30:56","Journal article","","","https://scholar.google.com/citations?view_op=view_citation&hl=en&user=ZuGZFJMAAAAJ&pagesize=100&citation_for_view=ZuGZFJMAAAAJ:WA5NYHcadZ8C",7,1,12613,12613,109,15.57,16,7,7,"","",""
102,"X Chen, H Lu, Z Li, Y Zhai, PF Ndione, JJ Berry, K Zhu, Y Yang, MC Beard","Impact of layer thickness on the charge carrier and spin coherence lifetime in two-dimensional layered perovskite single crystals",2018,"ACS Energy Letters","","","https://scholar.google.com/scholar?oi=bibs&hl=en&cites=13685457320803549514",62,"2023-03-01 19:30:56","Journal article","","","https://scholar.google.com/citations?view_op=view_citation&hl=en&user=ZuGZFJMAAAAJ&pagesize=100&citation_for_view=ZuGZFJMAAAAJ:t7zJ5fGR-2UC",3,9,2273,2279,102,20.40,11,9,5,"","",""
97,"F Zhang, SY Park, C Yao, H Lu, SP Dunfield, C Xiao, S Uličná, X Zhao, ...","Metastable Dion-Jacobson 2D structure enables efficient and stable perovskite solar cells",2022,"Science","","","https://scholar.google.com/scholar?oi=bibs&hl=en&cites=4695635451065273073",63,"2023-03-01 19:30:56","Journal article","","","https://scholar.google.com/citations?view_op=view_citation&hl=en&user=ZuGZFJMAAAAJ&pagesize=100&citation_for_view=ZuGZFJMAAAAJ:Ak0FvsSvgGUC",375,6576,71,76,97,97.00,11,9,1,"","",""
93,"MD Heinemann, J Berry, G Teeter, T Unold, D Ginley","Oxygen deficiency and Sn doping of amorphous Ga2O3",2016,"Applied Physics Letters","","","https://scholar.google.com/scholar?oi=bibs&hl=en&cites=8872343762848121231",64,"2023-03-01 19:30:56","Journal article","","","https://scholar.google.com/citations?view_op=view_citation&hl=en&user=ZuGZFJMAAAAJ&pagesize=100&citation_for_view=ZuGZFJMAAAAJ:eJXPG6dFmWUC",108,2,22107,22107,93,13.29,19,5,7,"","",""
92,"P Schulz, AM Dowgiallo, M Yang, K Zhu, JL Blackburn, JJ Berry","Charge transfer dynamics between carbon nanotubes and hybrid organic metal halide perovskite films",2016,"The Journal of Physical Chemistry Letters","","","https://scholar.google.com/scholar?oi=bibs&hl=en&cites=7083802882286000408",65,"2023-03-01 19:30:56","Journal article","","","https://scholar.google.com/citations?view_op=view_citation&hl=en&user=ZuGZFJMAAAAJ&pagesize=100&citation_for_view=ZuGZFJMAAAAJ:VOx2b1Wkg3QC",7,3,418,425,92,13.14,15,6,7,"","",""
92,"P Periasamy, JJ Berry, AA Dameron, JD Bergeson, DS Ginley, ...","Fabrication and characterization of MIM diodes based on Nb/Nb2O5 via a rapid screening technique",2011,"Advanced Materials","","","https://scholar.google.com/scholar?oi=bibs&hl=en&cites=17587645990831991419",66,"2023-03-01 19:30:56","Journal article","","","https://scholar.google.com/citations?view_op=view_citation&hl=en&user=ZuGZFJMAAAAJ&pagesize=100&citation_for_view=ZuGZFJMAAAAJ:hqOjcs7Dif8C",23,27,3080,3085,92,7.67,15,6,12,"","",""
88,"L Gao, F Zhang, C Xiao, X Chen, BW Larson, JJ Berry, K Zhu","Improving charge transport via intermediate‐controlled crystal growth in 2D perovskite solar cells",2019,"Advanced Functional Materials","","","https://scholar.google.com/scholar?oi=bibs&hl=en&cites=13314355724607274751",67,"2023-03-01 19:30:56","Journal article","","","https://scholar.google.com/citations?view_op=view_citation&hl=en&user=ZuGZFJMAAAAJ&pagesize=100&citation_for_view=ZuGZFJMAAAAJ:lmc2jWPfTJgC",29,47,1901652,1901652,88,22.00,13,7,4,"","",""
83,"Z Liang, A Nardes, D Wang, JJ Berry, BA Gregg","Defect engineering in π-conjugated polymers",2009,"Chemistry of Materials","","","https://scholar.google.com/scholar?oi=bibs&hl=en&cites=7470502520421916143",68,"2023-03-01 19:30:56","Journal article","","","https://scholar.google.com/citations?view_op=view_citation&hl=en&user=ZuGZFJMAAAAJ&pagesize=100&citation_for_view=ZuGZFJMAAAAJ:Y0pCki6q_DkC",21,20,4914,4919,83,5.93,17,5,14,"","",""
82,"JA Aguiar, S Wozny, TG Holesinger, T Aoki, MK Patel, M Yang, JJ Berry, ...","In situ investigation of the formation and metastability of formamidinium lead tri-iodide perovskite solar cells",2016,"Energy &Environmental Science","","","https://scholar.google.com/scholar?oi=bibs&hl=en&cites=7873255189301071143",69,"2023-03-01 19:30:56","Journal article","","","https://scholar.google.com/citations?view_op=view_citation&hl=en&user=ZuGZFJMAAAAJ&pagesize=100&citation_for_view=ZuGZFJMAAAAJ:J-pR_7NvFogC",9,7,2372,2382,82,11.71,10,8,7,"","",""
79,"SP Harvey, Z Li, JA Christians, K Zhu, JM Luther, JJ Berry","Probing perovskite inhomogeneity beyond the surface: TOF-SIMS analysis of halide perovskite photovoltaic devices",2018,"ACS applied materials &interfaces","","","https://scholar.google.com/scholar?oi=bibs&hl=en&cites=14441446094466621805",70,"2023-03-01 19:30:56","Journal article","","","https://scholar.google.com/citations?view_op=view_citation&hl=en&user=ZuGZFJMAAAAJ&pagesize=100&citation_for_view=ZuGZFJMAAAAJ:j8SEvjWlNXcC",10,34,28541,28552,79,15.80,13,6,5,"","",""
79,"M Gliboff, L Sang, KM Knesting, MC Schalnat, A Mudalige, EL Ratcliff, ...","Orientation of phenylphosphonic acid self-assembled monolayers on a transparent conductive oxide: a combined NEXAFS, PM-IRRAS, and DFT study",2013,"Langmuir","","","https://scholar.google.com/scholar?oi=bibs&hl=en&cites=15005710567947726418,12687321565505222421",71,"2023-03-01 19:30:56","Journal article","","","https://scholar.google.com/citations?view_op=view_citation&hl=en&user=ZuGZFJMAAAAJ&pagesize=100&citation_for_view=ZuGZFJMAAAAJ:J_g5lzvAfSwC",29,7,2166,2174,79,7.90,11,7,10,"","",""
77,"P Periasamy, HL Guthrey, AI Abdulagatov, PF Ndione, JJ Berry, ...","Metal–insulator–metal diodes: Role of the insulator layer on the rectification performance",2013,"Advanced materials","","","https://scholar.google.com/scholar?oi=bibs&hl=en&cites=4853596652094904415",73,"2023-03-01 19:30:56","Journal article","","","https://scholar.google.com/citations?view_op=view_citation&hl=en&user=ZuGZFJMAAAAJ&pagesize=100&citation_for_view=ZuGZFJMAAAAJ:_Qo2XoVZTnwC",25,9,1301,1308,77,7.70,13,6,10,"","",""
76,"L Gao, F Zhang, X Chen, C Xiao, BW Larson, SP Dunfield, JJ Berry, K Zhu","Enhanced charge transport by incorporating formamidinium and cesium cations into two‐dimensional perovskite solar cells",2019,"Angewandte Chemie","","","https://scholar.google.com/scholar?oi=bibs&hl=en&cites=8369726757644968517",74,"2023-03-01 19:30:56","Journal article","","","https://scholar.google.com/citations?view_op=view_citation&hl=en&user=ZuGZFJMAAAAJ&pagesize=100&citation_for_view=ZuGZFJMAAAAJ:-FonjvnnhkoC",131,34,11863,11867,76,19.00,10,8,4,"","",""
76,"B Dou, LM Wheeler, JA Christians, DT Moore, SP Harvey, JJ Berry, ...","Degradation of highly alloyed metal halide perovskite precursor inks: mechanism and storage solutions",2018,"ACS Energy Letters","","","https://scholar.google.com/scholar?oi=bibs&hl=en&cites=11645931764730696624",75,"2023-03-01 19:30:56","Journal article","","","https://scholar.google.com/citations?view_op=view_citation&hl=en&user=ZuGZFJMAAAAJ&pagesize=100&citation_for_view=ZuGZFJMAAAAJ:tzM49s52ZIMC",3,4,979,985,76,15.20,11,7,5,"","",""
72,"RW Crisp, MG Panthani, WL Rance, JN Duenow, PA Parilla, R Callahan, ...","Nanocrystal grain growth and device architectures for high-efficiency CdTe ink-based photovoltaics",2014,"ACS nano","","","https://scholar.google.com/scholar?oi=bibs&hl=en&cites=7380691828534458246",76,"2023-03-01 19:30:56","Journal article","","","https://scholar.google.com/citations?view_op=view_citation&hl=en&user=ZuGZFJMAAAAJ&pagesize=100&citation_for_view=ZuGZFJMAAAAJ:KxtntwgDAa4C",8,9,9063,9072,72,8.00,10,7,9,"","",""
71,"M Gruenewald, LK Schirra, P Winget, M Kozlik, PF Ndione, AK Sigdel, ...","Integer charge transfer and hybridization at an organic semiconductor/conductive oxide interface",2015,"The Journal of Physical Chemistry C","","","https://scholar.google.com/scholar?oi=bibs&hl=en&cites=16984553513339984027",77,"2023-03-01 19:30:56","Journal article","","","https://scholar.google.com/citations?view_op=view_citation&hl=en&user=ZuGZFJMAAAAJ&pagesize=100&citation_for_view=ZuGZFJMAAAAJ:Tiz5es2fbqcC",119,9,4865,4873,71,8.88,10,7,8,"","",""
70,"SP Ahrenkiel, SH Xin, PM Reimer, JJ Berry, H Luo, S Short, M Bode, ...","Self-Organized Formation of Compositionally Modulated ZnSe 1− x Te x Superlattices",1995,"Physical review letters","","","https://scholar.google.com/scholar?oi=bibs&hl=en&cites=16219532712500420471",78,"2023-03-01 19:30:56","Journal article","","","https://scholar.google.com/citations?view_op=view_citation&hl=en&user=ZuGZFJMAAAAJ&pagesize=100&citation_for_view=ZuGZFJMAAAAJ:2osOgNQ5qMEC",75,8,1586,1586,70,2.50,9,8,28,"","",""
69,"A Bulusu, SA Paniagua, BA MacLeod, AK Sigdel, JJ Berry, DC Olson, ...","Efficient modification of metal oxide surfaces with phosphonic acids by spray coating",2013,"Langmuir","","","https://scholar.google.com/scholar?oi=bibs&hl=en&cites=9795752501859521695",79,"2023-03-01 19:30:56","Journal article","","","https://scholar.google.com/citations?view_op=view_citation&hl=en&user=ZuGZFJMAAAAJ&pagesize=100&citation_for_view=ZuGZFJMAAAAJ:JV2RwH3_ST0C",29,12,3935,3942,69,6.90,10,7,10,"","",""
67,"R Vidal, JA Alberola-Borràs, SN Habisreutinger, JL Gimeno-Molina, ...","Assessing health and environmental impacts of solvents for producing perovskite solar cells",2021,"Nature Sustainability","","","https://scholar.google.com/scholar?oi=bibs&hl=en&cites=17706742506868049470",80,"2023-03-01 19:30:56","Journal article","","","https://scholar.google.com/citations?view_op=view_citation&hl=en&user=ZuGZFJMAAAAJ&pagesize=100&citation_for_view=ZuGZFJMAAAAJ:bKqednn6t2AC",4,3,277,285,67,33.50,13,5,2,"","",""
63,"JY Ye, J Tong, J Hu, C Xiao, H Lu, SP Dunfield, DH Kim, X Chen, ...","Enhancing charge transport of 2D perovskite passivation agent for wide‐bandgap perovskite solar cells beyond 21%",2020,"Solar Rrl","","","https://scholar.google.com/scholar?oi=bibs&hl=en&cites=9954501737571398255",81,"2023-03-01 19:30:56","Journal article","","","https://scholar.google.com/citations?view_op=view_citation&hl=en&user=ZuGZFJMAAAAJ&pagesize=100&citation_for_view=ZuGZFJMAAAAJ:anf4URPfarAC",4,6,2000082,2000082,63,21.00,7,9,3,"","",""
62,"P Schulz, LL Kelly, P Winget, H Li, H Kim, PF Ndione, AK Sigdel, JJ Berry, ...","Tailoring Electron‐Transfer Barriers for Zinc Oxide/C60 Fullerene Interfaces",2014,"Advanced Functional Materials","","","https://scholar.google.com/scholar?oi=bibs&hl=en&cites=8749851818261201694",82,"2023-03-01 19:30:56","Journal article","","","https://scholar.google.com/citations?view_op=view_citation&hl=en&user=ZuGZFJMAAAAJ&pagesize=100&citation_for_view=ZuGZFJMAAAAJ:dshw04ExmUIC",24,46,7381,7389,62,6.89,7,9,9,"","",""
60,"J Werner, T Moot, TA Gossett, IE Gould, AF Palmstrom, EJ Wolf, CC Boyd, ...","Improving low-bandgap tin–lead perovskite solar cells via contact engineering and gas quench processing",2020,"ACS Energy Letters","","","https://scholar.google.com/scholar?oi=bibs&hl=en&cites=8215061608272232807",83,"2023-03-01 19:30:56","Journal article","","","https://scholar.google.com/citations?view_op=view_citation&hl=en&user=ZuGZFJMAAAAJ&pagesize=100&citation_for_view=ZuGZFJMAAAAJ:LO7wyVUgiFcC",5,4,1215,1223,60,20.00,8,8,3,"","",""
60,"TH Schloemer, TS Gehan, JA Christians, DG Mitchell, A Dixon, Z Li, K Zhu, ...","Thermally stable perovskite solar cells by systematic molecular design of the hole-transport layer",2019,"ACS Energy Letters","","","https://scholar.google.com/scholar?oi=bibs&hl=en&cites=8269826036537295675",84,"2023-03-01 19:30:56","Journal article","","","https://scholar.google.com/citations?view_op=view_citation&hl=en&user=ZuGZFJMAAAAJ&pagesize=100&citation_for_view=ZuGZFJMAAAAJ:EYYDruWGBe4C",4,2,473,482,60,15.00,8,8,4,"","",""
59,"JJ Berry, J van de Lagemaat, MM Al-Jassim, S Kurtz, Y Yan, K Zhu","Perovskite photovoltaics: the path to a printable terawatt-scale technology",2017,"ACS Energy Letters","","","https://scholar.google.com/scholar?oi=bibs&hl=en&cites=9426029359336120052",85,"2023-03-01 19:30:56","Journal article","","","https://scholar.google.com/citations?view_op=view_citation&hl=en&user=ZuGZFJMAAAAJ&pagesize=100&citation_for_view=ZuGZFJMAAAAJ:NJ774b8OgUMC",2,11,2540,2544,59,9.83,10,6,6,"","",""
59,"H Cheun, C Fuentes‐Hernandez, J Shim, Y Fang, Y Cai, H Li, AK Sigdel, ...","Oriented Growth of Al2O3: ZnO Nanolaminates for Use as Electron‐Selective Electrodes in Inverted Polymer Solar Cells",2012,"Advanced Functional Materials","","","https://scholar.google.com/scholar?oi=bibs&hl=en&cites=6423296534749531826",86,"2023-03-01 19:30:56","Journal article","","","https://scholar.google.com/citations?view_op=view_citation&hl=en&user=ZuGZFJMAAAAJ&pagesize=100&citation_for_view=ZuGZFJMAAAAJ:3fE2CSJIrl8C",22,7,1531,1538,59,5.36,7,8,11,"","",""
58,"YH Kim, Y Zhai, EA Gaulding, SN Habisreutinger, T Moot, BA Rosales, ...","Strategies to achieve high circularly polarized luminescence from colloidal organic–inorganic hybrid perovskite nanocrystals",2020,"ACS nano","","","https://scholar.google.com/scholar?oi=bibs&hl=en&cites=8423356723035179843,3837899437981474576",87,"2023-03-01 19:30:56","Journal article","","","https://scholar.google.com/citations?view_op=view_citation&hl=en&user=ZuGZFJMAAAAJ&pagesize=100&citation_for_view=ZuGZFJMAAAAJ:WJVC3Jt7v1AC",14,7,8816,8825,58,19.33,8,7,3,"","",""
58,"RA Kerner, P Schulz, JA Christians, SP Dunfield, B Dou, L Zhao, G Teeter, ...","Reactions at noble metal contacts with methylammonium lead triiodide perovskites: Role of underpotential deposition and electrochemistry",2019,"APL Materials","","","https://scholar.google.com/scholar?oi=bibs&hl=en&cites=2923365154758415505",88,"2023-03-01 19:30:56","Journal article","","","https://scholar.google.com/citations?view_op=view_citation&hl=en&user=ZuGZFJMAAAAJ&pagesize=100&citation_for_view=ZuGZFJMAAAAJ:MLfJN-KU85MC",7,4,41103,41103,58,14.50,7,8,4,"","",""
58,"LT Schelhas, JA Christians, JJ Berry, MF Toney, CJ Tassone, JM Luther, ...","Monitoring a Silent Phase Transition in CH3NH3PbI3 Solar Cells via Operando X-ray Diffraction",2016,"ACS Energy Letters","","","https://scholar.google.com/scholar?oi=bibs&hl=en&cites=10500843823644906465",89,"2023-03-01 19:30:56","Journal article","","","https://scholar.google.com/citations?view_op=view_citation&hl=en&user=ZuGZFJMAAAAJ&pagesize=100&citation_for_view=ZuGZFJMAAAAJ:tkaPQYYpVKoC",1,5,1007,1012,58,8.29,8,7,7,"","",""
56,"GE Eperon, KH Stone, LE Mundt, TH Schloemer, SN Habisreutinger, ...","The role of dimethylammonium in bandgap modulation for stable halide perovskites",2020,"ACS Energy Letters","","","https://scholar.google.com/scholar?oi=bibs&hl=en&cites=7259142358607096059",90,"2023-03-01 19:30:56","Journal article","","","https://scholar.google.com/citations?view_op=view_citation&hl=en&user=ZuGZFJMAAAAJ&pagesize=100&citation_for_view=ZuGZFJMAAAAJ:XvxMoLDsR5gC",5,6,1856,1864,56,18.67,9,6,3,"","",""
54,"GA MacDonald, M Yang, S Berweger, JP Killgore, P Kabos, JJ Berry, ...","Methylammonium lead iodide grain boundaries exhibit depth-dependent electrical properties",2016,"Energy &Environmental Science","","","https://scholar.google.com/scholar?oi=bibs&hl=en&cites=2621801590715882220",91,"2023-03-01 19:30:56","Journal article","","","https://scholar.google.com/citations?view_op=view_citation&hl=en&user=ZuGZFJMAAAAJ&pagesize=100&citation_for_view=ZuGZFJMAAAAJ:eMMeJKvmdy0C",9,12,3642,3649,54,7.71,8,7,7,"","",""
53,"JH Heo, F Zhang, C Xiao, SJ Heo, JK Park, JJ Berry, K Zhu, SH Im","Efficient and stable graded CsPbI3− xBrx perovskite solar cells and submodules by orthogonal processable spray coating",2021,"Joule","","","https://scholar.google.com/scholar?oi=bibs&hl=en&cites=9021189222042359274",92,"2023-03-01 19:30:56","Journal article","","","https://scholar.google.com/citations?view_op=view_citation&hl=en&user=ZuGZFJMAAAAJ&pagesize=100&citation_for_view=ZuGZFJMAAAAJ:ODE9OILHJdcC",5,2,481,494,53,26.50,7,8,2,"","",""
53,"A Zakutayev, JD Perkins, PA Parilla, NE Widjonarko, AK Sigdel, JJ Berry, ...","Zn-Ni-Co-O wide-band-gap p-type conductive oxides with high work functions",2011,"MRS Communications","","","https://scholar.google.com/scholar?oi=bibs&hl=en&cites=13691076664276207956",93,"2023-03-01 19:30:56","Journal article","","","https://scholar.google.com/citations?view_op=view_citation&hl=en&user=ZuGZFJMAAAAJ&pagesize=100&citation_for_view=ZuGZFJMAAAAJ:Zph67rFs4hoC",1,,23,26,53,4.42,8,7,12,"","",""
52,"RA Kerner, TH Schloemer, P Schulz, JJ Berry, J Schwartz, A Sellinger, ...","Amine additive reactions induced by the soft Lewis acidity of Pb 2+ in halide perovskites. Part I: evidence for Pb–alkylamide formation",2019,"Journal of Materials Chemistry C","","","https://scholar.google.com/scholar?oi=bibs&hl=en&cites=258429508776389088",94,"2023-03-01 19:30:56","Journal article","","","https://scholar.google.com/citations?view_op=view_citation&hl=en&user=ZuGZFJMAAAAJ&pagesize=100&citation_for_view=ZuGZFJMAAAAJ:BUYA1_V_uYcC",7,18,5251,5259,52,13.00,7,7,4,"","",""
51,"Y Ke, J Berry, P Parilla, A Zakutayev, R O'Hayre, D Ginley","The origin of electrical property deterioration with increasing Mg concentration in ZnMgO: Ga",2012,"Thin Solid Films","","","https://scholar.google.com/scholar?oi=bibs&hl=en&cites=6787572601797122724",95,"2023-03-01 19:30:56","Journal article","","","https://scholar.google.com/citations?view_op=view_citation&hl=en&user=ZuGZFJMAAAAJ&pagesize=100&citation_for_view=ZuGZFJMAAAAJ:_kc_bZDykSQC",520,9,3697,3702,51,4.64,9,6,11,"","",""
50,"Y Ke, S Lany, JJ Berry, JD Perkins, PA Parilla, A Zakutayev, T Ohno, ...","Enhanced electron mobility due to dopant‐defect pairing in conductive ZnMgO",2014,"Advanced Functional Materials","","","https://scholar.google.com/scholar?oi=bibs&hl=en&cites=10236538411217057468",96,"2023-03-01 19:30:56","Journal article","","","https://scholar.google.com/citations?view_op=view_citation&hl=en&user=ZuGZFJMAAAAJ&pagesize=100&citation_for_view=ZuGZFJMAAAAJ:b0M2c_1WBrUC",24,19,2875,2882,50,5.56,6,8,9,"","",""
50,"JJ Berry, NE Widjonarko, BA Bailey, AK Sigdel, DS Ginley, DC Olson","Surface treatment of NiO hole transport layers for organic solar cells",2010,"IEEE Journal of Selected Topics in Quantum Electronics","","","https://scholar.google.com/scholar?oi=bibs&hl=en&cites=15419914486379569410",97,"2023-03-01 19:30:56","Journal article","","","https://scholar.google.com/citations?view_op=view_citation&hl=en&user=ZuGZFJMAAAAJ&pagesize=100&citation_for_view=ZuGZFJMAAAAJ:0EnyYjriUFMC",16,6,1649,1655,50,3.85,8,6,13,"","",""
49,"P Winget, LK Schirra, D Cornil, H Li, V Coropceanu, PF Ndione, AK Sigdel, ...","Defect‐Driven Interfacial Electronic Structures at an Organic/Metal‐Oxide Semiconductor Heterojunction",2014,"Advanced Materials","","","https://scholar.google.com/scholar?oi=bibs&hl=en&cites=16457756164586942494",98,"2023-03-01 19:30:56","Journal article","","","https://scholar.google.com/citations?view_op=view_citation&hl=en&user=ZuGZFJMAAAAJ&pagesize=100&citation_for_view=ZuGZFJMAAAAJ:1sJd4Hv_s6UC",26,27,4711,4716,49,5.44,6,8,9,"","",""
49,"NE Widjonarko, EL Ratcliff, CL Perkins, AK Sigdel, A Zakutayev, ...","Sputtered nickel oxide thin film for efficient hole transport layer in polymer–fullerene bulk-heterojunction organic solar cell",2012,"Thin solid films","","","https://scholar.google.com/scholar?oi=bibs&hl=en&cites=3457692144001603464",99,"2023-03-01 19:30:56","Journal article","","","https://scholar.google.com/citations?view_op=view_citation&hl=en&user=ZuGZFJMAAAAJ&pagesize=100&citation_for_view=ZuGZFJMAAAAJ:YOwf2qJgpHMC",520,10,3813,3818,49,4.45,8,6,11,"","",""
46,"KX Steirer, RE Richards, AK Sigdel, A Garcia, PF Ndione, S Hammond, ...","Nickel oxide interlayer films from nickel formate–ethylenediamine precursor: influence of annealing on thin film properties and photovoltaic device performance",2015,"Journal of Materials Chemistry A","","","https://scholar.google.com/scholar?oi=bibs&hl=en&cites=8160073331802911345",100,"2023-03-01 19:30:56","Journal article","","","https://scholar.google.com/citations?view_op=view_citation&hl=en&user=ZuGZFJMAAAAJ&pagesize=100&citation_for_view=ZuGZFJMAAAAJ:K3LRdlH-MEoC",3,20,10949,10958,46,5.75,7,7,8,"","",""
45,"Q Jiang, J Tong, Y Xian, RA Kerner, SP Dunfield, C Xiao, RA Scheidt, ...","Surface reaction for efficient and stable inverted perovskite solar cells",2022,"Nature","","","https://scholar.google.com/scholar?oi=bibs&hl=en&cites=267771070253060688",101,"2023-03-01 19:30:56","Journal article","","","https://scholar.google.com/citations?view_op=view_citation&hl=en&user=ZuGZFJMAAAAJ&cstart=100&pagesize=100&citation_for_view=ZuGZFJMAAAAJ:LdasjJ6CEcoC",611,7935,278,283,45,45.00,6,8,1,"","",""
45,"PF Ndione, A Garcia, NE Widjonarko, AK Sigdel, KX Steirer, DC Olson, ...","Highly‐Tunable Nickel Cobalt Oxide as a Low‐Temperature P‐Type Contact in Organic Photovoltaic Devices",2013,"Advanced Energy Materials","","","https://scholar.google.com/scholar?oi=bibs&hl=en&cites=9201805140656034801",102,"2023-03-01 19:30:56","Journal article","","","https://scholar.google.com/citations?view_op=view_citation&hl=en&user=ZuGZFJMAAAAJ&cstart=100&pagesize=100&citation_for_view=ZuGZFJMAAAAJ:M3ejUd6NZC8C",3,4,524,531,45,4.50,6,7,10,"","",""
44,"CW Gorrie, AK Sigdel, JJ Berry, BJ Reese, MFAM van Hest, PH Holloway, ...","Effect of deposition distance and temperature on electrical, optical and structural properties of radio-frequency magnetron-sputtered gallium-doped zinc oxide",2010,"Thin Solid Films","","","https://scholar.google.com/scholar?oi=bibs&hl=en&cites=9072854875407325105",103,"2023-03-01 19:30:56","Journal article","","","https://scholar.google.com/citations?view_op=view_citation&hl=en&user=ZuGZFJMAAAAJ&cstart=100&pagesize=100&citation_for_view=ZuGZFJMAAAAJ:5nxA0vEk-isC",519,1,190,196,44,3.38,6,7,13,"","",""
43,"SP Harvey, J Messinger, K Zhu, JM Luther, JJ Berry","Investigating the effects of chemical gradients on performance and reliability within perovskite solar cells with TOF‐SIMS",2020,"Advanced Energy Materials","","","https://scholar.google.com/scholar?oi=bibs&hl=en&cites=6064716164537144887",104,"2023-03-01 19:30:56","Journal article","","","https://scholar.google.com/citations?view_op=view_citation&hl=en&user=ZuGZFJMAAAAJ&cstart=100&pagesize=100&citation_for_view=ZuGZFJMAAAAJ:GtLg2Ama23sC",10,26,1903674,1903674,43,14.33,9,5,3,"","",""
43,"JA Raiford, CC Boyd, AF Palmstrom, EJ Wolf, BA Fearon, JJ Berry, ...","Enhanced nucleation of atomic layer deposited contacts improves operational stability of perovskite solar cells in air",2019,"Advanced Energy Materials","","","https://scholar.google.com/scholar?oi=bibs&hl=en&cites=12781088233844085279",105,"2023-03-01 19:30:56","Journal article","","","https://scholar.google.com/citations?view_op=view_citation&hl=en&user=ZuGZFJMAAAAJ&cstart=100&pagesize=100&citation_for_view=ZuGZFJMAAAAJ:5qfkUJPXOUwC",9,47,1902353,1902353,43,10.75,6,7,4,"","",""
43,"JJ Berry, SJ Potashnik, SH Chun, KC Ku, P Schiffer, N Samarth","Two-carrier transport in epitaxially grown MnAs",2001,"Physical Review B","","","https://scholar.google.com/scholar?oi=bibs&hl=en&cites=10134753572076294334",106,"2023-03-01 19:30:56","Journal article","","","https://scholar.google.com/citations?view_op=view_citation&hl=en&user=ZuGZFJMAAAAJ&cstart=100&pagesize=100&citation_for_view=ZuGZFJMAAAAJ:W7OEmFMy1HYC",64,5,52408,52408,43,1.95,7,6,22,"","",""
41,"A Zakutayev, FJ Luciano IV, VP Bollinger, AK Sigdel, PF Ndione, ...","Development and application of an instrument for spatially resolved Seebeck coefficient measurements",2013,"Review of Scientific Instruments","","","https://scholar.google.com/scholar?oi=bibs&hl=en&cites=11496392774495164528",107,"2023-03-01 19:30:56","Journal article","","","https://scholar.google.com/citations?view_op=view_citation&hl=en&user=ZuGZFJMAAAAJ&cstart=100&pagesize=100&citation_for_view=ZuGZFJMAAAAJ:YFjsv_pBGBYC",84,5,53905,53905,41,4.10,7,6,10,"","",""
40,"LE Mundt, J Tong, AF Palmstrom, SP Dunfield, K Zhu, JJ Berry, ...","Surface-activated corrosion in tin–lead halide perovskite solar cells",2020,"ACS Energy Letters","","","https://scholar.google.com/scholar?oi=bibs&hl=en&cites=13691902444978854634",108,"2023-03-01 19:30:56","Journal article","","","https://scholar.google.com/citations?view_op=view_citation&hl=en&user=ZuGZFJMAAAAJ&cstart=100&pagesize=100&citation_for_view=ZuGZFJMAAAAJ:HIFyuExEbWQC",5,11,3344,3351,40,13.33,6,7,3,"","",""
40,"TH Schloemer, JA Raiford, TS Gehan, T Moot, S Nanayakkara, SP Harvey, ...","The molybdenum oxide interface limits the high-temperature operational stability of unencapsulated perovskite solar cells",2020,"ACS Energy Letters","","","https://scholar.google.com/scholar?oi=bibs&hl=en&cites=10088533139548302244",109,"2023-03-01 19:30:56","Journal article","","","https://scholar.google.com/citations?view_op=view_citation&hl=en&user=ZuGZFJMAAAAJ&cstart=100&pagesize=100&citation_for_view=ZuGZFJMAAAAJ:_5tno0g5mFcC",5,7,2349,2360,40,13.33,6,7,3,"","",""
40,"SH Chun, SJ Potashnik, KC Ku, JJ Berry, P Schiffer, N Samarth","Intrinsic exchange biasing in MnAs epilayers grown on (001) GaAs",2001,"Applied Physics Letters","","","https://scholar.google.com/scholar?oi=bibs&hl=en&cites=2421385653982138841",110,"2023-03-01 19:30:56","Journal article","","","https://scholar.google.com/citations?view_op=view_citation&hl=en&user=ZuGZFJMAAAAJ&cstart=100&pagesize=100&citation_for_view=ZuGZFJMAAAAJ:Tyk-4Ss8FVUC",78,17,2530,2532,40,1.82,7,6,22,"","",""
38,"SP Harvey, F Zhang, A Palmstrom, JM Luther, K Zhu, JJ Berry","Mitigating measurement artifacts in TOF-SIMS analysis of perovskite solar cells",2019,"ACS applied materials &interfaces","","","https://scholar.google.com/scholar?oi=bibs&hl=en&cites=9718317287243276369",111,"2023-03-01 19:30:56","Journal article","","","https://scholar.google.com/citations?view_op=view_citation&hl=en&user=ZuGZFJMAAAAJ&cstart=100&pagesize=100&citation_for_view=ZuGZFJMAAAAJ:i2xiXl-TujoC",11,34,30911,30918,38,9.50,6,6,4,"","",""
38,"H Li, EL Ratcliff, AK Sigdel, AJ Giordano, SR Marder, JJ Berry, JL Brédas","Modification of the Gallium‐Doped Zinc Oxide Surface with Self‐Assembled Monolayers of Phosphonic Acids: A Joint Theoretical and Experimental Study",2014,"Advanced Functional Materials","","","https://scholar.google.com/scholar?oi=bibs&hl=en&cites=16821973798083262213",112,"2023-03-01 19:30:56","Journal article","","","https://scholar.google.com/citations?view_op=view_citation&hl=en&user=ZuGZFJMAAAAJ&cstart=100&pagesize=100&citation_for_view=ZuGZFJMAAAAJ:NhqRSupF_l8C",24,23,3593,3603,38,4.22,5,7,9,"","",""
38,"ML Chin, P Periasamy, TP O'Regan, M Amani, C Tan, RP O'Hayre, ...","Planar metal–insulator–metal diodes based on the Nb/Nb2O5/X material system",2013,"Journal of Vacuum Science &Technology B, Nanotechnology and …","","","https://scholar.google.com/scholar?oi=bibs&hl=en&cites=1288999685574353220",113,"2023-03-01 19:30:56","Journal article","","","https://scholar.google.com/citations?view_op=view_citation&hl=en&user=ZuGZFJMAAAAJ&cstart=100&pagesize=100&citation_for_view=ZuGZFJMAAAAJ:f2IySw72cVMC",,,,,38,3.80,5,7,10,"","",""
35,"J Tong, J Gong, M Hu, SK Yadavalli, Z Dai, F Zhang, C Xiao, J Hao, ...","High-performance methylammonium-free ideal-band-gap perovskite solar cells",2021,"Matter","","","https://scholar.google.com/scholar?oi=bibs&hl=en&cites=16303777046130559817",114,"2023-03-01 19:30:56","Journal article","","","https://scholar.google.com/citations?view_op=view_citation&hl=en&user=ZuGZFJMAAAAJ&cstart=100&pagesize=100&citation_for_view=ZuGZFJMAAAAJ:yqoGN6RLRZoC",4,4,1365,1376,35,17.50,4,9,2,"","",""
35,"L Sang, A Mudalige, AK Sigdel, AJ Giordano, SR Marder, JJ Berry, ...","PM-IRRAS determination of molecular orientation of phosphonic acid self-assembled monolayers on indium zinc oxide",2015,"Langmuir","","","https://scholar.google.com/scholar?oi=bibs&hl=en&cites=8660457377581802956",115,"2023-03-01 19:30:56","Journal article","","","https://scholar.google.com/citations?view_op=view_citation&hl=en&user=ZuGZFJMAAAAJ&cstart=100&pagesize=100&citation_for_view=ZuGZFJMAAAAJ:l7t_Zn2s7bgC",31,20,5603,5613,35,4.38,5,7,8,"","",""
34,"J Werner, CC Boyd, T Moot, EJ Wolf, RM France, SA Johnson, ...","Learning from existing photovoltaic technologies to identify alternative perovskite module designs",2020,"Energy &Environmental Science","","","https://scholar.google.com/scholar?oi=bibs&hl=en&cites=6262094045164588365",116,"2023-03-01 19:30:56","Journal article","","","https://scholar.google.com/citations?view_op=view_citation&hl=en&user=ZuGZFJMAAAAJ&cstart=100&pagesize=100&citation_for_view=ZuGZFJMAAAAJ:OTTXONDVkokC",13,10,3393,3403,34,11.33,5,7,3,"","",""
34,"EL Ratcliff, AK Sigdel, MR Macech, K Nebesny, PA Lee, DS Ginley, ...","Surface composition, work function, and electrochemical characteristics of gallium-doped zinc oxide",2012,"Thin Solid Films","","","https://scholar.google.com/scholar?oi=bibs&hl=en&cites=12846099544564833440",117,"2023-03-01 19:30:56","Journal article","","","https://scholar.google.com/citations?view_op=view_citation&hl=en&user=ZuGZFJMAAAAJ&cstart=100&pagesize=100&citation_for_view=ZuGZFJMAAAAJ:lSLTfruPkqcC",520,17,5652,5663,34,3.09,5,7,11,"","",""
34,"O Ray, AA Sirenko, JJ Berry, N Samarth, JA Gupta, I Malajovich, ...","Exciton spin polarization in magnetic semiconductor quantum wires",2000,"Applied Physics Letters","","","https://scholar.google.com/scholar?oi=bibs&hl=en&cites=7743098801791014811",118,"2023-03-01 19:30:56","Journal article","","","https://scholar.google.com/citations?view_op=view_citation&hl=en&user=ZuGZFJMAAAAJ&cstart=100&pagesize=100&citation_for_view=ZuGZFJMAAAAJ:WF5omc3nYNoC",76,9,1167,1169,34,1.48,5,7,23,"","",""
33,"J Tong, Q Jiang, AJ Ferguson, AF Palmstrom, X Wang, J Hao, SP Dunfield, ...","Carrier control in Sn–Pb perovskites via 2D cation engineering for all-perovskite tandem solar cells with improved efficiency and stability",2022,"Nature Energy","","","https://scholar.google.com/scholar?oi=bibs&hl=en&cites=9427419075917024654",119,"2023-03-01 19:30:56","Journal article","","","https://scholar.google.com/citations?view_op=view_citation&hl=en&user=ZuGZFJMAAAAJ&cstart=100&pagesize=100&citation_for_view=ZuGZFJMAAAAJ:zCSUwVk65WsC",7,7,642,651,33,33.00,4,8,1,"","",""
33,"TS Gershon, AK Sigdel, AT Marin, MFAM van Hest, DS Ginley, RH Friend, ...","Improved fill factors in solution-processed ZnO/Cu2O photovoltaics",2013,"Thin Solid Films","","","https://scholar.google.com/scholar?oi=bibs&hl=en&cites=12122020837511558168",120,"2023-03-01 19:30:56","Journal article","","","https://scholar.google.com/citations?view_op=view_citation&hl=en&user=ZuGZFJMAAAAJ&cstart=100&pagesize=100&citation_for_view=ZuGZFJMAAAAJ:j3f4tGmQtD8C",536,,280,285,33,3.30,5,7,10,"","",""
33,"L Wang, DW Matson, E Polikarpov, JS Swensen, CC Bonham, ...","Highly efficient blue organic light emitting device using indium-free transparent anode Ga: ZnO with scalability for large area coating",2010,"Journal of Applied Physics","","","https://scholar.google.com/scholar?oi=bibs&hl=en&cites=13839246459987065065",121,"2023-03-01 19:30:56","Journal article","","","https://scholar.google.com/citations?view_op=view_citation&hl=en&user=ZuGZFJMAAAAJ&cstart=100&pagesize=100&citation_for_view=ZuGZFJMAAAAJ:ufrVoPGSRksC",107,4,43103,43103,33,2.54,6,6,13,"","",""
32,"DL McGott, CP Muzzillo, CL Perkins, JJ Berry, K Zhu, JN Duenow, ...","3D/2D passivation as a secret to success for polycrystalline thin-film solar cells",2021,"Joule","","","https://scholar.google.com/scholar?oi=bibs&hl=en&cites=2886430651173207343",122,"2023-03-01 19:30:56","Journal article","","","https://scholar.google.com/citations?view_op=view_citation&hl=en&user=ZuGZFJMAAAAJ&cstart=100&pagesize=100&citation_for_view=ZuGZFJMAAAAJ:GFxP56DSvIMC",5,5,1057,1073,32,16.00,5,7,2,"","",""
32,"I Malajovich, JM Kikkawa, DD Awschalom, JJ Berry, N Samarth","Resonant amplification of spin transferred across a GaAs/ZnSe interface",2000,"Journal of Applied Physics","","","https://scholar.google.com/scholar?oi=bibs&hl=en&cites=14602861289594399707",123,"2023-03-01 19:30:56","Journal article","","","https://scholar.google.com/citations?view_op=view_citation&hl=en&user=ZuGZFJMAAAAJ&cstart=100&pagesize=100&citation_for_view=ZuGZFJMAAAAJ:roLk4NBRz8UC",87,9,5073,5075,32,1.39,6,5,23,"","",""
30,"N Rolston, R Bennett-Kennett, LT Schelhas, JM Luther, JA Christians, ...","Comment on “Light-induced lattice expansion leads to high-efficiency perovskite solar cells”",2020,"Science 368 (6488), eaay","","","https://scholar.google.com/scholar?oi=bibs&hl=en&cites=5334293969502620075",124,"2023-03-01 19:30:56","Journal article","","","https://scholar.google.com/citations?view_op=view_citation&hl=en&user=ZuGZFJMAAAAJ&cstart=100&pagesize=100&citation_for_view=ZuGZFJMAAAAJ:a9-T7VOCCH8C",8691,,,,30,10.00,5,6,3,"","",""
30,"JA Christians, F Zhang, RC Bramante, MO Reese, TH Schloemer, ...","Stability at scale: challenges of module interconnects for perovskite photovoltaics",2018,"ACS Energy Letters","","","https://scholar.google.com/scholar?oi=bibs&hl=en&cites=1368541453098706498,92149888747550667",125,"2023-03-01 19:30:56","Journal article","","","https://scholar.google.com/citations?view_op=view_citation&hl=en&user=ZuGZFJMAAAAJ&cstart=100&pagesize=100&citation_for_view=ZuGZFJMAAAAJ:nrtMV_XWKgEC",3,10,2502,2503,30,6.00,5,6,5,"","",""
30,"NE Widjonarko, P Schulz, PA Parilla, CL Perkins, PF Ndione, AK Sigdel, ...","Impact of Hole Transport Layer Surface Properties on the Morphology of a Polymer‐Fullerene Bulk Heterojunction",2014,"Advanced Energy Materials","","","https://scholar.google.com/scholar?oi=bibs&hl=en&cites=10228933650012345864",126,"2023-03-01 19:30:56","Journal article","","","https://scholar.google.com/citations?view_op=view_citation&hl=en&user=ZuGZFJMAAAAJ&cstart=100&pagesize=100&citation_for_view=ZuGZFJMAAAAJ:xtRiw3GOFMkC",4,11,1301879,1301879,30,3.33,4,7,9,"","",""
29,"F Zhang, H Lu, BW Larson, C Xiao, SP Dunfield, OG Reid, X Chen, ...","Surface lattice engineering through three-dimensional lead iodide perovskitoid for high-performance perovskite solar cells",2021,"Chem","","","https://scholar.google.com/scholar?oi=bibs&hl=en&cites=1753133541158437265",127,"2023-03-01 19:30:56","Journal article","","","https://scholar.google.com/citations?view_op=view_citation&hl=en&user=ZuGZFJMAAAAJ&cstart=100&pagesize=100&citation_for_view=ZuGZFJMAAAAJ:yMeIxYmEMEAC",7,3,774,785,29,14.50,4,8,2,"","",""
29,"RA Kerner, L Zhao, SP Harvey, JJ Berry, J Schwartz, BP Rand","Low threshold voltages electrochemically drive gold migration in halide perovskite devices",2020,"ACS Energy Letters","","","https://scholar.google.com/scholar?oi=bibs&hl=en&cites=14316481181956020658",128,"2023-03-01 19:30:56","Journal article","","","https://scholar.google.com/citations?view_op=view_citation&hl=en&user=ZuGZFJMAAAAJ&cstart=100&pagesize=100&citation_for_view=ZuGZFJMAAAAJ:4vMrXwiscB8C",5,11,3352,3356,29,9.67,5,6,3,"","",""
28,"SP Dunfield, DT Moore, TR Klein, DM Fabian, JA Christians, AG Dixon, ...","Curtailing perovskite processing limitations via lamination at the perovskite/perovskite interface",2018,"ACS Energy Letters","","","https://scholar.google.com/scholar?oi=bibs&hl=en&cites=1885959631435841400",129,"2023-03-01 19:30:56","Journal article","","","https://scholar.google.com/citations?view_op=view_citation&hl=en&user=ZuGZFJMAAAAJ&cstart=100&pagesize=100&citation_for_view=ZuGZFJMAAAAJ:35r97b3x0nAC",3,5,1192,1197,28,5.60,4,7,5,"","",""
28,"KAZ Berry, RM Barkley, JJ Berry, JA Hankin, E Hoyes, JM Brown, ...","Tandem mass spectrometry in combination with product ion mobility for the identification of phospholipids",2017,"Analytical chemistry","","","https://scholar.google.com/scholar?oi=bibs&hl=en&cites=12332674876839595982",130,"2023-03-01 19:30:56","Journal article","","","https://scholar.google.com/citations?view_op=view_citation&hl=en&user=ZuGZFJMAAAAJ&cstart=100&pagesize=100&citation_for_view=ZuGZFJMAAAAJ:eq2jaN3J8jMC",89,1,916,921,28,4.67,4,7,6,"","",""
28,"JA Aguiar, S Wozny, NR Alkurd, M Yang, L Kovarik, TG Holesinger, ...","Effect of water vapor, temperature, and rapid annealing on formamidinium lead triiodide perovskite crystallization",2016,"ACS Energy Letters","","","https://scholar.google.com/scholar?oi=bibs&hl=en&cites=301608674208473057",131,"2023-03-01 19:30:56","Journal article","","","https://scholar.google.com/citations?view_op=view_citation&hl=en&user=ZuGZFJMAAAAJ&cstart=100&pagesize=100&citation_for_view=ZuGZFJMAAAAJ:1qzjygNMrQYC",1,1,155,161,28,4.00,4,7,7,"","",""
27,"S Berweger, GA MacDonald, M Yang, KJ Coakley, JJ Berry, K Zhu, ...","Electronic and morphological inhomogeneities in pristine and deteriorated perovskite photovoltaic films",2017,"Nano letters","","","https://scholar.google.com/scholar?oi=bibs&hl=en&cites=1643062465382006286",132,"2023-03-01 19:30:56","Journal article","","","https://scholar.google.com/citations?view_op=view_citation&hl=en&user=ZuGZFJMAAAAJ&cstart=100&pagesize=100&citation_for_view=ZuGZFJMAAAAJ:LjlpjdlvIbIC",17,3,1796,1801,27,4.50,4,7,6,"","",""
26,"E Amerling, H Lu, BW Larson, AE Maughan, A Phillips, E Lafalce, ...","A multi-dimensional perspective on electronic doping in metal halide perovskites",2021,"ACS Energy Letters","","","https://scholar.google.com/scholar?oi=bibs&hl=en&cites=7220880296042873922",133,"2023-03-01 19:30:56","Journal article","","","https://scholar.google.com/citations?view_op=view_citation&hl=en&user=ZuGZFJMAAAAJ&cstart=100&pagesize=100&citation_for_view=ZuGZFJMAAAAJ:a3BOlSfXSfwC",6,3,1104,1123,26,13.00,4,7,2,"","",""
25,"T Moot, J Werner, GE Eperon, K Zhu, JJ Berry, MD McGehee, JM Luther","Choose your own adventure: fabrication of monolithic all‐perovskite tandem photovoltaics",2020,"Advanced Materials","","","https://scholar.google.com/scholar?oi=bibs&hl=en&cites=12372732380708464759",134,"2023-03-01 19:30:56","Journal article","","","https://scholar.google.com/citations?view_op=view_citation&hl=en&user=ZuGZFJMAAAAJ&cstart=100&pagesize=100&citation_for_view=ZuGZFJMAAAAJ:HtS1dXgVpQUC",32,50,2003312,2003312,25,8.33,4,7,3,"","",""
25,"M Kumar, AK Sigdel, T Gennett, JJ Berry, JD Perkins, DS Ginley, ...","Optimizing amorphous indium zinc oxide film growth for low residual stress and high electrical conductivity",2013,"Applied surface science","","","https://scholar.google.com/scholar?oi=bibs&hl=en&cites=13217798916263766624",135,"2023-03-01 19:30:56","Journal article","","","https://scholar.google.com/citations?view_op=view_citation&hl=en&user=ZuGZFJMAAAAJ&cstart=100&pagesize=100&citation_for_view=ZuGZFJMAAAAJ:cFHS6HbyZ2cC",283,,65,73,25,2.50,4,7,10,"","",""
25,"JJ Berry, MJ Stevens, RP Mirin, KL Silverman","High-resolution spectral hole burning in InGaAs-GaAs quantum dots",2006,"Applied physics letters","","","https://scholar.google.com/scholar?oi=bibs&hl=en&cites=17495303852776105616",136,"2023-03-01 19:30:56","Journal article","","","https://scholar.google.com/citations?view_op=view_citation&hl=en&user=ZuGZFJMAAAAJ&cstart=100&pagesize=100&citation_for_view=ZuGZFJMAAAAJ:MXK_kJrjxJIC",88,6,61114,61114,25,1.47,6,4,17,"","",""
25,"JJ Berry, SH Chun, KC Ku, N Samarth, I Malajovich, DD Awschalom","Molecular beam epitaxy of MnAs/ZnSe hybrid ferromagnetic/semiconductor heterostructures",2000,"Applied Physics Letters","","","https://scholar.google.com/scholar?oi=bibs&hl=en&cites=8699445342099132694",137,"2023-03-01 19:30:56","Journal article","","","https://scholar.google.com/citations?view_op=view_citation&hl=en&user=ZuGZFJMAAAAJ&cstart=100&pagesize=100&citation_for_view=ZuGZFJMAAAAJ:YsMSGLbcyi4C",77,23,3812,3814,25,1.09,4,6,23,"","",""
23,"Z Yu, X Chen, SP Harvey, Z Ni, B Chen, S Chen, C Yao, X Xiao, S Xu, ...","Gradient Doping in Sn–Pb Perovskites by Barium Ions for Efficient Single‐Junction and Tandem Solar Cells",2022,"Advanced Materials","","","https://scholar.google.com/scholar?oi=bibs&hl=en&cites=3895198041373244197",138,"2023-03-01 19:30:56","Journal article","","","https://scholar.google.com/citations?view_op=view_citation&hl=en&user=ZuGZFJMAAAAJ&cstart=100&pagesize=100&citation_for_view=ZuGZFJMAAAAJ:QD3KBmkZPeQC",34,16,2110351,2110351,23,23.00,2,10,1,"","",""
23,"RA Kerner, TH Schloemer, P Schulz, JJ Berry, J Schwartz, A Sellinger, ...","Amine additive reactions induced by the soft Lewis acidity of Pb 2+ in halide perovskites. Part II: Impacts of amido Pb impurities in methylammonium lead triiodide thin films",2019,"Journal of Materials Chemistry C","","","https://scholar.google.com/scholar?oi=bibs&hl=en&cites=15092710099294972921",139,"2023-03-01 19:30:56","Journal article","","","https://scholar.google.com/citations?view_op=view_citation&hl=en&user=ZuGZFJMAAAAJ&cstart=100&pagesize=100&citation_for_view=ZuGZFJMAAAAJ:KUbvn5osdkgC",7,18,5244,5250,23,5.75,3,7,4,"","",""
23,"AA Khosroabadi, P Gangopadhyay, B Duong, J Thomas, AK Sigdel, ...","Fabrication, electrical and optical properties of silver, indium tin oxide (ITO), and indium zinc oxide (IZO) nanostructure arrays",2013,"physica status solidi (a)","","","https://scholar.google.com/scholar?oi=bibs&hl=en&cites=15992621885187843279",140,"2023-03-01 19:30:56","Journal article","","","https://scholar.google.com/citations?view_op=view_citation&hl=en&user=ZuGZFJMAAAAJ&cstart=100&pagesize=100&citation_for_view=ZuGZFJMAAAAJ:L8Ckcad2t8MC",210,5,831,838,23,2.30,4,6,10,"","",""
21,"S Jariwala, S Burke, S Dunfield, RC Shallcross, M Taddei, J Wang, ...","Reducing surface recombination velocity of methylammonium-free mixed-cation mixed-halide perovskites via surface passivation",2021,"Chemistry of Materials","","","https://scholar.google.com/scholar?oi=bibs&hl=en&cites=9622855528490017261",141,"2023-03-01 19:30:56","Journal article","","","https://scholar.google.com/citations?view_op=view_citation&hl=en&user=ZuGZFJMAAAAJ&cstart=100&pagesize=100&citation_for_view=ZuGZFJMAAAAJ:5MTHONV0fEkC",33,13,5035,5044,21,10.50,3,7,2,"","",""
21,"LL Kelly, DA Racke, P Schulz, H Li, P Winget, H Kim, P Ndione, AK Sigdel, ...","Spectroscopy and control of near-surface defects in conductive thin film ZnO",2016,"Journal of Physics: Condensed Matter","","","https://scholar.google.com/scholar?oi=bibs&hl=en&cites=15830838217485855584",142,"2023-03-01 19:30:56","Journal article","","","https://scholar.google.com/citations?view_op=view_citation&hl=en&user=ZuGZFJMAAAAJ&cstart=100&pagesize=100&citation_for_view=ZuGZFJMAAAAJ:eflP2zaiRacC",28,9,94007,94007,21,3.00,2,9,7,"","",""
19,"DA Racke, LL Kelly, H Kim, P Schulz, A Sigdel, JJ Berry, S Graham, ...","Disrupted attosecond charge carrier delocalization at a hybrid organic/inorganic semiconductor interface",2015,"The Journal of Physical Chemistry Letters","","","https://scholar.google.com/scholar?oi=bibs&hl=en&cites=5242135739427198856",143,"2023-03-01 19:30:56","Journal article","","","https://scholar.google.com/citations?view_op=view_citation&hl=en&user=ZuGZFJMAAAAJ&cstart=100&pagesize=100&citation_for_view=ZuGZFJMAAAAJ:tOudhMTPpwUC",6,10,1935,1941,19,2.38,2,8,8,"","",""
19,"MO Reese, AK Sigdel, JJ Berry, DS Ginley, SE Shaheen","A simple miniature controlled-atmosphere chamber for optoelectronic characterizations",2010,"Solar Energy Materials and Solar Cells","","","https://scholar.google.com/scholar?oi=bibs&hl=en&cites=5137126940562613110",144,"2023-03-01 19:30:56","Journal article","","","https://scholar.google.com/citations?view_op=view_citation&hl=en&user=ZuGZFJMAAAAJ&cstart=100&pagesize=100&citation_for_view=ZuGZFJMAAAAJ:KlAtU1dfN6UC",94,7,1254,1258,19,1.46,4,5,13,"","",""
17,"AK Sigdel, PF Ndione, JD Perkins, T Gennett, MFAM van Hest, ...","Radio-frequency superimposed direct current magnetron sputtered Ga: ZnO transparent conducting thin films",2012,"Journal of Applied Physics","","","https://scholar.google.com/scholar?oi=bibs&hl=en&cites=1337404618746638028",145,"2023-03-01 19:30:56","Journal article","","","https://scholar.google.com/citations?view_op=view_citation&hl=en&user=ZuGZFJMAAAAJ&cstart=100&pagesize=100&citation_for_view=ZuGZFJMAAAAJ:qUcmZB5y_30C",111,9,93718,93718,17,1.55,3,6,11,"","",""
16,"A Donakowski, DW Miller, NC Anderson, A Ruth, EM Sanehira, JJ Berry, ...","Improving photostability of cesium-doped formamidinium lead triiodide perovskite",2021,"ACS Energy Letters","","","https://scholar.google.com/scholar?oi=bibs&hl=en&cites=5877214104745053245",146,"2023-03-01 19:30:56","Journal article","","","https://scholar.google.com/citations?view_op=view_citation&hl=en&user=ZuGZFJMAAAAJ&cstart=100&pagesize=100&citation_for_view=ZuGZFJMAAAAJ:HeT0ZceujKMC",6,2,574,580,16,8.00,2,7,2,"","",""
16,"L Sang, KM Knesting, A Bulusu, AK Sigdel, AJ Giordano, SR Marder, ...","Effect of time and deposition method on quality of phosphonic acid modifier self-assembled monolayers on indium zinc oxide",2016,"Applied Surface Science","","","https://scholar.google.com/scholar?oi=bibs&hl=en&cites=18013930129904242265",147,"2023-03-01 19:30:56","Journal article","","","https://scholar.google.com/citations?view_op=view_citation&hl=en&user=ZuGZFJMAAAAJ&cstart=100&pagesize=100&citation_for_view=ZuGZFJMAAAAJ:olpn-zPbct0C",389,,190,198,16,2.29,2,7,7,"","",""
16,"NE Widjonarko, JD Perkins, JE Leisch, PA Parilla, CJ Curtis, DS Ginley, ...","Stoichiometric analysis of compositionally graded combinatorial amorphous thin film oxides using laser-induced breakdown spectroscopy",2010,"Review of Scientific Instruments","","","https://scholar.google.com/scholar?oi=bibs&hl=en&cites=18340109126201175114",148,"2023-03-01 19:30:56","Journal article","","","https://scholar.google.com/citations?view_op=view_citation&hl=en&user=ZuGZFJMAAAAJ&cstart=100&pagesize=100&citation_for_view=ZuGZFJMAAAAJ:ULOm3_A8WrAC",81,7,73103,73103,16,1.23,2,7,13,"","",""
16,"MS White, DC Olson, N Kopidakis, AM Nardes, DS Ginley, JJ Berry","Control of charge separation by electric field manipulation in polymer‐oxide hybrid organic photovoltaic bilayer devices",2010,"physica status solidi (a)","","","https://scholar.google.com/scholar?oi=bibs&hl=en&cites=14174142202139530350",149,"2023-03-01 19:30:56","Journal article","","","https://scholar.google.com/citations?view_op=view_citation&hl=en&user=ZuGZFJMAAAAJ&cstart=100&pagesize=100&citation_for_view=ZuGZFJMAAAAJ:8k81kl-MbHgC",207,5,1257,1265,16,1.23,3,6,13,"","",""
15,"JJ Berry, R Knobel, O Ray, W Peoples, N Samarth","Modulation-doped ZnSe/(Zn, Cd, Mn) Se quantum wells and superlattices",2000,"Journal of Vacuum Science &Technology B: Microelectronics and Nanometer …","","","https://scholar.google.com/scholar?oi=bibs&hl=en&cites=6975170028365180628",150,"2023-03-01 19:30:56","Journal article","","","https://scholar.google.com/citations?view_op=view_citation&hl=en&user=ZuGZFJMAAAAJ&cstart=100&pagesize=100&citation_for_view=ZuGZFJMAAAAJ:UebtZRa9Y70C",,,,,15,0.65,3,5,23,"","",""
14,"EJ Wolf, IE Gould, LB Bliss, JJ Berry, MD McGehee","Designing modules to prevent reverse bias degradation in perovskite solar cells when partial shading occurs",2022,"Solar RRL","","","https://scholar.google.com/scholar?oi=bibs&hl=en&cites=10566780754572824227",151,"2023-03-01 19:30:56","Journal article","","","https://scholar.google.com/citations?view_op=view_citation&hl=en&user=ZuGZFJMAAAAJ&cstart=100&pagesize=100&citation_for_view=ZuGZFJMAAAAJ:u-coK7KVo8oC",6,3,2100239,2100239,14,14.00,3,5,1,"","",""
14,"KJ Prince, M Nardone, SP Dunfield, G Teeter, M Mirzokarimov, EL Warren, ...","Complementary interface formation toward high-efficiency all-back-contact perovskite solar cells",2021,"Cell Reports Physical Science","","","https://scholar.google.com/scholar?oi=bibs&hl=en&cites=8269905167488378634",152,"2023-03-01 19:30:56","Journal article","","","https://scholar.google.com/citations?view_op=view_citation&hl=en&user=ZuGZFJMAAAAJ&cstart=100&pagesize=100&citation_for_view=ZuGZFJMAAAAJ:OP4eGU-M3BUC",2,3,100363,100363,14,7.00,2,7,2,"","",""
14,"PF Ndione, A Zakutayev, M Kumar, CE Packard, JJ Berry, JD Perkins, ...","Tuning the physical properties of amorphous In–Zn–Sn–O thin films using combinatorial sputtering",2016,"MRS Communications","","","https://scholar.google.com/scholar?oi=bibs&hl=en&cites=13514297526782441318",153,"2023-03-01 19:30:56","Journal article","","","https://scholar.google.com/citations?view_op=view_citation&hl=en&user=ZuGZFJMAAAAJ&cstart=100&pagesize=100&citation_for_view=ZuGZFJMAAAAJ:9vf0nzSNQJEC",6,4,360,366,14,2.00,2,7,7,"","",""
14,"S Nikodemski, AA Dameron, JD Perkins, RP O’Hayre, DS Ginley, JJ Berry","The role of nanoscale seed layers on the enhanced performance of niobium doped TiO2 thin films on glass",2016,"Scientific reports","","","https://scholar.google.com/scholar?oi=bibs&hl=en&cites=12578853605164871242",154,"2023-03-01 19:30:56","Journal article","","","https://scholar.google.com/citations?view_op=view_citation&hl=en&user=ZuGZFJMAAAAJ&cstart=100&pagesize=100&citation_for_view=ZuGZFJMAAAAJ:Mojj43d5GZwC",6,1,1,8,14,2.00,2,6,7,"","",""
14,"PF Ndione, WJ Yin, K Zhu, SH Wei, JJ Berry","Monitoring the stability of organometallic perovskite thin films",2015,"Journal of Materials Chemistry A","","","https://scholar.google.com/scholar?oi=bibs&hl=en&cites=1846657092692882140",155,"2023-03-01 19:30:56","Journal article","","","https://scholar.google.com/citations?view_op=view_citation&hl=en&user=ZuGZFJMAAAAJ&cstart=100&pagesize=100&citation_for_view=ZuGZFJMAAAAJ:tS2w5q8j5-wC",3,43,21940,21945,14,1.75,3,5,8,"","",""
14,"H Kim, KL Ou, X Wu, PF Ndione, J Berry, Y Lambert, T Mélin, ...","Investigation of ultra-thin titania films as hole-blocking contacts for organic photovoltaics",2015,"Journal of Materials Chemistry A","","","https://scholar.google.com/scholar?oi=bibs&hl=en&cites=14492947792633379606",156,"2023-03-01 19:30:56","Journal article","","","https://scholar.google.com/citations?view_op=view_citation&hl=en&user=ZuGZFJMAAAAJ&cstart=100&pagesize=100&citation_for_view=ZuGZFJMAAAAJ:vRqMK49ujn8C",3,33,17332,17343,14,1.75,2,8,8,"","",""
13,"S Cai, J Dai, Z Shao, MU Rothmann, Y Jia, C Gao, M Hao, S Pang, ...","Atomically resolved electrically active intragrain interfaces in perovskite semiconductors",2022,"Journal of the American Chemical Society","","","https://scholar.google.com/scholar?oi=bibs&hl=en&cites=386273035313169252",157,"2023-03-01 19:30:56","Journal article","","","https://scholar.google.com/citations?view_op=view_citation&hl=en&user=ZuGZFJMAAAAJ&cstart=100&pagesize=100&citation_for_view=ZuGZFJMAAAAJ:0CzhzZyukY4C",144,4,1910,1920,13,13.00,1,9,1,"","",""
13,"LL Kelly, DA Racke, H Kim, P Ndione, AK Sigdel, JJ Berry, S Graham, ...","Hybridization‐Induced Carrier Localization at the C60/ZnO Interface",2016,"Advanced Materials","","","https://scholar.google.com/scholar?oi=bibs&hl=en&cites=2342159696002979039",158,"2023-03-01 19:30:56","Journal article","","","https://scholar.google.com/citations?view_op=view_citation&hl=en&user=ZuGZFJMAAAAJ&cstart=100&pagesize=100&citation_for_view=ZuGZFJMAAAAJ:5Ul4iDaHHb8C",28,20,3960,3965,13,1.86,2,8,7,"","",""
11,"YH Kim, R Song, J Hao, Y Zhai, L Yan, T Moot, AF Palmstrom, R Brunecky, ...","The Structural Origin of Chiroptical Properties in Perovskite Nanocrystals with Chiral Organic Ligands",2022,"Advanced Functional Materials","","","https://scholar.google.com/scholar?oi=bibs&hl=en&cites=2368847923616100502",159,"2023-03-01 19:30:56","Journal article","","","https://scholar.google.com/citations?view_op=view_citation&hl=en&user=ZuGZFJMAAAAJ&cstart=100&pagesize=100&citation_for_view=ZuGZFJMAAAAJ:lgwcVrK6X84C",32,25,2200454,2200454,11,11.00,1,9,1,"","",""
11,"MT Lloyd, DC Olson, JJ Berry, N Kopidakis, MO Reese, KX Steirer, ...","Enhanced lifetime in unencapsulated organic photovoltaics with air stable electrodes",2010,"2010 35th IEEE Photovoltaic Specialists Conference","","","https://scholar.google.com/scholar?oi=bibs&hl=en&cites=5709065231972298289",160,"2023-03-01 19:30:56","Conference paper","","","https://scholar.google.com/citations?view_op=view_citation&hl=en&user=ZuGZFJMAAAAJ&cstart=100&pagesize=100&citation_for_view=ZuGZFJMAAAAJ:QIV2ME_5wuYC",,,1060,1063,11,0.85,2,7,13,"","",""
10,"B Ehrler, EM Hutter, JJ Berry","The complicated morality of named inventions",2021,"ACS Energy Letters","","","https://scholar.google.com/scholar?oi=bibs&hl=en&cites=3298710418744851237",161,"2023-03-01 19:30:56","Journal article","","","https://scholar.google.com/citations?view_op=view_citation&hl=en&user=ZuGZFJMAAAAJ&cstart=100&pagesize=100&citation_for_view=ZuGZFJMAAAAJ:fFSKOagxvKUC",6,2,565,567,10,5.00,3,3,2,"","",""
10,"DC Paine, B Yaglioglu, J Berry","Characterization of TCO materials",2011,"Handbook of transparent conductors","","","https://scholar.google.com/scholar?oi=bibs&hl=en&cites=16683473199974437124",162,"2023-03-01 19:30:56","Book chapter","","","https://scholar.google.com/citations?view_op=view_citation&hl=en&user=ZuGZFJMAAAAJ&cstart=100&pagesize=100&citation_for_view=ZuGZFJMAAAAJ:HoB7MX3m0LUC",,,111,148,10,0.83,3,3,12,"","",""
9,"JH Heo, F Zhang, JK Park, HJ Lee, DS Lee, SJ Heo, JM Luther, JJ Berry, ...","Surface engineering with oxidized Ti3C2Tx MXene enables efficient and stable pin-structured CsPbI3 perovskite solar cells",2022,"Joule","","","https://scholar.google.com/scholar?oi=bibs&hl=en&cites=3270660634449473327",163,"2023-03-01 19:30:56","Journal article","","","https://scholar.google.com/citations?view_op=view_citation&hl=en&user=ZuGZFJMAAAAJ&cstart=100&pagesize=100&citation_for_view=ZuGZFJMAAAAJ:jgBuDB5drN8C",6,7,1672,1688,9,9.00,1,9,1,"","",""
9,"MD Heinemann, M van Hest, M Contreras, JD Perkins, A Zakutayev, ...","Amorphous oxides as electron transport layers in Cu(In,Ga)Se2 superstrate devices",2017,"physica status solidi (a)","","","https://scholar.google.com/scholar?oi=bibs&hl=en&cites=7625327400317951395",164,"2023-03-01 19:30:56","Journal article","","","https://scholar.google.com/citations?view_op=view_citation&hl=en&user=ZuGZFJMAAAAJ&cstart=100&pagesize=100&citation_for_view=ZuGZFJMAAAAJ:ye4kPcJQO24C",214,5,1600870,1600870,9,1.50,2,6,6,"","",""
9,"P Periasamy, RP O'Hayre, JJ Berry, PA Parilla, DS Ginley, CE Packard","A novel way to characterize metal-insulator-metal devices via nanoindentation",2011,"2011 37th IEEE Photovoltaic Specialists Conference","","","https://scholar.google.com/scholar?oi=bibs&hl=en&cites=18114046403255716651",165,"2023-03-01 19:30:56","Conference paper","","","https://scholar.google.com/citations?view_op=view_citation&hl=en&user=ZuGZFJMAAAAJ&cstart=100&pagesize=100&citation_for_view=ZuGZFJMAAAAJ:dfsIfKJdRG4C",,,1754,1757,9,0.75,2,6,12,"","",""
8,"C Xiao, F Zhang, X Chen, M Yang, SP Harvey, MC Beard, JJ Berry, ...","SMART perovskite growth: enabling a larger range of process conditions",2021,"ACS Energy Letters","","","https://scholar.google.com/scholar?oi=bibs&hl=en&cites=13650869537771817583",166,"2023-03-01 19:30:56","Journal article","","","https://scholar.google.com/citations?view_op=view_citation&hl=en&user=ZuGZFJMAAAAJ&cstart=100&pagesize=100&citation_for_view=ZuGZFJMAAAAJ:r_AWSJRzSzQC",6,2,650,658,8,4.00,1,8,2,"","",""
8,"P Periasamy, MS Bradley, PA Parilla, JJ Berry, DS Ginley, RP O’Hayre, ...","Electromechanical tuning of nanoscale MIM diodes by nanoindentation",2013,"Journal of Materials Research","","","https://scholar.google.com/scholar?oi=bibs&hl=en&cites=15940572881809738637",167,"2023-03-01 19:30:56","Journal article","","","https://scholar.google.com/citations?view_op=view_citation&hl=en&user=ZuGZFJMAAAAJ&cstart=100&pagesize=100&citation_for_view=ZuGZFJMAAAAJ:D03iK_w7-QYC",28,14,1912,1919,8,0.80,1,7,10,"","",""
7,"SP Dunfield, A Bojar, S Cacovich, M Frégnaux, T Klein, R Bramante, ...","Carrier gradients and the role of charge selective contacts in lateral heterojunction all back contact perovskite solar cells",2021,"Cell Reports Physical Science","","","https://scholar.google.com/scholar?oi=bibs&hl=en&cites=14465626568981572045",168,"2023-03-01 19:30:56","Journal article","","","https://scholar.google.com/citations?view_op=view_citation&hl=en&user=ZuGZFJMAAAAJ&cstart=100&pagesize=100&citation_for_view=ZuGZFJMAAAAJ:gVv57TyPmFsC",2,8,100520,100520,7,3.50,1,7,2,"","",""
7,"KX Steirer, JJ Berry, JP Chesin, MT Lloyd, NE Widjonarko, A Miedaner, ...","Solution processed metal oxide thin film hole transport layers for high performance organic solar cells",2017,"US Patent 9,543,537","","","https://scholar.google.com/scholar?oi=bibs&hl=en&cites=9419247199600798238",169,"2023-03-01 19:30:56","Patent","","","https://scholar.google.com/citations?view_op=view_citation&hl=en&user=ZuGZFJMAAAAJ&cstart=100&pagesize=100&citation_for_view=ZuGZFJMAAAAJ:uWQEDVKXjbEC",,,,,7,1.17,1,7,6,"","",""
6,"LE Mundt, F Zhang, AF Palmstrom, J Xu, R Tirawat, LL Kelly, KH Stone, ...","Mixing matters: nanoscale heterogeneity and stability in metal halide perovskite solar cells",2021,"ACS Energy Letters","","","https://scholar.google.com/scholar?oi=bibs&hl=en&cites=17193100802081665250",170,"2023-03-01 19:30:56","Journal article","","","https://scholar.google.com/citations?view_op=view_citation&hl=en&user=ZuGZFJMAAAAJ&cstart=100&pagesize=100&citation_for_view=ZuGZFJMAAAAJ:6yz0xqPARnAC",7,1,471,480,6,3.00,1,8,2,"","",""
6,"JA Aguiar, NR Alkurd, S Wozny, MK Patel, M Yang, W Zhou, M Al-Jassim, ...","In situ investigation of halide incorporation into perovskite solar cells",2017,"MRS Communications","","","https://scholar.google.com/scholar?oi=bibs&hl=en&cites=8762236289375950671",171,"2023-03-01 19:30:56","Journal article","","","https://scholar.google.com/citations?view_op=view_citation&hl=en&user=ZuGZFJMAAAAJ&cstart=100&pagesize=100&citation_for_view=ZuGZFJMAAAAJ:Fu2w8maKXqMC",7,3,575,582,6,1.00,1,8,6,"","",""
6,"KX Steirer, JJ Berry, JP Chesin, MT Lloyd, NE Widjonarko, A Miedaner, ...","Solution processed metal oxide thin film hole transport layers for high performance organic solar cells",2012,"US Patent App. 13/301,389","","","https://scholar.google.com/scholar?oi=bibs&hl=en&cites=4943401751855184710",172,"2023-03-01 19:30:56","Patent","","","https://scholar.google.com/citations?view_op=view_citation&hl=en&user=ZuGZFJMAAAAJ&cstart=100&pagesize=100&citation_for_view=ZuGZFJMAAAAJ:R3hNpaxXUhUC",,,,,6,0.55,1,7,11,"","",""
6,"R Osgood III, S Giardini, J Carlson, GE Fernandes, JH Kim, J Xu, M Chin, ...","Diode-coupled Ag nanoantennas for nanorectenna energy conversion",2011,"Plasmonics: Metallic Nanostructures and Their Optical Properties IX","","","https://scholar.google.com/scholar?oi=bibs&hl=en&cites=17517591137643715950",173,"2023-03-01 19:30:56","Journal article","","","https://scholar.google.com/citations?view_op=view_citation&hl=en&user=ZuGZFJMAAAAJ&cstart=100&pagesize=100&citation_for_view=ZuGZFJMAAAAJ:aqlVkmm33-oC",8096,,69,85,6,0.50,1,8,12,"","",""
6,"A Zakutayev, JD Perkins, PA Parilla, NE Widjonarko, AK Sigdel, JJ Berry, ...","MRS Commun. 1, 23 (2011)",2011,"","","","https://scholar.google.com/scholar?oi=bibs&hl=en&cites=17809092329083955026",174,"2023-03-01 19:30:56","","","","https://scholar.google.com/citations?view_op=view_citation&hl=en&user=ZuGZFJMAAAAJ&cstart=100&pagesize=100&citation_for_view=ZuGZFJMAAAAJ:xtoqd-5pKcoC",,,,,6,0.50,1,7,12,"","",""
6,"SH Chun, JJ Berry, KC Ku, N Samarth, I Malajovich, DD Awschalom","Growth and characterization of MnAs/ZnSe ferromagnet/semiconductor hybrid heterostructures",2001,"Journal of Vacuum Science &Technology B: Microelectronics and Nanometer …","","","https://scholar.google.com/scholar?oi=bibs&hl=en&cites=6720609502894601916",175,"2023-03-01 19:30:56","Journal article","","","https://scholar.google.com/citations?view_op=view_citation&hl=en&user=ZuGZFJMAAAAJ&cstart=100&pagesize=100&citation_for_view=ZuGZFJMAAAAJ:kNdYIx-mwKoC",,,,,6,0.27,1,6,22,"","",""
6,"CW Gorrie, AK Sigdel, JJ Berry, BJ Reese","MF a. M. van Hest, PH Holloway, DS Ginley, and JD Perkins. 2010. Effect of Deposition Distance and Temperature on Electrical, Optical and Structural Properties of …",,"Thin Solid Films 519 (1), 190-196,","","","https://scholar.google.com/scholar?oi=bibs&hl=en&cites=10600958313715006968",176,"2023-03-01 19:30:56","","","","https://scholar.google.com/citations?view_op=view_citation&hl=en&user=ZuGZFJMAAAAJ&cstart=100&pagesize=100&citation_for_view=ZuGZFJMAAAAJ:HbR8gkJAVGIC",,,,,6,0.00,2,4,,"","",""
5,"Z Xu, RA Kerner, JJ Berry, BP Rand","Iodine Electrochemistry Dictates Voltage‐Induced Halide Segregation Thresholds in Mixed‐Halide Perovskite Devices",2022,"Advanced Functional Materials","","","https://scholar.google.com/scholar?oi=bibs&hl=en&cites=1170205671204496272",177,"2023-03-01 19:30:56","Journal article","","","https://scholar.google.com/citations?view_op=view_citation&hl=en&user=ZuGZFJMAAAAJ&cstart=100&pagesize=100&citation_for_view=ZuGZFJMAAAAJ:BzfGm06jWhQC",32,33,2203432,2203432,5,5.00,1,4,1,"","",""
5,"RM Osgood III, S Giardini, J Carlson, P Periasamy, H Guthrey, R O'Hayre, ...","Conduction and rectification in NbOx- and NiO-based metal-insulator-metal diodes",2016,"Journal of Vacuum Science &Technology A: Vacuum, Surfaces, and Films 34 (5 …","","","https://scholar.google.com/scholar?oi=bibs&hl=en&cites=8088521815699753870",178,"2023-03-01 19:30:56","Journal article","","","https://scholar.google.com/citations?view_op=view_citation&hl=en&user=ZuGZFJMAAAAJ&cstart=100&pagesize=100&citation_for_view=ZuGZFJMAAAAJ:HE397vMXCloC",,,,,5,0.71,1,7,7,"","",""
5,"PA Hersh, M van Hest, V Bollinger, JJ Berry, DS Ginley, BJ Stanbery","Using amorphous Zinc-Tin Oxide alloys in the emitter structure of CIGS PV devices",2012,"2012 38th IEEE Photovoltaic Specialists Conference","","","https://scholar.google.com/scholar?oi=bibs&hl=en&cites=11999047340448776470",179,"2023-03-01 19:30:56","Conference paper","","","https://scholar.google.com/citations?view_op=view_citation&hl=en&user=ZuGZFJMAAAAJ&cstart=100&pagesize=100&citation_for_view=ZuGZFJMAAAAJ:GnPB-g6toBAC",,,1673,1676,5,0.45,1,6,11,"","",""
4,"M Holland, A Ruth, K Mielczarek, VV Dhas, JJ Berry, MD Irwin","Metal halide perovskites demonstrate radiation hardness and defect healing in vacuum",2022,"ACS Applied Materials &Interfaces","","","https://scholar.google.com/scholar?oi=bibs&hl=en&cites=10282424222771930219",180,"2023-03-01 19:30:56","Journal article","","","https://scholar.google.com/citations?view_op=view_citation&hl=en&user=ZuGZFJMAAAAJ&cstart=100&pagesize=100&citation_for_view=ZuGZFJMAAAAJ:jL-93Qbq4QoC",14,7,9352,9362,4,4.00,1,6,1,"","",""
4,"S Jariwala, S Burke, S Dunfield, C Shallcross, M Taddei, J Wang, ...","Approaching the limits of optoelectronic performance in mixed cation mixed halide perovskites by controlling surface recombination",2020,"arXiv preprint arXiv:2006.","","","https://scholar.google.com/scholar?oi=bibs&hl=en&cites=16510649313449902211",181,"2023-03-01 19:30:56","Preprint","","","https://scholar.google.com/citations?view_op=view_citation&hl=en&user=ZuGZFJMAAAAJ&cstart=100&pagesize=100&citation_for_view=ZuGZFJMAAAAJ:sNmaIFBj_lkC",4025,,,,4,1.33,1,7,3,"","",""
4,"K Zhu, KIM Donghoe, JJ Berry, J Park","Oriented perovskite crystals and methods of making the same",2020,"US Patent 10,611,783","","","https://scholar.google.com/scholar?oi=bibs&hl=en&cites=14213090730025538406",182,"2023-03-01 19:30:56","Patent","","","https://scholar.google.com/citations?view_op=view_citation&hl=en&user=ZuGZFJMAAAAJ&cstart=100&pagesize=100&citation_for_view=ZuGZFJMAAAAJ:-_dYPAW6P2MC",,,,,4,1.33,1,4,3,"","",""
4,"JC Ford, A Zakutayev, PF Ndione, AK Sigdel, NE Widjonarko, PA Parilla, ...","Opto-electronic properties of Co-Zn-Ni-O films deposited by RF-sputtering at ambient-temperature",2019,"Journal of Alloys and Compounds","","","https://scholar.google.com/scholar?oi=bibs&hl=en&cites=11416408315556062552",183,"2023-03-01 19:30:56","Journal article","","","https://scholar.google.com/citations?view_op=view_citation&hl=en&user=ZuGZFJMAAAAJ&cstart=100&pagesize=100&citation_for_view=ZuGZFJMAAAAJ:kz9GbA2Ns4gC",801,,409,414,4,1.00,1,7,4,"","",""
4,"A Dameron, S Christensen, M Galante, J Berry, D Gillaspie, J Perkins, ...","Conductive conformal thin film coatings for textured PV: ALD versus sputtering",2011,"Thin Film Solar Technology III","","","https://scholar.google.com/scholar?oi=bibs&hl=en&cites=2471166527616257308",184,"2023-03-01 19:30:56","Journal article","","","https://scholar.google.com/citations?view_op=view_citation&hl=en&user=ZuGZFJMAAAAJ&cstart=100&pagesize=100&citation_for_view=ZuGZFJMAAAAJ:9ZlFYXVOiuMC",8110,,87,92,4,0.33,1,7,12,"","",""
4,"MT Lloyd, A Garcia, JJ Berry, MO Reese, DS Ginley, DC Olson","Overcoming degradation in organic photovoltaics: Illuminating the role of fullerene functionalization",2011,"2011 37th IEEE Photovoltaic Specialists Conference","","","https://scholar.google.com/scholar?oi=bibs&hl=en&cites=13860843011996221016",185,"2023-03-01 19:30:56","Conference paper","","","https://scholar.google.com/citations?view_op=view_citation&hl=en&user=ZuGZFJMAAAAJ&cstart=100&pagesize=100&citation_for_view=ZuGZFJMAAAAJ:7PzlFSSx8tAC",,,3679,3682,4,0.33,1,6,12,"","",""
4,"R Pasquarelli, M van Hest, A Miedaner, C Curtis, J Perkins, J Berry, ...","Solution deposition of amorphous IZO films by ultrasonic spray pyrolysis",2009,"2009 34th IEEE Photovoltaic Specialists Conference (PVSC)","","","https://scholar.google.com/scholar?oi=bibs&hl=en&cites=17662944143175906308",187,"2023-03-01 19:30:56","Conference paper","","","https://scholar.google.com/citations?view_op=view_citation&hl=en&user=ZuGZFJMAAAAJ&cstart=100&pagesize=100&citation_for_view=ZuGZFJMAAAAJ:ZHo1McVdvXMC",,,309,311,4,0.29,1,7,14,"","",""
4,"CW Gorrie, M Reese, JD Perkins, JL Alleman, MS Dabney, B To, ...","33rd IEEE Photovoltaic Specialists Conference",2008,"San Diego, CA, USA","","","https://scholar.google.com/scholar?oi=bibs&hl=en&cites=1789262675041339332",188,"2023-03-01 19:30:56","Book chapter","","","https://scholar.google.com/citations?view_op=view_citation&hl=en&user=ZuGZFJMAAAAJ&cstart=100&pagesize=100&citation_for_view=ZuGZFJMAAAAJ:PoWvk5oyLR8C",,,11,16,4,0.27,1,7,15,"","",""
3,"K Zhu, JJ Berry, MFAM Van Hest, JM Luther, AP Schulz, AA Dameron","Heterojunction perovskite photovoltaic devices and methods of making the same",2020,"US Patent 10,734,165","","","https://scholar.google.com/scholar?oi=bibs&hl=en&cites=8233894607486665993",189,"2023-03-01 19:30:56","Patent","","","https://scholar.google.com/citations?view_op=view_citation&hl=en&user=ZuGZFJMAAAAJ&cstart=100&pagesize=100&citation_for_view=ZuGZFJMAAAAJ:uc_IGeMz5qoC",,,,,3,1.00,1,6,3,"","",""
3,"LJ Simpson, A Dameron, S Christensen, T Gennett, M Reese, J Berry, ...","Novel transparent conducting barriers for photovoltaics",2010,"2010 35th IEEE Photovoltaic Specialists Conference","","","https://scholar.google.com/scholar?oi=bibs&hl=en&cites=2401721520799201914",190,"2023-03-01 19:30:56","Conference paper","","","https://scholar.google.com/citations?view_op=view_citation&hl=en&user=ZuGZFJMAAAAJ&cstart=100&pagesize=100&citation_for_view=ZuGZFJMAAAAJ:mVmsd5A6BfQC",,,1052,1056,3,0.23,0,7,13,"","",""
3,"DW Matson, CC Bonham, JS Swensen, L Wang, A Padmaperuma, ...","Development of large area transparent conducting oxides from a combinatorial lead for organic solid state lighting",2009,"Organic Light Emitting Materials and Devices XIII","","","https://scholar.google.com/scholar?oi=bibs&hl=en&cites=11627409670485363548",191,"2023-03-01 19:30:56","Journal article","","","https://scholar.google.com/citations?view_op=view_citation&hl=en&user=ZuGZFJMAAAAJ&cstart=100&pagesize=100&citation_for_view=ZuGZFJMAAAAJ:abG-DnoFyZgC",7415,,177,187,3,0.21,1,6,14,"","",""
3,"JJ Berry, MS White, NE Widjonako, BA Bailey, AK Sigdel, CW Gorrie, ...","Mixed metal oxide systems for organic photovoltaics",2009,"2009 34th IEEE Photovoltaic Specialists Conference (PVSC)","","","https://scholar.google.com/scholar?oi=bibs&hl=en&cites=431337993879596557",192,"2023-03-01 19:30:56","Conference paper","","","https://scholar.google.com/citations?view_op=view_citation&hl=en&user=ZuGZFJMAAAAJ&cstart=100&pagesize=100&citation_for_view=ZuGZFJMAAAAJ:4DMP91E08xMC",,,1448,1451,3,0.21,0,7,14,"","",""
2,"S Berweger, F Zhang, BW Larson, AJ Ferguson, AF Palmstrom, OG Reid, ...","Nanoscale photoexcited carrier dynamics in perovskites",2022,"The Journal of Physical Chemistry Letters","","","https://scholar.google.com/scholar?oi=bibs&hl=en&cites=3022358257467546849",193,"2023-03-01 19:30:56","Journal article","","","https://scholar.google.com/citations?view_op=view_citation&hl=en&user=ZuGZFJMAAAAJ&cstart=100&pagesize=100&citation_for_view=ZuGZFJMAAAAJ:CaZNVDsoPx4C",13,10,2388,2395,2,2.00,0,7,1,"","",""
2,"M Kodur, Z Dorfman, RA Kerner, JH Skaggs, T Kim, SP Dunfield, ...","Electrochemical screening of contact layers for metal halide perovskites",2022,"ACS Energy Letters","","","https://scholar.google.com/scholar?oi=bibs&hl=en&cites=10477154585073173420",194,"2023-03-01 19:30:56","Journal article","","","https://scholar.google.com/citations?view_op=view_citation&hl=en&user=ZuGZFJMAAAAJ&cstart=100&pagesize=100&citation_for_view=ZuGZFJMAAAAJ:4X0JR2_MtJMC",7,2,683,689,2,2.00,0,7,1,"","",""
2,"EL Warren, A Anctil, S Ayala, JJ Berry, L McMillon-Brown, AN Fioretti, ...","The value of diversity in the renewable energy industry and research community",2020,"2020 47th IEEE Photovoltaic Specialists Conference (PVSC)","","","https://scholar.google.com/scholar?oi=bibs&hl=en&cites=3321549519929073086",195,"2023-03-01 19:30:56","Conference paper","","","https://scholar.google.com/citations?view_op=view_citation&hl=en&user=ZuGZFJMAAAAJ&cstart=100&pagesize=100&citation_for_view=ZuGZFJMAAAAJ:OcBU2YAGkTUC",,,652,654,2,0.67,0,7,3,"","",""
2,"MT Lloyd, D Olson, A Garcia, I Kauvar, N Kopidakis, M Reese, J Berry, ...","Understanding degradation pathways in organic photovoltaics",2011,"2011 Photovoltaic Modules Workshop","","","https://scholar.google.com/scholar?oi=bibs&hl=en&cites=9362700580660431890",196,"2023-03-01 19:30:56","Conference paper","","","https://scholar.google.com/citations?view_op=view_citation&hl=en&user=ZuGZFJMAAAAJ&cstart=100&pagesize=100&citation_for_view=ZuGZFJMAAAAJ:XiSMed-E-HIC",,,16,17,2,0.17,0,8,12,"","",""
2,"C Suh, K Kim, JJ Berry, J Lee, WB Jones","Data mining-aided crystal engineering for the design of transparent conducting oxides",2011,"MRS Online Proceedings Library (OPL) 1315, mrsf10-1315-mm","","","https://scholar.google.com/scholar?oi=bibs&hl=en&cites=8144998434549430167",197,"2023-03-01 19:30:56","Conference paper","","","https://scholar.google.com/citations?view_op=view_citation&hl=en&user=ZuGZFJMAAAAJ&cstart=100&pagesize=100&citation_for_view=ZuGZFJMAAAAJ:ns9cj8rnVeAC",,,2,7,2,0.17,0,5,12,"","",""
2,"KX Steirer, NE Widjonarko, AK Sigdel, MT Lloyd, DS Ginley, DC Olson, ...","Optimization of organic photovoltaic devices using tuned mixed metal oxide contact layers",2010,"2010 35th IEEE Photovoltaic Specialists Conference","","","https://scholar.google.com/scholar?oi=bibs&hl=en&cites=17401235095252816987",198,"2023-03-01 19:30:56","Conference paper","","","https://scholar.google.com/citations?view_op=view_citation&hl=en&user=ZuGZFJMAAAAJ&cstart=100&pagesize=100&citation_for_view=ZuGZFJMAAAAJ:qxL8FJ1GzNcC",,,102,104,2,0.15,0,7,13,"","",""
2,"J Perkins, J Berry, M van Hest, J Alleman, M Dabney, L Gedvilas, ...","Optimization of conductivity and transparency in amorphous In-ZN-O transparent conductors",2008,"2008 33rd IEEE Photovoltaic Specialists Conference","","","https://scholar.google.com/scholar?oi=bibs&hl=en&cites=9401549989887186448",201,"2023-03-01 19:30:56","Conference paper","","","https://scholar.google.com/citations?view_op=view_citation&hl=en&user=ZuGZFJMAAAAJ&cstart=200&pagesize=100&citation_for_view=ZuGZFJMAAAAJ:hFOr9nPyWt4C",,,1,2,2,0.13,0,7,15,"","",""
2,"CW Gorrie, M Reese, JD Perkins, MFAM van Hest, JL Alleman, ...","Transparent conducting contacts based on zinc oxide substitutionally doped with gallium",2008,"2008 33rd IEEE Photovoltaic Specialists Conference","","","https://scholar.google.com/scholar?oi=bibs&hl=en&cites=10512707673929297547",202,"2023-03-01 19:30:56","Conference paper","","","https://scholar.google.com/citations?view_op=view_citation&hl=en&user=ZuGZFJMAAAAJ&cstart=200&pagesize=100&citation_for_view=ZuGZFJMAAAAJ:4TOpqqG69KYC",,,1,3,2,0.13,0,6,15,"","",""
1,"Q Jiang, J Tong, RA Scheidt, X Wang, AE Louks, Y Xian, R Tirawat, ...","Compositional texture engineering for highly stable wide-bandgap perovskite solar cells",2022,"Science","","","https://scholar.google.com/scholar?oi=bibs&hl=en&cites=4900605586892325847",203,"2023-03-01 19:30:56","Journal article","","","https://scholar.google.com/citations?view_op=view_citation&hl=en&user=ZuGZFJMAAAAJ&cstart=200&pagesize=100&citation_for_view=ZuGZFJMAAAAJ:FiytvqdAVhgC",378,6626,1295,1300,1,1.00,0,8,1,"","",""
1,"BA Rosales, K Schutt, JJ Berry, LM Wheeler","Leveraging Low-Energy Structural Thermodynamics in Halide Perovskites",2022,"arXiv preprint arXiv:2209.","","","https://scholar.google.com/scholar?oi=bibs&hl=en&cites=10011884265186037777",204,"2023-03-01 19:30:56","Preprint","","","https://scholar.google.com/citations?view_op=view_citation&hl=en&user=ZuGZFJMAAAAJ&cstart=200&pagesize=100&citation_for_view=ZuGZFJMAAAAJ:7Hz3ACDFbsoC",13655,,,,1,1.00,0,4,1,"","",""
1,"RA Kerner, ED Christensen, SP Harvey, J Messinger, SN Habisreutinger, ...","Analytical Evaluation of Lead Iodide Precursor Impurities Affecting Halide Perovskite Device Performance",2022,"ACS Applied Energy Materials","","","https://scholar.google.com/scholar?oi=bibs&hl=en&cites=5649179477342997753",205,"2023-03-01 19:30:56","","","","https://scholar.google.com/citations?view_op=view_citation&hl=en&user=ZuGZFJMAAAAJ&cstart=200&pagesize=100&citation_for_view=ZuGZFJMAAAAJ:cK4Rrx0J3m0C",,,,,1,1.00,0,6,1,"","",""
1,"D Regaldo, A Bojar, SP Dunfield, P Lopez‐Varo, M Frégnaux, V Dufoulon, ...","On the equilibrium electrostatic potential and light‐induced charge redistribution in halide perovskite structures",2022,"Progress in Photovoltaics: Research and Applications","","","https://scholar.google.com/scholar?oi=bibs&hl=en&cites=11921096423126657761",206,"2023-03-01 19:30:56","Journal article","","","https://scholar.google.com/citations?view_op=view_citation&hl=en&user=ZuGZFJMAAAAJ&cstart=200&pagesize=100&citation_for_view=ZuGZFJMAAAAJ:vDZJ-YLwNdEC",30,8,994,1002,1,1.00,0,7,1,"","",""
1,"MFAM Van Hest, JJ Berry, SP Dunfield","Perovskite-containing devices and methods of making the same",2021,"US Patent 11,145,466","","","https://scholar.google.com/scholar?oi=bibs&hl=en&cites=8520587241382658502",207,"2023-03-01 19:30:56","Patent","","","https://scholar.google.com/citations?view_op=view_citation&hl=en&user=ZuGZFJMAAAAJ&cstart=200&pagesize=100&citation_for_view=ZuGZFJMAAAAJ:Ug5p-4gJ2f0C",,,,,1,0.50,0,3,2,"","",""
1,"LT Schelhas, JJ Berry","Getting their days in the sun",2021,"Nature Energy","","","https://scholar.google.com/scholar?oi=bibs&hl=en&cites=4369529337472894023",208,"2023-03-01 19:30:56","Journal article","","","https://scholar.google.com/citations?view_op=view_citation&hl=en&user=ZuGZFJMAAAAJ&cstart=200&pagesize=100&citation_for_view=ZuGZFJMAAAAJ:3htObqc8RwsC",6,1,15,16,1,0.50,1,2,2,"","",""
1,"AH Alfaifi, SP Dunfield, AE Hasse, BW Larson, MO Reese, J Berry, ...","Investigating the effect of lamination on FAMACs: toward a new phase space of perovskite solar cell fabrication",2019,"Organic, Hybrid, and Perovskite Photovoltaics XX","","","https://scholar.google.com/scholar?oi=bibs&hl=en&cites=1701772022158735262",209,"2023-03-01 19:30:56","Journal article","","","https://scholar.google.com/citations?view_op=view_citation&hl=en&user=ZuGZFJMAAAAJ&cstart=200&pagesize=100&citation_for_view=ZuGZFJMAAAAJ:86PQX7AUzd4C",11094,,22,28,1,0.25,0,7,4,"","",""
1,"SP Harvey, F Zhang, A Palmstrom, K Zhu, JM Luther, J Berry","Understanding measurement artifacts causing inherent cation gradients in depth profiles of perovskite photovoltaics with TOF-SIMS",2019,"2019 IEEE 46th Photovoltaic Specialists Conference (PVSC)","","","https://scholar.google.com/scholar?oi=bibs&hl=en&cites=6562029017563984068",210,"2023-03-01 19:30:56","Conference paper","","","https://scholar.google.com/citations?view_op=view_citation&hl=en&user=ZuGZFJMAAAAJ&cstart=200&pagesize=100&citation_for_view=ZuGZFJMAAAAJ:4fGpz3EwCPoC",,,1487,1490,1,0.25,0,6,4,"","",""
1,"R Prasanna, T Leijtens, SP Dunfield, JA Raiford, EJ Wolf, SA Swifter, ...","Stability of Tin-Lead Halide Perovskite Solar Cells",2019,"2019 IEEE 46th Photovoltaic Specialists Conference (PVSC)","","","https://scholar.google.com/scholar?oi=bibs&hl=en&cites=16192598188021652176",211,"2023-03-01 19:30:56","Conference paper","","","https://scholar.google.com/citations?view_op=view_citation&hl=en&user=ZuGZFJMAAAAJ&cstart=200&pagesize=100&citation_for_view=ZuGZFJMAAAAJ:Ri6SYOTghG4C",,,2359,2361,1,0.25,0,7,4,"","",""
1,"CS Jiang, M Yang, Y Zhou, B To, S Nanayakkara, J Luther, W Zhou, ...","Real-space distributions of electrical potential in planar and porous perovskite solar cells: Carrier separation and transport",2015,"2015 IEEE 42nd Photovoltaic Specialist Conference (PVSC)","","","https://scholar.google.com/scholar?oi=bibs&hl=en&cites=16955891515091762200",212,"2023-03-01 19:30:56","Conference paper","","","https://scholar.google.com/citations?view_op=view_citation&hl=en&user=ZuGZFJMAAAAJ&cstart=200&pagesize=100&citation_for_view=ZuGZFJMAAAAJ:fQNAKQ3IYiAC",,,1,5,1,0.13,0,8,8,"","",""
1,"RW Crisp, MG Panthani, JJ Berry, WL Rance, JN Duenow, DV Talapin, ...","Nanoscale engineering of solution-processed CdTe solar cells using nanocrystalline precursors",2014,"2014 IEEE 40th Photovoltaic Specialist Conference (PVSC)","","","https://scholar.google.com/scholar?oi=bibs&hl=en&cites=2822758045628823919",213,"2023-03-01 19:30:56","Conference paper","","","https://scholar.google.com/citations?view_op=view_citation&hl=en&user=ZuGZFJMAAAAJ&cstart=200&pagesize=100&citation_for_view=ZuGZFJMAAAAJ:UxriW0iASnsC",,,3438,3441,1,0.11,0,7,9,"","",""
1,"RM Osgood III, SA Giardini, JB Carlson, C Gear, K Diest, M Rothschild, ...","Plasmonic Ag nanostructures on thin substrates for enhanced energy harvesting",2013,"Plasmonics: Metallic Nanostructures and Their Optical Properties XI 8809 …","","","https://scholar.google.com/scholar?oi=bibs&hl=en&cites=1439267707329284831",214,"2023-03-01 19:30:56","","","","https://scholar.google.com/citations?view_op=view_citation&hl=en&user=ZuGZFJMAAAAJ&cstart=200&pagesize=100&citation_for_view=ZuGZFJMAAAAJ:_xSYboBqXhAC",,,,,1,0.10,0,7,10,"","",""
1,"DS Ginley, J Perkins, J Berry, T Gennett","Conformal coating of highly structured surfaces",2012,"US Patent 8,329,502","","","https://scholar.google.com/scholar?oi=bibs&hl=en&cites=15159124734844048172",215,"2023-03-01 19:30:56","Patent","","","https://scholar.google.com/citations?view_op=view_citation&hl=en&user=ZuGZFJMAAAAJ&cstart=200&pagesize=100&citation_for_view=ZuGZFJMAAAAJ:4JMBOYKVnBMC",,,,,1,0.09,0,4,11,"","",""
1,"JE Leisch, MC Gallante, JJ Berry, T Gennett, JD Perkins, DS Ginley","Advanced superimposed sputtering of amorphous Indium Zinc Oxide transparent conductors for Energy applications",2010,"2010 35th IEEE Photovoltaic Specialists Conference","","","https://scholar.google.com/scholar?oi=bibs&hl=en&cites=12571870141970681175",216,"2023-03-01 19:30:56","Conference paper","","","https://scholar.google.com/citations?view_op=view_citation&hl=en&user=ZuGZFJMAAAAJ&cstart=200&pagesize=100&citation_for_view=ZuGZFJMAAAAJ:NaGl4SEjCO4C",,,2457,2458,1,0.08,0,6,13,"","",""
1,"B Bailey, NE Widjonarko, JJ Berry, SE Shaheen, DS Ginley, DC Olson","Nickel Oxide as an Inorganic Hole Transport Layer in Organic Photovoltaics",2009,"APS Four Corners Section Meeting Abstracts, D1.","","","https://scholar.google.com/scholar?oi=bibs&hl=en&cites=9008272017204713234",217,"2023-03-01 19:30:56","Abstract","","","https://scholar.google.com/citations?view_op=view_citation&hl=en&user=ZuGZFJMAAAAJ&cstart=200&pagesize=100&citation_for_view=ZuGZFJMAAAAJ:k_IJM867U9cC",50,,,,1,0.07,0,6,14,"","",""
1,"Y Zhou, R Pasquarelli, J Berry, D Ginley, R O’Hayre","Improving PEM Fuel Cell Catalysts Using Nitrogen-Doped Carbon Supports",2008,"International Conference on Fuel Cell Science, Engineering and Technology …","","","https://scholar.google.com/scholar?oi=bibs&hl=en&cites=5359844920999560342",218,"2023-03-01 19:30:56","Conference paper","","","https://scholar.google.com/citations?view_op=view_citation&hl=en&user=ZuGZFJMAAAAJ&cstart=200&pagesize=100&citation_for_view=ZuGZFJMAAAAJ:Dip1O2bNi0gC",,,,,1,0.07,0,5,15,"","",""
1,"JJ Berry","Magnetism, semiconductors and spins: hybrid ferromagnetic semiconductor and semiconductor spintronic systems",2001,"The Pennsylvania State University","","","https://scholar.google.com/scholar?oi=bibs&hl=en&cites=6660284047907508955",219,"2023-03-01 19:30:56","","","","https://scholar.google.com/citations?view_op=view_citation&hl=en&user=ZuGZFJMAAAAJ&cstart=200&pagesize=100&citation_for_view=ZuGZFJMAAAAJ:r0BpntZqJG4C",,,,,1,0.05,1,1,22,"","",""
0,"M Gliboff, L Sang, KM Knesting, MC Schalnat, A Mudalige, EL Ratcliff, ...","Orientation of phenylphosphonic acid self-assembled monolayers on a transparent conductive oxide: a combined NEXAFS, PM-IRRAS, and DFT study",2013,"Langmuir","","","https://scholar.google.com/scholar?oi=bibs&hl=en&cites=15005710567947726418",72,"2023-03-01 19:30:56","Journal article","","","https://scholar.google.com/citations?view_op=view_citation&hl=en&user=ZuGZFJMAAAAJ&pagesize=100&citation_for_view=ZuGZFJMAAAAJ:dhFuZR0502QC",29,7,2166,2174,0,0.00,0,7,10,"","",""
0,"R Pasquarelli, M van Hest, A Miedaner, C Curtis, J Perkins, J Berry, ...","Solution deposition of amorphous IZO films by ultrasonic spray pyrolysis",2009,"2009 34th IEEE Photovoltaic Specialists Conference (PVSC)","","","https://scholar.google.com/scholar?oi=bibs&hl=en&cites=17662944143175906308",186,"2023-03-01 19:30:56","Conference paper","","","https://scholar.google.com/citations?view_op=view_citation&hl=en&user=ZuGZFJMAAAAJ&cstart=100&pagesize=100&citation_for_view=ZuGZFJMAAAAJ:rO6llkc54NcC",,,309,311,0,0.00,0,7,14,"","",""
0,"CW Gorrie, M Reese, JD Perkins, MFAM van Hest, JL Alleman, ...","Transparent conducting contacts based on zinc oxide substitutionally doped with gallium",2008,"2008 33rd IEEE Photovoltaic Specialists Conference","","","https://scholar.google.com/scholar?oi=bibs&hl=en&cites=10512707673929297547",199,"2023-03-01 19:30:56","Conference paper","","","https://scholar.google.com/citations?view_op=view_citation&hl=en&user=ZuGZFJMAAAAJ&cstart=100&pagesize=100&citation_for_view=ZuGZFJMAAAAJ:ldfaerwXgEUC",,,1,3,0,0.00,0,6,15,"","",""
0,"J Perkins, J Berry, M van Hest, J Alleman, M Dabney, L Gedvilas, ...","Optimization of conductivity and transparency in amorphous In-ZN-O transparent conductors",2008,"2008 33rd IEEE Photovoltaic Specialists Conference","","","https://scholar.google.com/scholar?oi=bibs&hl=en&cites=9401549989887186448",200,"2023-03-01 19:30:56","Conference paper","","","https://scholar.google.com/citations?view_op=view_citation&hl=en&user=ZuGZFJMAAAAJ&cstart=100&pagesize=100&citation_for_view=ZuGZFJMAAAAJ:maZDTaKrznsC",,,1,2,0,0.00,0,7,15,"","",""
0,"K Zhu, KIM Donghoe, JJ Berry, J Park","Oriented perovskite crystals and methods of making the same",2022,"US Patent 11,535,639","","","https://scholar.google.com",220,"2023-03-01 19:30:56","Patent","","","https://scholar.google.com/citations?view_op=view_citation&hl=en&user=ZuGZFJMAAAAJ&cstart=200&pagesize=100&citation_for_view=ZuGZFJMAAAAJ:IUKN3-7HHlwC",,,,,0,0.00,0,4,1,"","",""
0,"Z Xu, RA Kerner, SP Harvey, K Zhu, JJ Berry, BP Rand","Halogen Redox Shuttle Explains Voltage-Induced Halide Redistribution in Mixed-Halide Perovskite Devices",2022,"ACS Energy Letters","","","https://scholar.google.com",221,"2023-03-01 19:30:56","Journal article","","","https://scholar.google.com/citations?view_op=view_citation&hl=en&user=ZuGZFJMAAAAJ&cstart=200&pagesize=100&citation_for_view=ZuGZFJMAAAAJ:IaI1MmNe2tcC",8,,513,520,0,0.00,0,6,1,"","",""
0,"DP McMeekin, P Holzhey, SO Fürer, SP Harvey, LT Schelhas, JM Ball, ...","Intermediate-phase engineering via dimethylammonium cation additive for stable perovskite solar cells",2022,"Nature Materials","","","https://scholar.google.com",222,"2023-03-01 19:30:56","Book chapter","","","https://scholar.google.com/citations?view_op=view_citation&hl=en&user=ZuGZFJMAAAAJ&cstart=200&pagesize=100&citation_for_view=ZuGZFJMAAAAJ:j7_hQOaDUrUC",,,1,11,0,0.00,0,7,1,"","",""
0,"RA Kerner, K Schutt, K Zhu, JJ Berry","PbI2 Reagent Impurities Catalyze Mixed-Cation Halide Perovskite Ink Degradation",2022,"ACS Energy Letters","","","https://scholar.google.com",223,"2023-03-01 19:30:56","Journal article","","","https://scholar.google.com/citations?view_op=view_citation&hl=en&user=ZuGZFJMAAAAJ&cstart=200&pagesize=100&citation_for_view=ZuGZFJMAAAAJ:MpfHP-DdYjUC",7,12,4333,4335,0,0.00,0,4,1,"","",""
0,"AF Palmstrom, T Leijtens, JJ Berry, DT Moore","Optoelectronic devices and methods of making the same",2022,"US Patent 11,462,688","","","https://scholar.google.com",224,"2023-03-01 19:30:56","Patent","","","https://scholar.google.com/citations?view_op=view_citation&hl=en&user=ZuGZFJMAAAAJ&cstart=200&pagesize=100&citation_for_view=ZuGZFJMAAAAJ:HtEfBTGE9r8C",,,,,0,0.00,0,4,1,"","",""
0,"MC Beard, LU Haipeng, Z Yaxin, YH Kim, JJ Berry, JM Luther","Chiral induced spin selectivity enabling a room temperature spin polarized light emitting diode",2022,"US Patent App. 17/650,582","","","https://scholar.google.com",225,"2023-03-01 19:30:56","Patent","","","https://scholar.google.com/citations?view_op=view_citation&hl=en&user=ZuGZFJMAAAAJ&cstart=200&pagesize=100&citation_for_view=ZuGZFJMAAAAJ:v1_lew4L6wgC",,,,,0,0.00,0,6,1,"","",""
0,"EA Gaulding, AE Louks, M Yang, R Tirawat, MJ Wilson, LK Shaw, ...","Package Development for Reliability Testing of Perovskites",2022,"ACS Energy Letters","","","https://scholar.google.com",226,"2023-03-01 19:30:56","Journal article","","","https://scholar.google.com/citations?view_op=view_citation&hl=en&user=ZuGZFJMAAAAJ&cstart=200&pagesize=100&citation_for_view=ZuGZFJMAAAAJ:U4n9YNQMCAIC",7,8,2641,2645,0,0.00,0,7,1,"","",""
0,"M Owen-Bellini, TJ Silverman, MG Deceglie, P Ndione, N Kopidakis, ...","Towards Standardization of Accelerated Stress Testing Protocols for Metal-Halide Perovskite Photovoltaic Modules",2022,"2022 IEEE 49th Photovoltaics Specialists Conference (PVSC)","","","https://scholar.google.com",227,"2023-03-01 19:30:56","Conference paper","","","https://scholar.google.com/citations?view_op=view_citation&hl=en&user=ZuGZFJMAAAAJ&cstart=200&pagesize=100&citation_for_view=ZuGZFJMAAAAJ:nRpfm8aw39MC",806,,,,0,0.00,0,6,1,"","",""
0,"SA Johnson, MD McGehee, JJ Berry, AF Palmstrom","Vapor Treatment for Growth of High-Quality Oxide Barriers within PIN Perovskite Solar Cells and Tandems",2022,"2022 IEEE 49th Photovoltaics Specialists Conference (PVSC)","","","https://scholar.google.com",228,"2023-03-01 19:30:56","Conference paper","","","https://scholar.google.com/citations?view_op=view_citation&hl=en&user=ZuGZFJMAAAAJ&cstart=200&pagesize=100&citation_for_view=ZuGZFJMAAAAJ:PaBasH6fAo0C",1043,,,,0,0.00,0,4,1,"","",""
0,"SP Dunfield, A Bojar, S Cacovich, M Frégnaux, T Klein, R Bramante, ...","Electronic Properties of Metal Halide Perovskites and their Interfaces with Charge Extraction Layers in Lateral Heterojunction Configuration",2022,"Journées Nationales de Spectroscopies de PhotoEmission (JNSPE 2022)","","","https://scholar.google.com",229,"2023-03-01 19:30:56","","","","https://scholar.google.com/citations?view_op=view_citation&hl=en&user=ZuGZFJMAAAAJ&cstart=200&pagesize=100&citation_for_view=ZuGZFJMAAAAJ:7BrZ7Jt4UNcC",,,,,0,0.00,0,7,1,"","",""
0,"K Zhu, F Zhang, JJ Berry","Methods for producing perovskite-containing devices",2022,"US Patent 11,302,868","","","https://scholar.google.com",230,"2023-03-01 19:30:56","Patent","","","https://scholar.google.com/citations?view_op=view_citation&hl=en&user=ZuGZFJMAAAAJ&cstart=200&pagesize=100&citation_for_view=ZuGZFJMAAAAJ:mlAyqtXpCwEC",,,,,0,0.00,0,3,1,"","",""
0,"K Schutt, R Kerner, A Maughan, A Palmstrom, S Habisreutinger, J Berry","Halide Organic Photovoltaics for Energy: Hybrid Perovskites for Solar Cells",2022,"National Renewable Energy Lab.(NREL), Golden, CO (United States)","","","https://scholar.google.com",231,"2023-03-01 19:30:56","","","","https://scholar.google.com/citations?view_op=view_citation&hl=en&user=ZuGZFJMAAAAJ&cstart=200&pagesize=100&citation_for_view=ZuGZFJMAAAAJ:wMgC3FpKEyYC",,,,,0,0.00,0,6,1,"","",""
0,"AF Palmstrom, K Zhu, F Zhang, JJ Berry","Compositions and methods for stabilizing perovskite interfaces",2022,"US Patent App. 17/388,235","","","https://scholar.google.com",232,"2023-03-01 19:30:56","Patent","","","https://scholar.google.com/citations?view_op=view_citation&hl=en&user=ZuGZFJMAAAAJ&cstart=200&pagesize=100&citation_for_view=ZuGZFJMAAAAJ:buQ7SEKw-1sC",,,,,0,0.00,0,4,1,"","",""
0,"R Song, M Jana, YH Kim, Y Xie, R Zhao, P Sercel, J Hao, Y Zhai, L Yan, ...","The Relationship between Structural Distortions and Spin-splitting in Perovskites",2022,"APS March Meeting Abstracts 2022, B69.","","","https://scholar.google.com",233,"2023-03-01 19:30:56","Abstract","","","https://scholar.google.com/citations?view_op=view_citation&hl=en&user=ZuGZFJMAAAAJ&cstart=200&pagesize=100&citation_for_view=ZuGZFJMAAAAJ:48xauSegjOkC",6,,,,0,0.00,0,10,1,"","",""
0,"F Zhang, JJ Berry, K Zhu","The Promise of Perovskite Solar Cells",2022,"Elsevier","","","https://scholar.google.com",234,"2023-03-01 19:30:56","","","","https://scholar.google.com/citations?view_op=view_citation&hl=en&user=ZuGZFJMAAAAJ&cstart=200&pagesize=100&citation_for_view=ZuGZFJMAAAAJ:AHdEip9mkN0C",,,,,0,0.00,0,3,1,"","",""
0,"D Regaldo, A Bojar, S Dunfield, P Lopez-Varo, M Frégnaux, V Dufoulon, ...","On the equilibrium electrostatic potential and light-induced charge redistribution under illumination in halide perovskite structures",2021,"38th European Photovoltaic Solar Energy Conference and Exhibition (EU PVSEC …","","","https://scholar.google.com",235,"2023-03-01 19:30:56","Conference paper","","","https://scholar.google.com/citations?view_op=view_citation&hl=en&user=ZuGZFJMAAAAJ&cstart=200&pagesize=100&citation_for_view=ZuGZFJMAAAAJ:MhiOAD_qIWkC",,,,,0,0.00,0,7,2,"","",""
0,"A Bojar, SP Dunfield, S Cacovich, M Frégnaux, T Klein, R Bramante, ...","Substrate-Controlled Electronic Properties of Perovskite Layer in Lateral Heterojunction Configuration",2021,"2021 IEEE 48th Photovoltaic Specialists Conference (PVSC)","","","https://scholar.google.com",236,"2023-03-01 19:30:56","Conference paper","","","https://scholar.google.com/citations?view_op=view_citation&hl=en&user=ZuGZFJMAAAAJ&cstart=200&pagesize=100&citation_for_view=ZuGZFJMAAAAJ:5icHVeHT4IsC",,,1001,1003,0,0.00,0,7,2,"","",""
0,"NP Dasgupta, JJ Berry, O Bakr, P Christopher","Energy Spotlight",2021,"American Chemical Society (ACS)","","","https://scholar.google.com",237,"2023-03-01 19:30:56","","","","https://scholar.google.com/citations?view_op=view_citation&hl=en&user=ZuGZFJMAAAAJ&cstart=200&pagesize=100&citation_for_view=ZuGZFJMAAAAJ:ubry08Y2EpUC",,,,,0,0.00,0,4,2,"","",""
0,"NP Dasgupta, JJ Berry, OM Bakr, P Christopher","Energy Spotlight: Insights into Lithium Metal Batteries, 2D Perovskite Solar Cells, and Plasma-Driven Catalytic Ammonia Synthesis",2021,"ACS Energy Letters","","","https://scholar.google.com",238,"2023-03-01 19:30:56","Journal article","","","https://scholar.google.com/citations?view_op=view_citation&hl=en&user=ZuGZFJMAAAAJ&cstart=200&pagesize=100&citation_for_view=ZuGZFJMAAAAJ:fbc8zXXH2BUC",6,6,2359,2361,0,0.00,0,4,2,"","",""
0,"MC Beard, LU Haipeng, AE Maughan, JJ Berry, ZV Vardeny, ...","Two-dimensional perovskite compositions and devices therefrom",2021,"US Patent App. 17/109,668","","","https://scholar.google.com",239,"2023-03-01 19:30:56","Patent","","","https://scholar.google.com/citations?view_op=view_citation&hl=en&user=ZuGZFJMAAAAJ&cstart=200&pagesize=100&citation_for_view=ZuGZFJMAAAAJ:lvd772isFD0C",,,,,0,0.00,0,6,2,"","",""
0,"LM Wheeler, JM Luther, JA Christians, JJ Berry","Energy-harvesting chromogenic devices",2021,"US Patent App. 17/069,971","","","https://scholar.google.com",240,"2023-03-01 19:30:56","Patent","","","https://scholar.google.com/citations?view_op=view_citation&hl=en&user=ZuGZFJMAAAAJ&cstart=200&pagesize=100&citation_for_view=ZuGZFJMAAAAJ:Ehil0879vHcC",,,,,0,0.00,0,4,2,"","",""
0,"KX Steirer, A Rockett, M Irwin, J Berry","Multi-Messenger In-situ Tolerance Optimization of Mixed Perovskite Photovoltaics. Final Report",2021,"Colorado School of Mines, Golden, CO (United States)","","","https://scholar.google.com",241,"2023-03-01 19:30:56","","","","https://scholar.google.com/citations?view_op=view_citation&hl=en&user=ZuGZFJMAAAAJ&cstart=200&pagesize=100&citation_for_view=ZuGZFJMAAAAJ:sJsF-0ZLhtgC",,,,,0,0.00,0,4,2,"","",""
0,"S Dunfield, S Cacovich, D Regaldo, JB Puel, M Frégnaux, T Klein, ...","Study of electronic properties of perovskite materials and their interfaces with extracting layers in lateral heterojunction configuration",2021,"Journées Nationales du Photovoltaïque, JNPV","","","https://scholar.google.com",242,"2023-03-01 19:30:56","Journal article","","","https://scholar.google.com/citations?view_op=view_citation&hl=en&user=ZuGZFJMAAAAJ&cstart=200&pagesize=100&citation_for_view=ZuGZFJMAAAAJ:DJbcl8HfkQkC",2020,,,,0,0.00,0,7,2,"","",""
0,"J Berry","Harnessing chirality in hybrid semiconductors",2021,"APS March Meeting Abstracts 2021, C35.","","","https://scholar.google.com",243,"2023-03-01 19:30:56","Abstract","","","https://scholar.google.com/citations?view_op=view_citation&hl=en&user=ZuGZFJMAAAAJ&cstart=200&pagesize=100&citation_for_view=ZuGZFJMAAAAJ:4xDN1ZYqzskC",5,,,,0,0.00,0,1,2,"","",""
0,"P Schulz, JJ Berry, AA Dameron, PF Ndione","Oxide layers and methods of making the same",2020,"US Patent 10,879,012","","","https://scholar.google.com",244,"2023-03-01 19:30:56","Patent","","","https://scholar.google.com/citations?view_op=view_citation&hl=en&user=ZuGZFJMAAAAJ&cstart=200&pagesize=100&citation_for_view=ZuGZFJMAAAAJ:p__nRnzSRKYC",,,,,0,0.00,0,4,3,"","",""
0,"LM Wheeler, JM Luther, JA Christians, JJ Berry","Energy-harvesting chromogenic devices",2020,"National Renewable Energy Lab.(NREL), Golden, CO (United States)","","","https://scholar.google.com",245,"2023-03-01 19:30:56","","","","https://scholar.google.com/citations?view_op=view_citation&hl=en&user=ZuGZFJMAAAAJ&cstart=200&pagesize=100&citation_for_view=ZuGZFJMAAAAJ:43bX7VzcjpAC",,,,,0,0.00,0,4,3,"","",""
0,"LM Wheeler, JM Luther, JA Christians, JJ Berry","Energy-harvesting chromogenic devices",2020,"US Patent 10,844,658","","","https://scholar.google.com",246,"2023-03-01 19:30:56","Patent","","","https://scholar.google.com/citations?view_op=view_citation&hl=en&user=ZuGZFJMAAAAJ&cstart=200&pagesize=100&citation_for_view=ZuGZFJMAAAAJ:yB1At4FlUx8C",,,,,0,0.00,0,4,3,"","",""
0,"JA Raiford, CC Boyd, AF Palmstrom, EJ Wolf, BA Fearon, JJ Berry, ...","Atomic Layer Deposition of Metal Oxides for More Stable Operation of Perovskite Solar Cells",2020,"2020 Virtual AIChE Annual Meeting","","","https://scholar.google.com",247,"2023-03-01 19:30:56","Conference paper","","","https://scholar.google.com/citations?view_op=view_citation&hl=en&user=ZuGZFJMAAAAJ&cstart=200&pagesize=100&citation_for_view=ZuGZFJMAAAAJ:tH6gc1N1XXoC",,,,,0,0.00,0,7,3,"","",""
0,"A Maughan, K Zhu, JJ Berry","The Future of Renewable Energy Generation: Photovoltaic Materials",2020,"The Bridge 3 (NREL/JA-5K00-77982)","","","https://scholar.google.com",248,"2023-03-01 19:30:56","","","","https://scholar.google.com/citations?view_op=view_citation&hl=en&user=ZuGZFJMAAAAJ&cstart=200&pagesize=100&citation_for_view=ZuGZFJMAAAAJ:2tRrZ1ZAMYUC",,,,,0,0.00,0,3,3,"","",""
0,"O Sergiovanni, E Dahal, B Du, B Isenhart, S Dunfield, JJ Berry, MS White","Digital alloy contact layers for perovskite solar cells",2020,"Synthetic Metals","","","https://scholar.google.com",249,"2023-03-01 19:30:56","Journal article","","","https://scholar.google.com/citations?view_op=view_citation&hl=en&user=ZuGZFJMAAAAJ&cstart=200&pagesize=100&citation_for_view=ZuGZFJMAAAAJ:umqufdRvDiIC",266,,116412,116412,0,0.00,0,7,3,"","",""
0,"LE Mundt, EL Ratcliff, J Tong, A Palmstrom, K Zhu, JJ Berry, LT Schelhas","Structural Stability of Tin-Lead Halide Perovskite Solar Cells",2020,"2020 47th IEEE Photovoltaic Specialists Conference (PVSC)","","","https://scholar.google.com",250,"2023-03-01 19:30:56","Conference paper","","","https://scholar.google.com/citations?view_op=view_citation&hl=en&user=ZuGZFJMAAAAJ&cstart=200&pagesize=100&citation_for_view=ZuGZFJMAAAAJ:OR75R8vi5nAC",,,1391,1392,0,0.00,0,7,3,"","",""
0,"A Bojar, S Dunfield, C Marchat, J Alvarez, D Alamarguy, A Jaffré, J Berry, ...","Kelvin Probe Force Microscopy and Photoemission Spectroscopy studies of halide perovskite on p-type and n-type substrates",2020,"NIPHO 20 Symposia, Perovskite Solar cells, Photonics and Optoelectronics","","","https://scholar.google.com",251,"2023-03-01 19:30:56","","","","https://scholar.google.com/citations?view_op=view_citation&hl=en&user=ZuGZFJMAAAAJ&cstart=200&pagesize=100&citation_for_view=ZuGZFJMAAAAJ:dBIO0h50nwkC",,,,,0,0.00,0,8,3,"","",""
0,"A Maughan, M Beard, J Berry","Interplay of magnetic coupling, structural dimensionality, and chirality in hybrid perovskite halide semiconductors",2019,"ABSTRACTS OF PAPERS OF THE AMERICAN CHEMICAL SOCIETY","","","https://scholar.google.com",252,"2023-03-01 19:30:56","Abstract","","","https://scholar.google.com/citations?view_op=view_citation&hl=en&user=ZuGZFJMAAAAJ&cstart=200&pagesize=100&citation_for_view=ZuGZFJMAAAAJ:4hFrxpcac9AC",258,,,,0,0.00,0,3,4,"","",""
0,"R Kerner, J Hamill, J Hu, F Zhang, L Loo, A Kahn, J Schwartz, J Berry, ...","Identifying impacts of process, precursors, and defects in metal halide perovskite solar cells",2019,"Princeton Univ., NJ (United States)","","","https://scholar.google.com",253,"2023-03-01 19:30:56","","","","https://scholar.google.com/citations?view_op=view_citation&hl=en&user=ZuGZFJMAAAAJ&cstart=200&pagesize=100&citation_for_view=ZuGZFJMAAAAJ:cWzG1nlazyYC",,,,,0,0.00,0,9,4,"","",""
0,"A Hazarika, Q Zhao, A Gaulding, J Christians, B Dou, A Marshall, T Moot, ...","Composition tunable colloidal Cs1-xFAxPbI3 perovskite nanocrystals for high VOC solar cells",2019,"ABSTRACTS OF PAPERS OF THE AMERICAN CHEMICAL SOCIETY","","","https://scholar.google.com",254,"2023-03-01 19:30:56","Abstract","","","https://scholar.google.com/citations?view_op=view_citation&hl=en&user=ZuGZFJMAAAAJ&cstart=200&pagesize=100&citation_for_view=ZuGZFJMAAAAJ:XoXfffV-tXoC",257,,,,0,0.00,0,8,4,"","",""
0,"JB Whitaker, TR Klein, DH Kim, Z Li, B Dou, JJ Berry, MFAM Van Hest, ...","Scalable Deposition of Polycrystalline Perovskite Thin Films towards High-Efficiency and Large-Area Perovskite Photovoltaics",2018,"2018 IEEE 7th World Conference on Photovoltaic Energy Conversion (WCPEC)(A …","","","https://scholar.google.com",255,"2023-03-01 19:30:56","Conference paper","","","https://scholar.google.com/citations?view_op=view_citation&hl=en&user=ZuGZFJMAAAAJ&cstart=200&pagesize=100&citation_for_view=ZuGZFJMAAAAJ:ML0RJ9NH7IQC",,,,,0,0.00,0,8,5,"","",""
0,"L Wheeler, A Marshall, E Sanehira, P Schulz, M Suri, N Anderson, J Berry, ...","Sequential cationic and anionic ligand exchange chemistry on cesium lead halide perovskite quantum dots for high-efficiency photovoltaics",2018,"ABSTRACTS OF PAPERS OF THE AMERICAN CHEMICAL SOCIETY","","","https://scholar.google.com",256,"2023-03-01 19:30:56","Abstract","","","https://scholar.google.com/citations?view_op=view_citation&hl=en&user=ZuGZFJMAAAAJ&cstart=200&pagesize=100&citation_for_view=ZuGZFJMAAAAJ:fEOibwPWpKIC",255,,,,0,0.00,0,8,5,"","",""
0,"J Berry","The Potential for Perovskite Solar Cells",2018,"National Renewable Energy Lab.(NREL), Golden, CO (United States)","","","https://scholar.google.com",257,"2023-03-01 19:30:56","","","","https://scholar.google.com/citations?view_op=view_citation&hl=en&user=ZuGZFJMAAAAJ&cstart=200&pagesize=100&citation_for_view=ZuGZFJMAAAAJ:F1b5ZUV5XREC",,,,,0,0.00,0,1,5,"","",""
0,"JA Christians, P Schulz, J Tinkham, TH Schloemer, BT de Villers, ...","Engineering Perovskite Solar Cell Interfaces to Realize> 1000 Hr, Unencapsulated Ambient Stability",2017,"2017 AIChE Annual Meeting","","","https://scholar.google.com",258,"2023-03-01 19:30:56","Conference paper","","","https://scholar.google.com/citations?view_op=view_citation&hl=en&user=ZuGZFJMAAAAJ&cstart=200&pagesize=100&citation_for_view=ZuGZFJMAAAAJ:9pM33mqn1YgC",,,,,0,0.00,0,6,6,"","",""
0,"LT Schelhas, JA Christians, JJ Berry, MF Toney, CJ Tassone, JM Luther, ...","Operando X-Ray Diffraction for Characterization of Photovoltaic Materials",2017,"2017 IEEE 44th Photovoltaic Specialist Conference (PVSC)","","","https://scholar.google.com",259,"2023-03-01 19:30:56","Conference paper","","","https://scholar.google.com/citations?view_op=view_citation&hl=en&user=ZuGZFJMAAAAJ&cstart=200&pagesize=100&citation_for_view=ZuGZFJMAAAAJ:e_rmSamDkqQC",,,2176,2178,0,0.00,0,7,6,"","",""
0,"SJ Lee, R Mori, B Alpert, M Baker, J Berry, HM Cho, E Denison, ...","Ultrasensitive probing of the local electronic structure of nitrogen doped carbon and its applications to 2D electronics, catalysis and bio-physics",2017,"ABSTRACTS OF PAPERS OF THE AMERICAN CHEMICAL SOCIETY","","","https://scholar.google.com",260,"2023-03-01 19:30:56","Abstract","","","https://scholar.google.com/citations?view_op=view_citation&hl=en&user=ZuGZFJMAAAAJ&cstart=200&pagesize=100&citation_for_view=ZuGZFJMAAAAJ:foquWX3nUaYC",253,,,,0,0.00,0,8,6,"","",""
0,"S Giardini, J Carlson, P Periasamy, H Guthrey, R O'Hayre, M Chin, ...","Conduction and rectification in NbO {sub x}-and NiO-based metal-insulator-metal diodes",2016,"Journal of Vacuum Science and Technology. A, Vacuum, Surfaces and Films","","","https://scholar.google.com",261,"2023-03-01 19:30:56","Journal article","","","https://scholar.google.com/citations?view_op=view_citation&hl=en&user=ZuGZFJMAAAAJ&cstart=200&pagesize=100&citation_for_view=ZuGZFJMAAAAJ:NyGDZy8z5eUC",34,5,,,0,0.00,0,7,7,"","",""
0,"JA Aguiar, S Wozny, TG Holesinger, T Aoki, N Alkurd, L Kovarik, M Yang, ...","Studying Perovskite-based Solar Cells with High Resolution in situ Microscopy",2016,"Los Alamos National Lab.(LANL), Los Alamos, NM (United States)","","","https://scholar.google.com",262,"2023-03-01 19:30:56","","","","https://scholar.google.com/citations?view_op=view_citation&hl=en&user=ZuGZFJMAAAAJ&cstart=200&pagesize=100&citation_for_view=ZuGZFJMAAAAJ:mvPsJ3kp5DgC",,,,,0,0.00,0,8,7,"","",""
0,"JL Blackburn, AJ Ferguson, O Reid, R Ihly, AM Dowgiallo, P Schulz, ...","Charge separation and recombination at single-walled carbon nanotube photovoltaic interfaces",2016,"Electrochemical Society Meeting Abstracts","","","https://scholar.google.com",263,"2023-03-01 19:30:56","Abstract","","","https://scholar.google.com/citations?view_op=view_citation&hl=en&user=ZuGZFJMAAAAJ&cstart=200&pagesize=100&citation_for_view=ZuGZFJMAAAAJ:wbdj-CoPYUoC",229,,554,554,0,0.00,0,7,7,"","",""
0,"J Berry, J Blackburn, J Chirsitians, AM Dowgiallo, A Ferguson, R Ihly, Z Li, ...","Importance of interfaces in hybrid perovskite solar cells",2016,"","","","https://scholar.google.com",264,"2023-03-01 19:30:56","","","","https://scholar.google.com/citations?view_op=view_citation&hl=en&user=ZuGZFJMAAAAJ&cstart=200&pagesize=100&citation_for_view=ZuGZFJMAAAAJ:PELIpwtuRlgC",,,,,0,0.00,0,8,7,"","",""
0,"JA Aguiar, S Wozny, W Zhou, H Guthrey, H Moutinho, AG Norman, ...","Studying Perovskite-based Solar Cells with Correlative In-Situ Microscopy",2015,"Microscopy and Microanalysis 21 (S3)","","","https://scholar.google.com",265,"2023-03-01 19:30:56","Book chapter","","","https://scholar.google.com/citations?view_op=view_citation&hl=en&user=ZuGZFJMAAAAJ&cstart=200&pagesize=100&citation_for_view=ZuGZFJMAAAAJ:4fKUyHm3Qg0C",,,969,970,0,0.00,0,7,8,"","",""
0,"T Gennett, WA Braunecker, BK Hughes, T Kemper, DC Bobela, J Berry, ...","Fundamental Charge Transfer Processes in Stable Free-Radical Organic Polymer Systems",2015,"Electrochemical Society Meeting Abstracts sof","","","https://scholar.google.com",266,"2023-03-01 19:30:56","Abstract","","","https://scholar.google.com/citations?view_op=view_citation&hl=en&user=ZuGZFJMAAAAJ&cstart=200&pagesize=100&citation_for_view=ZuGZFJMAAAAJ:D_sINldO8mEC",2015,,527,527,0,0.00,0,7,8,"","",""
0,"DA Racke, LL Kelly, P Schulz, P Winget, H Li, H Kim, A Sigdel, JJ Berry, ...","Unified photoemission spectroscopic picture of defect-driven charge carrier physics at an organic semiconductor/metal oxide interface",2014,"ABSTRACTS OF PAPERS OF THE AMERICAN CHEMICAL SOCIETY","","","https://scholar.google.com",267,"2023-03-01 19:30:56","Abstract","","","https://scholar.google.com/citations?view_op=view_citation&hl=en&user=ZuGZFJMAAAAJ&cstart=200&pagesize=100&citation_for_view=ZuGZFJMAAAAJ:738O_yMBCRsC",248,,,,0,0.00,0,9,9,"","",""
0,"JD Perkins, Y Ke, S Lany, JJ Berry, A Zakutayev, B Gorman, T Ohno, ...","Improving electron transport in Ga-doped Zn0. 7Mg0. 3O, a wide-gap band-edge-energy-tunable transparent conducting oxide",2014,"2014 IEEE 40th Photovoltaic Specialist Conference (PVSC)","","","https://scholar.google.com",268,"2023-03-01 19:30:56","Conference paper","","","https://scholar.google.com/citations?view_op=view_citation&hl=en&user=ZuGZFJMAAAAJ&cstart=200&pagesize=100&citation_for_view=ZuGZFJMAAAAJ:SP6oXDckpogC",,,3435,3437,0,0.00,0,8,9,"","",""
0,"L Sang, DL Matz, JE Pemberton, M Gliboff, KM Knesting, DS Ginger, ...","Orientation and reaction chemistry of phosphonic acid-modified indium-zinc oxide surfaces in organic photovoltaic devices",2014,"ABSTRACTS OF PAPERS OF THE AMERICAN CHEMICAL SOCIETY","","","https://scholar.google.com",269,"2023-03-01 19:30:56","Abstract","","","https://scholar.google.com/citations?view_op=view_citation&hl=en&user=ZuGZFJMAAAAJ&cstart=200&pagesize=100&citation_for_view=ZuGZFJMAAAAJ:WbkHhVStYXYC",247,,,,0,0.00,0,7,9,"","",""
0,"BC Melot, A Walsh, R Kurchin, Y Wang, J Shi, F Marques, J Berry, ...","List of Publications for Brent C. Melot",2014,"Interfaces","","","https://scholar.google.com",270,"2023-03-01 19:30:56","Journal article","","","https://scholar.google.com/citations?view_op=view_citation&hl=en&user=ZuGZFJMAAAAJ&cstart=200&pagesize=100&citation_for_view=ZuGZFJMAAAAJ:PR6Y55bgFSsC",6,,10900,10907,0,0.00,0,8,9,"","",""
0,"K VanSant, G Wilson, J Berry, M Al-Jassim, S Kurtz","National Center for Photovoltaics at NREL",2013,"National Renewable Energy Lab.(NREL), Golden, CO (United States)","","","https://scholar.google.com",271,"2023-03-01 19:30:56","","","","https://scholar.google.com/citations?view_op=view_citation&hl=en&user=ZuGZFJMAAAAJ&cstart=200&pagesize=100&citation_for_view=ZuGZFJMAAAAJ:nb7KW1ujOQ8C",,,,,0,0.00,0,5,10,"","",""
0,"P Periasamy, RP O’Hayre, JJ Berry, DS Ginley, PA Parilla","Point-Contact Metal-Insulator-Metal Architecture: A Facile Approach for Material Screening Studies and Beyond",2013,"Rectenna Solar Cells","","","https://scholar.google.com",272,"2023-03-01 19:30:56","Book chapter","","","https://scholar.google.com/citations?view_op=view_citation&hl=en&user=ZuGZFJMAAAAJ&cstart=200&pagesize=100&citation_for_view=ZuGZFJMAAAAJ:bFI3QPDXJZMC",,,313,336,0,0.00,0,5,10,"","",""
0,"JJ Berry, T Gennett, N Peyghambarian, RA Norwood","Topical Section: Engineering of Functional Interfaces",2013,"Phys. Status Solidi A","","","https://scholar.google.com",273,"2023-03-01 19:30:56","Journal article","","","https://scholar.google.com/citations?view_op=view_citation&hl=en&user=ZuGZFJMAAAAJ&cstart=200&pagesize=100&citation_for_view=ZuGZFJMAAAAJ:g5m5HwL7SMYC",210,5,825,829,0,0.00,0,4,10,"","",""
0,"JF Wager, TO Mason, JJ Berry, KR Poeppelmeier, DS Ginley, JD Perkins, ...","Surface Origin of High Conductivities in Undoped In2O3 Thin Films",2012,"","","","https://scholar.google.com",274,"2023-03-01 19:30:56","","","","https://scholar.google.com/citations?view_op=view_citation&hl=en&user=ZuGZFJMAAAAJ&cstart=200&pagesize=100&citation_for_view=ZuGZFJMAAAAJ:7T2F9Uy0os0C",,,,,0,0.00,0,7,11,"","",""
0,"JJ Berry, EMCC Fortunato, JE Medvedeva, Y Shigesato","Materials Research Society Symposium Proceedings: Preface",2012,"Materials Research Society (MRS)","","","https://scholar.google.com",275,"2023-03-01 19:30:56","","","","https://scholar.google.com/citations?view_op=view_citation&hl=en&user=ZuGZFJMAAAAJ&cstart=200&pagesize=100&citation_for_view=ZuGZFJMAAAAJ:W5xh706n7nkC",,,,,0,0.00,0,4,11,"","",""
0,"D Arvizu, I Baring-Gould, A Gray, J Berry, K Anderson, K Orwig, ...","NREL Overview Video",2012,"National Renewable Energy Lab.(NREL), Golden, CO (United States)","","","https://scholar.google.com",276,"2023-03-01 19:30:56","","","","https://scholar.google.com/citations?view_op=view_citation&hl=en&user=ZuGZFJMAAAAJ&cstart=200&pagesize=100&citation_for_view=ZuGZFJMAAAAJ:P5F9QuxV20EC",,,,,0,0.00,0,7,11,"","",""
0,"AM Simon, AK Sigdel, JJ Berry, SS Saavedra","Transient ATR spectroscopy of molecular thin films bound to transparent conducting oxides",2011,"ABSTRACTS OF PAPERS OF THE AMERICAN CHEMICAL SOCIETY","","","https://scholar.google.com",277,"2023-03-01 19:30:56","Abstract","","","https://scholar.google.com/citations?view_op=view_citation&hl=en&user=ZuGZFJMAAAAJ&cstart=200&pagesize=100&citation_for_view=ZuGZFJMAAAAJ:pqnbT2bcN3wC",242,,,,0,0.00,0,4,12,"","",""
0,"D Ginley, A Zakutayev, A Garcia, N Widjonarko, P Ndione, A Sigdel, ...","Screening of inorganic wide-bandgap p-type semiconductors for high performance hole transport layers in organic photovoltaic devices",2011,"APS March Meeting Abstracts 2011, A36.","","","https://scholar.google.com",278,"2023-03-01 19:30:56","Abstract","","","https://scholar.google.com/citations?view_op=view_citation&hl=en&user=ZuGZFJMAAAAJ&cstart=200&pagesize=100&citation_for_view=ZuGZFJMAAAAJ:mB3voiENLucC",5,,,,0,0.00,0,7,12,"","",""
0,"MT Lloyd, DC Olson, A Garcia, I Kauvar, N Kopidakis, MO Reese, JJ Berry, ...","Understanding Degradation Pathways in Organic Photovoltaics (Poster)",2011,"National Renewable Energy Lab.(NREL), Golden, CO (United States)","","","https://scholar.google.com",279,"2023-03-01 19:30:56","","","","https://scholar.google.com/citations?view_op=view_citation&hl=en&user=ZuGZFJMAAAAJ&cstart=200&pagesize=100&citation_for_view=ZuGZFJMAAAAJ:bEWYMUwI8FkC",,,,,0,0.00,0,8,12,"","",""
0,"S Lany, A Zakytayev, T Mason, J Wager, J Perkins, J Berry, D Ginley, ...","Surface Donors Dominate the Conductivity of In (2) O (3) Thin Films",2011,"Minerals, Metals and Materials Society/AIME, 420 Commonwealth Dr., P. O","Box …","","https://scholar.google.com",280,"2023-03-01 19:30:56","","","","https://scholar.google.com/citations?view_op=view_citation&hl=en&user=ZuGZFJMAAAAJ&cstart=200&pagesize=100&citation_for_view=ZuGZFJMAAAAJ:pyW8ca7W8N0C",,,,,0,0.00,0,8,12,"","",""
0,"C Suh, K Kim, JJ Berry, J Lee, WB Jones","Data mining-aided crystal engineering for the design of transparent conducting oxides",2011,"MRS Online Proceedings Library (OPL)","","","https://scholar.google.com",281,"2023-03-01 19:30:56","Conference paper","","","https://scholar.google.com/citations?view_op=view_citation&hl=en&user=ZuGZFJMAAAAJ&cstart=200&pagesize=100&citation_for_view=ZuGZFJMAAAAJ:fPk4N6BV_jEC",1315,,,,0,0.00,0,5,12,"","",""
0,"AK Sigdel, PF Ndione, Y Ke, NE Widjonarko, JD Perkins, MFAM van Hest, ...","Superimposed RF/DC magnetron sputtering of transparent Ga: ZnO with high conductivity for photovoltaic contacts applications",2010,"2010 35th IEEE Photovoltaic Specialists Conference","","","https://scholar.google.com",282,"2023-03-01 19:30:56","Conference paper","","","https://scholar.google.com/citations?view_op=view_citation&hl=en&user=ZuGZFJMAAAAJ&cstart=200&pagesize=100&citation_for_view=ZuGZFJMAAAAJ:M3NEmzRMIkIC",,,3270,3274,0,0.00,0,7,13,"","",""
0,"MS WHITE, DC OLSON, N KOPIDAKIS, AM NARDES, DS GINLEY, ...","Control of charge separation by electric applications and materials science field manipulation in polymer-oxide hybrid organic photovoltaic bilayer devices",2010,"Physica status solidi","A, Applications and materials science (Print) 207 (5 …","","https://scholar.google.com",283,"2023-03-01 19:30:56","","","","https://scholar.google.com/citations?view_op=view_citation&hl=en&user=ZuGZFJMAAAAJ&cstart=200&pagesize=100&citation_for_view=ZuGZFJMAAAAJ:ALROH1vI_8AC",,,,,0,0.00,0,6,13,"","",""
0,"A Sigdel, S Shaheen, J Perkins, D Ginley, J Berry","Growth and Characterization of Digitally Alloyed Zinc Oxide Based TCOs",2009,"APS Four Corners Section Meeting Abstracts, D1.","","","https://scholar.google.com",284,"2023-03-01 19:30:56","Abstract","","","https://scholar.google.com/citations?view_op=view_citation&hl=en&user=ZuGZFJMAAAAJ&cstart=200&pagesize=100&citation_for_view=ZuGZFJMAAAAJ:zA6iFVUQeVQC",48,,,,0,0.00,0,5,14,"","",""
0,"A Nardes, M White, D Olson, J Berry, N Kopidakis, S Shaheen, D Ginley","Charge generation/dissociation mechanisms at the interface oxide/polymer hybrid heterojunctions studied by microwave conductivity measurements",2009,"APS Four Corners Section Meeting Abstracts, D1.","","","https://scholar.google.com",285,"2023-03-01 19:30:56","Abstract","","","https://scholar.google.com/citations?view_op=view_citation&hl=en&user=ZuGZFJMAAAAJ&cstart=200&pagesize=100&citation_for_view=ZuGZFJMAAAAJ:3s1wT3WcHBgC",47,,,,0,0.00,0,7,14,"","",""
0,"A Humphries, D Olson, J Berry, D Ginley, S Shaheen","Solution-processed Gallium Zinc Oxide for Inverted Organic Photovoltaics",2009,"APS Four Corners Section Meeting Abstracts, D1.","","","https://scholar.google.com",286,"2023-03-01 19:30:56","Abstract","","","https://scholar.google.com/citations?view_op=view_citation&hl=en&user=ZuGZFJMAAAAJ&cstart=200&pagesize=100&citation_for_view=ZuGZFJMAAAAJ:NMxIlDl6LWMC",49,,,,0,0.00,0,5,14,"","",""
0,"J Adamson, D Olson, M White, J Berry, R Collins, D Ginley","Use of planar organic-inorganic heterojunction architectures for understanding charge separation in hybrid solar cells",2009,"APS Four Corners Section Meeting Abstracts, D1.","","","https://scholar.google.com",287,"2023-03-01 19:30:56","Abstract","","","https://scholar.google.com/citations?view_op=view_citation&hl=en&user=ZuGZFJMAAAAJ&cstart=200&pagesize=100&citation_for_view=ZuGZFJMAAAAJ:hC7cP41nSMkC",46,,,,0,0.00,0,6,14,"","",""
0,"MS White, D Olson, J Berry, J Van de Lagemaat, D Ginley","Time evolution of the capacitance-voltage and current-voltage characteristics of ZnO/P3HT organic photovoltaic devices",2009,"ECS Meeting Abstracts","","","https://scholar.google.com",288,"2023-03-01 19:30:56","Abstract","","","https://scholar.google.com/citations?view_op=view_citation&hl=en&user=ZuGZFJMAAAAJ&cstart=200&pagesize=100&citation_for_view=ZuGZFJMAAAAJ:RYcK_YlVTxYC",738,,,,0,0.00,0,5,14,"","",""
0,"JD Perkins, JJ Berry, M van Hest, AN Cavendor, AJ Leenheer, ...","Transparent conducting oxide development for electronics applications",2008,"2008 17th IEEE International Symposium on the Applications of Ferroelectrics …","","","https://scholar.google.com",289,"2023-03-01 19:30:56","Conference paper","","","https://scholar.google.com/citations?view_op=view_citation&hl=en&user=ZuGZFJMAAAAJ&cstart=200&pagesize=100&citation_for_view=ZuGZFJMAAAAJ:u_35RYKgDlwC",,,,,0,0.00,0,6,15,"","",""
0,"R O’Hayre, Y Zhou, R Pasquarelli, J Berry, D Ginley","Enhancement of Pt-Based Catalysts via N-Doped Carbon Supports",2008,"Energy Nanotechnology International Conference","","","https://scholar.google.com",290,"2023-03-01 19:30:56","Conference paper","","","https://scholar.google.com/citations?view_op=view_citation&hl=en&user=ZuGZFJMAAAAJ&cstart=200&pagesize=100&citation_for_view=ZuGZFJMAAAAJ:q3CdL3IzO_QC",43239,,25,29,0,0.00,0,5,15,"","",""
0,"J Berry, M Reese, J Perkins, D Ginley","Simple method to examine the work function of transparent conducting oxide for traditional and organic based photovoltaics",2007,"APS March Meeting Abstracts, D39.","","","https://scholar.google.com",291,"2023-03-01 19:30:56","Abstract","","","https://scholar.google.com/citations?view_op=view_citation&hl=en&user=ZuGZFJMAAAAJ&cstart=200&pagesize=100&citation_for_view=ZuGZFJMAAAAJ:RGFaLdJalmkC",6,,,,0,0.00,0,4,16,"","",""
0,"JD Perkins, M van Hest, MI Bertoni, CW Teplin, JJ Berry, JL Alleman, ...","Combinatorial Development of Amorphous Mixed Metal Oxide Transparent Conductors",2007,"APS March Meeting Abstracts, D39.","","","https://scholar.google.com",292,"2023-03-01 19:30:56","Abstract","","","https://scholar.google.com/citations?view_op=view_citation&hl=en&user=ZuGZFJMAAAAJ&cstart=200&pagesize=100&citation_for_view=ZuGZFJMAAAAJ:BqipwSGYUEgC",7,,,,0,0.00,0,7,16,"","",""
0,"JJ Berry, MJ Stevens, RP Mirin, KL Silverman","Temperature dependence of quantum dot homogeneous linewidth",2006,"Conference on Lasers and Electro-Optics, CThB","","","https://scholar.google.com",293,"2023-03-01 19:30:56","Conference paper","","","https://scholar.google.com/citations?view_op=view_citation&hl=en&user=ZuGZFJMAAAAJ&cstart=200&pagesize=100&citation_for_view=ZuGZFJMAAAAJ:35N4QoGY0k4C",2,,,,0,0.00,0,4,17,"","",""
0,"KL Silverman, J Berry, M Stevens, R Mirin","High-resolution spectroscopic measurements of InGaAs/GaAs self-assembled quantum dots",2006,"ECS Transactions","","","https://scholar.google.com",294,"2023-03-01 19:30:56","Journal article","","","https://scholar.google.com/citations?view_op=view_citation&hl=en&user=ZuGZFJMAAAAJ&cstart=200&pagesize=100&citation_for_view=ZuGZFJMAAAAJ:HDshCWvjkbEC",2,5,15,15,0,0.00,0,4,17,"","",""
0,"K Silverman, J Berry, R Mirin","High-resolution continuous-wave absorption measurements on InGaAs/GaAs self-assembled quantum dots",2006,"ECS Meeting Abstracts","","","https://scholar.google.com",295,"2023-03-01 19:30:56","Abstract","","","https://scholar.google.com/citations?view_op=view_citation&hl=en&user=ZuGZFJMAAAAJ&cstart=200&pagesize=100&citation_for_view=ZuGZFJMAAAAJ:isC4tDSrTZIC",481,,,,0,0.00,0,3,17,"","",""
0,"O Tadanaga, T Yanagawa, Y Nishida, H Miyazawa, K Magari, M Asobe, ...","LASERS, OPTICS, AND OPTOELECTRONICS",2006,"Appl. Phys. Lett","","","https://scholar.google.com",296,"2023-03-01 19:30:56","Journal article","","","https://scholar.google.com/citations?view_op=view_citation&hl=en&user=ZuGZFJMAAAAJ&cstart=200&pagesize=100&citation_for_view=ZuGZFJMAAAAJ:ZeXyd9-uunAC",88,6,63509,63509,0,0.00,0,7,17,"","",""
0,"JJ Berry, RP Mirin, KL Silverman","High-resolution spectral hole burning in InGaAs/GaAs quantum dots",2005,"International Quantum Electronics Conference, 2005., 37, 38","","","https://scholar.google.com",297,"2023-03-01 19:30:56","Conference paper","","","https://scholar.google.com/citations?view_op=view_citation&hl=en&user=ZuGZFJMAAAAJ&cstart=200&pagesize=100&citation_for_view=ZuGZFJMAAAAJ:blknAaTinKkC",37,,38,38,0,0.00,0,3,18,"","",""
0,"JJ Berry, TE Harvey, RP Mirin, A Marian, J Ye","Cavity ring-down spectroscopy of semiconductor quantum dots",2004,"Conference on Lasers and Electro-Optics, CThF","","","https://scholar.google.com",298,"2023-03-01 19:30:56","Conference paper","","","https://scholar.google.com/citations?view_op=view_citation&hl=en&user=ZuGZFJMAAAAJ&cstart=200&pagesize=100&citation_for_view=ZuGZFJMAAAAJ:SeFeTyx0c_EC",4,,,,0,0.00,0,5,19,"","",""
0,"K Ullmann, M Su, KL Silverman, JJ Berry, TE Harvey, RP Mirin","Photoluminescence from a Nd/sup 3+/-doped AIGaAs semiconductor structure",2004,"Conference on Lasers and Electro-Optics, 2004.(CLEO). 2, 2 pp. vol.","","","https://scholar.google.com",299,"2023-03-01 19:30:56","Conference paper","","","https://scholar.google.com/citations?view_op=view_citation&hl=en&user=ZuGZFJMAAAAJ&cstart=200&pagesize=100&citation_for_view=ZuGZFJMAAAAJ:M05iB0D1s5AC",2,,,,0,0.00,0,6,19,"","",""
0,"K Ullmann, M Su, KL Silverman, JJ Berry, TE Harvey, RP Mirin","Photoluminescence from a Nd3+-doped AlGaAs semiconductor structure",2004,"Conference on Lasers and Electro-Optics, CFM","","","https://scholar.google.com",300,"2023-03-01 19:30:56","Conference paper","","","https://scholar.google.com/citations?view_op=view_citation&hl=en&user=ZuGZFJMAAAAJ&cstart=200&pagesize=100&citation_for_view=ZuGZFJMAAAAJ:TQgYirikUcIC",5,,,,0,0.00,0,6,19,"","",""
0,"S Potashnik, KC Ku, R Wang, J Berry, SH Chun, R Mahendiran, ...","Effects of annealing on magnetism and transport in (Ga, Mn) As epilayers",2002,"APS March Meeting Abstracts, D19.","","","https://scholar.google.com",301,"2023-03-01 19:30:56","Abstract","","","https://scholar.google.com/citations?view_op=view_citation&hl=en&user=ZuGZFJMAAAAJ&cstart=300&pagesize=100&citation_for_view=ZuGZFJMAAAAJ:RHpTSmoSYBkC",9,,,,0,0.00,0,7,21,"","",""
0,"I Malajovich, DD Awschalom, JJ Berry, N Samarth","Dragging Spin Coherence from a Semiconductor Spin Reservoir",2001,"APS March Meeting Abstracts, J25.","","","https://scholar.google.com",302,"2023-03-01 19:30:56","Abstract","","","https://scholar.google.com/citations?view_op=view_citation&hl=en&user=ZuGZFJMAAAAJ&cstart=300&pagesize=100&citation_for_view=ZuGZFJMAAAAJ:70eg2SAEIzsC",4,,,,0,0.00,0,4,22,"","",""
0,"SJ Potashnik, SH Chun, JJ Berry, KC Ku, P Schiffer, N Samarth","Intrinsic Exchange Biasing in MnAs Epilayers on (001) GaAs",2001,"APS March Meeting Abstracts, N25.","","","https://scholar.google.com",303,"2023-03-01 19:30:56","Abstract","","","https://scholar.google.com/citations?view_op=view_citation&hl=en&user=ZuGZFJMAAAAJ&cstart=300&pagesize=100&citation_for_view=ZuGZFJMAAAAJ:TFP_iSt0sucC",1,,,,0,0.00,0,6,22,"","",""
0,"J Berry, SH Chun, SJ Potashnik, KC Ku, P Schiffer, N Samarth, ...","Magnetic and Electronic Properties of MnAs/ZnSe Hybrid Ferromagnet/Semiconductor Heterostructures",2001,"APS March Meeting Abstracts, N25.","","","https://scholar.google.com",304,"2023-03-01 19:30:56","Abstract","","","https://scholar.google.com/citations?view_op=view_citation&hl=en&user=ZuGZFJMAAAAJ&cstart=300&pagesize=100&citation_for_view=ZuGZFJMAAAAJ:iH-uZ7U-co4C",6,,,,0,0.00,0,7,22,"","",""
0,"SH Chun, JJ Berry, KC Ku, N Samarth, I Malajovich, DD Awschalom","Papers from the 19th North American Conference on Molecular Beam Epitaxy-Novel Materials-Growth and characterization of MnAs/ZnSe ferromagnet/semiconductor hybrid heterostructures",2001,"Journal of Vacuum Science and Technology-Section B-Microelectronics …","","","https://scholar.google.com",305,"2023-03-01 19:30:56","Journal article","","","https://scholar.google.com/citations?view_op=view_citation&hl=en&user=ZuGZFJMAAAAJ&cstart=300&pagesize=100&citation_for_view=ZuGZFJMAAAAJ:e5wmG9Sq2KIC",,,,,0,0.00,0,6,22,"","",""
0,"JJ Berry, SH Chun, N Samarth, I Malajovich, DD Awschalom","Growth and Characterization of MnAs/ZnSe Ferromagnetic/Semiconductor",2000,"APS March Meeting Abstracts, A26.","","","https://scholar.google.com",306,"2023-03-01 19:30:56","Abstract","","","https://scholar.google.com/citations?view_op=view_citation&hl=en&user=ZuGZFJMAAAAJ&cstart=300&pagesize=100&citation_for_view=ZuGZFJMAAAAJ:-f6ydRqryjwC",5,,,,0,0.00,0,5,23,"","",""
0,"JJ Berry, R Knobel, O Ray, W Peoples, N Samarth","Papers from the 18th North American Conference on Molecular Beam Epitaxy-Novel Materials I-Modulation-doped ZnSe/(Zn, Cd, Mn) Se quantum wells and superlattices",2000,"Journal of Vacuum Science and Technology-Section B-Microelectronics …","","","https://scholar.google.com",307,"2023-03-01 19:30:56","Journal article","","","https://scholar.google.com/citations?view_op=view_citation&hl=en&user=ZuGZFJMAAAAJ&cstart=300&pagesize=100&citation_for_view=ZuGZFJMAAAAJ:O3NaXMp0MMsC",,,,,0,0.00,0,5,23,"","",""
0,"O Ray, JJ Berry, AA Sirenko, N Samarth, JA Gupta, DD Awschalom","Fabrication and characterization of magnetic semiconductors “Spin wires” and “Spin Dots”",1999,"Journal of Electronic Materials","","","https://scholar.google.com",308,"2023-03-01 19:30:56","Journal article","","","https://scholar.google.com/citations?view_op=view_citation&hl=en&user=ZuGZFJMAAAAJ&cstart=300&pagesize=100&citation_for_view=ZuGZFJMAAAAJ:hMod-77fHWUC",28,7,1041,1041,0,0.00,0,6,24,"","",""
0,"J Berry, O Ray, IP Smorchkova, N Samarth, JA Gupta, DD Awschalom","Growth and Optical Spectroscopy of Type-II ZnTe/ZnSe Nanostructures.",1998,"APS March Meeting Abstracts, E32.","","","https://scholar.google.com",309,"2023-03-01 19:30:56","Abstract","","","https://scholar.google.com/citations?view_op=view_citation&hl=en&user=ZuGZFJMAAAAJ&cstart=300&pagesize=100&citation_for_view=ZuGZFJMAAAAJ:IWHjjKOFINEC",9,,,,0,0.00,0,6,25,"","",""
0,"SA Crooker, DD Awschalom, JJ Baumberg, F Flack, J Berry, N Samarth","Dimensionality Effects on Terahertz Spin Precession and Dephasing in Magnetic Quantum Structures",1997,"APS March Meeting Abstracts, E24.","","","https://scholar.google.com",310,"2023-03-01 19:30:56","Abstract","","","https://scholar.google.com/citations?view_op=view_citation&hl=en&user=ZuGZFJMAAAAJ&cstart=300&pagesize=100&citation_for_view=ZuGZFJMAAAAJ:2P1L_qKh6hAC",4,,,,0,0.00,0,6,26,"","",""
0,"PA Crowell, V Nikitin, DD Awschalom, F Flack, J Berry, N Samarth, ...","Magnetooptical Studies of Hybrid Ferromagnetic Semiconductor Heterostructures",1997,"APS March Meeting Abstracts, K22.","","","https://scholar.google.com",311,"2023-03-01 19:30:56","Abstract","","","https://scholar.google.com/citations?view_op=view_citation&hl=en&user=ZuGZFJMAAAAJ&cstart=300&pagesize=100&citation_for_view=ZuGZFJMAAAAJ:vV6vV6tmYwMC",4,,,,0,0.00,0,7,26,"","",""
0,"PR Erlich, J Harte, MA Harwell, PH Raven, C Sagan, GM Woodwell, ...","Long-term effects of nuclear war",1984,"Polski tygodnik lekarski (Warsaw, Poland: 1960)","","","https://scholar.google.com",312,"2023-03-01 19:30:56","Journal article","","","https://scholar.google.com/citations?view_op=view_citation&hl=en&user=ZuGZFJMAAAAJ&cstart=300&pagesize=100&citation_for_view=ZuGZFJMAAAAJ:mNrWkgRL2YcC",39,44,1467,1470,0,0.00,0,7,39,"","",""
0,"M Rodriguez, R Kerner, M Hautzinger, M Beard, K Zhu, JJ Berry","Interface Studies of Chirality-Induced Spin Selective Hybrid Organic-Inorganic Perovskite Spintronic Devices",,"","","","https://scholar.google.com",313,"2023-03-01 19:30:56","","","","https://scholar.google.com/citations?view_op=view_citation&hl=en&user=ZuGZFJMAAAAJ&cstart=300&pagesize=100&citation_for_view=ZuGZFJMAAAAJ:WHdLCjDvYFkC",,,,,0,0.00,0,6,,"","",""
0,"M Gliboff, L Sang, KM Knesting, MC Schalnat, A Mudalige, EL Ratcliff, ...","Molecular Ordering and Orientation of Phenylphosphonic Acid Self-assembled Monolayers on a Transparent Conductive Oxide: A Combined NEXAFS, PM-IRRAS and DFT Study",,"","","","https://scholar.google.com",314,"2023-03-01 19:30:56","","","","https://scholar.google.com/citations?view_op=view_citation&hl=en&user=ZuGZFJMAAAAJ&cstart=300&pagesize=100&citation_for_view=ZuGZFJMAAAAJ:1lhNe0rCu4AC",,,,,0,0.00,0,7,,"","",""
0,"F Zhang, D Bi, N Pellet, C Xiao, Z Li, JJ Berry, SM Zakeeruddin, K Zhu, ...","Suppressing Defects Through Cooperation of Lewis Base and Lewis Acid for Perovskite Solar Cells with Efficiency Over 21% and Excellent Stability",,"","","","https://scholar.google.com",315,"2023-03-01 19:30:56","","","","https://scholar.google.com/citations?view_op=view_citation&hl=en&user=ZuGZFJMAAAAJ&cstart=300&pagesize=100&citation_for_view=ZuGZFJMAAAAJ:PVjk1bu6vJQC",,,,,0,0.00,0,9,,"","",""
0,"IN Mills, HN Kagalwala, S Bernhard","This journal is© The Royal Society of Chemistry 2016",,"","","","https://scholar.google.com",316,"2023-03-01 19:30:56","","","","https://scholar.google.com/citations?view_op=view_citation&hl=en&user=ZuGZFJMAAAAJ&cstart=300&pagesize=100&citation_for_view=ZuGZFJMAAAAJ:hCrLmN-GePgC",,,,,0,0.00,0,3,,"","",""
0,"BA MacLeod, BT de Villers, P Schulz, PF Ndione, H Kim, AJ Giordano, ...","Electronic Supplementary Information for: Stability of inverted or-ganic solar cells that use sol-gel-deposited ZnO electron contact layers",,"","","","https://scholar.google.com",317,"2023-03-01 19:30:56","","","","https://scholar.google.com/citations?view_op=view_citation&hl=en&user=ZuGZFJMAAAAJ&cstart=300&pagesize=100&citation_for_view=ZuGZFJMAAAAJ:FPJr55Dyh1AC",,,,,0,0.00,0,7,,"","",""
0,"KH Stone, M Yang, LT Schelhas, VL Pool, EM Sanehira, DP Ostrowski, ...","Structural Heterogeneity in CH3NH3PbI3 perovskite solar cells: amorphous content",,"","","","https://scholar.google.com",318,"2023-03-01 19:30:56","","","","https://scholar.google.com/citations?view_op=view_citation&hl=en&user=ZuGZFJMAAAAJ&cstart=300&pagesize=100&citation_for_view=ZuGZFJMAAAAJ:dTyEYWd-f8wC",,,,,0,0.00,0,7,,"","",""
0,"JJ Berry, E Fortunato, JE Medvedeva, Y Shigesato","Transparent Conducting Oxides and Applications",,"","","","https://scholar.google.com",319,"2023-03-01 19:30:56","","","","https://scholar.google.com/citations?view_op=view_citation&hl=en&user=ZuGZFJMAAAAJ&cstart=300&pagesize=100&citation_for_view=ZuGZFJMAAAAJ:4OULZ7Gr8RgC",,,,,0,0.00,0,4,,"","",""
