Cites,Authors,Title,Year,Source,Publisher,ArticleURL,CitesURL,GSRank,QueryDate,Type,DOI,ISSN,CitationURL,Volume,Issue,StartPage,EndPage,ECC,CitesPerYear,CitesPerAuthor,AuthorCount,Age,Abstract,FullTextURL,RelatedURL
2598,"B Liu, ES Aydil","Growth of Oriented Single-Crystalline Rutile TiO2 Nanorods on Transparent Conducting Substrates for Dye-Sensitized Solar Cells",2009,"Journal of the American Chemical Society","","","https://scholar.google.com/scholar?oi=bibs&hl=en&cites=494112234460770598",1,"2023-03-01 19:37:03","Journal article","","","https://scholar.google.com/citations?view_op=view_citation&hl=en&user=P6BSUWAAAAAJ&pagesize=100&citation_for_view=P6BSUWAAAAAJ:Y0pCki6q_DkC",131,11,3985,3990,2598,185.57,1299,2,14,"","",""
1342,"JB Baxter, ES Aydil","Nanowire-based dye-sensitized solar cells",2005,"Applied physics letters","","","https://scholar.google.com/scholar?oi=bibs&hl=en&cites=8213810537693914857",2,"2023-03-01 19:37:03","Journal article","","","https://scholar.google.com/citations?view_op=view_citation&hl=en&user=P6BSUWAAAAAJ&pagesize=100&citation_for_view=P6BSUWAAAAAJ:olpn-zPbct0C",86,5,53114,53114,1342,74.56,671,2,18,"","",""
1131,"KS Leschkies, R Divakar, J Basu, E Enache-Pommer, JE Boercker, ...","Photosensitization of ZnO nanowires with CdSe quantum dots for photovoltaic devices",2007,"Nano letters","","","https://scholar.google.com/scholar?oi=bibs&hl=en&cites=1154507848365702423",3,"2023-03-01 19:37:03","Journal article","","","https://scholar.google.com/citations?view_op=view_citation&hl=en&user=P6BSUWAAAAAJ&pagesize=100&citation_for_view=P6BSUWAAAAAJ:roLk4NBRz8UC",7,6,1793,1798,1131,70.69,189,6,16,"","",""
943,"WA Tisdale, KJ Williams, BA Timp, DJ Norris, ES Aydil, XY Zhu","Hot-electron transfer from semiconductor nanocrystals",2010,"Science","","","https://scholar.google.com/scholar?oi=bibs&hl=en&cites=11071544468897655919",4,"2023-03-01 19:37:03","Journal article","","","https://scholar.google.com/citations?view_op=view_citation&hl=en&user=P6BSUWAAAAAJ&pagesize=100&citation_for_view=P6BSUWAAAAAJ:_Re3VWB3Y0AC",328,5985,1543,1547,943,72.54,157,6,13,"","",""
736,"NA Alcantar, ES Aydil, JN Israelachvili","Polyethylene glycol–coated biocompatible surfaces",2000,"Journal of Biomedical Materials Research: An Official Journal of The Society …","","","https://scholar.google.com/scholar?oi=bibs&hl=en&cites=17556704617124736058",5,"2023-03-01 19:37:03","Journal article","","","https://scholar.google.com/citations?view_op=view_citation&hl=en&user=P6BSUWAAAAAJ&pagesize=100&citation_for_view=P6BSUWAAAAAJ:bKqednn6t2AC",,,,,736,32.00,245,3,23,"","",""
515,"JB Baxter, AM Walker, K Van Ommering, ES Aydil","Synthesis and characterization of ZnO nanowires and their integration into dye-sensitized solar cells",2006,"Nanotechnology 17 (11), S","","","https://scholar.google.com/scholar?oi=bibs&hl=en&cites=3321921068202629316",6,"2023-03-01 19:37:03","Journal article","","","https://scholar.google.com/citations?view_op=view_citation&hl=en&user=P6BSUWAAAAAJ&pagesize=100&citation_for_view=P6BSUWAAAAAJ:k_IJM867U9cC",304,,,,515,30.29,129,4,17,"","",""
479,"JB Baxter, ES Aydil","Dye-sensitized solar cells based on semiconductor morphologies with ZnO nanowires",2006,"Solar Energy Materials and Solar Cells","","","https://scholar.google.com/scholar?oi=bibs&hl=en&cites=3095827550248588204",7,"2023-03-01 19:37:03","Journal article","","","https://scholar.google.com/citations?view_op=view_citation&hl=en&user=P6BSUWAAAAAJ&pagesize=100&citation_for_view=P6BSUWAAAAAJ:j3f4tGmQtD8C",90,5,607,622,479,28.18,240,2,17,"","",""
466,"S Sriraman, S Agarwal, ES Aydil, D Maroudas","Mechanism of hydrogen-induced crystallization of amorphous silicon",2002,"Nature","","","https://scholar.google.com/scholar?oi=bibs&hl=en&cites=17849832585170614762",8,"2023-03-01 19:37:03","Journal article","","","https://scholar.google.com/citations?view_op=view_citation&hl=en&user=P6BSUWAAAAAJ&pagesize=100&citation_for_view=P6BSUWAAAAAJ:OcBU2YAGkTUC",418,6893,62,65,466,22.19,117,4,21,"","",""
366,"CA Wolden, J Kurtin, JB Baxter, I Repins, SE Shaheen, JT Torvik, ...","Photovoltaic manufacturing: Present status, future prospects, and research needs",2011,"Journal of Vacuum Science &Technology A: Vacuum, Surfaces, and Films 29 (3 …","","","https://scholar.google.com/scholar?oi=bibs&hl=en&cites=12737873001092355447",9,"2023-03-01 19:37:03","Journal article","","","https://scholar.google.com/citations?view_op=view_citation&hl=en&user=P6BSUWAAAAAJ&pagesize=100&citation_for_view=P6BSUWAAAAAJ:BUYA1_V_uYcC",,,,,366,30.50,52,7,12,"","",""
327,"UR Kortshagen, RM Sankaran, RN Pereira, SL Girshick, JJ Wu, ES Aydil","Nonthermal plasma synthesis of nanocrystals: fundamental principles, materials, and applications",2016,"Chemical reviews","","","https://scholar.google.com/scholar?oi=bibs&hl=en&cites=10409765323582852339",10,"2023-03-01 19:37:03","Journal article","","","https://scholar.google.com/citations?view_op=view_citation&hl=en&user=P6BSUWAAAAAJ&pagesize=100&citation_for_view=P6BSUWAAAAAJ:_Ybze24A_UAC",116,18,11061,11127,327,46.71,55,6,7,"","",""
326,"KS Leschkies, TJ Beatty, MS Kang, DJ Norris, ES Aydil","Solar cells based on junctions between colloidal PbSe nanocrystals and thin ZnO films",2009,"ACS nano","","","https://scholar.google.com/scholar?oi=bibs&hl=en&cites=2735739934181658605",11,"2023-03-01 19:37:03","Journal article","","","https://scholar.google.com/citations?view_op=view_citation&hl=en&user=P6BSUWAAAAAJ&pagesize=100&citation_for_view=P6BSUWAAAAAJ:HDshCWvjkbEC",3,11,3638,3648,326,23.29,65,5,14,"","",""
318,"A Khare, B Himmetoglu, M Johnson, DJ Norris, M Cococcioni, ES Aydil","Calculation of the lattice dynamics and Raman spectra of copper zinc tin chalcogenides and comparison to experiments",2012,"Journal of Applied Physics","","","https://scholar.google.com/scholar?oi=bibs&hl=en&cites=4240099284323380097",12,"2023-03-01 19:37:03","Journal article","","","https://scholar.google.com/citations?view_op=view_citation&hl=en&user=P6BSUWAAAAAJ&pagesize=100&citation_for_view=P6BSUWAAAAAJ:35N4QoGY0k4C",111,8,83707,83707,318,28.91,53,6,11,"","",""
283,"A Khare, AW Wills, LM Ammerman, DJ Norris, ES Aydil","Size control and quantum confinement in Cu 2 ZnSnS 4 nanocrystals",2011,"Chemical communications","","","https://scholar.google.com/scholar?oi=bibs&hl=en&cites=2233165175183725823",13,"2023-03-01 19:37:03","Journal article","","","https://scholar.google.com/citations?view_op=view_citation&hl=en&user=P6BSUWAAAAAJ&pagesize=100&citation_for_view=P6BSUWAAAAAJ:Wp0gIr-vW9MC",47,42,11721,11723,283,23.58,57,5,12,"","",""
276,"AJ Cheng, M Manno, A Khare, C Leighton, SA Campbell, ES Aydil","Imaging and phase identification of Cu2ZnSnS4 thin films using confocal Raman spectroscopy",2011,"Journal of Vacuum Science &Technology A: Vacuum, Surfaces, and Films 29 (5 …","","","https://scholar.google.com/scholar?oi=bibs&hl=en&cites=16655366262580846308",14,"2023-03-01 19:37:03","Journal article","","","https://scholar.google.com/citations?view_op=view_citation&hl=en&user=P6BSUWAAAAAJ&pagesize=100&citation_for_view=P6BSUWAAAAAJ:a9-T7VOCCH8C",,,,,276,23.00,46,6,12,"","",""
267,"B Liu, LM Liu, XF Lang, HY Wang, XWD Lou, ES Aydil","Doping high-surface-area mesoporous TiO 2 microspheres with carbonate for visible light hydrogen production",2014,"Energy &Environmental Science","","","https://scholar.google.com/scholar?oi=bibs&hl=en&cites=17451171106972597319",15,"2023-03-01 19:37:03","Journal article","","","https://scholar.google.com/citations?view_op=view_citation&hl=en&user=P6BSUWAAAAAJ&pagesize=100&citation_for_view=P6BSUWAAAAAJ:4vMrXwiscB8C",7,8,2592,2597,267,29.67,45,6,9,"","",""
216,"E Meeks, RS Larson, P Ho, C Apblett, SM Han, E Edelberg, ES Aydil","Modeling of  deposition in high density plasma reactors and comparisons of model predictions with experimental measurements",1998,"Journal of Vacuum Science &Technology A: Vacuum, Surfaces, and Films 16 (2 …","","","https://scholar.google.com/scholar?oi=bibs&hl=en&cites=6289000276270680560",16,"2023-03-01 19:37:03","Journal article","","","https://scholar.google.com/citations?view_op=view_citation&hl=en&user=P6BSUWAAAAAJ&pagesize=100&citation_for_view=P6BSUWAAAAAJ:1sJd4Hv_s6UC",,,,,216,8.64,31,7,25,"","",""
191,"B Liu, JE Boercker, ES Aydil","Oriented single crystalline titanium dioxide nanowires",2008,"Nanotechnology","","","https://scholar.google.com/scholar?oi=bibs&hl=en&cites=9441449906277228388",17,"2023-03-01 19:37:03","Journal article","","","https://scholar.google.com/citations?view_op=view_citation&hl=en&user=P6BSUWAAAAAJ&pagesize=100&citation_for_view=P6BSUWAAAAAJ:WqliGbK-hY8C",19,50,505604,505604,191,12.73,64,3,15,"","",""
174,"EA Edelberg, ES Aydil","Modeling of the sheath and the energy distribution of ions bombarding rf-biased substrates in high density plasma reactors and comparison to experimental measurements",1999,"Journal of applied physics","","","https://scholar.google.com/scholar?oi=bibs&hl=en&cites=5289104234554135841",18,"2023-03-01 19:37:03","Journal article","","","https://scholar.google.com/citations?view_op=view_citation&hl=en&user=P6BSUWAAAAAJ&pagesize=100&citation_for_view=P6BSUWAAAAAJ:zA6iFVUQeVQC",86,9,4799,4812,174,7.25,87,2,24,"","",""
173,"DC Marra, EA Edelberg, RL Naone, ES Aydil","Silicon hydride composition of plasma-deposited hydrogenated amorphous and nanocrystalline silicon films and surfaces",1998,"Journal of Vacuum Science &Technology A: Vacuum, Surfaces, and Films 16 (6 …","","","https://scholar.google.com/scholar?oi=bibs&hl=en&cites=6008133102849174581",19,"2023-03-01 19:37:03","Journal article","","","https://scholar.google.com/citations?view_op=view_citation&hl=en&user=P6BSUWAAAAAJ&pagesize=100&citation_for_view=P6BSUWAAAAAJ:b0M2c_1WBrUC",,,,,173,6.92,43,4,25,"","",""
169,"B Liu, A Khare, ES Aydil","TiO2–B/Anatase Core–Shell Heterojunction Nanowires for Photocatalysis",2011,"ACS applied materials &interfaces","","","https://scholar.google.com/scholar?oi=bibs&hl=en&cites=5889289257052734411",20,"2023-03-01 19:37:03","Journal article","","","https://scholar.google.com/citations?view_op=view_citation&hl=en&user=P6BSUWAAAAAJ&pagesize=100&citation_for_view=P6BSUWAAAAAJ:pyW8ca7W8N0C",3,11,4444,4450,169,14.08,56,3,12,"","",""
151,"SC Deshmukh, ES Aydil","Investigation of SiO2 plasma enhanced chemical vapor deposition through tetraethoxysilane using attenuated total reflection Fourier transform infrared spectroscopy",1995,"Journal of Vacuum Science &Technology A: Vacuum, Surfaces, and Films 13 (5 …","","","https://scholar.google.com/scholar?oi=bibs&hl=en&cites=944942416438635094",21,"2023-03-01 19:37:03","Journal article","","","https://scholar.google.com/citations?view_op=view_citation&hl=en&user=P6BSUWAAAAAJ&pagesize=100&citation_for_view=P6BSUWAAAAAJ:eQOLeE2rZwMC",,,,,151,5.39,76,2,28,"","",""
149,"M Sutcu, JS Gentelia, E Aydil","Non-Stick electroconductive amorphous silica coating",1996,"US Patent 5,549,604","","","https://scholar.google.com/scholar?oi=bibs&hl=en&cites=36678332585925197",22,"2023-03-01 19:37:03","Patent","","","https://scholar.google.com/citations?view_op=view_citation&hl=en&user=P6BSUWAAAAAJ&pagesize=100&citation_for_view=P6BSUWAAAAAJ:u5HHmVD_uO8C",,,,,149,5.52,50,3,27,"","",""
147,"E Enache-Pommer, JE Boercker, ES Aydil","Electron transport and recombination in polycrystalline  nanowire dye-sensitized solar cells",2007,"Applied Physics Letters","","","https://scholar.google.com/scholar?oi=bibs&hl=en&cites=13127860840775261443",23,"2023-03-01 19:37:03","Journal article","","","https://scholar.google.com/citations?view_op=view_citation&hl=en&user=P6BSUWAAAAAJ&pagesize=100&citation_for_view=P6BSUWAAAAAJ:L7CI7m0gUJcC",91,12,123116,123116,147,9.19,49,3,16,"","",""
144,"JB Baxter, F Wu, ES Aydil","Growth mechanism and characterization of zinc oxide hexagonal columns",2003,"Applied Physics Letters","","","https://scholar.google.com/scholar?oi=bibs&hl=en&cites=16916338756809497984",24,"2023-03-01 19:37:03","Journal article","","","https://scholar.google.com/citations?view_op=view_citation&hl=en&user=P6BSUWAAAAAJ&pagesize=100&citation_for_view=P6BSUWAAAAAJ:DUooU5lO8OsC",83,18,3797,3799,144,7.20,48,3,20,"","",""
140,"M Johnson, SV Baryshev, E Thimsen, M Manno, X Zhang, IV Veryovkin, ...","Alkali-metal-enhanced grain growth in Cu 2 ZnSnS 4 thin films",2014,"Energy &Environmental Science","","","https://scholar.google.com/scholar?oi=bibs&hl=en&cites=9887768259033596871",25,"2023-03-01 19:37:03","Journal article","","","https://scholar.google.com/citations?view_op=view_citation&hl=en&user=P6BSUWAAAAAJ&pagesize=100&citation_for_view=P6BSUWAAAAAJ:ZuybSZzF8UAC",7,6,1931,1938,140,15.56,20,7,9,"","",""
140,"KJ Williams, WA Tisdale, KS Leschkies, G Haugstad, DJ Norris, ES Aydil, ...","Strong electronic coupling in two-dimensional assemblies of colloidal PbSe quantum dots",2009,"ACS nano","","","https://scholar.google.com/scholar?oi=bibs&hl=en&cites=9596273492826074517",26,"2023-03-01 19:37:03","Journal article","","","https://scholar.google.com/citations?view_op=view_citation&hl=en&user=P6BSUWAAAAAJ&pagesize=100&citation_for_view=P6BSUWAAAAAJ:LjlpjdlvIbIC",3,6,1532,1538,140,10.00,20,7,14,"","",""
135,"DY Takamoto, E Aydil, JA Zasadzinski, AT Ivanova, DK Schwartz, T Yang, ...","Stable ordering in Langmuir-Blodgett films",2001,"Science","","","https://scholar.google.com/scholar?oi=bibs&hl=en&cites=6771503796880178320",27,"2023-03-01 19:37:03","Journal article","","","https://scholar.google.com/citations?view_op=view_citation&hl=en&user=P6BSUWAAAAAJ&pagesize=100&citation_for_view=P6BSUWAAAAAJ:K3LRdlH-MEoC",293,5533,1292,1295,135,6.14,19,7,22,"","",""
131,"JB Baxter, ES Aydil","Epitaxial growth of ZnO nanowires on a-and c-plane sapphire",2005,"Journal of crystal growth 274 (3-4)","","","https://scholar.google.com/scholar?oi=bibs&hl=en&cites=3122323638080420665",28,"2023-03-01 19:37:03","Journal article","","","https://scholar.google.com/citations?view_op=view_citation&hl=en&user=P6BSUWAAAAAJ&pagesize=100&citation_for_view=P6BSUWAAAAAJ:iH-uZ7U-co4C",,,407,411,131,7.28,66,2,18,"","",""
130,"JE Boercker, E Enache-Pommer, ES Aydil","Growth mechanism of titanium dioxide nanowires for dye-sensitized solar cells",2008,"Nanotechnology","","","https://scholar.google.com/scholar?oi=bibs&hl=en&cites=485312260735528441",29,"2023-03-01 19:37:03","Journal article","","","https://scholar.google.com/citations?view_op=view_citation&hl=en&user=P6BSUWAAAAAJ&pagesize=100&citation_for_view=P6BSUWAAAAAJ:zYLM7Y9cAGgC",19,9,95604,95604,130,8.67,43,3,15,"","",""
130,"SJ Ullal, AR Godfrey, E Edelberg, L Braly, V Vahedi, ES Aydil","Effect of chamber wall conditions on Cl and  concentrations in an inductively coupled plasma reactor",2002,"Journal of Vacuum Science &Technology A: Vacuum, Surfaces, and Films 20 (1 …","","","https://scholar.google.com/scholar?oi=bibs&hl=en&cites=6449299737324192625",30,"2023-03-01 19:37:03","Journal article","","","https://scholar.google.com/citations?view_op=view_citation&hl=en&user=P6BSUWAAAAAJ&pagesize=100&citation_for_view=P6BSUWAAAAAJ:SP6oXDckpogC",,,,,130,6.19,22,6,21,"","",""
129,"B Carlson, K Leschkies, ES Aydil, XY Zhu","Valence band alignment at cadmium selenide quantum dot and zinc oxide (1010) interfaces",2008,"The Journal of Physical Chemistry C","","","https://scholar.google.com/scholar?oi=bibs&hl=en&cites=9163855164745366331",31,"2023-03-01 19:37:03","Journal article","","","https://scholar.google.com/citations?view_op=view_citation&hl=en&user=P6BSUWAAAAAJ&pagesize=100&citation_for_view=P6BSUWAAAAAJ:JoZmwDi-zQgC",112,22,8419,8423,129,8.60,32,4,15,"","",""
129,"E Edelberg, S Bergh, R Naone, M Hall, ES Aydil","Luminescence from plasma deposited silicon films",1997,"Journal of applied physics","","","https://scholar.google.com/scholar?oi=bibs&hl=en&cites=17876800315595335207",32,"2023-03-01 19:37:03","Journal article","","","https://scholar.google.com/citations?view_op=view_citation&hl=en&user=P6BSUWAAAAAJ&pagesize=100&citation_for_view=P6BSUWAAAAAJ:OR75R8vi5nAC",81,5,2410,2417,129,4.96,26,5,26,"","",""
127,"SM Han, ES Aydil","Study of surface reactions during plasma enhanced chemical vapor deposition of SiO2 from SiH4, O2, and Ar plasma",1996,"Journal of Vacuum Science &Technology A: Vacuum, Surfaces, and Films 14 (4 …","","","https://scholar.google.com/scholar?oi=bibs&hl=en&cites=5778354679412426085",33,"2023-03-01 19:37:03","Journal article","","","https://scholar.google.com/citations?view_op=view_citation&hl=en&user=P6BSUWAAAAAJ&pagesize=100&citation_for_view=P6BSUWAAAAAJ:a0OBvERweLwC",,,,,127,4.70,64,2,27,"","",""
123,"WMM Kessels, AHM Smets, DC Marra, ES Aydil, DC Schram, ...","On the growth mechanism of a-Si: H",2001,"Thin Solid Films 383 (1-2)","","","https://scholar.google.com/scholar?oi=bibs&hl=en&cites=2078378081669652555",34,"2023-03-01 19:37:03","Book chapter","","","https://scholar.google.com/citations?view_op=view_citation&hl=en&user=P6BSUWAAAAAJ&pagesize=100&citation_for_view=P6BSUWAAAAAJ:M3ejUd6NZC8C",,,154,160,123,5.59,21,6,22,"","",""
121,"E Edelberg, S Bergh, R Naone, M Hall, ES Aydil","Visible Luminescence from Nanocrystalline silicon films produced by plasma enhanced chemical vapor deposition",1996,"Applied physics letters","","","https://scholar.google.com/scholar?oi=bibs&hl=en&cites=7715279762710285767",35,"2023-03-01 19:37:03","Journal article","","","https://scholar.google.com/citations?view_op=view_citation&hl=en&user=P6BSUWAAAAAJ&pagesize=100&citation_for_view=P6BSUWAAAAAJ:mvPsJ3kp5DgC",68,10,1415,1417,121,4.48,24,5,27,"","",""
120,"S Gomez, R Jun Belen, M Kiehlbauch, ES Aydil","Etching of high aspect ratio structures in Si using  plasma",2004,"Journal of Vacuum Science &Technology A: Vacuum, Surfaces, and Films 22 (3 …","","","https://scholar.google.com/scholar?oi=bibs&hl=en&cites=8056452544253087067",36,"2023-03-01 19:37:03","Journal article","","","https://scholar.google.com/citations?view_op=view_citation&hl=en&user=P6BSUWAAAAAJ&pagesize=100&citation_for_view=P6BSUWAAAAAJ:wbdj-CoPYUoC",,,,,120,6.32,30,4,19,"","",""
113,"E Enache-Pommer, B Liu, ES Aydil","Electron transport and recombination in dye-sensitized solar cells made from single-crystal rutile TiO 2 nanowires",2009,"Physical chemistry chemical physics","","","https://scholar.google.com/scholar?oi=bibs&hl=en&cites=9407946883715100171",37,"2023-03-01 19:37:03","Journal article","","","https://scholar.google.com/citations?view_op=view_citation&hl=en&user=P6BSUWAAAAAJ&pagesize=100&citation_for_view=P6BSUWAAAAAJ:5awf1xo2G04C",11,42,9648,9652,113,8.07,38,3,14,"","",""
107,"SH Jeong, ES Aydil","Heteroepitaxial growth of Cu2O thin film on ZnO by metal organic chemical vapor deposition",2009,"Journal of Crystal Growth","","","https://scholar.google.com/scholar?oi=bibs&hl=en&cites=92879108709925254",38,"2023-03-01 19:37:03","Journal article","","","https://scholar.google.com/citations?view_op=view_citation&hl=en&user=P6BSUWAAAAAJ&pagesize=100&citation_for_view=P6BSUWAAAAAJ:d1gkVwhDpl0C",311,17,4188,4192,107,7.64,54,2,14,"","",""
107,"DC Marra, ES Aydil","Effect of  addition on surface reactions during  plasma etching of silicon and silicon dioxide films",1997,"Journal of Vacuum Science &Technology A: Vacuum, Surfaces, and Films 15 (5 …","","","https://scholar.google.com/scholar?oi=bibs&hl=en&cites=11157564958253921131",39,"2023-03-01 19:37:03","Journal article","","","https://scholar.google.com/citations?view_op=view_citation&hl=en&user=P6BSUWAAAAAJ&pagesize=100&citation_for_view=P6BSUWAAAAAJ:2KloaMYe4IUC",,,,,107,4.12,54,2,26,"","",""
104,"KS Leschkies, AG Jacobs, DJ Norris, ES Aydil","Nanowire-quantum-dot solar cells and the influence of nanowire length on the charge collection efficiency",2009,"Applied Physics Letters","","","https://scholar.google.com/scholar?oi=bibs&hl=en&cites=7759362625109205793",40,"2023-03-01 19:37:03","Journal article","","","https://scholar.google.com/citations?view_op=view_citation&hl=en&user=P6BSUWAAAAAJ&pagesize=100&citation_for_view=P6BSUWAAAAAJ:V3AGJWp-ZtQC",95,19,193103,193103,104,7.43,26,4,14,"","",""
103,"EA Edelberg, A Perry, N Benjamin, ES Aydil","Energy distribution of ions bombarding biased electrodes in high density plasma reactors",1999,"Journal of Vacuum Science &Technology A: Vacuum, Surfaces, and Films 17 (2 …","","","https://scholar.google.com/scholar?oi=bibs&hl=en&cites=2597767319895035010",41,"2023-03-01 19:37:03","Journal article","","","https://scholar.google.com/citations?view_op=view_citation&hl=en&user=P6BSUWAAAAAJ&pagesize=100&citation_for_view=P6BSUWAAAAAJ:hC7cP41nSMkC",,,,,103,4.29,26,4,24,"","",""
101,"A Khare, B Himmetoglu, M Cococcioni, ES Aydil","First principles calculation of the electronic properties and lattice dynamics of Cu2ZnSn(S1−xSex)4",2012,"Journal of Applied Physics","","","https://scholar.google.com/scholar?oi=bibs&hl=en&cites=13001433430999059612",42,"2023-03-01 19:37:03","Journal article","","","https://scholar.google.com/citations?view_op=view_citation&hl=en&user=P6BSUWAAAAAJ&pagesize=100&citation_for_view=P6BSUWAAAAAJ:4MWp96NkSFoC",111,12,123704,123704,101,9.18,25,4,11,"","",""
101,"SM Han, ES Aydil","Reasons for lower dielectric constant of fluorinated  films",1998,"Journal of applied Physics","","","https://scholar.google.com/scholar?oi=bibs&hl=en&cites=2305621309452447718",43,"2023-03-01 19:37:03","Journal article","","","https://scholar.google.com/citations?view_op=view_citation&hl=en&user=P6BSUWAAAAAJ&pagesize=100&citation_for_view=P6BSUWAAAAAJ:9ZlFYXVOiuMC",83,4,2172,2178,101,4.04,51,2,25,"","",""
100,"NJ Kramer, RJ Anthony, M Mamunuru, ES Aydil, UR Kortshagen","Plasma-induced crystallization of silicon nanoparticles",2014,"Journal of Physics D: Applied Physics","","","https://scholar.google.com/scholar?oi=bibs&hl=en&cites=1091885890516551992",44,"2023-03-01 19:37:03","Journal article","","","https://scholar.google.com/citations?view_op=view_citation&hl=en&user=P6BSUWAAAAAJ&pagesize=100&citation_for_view=P6BSUWAAAAAJ:_FxGoFyzp5QC",47,7,75202,75202,100,11.11,20,5,9,"","",""
97,"E Thimsen, M Johnson, X Zhang, AJ Wagner, KA Mkhoyan, ...","High electron mobility in thin films formed via supersonic impact deposition of nanocrystals synthesized in nonthermal plasmas",2014,"Nature communications","","","https://scholar.google.com/scholar?oi=bibs&hl=en&cites=2765347763493696593",45,"2023-03-01 19:37:03","Journal article","","","https://scholar.google.com/citations?view_op=view_citation&hl=en&user=P6BSUWAAAAAJ&pagesize=100&citation_for_view=P6BSUWAAAAAJ:TQgYirikUcIC",5,1,5822,5822,97,10.78,16,6,9,"","",""
95,"SJ Ullal, H Singh, J Daugherty, V Vahedi, ES Aydil","Maintaining reproducible plasma reactor wall conditions:  plasma cleaning of films deposited on chamber walls during  plasma etching of Si",2002,"Journal of Vacuum Science &Technology A: Vacuum, Surfaces, and Films 20 (4 …","","","https://scholar.google.com/scholar?oi=bibs&hl=en&cites=8058829441828177705",46,"2023-03-01 19:37:03","Journal article","","","https://scholar.google.com/citations?view_op=view_citation&hl=en&user=P6BSUWAAAAAJ&pagesize=100&citation_for_view=P6BSUWAAAAAJ:5ugPr518TE4C",,,,,95,4.52,19,5,21,"","",""
94,"SC Deshmukh, ES Aydil","Low‐temperature plasma enhanced chemical vapor deposition of SiO2",1994,"Applied physics letters","","","https://scholar.google.com/scholar?oi=bibs&hl=en&cites=15940983135924988812",47,"2023-03-01 19:37:03","Journal article","","","https://scholar.google.com/citations?view_op=view_citation&hl=en&user=P6BSUWAAAAAJ&pagesize=100&citation_for_view=P6BSUWAAAAAJ:YohjEiUPhakC",65,25,3185,3187,94,3.24,47,2,29,"","",""
90,"KS Leschkies, MS Kang, ES Aydil, DJ Norris","Influence of atmospheric gases on the electrical properties of PbSe quantum-dot films",2010,"The Journal of Physical Chemistry C","","","https://scholar.google.com/scholar?oi=bibs&hl=en&cites=10138201842378949687",48,"2023-03-01 19:37:03","Journal article","","","https://scholar.google.com/citations?view_op=view_citation&hl=en&user=P6BSUWAAAAAJ&pagesize=100&citation_for_view=P6BSUWAAAAAJ:PR6Y55bgFSsC",114,21,9988,9996,90,6.92,23,4,13,"","",""
90,"S Agarwal, B Hoex, MCM Van de Sanden, D Maroudas, ES Aydil","Absolute densities of N and excited  in a  plasma",2003,"Applied physics letters","","","https://scholar.google.com/scholar?oi=bibs&hl=en&cites=15467592146252325377",49,"2023-03-01 19:37:03","Journal article","","","https://scholar.google.com/citations?view_op=view_citation&hl=en&user=P6BSUWAAAAAJ&pagesize=100&citation_for_view=P6BSUWAAAAAJ:0N-VGjzr574C",83,24,4918,4920,90,4.50,18,5,20,"","",""
83,"BD Chernomordik, AE Béland, DD Deng, LF Francis, ES Aydil","Microstructure Evolution and Crystal Growth in Cu2ZnSnS4 Thin Films Formed By Annealing Colloidal Nanocrystal Coatings",2014,"Chemistry of Materials","","","https://scholar.google.com/scholar?oi=bibs&hl=en&cites=1647086054352737796",50,"2023-03-01 19:37:03","Journal article","","","https://scholar.google.com/citations?view_op=view_citation&hl=en&user=P6BSUWAAAAAJ&pagesize=100&citation_for_view=P6BSUWAAAAAJ:8k81kl-MbHgC",26,10,3191,3201,83,9.22,17,5,9,"","",""
83,"BF Hanyaloglu, ES Aydil","Low temperature plasma deposition of silicon nitride from silane and nitrogen plasmas",1998,"Journal of Vacuum Science &Technology A: Vacuum, Surfaces, and Films 16 (5 …","","","https://scholar.google.com/scholar?oi=bibs&hl=en&cites=14300305809304358624",51,"2023-03-01 19:37:03","Journal article","","","https://scholar.google.com/citations?view_op=view_citation&hl=en&user=P6BSUWAAAAAJ&pagesize=100&citation_for_view=P6BSUWAAAAAJ:e_rmSamDkqQC",,,,,83,3.32,42,2,25,"","",""
81,"S Ramalingam, D Maroudas, ES Aydil","Atomistic simulation study of the interactions of  radicals with silicon surfaces",1999,"Journal of applied physics","","","https://scholar.google.com/scholar?oi=bibs&hl=en&cites=3492259564977297209",52,"2023-03-01 19:37:03","Journal article","","","https://scholar.google.com/citations?view_op=view_citation&hl=en&user=P6BSUWAAAAAJ&pagesize=100&citation_for_view=P6BSUWAAAAAJ:JV2RwH3_ST0C",86,5,2872,2888,81,3.38,27,3,24,"","",""
80,"SC Deshmukh, ES Aydil","Investigation of low temperature SiO2 plasma enhanced chemical vapor deposition",1996,"Journal of Vacuum Science &Technology B: Microelectronics and Nanometer …","","","https://scholar.google.com/scholar?oi=bibs&hl=en&cites=13674355362199459013",53,"2023-03-01 19:37:03","Journal article","","","https://scholar.google.com/citations?view_op=view_citation&hl=en&user=P6BSUWAAAAAJ&pagesize=100&citation_for_view=P6BSUWAAAAAJ:lmc2jWPfTJgC",,,,,80,2.96,40,2,27,"","",""
76,"MJ Behr, EA Gaulding, KA Mkhoyan, ES Aydil","Effect of hydrogen on catalyst nanoparticles in carbon nanotube growth",2010,"Journal of Applied Physics","","","https://scholar.google.com/scholar?oi=bibs&hl=en&cites=13235362776572277238",54,"2023-03-01 19:37:03","Journal article","","","https://scholar.google.com/citations?view_op=view_citation&hl=en&user=P6BSUWAAAAAJ&pagesize=100&citation_for_view=P6BSUWAAAAAJ:hMsQuOkrut0C",108,5,53303,53303,76,5.85,19,4,13,"","",""
75,"JE Boercker, JB Schmidt, ES Aydil","Transport limited growth of zinc oxide nanowires",2009,"Crystal growth and design","","","https://scholar.google.com/scholar?oi=bibs&hl=en&cites=2709928550185326806",55,"2023-03-01 19:37:03","Journal article","","","https://scholar.google.com/citations?view_op=view_citation&hl=en&user=P6BSUWAAAAAJ&pagesize=100&citation_for_view=P6BSUWAAAAAJ:-f6ydRqryjwC",9,6,2783,2789,75,5.36,25,3,14,"","",""
75,"S Agarwal, GWW Quax, MCM Van de Sanden, D Maroudas, ES Aydil","Measurement of absolute radical densities in a plasma using modulated-beam line-of-sight threshold ionization mass spectrometry",2004,"Journal of Vacuum Science &Technology A: Vacuum, Surfaces, and Films 22 (1 …","","","https://scholar.google.com/scholar?oi=bibs&hl=en&cites=17548837998798251130",56,"2023-03-01 19:37:03","Journal article","","","https://scholar.google.com/citations?view_op=view_citation&hl=en&user=P6BSUWAAAAAJ&pagesize=100&citation_for_view=P6BSUWAAAAAJ:HtS1dXgVpQUC",,,,,75,3.95,15,5,19,"","",""
74,"SM Han, ES Aydil","Structure and chemical composition of fluorinated  films deposited using  plasmas",1997,"Journal of Vacuum Science &Technology A: Vacuum, Surfaces, and Films 15 (6 …","","","https://scholar.google.com/scholar?oi=bibs&hl=en&cites=15151196213481226017",57,"2023-03-01 19:37:03","Journal article","","","https://scholar.google.com/citations?view_op=view_citation&hl=en&user=P6BSUWAAAAAJ&pagesize=100&citation_for_view=P6BSUWAAAAAJ:Dip1O2bNi0gC",,,,,74,2.85,37,2,26,"","",""
73,"BL Greenberg, S Ganguly, JT Held, NJ Kramer, KA Mkhoyan, ES Aydil, ...","Nonequilibrium-plasma-synthesized ZnO nanocrystals with plasmon resonance tunable via Al doping and quantum confinement",2015,"Nano letters","","","https://scholar.google.com/scholar?oi=bibs&hl=en&cites=533301713159898743",58,"2023-03-01 19:37:03","Journal article","","","https://scholar.google.com/citations?view_op=view_citation&hl=en&user=P6BSUWAAAAAJ&pagesize=100&citation_for_view=P6BSUWAAAAAJ:W7OEmFMy1HYC",15,12,8162,8169,73,9.13,10,7,8,"","",""
73,"X Zhang, M Manno, A Baruth, M Johnson, ES Aydil, C Leighton","Crossover from nanoscopic intergranular hopping to conventional charge transport in pyrite thin films",2013,"ACS nano","","","https://scholar.google.com/scholar?oi=bibs&hl=en&cites=16297745635932997071",59,"2023-03-01 19:37:03","Journal article","","","https://scholar.google.com/citations?view_op=view_citation&hl=en&user=P6BSUWAAAAAJ&pagesize=100&citation_for_view=P6BSUWAAAAAJ:GtLg2Ama23sC",7,3,2781,2789,73,7.30,12,6,10,"","",""
72,"S Ramalingam, D Maroudas, ES Aydil","Interactions of SiH radicals with silicon surfaces: An atomic-scale simulation study",1998,"Journal of applied physics","","","https://scholar.google.com/scholar?oi=bibs&hl=en&cites=16811008017601329692",60,"2023-03-01 19:37:03","Journal article","","","https://scholar.google.com/citations?view_op=view_citation&hl=en&user=P6BSUWAAAAAJ&pagesize=100&citation_for_view=P6BSUWAAAAAJ:XvxMoLDsR5gC",84,7,3895,3911,72,2.88,24,3,25,"","",""
71,"B Liu, ES Aydil","Anatase TiO2 films with reactive {001} facets on transparent conductive substrate",2011,"Chemical Communications","","","https://scholar.google.com/scholar?oi=bibs&hl=en&cites=3174459530801740423",61,"2023-03-01 19:37:03","Journal article","","","https://scholar.google.com/citations?view_op=view_citation&hl=en&user=P6BSUWAAAAAJ&pagesize=100&citation_for_view=P6BSUWAAAAAJ:TFP_iSt0sucC",47,33,9507,9509,71,5.92,36,2,12,"","",""
68,"S Ramalingam, D Maroudas, ES Aydil, SP Walch","Abstraction of hydrogen by SiH3 from hydrogen-terminated Si (001)-(2× 1) surfaces",1998,"Surface science 418 (1), L8-L","","","https://scholar.google.com/scholar?oi=bibs&hl=en&cites=3147467745283505324",62,"2023-03-01 19:37:03","Journal article","","","https://scholar.google.com/citations?view_op=view_citation&hl=en&user=P6BSUWAAAAAJ&pagesize=100&citation_for_view=P6BSUWAAAAAJ:bEWYMUwI8FkC",13,,,,68,2.72,17,4,25,"","",""
65,"BD Chernomordik, AE Béland, ND Trejo, AA Gunawan, DD Deng, ...","Rapid facile synthesis of Cu 2 ZnSnS 4 nanocrystals",2014,"Journal of Materials Chemistry A","","","https://scholar.google.com/scholar?oi=bibs&hl=en&cites=3117074095494510744",63,"2023-03-01 19:37:03","Journal article","","","https://scholar.google.com/citations?view_op=view_citation&hl=en&user=P6BSUWAAAAAJ&pagesize=100&citation_for_view=P6BSUWAAAAAJ:r0BpntZqJG4C",2,27,10389,10395,65,7.22,11,6,9,"","",""
65,"CA Wolden, TM Barnes, JB Baxter, ES Aydil","Infrared detection of hydrogen-generated free carriers in polycrystalline ZnO thin films",2005,"Journal of applied physics","","","https://scholar.google.com/scholar?oi=bibs&hl=en&cites=10967989523356915866",64,"2023-03-01 19:37:03","Journal article","","","https://scholar.google.com/citations?view_op=view_citation&hl=en&user=P6BSUWAAAAAJ&pagesize=100&citation_for_view=P6BSUWAAAAAJ:ZfRJV9d4-WMC",97,4,43522,43522,65,3.61,16,4,18,"","",""
65,"ZH Zhou, ES Aydil, RA Gottscho, YJ Chabal, R Reif","Real‐time, in situ monitoring of room‐temperature silicon surface cleaning using hydrogen and ammonia plasmas",1993,"Journal of The Electrochemical Society","","","https://scholar.google.com/scholar?oi=bibs&hl=en&cites=10318823692274716124",65,"2023-03-01 19:37:03","Journal article","","","https://scholar.google.com/citations?view_op=view_citation&hl=en&user=P6BSUWAAAAAJ&pagesize=100&citation_for_view=P6BSUWAAAAAJ:uLbwQdceFCQC",140,11,3316,3316,65,2.17,13,5,30,"","",""
63,"D Ray, C Clark, HQ Pham, J Borycz, RJ Holmes, ES Aydil, L Gagliardi","Computational Study of Structural and Electronic Properties of Lead-Free CsMI3 Perovskites (M = Ge, Sn, Pb, Mg, Ca, Sr, and Ba)",2018,"The Journal of Physical Chemistry C","","","https://scholar.google.com/scholar?oi=bibs&hl=en&cites=2386843990332364974",66,"2023-03-01 19:37:03","Journal article","","","https://scholar.google.com/citations?view_op=view_citation&hl=en&user=P6BSUWAAAAAJ&pagesize=100&citation_for_view=P6BSUWAAAAAJ:7PzlFSSx8tAC",122,14,7838,7848,63,12.60,9,7,5,"","",""
60,"MC Johnson, C Wrasman, X Zhang, M Manno, C Leighton, ES Aydil","Self-Regulation of Cu/Sn Ratio in the Synthesis of Cu2ZnSnS4 Films",2015,"Chemistry of Materials","","","https://scholar.google.com/scholar?oi=bibs&hl=en&cites=17124930595926905369",67,"2023-03-01 19:37:03","Journal article","","","https://scholar.google.com/citations?view_op=view_citation&hl=en&user=P6BSUWAAAAAJ&pagesize=100&citation_for_view=P6BSUWAAAAAJ:OTTXONDVkokC",27,7,2507,2514,60,7.50,10,6,8,"","",""
59,"MJ Behr, KA Mkhoyan, ES Aydil","Orientation and morphological evolution of catalyst nanoparticles during carbon nanotube growth",2010,"Acs Nano","","","https://scholar.google.com/scholar?oi=bibs&hl=en&cites=17107514579785755383",68,"2023-03-01 19:37:03","Journal article","","","https://scholar.google.com/citations?view_op=view_citation&hl=en&user=P6BSUWAAAAAJ&pagesize=100&citation_for_view=P6BSUWAAAAAJ:mlAyqtXpCwEC",4,9,5087,5094,59,4.54,20,3,13,"","",""
59,"SJ Ullal, H Singh, V Vahedi, ES Aydil","Deposition of silicon oxychloride films on chamber walls during  plasma etching of Si",2002,"Journal of Vacuum Science &Technology A: Vacuum, Surfaces, and Films 20 (2 …","","","https://scholar.google.com/scholar?oi=bibs&hl=en&cites=6662014418985759523",69,"2023-03-01 19:37:03","Journal article","","","https://scholar.google.com/citations?view_op=view_citation&hl=en&user=P6BSUWAAAAAJ&pagesize=100&citation_for_view=P6BSUWAAAAAJ:XiSMed-E-HIC",,,,,59,2.81,15,4,21,"","",""
59,"ES Aydil, KP Giapis, RA Gottscho, VM Donnelly, E Yoon","Ammonia plasma passivation of GaAs in downstream microwave and radio‐frequency parallel plate plasma reactors",1993,"Journal of Vacuum Science &Technology B: Microelectronics and Nanometer …","","","https://scholar.google.com/scholar?oi=bibs&hl=en&cites=815709699104157020",70,"2023-03-01 19:37:03","Journal article","","","https://scholar.google.com/citations?view_op=view_citation&hl=en&user=P6BSUWAAAAAJ&pagesize=100&citation_for_view=P6BSUWAAAAAJ:YsMSGLbcyi4C",,,,,59,1.97,12,5,30,"","",""
59,"ES Aydil, DJ Economou","Theoretical and experimental investigations of chlorine RF glow discharges: I. Theoretical",1992,"Journal of the Electrochemical Society","","","https://scholar.google.com/scholar?oi=bibs&hl=en&cites=15394179998876719554",71,"2023-03-01 19:37:03","Journal article","","","https://scholar.google.com/citations?view_op=view_citation&hl=en&user=P6BSUWAAAAAJ&pagesize=100&citation_for_view=P6BSUWAAAAAJ:ruyezt5ZtCIC",139,5,1396,1396,59,1.90,30,2,31,"","",""
58,"AR Godfrey, SJ Ullal, LB Braly, EA Edelberg, V Vahedi, ES Aydil","New diagnostic method for monitoring plasma reactor walls: Multiple total internal reflection Fourier transform infrared surface probe",2001,"Review of scientific instruments","","","https://scholar.google.com/scholar?oi=bibs&hl=en&cites=5197809432793678187",72,"2023-03-01 19:37:03","Journal article","","","https://scholar.google.com/citations?view_op=view_citation&hl=en&user=P6BSUWAAAAAJ&pagesize=100&citation_for_view=P6BSUWAAAAAJ:3s1wT3WcHBgC",72,8,3260,3269,58,2.64,10,6,22,"","",""
57,"DC Marra, WMM Kessels, MCM Van de Sanden, K Kashefizadeh, ...","Surface hydride composition of plasma deposited hydrogenated amorphous silicon: in situ infrared study of ion flux and temperature dependence",2003,"Surface science 530 (1-2)","","","https://scholar.google.com/scholar?oi=bibs&hl=en&cites=9092498270316438615",73,"2023-03-01 19:37:03","Book chapter","","","https://scholar.google.com/citations?view_op=view_citation&hl=en&user=P6BSUWAAAAAJ&pagesize=100&citation_for_view=P6BSUWAAAAAJ:tkaPQYYpVKoC",,,1,16,57,2.85,11,5,20,"","",""
56,"N Bilik, R Anthony, BA Merritt, ES Aydil, UR Kortshagen","Langmuir probe measurements of electron energy probability functions in dusty plasmas",2015,"Journal of Physics D: Applied Physics","","","https://scholar.google.com/scholar?oi=bibs&hl=en&cites=2369414112963262261",74,"2023-03-01 19:37:03","Journal article","","","https://scholar.google.com/citations?view_op=view_citation&hl=en&user=P6BSUWAAAAAJ&pagesize=100&citation_for_view=P6BSUWAAAAAJ:dhFuZR0502QC",48,10,105204,105204,56,7.00,11,5,8,"","",""
56,"WA Tisdale, M Muntwiler, DJ Norris, ES Aydil, XY Zhu","Electron dynamics at the ZnO (1010) surface",2008,"The Journal of Physical Chemistry C","","","https://scholar.google.com/scholar?oi=bibs&hl=en&cites=1235027784685778212",75,"2023-03-01 19:37:03","Journal article","","","https://scholar.google.com/citations?view_op=view_citation&hl=en&user=P6BSUWAAAAAJ&pagesize=100&citation_for_view=P6BSUWAAAAAJ:Se3iqnhoufwC",112,37,14682,14692,56,3.73,11,5,15,"","",""
56,"RJ Belen, S Gomez, M Kiehlbauch, D Cooperberg, ES Aydil","Feature-scale model of Si etching in  plasma and comparison with experiments",2005,"Journal of Vacuum Science &Technology A: Vacuum, Surfaces, and Films 23 (1 …","","","https://scholar.google.com/scholar?oi=bibs&hl=en&cites=11490764614886784387",76,"2023-03-01 19:37:03","Journal article","","","https://scholar.google.com/citations?view_op=view_citation&hl=en&user=P6BSUWAAAAAJ&pagesize=100&citation_for_view=P6BSUWAAAAAJ:z_wVstp3MssC",,,,,56,3.11,11,5,18,"","",""
55,"ES Aydil, DJ Economou","Modeling of plasma etching reactors including wafer heating effects",1993,"Journal of the electrochemical society","","","https://scholar.google.com/scholar?oi=bibs&hl=en&cites=4512533972546083616",77,"2023-03-01 19:37:03","Journal article","","","https://scholar.google.com/citations?view_op=view_citation&hl=en&user=P6BSUWAAAAAJ&pagesize=100&citation_for_view=P6BSUWAAAAAJ:ldfaerwXgEUC",140,5,1471,1471,55,1.83,28,2,30,"","",""
54,"S Sriraman, MS Valipa, ES Aydil, D Maroudas","Hydrogen-induced crystallization of amorphous silicon thin films. I. Simulation and analysis of film postgrowth treatment with  plasmas",2006,"Journal of Applied Physics","","","https://scholar.google.com/scholar?oi=bibs&hl=en&cites=4750533085415096788",78,"2023-03-01 19:37:03","Journal article","","","https://scholar.google.com/citations?view_op=view_citation&hl=en&user=P6BSUWAAAAAJ&pagesize=100&citation_for_view=P6BSUWAAAAAJ:g5m5HwL7SMYC",100,5,53514,53514,54,3.18,14,4,17,"","",""
54,"ES Aydil, JA Gregus, RA Gottscho","Multiple steady states in electron cyclotron resonance plasma reactors",1993,"Journal of Vacuum Science &Technology A: Vacuum, Surfaces, and Films 11 (6 …","","","https://scholar.google.com/scholar?oi=bibs&hl=en&cites=16144893951998366800",79,"2023-03-01 19:37:03","Journal article","","","https://scholar.google.com/citations?view_op=view_citation&hl=en&user=P6BSUWAAAAAJ&pagesize=100&citation_for_view=P6BSUWAAAAAJ:4fGpz3EwCPoC",,,,,54,1.80,18,3,30,"","",""
53,"S Agarwal, A Takano, MCM Van De Sanden, D Maroudas, ES Aydil","Abstraction of atomic hydrogen by atomic deuterium from an amorphous hydrogenated silicon surface",2002,"The Journal of chemical physics","","","https://scholar.google.com/scholar?oi=bibs&hl=en&cites=2048288886600514478",80,"2023-03-01 19:37:03","Journal article","","","https://scholar.google.com/citations?view_op=view_citation&hl=en&user=P6BSUWAAAAAJ&pagesize=100&citation_for_view=P6BSUWAAAAAJ:4TOpqqG69KYC",117,23,10805,10816,53,2.52,11,5,21,"","",""
49,"EA Edelberg, A Perry, N Benjamin, ES Aydil","Compact floating ion energy analyzer for measuring energy distributions of ions bombarding radio-frequency biased electrode surfaces",1999,"Review of scientific instruments","","","https://scholar.google.com/scholar?oi=bibs&hl=en&cites=18333614371259613761",81,"2023-03-01 19:37:03","Journal article","","","https://scholar.google.com/citations?view_op=view_citation&hl=en&user=P6BSUWAAAAAJ&pagesize=100&citation_for_view=P6BSUWAAAAAJ:F9fV5C73w3QC",70,6,2689,2698,49,2.04,12,4,24,"","",""
49,"D Economou, ES Aydil, G Barna","In situ monitoring of etching uniformity in plasma reactors",1991,"Solid State Technology","","","https://scholar.google.com/scholar?oi=bibs&hl=en&cites=9194043699427903161",82,"2023-03-01 19:37:03","Journal article","","","https://scholar.google.com/citations?view_op=view_citation&hl=en&user=P6BSUWAAAAAJ&pagesize=100&citation_for_view=P6BSUWAAAAAJ:9vf0nzSNQJEC",34,4,107,112,49,1.53,16,3,32,"","",""
48,"S Ramalingam, S Sriraman, ES Aydil, D Maroudas","Evolution of structure, morphology, and reactivity of hydrogenated amorphous silicon film surfaces grown by molecular-dynamics simulation",2001,"Applied Physics Letters","","","https://scholar.google.com/scholar?oi=bibs&hl=en&cites=5660227062452963424",83,"2023-03-01 19:37:03","Journal article","","","https://scholar.google.com/citations?view_op=view_citation&hl=en&user=P6BSUWAAAAAJ&pagesize=100&citation_for_view=P6BSUWAAAAAJ:yD5IFk8b50cC",78,18,2685,2687,48,2.18,12,4,22,"","",""
47,"SH Jeong, SH Song, K Nagaich, SA Campbell, ES Aydil","An analysis of temperature dependent current–voltage characteristics of Cu2O–ZnO heterojunction solar cells",2011,"Thin Solid Films","","","https://scholar.google.com/scholar?oi=bibs&hl=en&cites=5551610443660669818",84,"2023-03-01 19:37:03","Journal article","","","https://scholar.google.com/citations?view_op=view_citation&hl=en&user=P6BSUWAAAAAJ&pagesize=100&citation_for_view=P6BSUWAAAAAJ:cFHS6HbyZ2cC",519,19,6613,6619,47,3.92,9,5,12,"","",""
46,"TW Kim, ES Aydil","Effects of chamber wall conditions on Cl concentration and Si etch rate uniformity in plasma etching reactors",2003,"Journal of the Electrochemical Society 150 (7), G","","","https://scholar.google.com/scholar?oi=bibs&hl=en&cites=11985429721689647475",85,"2023-03-01 19:37:03","Journal article","","","https://scholar.google.com/citations?view_op=view_citation&hl=en&user=P6BSUWAAAAAJ&pagesize=100&citation_for_view=P6BSUWAAAAAJ:uc_IGeMz5qoC",418,,,,46,2.30,23,2,20,"","",""
45,"X Zhang, T Scott, T Socha, D Nielsen, M Manno, M Johnson, Y Yan, ...","Phase stability and stoichiometry in thin film iron pyrite: Impact on electronic transport properties",2015,"ACS applied materials &interfaces","","","https://scholar.google.com/scholar?oi=bibs&hl=en&cites=7197805460151785609",86,"2023-03-01 19:37:03","Journal article","","","https://scholar.google.com/citations?view_op=view_citation&hl=en&user=P6BSUWAAAAAJ&pagesize=100&citation_for_view=P6BSUWAAAAAJ:5Ul4iDaHHb8C",7,25,14130,14139,45,5.63,6,8,8,"","",""
44,"BS Tosun, RK Feist, A Gunawan, KA Mkhoyan, SA Campbell, ES Aydil","Sputter deposition of semicrystalline tin dioxide films",2012,"Thin Solid Films","","","https://scholar.google.com/scholar?oi=bibs&hl=en&cites=7006101961563230599",87,"2023-03-01 19:37:03","Journal article","","","https://scholar.google.com/citations?view_op=view_citation&hl=en&user=P6BSUWAAAAAJ&pagesize=100&citation_for_view=P6BSUWAAAAAJ:4fKUyHm3Qg0C",520,7,2554,2561,44,4.00,7,6,11,"","",""
41,"BS Tosun, BD Chernomordik, AA Gunawan, B Williams, KA Mkhoyan, ...","Cu 2 ZnSnS 4 nanocrystal dispersions in polar liquids",2013,"Chemical Communications","","","https://scholar.google.com/scholar?oi=bibs&hl=en&cites=6937814538745641630",88,"2023-03-01 19:37:03","Journal article","","","https://scholar.google.com/citations?view_op=view_citation&hl=en&user=P6BSUWAAAAAJ&pagesize=100&citation_for_view=P6BSUWAAAAAJ:08ZZubdj9fEC",49,34,3549,3551,41,4.10,7,6,10,"","",""
41,"B Liu, A Khare, ES Aydil","Synthesis of single-crystalline anatase nanorods and nanoflakes on transparent conducting substrates",2012,"Chemical Communications","","","https://scholar.google.com/scholar?oi=bibs&hl=en&cites=10884717865897661253",89,"2023-03-01 19:37:03","Journal article","","","https://scholar.google.com/citations?view_op=view_citation&hl=en&user=P6BSUWAAAAAJ&pagesize=100&citation_for_view=P6BSUWAAAAAJ:tKAzc9rXhukC",48,68,8565,8567,41,3.73,14,3,11,"","",""
41,"RJ Belen, S Gomez, D Cooperberg, M Kiehlbauch, ES Aydil","Feature-scale model of Si etching in  plasma and comparison with experiments",2005,"Journal of Vacuum Science &Technology A: Vacuum, Surfaces, and Films 23 (5 …","","","https://scholar.google.com/scholar?oi=bibs&hl=en&cites=12631155994716419099",90,"2023-03-01 19:37:03","Journal article","","","https://scholar.google.com/citations?view_op=view_citation&hl=en&user=P6BSUWAAAAAJ&pagesize=100&citation_for_view=P6BSUWAAAAAJ:AvfA0Oy_GE0C",,,,,41,2.28,8,5,18,"","",""
41,"SM Han, ES Aydil","Detection of combinative infrared absorption bands in thin silicon dioxide films",1997,"Applied physics letters","","","https://scholar.google.com/scholar?oi=bibs&hl=en&cites=11831665807386668550",91,"2023-03-01 19:37:03","Journal article","","","https://scholar.google.com/citations?view_op=view_citation&hl=en&user=P6BSUWAAAAAJ&pagesize=100&citation_for_view=P6BSUWAAAAAJ:0KyAp5RtaNEC",70,24,3269,3271,41,1.58,21,2,26,"","",""
40,"DJ Norris, ES Aydil","Getting Moore from solar cells",2012,"Science","","","https://scholar.google.com/scholar?oi=bibs&hl=en&cites=2155565228980004530",92,"2023-03-01 19:37:03","Journal article","","","https://scholar.google.com/citations?view_op=view_citation&hl=en&user=P6BSUWAAAAAJ&pagesize=100&citation_for_view=P6BSUWAAAAAJ:aqlVkmm33-oC",338,6107,625,626,40,3.64,20,2,11,"","",""
39,"BL Greenberg, ZL Robinson, KV Reich, C Gorynski, BN Voigt, LF Francis, ...","ZnO nanocrystal networks near the insulator–metal transition: tuning contact radius and electron density with intense pulsed light",2017,"Nano letters","","","https://scholar.google.com/scholar?oi=bibs&hl=en&cites=11184226466768851416",93,"2023-03-01 19:37:03","Journal article","","","https://scholar.google.com/citations?view_op=view_citation&hl=en&user=P6BSUWAAAAAJ&pagesize=100&citation_for_view=P6BSUWAAAAAJ:-_dYPAW6P2MC",17,8,4634,4642,39,6.50,6,7,6,"","",""
39,"NJ Kramer, ES Aydil, UR Kortshagen","Requirements for plasma synthesis of nanocrystals at atmospheric pressures",2015,"Journal of Physics D: Applied Physics","","","https://scholar.google.com/scholar?oi=bibs&hl=en&cites=5098246690319897971",94,"2023-03-01 19:37:03","Journal article","","","https://scholar.google.com/citations?view_op=view_citation&hl=en&user=P6BSUWAAAAAJ&pagesize=100&citation_for_view=P6BSUWAAAAAJ:ZHo1McVdvXMC",48,3,35205,35205,39,4.88,13,3,8,"","",""
39,"BS Tosun, C Pettit, SA Campbell, ES Aydil","Structure and Composition of ZnxCd1–xS Films Synthesized through Chemical Bath Deposition",2012,"ACS Applied Materials &Interfaces","","","https://scholar.google.com/scholar?oi=bibs&hl=en&cites=10656082935408373269",95,"2023-03-01 19:37:03","Journal article","","","https://scholar.google.com/citations?view_op=view_citation&hl=en&user=P6BSUWAAAAAJ&pagesize=100&citation_for_view=P6BSUWAAAAAJ:kzcrU_BdoSEC",4,7,3676,3684,39,3.55,10,4,11,"","",""
39,"MS Valipa, S Sriraman, ES Aydil, D Maroudas","Hydrogen-induced crystallization of amorphous Si thin films. II. Mechanisms and energetics of hydrogen insertion into Si–Si bonds",2006,"Journal of applied physics","","","https://scholar.google.com/scholar?oi=bibs&hl=en&cites=7651929842074149317",96,"2023-03-01 19:37:03","Journal article","","","https://scholar.google.com/citations?view_op=view_citation&hl=en&user=P6BSUWAAAAAJ&pagesize=100&citation_for_view=P6BSUWAAAAAJ:BrmTIyaxlBUC",100,5,53515,53515,39,2.29,10,4,17,"","",""
39,"ES Aydil, RA Gottscho, YJ Chabal","Real-time monitoring of surface chemistry during plasma processing",1994,"Pure and applied chemistry","","","https://scholar.google.com/scholar?oi=bibs&hl=en&cites=11152526659167132273",97,"2023-03-01 19:37:03","Journal article","","","https://scholar.google.com/citations?view_op=view_citation&hl=en&user=P6BSUWAAAAAJ&pagesize=100&citation_for_view=P6BSUWAAAAAJ:tzM49s52ZIMC",66,6,1381,1388,39,1.34,13,3,29,"","",""
39,"ES Aydil, DJ Economou","Theoretical and experimental investigations of chlorine RF glow discharges: II. Experimental",1992,"Journal of the Electrochemical Society","","","https://scholar.google.com/scholar?oi=bibs&hl=en&cites=15290200119465234983",98,"2023-03-01 19:37:03","Journal article","","","https://scholar.google.com/citations?view_op=view_citation&hl=en&user=P6BSUWAAAAAJ&pagesize=100&citation_for_view=P6BSUWAAAAAJ:xtoqd-5pKcoC",139,5,1406,1406,39,1.26,20,2,31,"","",""
38,"BD Chernomordik, PM Ketkar, AK Hunter, AE Beland, DD Deng, ES Aydil","Microstructure Evolution During Selenization of Cu2ZnSnS4 Colloidal Nanocrystal Coatings",2016,"Chemistry of Materials","","","https://scholar.google.com/scholar?oi=bibs&hl=en&cites=5421570025359373509",99,"2023-03-01 19:37:03","Journal article","","","https://scholar.google.com/citations?view_op=view_citation&hl=en&user=P6BSUWAAAAAJ&pagesize=100&citation_for_view=P6BSUWAAAAAJ:fPk4N6BV_jEC",28,5,1266,1276,38,5.43,6,6,7,"","",""
38,"B Liu, D Deng, JY Lee, ES Aydil","Oriented single-crystalline TiO2 nanowires on titanium foil for lithium ion batteries",2010,"Journal of Materials Research","","","https://scholar.google.com/scholar?oi=bibs&hl=en&cites=2247581239220899758",100,"2023-03-01 19:37:03","Journal article","","","https://scholar.google.com/citations?view_op=view_citation&hl=en&user=P6BSUWAAAAAJ&pagesize=100&citation_for_view=P6BSUWAAAAAJ:mVmsd5A6BfQC",25,8,1588,1594,38,2.92,10,4,13,"","",""
38,"WMM Kessels, DC Marra, MCM Van de Sanden, ES Aydil","In situ probing of surface hydrides on hydrogenated amorphous silicon using attenuated total reflection infrared spectroscopy",2002,"Journal of Vacuum Science &Technology A: Vacuum, Surfaces, and Films 20 (3 …","","","https://scholar.google.com/scholar?oi=bibs&hl=en&cites=3026611375869276691",101,"2023-03-01 19:37:03","Journal article","","","https://scholar.google.com/citations?view_op=view_citation&hl=en&user=P6BSUWAAAAAJ&cstart=100&pagesize=100&citation_for_view=P6BSUWAAAAAJ:_Qo2XoVZTnwC",,,,,38,1.81,10,4,21,"","",""
37,"SP Walch, S Ramalingam, ES Aydil, D Maroudas","Mechanism and energetics of dissociative adsorption of SiH3 on the hydrogen-terminated Si (001)-(2× 1) surface",2000,"Chemical Physics Letters 329 (3-4)","","","https://scholar.google.com/scholar?oi=bibs&hl=en&cites=10412791844353835985",102,"2023-03-01 19:37:03","Journal article","","","https://scholar.google.com/citations?view_op=view_citation&hl=en&user=P6BSUWAAAAAJ&cstart=100&pagesize=100&citation_for_view=P6BSUWAAAAAJ:W5xh706n7nkC",,,304,310,37,1.61,9,4,23,"","",""
37,"ES Aydil, BOM Quiniou, JTC Lee, JA Gregus, RA Gottscho","Incidence angle distributions of ions bombarding grounded surfaces in high density plasma reactors",1998,"Materials Science in Semiconductor Processing","","","https://scholar.google.com/scholar?oi=bibs&hl=en&cites=17020104223430446917",103,"2023-03-01 19:37:03","Journal article","","","https://scholar.google.com/citations?view_op=view_citation&hl=en&user=P6BSUWAAAAAJ&cstart=100&pagesize=100&citation_for_view=P6BSUWAAAAAJ:IRz6iEL74y4C",1,1,75,82,37,1.48,7,5,25,"","",""
36,"BA Williams, A Mahajan, MA Smeaton, CS Holgate, ES Aydil, LF Francis","Formation of copper zinc tin sulfide thin films from colloidal nanocrystal dispersions via aerosol-jet printing and compaction",2015,"ACS applied materials &interfaces","","","https://scholar.google.com/scholar?oi=bibs&hl=en&cites=18191214587201489995",104,"2023-03-01 19:37:03","Journal article","","","https://scholar.google.com/citations?view_op=view_citation&hl=en&user=P6BSUWAAAAAJ&cstart=100&pagesize=100&citation_for_view=P6BSUWAAAAAJ:r_AWSJRzSzQC",7,21,11526,11535,36,4.50,6,6,8,"","",""
36,"MJ Behr, EA Gaulding, KA Mkhoyan, ES Aydil","Hydrogen etching and cutting of multiwall carbon nanotubes",2010,"Journal of Vacuum Science &Technology B, Nanotechnology and …","","","https://scholar.google.com/scholar?oi=bibs&hl=en&cites=5802054102330480557",105,"2023-03-01 19:37:03","Journal article","","","https://scholar.google.com/citations?view_op=view_citation&hl=en&user=P6BSUWAAAAAJ&cstart=100&pagesize=100&citation_for_view=P6BSUWAAAAAJ:D03iK_w7-QYC",,,,,36,2.77,9,4,13,"","",""
36,"S Sriraman, ES Aydil, D Maroudas","Growth and characterization of hydrogenated amorphous silicon thin films from  radical precursor: Atomic-scale analysis",2004,"Journal of applied physics","","","https://scholar.google.com/scholar?oi=bibs&hl=en&cites=1774201557633388951",106,"2023-03-01 19:37:03","Journal article","","","https://scholar.google.com/citations?view_op=view_citation&hl=en&user=P6BSUWAAAAAJ&cstart=100&pagesize=100&citation_for_view=P6BSUWAAAAAJ:ULOm3_A8WrAC",95,4,1792,1805,36,1.89,12,3,19,"","",""
35,"SJ Ullal, TW Kim, V Vahedi, ES Aydil","Relation between the ion flux, gas phase composition, and wall conditions in chlorine plasma etching of silicon",2003,"Journal of Vacuum Science &Technology A: Vacuum, Surfaces, and Films 21 (3 …","","","https://scholar.google.com/scholar?oi=bibs&hl=en&cites=6439462839226705631",107,"2023-03-01 19:37:03","Journal article","","","https://scholar.google.com/citations?view_op=view_citation&hl=en&user=P6BSUWAAAAAJ&cstart=100&pagesize=100&citation_for_view=P6BSUWAAAAAJ:UxriW0iASnsC",,,,,35,1.75,9,4,20,"","",""
35,"S Ramalingam, P Mahalingam, ES Aydil, D Maroudas","Theoretical study of the interactions of  radicals with silicon surfaces",1999,"Journal of applied physics","","","https://scholar.google.com/scholar?oi=bibs&hl=en&cites=13969530063310120316",108,"2023-03-01 19:37:03","Journal article","","","https://scholar.google.com/citations?view_op=view_citation&hl=en&user=P6BSUWAAAAAJ&cstart=100&pagesize=100&citation_for_view=P6BSUWAAAAAJ:M7yex6snE4oC",86,10,5497,5508,35,1.46,9,4,24,"","",""
35,"ES Aydil, Z Zhou, KP Giapis, Y Chabal, JA Gregus, RA Gottscho","Real‐time, in situ monitoring of surface reactions during plasma passivation of GaAs",1993,"Applied physics letters","","","https://scholar.google.com/scholar?oi=bibs&hl=en&cites=1275567774090020040",109,"2023-03-01 19:37:03","Journal article","","","https://scholar.google.com/citations?view_op=view_citation&hl=en&user=P6BSUWAAAAAJ&cstart=100&pagesize=100&citation_for_view=P6BSUWAAAAAJ:UebtZRa9Y70C",62,24,3156,3158,35,1.17,6,6,30,"","",""
33,"AH Pinto, SW Shin, A Sharma, RL Penn, ES Aydil","Synthesis of Cu 2 (Zn 1− x Co x) SnS 4 nanocrystals and formation of polycrystalline thin films from their aqueous dispersions",2018,"Journal of Materials Chemistry A","","","https://scholar.google.com/scholar?oi=bibs&hl=en&cites=9162033056538675392",110,"2023-03-01 19:37:03","Journal article","","","https://scholar.google.com/citations?view_op=view_citation&hl=en&user=P6BSUWAAAAAJ&cstart=100&pagesize=100&citation_for_view=P6BSUWAAAAAJ:PELIpwtuRlgC",6,3,999,1008,33,6.60,7,5,5,"","",""
33,"BS Tosun, RK Feist, A Gunawan, KA Mkhoyan, SA Campbell, ES Aydil","Improving the damp-heat stability of copper indium gallium diselenide solar cells with a semicrystalline tin dioxide overlayer",2012,"Solar energy materials and solar cells","","","https://scholar.google.com/scholar?oi=bibs&hl=en&cites=14048628470456046850",111,"2023-03-01 19:37:03","Journal article","","","https://scholar.google.com/citations?view_op=view_citation&hl=en&user=P6BSUWAAAAAJ&cstart=100&pagesize=100&citation_for_view=P6BSUWAAAAAJ:WZBGuue-350C",101,,270,276,33,3.00,6,6,11,"","",""
33,"MS Valipa, T Bakos, ES Aydil, D Maroudas","Surface smoothening mechanism of amorphous silicon thin films",2005,"Physical review letters","","","https://scholar.google.com/scholar?oi=bibs&hl=en&cites=5449818677081242925",112,"2023-03-01 19:37:03","Journal article","","","https://scholar.google.com/citations?view_op=view_citation&hl=en&user=P6BSUWAAAAAJ&cstart=100&pagesize=100&citation_for_view=P6BSUWAAAAAJ:dfsIfKJdRG4C",95,21,216102,216102,33,1.83,8,4,18,"","",""
33,"MS Valipa, ES Aydil, D Maroudas","Atomistic calculation of the SiH3 surface reactivity during plasma deposition of amorphous silicon thin films",2004,"Surface science 572 (2-3), L339-L","","","https://scholar.google.com/scholar?oi=bibs&hl=en&cites=15340702516268617444",113,"2023-03-01 19:37:03","Journal article","","","https://scholar.google.com/citations?view_op=view_citation&hl=en&user=P6BSUWAAAAAJ&cstart=100&pagesize=100&citation_for_view=P6BSUWAAAAAJ:q3CdL3IzO_QC",347,,,,33,1.74,11,3,19,"","",""
32,"HQ Pham, RJ Holmes, ES Aydil, L Gagliardi","Lead-free double perovskites Cs 2 InCuCl 6 and (CH 3 NH 3) 2 InCuCl 6: electronic, optical, and electrical properties",2019,"Nanoscale","","","https://scholar.google.com/scholar?oi=bibs&hl=en&cites=8531583117926188394",114,"2023-03-01 19:37:03","Journal article","","","https://scholar.google.com/citations?view_op=view_citation&hl=en&user=P6BSUWAAAAAJ&cstart=100&pagesize=100&citation_for_view=P6BSUWAAAAAJ:Mojj43d5GZwC",11,23,11173,11182,32,8.00,8,4,4,"","",""
32,"J Walter, X Zhang, B Voigt, R Hool, M Manno, F Mork, ES Aydil, ...","Surface conduction in -type pyrite  single crystals",2017,"Physical Review Materials","","","https://scholar.google.com/scholar?oi=bibs&hl=en&cites=17877176809494238180",115,"2023-03-01 19:37:03","Journal article","","","https://scholar.google.com/citations?view_op=view_citation&hl=en&user=P6BSUWAAAAAJ&cstart=100&pagesize=100&citation_for_view=P6BSUWAAAAAJ:3htObqc8RwsC",1,6,65403,65403,32,5.33,4,8,6,"","",""
32,"WN Wenger, FS Bates, ES Aydil","Functionalization of cadmium selenide quantum dots with poly (ethylene glycol): ligand exchange, surface coverage, and dispersion stability",2017,"Langmuir","","","https://scholar.google.com/scholar?oi=bibs&hl=en&cites=997612869519465596",116,"2023-03-01 19:37:03","Journal article","","","https://scholar.google.com/citations?view_op=view_citation&hl=en&user=P6BSUWAAAAAJ&cstart=100&pagesize=100&citation_for_view=P6BSUWAAAAAJ:WF5omc3nYNoC",33,33,8239,8245,32,5.33,11,3,6,"","",""
32,"X Zhang, M Li, J Walter, L O’Brien, MA Manno, B Voigt, F Mork, ...","Potential resolution to the doping puzzle in iron pyrite: Carrier type determination by Hall effect and thermopower",2017,"Physical Review Materials","","","https://scholar.google.com/scholar?oi=bibs&hl=en&cites=6493502963260210827",117,"2023-03-01 19:37:03","Journal article","","","https://scholar.google.com/citations?view_op=view_citation&hl=en&user=P6BSUWAAAAAJ&cstart=100&pagesize=100&citation_for_view=P6BSUWAAAAAJ:uWQEDVKXjbEC",1,1,15402,15402,32,5.33,4,8,6,"","",""
32,"SH Song, ES Aydil, SA Campbell","Metal-oxide broken-gap tunnel junction for copper indium gallium diselenide tandem solar cells",2015,"Solar Energy Materials and Solar Cells","","","https://scholar.google.com/scholar?oi=bibs&hl=en&cites=1729684861702622573",118,"2023-03-01 19:37:03","Journal article","","","https://scholar.google.com/citations?view_op=view_citation&hl=en&user=P6BSUWAAAAAJ&cstart=100&pagesize=100&citation_for_view=P6BSUWAAAAAJ:KlAtU1dfN6UC",133,,133,142,32,4.00,11,3,8,"","",""
32,"MJ Behr, KA Mkhoyan, ES Aydil","Catalyst rotation, twisting, and bending during multiwall carbon nanotube growth",2010,"Carbon","","","https://scholar.google.com/scholar?oi=bibs&hl=en&cites=16111625527941823546",119,"2023-03-01 19:37:03","Journal article","","","https://scholar.google.com/citations?view_op=view_citation&hl=en&user=P6BSUWAAAAAJ&cstart=100&pagesize=100&citation_for_view=P6BSUWAAAAAJ:bz8QjSJIRt4C",48,13,3840,3845,32,2.46,11,3,13,"","",""
32,"ES Aydil, DJ Economou","Multiple steady states in a radio frequency chlorine glow discharge",1991,"Journal of applied physics","","","https://scholar.google.com/scholar?oi=bibs&hl=en&cites=17710396115578688690",120,"2023-03-01 19:37:03","Journal article","","","https://scholar.google.com/citations?view_op=view_citation&hl=en&user=P6BSUWAAAAAJ&cstart=100&pagesize=100&citation_for_view=P6BSUWAAAAAJ:yFnVuubrUp4C",69,1,109,114,32,1.00,16,2,32,"","",""
31,"MN Tran, IJ Cleveland, ES Aydil","Resolving the discrepancies in the reported optical absorption of low-dimensional non-toxic perovskites, Cs 3 Bi 2 Br 9 and Cs 3 BiBr 6",2020,"Journal of Materials Chemistry C","","","https://scholar.google.com/scholar?oi=bibs&hl=en&cites=13756183908541911673",121,"2023-03-01 19:37:03","Journal article","","","https://scholar.google.com/citations?view_op=view_citation&hl=en&user=P6BSUWAAAAAJ&cstart=100&pagesize=100&citation_for_view=P6BSUWAAAAAJ:VaXvl8Fpj5cC",8,30,10456,10463,31,10.33,10,3,3,"","",""
31,"BA Williams, MA Smeaton, ND Trejo, LF Francis, ES Aydil","Effect of nanocrystal size and carbon on grain growth during annealing of copper zinc tin sulfide nanocrystal coatings",2017,"Chemistry of Materials","","","https://scholar.google.com/scholar?oi=bibs&hl=en&cites=4222941235460324346",122,"2023-03-01 19:37:03","Journal article","","","https://scholar.google.com/citations?view_op=view_citation&hl=en&user=P6BSUWAAAAAJ&cstart=100&pagesize=100&citation_for_view=P6BSUWAAAAAJ:vV6vV6tmYwMC",29,4,1676,1683,31,5.17,6,5,6,"","",""
31,"RJ Belen, S Gomez, M Kiehlbauch, ES Aydil","Feature scale model of Si etching in  plasma and comparison with experiments",2006,"Journal of Vacuum Science &Technology A: Vacuum, Surfaces, and Films 24 (2 …","","","https://scholar.google.com/scholar?oi=bibs&hl=en&cites=1084733212655335253",123,"2023-03-01 19:37:03","Journal article","","","https://scholar.google.com/citations?view_op=view_citation&hl=en&user=P6BSUWAAAAAJ&cstart=100&pagesize=100&citation_for_view=P6BSUWAAAAAJ:ufrVoPGSRksC",,,,,31,1.82,8,4,17,"","",""
30,"AH Pinto, SW Shin, ES Aydil, RL Penn","Selective removal of Cu 2− x (S, Se) phases from Cu 2 ZnSn (S, Se) 4 thin films",2016,"Green Chemistry","","","https://scholar.google.com/scholar?oi=bibs&hl=en&cites=11178695959602282645",124,"2023-03-01 19:37:03","Journal article","","","https://scholar.google.com/citations?view_op=view_citation&hl=en&user=P6BSUWAAAAAJ&cstart=100&pagesize=100&citation_for_view=P6BSUWAAAAAJ:35r97b3x0nAC",18,21,5814,5821,30,4.29,8,4,7,"","",""
30,"S Agarwal, S Sriraman, A Takano, MCM Van de Sanden, ES Aydil, ...","Mechanism and activation energy barrier for H abstraction by H (D) from a-Si: H surfaces",2002,"Surface science 515 (1), L469-L","","","https://scholar.google.com/scholar?oi=bibs&hl=en&cites=10012643322015746830",125,"2023-03-01 19:37:03","Journal article","","","https://scholar.google.com/citations?view_op=view_citation&hl=en&user=P6BSUWAAAAAJ&cstart=100&pagesize=100&citation_for_view=P6BSUWAAAAAJ:1yQoGdGgb4wC",474,,,,30,1.43,5,6,21,"","",""
30,"D Tretheway, ES Aydil","Modeling of heat transport and wafer heating effects during plasma etching",1996,"Journal of the Electrochemical Society","","","https://scholar.google.com/scholar?oi=bibs&hl=en&cites=17490849490381767463",126,"2023-03-01 19:37:03","Journal article","","","https://scholar.google.com/citations?view_op=view_citation&hl=en&user=P6BSUWAAAAAJ&cstart=100&pagesize=100&citation_for_view=P6BSUWAAAAAJ:mNrWkgRL2YcC",143,11,3674,3674,30,1.11,15,2,27,"","",""
29,"N Rastgar, DJ Rowe, RJ Anthony, BA Merritt, UR Kortshagen, ES Aydil","Effects of water adsorption and surface oxidation on the electrical conductivity of silicon nanocrystal films",2013,"The Journal of Physical Chemistry C","","","https://scholar.google.com/scholar?oi=bibs&hl=en&cites=17126615303397660313",127,"2023-03-01 19:37:03","Journal article","","","https://scholar.google.com/citations?view_op=view_citation&hl=en&user=P6BSUWAAAAAJ&cstart=100&pagesize=100&citation_for_view=P6BSUWAAAAAJ:IUKN3-7HHlwC",117,8,4211,4218,29,2.90,5,6,10,"","",""
29,"RC Mani, I Pavel, ES Aydil","Deposition of nanocrystalline silicon films at room temperature",2007,"Journal of Applied Physics","","","https://scholar.google.com/scholar?oi=bibs&hl=en&cites=7530604655985016541",128,"2023-03-01 19:37:03","Journal article","","","https://scholar.google.com/citations?view_op=view_citation&hl=en&user=P6BSUWAAAAAJ&cstart=100&pagesize=100&citation_for_view=P6BSUWAAAAAJ:D_sINldO8mEC",102,4,43305,43305,29,1.81,10,3,16,"","",""
28,"B Voigt, W Moore, M Manno, J Walter, JD Jeremiason, ES Aydil, ...","Transport Evidence for Sulfur Vacancies as the Origin of Unintentional n-Type Doping in Pyrite FeS2",2019,"ACS applied materials &interfaces","","","https://scholar.google.com/scholar?oi=bibs&hl=en&cites=8775978416640105215",129,"2023-03-01 19:37:03","Journal article","","","https://scholar.google.com/citations?view_op=view_citation&hl=en&user=P6BSUWAAAAAJ&cstart=100&pagesize=100&citation_for_view=P6BSUWAAAAAJ:eMMeJKvmdy0C",11,17,15552,15563,28,7.00,4,7,4,"","",""
28,"SH Song, K Nagaich, ES Aydil, R Feist, R Haley, SA Campbell","Structure optimization for a high efficiency CIGS solar cell",2010,"2010 35th IEEE Photovoltaic Specialists Conference","","","https://scholar.google.com/scholar?oi=bibs&hl=en&cites=13105510726300812848",130,"2023-03-01 19:37:03","Conference paper","","","https://scholar.google.com/citations?view_op=view_citation&hl=en&user=P6BSUWAAAAAJ&cstart=100&pagesize=100&citation_for_view=P6BSUWAAAAAJ:vbGhcppDl1QC",,,2488,2492,28,2.15,5,6,13,"","",""
28,"SM Han, ES Aydil","Plasma and surface diagnostics during plasma-enhanced chemical vapor deposition of SiO2 from SiH4/O2/Ar discharges",1996,"Thin Solid Films","","","https://scholar.google.com/scholar?oi=bibs&hl=en&cites=3569040892546251427",131,"2023-03-01 19:37:03","Journal article","","","https://scholar.google.com/citations?view_op=view_citation&hl=en&user=P6BSUWAAAAAJ&cstart=100&pagesize=100&citation_for_view=P6BSUWAAAAAJ:NMxIlDl6LWMC",290,,427,434,28,1.04,14,2,27,"","",""
27,"JB Baxter, ES Aydil","Metallorganic chemical vapor deposition of ZnO nanowires from zinc acetylacetonate and oxygen",2008,"Journal of the Electrochemical Society 156 (1), H","","","https://scholar.google.com/scholar?oi=bibs&hl=en&cites=15496453616904531997",132,"2023-03-01 19:37:03","Journal article","","","https://scholar.google.com/citations?view_op=view_citation&hl=en&user=P6BSUWAAAAAJ&cstart=100&pagesize=100&citation_for_view=P6BSUWAAAAAJ:FPJr55Dyh1AC",52,,,,27,1.80,14,2,15,"","",""
27,"SJ Ullal, H Singh, J Daugherty, V Vahedi, ES Aydil","Formation and removal of composite halogenated silicon oxide and fluorocarbon films deposited on chamber walls during plasma etching of multiple film stacks",2002,"Journal of Vacuum Science &Technology B: Microelectronics and Nanometer …","","","https://scholar.google.com/scholar?oi=bibs&hl=en&cites=4939877461151235110",133,"2023-03-01 19:37:03","Journal article","","","https://scholar.google.com/citations?view_op=view_citation&hl=en&user=P6BSUWAAAAAJ&cstart=100&pagesize=100&citation_for_view=P6BSUWAAAAAJ:pqnbT2bcN3wC",,,,,27,1.29,5,5,21,"","",""
27,"DC Marra, ES Aydil, SJ Joo, E Yoon, VI Srdanov","Angle-dependent photoluminescence spectra of hydrogenated amorphous silicon thin films",2000,"Applied Physics Letters","","","https://scholar.google.com/scholar?oi=bibs&hl=en&cites=15463279870478149251",134,"2023-03-01 19:37:03","Journal article","","","https://scholar.google.com/citations?view_op=view_citation&hl=en&user=P6BSUWAAAAAJ&cstart=100&pagesize=100&citation_for_view=P6BSUWAAAAAJ:edDO8Oi4QzsC",77,21,3346,3348,27,1.17,5,5,23,"","",""
26,"E Thimsen, UR Kortshagen, ES Aydil","Nonthermal plasma synthesis of metal sulfide nanocrystals from metalorganic vapor and elemental sulfur",2015,"Journal of Physics D: Applied Physics","","","https://scholar.google.com/scholar?oi=bibs&hl=en&cites=9689937312572735825",135,"2023-03-01 19:37:03","Journal article","","","https://scholar.google.com/citations?view_op=view_citation&hl=en&user=P6BSUWAAAAAJ&cstart=100&pagesize=100&citation_for_view=P6BSUWAAAAAJ:ye4kPcJQO24C",48,31,314004,314004,26,3.25,9,3,8,"","",""
26,"AR Muniz, T Singh, ES Aydil, D Maroudas","Analysis of diamond nanocrystal formation from multiwalled carbon nanotubes",2009,"Physical Review B","","","https://scholar.google.com/scholar?oi=bibs&hl=en&cites=18262118762449660572",136,"2023-03-01 19:37:03","Journal article","","","https://scholar.google.com/citations?view_op=view_citation&hl=en&user=P6BSUWAAAAAJ&cstart=100&pagesize=100&citation_for_view=P6BSUWAAAAAJ:LhH-TYMQEocC",80,14,144105,144105,26,1.86,7,4,14,"","",""
26,"ES Aydil","Nanomaterials for solar cells",2007,"Nanotech. L. &Bus.","","","https://scholar.google.com/scholar?oi=bibs&hl=en&cites=9783649039746290257",137,"2023-03-01 19:37:03","Journal article","","","https://scholar.google.com/citations?view_op=view_citation&hl=en&user=P6BSUWAAAAAJ&cstart=100&pagesize=100&citation_for_view=P6BSUWAAAAAJ:N5tVd3kTz84C",4,,275,275,26,1.63,26,1,16,"","",""
25,"A Baruth, M Manno, D Narasimhan, A Shankar, X Zhang, M Johnson, ...","Reactive sputter deposition of pyrite structure transition metal disulfide thin films: Microstructure, transport, and magnetism",2012,"Journal of Applied Physics","","","https://scholar.google.com/scholar?oi=bibs&hl=en&cites=16853323546644070569",138,"2023-03-01 19:37:03","Journal article","","","https://scholar.google.com/citations?view_op=view_citation&hl=en&user=P6BSUWAAAAAJ&cstart=100&pagesize=100&citation_for_view=P6BSUWAAAAAJ:sNmaIFBj_lkC",112,5,54328,54328,25,2.27,4,7,11,"","",""
25,"SP Walch, S Ramalingam, S Sriraman, ES Aydil, D Maroudas","Mechanisms and energetics of SiH3 adsorption on the pristine Si (0 0 1)-(2× 1) surface",2001,"Chemical physics letters 344 (3-4)","","","https://scholar.google.com/scholar?oi=bibs&hl=en&cites=13488419990852771368",139,"2023-03-01 19:37:03","Journal article","","","https://scholar.google.com/citations?view_op=view_citation&hl=en&user=P6BSUWAAAAAJ&cstart=100&pagesize=100&citation_for_view=P6BSUWAAAAAJ:MLfJN-KU85MC",,,249,255,25,1.14,5,5,22,"","",""
25,"ES Aydil, ZH Zhou, RA Gottscho, YJ Chabal","Real time in situ monitoring of surfaces during glow discharge processing: NH3 and H2 plasma passivation of GaAs",1995,"Journal of Vacuum Science &Technology B: Microelectronics and Nanometer …","","","https://scholar.google.com/scholar?oi=bibs&hl=en&cites=11421947220234228467",140,"2023-03-01 19:37:03","Journal article","","","https://scholar.google.com/citations?view_op=view_citation&hl=en&user=P6BSUWAAAAAJ&cstart=100&pagesize=100&citation_for_view=P6BSUWAAAAAJ:j8SEvjWlNXcC",,,,,25,0.89,6,4,28,"","",""
24,"E Thimsen, UR Kortshagen, ES Aydil","Plasma synthesis of stoichiometric Cu 2 S nanocrystals stabilized by oleylamine",2014,"Chemical Communications","","","https://scholar.google.com/scholar?oi=bibs&hl=en&cites=12145686238108584957",141,"2023-03-01 19:37:03","Journal article","","","https://scholar.google.com/citations?view_op=view_citation&hl=en&user=P6BSUWAAAAAJ&cstart=100&pagesize=100&citation_for_view=P6BSUWAAAAAJ:EkHepimYqZsC",50,61,8346,8349,24,2.67,8,3,9,"","",""
24,"SH Jeong, ES Aydil","Structural and electrical properties of  thin films deposited on ZnO by metal organic chemical vapor deposition",2010,"Journal of Vacuum Science &Technology A: Vacuum, Surfaces, and Films 28 (6 …","","","https://scholar.google.com/scholar?oi=bibs&hl=en&cites=9138059483579665761",142,"2023-03-01 19:37:03","Journal article","","","https://scholar.google.com/citations?view_op=view_citation&hl=en&user=P6BSUWAAAAAJ&cstart=100&pagesize=100&citation_for_view=P6BSUWAAAAAJ:_B80troHkn4C",,,,,24,1.85,12,2,13,"","",""
24,"ES Aydil, JA Gregus, RA Gottscho","Electron cyclotron resonance plasma reactor for cryogenic etching",1993,"Review of scientific instruments","","","https://scholar.google.com/scholar?oi=bibs&hl=en&cites=16037359874844055079",143,"2023-03-01 19:37:03","Journal article","","","https://scholar.google.com/citations?view_op=view_citation&hl=en&user=P6BSUWAAAAAJ&cstart=100&pagesize=100&citation_for_view=P6BSUWAAAAAJ:kh2fBNsKQNwC",64,12,3572,3584,24,0.80,8,3,30,"","",""
23,"S Agarwal, B Hoex, MCM van de Sanden, D Maroudas, ES Aydil","Hydrogen in  bond center and platelet-like defect configurations in amorphous hydrogenated silicon",2004,"Journal of Vacuum Science &Technology B: Microelectronics and Nanometer …","","","https://scholar.google.com/scholar?oi=bibs&hl=en&cites=8364678191078855569",144,"2023-03-01 19:37:03","Journal article","","","https://scholar.google.com/citations?view_op=view_citation&hl=en&user=P6BSUWAAAAAJ&cstart=100&pagesize=100&citation_for_view=P6BSUWAAAAAJ:WA5NYHcadZ8C",,,,,23,1.21,5,5,19,"","",""
23,"DC Marra, EA Edelberg, RL Naone, ES Aydil","Effect of H2 dilution on the surface composition of plasma-deposited silicon films from SiH4",1998,"Applied surface science 133 (1-2)","","","https://scholar.google.com/scholar?oi=bibs&hl=en&cites=6980703908106100258",145,"2023-03-01 19:37:03","Book chapter","","","https://scholar.google.com/citations?view_op=view_citation&hl=en&user=P6BSUWAAAAAJ&cstart=100&pagesize=100&citation_for_view=P6BSUWAAAAAJ:vRqMK49ujn8C",,,148,151,23,0.92,6,4,25,"","",""
23,"S Ramalingam, D Maroudas, ES Aydil","Atomistic simulation of SiH interactions with silicon surfaces during deposition from silane containing plasmas",1998,"Applied physics letters","","","https://scholar.google.com/scholar?oi=bibs&hl=en&cites=8250973292622657655",146,"2023-03-01 19:37:03","Journal article","","","https://scholar.google.com/citations?view_op=view_citation&hl=en&user=P6BSUWAAAAAJ&cstart=100&pagesize=100&citation_for_view=P6BSUWAAAAAJ:t6usbXjVLHcC",72,5,578,580,23,0.92,8,3,25,"","",""
23,"ES Aydil, RA Gottscho, ZH Zhou","Method of making a silicon-based device comprising surface plasma cleaning",1995,"US Patent 5,413,954","","","https://scholar.google.com/scholar?oi=bibs&hl=en&cites=14999907536855903464",147,"2023-03-01 19:37:03","Patent","","","https://scholar.google.com/citations?view_op=view_citation&hl=en&user=P6BSUWAAAAAJ&cstart=100&pagesize=100&citation_for_view=P6BSUWAAAAAJ:PoWvk5oyLR8C",,,,,23,0.82,8,3,28,"","",""
22,"TR Knutson, PJ Hanson, ES Aydil, RL Penn","Synthesis of Cu 2 ZnSnS 4 thin films directly onto conductive substrates via selective thermolysis using microwave energy",2014,"Chemical Communications","","","https://scholar.google.com/scholar?oi=bibs&hl=en&cites=15450695375914622182",148,"2023-03-01 19:37:03","Journal article","","","https://scholar.google.com/citations?view_op=view_citation&hl=en&user=P6BSUWAAAAAJ&cstart=100&pagesize=100&citation_for_view=P6BSUWAAAAAJ:XoXfffV-tXoC",50,44,5902,5904,22,2.44,6,4,9,"","",""
21,"AH Pinto, SW Shin, E Isaac, TR Knutson, ES Aydil, RL Penn","Controlling Cu 2 ZnSnS 4 (CZTS) phase in microwave solvothermal synthesis",2017,"Journal of Materials Chemistry A","","","https://scholar.google.com/scholar?oi=bibs&hl=en&cites=2718707442445135154",149,"2023-03-01 19:37:03","Journal article","","","https://scholar.google.com/citations?view_op=view_citation&hl=en&user=P6BSUWAAAAAJ&cstart=100&pagesize=100&citation_for_view=P6BSUWAAAAAJ:hFOr9nPyWt4C",5,44,23179,23189,21,3.50,4,6,6,"","",""
21,"BA Williams, MA Smeaton, CS Holgate, ND Trejo, LF Francis, ES Aydil","Intense pulsed light annealing of copper zinc tin sulfide nanocrystal coatings",2016,"Journal of Vacuum Science &Technology A: Vacuum, Surfaces, and Films 34 (5 …","","","https://scholar.google.com/scholar?oi=bibs&hl=en&cites=15300111216214332921",150,"2023-03-01 19:37:03","Journal article","","","https://scholar.google.com/citations?view_op=view_citation&hl=en&user=P6BSUWAAAAAJ&cstart=100&pagesize=100&citation_for_view=P6BSUWAAAAAJ:foquWX3nUaYC",,,,,21,3.00,4,6,7,"","",""
20,"TJ Pundsack, BD Chernomordik, AE Béland, ES Aydil, DA Blank","Excited-state dynamics in CZTS nanocrystals",2013,"The journal of physical chemistry letters","","","https://scholar.google.com/scholar?oi=bibs&hl=en&cites=8553359333370007302",151,"2023-03-01 19:37:03","Journal article","","","https://scholar.google.com/citations?view_op=view_citation&hl=en&user=P6BSUWAAAAAJ&cstart=100&pagesize=100&citation_for_view=P6BSUWAAAAAJ:AXPGKjj_ei8C",4,16,2711,2714,20,2.00,4,5,10,"","",""
19,"CP Clark, JE Mann, JS Bangsund, WJ Hsu, ES Aydil, RJ Holmes","Formation of stable metal halide perovskite/perovskite heterojunctions",2020,"ACS Energy Letters","","","https://scholar.google.com/scholar?oi=bibs&hl=en&cites=12493054985179847259",152,"2023-03-01 19:37:03","Journal article","","","https://scholar.google.com/citations?view_op=view_citation&hl=en&user=P6BSUWAAAAAJ&cstart=100&pagesize=100&citation_for_view=P6BSUWAAAAAJ:vDijr-p_gm4C",5,11,3443,3451,19,6.33,3,6,3,"","",""
19,"RJ Belen, S Gomez, M Kiehlbauch, ES Aydil","In situ measurement of the ion incidence angle dependence of the ion-enhanced etching yield in plasma reactors",2006,"Journal of Vacuum Science &Technology A: Vacuum, Surfaces, and Films 24 (6 …","","","https://scholar.google.com/scholar?oi=bibs&hl=en&cites=16945903692376339433",153,"2023-03-01 19:37:03","Journal article","","","https://scholar.google.com/citations?view_op=view_citation&hl=en&user=P6BSUWAAAAAJ&cstart=100&pagesize=100&citation_for_view=P6BSUWAAAAAJ:6ZxmRoH8BuwC",,,,,19,1.12,5,4,17,"","",""
19,"ES Aydil, RA Gottscho","Plasma passivation of III-V semiconductor surfaces",1994,"Materials Science Forum","","","https://scholar.google.com/scholar?oi=bibs&hl=en&cites=18088025227374073800",154,"2023-03-01 19:37:03","Conference paper","","","https://scholar.google.com/citations?view_op=view_citation&hl=en&user=P6BSUWAAAAAJ&cstart=100&pagesize=100&citation_for_view=P6BSUWAAAAAJ:yMeIxYmEMEAC",148,,159,188,19,0.66,10,2,29,"","",""
18,"F Johnson, SH Song, J Abrahamson, R Liptak, E Aydil, SA Campbell","Sputtered metal oxide broken gap junctions for tandem solar cells",2015,"Solar Energy Materials and Solar Cells","","","https://scholar.google.com/scholar?oi=bibs&hl=en&cites=7258236737181981082",155,"2023-03-01 19:37:03","Journal article","","","https://scholar.google.com/citations?view_op=view_citation&hl=en&user=P6BSUWAAAAAJ&cstart=100&pagesize=100&citation_for_view=P6BSUWAAAAAJ:fQNAKQ3IYiAC",132,,515,522,18,2.25,3,6,8,"","",""
18,"S Agarwal, MS Valipa, B Hoex, MCM Van De Sanden, D Maroudas, ...","Interaction of SiH3 radicals with deuterated (hydrogenated) amorphous silicon surfaces",2005,"Surface science 598 (1-3)","","","https://scholar.google.com/scholar?oi=bibs&hl=en&cites=1357937556100166117",156,"2023-03-01 19:37:03","Book chapter","","","https://scholar.google.com/citations?view_op=view_citation&hl=en&user=P6BSUWAAAAAJ&cstart=100&pagesize=100&citation_for_view=P6BSUWAAAAAJ:5nxA0vEk-isC",,,35,44,18,1.00,3,6,18,"","",""
18,"S Gomez, RJ Belen, M Kiehlbauch, ES Aydil","Etching of high aspect ratio features in Si using  and  plasma",2005,"Journal of Vacuum Science &Technology A: Vacuum, Surfaces, and Films 23 (6 …","","","https://scholar.google.com/scholar?oi=bibs&hl=en&cites=16947772104752043918",157,"2023-03-01 19:37:03","Journal article","","","https://scholar.google.com/citations?view_op=view_citation&hl=en&user=P6BSUWAAAAAJ&cstart=100&pagesize=100&citation_for_view=P6BSUWAAAAAJ:_5tno0g5mFcC",,,,,18,1.00,5,4,18,"","",""
17,"D Ray, B Voigt, M Manno, C Leighton, ES Aydil, L Gagliardi","Sulfur Vacancy Clustering and Its Impact on Electronic Properties in Pyrite FeS2",2020,"Chemistry of Materials","","","https://scholar.google.com/scholar?oi=bibs&hl=en&cites=49279211634709562",158,"2023-03-01 19:37:03","Journal article","","","https://scholar.google.com/citations?view_op=view_citation&hl=en&user=P6BSUWAAAAAJ&cstart=100&pagesize=100&citation_for_view=P6BSUWAAAAAJ:u-x6o8ySG0sC",32,11,4820,4831,17,5.67,3,6,3,"","",""
17,"T Bakos, M Valipa, ES Aydil, D Maroudas","Temperature dependence of precursor–surface interactions in plasma deposition of silicon thin films",2005,"Chemical physics letters 414 (1-3)","","","https://scholar.google.com/scholar?oi=bibs&hl=en&cites=7129076747747669301",159,"2023-03-01 19:37:03","Journal article","","","https://scholar.google.com/citations?view_op=view_citation&hl=en&user=P6BSUWAAAAAJ&cstart=100&pagesize=100&citation_for_view=P6BSUWAAAAAJ:8AbLer7MMksC",,,61,65,17,0.94,4,4,18,"","",""
17,"S Sriraman, ES Aydil, D Maroudas","Atomic-scale analysis of deposition and characterization of a-Si:H thin films grown from SiH radical precursor",2002,"Journal of applied physics","","","https://scholar.google.com/scholar?oi=bibs&hl=en&cites=12451666966904629923",160,"2023-03-01 19:37:03","Journal article","","","https://scholar.google.com/citations?view_op=view_citation&hl=en&user=P6BSUWAAAAAJ&cstart=100&pagesize=100&citation_for_view=P6BSUWAAAAAJ:epqYDVWIO7EC",92,2,842,852,17,0.81,6,3,21,"","",""
17,"SM Han, ES Aydil","Silanol concentration depth profiling during plasma deposition of SiO2 using multiple internal reflection infrared spectroscopy",1997,"Journal of the Electrochemical Society","","","https://scholar.google.com/scholar?oi=bibs&hl=en&cites=11789594624515662755",161,"2023-03-01 19:37:03","Journal article","","","https://scholar.google.com/citations?view_op=view_citation&hl=en&user=P6BSUWAAAAAJ&cstart=100&pagesize=100&citation_for_view=P6BSUWAAAAAJ:nrtMV_XWKgEC",144,11,3963,3963,17,0.65,9,2,26,"","",""
16,"Y Qin, N Bilik, UR Kortshagen, ES Aydil","Laser light scattering from silicon particles generated in an argon diluted silane plasma",2016,"Journal of Physics D: Applied Physics","","","https://scholar.google.com/scholar?oi=bibs&hl=en&cites=6869535598809815173",162,"2023-03-01 19:37:03","Journal article","","","https://scholar.google.com/citations?view_op=view_citation&hl=en&user=P6BSUWAAAAAJ&cstart=100&pagesize=100&citation_for_view=P6BSUWAAAAAJ:l7t_Zn2s7bgC",49,8,85203,85203,16,2.29,4,4,7,"","",""
16,"T Singh, MJ Behr, ES Aydil, D Maroudas","First-principles theoretical analysis of pure and hydrogenated crystalline carbon phases and nanostructures",2009,"Chemical Physics Letters 474 (1-3)","","","https://scholar.google.com/scholar?oi=bibs&hl=en&cites=13453469586421917048",163,"2023-03-01 19:37:03","Journal article","","","https://scholar.google.com/citations?view_op=view_citation&hl=en&user=P6BSUWAAAAAJ&cstart=100&pagesize=100&citation_for_view=P6BSUWAAAAAJ:b1wdh0AR-JQC",,,168,174,16,1.14,4,4,14,"","",""
15,"ES Aydil, D Maroudas, DC Marra, WMM Kessels, S Agarwal, ...","In situ probing and atomistic simulation of a-Si: H plasma deposition",2001,"MRS Online Proceedings Library (OPL)","","","https://scholar.google.com/scholar?oi=bibs&hl=en&cites=7011990094641602805",164,"2023-03-01 19:37:03","Conference paper","","","https://scholar.google.com/citations?view_op=view_citation&hl=en&user=P6BSUWAAAAAJ&cstart=100&pagesize=100&citation_for_view=P6BSUWAAAAAJ:3fE2CSJIrl8C",664,,,,15,0.68,3,6,22,"","",""
14,"B Voigt, W Moore, M Maiti, J Walter, B Das, M Manno, C Leighton, ...","Observation of an Internal p–n Junction in Pyrite FeS2 Single Crystals: Potential Origin of the Low Open Circuit Voltage in Pyrite Solar Cells",2020,"ACS Materials Letters","","","https://scholar.google.com/scholar?oi=bibs&hl=en&cites=6586665810869698694",165,"2023-03-01 19:37:03","Journal article","","","https://scholar.google.com/citations?view_op=view_citation&hl=en&user=P6BSUWAAAAAJ&cstart=100&pagesize=100&citation_for_view=P6BSUWAAAAAJ:u9iWguZQMMsC",2,7,861,868,14,4.67,2,8,3,"","",""
14,"MS Valipa, S Sriraman, ES Aydil, D Maroudas","Atomic-scale analysis of fundamental mechanisms of surface valley filling during plasma deposition of amorphous silicon thin films",2005,"Surface science 574 (2-3)","","","https://scholar.google.com/scholar?oi=bibs&hl=en&cites=6676295197996658768",166,"2023-03-01 19:37:03","Book chapter","","","https://scholar.google.com/citations?view_op=view_citation&hl=en&user=P6BSUWAAAAAJ&cstart=100&pagesize=100&citation_for_view=P6BSUWAAAAAJ:Tiz5es2fbqcC",,,123,143,14,0.78,4,4,18,"","",""
14,"TW Kim, SJ Ullal, V Vahedi, ES Aydil","An on-wafer probe array for measuring two-dimensional ion flux distributions in plasma reactors",2002,"Review of scientific instruments","","","https://scholar.google.com/scholar?oi=bibs&hl=en&cites=16811040225110041549",167,"2023-03-01 19:37:03","Journal article","","","https://scholar.google.com/citations?view_op=view_citation&hl=en&user=P6BSUWAAAAAJ&cstart=100&pagesize=100&citation_for_view=P6BSUWAAAAAJ:umqufdRvDiIC",73,10,3494,3499,14,0.67,4,4,21,"","",""
13,"BL Greenberg, ZL Robinson, Y Ayino, JT Held, TA Peterson, KA Mkhoyan, ...","Metal-insulator transition in a semiconductor nanocrystal network",2019,"Science Advances 5 (8), eaaw","","","https://scholar.google.com/scholar?oi=bibs&hl=en&cites=17169651877266430385",168,"2023-03-01 19:37:03","Journal article","","","https://scholar.google.com/citations?view_op=view_citation&hl=en&user=P6BSUWAAAAAJ&cstart=100&pagesize=100&citation_for_view=P6BSUWAAAAAJ:QYdC8u9Cj1oC",1462,,,,13,3.25,2,7,4,"","",""
13,"AA Gunawan, BD Chernomordik, DS Plemmons, DD Deng, ES Aydil, ...","Plasmonic interactions through chemical bonds of surface ligands on PbSe nanocrystals",2014,"Chemistry of Materials","","","https://scholar.google.com/scholar?oi=bibs&hl=en&cites=11172806184121132255",169,"2023-03-01 19:37:03","Journal article","","","https://scholar.google.com/citations?view_op=view_citation&hl=en&user=P6BSUWAAAAAJ&cstart=100&pagesize=100&citation_for_view=P6BSUWAAAAAJ:evX43VCCuoAC",26,10,3328,3333,13,1.44,2,6,9,"","",""
13,"S Sriraman, ES Aydil, D Maroudas","Visualizing the evolution of surface bond straining during radical-surface interactions in plasma deposition processes",2002,"IEEE transactions on plasma science","","","https://scholar.google.com/scholar?oi=bibs&hl=en&cites=3491993023188803450",170,"2023-03-01 19:37:03","Journal article","","","https://scholar.google.com/citations?view_op=view_citation&hl=en&user=P6BSUWAAAAAJ&cstart=100&pagesize=100&citation_for_view=P6BSUWAAAAAJ:M3NEmzRMIkIC",30,1,112,113,13,0.62,4,3,21,"","",""
13,"ES Aydil, RA Gottscho","Probing plasma/surface interactions",1997,"Solid state technology","","","https://scholar.google.com/scholar?oi=bibs&hl=en&cites=6754120642714419053",171,"2023-03-01 19:37:03","Journal article","","","https://scholar.google.com/citations?view_op=view_citation&hl=en&user=P6BSUWAAAAAJ&cstart=100&pagesize=100&citation_for_view=P6BSUWAAAAAJ:738O_yMBCRsC",40,10,181,187,13,0.50,7,2,26,"","",""
13,"MA Jarnyk, JA Gregus, ES Aydil, RA Gottscho","Control of an unstable electron cyclotron resonance plasma",1993,"Applied physics letters","","","https://scholar.google.com/scholar?oi=bibs&hl=en&cites=15759625381803644666",172,"2023-03-01 19:37:03","Journal article","","","https://scholar.google.com/citations?view_op=view_citation&hl=en&user=P6BSUWAAAAAJ&cstart=100&pagesize=100&citation_for_view=P6BSUWAAAAAJ:86PQX7AUzd4C",62,17,2039,2041,13,0.43,3,4,30,"","",""
12,"N Araki, ES Aydil, KD Dorfman","Collision of a long DNA molecule with an isolated nanowire",2010,"Electrophoresis","","","https://scholar.google.com/scholar?oi=bibs&hl=en&cites=6999302741424679209",173,"2023-03-01 19:37:03","Journal article","","","https://scholar.google.com/citations?view_op=view_citation&hl=en&user=P6BSUWAAAAAJ&cstart=100&pagesize=100&citation_for_view=P6BSUWAAAAAJ:tS2w5q8j5-wC",31,22,3675,3680,12,0.92,4,3,13,"","",""
12,"NA Alcantar, ES Aydil, J Israelachvili","Effect of water plasma on silica surfaces: Synthesis, characterization and applications",1999,"Special Publications of the Royal Society of Chemistry","","","https://scholar.google.com/scholar?oi=bibs&hl=en&cites=14458446051857907403",174,"2023-03-01 19:37:03","Journal article","","","https://scholar.google.com/citations?view_op=view_citation&hl=en&user=P6BSUWAAAAAJ&cstart=100&pagesize=100&citation_for_view=P6BSUWAAAAAJ:S16KYo8Pm5AC",235,,212,222,12,0.50,4,3,24,"","",""
11,"BT Benton, BL Greenberg, E Aydil, UR Kortshagen, SA Campbell","Variable range hopping conduction in ZnO nanocrystal thin films",2018,"Nanotechnology","","","https://scholar.google.com/scholar?oi=bibs&hl=en&cites=5894708640095560548",175,"2023-03-01 19:37:03","Journal article","","","https://scholar.google.com/citations?view_op=view_citation&hl=en&user=P6BSUWAAAAAJ&cstart=100&pagesize=100&citation_for_view=P6BSUWAAAAAJ:f2IySw72cVMC",29,41,415202,415202,11,2.20,2,5,5,"","",""
11,"S Ramalingam, ES Aydil, D Maroudas","Molecular dynamics study of the interactions of small thermal and energetic silicon clusters with crystalline and amorphous silicon surfaces",2001,"Journal of Vacuum Science &Technology B: Microelectronics and Nanometer …","","","https://scholar.google.com/scholar?oi=bibs&hl=en&cites=6004626765103390194",176,"2023-03-01 19:37:03","Journal article","","","https://scholar.google.com/citations?view_op=view_citation&hl=en&user=P6BSUWAAAAAJ&cstart=100&pagesize=100&citation_for_view=P6BSUWAAAAAJ:EUQCXRtRnyEC",,,,,11,0.50,4,3,22,"","",""
10,"M Johnson, M Manno, X Zhang, C Leighton, ES Aydil","Substrate and temperature dependence of the formation of the Earth abundant solar absorber Cu2ZnSnS4 by ex situ sulfidation of cosputtered Cu-Zn-Sn films",2014,"Journal of Vacuum Science &Technology A: Vacuum, Surfaces, and Films 32 (6 …","","","https://scholar.google.com/scholar?oi=bibs&hl=en&cites=2344473717545504758",177,"2023-03-01 19:37:03","Journal article","","","https://scholar.google.com/citations?view_op=view_citation&hl=en&user=P6BSUWAAAAAJ&cstart=100&pagesize=100&citation_for_view=P6BSUWAAAAAJ:QIV2ME_5wuYC",,,,,10,1.11,2,5,9,"","",""
10,"TW Kim, ES Aydil","Experimental and theoretical study of two-dimensional ion flux uniformity at the wafer plane in inductively coupled plasmas",2003,"IEEE transactions on plasma science","","","https://scholar.google.com/scholar?oi=bibs&hl=en&cites=11676138766227221531",178,"2023-03-01 19:37:03","Journal article","","","https://scholar.google.com/citations?view_op=view_citation&hl=en&user=P6BSUWAAAAAJ&cstart=100&pagesize=100&citation_for_view=P6BSUWAAAAAJ:XD-gHx7UXLsC",31,4,614,627,10,0.50,5,2,20,"","",""
10,"S Sriraman, S Ramalingam, ES Aydil, D Maroudas","Abstraction of hydrogen by SiH radicals from hydrogenated amorphous silicon surfaces",2000,"Surface science 459 (3), L475-L","","","https://scholar.google.com/scholar?oi=bibs&hl=en&cites=5911148634593705149",179,"2023-03-01 19:37:03","Journal article","","","https://scholar.google.com/citations?view_op=view_citation&hl=en&user=P6BSUWAAAAAJ&cstart=100&pagesize=100&citation_for_view=P6BSUWAAAAAJ:bFI3QPDXJZMC",481,,,,10,0.43,3,4,23,"","",""
9,"JD Dwyer, EJ Diaz, TE Webber, A Katzenberg, MA Modestino, ES Aydil","Quantum confinement in few layer SnS nanosheets",2019,"Nanotechnology","","","https://scholar.google.com/scholar?oi=bibs&hl=en&cites=2430879759971344974",180,"2023-03-01 19:37:03","Journal article","","","https://scholar.google.com/citations?view_op=view_citation&hl=en&user=P6BSUWAAAAAJ&cstart=100&pagesize=100&citation_for_view=P6BSUWAAAAAJ:ZeXyd9-uunAC",30,24,245705,245705,9,2.25,2,6,4,"","",""
9,"N Bilik, BL Greenberg, J Yang, ES Aydil, UR Kortshagen","Atmospheric-pressure glow plasma synthesis of plasmonic and photoluminescent zinc oxide nanocrystals",2016,"Journal of Applied Physics","","","https://scholar.google.com/scholar?oi=bibs&hl=en&cites=16579130317538322239",181,"2023-03-01 19:37:03","Journal article","","","https://scholar.google.com/citations?view_op=view_citation&hl=en&user=P6BSUWAAAAAJ&cstart=100&pagesize=100&citation_for_view=P6BSUWAAAAAJ:NXb4pA-qfm4C",119,24,243302,243302,9,1.29,2,5,7,"","",""
9,"K Nagaich, S Campbell, E Aydil","Wide band-gap CuIn1−XGaXSe2 based chalcopyrite absorbers for tandem cell applications",2011,"2011 37th IEEE Photovoltaic Specialists Conference","","","https://scholar.google.com/scholar?oi=bibs&hl=en&cites=16987863761303119279",182,"2023-03-01 19:37:03","Conference paper","","","https://scholar.google.com/citations?view_op=view_citation&hl=en&user=P6BSUWAAAAAJ&cstart=100&pagesize=100&citation_for_view=P6BSUWAAAAAJ:2VqYfGB8ITEC",,,425,429,9,0.75,3,3,12,"","",""
9,"S Sriraman, P Mahalingam, ES Aydil, D Maroudas","Mechanism and energetics of dimerization of SiH2 radicals on H-terminated Si (001)-(2× 1) surfaces",2003,"Surface science 540 (2-3), L623-L","","","https://scholar.google.com/scholar?oi=bibs&hl=en&cites=4090143023599984689",183,"2023-03-01 19:37:03","Journal article","","","https://scholar.google.com/citations?view_op=view_citation&hl=en&user=P6BSUWAAAAAJ&cstart=100&pagesize=100&citation_for_view=P6BSUWAAAAAJ:NaGl4SEjCO4C",630,,,,9,0.45,2,4,20,"","",""
9,"TW Kim, ES Aydil","Spatial and temporal variation of ion flux in the presence of an instability in inductively coupled SF6 plasmas",2003,"Plasma Sources Science and Technology","","","https://scholar.google.com/scholar?oi=bibs&hl=en&cites=3954510714648908111",184,"2023-03-01 19:37:03","Journal article","","","https://scholar.google.com/citations?view_op=view_citation&hl=en&user=P6BSUWAAAAAJ&cstart=100&pagesize=100&citation_for_view=P6BSUWAAAAAJ:ns9cj8rnVeAC",12,2,148,148,9,0.45,5,2,20,"","",""
9,"ES Aydil, RA Gottscho, JA Gregus, MA Jarnyk","Method for controlling plasma processes",1994,"US Patent 5,277,752","","","https://scholar.google.com/scholar?oi=bibs&hl=en&cites=9180055921701661319",185,"2023-03-01 19:37:03","Patent","","","https://scholar.google.com/citations?view_op=view_citation&hl=en&user=P6BSUWAAAAAJ&cstart=100&pagesize=100&citation_for_view=P6BSUWAAAAAJ:dTyEYWd-f8wC",,,,,9,0.31,2,4,29,"","",""
8,"CP Clark, B Voigt, ES Aydil, RJ Holmes","Carrier-gas assisted vapor deposition for highly tunable morphology of halide perovskite thin films",2019,"Sustainable Energy &Fuels","","","https://scholar.google.com/scholar?oi=bibs&hl=en&cites=15460698598747094337",186,"2023-03-01 19:37:03","Journal article","","","https://scholar.google.com/citations?view_op=view_citation&hl=en&user=P6BSUWAAAAAJ&cstart=100&pagesize=100&citation_for_view=P6BSUWAAAAAJ:Ug5p-4gJ2f0C",3,9,2447,2455,8,2.00,2,4,4,"","",""
8,"BA Williams, ND Trejo, A Wu, CS Holgate, LF Francis, ES Aydil","Copper–Zinc–Tin–Sulfide Thin Films via Annealing of Ultrasonic Spray Deposited Nanocrystal Coatings",2017,"ACS applied materials &interfaces","","","https://scholar.google.com/scholar?oi=bibs&hl=en&cites=2582382640976211009",187,"2023-03-01 19:37:03","Journal article","","","https://scholar.google.com/citations?view_op=view_citation&hl=en&user=P6BSUWAAAAAJ&cstart=100&pagesize=100&citation_for_view=P6BSUWAAAAAJ:IWHjjKOFINEC",9,22,18865,18871,8,1.33,1,6,6,"","",""
7,"MR Scimeca, N Mattu, IJ Paredes, MN Tran, SJ Paul, ES Aydil, A Sahu","Origin of Intraband Optical Transitions in Ag2Se Colloidal Quantum Dots",2021,"The Journal of Physical Chemistry C","","","https://scholar.google.com/scholar?oi=bibs&hl=en&cites=14617987753760002942",188,"2023-03-01 19:37:03","Journal article","","","https://scholar.google.com/citations?view_op=view_citation&hl=en&user=P6BSUWAAAAAJ&cstart=100&pagesize=100&citation_for_view=P6BSUWAAAAAJ:GFxP56DSvIMC",125,31,17556,17564,7,3.50,1,7,2,"","",""
7,"IJ Cleveland, MN Tran, A Dey, ES Aydil","Vapor deposition of CsPbBr3 thin films by evaporation of CsBr and PbBr2",2021,"Journal of Vacuum Science &Technology A: Vacuum, Surfaces, and Films 39 (4 …","","","https://scholar.google.com/scholar?oi=bibs&hl=en&cites=18174761483730153150",189,"2023-03-01 19:37:03","Journal article","","","https://scholar.google.com/citations?view_op=view_citation&hl=en&user=P6BSUWAAAAAJ&cstart=100&pagesize=100&citation_for_view=P6BSUWAAAAAJ:Ehil0879vHcC",,,,,7,3.50,2,4,2,"","",""
7,"MN Tran, IJ Cleveland, GA Pustorino, ES Aydil","Efficient near-infrared emission from lead-free ytterbium-doped cesium bismuth halide perovskites",2021,"Journal of Materials Chemistry A","","","https://scholar.google.com/scholar?oi=bibs&hl=en&cites=3584892155662320160",190,"2023-03-01 19:37:03","Journal article","","","https://scholar.google.com/citations?view_op=view_citation&hl=en&user=P6BSUWAAAAAJ&cstart=100&pagesize=100&citation_for_view=P6BSUWAAAAAJ:P7Ujq4OLJYoC",9,22,13026,13035,7,3.50,2,4,2,"","",""
7,"JT Batley, M Nguyen, I Kamboj, C Korostynski, ES Aydil, C Leighton","Quantitative understanding of superparamagnetic blocking in thoroughly characterized Ni nanoparticle assemblies",2020,"Chemistry of Materials","","","https://scholar.google.com/scholar?oi=bibs&hl=en&cites=6512781776592704924",191,"2023-03-01 19:37:03","Journal article","","","https://scholar.google.com/citations?view_op=view_citation&hl=en&user=P6BSUWAAAAAJ&cstart=100&pagesize=100&citation_for_view=P6BSUWAAAAAJ:OU6Ihb5iCvQC",32,15,6494,6506,7,2.33,1,6,3,"","",""
7,"ES Aydil, DJ Norris, A Khare, AW Wills, BS Tosun","Metal chalcogenides and methods of making and using same",2014,"US Patent App. 13/980,404","","","https://scholar.google.com/scholar?oi=bibs&hl=en&cites=15715007355958507346",192,"2023-03-01 19:37:03","Patent","","","https://scholar.google.com/citations?view_op=view_citation&hl=en&user=P6BSUWAAAAAJ&cstart=100&pagesize=100&citation_for_view=P6BSUWAAAAAJ:hCrLmN-GePgC",,,,,7,0.78,1,5,9,"","",""
7,"AA Gunawan, B Chernomordik, D Plemmons, D Deng, E Aydil, ...","Ligands in PbSe nanocrystals: characterizations and plasmonic interactions",2013,"Microscopy and Microanalysis 19 (S2)","","","https://scholar.google.com/scholar?oi=bibs&hl=en&cites=13347546328602043846",193,"2023-03-01 19:37:03","Book chapter","","","https://scholar.google.com/citations?view_op=view_citation&hl=en&user=P6BSUWAAAAAJ&cstart=100&pagesize=100&citation_for_view=P6BSUWAAAAAJ:tYavs44e6CUC",,,1506,1507,7,0.70,1,6,10,"","",""
7,"TW Kim, ES Aydil","Two-dimensional ion flux distributions in inductively coupled plasmas: Effect of adding electronegative gases to Ar",2002,"Journal of applied physics","","","https://scholar.google.com/scholar?oi=bibs&hl=en&cites=6247705775609012528",194,"2023-03-01 19:37:03","Journal article","","","https://scholar.google.com/citations?view_op=view_citation&hl=en&user=P6BSUWAAAAAJ&cstart=100&pagesize=100&citation_for_view=P6BSUWAAAAAJ:CHSYGLWDkRkC",92,11,6444,6450,7,0.33,4,2,21,"","",""
7,"TW Kim, ES Aydil","Spatial and temporal variation of the ion flux impinging on the wafer surface in presence of a plasma instability",2002,"IEEE transactions on plasma science","","","https://scholar.google.com/scholar?oi=bibs&hl=en&cites=4178478378694634061",195,"2023-03-01 19:37:03","Journal article","","","https://scholar.google.com/citations?view_op=view_citation&hl=en&user=P6BSUWAAAAAJ&cstart=100&pagesize=100&citation_for_view=P6BSUWAAAAAJ:lSLTfruPkqcC",30,1,120,121,7,0.33,4,2,21,"","",""
6,"S Ramalingam, D Maroudas, ES Aydil","Visualizing radical-surface interactions in plasma deposition processes: reactivity of SiH/sub 3/radicals with Si surfaces",1999,"IEEE transactions on plasma science","","","https://scholar.google.com/scholar?oi=bibs&hl=en&cites=11393459103791811346",196,"2023-03-01 19:37:03","Journal article","","","https://scholar.google.com/citations?view_op=view_citation&hl=en&user=P6BSUWAAAAAJ&cstart=100&pagesize=100&citation_for_view=P6BSUWAAAAAJ:fEOibwPWpKIC",27,1,104,105,6,0.25,2,3,24,"","",""
6,"ES Aydil, KP Giapis, RA Gottscho","Downstream ammonia plasma passivation of GaAs",1995,"US Patent 5,464,664","","","https://scholar.google.com/scholar?oi=bibs&hl=en&cites=485893221924321461",197,"2023-03-01 19:37:03","Patent","","","https://scholar.google.com/citations?view_op=view_citation&hl=en&user=P6BSUWAAAAAJ&cstart=100&pagesize=100&citation_for_view=P6BSUWAAAAAJ:Tyk-4Ss8FVUC",,,,,6,0.21,2,3,28,"","",""
5,"CA Beaudette, JT Held, BL Greenberg, PH Nguyen, NM Concannon, ...","Plasmonic nanocomposites of zinc oxide and titanium nitride",2020,"Journal of Vacuum Science &Technology A: Vacuum, Surfaces, and Films 38 (4 …","","","https://scholar.google.com/scholar?oi=bibs&hl=en&cites=8185591243054676987",198,"2023-03-01 19:37:03","Journal article","","","https://scholar.google.com/citations?view_op=view_citation&hl=en&user=P6BSUWAAAAAJ&cstart=100&pagesize=100&citation_for_view=P6BSUWAAAAAJ:XiVPGOgt02cC",,,,,5,1.67,1,6,3,"","",""
5,"MJ Kushner, I Adamovich, E Aydil, SD Baalrud, DB Graves, V Donnelly, ...","A low temperature plasma science program: Discovery science for societal benefit",2014,"White Paper to the","","","https://scholar.google.com/scholar?oi=bibs&hl=en&cites=18271778326279711427",199,"2023-03-01 19:37:03","","","","https://scholar.google.com/citations?view_op=view_citation&hl=en&user=P6BSUWAAAAAJ&cstart=100&pagesize=100&citation_for_view=P6BSUWAAAAAJ:a3BOlSfXSfwC",,,,,5,0.56,1,7,9,"","",""
5,"S Karthikeyan, M Sibakoti, R Liptak, SH Song, J Abrahamson, ES Aydil, ...","Challenges in deposition of wide band gap copper indium aluminum gallium selenide (CIAGS) thin films for tandem solar cells",2014,"2014 IEEE 40th Photovoltaic Specialist Conference (PVSC)","","","https://scholar.google.com/scholar?oi=bibs&hl=en&cites=1343670976739154195",200,"2023-03-01 19:37:03","Conference paper","","","https://scholar.google.com/citations?view_op=view_citation&hl=en&user=P6BSUWAAAAAJ&cstart=100&pagesize=100&citation_for_view=P6BSUWAAAAAJ:0EnyYjriUFMC",,,1632,1634,5,0.56,1,7,9,"","",""
5,"ES Aydil","Plasma etching",2003,"digital Encyclopedia of Applied Physics","","","https://scholar.google.com/scholar?oi=bibs&hl=en&cites=17540442995730990791",201,"2023-03-01 19:37:03","","","","https://scholar.google.com/citations?view_op=view_citation&hl=en&user=P6BSUWAAAAAJ&cstart=200&pagesize=100&citation_for_view=P6BSUWAAAAAJ:DJbcl8HfkQkC",,,,,5,0.25,5,1,20,"","",""
4,"MN Tran, IJ Cleveland, ES Aydil","Physical vapor deposition of the halide perovskite CsBi2Br7",2021,"Journal of Vacuum Science &Technology A: Vacuum, Surfaces, and Films 39 (1 …","","","https://scholar.google.com/scholar?oi=bibs&hl=en&cites=13801167046513200146",202,"2023-03-01 19:37:03","Journal article","","","https://scholar.google.com/citations?view_op=view_citation&hl=en&user=P6BSUWAAAAAJ&cstart=200&pagesize=100&citation_for_view=P6BSUWAAAAAJ:k8Z6L05lTy4C",,,,,4,2.00,1,3,2,"","",""
4,"B Selin Tosun, RK Feist, SA Campbell, ES Aydil","Tin dioxide as an alternative window layer for improving the damp-heat stability of copper indium gallium diselenide solar cells",2012,"Journal of Vacuum Science &Technology A: Vacuum, Surfaces, and Films 30 (4 …","","","https://scholar.google.com/scholar?oi=bibs&hl=en&cites=9208152344944463276",203,"2023-03-01 19:37:03","Journal article","","","https://scholar.google.com/citations?view_op=view_citation&hl=en&user=P6BSUWAAAAAJ&cstart=200&pagesize=100&citation_for_view=P6BSUWAAAAAJ:eq2jaN3J8jMC",,,,,4,0.36,1,4,11,"","",""
4,"B Liu, ES Aydil","Layered mesoporous nanostructures for enhanced light harvesting in dye-sensitized solar cells",2011,"Journal of Renewable and Sustainable Energy","","","https://scholar.google.com/scholar?oi=bibs&hl=en&cites=434284179132665631",204,"2023-03-01 19:37:03","Journal article","","","https://scholar.google.com/citations?view_op=view_citation&hl=en&user=P6BSUWAAAAAJ&cstart=200&pagesize=100&citation_for_view=P6BSUWAAAAAJ:IjCSPb-OGe4C",3,4,43106,43106,4,0.33,2,2,12,"","",""
4,"A Takano, T Wada, S Fujikake, T Yoshida, T Ohto, ES Aydil","Chlorine containing hydrogenated amorphous silicon without optical band gap widening",2003,"3rd World Conference onPhotovoltaic Energy Conversion, 2003. Proceedings of …","","","https://scholar.google.com/scholar?oi=bibs&hl=en&cites=17524745344709456024",205,"2023-03-01 19:37:03","Conference paper","","","https://scholar.google.com/citations?view_op=view_citation&hl=en&user=P6BSUWAAAAAJ&cstart=200&pagesize=100&citation_for_view=P6BSUWAAAAAJ:cWzG1nlazyYC",,,,,4,0.20,1,6,20,"","",""
4,"E Meeks, RS Larson, P Ho, C Apblett, SM Han, SM EDELBERG, E AYDIL","Modeling high-density-plasma deposition of SiO 2 in SiH 4/O 2/Ar",1997,"","","","https://scholar.google.com/scholar?oi=bibs&hl=en&cites=14958161812078044784",206,"2023-03-01 19:37:03","","","","https://scholar.google.com/citations?view_op=view_citation&hl=en&user=P6BSUWAAAAAJ&cstart=200&pagesize=100&citation_for_view=P6BSUWAAAAAJ:tOudhMTPpwUC",,,,,4,0.15,1,7,26,"","",""
4,"ES Aydil","Theoretical and Experimental Investigation of Chlorine RF Glow Discharges and Polysilicon Etching.",1991,"Ph. D","Thesis","","https://scholar.google.com/scholar?oi=bibs&hl=en&cites=1698991756335556609",207,"2023-03-01 19:37:03","","","","https://scholar.google.com/citations?view_op=view_citation&hl=en&user=P6BSUWAAAAAJ&cstart=200&pagesize=100&citation_for_view=P6BSUWAAAAAJ:kNdYIx-mwKoC",,,,,4,0.13,4,1,32,"","",""
3,"B Voigt, B Das, DM Carr, D Ray, M Maiti, W Moore, M Manno, J Walter, ...","Mitigation of the internal p-n junction in -contacted  single crystals: Accessing bulk semiconducting transport",2021,"Physical Review Materials","","","https://scholar.google.com/scholar?oi=bibs&hl=en&cites=4418071129097655428",208,"2023-03-01 19:37:03","Journal article","","","https://scholar.google.com/citations?view_op=view_citation&hl=en&user=P6BSUWAAAAAJ&cstart=200&pagesize=100&citation_for_view=P6BSUWAAAAAJ:2P1L_qKh6hAC",5,2,25405,25405,3,1.50,0,9,2,"","",""
3,"MJ Behr, KA Mkhoyan, ES Aydil","Carbon diffusion from methane into walls of carbon nanotube through structurally and compositionally modified iron catalyst",2011,"Microscopy and Microanalysis","","","https://scholar.google.com/scholar?oi=bibs&hl=en&cites=18128600963013108828",209,"2023-03-01 19:37:03","Journal article","","","https://scholar.google.com/citations?view_op=view_citation&hl=en&user=P6BSUWAAAAAJ&cstart=200&pagesize=100&citation_for_view=P6BSUWAAAAAJ:HeT0ZceujKMC",17,4,582,586,3,0.25,1,3,12,"","",""
2,"MN Tran, IJ Cleveland, ES Aydil","Reactive Physical Vapor Deposition of Yb-Doped Lead-Free Double Perovskite Cs2AgBiBr6 with 95% Photoluminescence Quantum Yield",2022,"ACS Applied Electronic Materials","","","https://scholar.google.com/scholar?oi=bibs&hl=en&cites=16296003601337272953",210,"2023-03-01 19:37:03","Journal article","","","https://scholar.google.com/citations?view_op=view_citation&hl=en&user=P6BSUWAAAAAJ&cstart=200&pagesize=100&citation_for_view=P6BSUWAAAAAJ:gKiMpY-AVTkC",4,9,4588,4594,2,2.00,1,3,1,"","",""
2,"MN Tran, IJ Cleveland, JR Geniesse, ES Aydil","High photoluminescence quantum yield near-infrared emission from a lead-free ytterbium-doped double perovskite",2022,"Materials Horizons","","","https://scholar.google.com/scholar?oi=bibs&hl=en&cites=1016668964163537548",211,"2023-03-01 19:37:03","Journal article","","","https://scholar.google.com/citations?view_op=view_citation&hl=en&user=P6BSUWAAAAAJ&cstart=200&pagesize=100&citation_for_view=P6BSUWAAAAAJ:nVrZBo8bIpAC",9,8,2191,2197,2,2.00,1,4,1,"","",""
2,"X Wu, BL Greenberg, Y Zhang, JT Held, D Huang, JG Barriocanal, ...","Thermal transport in ZnO nanocrystal networks synthesized by nonthermal plasma",2020,"Physical Review Materials","","","https://scholar.google.com/scholar?oi=bibs&hl=en&cites=3739666774671019082",212,"2023-03-01 19:37:03","Journal article","","","https://scholar.google.com/citations?view_op=view_citation&hl=en&user=P6BSUWAAAAAJ&cstart=200&pagesize=100&citation_for_view=P6BSUWAAAAAJ:GnPB-g6toBAC",4,8,86001,86001,2,0.67,0,7,3,"","",""
2,"MJ Behr, KA Mkhoyan, ES Aydil","Atomic-Scale Investigations of Carbon Nanotube Growth Mechanisms",2010,"Microscopy and Microanalysis 16 (S2)","","","https://scholar.google.com/scholar?oi=bibs&hl=en&cites=13471506080183106750",213,"2023-03-01 19:37:03","Book chapter","","","https://scholar.google.com/citations?view_op=view_citation&hl=en&user=P6BSUWAAAAAJ&cstart=200&pagesize=100&citation_for_view=P6BSUWAAAAAJ:tuHXwOkdijsC",,,1710,1711,2,0.15,1,3,13,"","",""
2,"MS Valipa, ES Aydil, D Maroudas","Visualizing the evolution of surface morphology and surface bond strain during plasma deposition of amorphous silicon thin films",2005,"IEEE Transactions on Plasma Science","","","https://scholar.google.com/scholar?oi=bibs&hl=en&cites=18212168339570106226",214,"2023-03-01 19:37:03","Journal article","","","https://scholar.google.com/citations?view_op=view_citation&hl=en&user=P6BSUWAAAAAJ&cstart=200&pagesize=100&citation_for_view=P6BSUWAAAAAJ:yqoGN6RLRZoC",33,2,228,229,2,0.11,1,3,18,"","",""
2,"ES Aydil, S Agarwal, M Valipa, S Sriraman, D Maroudas","Surface processes during growth of hydrogenated amorphous silicon",2004,"MRS Online Proceedings Library (OPL)","","","https://scholar.google.com/scholar?oi=bibs&hl=en&cites=17931164358851783788",215,"2023-03-01 19:37:03","Conference paper","","","https://scholar.google.com/citations?view_op=view_citation&hl=en&user=P6BSUWAAAAAJ&cstart=200&pagesize=100&citation_for_view=P6BSUWAAAAAJ:blknAaTinKkC",808,,,,2,0.11,0,5,19,"","",""
2,"JB Baxter, REMW Bessems, ES Aydil","Growth and characterization of ZnO nanowires",2003,"MRS Online Proceedings Library (OPL)","","","https://scholar.google.com/scholar?oi=bibs&hl=en&cites=11526601519009843218",216,"2023-03-01 19:37:03","Conference paper","","","https://scholar.google.com/citations?view_op=view_citation&hl=en&user=P6BSUWAAAAAJ&cstart=200&pagesize=100&citation_for_view=P6BSUWAAAAAJ:t7zJ5fGR-2UC",776,,,,2,0.10,1,3,20,"","",""
2,"A Takano, ES Aydil","Incorporation of Cl into hydrogenated amorphous silicon without optical band gap widening",2002,"Japanese journal of applied physics 41 (12A), L","","","https://scholar.google.com/scholar?oi=bibs&hl=en&cites=8857026218144770360",217,"2023-03-01 19:37:03","Journal article","","","https://scholar.google.com/citations?view_op=view_citation&hl=en&user=P6BSUWAAAAAJ&cstart=200&pagesize=100&citation_for_view=P6BSUWAAAAAJ:Y5dfb0dijaUC",1357,,,,2,0.10,1,2,21,"","",""
2,"S Ramalingam, D Maroudas, ES Aydil","Atomic-scale analysis of the reactivity of radicals from silane/hydrogen plasmas with silicon surfaces",1997,"MRS Online Proceedings Library (OPL)","","","https://scholar.google.com/scholar?oi=bibs&hl=en&cites=5951138369650186273",218,"2023-03-01 19:37:03","Conference paper","","","https://scholar.google.com/citations?view_op=view_citation&hl=en&user=P6BSUWAAAAAJ&cstart=200&pagesize=100&citation_for_view=P6BSUWAAAAAJ:_xSYboBqXhAC",485,,,,2,0.08,1,3,26,"","",""
1,"A Angulo, L Yang, ES Aydil, MA Modestino","Machine learning enhanced spectroscopic analysis: towards autonomous chemical mixture characterization for rapid process optimization",2022,"Digital Discovery","","","https://scholar.google.com/scholar?oi=bibs&hl=en&cites=724582654041271638",219,"2023-03-01 19:37:03","Journal article","","","https://scholar.google.com/citations?view_op=view_citation&hl=en&user=P6BSUWAAAAAJ&cstart=200&pagesize=100&citation_for_view=P6BSUWAAAAAJ:Aul-kAQHnToC",1,1,35,44,1,1.00,0,4,1,"","",""
1,"ES Aydil, WMM Kessels, S Law, M Sankaran, JMO Zide","Preface for the AVS Peter Mark award 40th anniversary collection",2021,"Journal of Vacuum Science &Technology A: Vacuum, Surfaces, and Films 39 (3 …","","","https://scholar.google.com/scholar?oi=bibs&hl=en&cites=17393322166355136678",220,"2023-03-01 19:37:03","Journal article","","","https://scholar.google.com/citations?view_op=view_citation&hl=en&user=P6BSUWAAAAAJ&cstart=200&pagesize=100&citation_for_view=P6BSUWAAAAAJ:OP4eGU-M3BUC",,,,,1,0.50,0,5,2,"","",""
1,"B Greenberg, Z Robinson, C Gorynski, B Voigt, L Francis, E Aydil, ...","Plasma-produced nanocrystals enable new insights in semiconductor physics",2016,"APS Annual Gaseous Electronics Meeting Abstracts, UF3.","","","https://scholar.google.com/scholar?oi=bibs&hl=en&cites=14947941789485364113",221,"2023-03-01 19:37:03","Abstract","","","https://scholar.google.com/citations?view_op=view_citation&hl=en&user=P6BSUWAAAAAJ&cstart=200&pagesize=100&citation_for_view=P6BSUWAAAAAJ:SpbeaW3--B0C",8,,,,1,0.14,0,7,7,"","",""
1,"RN Pereira, UR Kortshagen, SL Girshick, JJ Wu, ES Aydil, RM Sankaran","Nonthermal plasma synthesis of nanocrystals: fundamental principles, materials, and applications",2016,"research@ ua","","","https://scholar.google.com/scholar?oi=bibs&hl=en&cites=15772971538221776794",222,"2023-03-01 19:37:03","Journal article","","","https://scholar.google.com/citations?view_op=view_citation&hl=en&user=P6BSUWAAAAAJ&cstart=200&pagesize=100&citation_for_view=P6BSUWAAAAAJ:_axFR9aDTf0C",7,,48,48,1,0.14,0,6,7,"","",""
1,"BS Tosun, RK Feist, SA Campbell, ES Aydil, A Gunawan, KA Mkhoyan","Sputter deposition of semi-crystalline tin dioxide films for CIGS solar cells",2011,"Sustainable Engineering Forum: Core Programming Topic at the 2011 AIChE …","","","https://scholar.google.com/scholar?oi=bibs&hl=en&cites=7006279027873288360",223,"2023-03-01 19:37:03","Conference paper","","","https://scholar.google.com/citations?view_op=view_citation&hl=en&user=P6BSUWAAAAAJ&cstart=200&pagesize=100&citation_for_view=P6BSUWAAAAAJ:B3FOqHPlNUQC",,,,,1,0.08,0,6,12,"","",""
1,"A Takano, T Wada, S Fujikake, T Yoshida, T Ohto, ES Aydil","Reaction Control in Amorphous Silicon Film Deposition by Hydrogen Chloride",2002,"MRS Online Proceedings Library","","","https://scholar.google.com/scholar?oi=bibs&hl=en&cites=5014067386227768082",224,"2023-03-01 19:37:03","Conference paper","","","https://scholar.google.com/citations?view_op=view_citation&hl=en&user=P6BSUWAAAAAJ&cstart=200&pagesize=100&citation_for_view=P6BSUWAAAAAJ:HoB7MX3m0LUC",762,,1521,15216,1,0.05,0,6,21,"","",""
1,"S Ramalingam, P Mahalingam, ES Aydil, D Maroudas","STRUCTURAL, MECHANICAL, THERMODYNAMIC, AND OPTICAL PROPERTIES OF CONDENSED MATTER (PACS 61-68, 78)-Theoretical study of the interactions of SiH2 radicals with silicon surfaces",1999,"Journal of Applied Physics","","","https://scholar.google.com/scholar?oi=bibs&hl=en&cites=8152261548163453947",225,"2023-03-01 19:37:03","Journal article","","","https://scholar.google.com/citations?view_op=view_citation&hl=en&user=P6BSUWAAAAAJ&cstart=200&pagesize=100&citation_for_view=P6BSUWAAAAAJ:bnK-pcrLprsC",86,10,5497,5508,1,0.04,0,4,24,"","",""
1,"S Ramalingam, D Maroudas, ES Aydil","Atomic-Scale Analysis of Plasma-Enhanced Chemical Vapor Deposition from SiH4/2 Plasmas on Si Substrates",1998,"MRS Online Proceedings Library (OPL)","","","https://scholar.google.com/scholar?oi=bibs&hl=en&cites=13322281501717600950",226,"2023-03-01 19:37:03","Conference paper","","","https://scholar.google.com/citations?view_op=view_citation&hl=en&user=P6BSUWAAAAAJ&cstart=200&pagesize=100&citation_for_view=P6BSUWAAAAAJ:KUbvn5osdkgC",507,,,,1,0.04,0,3,25,"","",""
0,"DS Mallapragada, Y Dvorkin, MA Modestino, DV Esposito, WA Smith, ...","Decarbonization of the chemical industry through electrification: Barriers and opportunities",2023,"Joule","","","https://scholar.google.com",227,"2023-03-01 19:37:03","Journal article","","","https://scholar.google.com/citations?view_op=view_citation&hl=en&user=P6BSUWAAAAAJ&cstart=200&pagesize=100&citation_for_view=P6BSUWAAAAAJ:tH6gc1N1XXoC",7,1,23,41,0,0.00,0,6,1,"","",""
0,"HJM Kramer, F Anisi, J Jansen van Gaalen, J van Krochten, P Vonk, ...","IDEAL COMMUNITIES",2023,"CEP","","","https://scholar.google.com",228,"2023-03-01 19:37:03","","","","https://scholar.google.com/citations?view_op=view_citation&hl=en&user=P6BSUWAAAAAJ&cstart=200&pagesize=100&citation_for_view=P6BSUWAAAAAJ:Ak0FvsSvgGUC",,,,,0,0.00,0,6,1,"","",""
0,"MW Kim, Y Yuan, S Jeong, J Chong, H Mølnås, A Alaei, IJ Cleveland, ...","Electrospun Tri‐Cation Perovskite Nanofibers for Infrared Photodetection",2022,"Advanced Functional Materials","","","https://scholar.google.com",229,"2023-03-01 19:37:03","Journal article","","","https://scholar.google.com/citations?view_op=view_citation&hl=en&user=P6BSUWAAAAAJ&cstart=200&pagesize=100&citation_for_view=P6BSUWAAAAAJ:artPoR2Yc-kC",32,45,2207326,2207326,0,0.00,0,8,1,"","",""
0,"B Das, JT Batley, KL Krycka, JA Borchers, P Quarterman, C Korostynski, ...","Chemically Induced Magnetic Dead Shells in Superparamagnetic Ni Nanoparticles Deduced from Polarized Small-Angle Neutron Scattering",2022,"ACS Applied Materials &Interfaces","","","https://scholar.google.com",230,"2023-03-01 19:37:03","Journal article","","","https://scholar.google.com/citations?view_op=view_citation&hl=en&user=P6BSUWAAAAAJ&cstart=200&pagesize=100&citation_for_view=P6BSUWAAAAAJ:5icHVeHT4IsC",14,29,33491,33504,0,0.00,0,7,1,"","",""
0,"T Ono, S Ganguly, Q Tu, UR Kortshagen, ES Aydil","Plasma diagnostics and modeling of lithium-containing plasmas",2022,"Journal of Physics D: Applied Physics","","","https://scholar.google.com",231,"2023-03-01 19:37:03","Journal article","","","https://scholar.google.com/citations?view_op=view_citation&hl=en&user=P6BSUWAAAAAJ&cstart=200&pagesize=100&citation_for_view=P6BSUWAAAAAJ:5MTHONV0fEkC",55,25,254001,254001,0,0.00,0,5,1,"","",""
0,"B Das, B Voigt, W Moore, M Maiti, V Chaturvedi, G Haugstad, M Manno, ...","Unconventional electronic transport near the insulator-metal transition in Co-doped pyrite FeS2 single crystals",2022,"APS March Meeting Abstracts 2022, M67.","","","https://scholar.google.com",232,"2023-03-01 19:37:03","Abstract","","","https://scholar.google.com/citations?view_op=view_citation&hl=en&user=P6BSUWAAAAAJ&cstart=200&pagesize=100&citation_for_view=P6BSUWAAAAAJ:fbc8zXXH2BUC",9,,,,0,0.00,0,8,1,"","",""
0,"MR Scimeca, N Mattu, IJ Paredes, MN Tran, SJ Paul, ES Aydil, A Sahu","Origin of Intraband Optical Transitions in Ag₂Se Colloidal Quantum Dots",2021,"","","","https://scholar.google.com",233,"2023-03-01 19:37:03","","","","https://scholar.google.com/citations?view_op=view_citation&hl=en&user=P6BSUWAAAAAJ&cstart=200&pagesize=100&citation_for_view=P6BSUWAAAAAJ:LgRImbQfgY4C",,,,,0,0.00,0,7,2,"","",""
0,"E Kay, DB Graves, ES Aydil","Preface for the special topic collection commemorating the career of John Coburn",2020,"Journal of Vacuum Science &Technology A: Vacuum, Surfaces, and Films 38 (6 …","","","https://scholar.google.com",234,"2023-03-01 19:37:03","Journal article","","","https://scholar.google.com/citations?view_op=view_citation&hl=en&user=P6BSUWAAAAAJ&cstart=200&pagesize=100&citation_for_view=P6BSUWAAAAAJ:4DMP91E08xMC",,,,,0,0.00,0,3,3,"","",""
0,"I Petrov, JE Greene, JM Fitz-Gerald, JA Floro, EA Joseph, ES Aydil","Preface for the Festschrift Honoring Dr. Steve Rossnagel",2020,"Journal of Vacuum Science &Technology A: Vacuum, Surfaces, and Films 38 (5 …","","","https://scholar.google.com",235,"2023-03-01 19:37:03","Journal article","","","https://scholar.google.com/citations?view_op=view_citation&hl=en&user=P6BSUWAAAAAJ&cstart=200&pagesize=100&citation_for_view=P6BSUWAAAAAJ:4JMBOYKVnBMC",,,,,0,0.00,0,6,3,"","",""
0,"B Voigt, W Moore, M Maiti, J Walter, B Das, M Manno, C Leighton, E Aydil","Observation of an Internal pn Junction in Pyrite FeS2 Single Crystals: Origin of the Low Open Circuit Voltage in Pyrite Solar Cells",2020,"","","","https://scholar.google.com",236,"2023-03-01 19:37:03","","","","https://scholar.google.com/citations?view_op=view_citation&hl=en&user=P6BSUWAAAAAJ&cstart=200&pagesize=100&citation_for_view=P6BSUWAAAAAJ:YOwf2qJgpHMC",,,,,0,0.00,0,8,3,"","",""
0,"B Voigt, W Moore, D Ray, M Manno, J Jeremiason, L Gagliardi, E Aydil, ...","p-Type Doping of Pyrite FeS2",2020,"Bulletin of the American Physical Society","","","https://scholar.google.com",237,"2023-03-01 19:37:03","Journal article","","","https://scholar.google.com/citations?view_op=view_citation&hl=en&user=P6BSUWAAAAAJ&cstart=200&pagesize=100&citation_for_view=P6BSUWAAAAAJ:JQOojiI6XY0C",65,,,,0,0.00,0,8,3,"","",""
0,"B Das, B Voigt, M Maiti, W Moore, M Manno, E Aydil, C Leighton","Insulator-Metal Transition in Co-Doped Pyrite FeS2 Single Crystals",2020,"Bulletin of the American Physical Society","","","https://scholar.google.com",238,"2023-03-01 19:37:03","Journal article","","","https://scholar.google.com/citations?view_op=view_citation&hl=en&user=P6BSUWAAAAAJ&cstart=200&pagesize=100&citation_for_view=P6BSUWAAAAAJ:L8Ckcad2t8MC",65,,,,0,0.00,0,7,3,"","",""
0,"B Voigt, W Moore, M Manno, J Walter, C Leighton, E Aydil","Sulfur Vacancies as the Origin of n-type Doping in Unintentionally Doped Pyrite FeS2 Single Crystals",2019,"APS March Meeting Abstracts 2019, C11.","","","https://scholar.google.com",239,"2023-03-01 19:37:03","Abstract","","","https://scholar.google.com/citations?view_op=view_citation&hl=en&user=P6BSUWAAAAAJ&cstart=200&pagesize=100&citation_for_view=P6BSUWAAAAAJ:uWiczbcajpAC",5,,,,0,0.00,0,6,4,"","",""
0,"J Batley, M Nguyen, I Kamboj, E Aydil, C Leighton, JB Team","Quantitative size-structure-magnetic property relationships in thoroughly-characterized metallic Ni nanoparticle assemblies",2019,"APS March Meeting Abstracts 2019, Y41.","","","https://scholar.google.com",240,"2023-03-01 19:37:03","Abstract","","","https://scholar.google.com/citations?view_op=view_citation&hl=en&user=P6BSUWAAAAAJ&cstart=200&pagesize=100&citation_for_view=P6BSUWAAAAAJ:UeHWp8X0CEIC",12,,,,0,0.00,0,6,4,"","",""
0,"ES Aydil, B Greenberg, Z Robinson, J Held, KA Mkhoyan, UR Kortshagen","Invited: Insulator-Metal Transition in Plasma-Synthesized ZnO Nanocrystal Networks",2018,"2018 AIChE Annual Meeting","","","https://scholar.google.com",241,"2023-03-01 19:37:03","Conference paper","","","https://scholar.google.com/citations?view_op=view_citation&hl=en&user=P6BSUWAAAAAJ&cstart=200&pagesize=100&citation_for_view=P6BSUWAAAAAJ:_OXeSy2IsFwC",,,,,0,0.00,0,6,5,"","",""
0,"B Voigt, J Walter, X Zhang, D Ray, M Manno, L Gagliardi, ES Aydil, ...","Reviving Pyrite FeS2 as a Photovoltaic Material",2018,"2018 AIChE Annual Meeting","","","https://scholar.google.com",242,"2023-03-01 19:37:03","Conference paper","","","https://scholar.google.com/citations?view_op=view_citation&hl=en&user=P6BSUWAAAAAJ&cstart=200&pagesize=100&citation_for_view=P6BSUWAAAAAJ:nZcligLrVowC",,,,,0,0.00,0,8,5,"","",""
0,"E Juarez-Diaz, E Aydil, J Dwyer","Synthesis, separation, and characterization of two-dimensional tin (II) sulfide nanosheets",2018,"ABSTRACTS OF PAPERS OF THE AMERICAN CHEMICAL SOCIETY","","","https://scholar.google.com",243,"2023-03-01 19:37:03","Abstract","","","https://scholar.google.com/citations?view_op=view_citation&hl=en&user=P6BSUWAAAAAJ&cstart=200&pagesize=100&citation_for_view=P6BSUWAAAAAJ:VL0QpB8kHFEC",255,,,,0,0.00,0,3,5,"","",""
0,"EJ Diaz, J Dwyer, E Aydil","Synthesis and characterization of two-dimensional SnS nanoparticles",2018,"ABSTRACTS OF PAPERS OF THE AMERICAN CHEMICAL SOCIETY","","","https://scholar.google.com",244,"2023-03-01 19:37:03","Abstract","","","https://scholar.google.com/citations?view_op=view_citation&hl=en&user=P6BSUWAAAAAJ&cstart=200&pagesize=100&citation_for_view=P6BSUWAAAAAJ:NhqRSupF_l8C",255,,,,0,0.00,0,3,5,"","",""
0,"J Dwyer, E Juarez Diaz, AH Pinto, ES Aydil","Hydrothermal synthesis and characterization of two dimensional tin (II) sulfide nanosheets.",2018,"","","","https://scholar.google.com",245,"2023-03-01 19:37:03","","","","https://scholar.google.com/citations?view_op=view_citation&hl=en&user=P6BSUWAAAAAJ&cstart=200&pagesize=100&citation_for_view=P6BSUWAAAAAJ:SeFeTyx0c_EC",,,,,0,0.00,0,4,5,"","",""
0,"AH Pinto, SW Shin, A Sharma, RL Penn, ES Aydil","Synthesis of Cu₂ (Zn₁₋ ₓCoₓ) SnS₄ nanocrystals and formation of polycrystalline thin films from their aqueous dispersions",2018,"","","","https://scholar.google.com",246,"2023-03-01 19:37:03","","","","https://scholar.google.com/citations?view_op=view_citation&hl=en&user=P6BSUWAAAAAJ&cstart=200&pagesize=100&citation_for_view=P6BSUWAAAAAJ:_kc_bZDykSQC",,,,,0,0.00,0,5,5,"","",""
0,"EJ Diaz, YZ Ortiz, N Trejo, J Dwyer, E Aydil","Hydrothermal synthesis and characterization of two dimensional tin sulfide nanosheets",2017,"ABSTRACTS OF PAPERS OF THE AMERICAN CHEMICAL SOCIETY","","","https://scholar.google.com",247,"2023-03-01 19:37:03","Abstract","","","https://scholar.google.com/citations?view_op=view_citation&hl=en&user=P6BSUWAAAAAJ&cstart=200&pagesize=100&citation_for_view=P6BSUWAAAAAJ:TIZ-Mc8IlK0C",253,,,,0,0.00,0,5,6,"","",""
0,"N Trejo, A Hunter, M Nguyen, C Wrasman, J Dwyer, E Aydil","Morphology, structure, and optical properties of 2D SnS nanoplates synthesized via a hot-injection method",2017,"ABSTRACTS OF PAPERS OF THE AMERICAN CHEMICAL SOCIETY","","","https://scholar.google.com",248,"2023-03-01 19:37:03","Abstract","","","https://scholar.google.com/citations?view_op=view_citation&hl=en&user=P6BSUWAAAAAJ&cstart=200&pagesize=100&citation_for_view=P6BSUWAAAAAJ:RHpTSmoSYBkC",253,,,,0,0.00,0,6,6,"","",""
0,"G Nelson, B Greenberg, E Aydil, U Kortshagen","Low Intensity UV Treatment of Zinc Oxide Nanocrystal Thin Films",2017,"APS March Meeting Abstracts 2017, T1.","","","https://scholar.google.com",249,"2023-03-01 19:37:03","Abstract","","","https://scholar.google.com/citations?view_op=view_citation&hl=en&user=P6BSUWAAAAAJ&cstart=200&pagesize=100&citation_for_view=P6BSUWAAAAAJ:BwyfMAYsbu0C",188,,,,0,0.00,0,4,6,"","",""
0,"AK Hunter, N Trejo, E Aydil","Tin Monosulfide (SnS) Synthesis",2016,"","","","https://scholar.google.com",250,"2023-03-01 19:37:03","","","","https://scholar.google.com/citations?view_op=view_citation&hl=en&user=P6BSUWAAAAAJ&cstart=200&pagesize=100&citation_for_view=P6BSUWAAAAAJ:dQ2og3OwTAUC",,,,,0,0.00,0,3,7,"","",""
0,"C Leighton, J Walter, X Zhang, F Mork, R Hool, M Manno, E Aydil","Diversity of surface conduction in pyrite FeS single crystals",2016,"Bulletin of the American Physical Society","","","https://scholar.google.com",251,"2023-03-01 19:37:03","Journal article","","","https://scholar.google.com/citations?view_op=view_citation&hl=en&user=P6BSUWAAAAAJ&cstart=200&pagesize=100&citation_for_view=P6BSUWAAAAAJ:anf4URPfarAC",61,,,,0,0.00,0,7,7,"","",""
0,"C Leighton, J Walter, X Zhang, F Mork, R Hool, M Manno, E Aydil","Diversity of surface conduction in pyrite FeS2 single crystals",2016,"APS March Meeting Abstracts 2016, X7.","","","https://scholar.google.com",252,"2023-03-01 19:37:03","Abstract","","","https://scholar.google.com/citations?view_op=view_citation&hl=en&user=P6BSUWAAAAAJ&cstart=200&pagesize=100&citation_for_view=P6BSUWAAAAAJ:VLnqNzywnoUC",10,,,,0,0.00,0,7,7,"","",""
0,"SW Shin, ES Aydil, RL Penn","Selective removal of Cu₂₋ ₓ (S, Se) phases from Cu₂ZnSn (S, Se) ₄ thin films",2016,"Green chemistry","","","https://scholar.google.com",253,"2023-03-01 19:37:03","","","","https://scholar.google.com/citations?view_op=view_citation&hl=en&user=P6BSUWAAAAAJ&cstart=200&pagesize=100&citation_for_view=P6BSUWAAAAAJ:9yKSN-GCB0IC",,,,,0,0.00,0,3,7,"","",""
0,"N Kramer, E Aydil, U Kortshagen","Nanoparticle heating in atmospheric pressure plasmas",2015,"APS Annual Gaseous Electronics Meeting Abstracts, QR3.","","","https://scholar.google.com",254,"2023-03-01 19:37:03","Abstract","","","https://scholar.google.com/citations?view_op=view_citation&hl=en&user=P6BSUWAAAAAJ&cstart=200&pagesize=100&citation_for_view=P6BSUWAAAAAJ:4hFrxpcac9AC",6,,,,0,0.00,0,3,8,"","",""
0,"R Liptak, F Johnson, S Song, J Abrahamson, E Aydil, S Campbell","Sputtered Metal Oxide Broken Gap Junctions for Tandem Solar Cells",2015,"","","","https://scholar.google.com",255,"2023-03-01 19:37:03","","","","https://scholar.google.com/citations?view_op=view_citation&hl=en&user=P6BSUWAAAAAJ&cstart=200&pagesize=100&citation_for_view=P6BSUWAAAAAJ:8d8msizDQcsC",,,,,0,0.00,0,6,8,"","",""
0,"AR Mozzetti, TR Knutson, ES Aydil, L Penn","Cu2ZnSnS4 Nanoparticle Growth Kinetics and Mechanisms Synthesized Utilizing Microwave Heating",2015,"","","","https://scholar.google.com",256,"2023-03-01 19:37:03","","","","https://scholar.google.com/citations?view_op=view_citation&hl=en&user=P6BSUWAAAAAJ&cstart=200&pagesize=100&citation_for_view=P6BSUWAAAAAJ:yB1At4FlUx8C",,,,,0,0.00,0,4,8,"","",""
0,"R Liptak, F Johnson, S Song, J Abrahamson, E Aydil, S Campbell","Sputtered Metal Oxide Broken Gap Junctions",2015,"","","","https://scholar.google.com",257,"2023-03-01 19:37:03","","","","https://scholar.google.com/citations?view_op=view_citation&hl=en&user=P6BSUWAAAAAJ&cstart=200&pagesize=100&citation_for_view=P6BSUWAAAAAJ:Fu2w8maKXqMC",,,,,0,0.00,0,6,8,"","",""
0,"R Liptak, F Johnson, S Song, J Abrahamson, E Aydil, S Campbell","Sputtered Metal Oxide Broken Gap Junctions for Tandem Solar Cells, Solar Energy and Solar Materials",2015,"","","","https://scholar.google.com",258,"2023-03-01 19:37:03","","","","https://scholar.google.com/citations?view_op=view_citation&hl=en&user=P6BSUWAAAAAJ&cstart=200&pagesize=100&citation_for_view=P6BSUWAAAAAJ:KxtntwgDAa4C",,,,,0,0.00,0,6,8,"","",""
0,"N Bilik, Y Qin, E Aydil, U Kortshagen","Langmuir probe measurements of the electron energy probability function and laser scattering in nanodusty plasmas",2014,"APS Annual Gaseous Electronics Meeting Abstracts, HW2.","","","https://scholar.google.com",259,"2023-03-01 19:37:03","Abstract","","","https://scholar.google.com/citations?view_op=view_citation&hl=en&user=P6BSUWAAAAAJ&cstart=200&pagesize=100&citation_for_view=P6BSUWAAAAAJ:KbBQZpvPDL4C",2,,,,0,0.00,0,4,9,"","",""
0,"N Kramer, E Aydil, U Kortshagen","Nanoparticle heating at atmospheric pressures",2014,"APS Annual Gaseous Electronics Meeting Abstracts, HW2.","","","https://scholar.google.com",260,"2023-03-01 19:37:03","Abstract","","","https://scholar.google.com/citations?view_op=view_citation&hl=en&user=P6BSUWAAAAAJ&cstart=200&pagesize=100&citation_for_view=P6BSUWAAAAAJ:VOx2b1Wkg3QC",4,,,,0,0.00,0,3,9,"","",""
0,"R Liptak, S Karthikeyan, M Sibakoti, S Song, J Abrahamson, E Aydil, ...","Challenges in Deposition of Wide Band Gap Copper Indium Aluminum Gallium Selenide (Ciags) Thin Films for Tandem Solar Cells",2014,"","","","https://scholar.google.com",261,"2023-03-01 19:37:03","","","","https://scholar.google.com/citations?view_op=view_citation&hl=en&user=P6BSUWAAAAAJ&cstart=200&pagesize=100&citation_for_view=P6BSUWAAAAAJ:kuK5TVdYjLIC",,,,,0,0.00,0,7,9,"","",""
0,"BD Chernomordik, AE Béland, ND Trejo, AA Gunawan, DD Deng, ...","Rapid facile synthesis of Cu₂ZnSnS₄ nanocrystals",2014,"","","","https://scholar.google.com",262,"2023-03-01 19:37:03","","","","https://scholar.google.com/citations?view_op=view_citation&hl=en&user=P6BSUWAAAAAJ&cstart=200&pagesize=100&citation_for_view=P6BSUWAAAAAJ:u_35RYKgDlwC",,,,,0,0.00,0,6,9,"","",""
0,"ES Aydil, SB Sinnott, SL Burkett","Sixty years of diversity",2013,"Journal of Vacuum Science &Technology A: Vacuum, Surfaces, and Films 31 (5 …","","","https://scholar.google.com",263,"2023-03-01 19:37:03","Journal article","","","https://scholar.google.com/citations?view_op=view_citation&hl=en&user=P6BSUWAAAAAJ&cstart=200&pagesize=100&citation_for_view=P6BSUWAAAAAJ:P5F9QuxV20EC",,,,,0,0.00,0,3,10,"","",""
0,"ES Aydil, BD Chernomordik, BS Tosun, D Deng, A Beland","Thin films from colloidal dispersions of copper zinc tin sulfide nanocrystals",2013,"ABSTRACTS OF PAPERS OF THE AMERICAN CHEMICAL SOCIETY","","","https://scholar.google.com",264,"2023-03-01 19:37:03","Abstract","","","https://scholar.google.com/citations?view_op=view_citation&hl=en&user=P6BSUWAAAAAJ&cstart=200&pagesize=100&citation_for_view=P6BSUWAAAAAJ:RYcK_YlVTxYC",246,,,,0,0.00,0,5,10,"","",""
0,"BS Tosun, JT Abrahamson, C Cheng, SA Campbell, ES Aydil","Efficient continuous-flow chemical bath deposition of CdS films as buffer layers for chalcogenide-based solar cells",2013,"2013 IEEE 39th Photovoltaic Specialists Conference (PVSC)","","","https://scholar.google.com",265,"2023-03-01 19:37:03","Conference paper","","","https://scholar.google.com/citations?view_op=view_citation&hl=en&user=P6BSUWAAAAAJ&cstart=200&pagesize=100&citation_for_view=P6BSUWAAAAAJ:xtRiw3GOFMkC",,,1192,1194,0,0.00,0,5,10,"","",""
0,"BS Tosun, J Abrahamson, A Gunawan, C Pettit, C Cheng, KA Mkhoyan, ...","Synthesis of compositionally graded ZnxCd1-xS films using chemical bath deposition",2013,"ABSTRACTS OF PAPERS OF THE AMERICAN CHEMICAL SOCIETY","","","https://scholar.google.com",266,"2023-03-01 19:37:03","Abstract","","","https://scholar.google.com/citations?view_op=view_citation&hl=en&user=P6BSUWAAAAAJ&cstart=200&pagesize=100&citation_for_view=P6BSUWAAAAAJ:HE397vMXCloC",245,,,,0,0.00,0,7,10,"","",""
0,"JT Abrahamson, BS Tosun, F Johnson, G Haugstad, SA Campbell, ...","Electrical scanning probe microscopy of thin films for CIGS-based solar cells",2013,"ABSTRACTS OF PAPERS OF THE AMERICAN CHEMICAL SOCIETY","","","https://scholar.google.com",267,"2023-03-01 19:37:03","Abstract","","","https://scholar.google.com/citations?view_op=view_citation&hl=en&user=P6BSUWAAAAAJ&cstart=200&pagesize=100&citation_for_view=P6BSUWAAAAAJ:MXK_kJrjxJIC",245,,,,0,0.00,0,6,10,"","",""
0,"BS Tosun, BD Chernomordik, AA Gunawan, B Williams, KA Mkhoyan, ...","Cu₂ZnSnS₄ nanocrystal dispersions in polar liquids",2013,"","","","https://scholar.google.com",268,"2023-03-01 19:37:03","","","","https://scholar.google.com/citations?view_op=view_citation&hl=en&user=P6BSUWAAAAAJ&cstart=200&pagesize=100&citation_for_view=P6BSUWAAAAAJ:rO6llkc54NcC",,,,,0,0.00,0,6,10,"","",""
0,"R Anthony, N Kramer, E Aydil, U Kortshagen","Plasma Crystallization of Silicon Nanoparticles",2012,"APS Annual Gaseous Electronics Meeting Abstracts, MW2.","","","https://scholar.google.com",269,"2023-03-01 19:37:03","Abstract","","","https://scholar.google.com/citations?view_op=view_citation&hl=en&user=P6BSUWAAAAAJ&cstart=200&pagesize=100&citation_for_view=P6BSUWAAAAAJ:Z5m8FVwuT1cC",3,,,,0,0.00,0,4,11,"","",""
0,"A Baruth, M Manno, D Narasimhan, A Shankar, X Zhang, ES Aydil, ...","Transition Metal Disulfide Films by Reactive Sputtering: Structure, Magnetism, and Electronic Transport",2012,"APS March Meeting Abstracts 2012, S1.","","","https://scholar.google.com",270,"2023-03-01 19:37:03","Abstract","","","https://scholar.google.com/citations?view_op=view_citation&hl=en&user=P6BSUWAAAAAJ&cstart=200&pagesize=100&citation_for_view=P6BSUWAAAAAJ:Ri6SYOTghG4C",172,,,,0,0.00,0,7,11,"","",""
0,"B Selin Tosun, RK Feist, SA Campbell, ES Aydil","Energy Frontiers-Tin dioxide as an alternative window layer for improving the damp-heat stability of copper indium gallium diselenide solar cells 04D101",2012,"Journal of Vacuum Science and Technology-Section A","","","https://scholar.google.com",271,"2023-03-01 19:37:03","Journal article","","","https://scholar.google.com/citations?view_op=view_citation&hl=en&user=P6BSUWAAAAAJ&cstart=200&pagesize=100&citation_for_view=P6BSUWAAAAAJ:i2xiXl-TujoC",30,4,,,0,0.00,0,4,11,"","",""
0,"A Khare, B Himmetoglu, DJ Norris, ES Aydil, M Cococcioni","First principles calculation of the Raman spectra of Cu 2ZnSnS 4, a promising new photovoltaic material",2011,"2011 AIChE Annual Meeting, 11AIChE","","","https://scholar.google.com",272,"2023-03-01 19:37:03","Conference paper","","","https://scholar.google.com/citations?view_op=view_citation&hl=en&user=P6BSUWAAAAAJ&cstart=200&pagesize=100&citation_for_view=P6BSUWAAAAAJ:-FonjvnnhkoC",,,,,0,0.00,0,5,12,"","",""
0,"A Khare, Y Li, BS Tosun, DJ Norris, ES Aydil","Copper zinc tin sulfide solar cells",2011,"2011 AIChE Annual Meeting, 11AIChE","","","https://scholar.google.com",273,"2023-03-01 19:37:03","Conference paper","","","https://scholar.google.com/citations?view_op=view_citation&hl=en&user=P6BSUWAAAAAJ&cstart=200&pagesize=100&citation_for_view=P6BSUWAAAAAJ:zLWjf1WUPmwC",,,,,0,0.00,0,5,12,"","",""
0,"N Rastgar, D Rowe, LM Wheeler, E Aydil, U Kortshagen","Electrical characterization of silicon nanocrystal films",2011,"Materials Engineering and Sciences Division-Core Programming Topic at the …","","","https://scholar.google.com",274,"2023-03-01 19:37:03","","","","https://scholar.google.com/citations?view_op=view_citation&hl=en&user=P6BSUWAAAAAJ&cstart=200&pagesize=100&citation_for_view=P6BSUWAAAAAJ:YFjsv_pBGBYC",,,,,0,0.00,0,5,12,"","",""
0,"A Khare, AW Wills, BD Chernomordik, DJ Norris, ES Aydil","Towards quantum-dot solar cells from abundant nontoxic materials",2011,"2011 AIChE Annual Meeting, 11AIChE","","","https://scholar.google.com",275,"2023-03-01 19:37:03","Conference paper","","","https://scholar.google.com/citations?view_op=view_citation&hl=en&user=P6BSUWAAAAAJ&cstart=200&pagesize=100&citation_for_view=P6BSUWAAAAAJ:HIFyuExEbWQC",,,,,0,0.00,0,5,12,"","",""
0,"A Khare, AW Wills, BD Chernomordik, DJ Norris, ES Aydil","(39a) Towards quantum-dot solar cells from abundant nontoxic materials",2011,"Nanomaterials for Energy Applications-Topical Conference at the 2011 AIChE …","","","https://scholar.google.com",276,"2023-03-01 19:37:03","Conference paper","","","https://scholar.google.com/citations?view_op=view_citation&hl=en&user=P6BSUWAAAAAJ&cstart=200&pagesize=100&citation_for_view=P6BSUWAAAAAJ:rmuvC79q63oC",,,,,0,0.00,0,5,12,"","",""
0,"AJ Cheng, M Manno, R Frakie, R Hoffman, C Leighton, E Aydil, ...","Sulfurization studies of the potential thin film solar absorber Cu2ZnSnS4",2010,"2010 35th IEEE Photovoltaic Specialists Conference","","","https://scholar.google.com",277,"2023-03-01 19:37:03","Conference paper","","","https://scholar.google.com/citations?view_op=view_citation&hl=en&user=P6BSUWAAAAAJ&cstart=200&pagesize=100&citation_for_view=P6BSUWAAAAAJ:EYYDruWGBe4C",,,1906,1911,0,0.00,0,7,13,"","",""
0,"B Liu, JE Boercker, ES Aydil","Oriented single crystalline titanium dioxide nanowires for dye-sensitized solar cells",2008,"2008 AIChE Annual Meeting, AIChE","","","https://scholar.google.com",278,"2023-03-01 19:37:03","Conference paper","","","https://scholar.google.com/citations?view_op=view_citation&hl=en&user=P6BSUWAAAAAJ&cstart=200&pagesize=100&citation_for_view=P6BSUWAAAAAJ:WJVC3Jt7v1AC",100,,,,0,0.00,0,3,15,"","",""
0,"ES Aydil, M Behr","Plasma-induced structural transitions in materials",2008,"2008 AIChE Annual Meeting, AIChE","","","https://scholar.google.com",279,"2023-03-01 19:37:03","Conference paper","","","https://scholar.google.com/citations?view_op=view_citation&hl=en&user=P6BSUWAAAAAJ&cstart=200&pagesize=100&citation_for_view=P6BSUWAAAAAJ:0izLItjtcgwC",100,,,,0,0.00,0,2,15,"","",""
0,"E Aydil, K Leschkies, E Enache-Pommer, JE Boercker, U Kortshagen, ...","Nanowire-based quantum-dot-sensitized solar cells",2008,"235th National Meeting of the American Chemical Society, ACS","","","https://scholar.google.com",280,"2023-03-01 19:37:03","Conference paper","","","https://scholar.google.com/citations?view_op=view_citation&hl=en&user=P6BSUWAAAAAJ&cstart=200&pagesize=100&citation_for_view=P6BSUWAAAAAJ:LI9QrySNdTsC",2008,,,,0,0.00,0,6,15,"","",""
0,"T Singh, MJ Behr, AR Muniz, ES Aydil, D Maroudas","First-principles theoretical analysis of carbon allotropes and nanostructures formed through exposure of multi-walled carbon nanotubes to hydrogen plasmas",2008,"2008 AIChE Annual Meeting, AIChE","","","https://scholar.google.com",281,"2023-03-01 19:37:03","Conference paper","","","https://scholar.google.com/citations?view_op=view_citation&hl=en&user=P6BSUWAAAAAJ&cstart=200&pagesize=100&citation_for_view=P6BSUWAAAAAJ:p__nRnzSRKYC",100,,,,0,0.00,0,5,15,"","",""
0,"BA Carlson, K Leschkies, E Aydil, X Zhu","Valence band alignment at CdSe quantum dot and ZnO (101bar0) interfaces",2008,"235th National Meeting of the American Chemical Society, ACS","","","https://scholar.google.com",282,"2023-03-01 19:37:03","Conference paper","","","https://scholar.google.com/citations?view_op=view_citation&hl=en&user=P6BSUWAAAAAJ&cstart=200&pagesize=100&citation_for_view=P6BSUWAAAAAJ:eflP2zaiRacC",2008,,,,0,0.00,0,4,15,"","",""
0,"WA Tisdale, M Muntwiler, DJ Norris, E Aydil, X Zhu","Electron transfer dynamics at the ZnO (10-10) surface",2008,"235th National Meeting of the American Chemical Society, ACS","","","https://scholar.google.com",283,"2023-03-01 19:37:03","Conference paper","","","https://scholar.google.com/citations?view_op=view_citation&hl=en&user=P6BSUWAAAAAJ&cstart=200&pagesize=100&citation_for_view=P6BSUWAAAAAJ:nb7KW1ujOQ8C",2008,,,,0,0.00,0,5,15,"","",""
0,"E Aydil, K Leschkies, E Enache-Pommer, JE Boercker, U Kortshagen, ...","COLL 22-Nanowire-based quantum-dot-sensitized solar cells",2008,"ABSTRACTS OF PAPERS OF THE AMERICAN CHEMICAL SOCIETY","","","https://scholar.google.com",284,"2023-03-01 19:37:03","Abstract","","","https://scholar.google.com/citations?view_op=view_citation&hl=en&user=P6BSUWAAAAAJ&cstart=200&pagesize=100&citation_for_view=P6BSUWAAAAAJ:WbkHhVStYXYC",235,,,,0,0.00,0,6,15,"","",""
0,"WA Tisdale, M Muntwiler, DJ Norris, E Aydil, X Zhu","COLL 129-Electron transfer dynamics at the ZnO (10-10) surface",2008,"ABSTRACTS OF PAPERS OF THE AMERICAN CHEMICAL SOCIETY","","","https://scholar.google.com",285,"2023-03-01 19:37:03","Abstract","","","https://scholar.google.com/citations?view_op=view_citation&hl=en&user=P6BSUWAAAAAJ&cstart=200&pagesize=100&citation_for_view=P6BSUWAAAAAJ:p2g8aNsByqUC",235,,,,0,0.00,0,5,15,"","",""
0,"BA Carlson, K Leschkies, E Aydil, X Zhu","COLL 490-Valence band alignment at CdSe quantum dot and ZnO (101bar0) interfaces",2008,"ABSTRACTS OF PAPERS OF THE AMERICAN CHEMICAL SOCIETY","","","https://scholar.google.com",286,"2023-03-01 19:37:03","Abstract","","","https://scholar.google.com/citations?view_op=view_citation&hl=en&user=P6BSUWAAAAAJ&cstart=200&pagesize=100&citation_for_view=P6BSUWAAAAAJ:hMod-77fHWUC",235,,,,0,0.00,0,4,15,"","",""
0,"T Singh, MJ Behr, ES Aydil, D Maroudas","First-Principles Theoretical Analysis of Carbon Allotropes and Nanostructures",2008,"APS March Meeting Abstracts, P30.","","","https://scholar.google.com",287,"2023-03-01 19:37:03","Abstract","","","https://scholar.google.com/citations?view_op=view_citation&hl=en&user=P6BSUWAAAAAJ&cstart=200&pagesize=100&citation_for_view=P6BSUWAAAAAJ:oNZyr7d5Mn4C",12,,,,0,0.00,0,4,15,"","",""
0,"J Boercker, Y Nakamura, S Schaber, JB Schmidt, ES Aydil","Growth of ZnO nanowires for dye-sensitized solar cells",2008,"American Institute of Chemical Engineers (AlChE)","","","https://scholar.google.com",288,"2023-03-01 19:37:03","","","","https://scholar.google.com/citations?view_op=view_citation&hl=en&user=P6BSUWAAAAAJ&cstart=200&pagesize=100&citation_for_view=P6BSUWAAAAAJ:qUcmZB5y_30C",,,,,0,0.00,0,5,15,"","",""
0,"A Yeckel, ES Aydil, JJ Derby","Modeling transport and interfacial phenomena in a nanowire-based, dye-sensitized solar cell",2007,"2007 AIChE Annual Meeting","","","https://scholar.google.com",289,"2023-03-01 19:37:03","Conference paper","","","https://scholar.google.com/citations?view_op=view_citation&hl=en&user=P6BSUWAAAAAJ&cstart=200&pagesize=100&citation_for_view=P6BSUWAAAAAJ:FAceZFleit8C",,,,,0,0.00,0,3,16,"","",""
0,"J Boercker, E Enache-Pommer, ES Aydil","Synthesis Of TiO 2 Nanowires For Dye-Sensitized Solar Cells",2007,"The 2007 Annual Meeting","","","https://scholar.google.com",290,"2023-03-01 19:37:03","Conference paper","","","https://scholar.google.com/citations?view_op=view_citation&hl=en&user=P6BSUWAAAAAJ&cstart=200&pagesize=100&citation_for_view=P6BSUWAAAAAJ:ML0RJ9NH7IQC",,,,,0,0.00,0,3,16,"","",""
0,"MJ Behr, T Singh, D Maroudas, ES Aydil","New Carbon Allotropes Produced By Hydrogen Plasma Exposure Of Carbon Nanotubes",2007,"The 2007 Annual Meeting","","","https://scholar.google.com",291,"2023-03-01 19:37:03","Conference paper","","","https://scholar.google.com/citations?view_op=view_citation&hl=en&user=P6BSUWAAAAAJ&cstart=200&pagesize=100&citation_for_view=P6BSUWAAAAAJ:dBIO0h50nwkC",,,,,0,0.00,0,4,16,"","",""
0,"T Singh, MJ Behr, SV Mayur, ES Aydil, D Maroudas","First-Principles Theoretical Analysis Of Carbon Nanostructures And New Carbon Allotropes",2007,"The 2007 Annual Meeting","","","https://scholar.google.com",292,"2023-03-01 19:37:03","Conference paper","","","https://scholar.google.com/citations?view_op=view_citation&hl=en&user=P6BSUWAAAAAJ&cstart=200&pagesize=100&citation_for_view=P6BSUWAAAAAJ:PVjk1bu6vJQC",,,,,0,0.00,0,5,16,"","",""
0,"R Divakar, J Basu, KS Leschkies, UR Kortshagen, ES Aydil, DJ Norris, ...","TEM Characterization of CdSe Quantum Dot Sensitized ZnO Nanowires",2007,"Microscopy and Microanalysis 13 (S02)","","","https://scholar.google.com",293,"2023-03-01 19:37:03","Book chapter","","","https://scholar.google.com/citations?view_op=view_citation&hl=en&user=P6BSUWAAAAAJ&cstart=200&pagesize=100&citation_for_view=P6BSUWAAAAAJ:uJ-U7cs_P_0C",,,756,757,0,0.00,0,7,16,"","",""
0,"KS Leschkies, R Divakar, J Basu, E Enache-Pommer, JE Boercker, ...","Nanowire-based quantum-dot-sensitized solar cells",2007,"2007 AIChE Annual Meeting","","","https://scholar.google.com",294,"2023-03-01 19:37:03","Conference paper","","","https://scholar.google.com/citations?view_op=view_citation&hl=en&user=P6BSUWAAAAAJ&cstart=200&pagesize=100&citation_for_view=P6BSUWAAAAAJ:1qzjygNMrQYC",,,,,0,0.00,0,6,16,"","",""
0,"M Valipa, T Bakos, E Aydil, D Maroudas","Surface smoothening mechanism of plasma-deposited amorphous silicon thin films",2006,"APS March Meeting Abstracts, A12.","","","https://scholar.google.com",295,"2023-03-01 19:37:03","Abstract","","","https://scholar.google.com/citations?view_op=view_citation&hl=en&user=P6BSUWAAAAAJ&cstart=200&pagesize=100&citation_for_view=P6BSUWAAAAAJ:qjMakFHDy7sC",7,,,,0,0.00,0,4,17,"","",""
0,"S Sriraman, ES Aydil, D Maroudas","Growth and characterization of hydrogenated amorphous silicon thin films from SiH~ 2 radical precursor: Atomic-scale analysis",2006,"SPIE MILESTONE SERIES MS","","","https://scholar.google.com",296,"2023-03-01 19:37:03","Journal article","","","https://scholar.google.com/citations?view_op=view_citation&hl=en&user=P6BSUWAAAAAJ&cstart=200&pagesize=100&citation_for_view=P6BSUWAAAAAJ:geHnlv5EZngC",182,,488,488,0,0.00,0,3,17,"","",""
0,"ES Aydil","Nanostructured materials for solar-to-electric energy conversion",2006,"2006 AIChE Annual Meeting","","","https://scholar.google.com",297,"2023-03-01 19:37:03","Conference paper","","","https://scholar.google.com/citations?view_op=view_citation&hl=en&user=P6BSUWAAAAAJ&cstart=200&pagesize=100&citation_for_view=P6BSUWAAAAAJ:abG-DnoFyZgC",,,,,0,0.00,0,1,17,"","",""
0,"S Gomez, RJ Belen, M Kiehlbauch, ES Aydil","Etching of high aspect ratio features in Si using SF {sub 6}/O {sub 2}/HBr and SF {sub 6}/O {sub 2}/Cl {sub 2} plasma",2005,"Journal of Vacuum Science and Technology. A, Vacuum, Surfaces and Films","","","https://scholar.google.com",298,"2023-03-01 19:37:03","Journal article","","","https://scholar.google.com/citations?view_op=view_citation&hl=en&user=P6BSUWAAAAAJ&cstart=200&pagesize=100&citation_for_view=P6BSUWAAAAAJ:5qfkUJPXOUwC",23,6,,,0,0.00,0,4,18,"","",""
0,"SV Mayur, T Bakos, ES Aydil, D Maroudas","Atomic-Scale Analysis of Radical Precursor and Hydrogen Surface Diffusion on Plasma-Deposited Amorphous Silicon Thin Films",2005,"The 2005 Annual Meeting","","","https://scholar.google.com",299,"2023-03-01 19:37:03","Conference paper","","","https://scholar.google.com/citations?view_op=view_citation&hl=en&user=P6BSUWAAAAAJ&cstart=200&pagesize=100&citation_for_view=P6BSUWAAAAAJ:g3aElNc5_aQC",,,,,0,0.00,0,4,18,"","",""
0,"RC Mani, ES Aydil","Hydrogen-induced crystallization of silicon at room temperature",2005,"05AIChE: 2005 AIChE Annual Meeting and Fall Showcase","","","https://scholar.google.com",300,"2023-03-01 19:37:03","Conference paper","","","https://scholar.google.com/citations?view_op=view_citation&hl=en&user=P6BSUWAAAAAJ&cstart=200&pagesize=100&citation_for_view=P6BSUWAAAAAJ:kRWSkSYxWN8C",,,,,0,0.00,0,2,18,"","",""
0,"RC Mani, ES Aydil","In Situ real-time diagnostics for studying the structural evolution of nanocrystalline silicon thin films during plasma deposition",2005,"05AIChE: 2005 AIChE Annual Meeting and Fall Showcase","","","https://scholar.google.com",301,"2023-03-01 19:37:03","Conference paper","","","https://scholar.google.com/citations?view_op=view_citation&hl=en&user=P6BSUWAAAAAJ&cstart=300&pagesize=100&citation_for_view=P6BSUWAAAAAJ:mB3voiENLucC",,,,,0,0.00,0,2,18,"","",""
0,"M Valipa, T Bakos, E Aydil, D Maroudas","Atomic-Scale Analysis of SiH3 Diffusion on Surfaces of Plasma-Deposited Amorphous Si Thin Films",2005,"APS March Meeting Abstracts, X40.","","","https://scholar.google.com",302,"2023-03-01 19:37:03","Abstract","","","https://scholar.google.com/citations?view_op=view_citation&hl=en&user=P6BSUWAAAAAJ&cstart=300&pagesize=100&citation_for_view=P6BSUWAAAAAJ:7T2F9Uy0os0C",11,,,,0,0.00,0,4,18,"","",""
0,"ES Aydil","Nanostructured photovoltaic materials",2005,"05AIChE: 2005 AIChE Annual Meeting and Fall Showcase","","","https://scholar.google.com",303,"2023-03-01 19:37:03","Conference paper","","","https://scholar.google.com/citations?view_op=view_citation&hl=en&user=P6BSUWAAAAAJ&cstart=300&pagesize=100&citation_for_view=P6BSUWAAAAAJ:gsN89kCJA0AC",,,,,0,0.00,0,1,18,"","",""
0,"MS Valipa, T Bakos, ES Aydil, D Maroudas","The role of SiH3 diffusion in determining the surface smoothness of plasma-deposited amorphous Si thin films: An atomic-scale analysis",2005,"MRS Online Proceedings Library (OPL)","","","https://scholar.google.com",304,"2023-03-01 19:37:03","Conference paper","","","https://scholar.google.com/citations?view_op=view_citation&hl=en&user=P6BSUWAAAAAJ&cstart=300&pagesize=100&citation_for_view=P6BSUWAAAAAJ:9Nmd_mFXekcC",862,,,,0,0.00,0,4,18,"","",""
0,"MS Valipa, T Bakos, ES Aydil, D Maroudas","Atomic-scale analysis of radical precursor and hydrogen surface diffusion on plasma-deposited amorphous silicon thin films",2005,"05AIChE: 2005 AIChE Annual Meeting and Fall Showcase","","","https://scholar.google.com",305,"2023-03-01 19:37:03","Conference paper","","","https://scholar.google.com/citations?view_op=view_citation&hl=en&user=P6BSUWAAAAAJ&cstart=300&pagesize=100&citation_for_view=P6BSUWAAAAAJ:J_g5lzvAfSwC",,,,,0,0.00,0,4,18,"","",""
0,"MS Valipa, ES Aydil, D Maroudas","Plasma Surface Interactions-Visualizing the Evolution of Surface Morphology and Surface Bond Strain During Plasma Deposition of Amorphous Silicon Thin Films",2005,"IEEE Transactions on Plasma Science","","","https://scholar.google.com",306,"2023-03-01 19:37:03","Journal article","","","https://scholar.google.com/citations?view_op=view_citation&hl=en&user=P6BSUWAAAAAJ&cstart=300&pagesize=100&citation_for_view=P6BSUWAAAAAJ:BqipwSGYUEgC",33,2,228,229,0,0.00,0,3,18,"","",""
0,"TW Kim, ES Aydil","Semiconductor Devices, Materials, and Processing-Effects of Chamber Wall Conditions on Cl Concentration and Si Etch Rate Uniformity in Plasma Etching Reactors",2003,"Journal of the Electrochemical Society 150 (7), G","","","https://scholar.google.com",307,"2023-03-01 19:37:03","Journal article","","","https://scholar.google.com/citations?view_op=view_citation&hl=en&user=P6BSUWAAAAAJ&cstart=300&pagesize=100&citation_for_view=P6BSUWAAAAAJ:SdhP9T11ey4C",418,,,,0,0.00,0,2,20,"","",""
0,"TW Kim, ES Aydil","Other Inductive, Capacitive, or Wave-Driven Low-Pressure Discharges-Experimental and Theoretical Study of Two-Dimensional Ion Flux Uniformity at the Wafer Plane in Inductively …",2003,"IEEE Transactions on Plasma Science","","","https://scholar.google.com",308,"2023-03-01 19:37:03","Journal article","","","https://scholar.google.com/citations?view_op=view_citation&hl=en&user=P6BSUWAAAAAJ&cstart=300&pagesize=100&citation_for_view=P6BSUWAAAAAJ:O3NaXMp0MMsC",31,4,614,627,0,0.00,0,2,20,"","",""
0,"TW Kim, ES Aydil","Two-dimensional Spatial Distributions of Ion Flux Impinging on the Wafer Surface in Discharges Maintained in Inductively Coupled Plasma Etching Reactors",2002,"APS Annual Gaseous Electronics Meeting Abstracts, TR1.","","","https://scholar.google.com",309,"2023-03-01 19:37:03","Abstract","","","https://scholar.google.com/citations?view_op=view_citation&hl=en&user=P6BSUWAAAAAJ&cstart=300&pagesize=100&citation_for_view=P6BSUWAAAAAJ:ILKRHgRFtOwC",2,,,,0,0.00,0,2,21,"","",""
0,"S Sriraman, ES Aydil, D Maroudas","SPECIAL ISSUE PAPERS-Plasma Surface Interactions, Surface Modification, and Plasmas for Materials Processing-Visualizing the Evolution of Surface Bond Straining During Radical …",2002,"IEEE Transactions on Plasma Science","","","https://scholar.google.com",310,"2023-03-01 19:37:03","Journal article","","","https://scholar.google.com/citations?view_op=view_citation&hl=en&user=P6BSUWAAAAAJ&cstart=300&pagesize=100&citation_for_view=P6BSUWAAAAAJ:LPZeul_q3PIC",30,1,112,113,0,0.00,0,3,21,"","",""
0,"TW Kim, ES Aydil","SPECIAL ISSUE PAPERS-Plasma Surface Interactions, Surface Modification, and Plasmas for Materials Processing-Spatial and Temporal Variation of the Ion Flux Impinging on the …",2002,"IEEE Transactions on Plasma Science","","","https://scholar.google.com",311,"2023-03-01 19:37:03","Journal article","","","https://scholar.google.com/citations?view_op=view_citation&hl=en&user=P6BSUWAAAAAJ&cstart=300&pagesize=100&citation_for_view=P6BSUWAAAAAJ:M05iB0D1s5AC",30,1,120,121,0,0.00,0,2,21,"","",""
0,"S Agarwal, L Tagawa, D Maroudas, ES Aydil, MCM van de Sanden, ...","Effect of atomic deuterium on a-Si: H thin films",2001,"Eindhoven University of Technology","","","https://scholar.google.com",312,"2023-03-01 19:37:03","","","","https://scholar.google.com/citations?view_op=view_citation&hl=en&user=P6BSUWAAAAAJ&cstart=300&pagesize=100&citation_for_view=P6BSUWAAAAAJ:kz9GbA2Ns4gC",,,,,0,0.00,0,6,22,"","",""
0,"WMM Kessels, JPM Hoefnagels, ER Fisher, ES Aydil, ...","Advanced diagnostics for exploring the growth mechanism of plasma deposited materials",2001,"Eindhoven University of Technology","","","https://scholar.google.com",313,"2023-03-01 19:37:03","","","","https://scholar.google.com/citations?view_op=view_citation&hl=en&user=P6BSUWAAAAAJ&cstart=300&pagesize=100&citation_for_view=P6BSUWAAAAAJ:NJ774b8OgUMC",,,,,0,0.00,0,5,22,"","",""
0,"ES Aydil, D Maroudas, S Ramalingam, DC Marra, BF Hanyaloglu, ...","Combined experimental and theoretical study of the radical-surface interactions during plasma-enhanced chemical vapor deposition of Si films from silane/hydrogen discharges.",1999,"ABSTRACTS OF PAPERS OF THE AMERICAN CHEMICAL SOCIETY 218, U455-U","","","https://scholar.google.com",314,"2023-03-01 19:37:03","Abstract","","","https://scholar.google.com/citations?view_op=view_citation&hl=en&user=P6BSUWAAAAAJ&cstart=300&pagesize=100&citation_for_view=P6BSUWAAAAAJ:9c2xU6iGI7YC",456,,,,0,0.00,0,6,24,"","",""
0,"EA Edelberg, ES Aydil","PLASMAS AND ELECTRICAL DISCHARGES (PACS 51-52)-Modeling of the sheath and the energy distribution of ions bombarding rf-biased substrates in high density plasma reactors and …",1999,"Journal of Applied Physics","","","https://scholar.google.com",315,"2023-03-01 19:37:03","Journal article","","","https://scholar.google.com/citations?view_op=view_citation&hl=en&user=P6BSUWAAAAAJ&cstart=300&pagesize=100&citation_for_view=P6BSUWAAAAAJ:HtEfBTGE9r8C",86,9,4799,4812,0,0.00,0,2,24,"","",""
0,"EA Edelberg, A Perry, N Benjamin, ES Aydil","NUCLEAR PHYSICS, FUSION and PLASMAS-Compact floating ion energy analyzer for measuring energy distributions of ions bombarding radio-frequency biased electrode surfaces",1999,"Review of Scientific Instruments","","","https://scholar.google.com",316,"2023-03-01 19:37:03","Journal article","","","https://scholar.google.com/citations?view_op=view_citation&hl=en&user=P6BSUWAAAAAJ&cstart=300&pagesize=100&citation_for_view=P6BSUWAAAAAJ:URolC5Kub84C",70,6,2689,2698,0,0.00,0,4,24,"","",""
0,"S Ramalingam, D Maroudas, ES Aydil","SPECIAL ISSUE PAPERS-Plasma Surface Interaction-Visualizing Radical-Surface Interactions in Plasma Deposition Processes: Reactivity of SiH3 Radicals with Si Surfaces",1999,"IEEE Transactions on Plasma Science","","","https://scholar.google.com",317,"2023-03-01 19:37:03","Journal article","","","https://scholar.google.com/citations?view_op=view_citation&hl=en&user=P6BSUWAAAAAJ&cstart=300&pagesize=100&citation_for_view=P6BSUWAAAAAJ:q3oQSFYPqjQC",27,1,104,105,0,0.00,0,3,24,"","",""
0,"SJ Joo, SH Lim, E Yoon, WC Choi, EK Kim, DC Marra, ES Aydil","Visible photoluminescence at room temperature from a-Si: H films grown by ultrahigh vacuum electron cyclotron resonance chemical vapor deposition",1999,"Journal of the Korean Physical Society 35 (SUPPL. 4), S1025-S","","","https://scholar.google.com",318,"2023-03-01 19:37:03","Journal article","","","https://scholar.google.com/citations?view_op=view_citation&hl=en&user=P6BSUWAAAAAJ&cstart=300&pagesize=100&citation_for_view=P6BSUWAAAAAJ:Zph67rFs4hoC",1028,,,,0,0.00,0,7,24,"","",""
0,"EA Edelberg, A Perry, N Benjamin, ES Aydil","Measurements and Simulations of the Energy Distributions of Ions Bombarding Radio-frequency Biased Electrodes in an Inductively Coupled Plasma Reactor",1998,"APS Annual Gaseous Electronics Meeting Abstracts, BM3.","","","https://scholar.google.com",319,"2023-03-01 19:37:03","Abstract","","","https://scholar.google.com/citations?view_op=view_citation&hl=en&user=P6BSUWAAAAAJ&cstart=300&pagesize=100&citation_for_view=P6BSUWAAAAAJ:_FM0Bhl9EiAC",1,,,,0,0.00,0,4,25,"","",""
0,"E Aydil","Understanding Plasma-Surface Interactions Through In Situ Surface Diagnostics",1998,"APS Annual Gaseous Electronics Meeting Abstracts, SR2.","","","https://scholar.google.com",320,"2023-03-01 19:37:03","Abstract","","","https://scholar.google.com/citations?view_op=view_citation&hl=en&user=P6BSUWAAAAAJ&cstart=300&pagesize=100&citation_for_view=P6BSUWAAAAAJ:qxL8FJ1GzNcC",8,,,,0,0.00,0,1,25,"","",""
0,"ES Aydil, DC Marra","Nature of the silicon and silicon dioxide surfaces during plasma etching with fluorocarbon containing discharges",1998,"Digest of Papers. Microprocesses and Nanotechnology'98","198 International …","","https://scholar.google.com",321,"2023-03-01 19:37:03","","","","https://scholar.google.com/citations?view_op=view_citation&hl=en&user=P6BSUWAAAAAJ&cstart=300&pagesize=100&citation_for_view=P6BSUWAAAAAJ:UHK10RUVsp4C",,,,,0,0.00,0,2,25,"","",""
0,"S Ramalingam, D Maroudas, E Aydil","Atomic-Scale Analysis of Surface Reaction Mechanisms in the Plasma-Enhanced Chemical Vapor Deposition of Si Thin Films",1998,"APS March Meeting Abstracts, Q18.","","","https://scholar.google.com",322,"2023-03-01 19:37:03","Abstract","","","https://scholar.google.com/citations?view_op=view_citation&hl=en&user=P6BSUWAAAAAJ&cstart=300&pagesize=100&citation_for_view=P6BSUWAAAAAJ:eJXPG6dFmWUC",6,,,,0,0.00,0,3,25,"","",""
0,"E Meeks, RS Larson, P Ho, C Apblett, SM Han, E Edelberg, E Aydil","Modeling high-density-plasma deposition of SiO {sub 2} in SiH {sub 4}/O {sub 2}/Ar",1997,"Sandia National Lab.(SNL-CA), Livermore, CA (United States)","","","https://scholar.google.com",323,"2023-03-01 19:37:03","","","","https://scholar.google.com/citations?view_op=view_citation&hl=en&user=P6BSUWAAAAAJ&cstart=300&pagesize=100&citation_for_view=P6BSUWAAAAAJ:LO7wyVUgiFcC",,,,,0,0.00,0,7,26,"","",""
0,"NA Alcantar, ES Aydil, JN Israelachvili","Simple, efficient and flexible method to create biocompatible surfaces",1997,"Polymeric Materials Science and Engineering, Proceedings of the ACS Division …","","","https://scholar.google.com",324,"2023-03-01 19:37:03","Conference paper","","","https://scholar.google.com/citations?view_op=view_citation&hl=en&user=P6BSUWAAAAAJ&cstart=300&pagesize=100&citation_for_view=P6BSUWAAAAAJ:ClCfbGk0d_YC",,,,,0,0.00,0,3,26,"","",""
0,"ES Aydil","Department of Chemical Engineering University of California Santa Barbara",1995,"Proceedings of the Symposium Om Process Control, Diagnostics, and Modeling …","","","https://scholar.google.com",325,"2023-03-01 19:37:03","Conference paper","","","https://scholar.google.com/citations?view_op=view_citation&hl=en&user=P6BSUWAAAAAJ&cstart=300&pagesize=100&citation_for_view=P6BSUWAAAAAJ:8xutWZnSdmoC",,,,,0,0.00,0,1,28,"","",""
0,"SJ Pearton","Hydrogen in Compound Semiconductors-Introduction",1994,"Materials Science Forum","","","https://scholar.google.com",326,"2023-03-01 19:37:03","Conference paper","","","https://scholar.google.com/citations?view_op=view_citation&hl=en&user=P6BSUWAAAAAJ&cstart=300&pagesize=100&citation_for_view=P6BSUWAAAAAJ:RGFaLdJalmkC",148,,1,2,0,0.00,0,1,29,"","",""
0,"RA Gottscho, ES Aydil, KP Giapis, JA Gregus, E Youn, TR Hayes, ...","Real-time, In Situ Monitoring Of Semiconductor Processing",1992,"LEOS'92 Conference Proceedings","","","https://scholar.google.com",327,"2023-03-01 19:37:03","Conference paper","","","https://scholar.google.com/citations?view_op=view_citation&hl=en&user=P6BSUWAAAAAJ&cstart=300&pagesize=100&citation_for_view=P6BSUWAAAAAJ:hkOj_22Ku90C",,,7,8,0,0.00,0,7,31,"","",""
0,"SJ Paul, H Mølnås, M Scimeca, N Mattu, I Paredes, M Tran, E Aydil, ...","A Path to Heavy Metal-Free Infrared Photodetection Using Silver Selenide Colloidal Quantum Dots",,"","","","https://scholar.google.com",328,"2023-03-01 19:37:03","","","","https://scholar.google.com/citations?view_op=view_citation&hl=en&user=P6BSUWAAAAAJ&cstart=300&pagesize=100&citation_for_view=P6BSUWAAAAAJ:Bg7qf7VwUHIC",,,,,0,0.00,0,8,,"","",""
0,"A Hall, M Tran, I Cleveland, E Aydil","High Photoluminescence Quantum Yield Near-Infrared Emission from a Lead-Free Ytterbium-Doped Double Perovskite",,"","","","https://scholar.google.com",329,"2023-03-01 19:37:03","","","","https://scholar.google.com/citations?view_op=view_citation&hl=en&user=P6BSUWAAAAAJ&cstart=300&pagesize=100&citation_for_view=P6BSUWAAAAAJ:BJbdYPG6LGMC",,,,,0,0.00,0,4,,"","",""
0,"AM Belu, ES Aydil","A concise and informative title suitable for facilitating information retrieval",,"","","","https://scholar.google.com",330,"2023-03-01 19:37:03","","","","https://scholar.google.com/citations?view_op=view_citation&hl=en&user=P6BSUWAAAAAJ&cstart=300&pagesize=100&citation_for_view=P6BSUWAAAAAJ:lvd772isFD0C",,,,,0,0.00,0,2,,"","",""
0,"ES Aydil, TW Kim, S Ullal, H Singh","Effects of Chamber Wall Conditions on Plasma Etching Processes",,"","","","https://scholar.google.com",331,"2023-03-01 19:37:03","","","","https://scholar.google.com/citations?view_op=view_citation&hl=en&user=P6BSUWAAAAAJ&cstart=300&pagesize=100&citation_for_view=P6BSUWAAAAAJ:fFSKOagxvKUC",,,,,0,0.00,0,4,,"","",""
0,"E Aydil, N Babaeva, E Bartis, CDOE Bolton, P Bruggeman, V Demidov, ...","List of Participants (Tentative)",,"","","","https://scholar.google.com",332,"2023-03-01 19:37:03","","","","https://scholar.google.com/citations?view_op=view_citation&hl=en&user=P6BSUWAAAAAJ&cstart=300&pagesize=100&citation_for_view=P6BSUWAAAAAJ:ODE9OILHJdcC",,,,,0,0.00,0,7,,"","",""
0,"E Thimsen, U Kortshagen, ES Aydil","Supporting information: plasma synthesis of stoichiometric Cu2S nanocrystals stabilized by oleylamine",,"","","","https://scholar.google.com",333,"2023-03-01 19:37:03","","","","https://scholar.google.com/citations?view_op=view_citation&hl=en&user=P6BSUWAAAAAJ&cstart=300&pagesize=100&citation_for_view=P6BSUWAAAAAJ:9pM33mqn1YgC",,,,,0,0.00,0,3,,"","",""
0,"BS Tosun, BD Chernomordik, AA Gunawan, B Williams, K Andre, ...","Supporting Information Cu2ZnSnS4 Nanocrystal Dispersions in Polar Solvents",,"","","","https://scholar.google.com",334,"2023-03-01 19:37:03","","","","https://scholar.google.com/citations?view_op=view_citation&hl=en&user=P6BSUWAAAAAJ&cstart=300&pagesize=100&citation_for_view=P6BSUWAAAAAJ:HbR8gkJAVGIC",,,,,0,0.00,0,6,,"","",""
0,"J Belen, S Gomez, ES Aydil, M Kiehlbauch, D Cooperberg","Etching of High Aspect Ratio Structures in Silicon",,"","","","https://scholar.google.com",335,"2023-03-01 19:37:03","","","","https://scholar.google.com/citations?view_op=view_citation&hl=en&user=P6BSUWAAAAAJ&cstart=300&pagesize=100&citation_for_view=P6BSUWAAAAAJ:ipzZ9siozwsC",,,,,0,0.00,0,5,,"","",""
0,"P Khargonekar, MJ Kushner, I Adamovich, S Agarwal, A Alexeenko, ...","A Low Temperature Plasma Science and Engineering Program: Discovery Science for Societal Benefit",,"","","","https://scholar.google.com",336,"2023-03-01 19:37:03","","","","https://scholar.google.com/citations?view_op=view_citation&hl=en&user=P6BSUWAAAAAJ&cstart=300&pagesize=100&citation_for_view=P6BSUWAAAAAJ:J-pR_7NvFogC",,,,,0,0.00,0,6,,"","",""
0,"AH Pinto, SW Shin, E Aydil","Synthesis of Cu 2 (Zn 1− x Co x) SnS 4 nanocrystals and formation of polycrystalline thin films from their aqueous...",,"","","","https://scholar.google.com",337,"2023-03-01 19:37:03","","","","https://scholar.google.com/citations?view_op=view_citation&hl=en&user=P6BSUWAAAAAJ&cstart=300&pagesize=100&citation_for_view=P6BSUWAAAAAJ:sSrBHYA8nusC",,,,,0,0.00,0,3,,"","",""
0,"B Liu, A Khare, ES Aydil","Supplementary Information for Synthesis of Single-Crystalline Anatase Nanorods and Nanoflakes on Transparent Conducting Substrates",,"","","","https://scholar.google.com",338,"2023-03-01 19:37:03","","","","https://scholar.google.com/citations?view_op=view_citation&hl=en&user=P6BSUWAAAAAJ&cstart=300&pagesize=100&citation_for_view=P6BSUWAAAAAJ:dshw04ExmUIC",,,,,0,0.00,0,3,,"","",""
0,"A Takano, ES Aydil","Hydrogenated Amorphous Silicon Hydrogenated Amorphous Silicon 44, 1991",,"","","","https://scholar.google.com",339,"2023-03-01 19:37:03","","","","https://scholar.google.com/citations?view_op=view_citation&hl=en&user=P6BSUWAAAAAJ&cstart=300&pagesize=100&citation_for_view=P6BSUWAAAAAJ:4OULZ7Gr8RgC",,,,,0,0.00,0,2,,"","",""
0,"STFS Ramalingam, SP Walch, ES Aydil, D Maroudas","in-situ",,"","","","https://scholar.google.com",340,"2023-03-01 19:37:03","","","","https://scholar.google.com/citations?view_op=view_citation&hl=en&user=P6BSUWAAAAAJ&cstart=300&pagesize=100&citation_for_view=P6BSUWAAAAAJ:70eg2SAEIzsC",,,,,0,0.00,0,4,,"","",""
0,"ES Aydil","Boercker, J., University of Minnesota Nakamura, Y., Univeristy of California, Santa Barbara Schaber, SD, Massachusetts Institute of Technology Schmidt, J., University of Minnesota",,"","","","https://scholar.google.com",341,"2023-03-01 19:37:03","","","","https://scholar.google.com/citations?view_op=view_citation&hl=en&user=P6BSUWAAAAAJ&cstart=300&pagesize=100&citation_for_view=P6BSUWAAAAAJ:maZDTaKrznsC",,,,,0,0.00,0,1,,"","",""
0,"J Baxter, ES Aydil","Metal Organic Chemical Vapor Deposition of ZnO Nanowires",,"","","","https://scholar.google.com",342,"2023-03-01 19:37:03","","","","https://scholar.google.com/citations?view_op=view_citation&hl=en&user=P6BSUWAAAAAJ&cstart=300&pagesize=100&citation_for_view=P6BSUWAAAAAJ:isC4tDSrTZIC",,,,,0,0.00,0,2,,"","",""
0,"M Ondrejcek, M Rajappan, W Swiech, CP Flynn, MS Valipa, S Sriraman, ...","Abstracted/indexed in: Aluminium Industry Abstracts; Chemical Abstracts; Current Contents: Physical, Chemical and Earth Sciences; EI Compendex Plus; INSPEC; Metals Abstracts.",,"","","","https://scholar.google.com",343,"2023-03-01 19:37:03","","","","https://scholar.google.com/citations?view_op=view_citation&hl=en&user=P6BSUWAAAAAJ&cstart=300&pagesize=100&citation_for_view=P6BSUWAAAAAJ:e5wmG9Sq2KIC",,,,,0,0.00,0,7,,"","",""
0,"P Devices, KS Leschkies, R Divakar, J Basu, E Enache-Pommer, ...","ㅁㅁㅁ 지식머니 40",,"","","","https://scholar.google.com",344,"2023-03-01 19:37:03","","","","https://scholar.google.com/citations?view_op=view_citation&hl=en&user=P6BSUWAAAAAJ&cstart=300&pagesize=100&citation_for_view=P6BSUWAAAAAJ:R3hNpaxXUhUC",,,,,0,0.00,0,6,,"","",""
0,"A Takano, ES Aydil","Sol. Energy Mater. &Sol. Cells Sol. Energy Mater. &Sol. Cells 66, 179, 2001",,"","","","https://scholar.google.com",345,"2023-03-01 19:37:03","","","","https://scholar.google.com/citations?view_op=view_citation&hl=en&user=P6BSUWAAAAAJ&cstart=300&pagesize=100&citation_for_view=P6BSUWAAAAAJ:hqOjcs7Dif8C",,,,,0,0.00,0,2,,"","",""
0,"S Ramalingam, D Maroudasa, ES Aydil","ATOMIC-SCALE ANALYSIS OF PLASMA-ENHANCED CHEMICAL VAPOR",,"","","","https://scholar.google.com",346,"2023-03-01 19:37:03","","","","https://scholar.google.com/citations?view_op=view_citation&hl=en&user=P6BSUWAAAAAJ&cstart=300&pagesize=100&citation_for_view=P6BSUWAAAAAJ:LkGwnXOMwfcC",,,,,0,0.00,0,3,,"","",""
0,"G McGuire, ES Aydil","A concise and informative title suitable for facilitating information retrieval",,"","","","https://scholar.google.com",347,"2023-03-01 19:37:03","","","","https://scholar.google.com/citations?view_op=view_citation&hl=en&user=P6BSUWAAAAAJ&cstart=300&pagesize=100&citation_for_view=P6BSUWAAAAAJ:2osOgNQ5qMEC",,,,,0,0.00,0,2,,"","",""
