Cites,Authors,Title,Year,Source,Publisher,ArticleURL,CitesURL,GSRank,QueryDate,Type,DOI,ISSN,CitationURL,Volume,Issue,StartPage,EndPage,ECC,CitesPerYear,CitesPerAuthor,AuthorCount,Age,Abstract,FullTextURL,RelatedURL
1016,"S Royer, D Duprez","Catalytic oxidation of carbon monoxide over transition metal oxides",2011,"ChemCatChem","","","https://scholar.google.com/scholar?oi=bibs&hl=en&cites=17571020974763908072",1,"2023-03-01 19:43:10","Journal article","","","https://scholar.google.com/citations?view_op=view_citation&hl=en&user=HwwQpEEAAAAJ&pagesize=100&citation_for_view=HwwQpEEAAAAJ:sszUF3NjhM4C",3,1,24,65,1016,84.67,508,2,12,"","",""
704,"S Royer, D Duprez, F Can, X Courtois, C Batiot-Dupeyrat, S Laassiri, ...","Perovskites as substitutes of noble metals for heterogeneous catalysis: dream or reality",2014,"Chemical reviews","","","https://scholar.google.com/scholar?oi=bibs&hl=en&cites=11796374665244480102",2,"2023-03-01 19:43:10","Journal article","","","https://scholar.google.com/citations?view_op=view_citation&hl=en&user=HwwQpEEAAAAJ&pagesize=100&citation_for_view=HwwQpEEAAAAJ:a9-T7VOCCH8C",114,20,10292,10368,704,78.22,101,7,9,"","",""
495,"F Aupretre, C Descorme, D Duprez","Bio-ethanol catalytic steam reforming over supported metal catalysts",2002,"Catalysis Communications","","","https://scholar.google.com/scholar?oi=bibs&hl=en&cites=5249202150514406339",3,"2023-03-01 19:43:10","Journal article","","","https://scholar.google.com/citations?view_op=view_citation&hl=en&user=HwwQpEEAAAAJ&pagesize=100&citation_for_view=HwwQpEEAAAAJ:1sJd4Hv_s6UC",3,6,263,267,495,23.57,165,3,21,"","",""
436,"D Martin, D Duprez","Mobility of Surface Species on Oxides. 1. Isotopic Exchange of 18O2 with 16O of SiO2, Al2O3, ZrO2, MgO, CeO2, and CeO2-Al2O3. Activation by Noble …",1996,"The Journal of Physical Chemistry","","","https://scholar.google.com/scholar?oi=bibs&hl=en&cites=6881170399681724903",4,"2023-03-01 19:43:10","Journal article","","","https://scholar.google.com/citations?view_op=view_citation&hl=en&user=HwwQpEEAAAAJ&pagesize=100&citation_for_view=HwwQpEEAAAAJ:olpn-zPbct0C",100,22,9429,9438,436,16.15,218,2,27,"","",""
388,"Y Madier, C Descorme, AM Le Govic, D Duprez","Oxygen Mobility in CeO2 and CexZr(1-x)O2 Compounds:  Study by CO Transient Oxidation and 18O/16O Isotopic Exchange",1999,"The Journal of Physical Chemistry B","","","https://scholar.google.com/scholar?oi=bibs&hl=en&cites=1228299857826139006",5,"2023-03-01 19:43:10","Journal article","","","https://scholar.google.com/citations?view_op=view_citation&hl=en&user=HwwQpEEAAAAJ&pagesize=100&citation_for_view=HwwQpEEAAAAJ:8k81kl-MbHgC",103,50,10999,11006,388,16.17,97,4,24,"","",""
379,"L Vivier, D Duprez","Ceria‐based solid catalysts for organic chemistry",2010,"ChemSusChem","","","https://scholar.google.com/scholar?oi=bibs&hl=en&cites=2753475382174886610",6,"2023-03-01 19:43:10","Journal article","","","https://scholar.google.com/citations?view_op=view_citation&hl=en&user=HwwQpEEAAAAJ&pagesize=100&citation_for_view=HwwQpEEAAAAJ:r0BpntZqJG4C",3,6,654,678,379,29.15,190,2,13,"","",""
315,"A Holmgren, B Andersson, D Duprez","Interactions of CO with Pt/ceria catalysts",1999,"Applied Catalysis B: Environmental","","","https://scholar.google.com/scholar?oi=bibs&hl=en&cites=10970214221917212265",7,"2023-03-01 19:43:10","Journal article","","","https://scholar.google.com/citations?view_op=view_citation&hl=en&user=HwwQpEEAAAAJ&pagesize=100&citation_for_view=HwwQpEEAAAAJ:hCrLmN-GePgC",22,3,215,230,315,13.13,105,3,24,"","",""
314,"F Mariño, C Descorme, D Duprez","Noble metal catalysts for the preferential oxidation of carbon monoxide in the presence of hydrogen (PROX)",2004,"Applied Catalysis B: Environmental","","","https://scholar.google.com/scholar?oi=bibs&hl=en&cites=15918589845829818258",8,"2023-03-01 19:43:10","Journal article","","","https://scholar.google.com/citations?view_op=view_citation&hl=en&user=HwwQpEEAAAAJ&pagesize=100&citation_for_view=HwwQpEEAAAAJ:7wO8s98CvbsC",54,1,59,66,314,16.53,105,3,19,"","",""
289,"F Mariño, C Descorme, D Duprez","Supported base metal catalysts for the preferential oxidation of carbon monoxide in the presence of excess hydrogen (PROX)",2005,"Applied Catalysis B: Environmental 58 (3-4)","","","https://scholar.google.com/scholar?oi=bibs&hl=en&cites=13654384613080237493",9,"2023-03-01 19:43:10","Book chapter","","","https://scholar.google.com/citations?view_op=view_citation&hl=en&user=HwwQpEEAAAAJ&pagesize=100&citation_for_view=HwwQpEEAAAAJ:5MTHONV0fEkC",,,175,183,289,16.06,96,3,18,"","",""
275,"N Bion, F Epron, M Moreno, F Marino, D Duprez","Preferential oxidation of carbon monoxide in the presence of hydrogen (PROX) over noble metals and transition metal oxides: advantages and drawbacks",2008,"Topics in Catalysis","","","https://scholar.google.com/scholar?oi=bibs&hl=en&cites=5901457781510005943",10,"2023-03-01 19:43:10","Journal article","","","https://scholar.google.com/citations?view_op=view_citation&hl=en&user=HwwQpEEAAAAJ&pagesize=100&citation_for_view=HwwQpEEAAAAJ:tS2w5q8j5-wC",51,,76,88,275,18.33,55,5,15,"","",""
269,"S Rossignol, Y Madier, D Duprez","Preparation of zirconia–ceria materials by soft chemistry",1999,"Catalysis Today","","","https://scholar.google.com/scholar?oi=bibs&hl=en&cites=16788720084486598157",11,"2023-03-01 19:43:10","Journal article","","","https://scholar.google.com/citations?view_op=view_citation&hl=en&user=HwwQpEEAAAAJ&pagesize=100&citation_for_view=HwwQpEEAAAAJ:LPtt_HFRSbwC",50,2,261,270,269,11.21,90,3,24,"","",""
253,"L Oliviero, J Barbier Jr, D Duprez","Wet air oxidation of nitrogen-containing organic compounds and ammonia in aqueous media",2003,"Applied Catalysis B: Environmental","","","https://scholar.google.com/scholar?oi=bibs&hl=en&cites=14693321615739888705",12,"2023-03-01 19:43:10","Journal article","","","https://scholar.google.com/citations?view_op=view_citation&hl=en&user=HwwQpEEAAAAJ&pagesize=100&citation_for_view=HwwQpEEAAAAJ:4xDN1ZYqzskC",40,3,163,184,253,12.65,84,3,20,"","",""
247,"F Aupretre, C Descorme, D Duprez, D Casanave, D Uzio","Ethanol steam reforming over MgxNi1− xAl2O3 spinel oxide-supported Rh catalysts",2005,"Journal of Catalysis","","","https://scholar.google.com/scholar?oi=bibs&hl=en&cites=14136639140332569306",13,"2023-03-01 19:43:10","Journal article","","","https://scholar.google.com/citations?view_op=view_citation&hl=en&user=HwwQpEEAAAAJ&pagesize=100&citation_for_view=HwwQpEEAAAAJ:F1b5ZUV5XREC",233,2,464,477,247,13.72,49,5,18,"","",""
244,"A Wootsch, C Descorme, D Duprez","Preferential oxidation of carbon monoxide in the presence of hydrogen (PROX) over ceria–zirconia and alumina-supported Pt catalysts",2004,"Journal of Catalysis","","","https://scholar.google.com/scholar?oi=bibs&hl=en&cites=16044118832955089244",14,"2023-03-01 19:43:10","Journal article","","","https://scholar.google.com/citations?view_op=view_citation&hl=en&user=HwwQpEEAAAAJ&pagesize=100&citation_for_view=HwwQpEEAAAAJ:7H_MAutzIkAC",225,2,259,266,244,12.84,81,3,19,"","",""
240,"D Duprez, F Delanoe, J Barbier Jr, P Isnard, G Blanchard","Catalytic oxidation of organic compounds in aqueous media",1996,"Catalysis Today 29 (1-4)","","","https://scholar.google.com/scholar?oi=bibs&hl=en&cites=11625841347800557194",15,"2023-03-01 19:43:10","Book chapter","","","https://scholar.google.com/citations?view_op=view_citation&hl=en&user=HwwQpEEAAAAJ&pagesize=100&citation_for_view=HwwQpEEAAAAJ:8d8msizDQcsC",,,317,322,240,8.89,48,5,27,"","",""
240,"J Barbier Jr, D Duprez","Steam effects in three-way catalysis",1994,"Applied Catalysis B: Environmental 4 (2-3)","","","https://scholar.google.com/scholar?oi=bibs&hl=en&cites=12906270540031092081",16,"2023-03-01 19:43:10","Book chapter","","","https://scholar.google.com/citations?view_op=view_citation&hl=en&user=HwwQpEEAAAAJ&pagesize=100&citation_for_view=HwwQpEEAAAAJ:r_AWSJRzSzQC",,,105,140,240,8.28,120,2,29,"","",""
211,"J Barbier Jr, F Delanoë, F Jabouille, D Duprez, G Blanchard, P Isnard","Total oxidation of acetic acid in aqueous solutions over noble metal catalysts",1998,"Journal of Catalysis","","","https://scholar.google.com/scholar?oi=bibs&hl=en&cites=3692150860757477176",17,"2023-03-01 19:43:10","Journal article","","","https://scholar.google.com/citations?view_op=view_citation&hl=en&user=HwwQpEEAAAAJ&pagesize=100&citation_for_view=HwwQpEEAAAAJ:lSLTfruPkqcC",177,2,378,385,211,8.44,35,6,25,"","",""
206,"A Baylet, P Marecot, D Duprez, P Castellazzi, G Groppi, P Forzatti","In situ Raman and in situ XRD analysis of PdO reduction and Pd° oxidation supported on γ-Al 2 O 3 catalyst under different atmospheres",2011,"Physical Chemistry Chemical Physics","","","https://scholar.google.com/scholar?oi=bibs&hl=en&cites=703091816779734829",18,"2023-03-01 19:43:10","Journal article","","","https://scholar.google.com/citations?view_op=view_citation&hl=en&user=HwwQpEEAAAAJ&pagesize=100&citation_for_view=HwwQpEEAAAAJ:LkGwnXOMwfcC",13,10,4607,4613,206,17.17,34,6,12,"","",""
198,"S Royer, H Alamdari, D Duprez, S Kaliaguine","Oxygen storage capacity of La1− xA′ xBO3 perovskites (with A′= Sr, Ce; B= Co, Mn)—relation with catalytic activity in the CH4 oxidation reaction",2005,"Applied Catalysis B: Environmental 58 (3-4)","","","https://scholar.google.com/scholar?oi=bibs&hl=en&cites=10059451567159077823",19,"2023-03-01 19:43:10","Book chapter","","","https://scholar.google.com/citations?view_op=view_citation&hl=en&user=HwwQpEEAAAAJ&pagesize=100&citation_for_view=HwwQpEEAAAAJ:kuK5TVdYjLIC",,,273,288,198,11.00,50,4,18,"","",""
196,"S Bedrane, C Descorme, D Duprez","Investigation of the oxygen storage process on ceria-and ceria–zirconia-supported catalysts",2002,"Catalysis Today 75 (1-4)","","","https://scholar.google.com/scholar?oi=bibs&hl=en&cites=13146880206812038",20,"2023-03-01 19:43:10","Book chapter","","","https://scholar.google.com/citations?view_op=view_citation&hl=en&user=HwwQpEEAAAAJ&pagesize=100&citation_for_view=HwwQpEEAAAAJ:u5HHmVD_uO8C",,,401,405,196,9.33,65,3,21,"","",""
196,"S Rossignol, F Gérard, D Duprez","Effect of the preparation method on the properties of zirconia-ceria materials",1999,"Journal of Materials Chemistry","","","https://scholar.google.com/scholar?oi=bibs&hl=en&cites=10780817578710785585",21,"2023-03-01 19:43:10","Journal article","","","https://scholar.google.com/citations?view_op=view_citation&hl=en&user=HwwQpEEAAAAJ&pagesize=100&citation_for_view=HwwQpEEAAAAJ:foquWX3nUaYC",9,7,1615,1620,196,8.17,65,3,24,"","",""
184,"J Barbier Jr, L Oliviero, B Renard, D Duprez","Catalytic wet air oxidation of ammonia over M/CeO2 catalysts in the treatment of nitrogen-containing pollutants",2002,"Catalysis Today 75 (1-4)","","","https://scholar.google.com/scholar?oi=bibs&hl=en&cites=13035076116649089455",22,"2023-03-01 19:43:10","Book chapter","","","https://scholar.google.com/citations?view_op=view_citation&hl=en&user=HwwQpEEAAAAJ&pagesize=100&citation_for_view=HwwQpEEAAAAJ:F9fV5C73w3QC",,,29,34,184,8.76,46,4,21,"","",""
170,"T Maillet, C Solleau, J Barbier Jr, D Duprez","Oxidation of carbon monoxide, propene, propane and methane over a Pd/Al2O3 catalyst. Effect of the chemical state of Pd",1997,"Applied Catalysis B: Environmental 14 (1-2)","","","https://scholar.google.com/scholar?oi=bibs&hl=en&cites=7896592990175111745",23,"2023-03-01 19:43:10","Book chapter","","","https://scholar.google.com/citations?view_op=view_citation&hl=en&user=HwwQpEEAAAAJ&pagesize=100&citation_for_view=HwwQpEEAAAAJ:1yQoGdGgb4wC",,,85,95,170,6.54,43,4,26,"","",""
168,"L Oliviero, J Barbier Jr, D Duprez, A Guerrero-Ruiz, B Bachiller-Baeza, ...","Catalytic wet air oxidation of phenol and acrylic acid over Ru/C and Ru–CeO2/C catalysts",2000,"Applied Catalysis B: Environmental","","","https://scholar.google.com/scholar?oi=bibs&hl=en&cites=14886542139825280500",24,"2023-03-01 19:43:10","Journal article","","","https://scholar.google.com/citations?view_op=view_citation&hl=en&user=HwwQpEEAAAAJ&pagesize=100&citation_for_view=HwwQpEEAAAAJ:CaZNVDsoPx4C",25,4,267,275,168,7.30,28,6,23,"","",""
165,"C Mihut, C Descorme, D Duprez, MD Amiridis","Kinetic and spectroscopic characterization of cluster-derived supported Pt–Au catalysts",2002,"Journal of Catalysis","","","https://scholar.google.com/scholar?oi=bibs&hl=en&cites=4537630859374550244",25,"2023-03-01 19:43:10","Journal article","","","https://scholar.google.com/citations?view_op=view_citation&hl=en&user=HwwQpEEAAAAJ&pagesize=100&citation_for_view=HwwQpEEAAAAJ:D03iK_w7-QYC",212,2,125,135,165,7.86,41,4,21,"","",""
154,"S Kacimi, J Barbier, R Taha, D Duprez","Oxygen storage capacity of promoted Rh/CeC2 catalysts. Exceptional behavior of RhCu/CeO2",1993,"Catalysis letters","","","https://scholar.google.com/scholar?oi=bibs&hl=en&cites=16942531638142673547",26,"2023-03-01 19:43:10","Journal article","","","https://scholar.google.com/citations?view_op=view_citation&hl=en&user=HwwQpEEAAAAJ&pagesize=100&citation_for_view=HwwQpEEAAAAJ:DBa1UEJaJKAC",22,,343,350,154,5.13,39,4,30,"","",""
146,"C Descorme, Y Madier, D Duprez","Infrared study of oxygen adsorption and activation on cerium–zirconium mixed oxides",2000,"Journal of Catalysis","","","https://scholar.google.com/scholar?oi=bibs&hl=en&cites=4318801594280630519",27,"2023-03-01 19:43:10","Journal article","","","https://scholar.google.com/citations?view_op=view_citation&hl=en&user=HwwQpEEAAAAJ&pagesize=100&citation_for_view=HwwQpEEAAAAJ:cFHS6HbyZ2cC",196,1,167,173,146,6.35,49,3,23,"","",""
145,"F Diehl, J Barbier Jr, D Duprez, I Guibard, G Mabilon","Catalytic oxidation of heavy hydrocarbons over Pt/Al2O3. Influence of the structure of the molecule on its reactivity",2010,"Applied Catalysis B: Environmental 95 (3-4)","","","https://scholar.google.com/scholar?oi=bibs&hl=en&cites=13402106112713756649",28,"2023-03-01 19:43:10","Book chapter","","","https://scholar.google.com/citations?view_op=view_citation&hl=en&user=HwwQpEEAAAAJ&pagesize=100&citation_for_view=HwwQpEEAAAAJ:_OXeSy2IsFwC",,,217,227,145,11.15,29,5,13,"","",""
142,"JP Dacquin, J Dhainaut, D Duprez, S Royer, AF Lee, K Wilson","An efficient route to highly organized, tunable macroporous− mesoporous alumina",2009,"Journal of the American Chemical Society","","","https://scholar.google.com/scholar?oi=bibs&hl=en&cites=10801960402593383166",29,"2023-03-01 19:43:10","Journal article","","","https://scholar.google.com/citations?view_op=view_citation&hl=en&user=HwwQpEEAAAAJ&pagesize=100&citation_for_view=HwwQpEEAAAAJ:ruyezt5ZtCIC",131,36,12896,12897,142,10.14,24,6,14,"","",""
138,"A Ungureanu, B Dragoi, A Chirieac, C Ciotonea, S Royer, D Duprez, ...","Composition-dependent morphostructural properties of Ni–Cu oxide nanoparticles confined within the channels of ordered mesoporous SBA-15 silica",2013,"ACS applied materials &interfaces","","","https://scholar.google.com/scholar?oi=bibs&hl=en&cites=16600794271688130831",30,"2023-03-01 19:43:10","Journal article","","","https://scholar.google.com/citations?view_op=view_citation&hl=en&user=HwwQpEEAAAAJ&pagesize=100&citation_for_view=HwwQpEEAAAAJ:yxmsSjX2EkcC",5,8,3010,3025,138,13.80,20,7,10,"","",""
136,"S Royer, D Duprez, S Kaliaguine","Role of bulk and grain boundary oxygen mobility in the catalytic oxidation activity of LaCo1–xFexO3",2005,"Journal of Catalysis","","","https://scholar.google.com/scholar?oi=bibs&hl=en&cites=630003589861045563",31,"2023-03-01 19:43:10","Journal article","","","https://scholar.google.com/citations?view_op=view_citation&hl=en&user=HwwQpEEAAAAJ&pagesize=100&citation_for_view=HwwQpEEAAAAJ:WF5omc3nYNoC",234,2,364,375,136,7.56,45,3,18,"","",""
136,"D Martin, D Duprez","Evaluation of the acid-base surface properties of several oxides and supported metal catalysts by means of model reactions",1997,"Journal of Molecular Catalysis A: Chemical","","","https://scholar.google.com/scholar?oi=bibs&hl=en&cites=12764859406436392317",32,"2023-03-01 19:43:10","Journal article","","","https://scholar.google.com/citations?view_op=view_citation&hl=en&user=HwwQpEEAAAAJ&pagesize=100&citation_for_view=HwwQpEEAAAAJ:OR75R8vi5nAC",118,1,113,128,136,5.23,68,2,26,"","",""
135,"D Duprez","Selective steam reforming of aromatic compounds on metal catalysts",1992,"Applied Catalysis A: General","","","https://scholar.google.com/scholar?oi=bibs&hl=en&cites=17253381634613500073",33,"2023-03-01 19:43:10","Journal article","","","https://scholar.google.com/citations?view_op=view_citation&hl=en&user=HwwQpEEAAAAJ&pagesize=100&citation_for_view=HwwQpEEAAAAJ:1Ye0OR6EYb4C",82,2,111,157,135,4.35,135,1,31,"","",""
119,"X Zhong, J Barbier Jr, D Duprez, H Zhang, S Royer","Modulating the copper oxide morphology and accessibility by using micro-/mesoporous SBA-15 structures as host support: effect on the activity for the CWPO of phenol reaction",2012,"Applied Catalysis B: Environmental","","","https://scholar.google.com/scholar?oi=bibs&hl=en&cites=11370510537176997758",34,"2023-03-01 19:43:10","Journal article","","","https://scholar.google.com/citations?view_op=view_citation&hl=en&user=HwwQpEEAAAAJ&pagesize=100&citation_for_view=HwwQpEEAAAAJ:GtLg2Ama23sC",121,,123,134,119,10.82,24,5,11,"","",""
119,"F Sadi, D Duprez, F Gérard, A Miloudi","Hydrogen formation in the reaction of steam with Rh/CeO2 catalysts: a tool for characterising reduced centres of ceria",2003,"Journal of Catalysis","","","https://scholar.google.com/scholar?oi=bibs&hl=en&cites=10778122277877041389",35,"2023-03-01 19:43:10","Journal article","","","https://scholar.google.com/citations?view_op=view_citation&hl=en&user=HwwQpEEAAAAJ&pagesize=100&citation_for_view=HwwQpEEAAAAJ:HbR8gkJAVGIC",213,2,226,234,119,5.95,30,4,20,"","",""
119,"J Barbier Jr, D Duprez","Reactivity of steam in exhaust gas catalysis I. Steam and oxygen/steam conversions of carbon monoxide and of propane over PtRh catalysts",1993,"Applied Catalysis B: Environmental","","","https://scholar.google.com/scholar?oi=bibs&hl=en&cites=9263776702041412683",36,"2023-03-01 19:43:10","Journal article","","","https://scholar.google.com/citations?view_op=view_citation&hl=en&user=HwwQpEEAAAAJ&pagesize=100&citation_for_view=HwwQpEEAAAAJ:ZuybSZzF8UAC",3,1,61,83,119,3.97,60,2,30,"","",""
116,"F Dong, A Suda, T Tanabe, Y Nagai, H Sobukawa, H Shinjoh, M Sugiura, ...","Dynamic oxygen mobility and a new insight into the role of Zr atoms in three-way catalysts of Pt/CeO2–ZrO2",2004,"Catalysis Today","","","https://scholar.google.com/scholar?oi=bibs&hl=en&cites=9333146773312043112",37,"2023-03-01 19:43:10","Journal article","","","https://scholar.google.com/citations?view_op=view_citation&hl=en&user=HwwQpEEAAAAJ&pagesize=100&citation_for_view=HwwQpEEAAAAJ:AvfA0Oy_GE0C",93,,827,832,116,6.11,15,8,19,"","",""
112,"C Descorme, R Taha, N Mouaddib-Moral, D Duprez","Oxygen storage capacity measurements of three-way catalysts under transient conditions",2002,"Applied Catalysis A: General 223 (1-2)","","","https://scholar.google.com/scholar?oi=bibs&hl=en&cites=11055095873573096748",38,"2023-03-01 19:43:10","Book chapter","","","https://scholar.google.com/citations?view_op=view_citation&hl=en&user=HwwQpEEAAAAJ&pagesize=100&citation_for_view=HwwQpEEAAAAJ:PVjk1bu6vJQC",,,287,299,112,5.33,28,4,21,"","",""
111,"D Martin, D Duprez","Mobility of Surface Species on Oxides. 2. Isotopic Exchange of D2 with H of SiO2, Al2O3, ZrO2, MgO, and CeO2:  Activation by Rhodium and Effect of Chlorine",1997,"The Journal of Physical Chemistry B","","","https://scholar.google.com/scholar?oi=bibs&hl=en&cites=15318562371546763057",39,"2023-03-01 19:43:10","Journal article","","","https://scholar.google.com/citations?view_op=view_citation&hl=en&user=HwwQpEEAAAAJ&pagesize=100&citation_for_view=HwwQpEEAAAAJ:U4n9YNQMCAIC",101,22,4428,4436,111,4.27,56,2,26,"","",""
109,"A Birot, F Epron, C Descorme, D Duprez","Ethanol steam reforming over Rh/CexZr1− xO2 catalysts: impact of the CO–CO2–CH4 interconversion reactions on the H2 production",2008,"Applied Catalysis B: Environmental","","","https://scholar.google.com/scholar?oi=bibs&hl=en&cites=14261649076077954241",40,"2023-03-01 19:43:10","Journal article","","","https://scholar.google.com/citations?view_op=view_citation&hl=en&user=HwwQpEEAAAAJ&pagesize=100&citation_for_view=HwwQpEEAAAAJ:4X0JR2_MtJMC",79,1,17,25,109,7.27,27,4,15,"","",""
108,"S Royer, D Duprez, S Kaliaguine","Oxygen mobility in LaCoO3 perovskites",2006,"Catalysis Today 112 (1-4)","","","https://scholar.google.com/scholar?oi=bibs&hl=en&cites=1954878716374390244",41,"2023-03-01 19:43:10","Book chapter","","","https://scholar.google.com/citations?view_op=view_citation&hl=en&user=HwwQpEEAAAAJ&pagesize=100&citation_for_view=HwwQpEEAAAAJ:mVmsd5A6BfQC",,,99,102,108,6.35,36,3,17,"","",""
106,"C Descorme, D Duprez","Oxygen surface mobility and isotopic exchange on oxides: role of the nature and the structure of metal particles",2000,"Applied Catalysis A: General","","","https://scholar.google.com/scholar?oi=bibs&hl=en&cites=17712445527653990521",42,"2023-03-01 19:43:10","Journal article","","","https://scholar.google.com/citations?view_op=view_citation&hl=en&user=HwwQpEEAAAAJ&pagesize=100&citation_for_view=HwwQpEEAAAAJ:ce2CqMG-AY4C",202,2,231,241,106,4.61,53,2,23,"","",""
105,"N Bion, D Duprez, F Epron","Design of nanocatalysts for green hydrogen production from bioethanol",2012,"ChemSusChem","","","https://scholar.google.com/scholar?oi=bibs&hl=en&cites=5183711083678892572",43,"2023-03-01 19:43:10","Journal article","","","https://scholar.google.com/citations?view_op=view_citation&hl=en&user=HwwQpEEAAAAJ&pagesize=100&citation_for_view=HwwQpEEAAAAJ:xtRiw3GOFMkC",5,1,76,84,105,9.55,35,3,11,"","",""
104,"D Duprez, F Cavani","Handbook of Advanced Methods and processes in oxidation catalysis: from laboratory to industry",2014,"World Scientific","","","https://scholar.google.com/scholar?oi=bibs&hl=en&cites=6207408544939844610,11394761459082471986",44,"2023-03-01 19:43:10","","","","https://scholar.google.com/citations?view_op=view_citation&hl=en&user=HwwQpEEAAAAJ&pagesize=100&citation_for_view=HwwQpEEAAAAJ:LPZeul_q3PIC",,,,,104,11.56,52,2,9,"","",""
104,"S Rossignol, F Gérard, D Mesnard, C Kappenstein, D Duprez","Structural changes of Ce–Pr–O oxides in hydrogen: a study by in situ X-ray diffraction and Raman spectroscopy",2003,"Journal of Materials Chemistry","","","https://scholar.google.com/scholar?oi=bibs&hl=en&cites=2322210195499658828",45,"2023-03-01 19:43:10","Journal article","","","https://scholar.google.com/citations?view_op=view_citation&hl=en&user=HwwQpEEAAAAJ&pagesize=100&citation_for_view=HwwQpEEAAAAJ:IWHjjKOFINEC",13,12,3017,3020,104,5.20,21,5,20,"","",""
101,"D Duprez, C Descorme, T Birchem, E Rohart","Oxygen storage and mobility on model three-way catalysts",2001,"Topics in Catalysis","","","https://scholar.google.com/scholar?oi=bibs&hl=en&cites=16198291988573612986",46,"2023-03-01 19:43:10","Journal article","","","https://scholar.google.com/citations?view_op=view_citation&hl=en&user=HwwQpEEAAAAJ&pagesize=100&citation_for_view=HwwQpEEAAAAJ:CB2v5VPnA5kC",16,,49,56,101,4.59,25,4,22,"","",""
101,"D Duprez, P Pereira, A Miloudi, R Maurel","Steam dealkylation of aromatic hydrocarbons: II. Role of the support and kinetic pathway of oxygenated species in toluene steam dealkylation over group VIII metal catalysts",1982,"Journal of Catalysis","","","https://scholar.google.com/scholar?oi=bibs&hl=en&cites=9337858022007745313",47,"2023-03-01 19:43:10","Journal article","","","https://scholar.google.com/citations?view_op=view_citation&hl=en&user=HwwQpEEAAAAJ&pagesize=100&citation_for_view=HwwQpEEAAAAJ:BUYA1_V_uYcC",75,1,151,163,101,2.46,25,4,41,"","",""
97,"ALA Marinho, FS Toniolo, FB Noronha, F Epron, D Duprez, N Bion","Highly active and stable Ni dispersed on mesoporous CeO2-Al2O3 catalysts for production of syngas by dry reforming of methane",2021,"Applied Catalysis B: Environmental","","","https://scholar.google.com/scholar?oi=bibs&hl=en&cites=16202800557826869760",48,"2023-03-01 19:43:10","Journal article","","","https://scholar.google.com/citations?view_op=view_citation&hl=en&user=HwwQpEEAAAAJ&pagesize=100&citation_for_view=HwwQpEEAAAAJ:BOlwja0KXvYC",281,,119459,119459,97,48.50,16,6,2,"","",""
97,"L Hou, Q Zhang, F Jérôme, D Duprez, H Zhang, S Royer","Shape-controlled nanostructured magnetite-type materials as highly efficient Fenton catalysts",2014,"Applied Catalysis B: Environmental","","","https://scholar.google.com/scholar?oi=bibs&hl=en&cites=8416282596255955990",49,"2023-03-01 19:43:10","Journal article","","","https://scholar.google.com/citations?view_op=view_citation&hl=en&user=HwwQpEEAAAAJ&pagesize=100&citation_for_view=HwwQpEEAAAAJ:kzcrU_BdoSEC",144,,739,749,97,10.78,16,6,9,"","",""
96,"D Duprez, MC Demicheli, P Marecot, J Barbier, OA Ferretti, EN Ponzi","Deactivation of steam-reforming model catalysts by coke formation: I. Kinetics of the Formation of Filamentous Carbon in the Hydrogenolysis of cyclopentane on Ni/Al2O3 Catalysts",1990,"Journal of Catalysis","","","https://scholar.google.com/scholar?oi=bibs&hl=en&cites=7242228248943354938",50,"2023-03-01 19:43:10","Journal article","","","https://scholar.google.com/citations?view_op=view_citation&hl=en&user=HwwQpEEAAAAJ&pagesize=100&citation_for_view=HwwQpEEAAAAJ:AXPGKjj_ei8C",124,2,324,335,96,2.91,16,6,33,"","",""
94,"L Oliviero, J Barbier Jr, D Duprez, H Wahyu, JW Ponton, IS Metcalfe, ...","Wet air oxidation of aqueous solutions of maleic acid over Ru/CeO2 catalysts",2001,"Applied Catalysis B: Environmental","","","https://scholar.google.com/scholar?oi=bibs&hl=en&cites=10462499319718646334",51,"2023-03-01 19:43:10","Journal article","","","https://scholar.google.com/citations?view_op=view_citation&hl=en&user=HwwQpEEAAAAJ&pagesize=100&citation_for_view=HwwQpEEAAAAJ:M7yex6snE4oC",35,1,1,12,94,4.27,13,7,22,"","",""
93,"A Holmgren, D Duprez, B Andersson","A model of oxygen transport in Pt/ceria catalysts from isotope exchange",1999,"Journal of Catalysis","","","https://scholar.google.com/scholar?oi=bibs&hl=en&cites=2151398476191819977",52,"2023-03-01 19:43:10","Journal article","","","https://scholar.google.com/citations?view_op=view_citation&hl=en&user=HwwQpEEAAAAJ&pagesize=100&citation_for_view=HwwQpEEAAAAJ:L8Ckcad2t8MC",182,2,441,448,93,3.88,31,3,24,"","",""
92,"S Rossignol, C Descorme, C Kappenstein, D Duprez","Synthesis, structure and catalytic properties of Zr–Ce–Pr–O mixed oxides",2001,"Journal of Materials Chemistry","","","https://scholar.google.com/scholar?oi=bibs&hl=en&cites=14189060448492400068",53,"2023-03-01 19:43:10","Journal article","","","https://scholar.google.com/citations?view_op=view_citation&hl=en&user=HwwQpEEAAAAJ&pagesize=100&citation_for_view=HwwQpEEAAAAJ:2tRrZ1ZAMYUC",11,10,2587,2592,92,4.18,23,4,22,"","",""
91,"J Mikulová, S Rossignol, J Barbier Jr, D Mesnard, C Kappenstein, ...","Ruthenium and platinum catalysts supported on Ce, Zr, Pr-O mixed oxides prepared by soft chemistry for acetic acid wet air oxidation",2007,"Applied Catalysis B: Environmental 72 (1-2)","","","https://scholar.google.com/scholar?oi=bibs&hl=en&cites=9063834069986847989",54,"2023-03-01 19:43:10","Book chapter","","","https://scholar.google.com/citations?view_op=view_citation&hl=en&user=HwwQpEEAAAAJ&pagesize=100&citation_for_view=HwwQpEEAAAAJ:nrtMV_XWKgEC",,,1,10,91,5.69,15,6,16,"","",""
89,"J Faye, A Baylet, M Trentesaux, S Royer, F Dumeignil, D Duprez, ...","Influence of lanthanum stoichiometry in La1− xFeO3− δ perovskites on their structure and catalytic performance in CH4 total oxidation",2012,"Applied Catalysis B: Environmental","","","https://scholar.google.com/scholar?oi=bibs&hl=en&cites=1904805062371214223",55,"2023-03-01 19:43:10","Journal article","","","https://scholar.google.com/citations?view_op=view_citation&hl=en&user=HwwQpEEAAAAJ&pagesize=100&citation_for_view=HwwQpEEAAAAJ:Wp0gIr-vW9MC",126,,134,143,89,8.09,13,7,11,"","",""
84,"W Yang, R Zhang, B Chen, N Bion, D Duprez, S Royer","Activity of perovskite-type mixed oxides for the low-temperature CO oxidation: Evidence of oxygen species participation from the solid",2012,"Journal of catalysis","","","https://scholar.google.com/scholar?oi=bibs&hl=en&cites=10847661321583998322",56,"2023-03-01 19:43:10","Journal article","","","https://scholar.google.com/citations?view_op=view_citation&hl=en&user=HwwQpEEAAAAJ&pagesize=100&citation_for_view=HwwQpEEAAAAJ:edDO8Oi4QzsC",295,,45,58,84,7.64,14,6,11,"","",""
84,"A Ungureanu, B Dragoi, A Chirieac, S Royer, D Duprez, E Dumitriu","Synthesis of highly thermostable copper-nickel nanoparticles confined in the channels of ordered mesoporous SBA-15 silica",2011,"Journal of Materials Chemistry","","","https://scholar.google.com/scholar?oi=bibs&hl=en&cites=7189211693617920111",57,"2023-03-01 19:43:10","Journal article","","","https://scholar.google.com/citations?view_op=view_citation&hl=en&user=HwwQpEEAAAAJ&pagesize=100&citation_for_view=HwwQpEEAAAAJ:WA5NYHcadZ8C",21,33,12529,12541,84,7.00,14,6,12,"","",""
84,"F Mariño, G Baronetti, M Laborde, N Bion, A Le Valant, F Epron, D Duprez","Optimized CuO–CeO2 catalysts for COPROX reaction",2008,"International Journal of Hydrogen Energy","","","https://scholar.google.com/scholar?oi=bibs&hl=en&cites=15262850853054164014",58,"2023-03-01 19:43:10","Journal article","","","https://scholar.google.com/citations?view_op=view_citation&hl=en&user=HwwQpEEAAAAJ&pagesize=100&citation_for_view=HwwQpEEAAAAJ:BzfGm06jWhQC",33,4,1345,1353,84,5.60,12,7,15,"","",""
82,"D Duprez","Les méthodes chromatographiques en catalyse hétérogène",1983,"J. Chim. Phys","","","https://scholar.google.com/scholar?oi=bibs&hl=en&cites=10405025862967649198",59,"2023-03-01 19:43:10","Journal article","","","https://scholar.google.com/citations?view_op=view_citation&hl=en&user=HwwQpEEAAAAJ&pagesize=100&citation_for_view=HwwQpEEAAAAJ:k8Z6L05lTy4C",80,,487,505,82,2.05,82,1,40,"","",""
81,"A Le Valant, N Bion, F Can, D Duprez, F Epron","Preparation and characterization of bimetallic Rh-Ni/Y2O3-Al2O3 for hydrogen production by raw bioethanol steam reforming: influence of the addition of nickel on the catalyst …",2010,"Applied Catalysis B: Environmental 97 (1-2)","","","https://scholar.google.com/scholar?oi=bibs&hl=en&cites=9338255240288375462",60,"2023-03-01 19:43:10","Book chapter","","","https://scholar.google.com/citations?view_op=view_citation&hl=en&user=HwwQpEEAAAAJ&pagesize=100&citation_for_view=HwwQpEEAAAAJ:Z5m8FVwuT1cC",,,72,81,81,6.23,16,5,13,"","",""
81,"LT Weng, P Ruiz, B Delmon, D Duprez","Evidence of the migration of oxygen species from Sb2O4 to MoO3 in MoO3-Sb2O4 selective oxidation catalysts",1989,"Journal of molecular catalysis","","","https://scholar.google.com/scholar?oi=bibs&hl=en&cites=5561015229401953490",61,"2023-03-01 19:43:10","Journal article","","","https://scholar.google.com/citations?view_op=view_citation&hl=en&user=HwwQpEEAAAAJ&pagesize=100&citation_for_view=HwwQpEEAAAAJ:Tiz5es2fbqcC",52,3,349,360,81,2.38,20,4,34,"","",""
80,"EC Corbos, M Haneda, X Courtois, P Marecot, D Duprez, H Hamada","NOx abatement for lean-burn engines under lean–rich atmosphere over mixed NSR-SCR catalysts: Influences of the addition of a SCR catalyst and of the operational conditions",2009,"Applied Catalysis A: General","","","https://scholar.google.com/scholar?oi=bibs&hl=en&cites=4458367329861620660",62,"2023-03-01 19:43:10","Journal article","","","https://scholar.google.com/citations?view_op=view_citation&hl=en&user=HwwQpEEAAAAJ&pagesize=100&citation_for_view=HwwQpEEAAAAJ:yD5IFk8b50cC",365,2,187,193,80,5.71,13,6,14,"","",""
80,"J Barbier Jr, L Oliviero, B Renard, D Duprez","Role of ceria-supported noble metal catalysts (Ru, Pd, Pt) in wet air oxidation of nitrogen and oxygen containing compounds.",2005,"Topics in catalysis","","","https://scholar.google.com/scholar?oi=bibs&hl=en&cites=9525441514083308347",63,"2023-03-01 19:43:10","Journal article","","","https://scholar.google.com/citations?view_op=view_citation&hl=en&user=HwwQpEEAAAAJ&pagesize=100&citation_for_view=HwwQpEEAAAAJ:L7CI7m0gUJcC",33,,,,80,4.44,20,4,18,"","",""
79,"M Haneda, N Bion, M Daturi, J Saussey, JC Lavalley, D Duprez, ...","In Situ fourier transform infrared study of the selective reduction of NO with propene over Ga2O3–Al2O3",2002,"Journal of Catalysis","","","https://scholar.google.com/scholar?oi=bibs&hl=en&cites=889954598806985801",64,"2023-03-01 19:43:10","Journal article","","","https://scholar.google.com/citations?view_op=view_citation&hl=en&user=HwwQpEEAAAAJ&pagesize=100&citation_for_view=HwwQpEEAAAAJ:UebtZRa9Y70C",206,1,114,124,79,3.76,11,7,21,"","",""
78,"N Le Phuc, X Courtois, F Can, S Royer, P Marecot, D Duprez","NOx removal efficiency and ammonia selectivity during the NOx storage-reduction process over Pt/BaO (Fe, Mn, Ce)/Al2O3 model catalysts. Part II: Influence of Ce and Mn–Ce addition",2011,"Applied Catalysis B: Environmental 102 (3-4)","","","https://scholar.google.com/scholar?oi=bibs&hl=en&cites=17723502458469771075",65,"2023-03-01 19:43:10","Book chapter","","","https://scholar.google.com/citations?view_op=view_citation&hl=en&user=HwwQpEEAAAAJ&pagesize=100&citation_for_view=HwwQpEEAAAAJ:kWvqk_afx_IC",,,362,371,78,6.50,13,6,12,"","",""
78,"S Elbouazzaoui, EC Corbos, X Courtois, P Marecot, D Duprez","A study of the deactivation by sulfur and regeneration of a model NSR Pt/Ba/Al2O3 catalyst",2005,"Applied Catalysis B: Environmental 61 (3-4)","","","https://scholar.google.com/scholar?oi=bibs&hl=en&cites=5011828410662132289",66,"2023-03-01 19:43:10","Book chapter","","","https://scholar.google.com/citations?view_op=view_citation&hl=en&user=HwwQpEEAAAAJ&pagesize=100&citation_for_view=HwwQpEEAAAAJ:NhqRSupF_l8C",,,236,243,78,4.33,16,5,18,"","",""
76,"SM Hunter, DH Gregory, JSJ Hargreaves, M Richard, D Duprez, N Bion","A Study of 15N/14N Isotopic Exchange over Cobalt Molybdenum Nitrides",2013,"ACS catalysis","","","https://scholar.google.com/scholar?oi=bibs&hl=en&cites=13625043960009201925",67,"2023-03-01 19:43:10","Journal article","","","https://scholar.google.com/citations?view_op=view_citation&hl=en&user=HwwQpEEAAAAJ&pagesize=100&citation_for_view=HwwQpEEAAAAJ:fbc8zXXH2BUC",3,8,1719,1725,76,7.60,13,6,10,"","",""
76,"JSL Fonseca, HS Ferreira, N Bion, L Pirault-Roy, M do Carmo Rangel, ...","Cooperative effect between copper and gold on ceria for CO-PROX reaction",2012,"Catalysis Today","","","https://scholar.google.com/scholar?oi=bibs&hl=en&cites=12839176652707436832",68,"2023-03-01 19:43:10","Journal article","","","https://scholar.google.com/citations?view_op=view_citation&hl=en&user=HwwQpEEAAAAJ&pagesize=100&citation_for_view=HwwQpEEAAAAJ:fFSKOagxvKUC",180,1,34,41,76,6.91,13,6,11,"","",""
75,"F Can, S Berland, S Royer, X Courtois, D Duprez","Composition-Dependent Performance of CexZr1–xO2 Mixed-Oxide-Supported WO3 Catalysts for the NOx Storage Reduction–Selective Catalytic Reduction …",2013,"ACS Catalysis","","","https://scholar.google.com/scholar?oi=bibs&hl=en&cites=7312876695973816832",69,"2023-03-01 19:43:10","Journal article","","","https://scholar.google.com/citations?view_op=view_citation&hl=en&user=HwwQpEEAAAAJ&pagesize=100&citation_for_view=HwwQpEEAAAAJ:_B80troHkn4C",3,6,1120,1132,75,7.50,15,5,10,"","",""
74,"D Duprez, A Miloudi, G Delahay, R Maurel","Selective steam reforming of aromatic hydrocarbons: IV. Steam conversion and hydroconversion of selected monoalkyl-and dialkyl-benzenes on Rh catalysts",1984,"Journal of Catalysis","","","https://scholar.google.com/scholar?oi=bibs&hl=en&cites=2040939823094400242,11184707305975627362",70,"2023-03-01 19:43:10","Journal article","","","https://scholar.google.com/citations?view_op=view_citation&hl=en&user=HwwQpEEAAAAJ&pagesize=100&citation_for_view=HwwQpEEAAAAJ:9ZlFYXVOiuMC",90,2,292,304,74,1.90,19,4,39,"","",""
73,"P Castellazzi, G Groppi, P Forzatti, A Baylet, P Marécot, D Duprez","Role of Pd loading and dispersion on redox behaviour and CH4 combustion activity of Al2O3 supported catalysts",2010,"Catalysis Today 155 (1-2)","","","https://scholar.google.com/scholar?oi=bibs&hl=en&cites=3153284290953876765",71,"2023-03-01 19:43:10","Book chapter","","","https://scholar.google.com/citations?view_op=view_citation&hl=en&user=HwwQpEEAAAAJ&pagesize=100&citation_for_view=HwwQpEEAAAAJ:blknAaTinKkC",,,18,26,73,5.62,12,6,13,"","",""
73,"S Bedrane, C Descorme, D Duprez","Towards the comprehension of oxygen storage processes on model three-way catalysts",2002,"Catalysis today 73 (3-4)","","","https://scholar.google.com/scholar?oi=bibs&hl=en&cites=3927964137500591084",72,"2023-03-01 19:43:10","Book chapter","","","https://scholar.google.com/citations?view_op=view_citation&hl=en&user=HwwQpEEAAAAJ&pagesize=100&citation_for_view=HwwQpEEAAAAJ:pqnbT2bcN3wC",,,233,238,73,3.48,24,3,21,"","",""
71,"F Can, X Courtois, S Royer, G Blanchard, S Rousseau, D Duprez","An overview of the production and use of ammonia in NSR+ SCR coupled system for NOx reduction from lean exhaust gas",2012,"Catalysis today","","","https://scholar.google.com/scholar?oi=bibs&hl=en&cites=2339469649737092695",73,"2023-03-01 19:43:10","Journal article","","","https://scholar.google.com/citations?view_op=view_citation&hl=en&user=HwwQpEEAAAAJ&pagesize=100&citation_for_view=HwwQpEEAAAAJ:qUcmZB5y_30C",197,1,144,154,71,6.45,12,6,11,"","",""
70,"A Le Valant, F Can, N Bion, D Duprez, F Epron","Hydrogen production from raw bioethanol steam reforming: Optimization of catalyst composition with improved stability against various impurities",2010,"international journal of hydrogen energy","","","https://scholar.google.com/scholar?oi=bibs&hl=en&cites=8863406084041496998",74,"2023-03-01 19:43:10","Journal article","","","https://scholar.google.com/citations?view_op=view_citation&hl=en&user=HwwQpEEAAAAJ&pagesize=100&citation_for_view=HwwQpEEAAAAJ:-_dYPAW6P2MC",35,10,5015,5020,70,5.38,14,5,13,"","",""
70,"D Duprez","Study of surface reaction mechanisms by 16O/18O and H/D isotopic exchange",2006,"Catalysis today 112 (1-4)","","","https://scholar.google.com/scholar?oi=bibs&hl=en&cites=18223729661395828100",75,"2023-03-01 19:43:10","Book chapter","","","https://scholar.google.com/citations?view_op=view_citation&hl=en&user=HwwQpEEAAAAJ&pagesize=100&citation_for_view=HwwQpEEAAAAJ:oi2SiIJ9l4AC",,,17,22,70,4.12,70,1,17,"","",""
69,"A Baylet, S Royer, P Marecot, JM Tatibouet, D Duprez","High catalytic activity and stability of Pd doped hexaaluminate catalysts for the CH4 catalytic combustion",2008,"Applied Catalysis B: Environmental 77 (3-4)","","","https://scholar.google.com/scholar?oi=bibs&hl=en&cites=6263824463311752677",76,"2023-03-01 19:43:10","Book chapter","","","https://scholar.google.com/citations?view_op=view_citation&hl=en&user=HwwQpEEAAAAJ&pagesize=100&citation_for_view=HwwQpEEAAAAJ:VOx2b1Wkg3QC",,,237,247,69,4.60,14,5,15,"","",""
67,"N Bion, F Epron, D Duprez","Bioethanol reforming for H2 production. A comparison with hydrocarbon reforming",2010,"Catalysis","","","https://scholar.google.com/scholar?oi=bibs&hl=en&cites=12887558331418676278",77,"2023-03-01 19:43:10","Journal article","","","https://scholar.google.com/citations?view_op=view_citation&hl=en&user=HwwQpEEAAAAJ&pagesize=100&citation_for_view=HwwQpEEAAAAJ:HeT0ZceujKMC",22,,1,55,67,5.15,22,3,13,"","",""
67,"T Maillet, J Barbier Jr, D Duprez","Reactivity of steam in exhaust gas catalysis III. Steam and oxygen/steam conversions of propane on a Pd/Al2O3 catalyst",1996,"Applied Catalysis B: Environmental 9 (1-4)","","","https://scholar.google.com/scholar?oi=bibs&hl=en&cites=1563313953570504555",78,"2023-03-01 19:43:10","Book chapter","","","https://scholar.google.com/citations?view_op=view_citation&hl=en&user=HwwQpEEAAAAJ&pagesize=100&citation_for_view=HwwQpEEAAAAJ:YOwf2qJgpHMC",,,251,266,67,2.48,22,3,27,"","",""
66,"EC Corbos, X Courtois, N Bion, P Marecot, D Duprez","Impact of the support oxide and Ba loading on the sulfur resistance and regeneration of Pt/Ba/support catalysts",2008,"Applied Catalysis B: Environmental 80 (1-2)","","","https://scholar.google.com/scholar?oi=bibs&hl=en&cites=13878389164098976182",79,"2023-03-01 19:43:10","Book chapter","","","https://scholar.google.com/citations?view_op=view_citation&hl=en&user=HwwQpEEAAAAJ&pagesize=100&citation_for_view=HwwQpEEAAAAJ:gKiMpY-AVTkC",,,62,71,66,4.40,13,5,15,"","",""
66,"J Mikulová, J Barbier Jr, S Rossignol, D Mesnard, D Duprez, ...","Wet air oxidation of acetic acid over platinum catalysts supported on cerium-based materials: Influence of metal and oxide crystallite size",2007,"Journal of catalysis","","","https://scholar.google.com/scholar?oi=bibs&hl=en&cites=6555672131159315887",80,"2023-03-01 19:43:10","Journal article","","","https://scholar.google.com/citations?view_op=view_citation&hl=en&user=HwwQpEEAAAAJ&pagesize=100&citation_for_view=HwwQpEEAAAAJ:kRWSkSYxWN8C",251,1,172,181,66,4.13,11,6,16,"","",""
65,"W Yang, R Zhang, B Chen, D Duprez, S Royer","New Aspects on the Mechanism of C3H6 Selective Catalytic Reduction of NO in the Presence of O2 over LaFe1–x(Cu, Pd)xO3−δ Perovskites",2012,"Environmental science &technology","","","https://scholar.google.com/scholar?oi=bibs&hl=en&cites=10241253011036559248",81,"2023-03-01 19:43:10","Journal article","","","https://scholar.google.com/citations?view_op=view_citation&hl=en&user=HwwQpEEAAAAJ&pagesize=100&citation_for_view=HwwQpEEAAAAJ:lmc2jWPfTJgC",46,20,11280,11288,65,5.91,13,5,11,"","",""
65,"A Baylet, S Royer, P Marecot, JM Tatibouet, D Duprez","Effect of Pd precursor salt on the activity and stability of Pd-doped hexaaluminate catalysts for the CH4 catalytic combustion",2008,"Applied Catalysis B: Environmental 81 (1-2)","","","https://scholar.google.com/scholar?oi=bibs&hl=en&cites=18170226119858805348",82,"2023-03-01 19:43:10","Book chapter","","","https://scholar.google.com/citations?view_op=view_citation&hl=en&user=HwwQpEEAAAAJ&pagesize=100&citation_for_view=HwwQpEEAAAAJ:F2UWTTQJPOcC",,,88,96,65,4.33,13,5,15,"","",""
65,"B Renard, J Barbier Jr, D Duprez, S Durecu","Catalytic wet air oxidation of stearic acid on cerium oxide supported noble metal catalysts",2005,"Applied Catalysis B: Environmental","","","https://scholar.google.com/scholar?oi=bibs&hl=en&cites=11179327499170476520",83,"2023-03-01 19:43:10","Journal article","","","https://scholar.google.com/citations?view_op=view_citation&hl=en&user=HwwQpEEAAAAJ&pagesize=100&citation_for_view=HwwQpEEAAAAJ:bz8QjSJIRt4C",55,1,1,10,65,3.61,16,4,18,"","",""
64,"F Dong, A Suda, T Tanabe, Y Nagai, H Sobukawa, H Shinjoh, M Sugiura, ...","Characterization of the dynamic oxygen migration over Pt/CeO2-ZrO2 catalysts by 18O/16O isotopic exchange reaction",2004,"Catalysis today 90 (3-4)","","","https://scholar.google.com/scholar?oi=bibs&hl=en&cites=2486569253648279744",84,"2023-03-01 19:43:10","Book chapter","","","https://scholar.google.com/citations?view_op=view_citation&hl=en&user=HwwQpEEAAAAJ&pagesize=100&citation_for_view=HwwQpEEAAAAJ:TQgYirikUcIC",,,223,229,64,3.37,8,8,19,"","",""
63,"S Keav, AE de Los Monteros, J Barbier Jr, D Duprez","Wet Air Oxidation of phenol over Pt and Ru catalysts supported on cerium-based oxides: Resistance to fouling and kinetic modelling",2014,"Applied Catalysis B: Environmental","","","https://scholar.google.com/scholar?oi=bibs&hl=en&cites=14379368716954468718",85,"2023-03-01 19:43:10","Journal article","","","https://scholar.google.com/citations?view_op=view_citation&hl=en&user=HwwQpEEAAAAJ&pagesize=100&citation_for_view=HwwQpEEAAAAJ:0CzhzZyukY4C",150,,402,410,63,7.00,16,4,9,"","",""
63,"JC Serrano-Ruiz, A Sepúlveda-Escribano, F Rodríguez-Reinoso, ...","Pt–Sn catalysts supported on highly-dispersed ceria on carbon: Application to citral hydrogenation",2007,"Journal of Molecular Catalysis A: Chemical 268 (1-2)","","","https://scholar.google.com/scholar?oi=bibs&hl=en&cites=6249427396142522145",86,"2023-03-01 19:43:10","Journal article","","","https://scholar.google.com/citations?view_op=view_citation&hl=en&user=HwwQpEEAAAAJ&pagesize=100&citation_for_view=HwwQpEEAAAAJ:fQNAKQ3IYiAC",,,227,234,63,3.94,16,4,16,"","",""
63,"D Duprez","Study of surface mobility by isotopic exchange: recent developments and perspectives",1997,"Studies in Surface Science and Catalysis","","","https://scholar.google.com/scholar?oi=bibs&hl=en&cites=3197450853860723725",87,"2023-03-01 19:43:10","Journal article","","","https://scholar.google.com/citations?view_op=view_citation&hl=en&user=HwwQpEEAAAAJ&pagesize=100&citation_for_view=HwwQpEEAAAAJ:hMod-77fHWUC",112,,13,28,63,2.42,63,1,26,"","",""
62,"S Nousir, S Keav, J Barbier Jr, M Bensitel, R Brahmi, D Duprez","Deactivation phenomena during catalytic wet air oxidation (CWAO) of phenol over platinum catalysts supported on ceria and ceria–zirconia mixed oxides",2008,"Applied Catalysis B: Environmental 84 (3-4)","","","https://scholar.google.com/scholar?oi=bibs&hl=en&cites=4561779029036003585",88,"2023-03-01 19:43:10","Book chapter","","","https://scholar.google.com/citations?view_op=view_citation&hl=en&user=HwwQpEEAAAAJ&pagesize=100&citation_for_view=HwwQpEEAAAAJ:pyW8ca7W8N0C",,,723,731,62,4.13,10,6,15,"","",""
62,"J Mikulová, S Rossignol, J Barbier Jr, D Duprez, C Kappenstein","Characterizations of platinum catalysts supported on Ce, Zr, Pr-oxides and formation of carbonate species in catalytic wet air oxidation of acetic acid",2007,"Catalysis Today 124 (3-4)","","","https://scholar.google.com/scholar?oi=bibs&hl=en&cites=11774581913825360821",89,"2023-03-01 19:43:10","Book chapter","","","https://scholar.google.com/citations?view_op=view_citation&hl=en&user=HwwQpEEAAAAJ&pagesize=100&citation_for_view=HwwQpEEAAAAJ:NXb4pA-qfm4C",,,185,190,62,3.88,12,5,16,"","",""
62,"J Mikulova, S Rossignol, F Gérard, D Mesnard, C Kappenstein, D Duprez","Properties of cerium–zirconium mixed oxides partially substituted by neodymium: comparison with Zr–Ce–Pr–O ternary oxides",2006,"Journal of Solid State Chemistry","","","https://scholar.google.com/scholar?oi=bibs&hl=en&cites=6163534319062065745",90,"2023-03-01 19:43:10","Journal article","","","https://scholar.google.com/citations?view_op=view_citation&hl=en&user=HwwQpEEAAAAJ&pagesize=100&citation_for_view=HwwQpEEAAAAJ:5Ul4iDaHHb8C",179,8,2511,2520,62,3.65,10,6,17,"","",""
61,"C Graschinsky, M Laborde, N Amadeo, A Le Valant, N Bion, F Epron, ...","Ethanol Steam Reforming over Rh(1%)MgAl2O4/Al2O3: A Kinetic Study",2010,"Industrial &engineering chemistry research","","","https://scholar.google.com/scholar?oi=bibs&hl=en&cites=17443712800501880198",91,"2023-03-01 19:43:10","Journal article","","","https://scholar.google.com/citations?view_op=view_citation&hl=en&user=HwwQpEEAAAAJ&pagesize=100&citation_for_view=HwwQpEEAAAAJ:-jrNzM816MMC",49,24,12383,12389,61,4.69,9,7,13,"","",""
61,"N Le Phuc, EC Corbos, X Courtois, F Can, P Marecot, D Duprez","NOx storage and reduction properties of Pt/CexZr1− xO2 mixed oxides: Sulfur resistance and regeneration, and ammonia formation",2009,"Applied Catalysis B: Environmental 93 (1-2)","","","https://scholar.google.com/scholar?oi=bibs&hl=en&cites=11664004219536399889",92,"2023-03-01 19:43:10","Book chapter","","","https://scholar.google.com/citations?view_op=view_citation&hl=en&user=HwwQpEEAAAAJ&pagesize=100&citation_for_view=HwwQpEEAAAAJ:LO7wyVUgiFcC",,,12,21,61,4.36,10,6,14,"","",""
61,"F Can, A Le Valant, N Bion, F Epron, D Duprez","New Active and Selective Rh−REOx−Al2O3 Catalysts for Ethanol Steam Reforming",2008,"The Journal of Physical Chemistry C","","","https://scholar.google.com/scholar?oi=bibs&hl=en&cites=638322274948877011",93,"2023-03-01 19:43:10","Journal article","","","https://scholar.google.com/citations?view_op=view_citation&hl=en&user=HwwQpEEAAAAJ&pagesize=100&citation_for_view=HwwQpEEAAAAJ:ufrVoPGSRksC",112,36,14145,14153,61,4.07,12,5,15,"","",""
61,"MC Demicheli, D Duprez, J Barbier, OA Ferretti, EN Ponzi","Deactivation of steam-reforming model catalysts by coke formation. II. Promotion with potassium and effect of water",1994,"Journal of Catalysis","","","https://scholar.google.com/scholar?oi=bibs&hl=en&cites=3908491605333518774",94,"2023-03-01 19:43:10","Journal article","","","https://scholar.google.com/citations?view_op=view_citation&hl=en&user=HwwQpEEAAAAJ&pagesize=100&citation_for_view=HwwQpEEAAAAJ:M05iB0D1s5AC",145,2,437,449,61,2.10,12,5,29,"","",""
59,"J Fonseca, S Royer, N Bion, L Pirault-Roy, M do Carmo Rangel, D Duprez, ...","Preferential CO oxidation over nanosized gold catalysts supported on ceria and amorphous ceria–alumina",2012,"Applied Catalysis B: Environmental","","","https://scholar.google.com/scholar?oi=bibs&hl=en&cites=16619266699193067577,13575362047649870013",95,"2023-03-01 19:43:10","Journal article","","","https://scholar.google.com/citations?view_op=view_citation&hl=en&user=HwwQpEEAAAAJ&pagesize=100&citation_for_view=HwwQpEEAAAAJ:Br1UauaknNIC",128,,10,20,59,5.36,8,7,11,"","",""
58,"M Haneda, E Joubert, JC Ménézo, D Duprez, J Barbier, N Bion, M Daturi, ...","Reaction intermediates in the selective reduction of NO with propene over Ga2O3-Al2O3 and In2O3-Al2O3 catalysts",2001,"Journal of Molecular Catalysis A: Chemical 175 (1-2)","","","https://scholar.google.com/scholar?oi=bibs&hl=en&cites=13222656840497250928",96,"2023-03-01 19:43:10","Journal article","","","https://scholar.google.com/citations?view_op=view_citation&hl=en&user=HwwQpEEAAAAJ&pagesize=100&citation_for_view=HwwQpEEAAAAJ:nZcligLrVowC",,,179,188,58,2.64,7,8,22,"","",""
56,"G Lafaye, J Barbier Jr, D Duprez","Impact of cerium-based support oxides in catalytic wet air oxidation: Conflicting role of redox and acid–base properties",2015,"Catalysis Today","","","https://scholar.google.com/scholar?oi=bibs&hl=en&cites=2385053991542130899",97,"2023-03-01 19:43:10","Journal article","","","https://scholar.google.com/citations?view_op=view_citation&hl=en&user=HwwQpEEAAAAJ&pagesize=100&citation_for_view=HwwQpEEAAAAJ:-f6ydRqryjwC",253,,89,98,56,7.00,19,3,8,"","",""
55,"S Keav, A Martin, J Barbier Jr, D Duprez","Deactivation and reactivation of noble metal catalysts tested in the Catalytic Wet Air Oxidation of phenol",2010,"Catalysis Today 151 (1-2)","","","https://scholar.google.com/scholar?oi=bibs&hl=en&cites=9344033104398807511",98,"2023-03-01 19:43:10","Book chapter","","","https://scholar.google.com/citations?view_op=view_citation&hl=en&user=HwwQpEEAAAAJ&pagesize=100&citation_for_view=HwwQpEEAAAAJ:4MWp96NkSFoC",,,143,147,55,4.23,14,4,13,"","",""
55,"J Barbier Jr, D Duprez","Hydrogen formation in propane oxidation on Pt-Rh/CeO2/Al2O3 catalysts",1992,"Applied Catalysis A: General","","","https://scholar.google.com/scholar?oi=bibs&hl=en&cites=13672504829582585858",99,"2023-03-01 19:43:10","Journal article","","","https://scholar.google.com/citations?view_op=view_citation&hl=en&user=HwwQpEEAAAAJ&pagesize=100&citation_for_view=HwwQpEEAAAAJ:lvd772isFD0C",85,1,89,100,55,1.77,28,2,31,"","",""
54,"EC Corbos, M Haneda, X Courtois, P Marecot, D Duprez, H Hamada","Cooperative effect of Pt–Rh/Ba/Al and CuZSM-5 catalysts for NOx reduction during periodic lean-rich atmosphere",2008,"Catalysis Communications","","","https://scholar.google.com/scholar?oi=bibs&hl=en&cites=15484009968826344171",100,"2023-03-01 19:43:10","Journal article","","","https://scholar.google.com/citations?view_op=view_citation&hl=en&user=HwwQpEEAAAAJ&pagesize=100&citation_for_view=HwwQpEEAAAAJ:MpfHP-DdYjUC",10,2,137,141,54,3.60,9,6,15,"","",""
54,"F Aupretre, C Descorme, D Duprez","Hydrogen production for fuel cells from the catalytic ethanol steam reforming",2004,"Topics in catalysis 30 (1-4)","","","https://scholar.google.com/scholar?oi=bibs&hl=en&cites=6383020254399281406",101,"2023-03-01 19:43:10","Book chapter","","","https://scholar.google.com/citations?view_op=view_citation&hl=en&user=HwwQpEEAAAAJ&cstart=100&pagesize=100&citation_for_view=HwwQpEEAAAAJ:BrmTIyaxlBUC",,,487,491,54,2.84,18,3,19,"","",""
54,"L Oliviero, J Barbier, S Labruquère, D Duprez","Role of the metal–support interface in the total oxidation of carboxylic acids over Ru/CeO2 catalysts",1999,"Catalysis letters","","","https://scholar.google.com/scholar?oi=bibs&hl=en&cites=12541880242372279373",102,"2023-03-01 19:43:10","Journal article","","","https://scholar.google.com/citations?view_op=view_citation&hl=en&user=HwwQpEEAAAAJ&cstart=100&pagesize=100&citation_for_view=HwwQpEEAAAAJ:bKqednn6t2AC",60,,15,19,54,2.25,14,4,24,"","",""
52,"EC Corbos, X Courtois, N Bion, P Marecot, D Duprez","Impact of support oxide and Ba loading on the NOx storage properties of Pt/Ba/support catalysts: CO2 and H2O effects",2007,"Applied Catalysis B: Environmental 76 (3-4)","","","https://scholar.google.com/scholar?oi=bibs&hl=en&cites=11859148857145378021",103,"2023-03-01 19:43:10","Book chapter","","","https://scholar.google.com/citations?view_op=view_citation&hl=en&user=HwwQpEEAAAAJ&cstart=100&pagesize=100&citation_for_view=HwwQpEEAAAAJ:umqufdRvDiIC",,,357,367,52,3.25,10,5,16,"","",""
51,"A Le Valant, A Garron, N Bion, D Duprez, F Epron","Effect of higher alcohols on the performances of a 1% Rh/MgAl2O4/Al2O3 catalyst for hydrogen production by crude bioethanol steam reforming",2011,"international journal of hydrogen energy","","","https://scholar.google.com/scholar?oi=bibs&hl=en&cites=14386259258659124896",104,"2023-03-01 19:43:10","Journal article","","","https://scholar.google.com/citations?view_op=view_citation&hl=en&user=HwwQpEEAAAAJ&cstart=100&pagesize=100&citation_for_view=HwwQpEEAAAAJ:NyGDZy8z5eUC",36,1,311,318,51,4.25,10,5,12,"","",""
51,"D Duprez, Z Ferhat-Hamida, MM Bettahar","Surface mobility and reactivity of oxygen species on a copper-zinc catalyst in methanol synthesis",1990,"Journal of Catalysis","","","https://scholar.google.com/scholar?oi=bibs&hl=en&cites=7671764116376744274",105,"2023-03-01 19:43:10","Journal article","","","https://scholar.google.com/citations?view_op=view_citation&hl=en&user=HwwQpEEAAAAJ&cstart=100&pagesize=100&citation_for_view=HwwQpEEAAAAJ:LjlpjdlvIbIC",124,1,1,11,51,1.55,17,3,33,"","",""
50,"M Badawi, L Vivier, G Pérot, D Duprez","Promoting effect of cobalt and nickel on the activity of hydrotreating catalysts in hydrogenation and isomerization of olefins",2008,"Journal of Molecular Catalysis A: Chemical 293 (1-2)","","","https://scholar.google.com/scholar?oi=bibs&hl=en&cites=296514328645700566",106,"2023-03-01 19:43:10","Journal article","","","https://scholar.google.com/citations?view_op=view_citation&hl=en&user=HwwQpEEAAAAJ&cstart=100&pagesize=100&citation_for_view=HwwQpEEAAAAJ:2osOgNQ5qMEC",,,53,58,50,3.33,13,4,15,"","",""
50,"R Eloirdi, S Rossignol, C Kappenstein, D Duprez, N Pillet","Design and use of a batch reactor for catalytic decomposition of propellants",2003,"Journal of Propulsion and Power","","","https://scholar.google.com/scholar?oi=bibs&hl=en&cites=13135196596204769623",107,"2023-03-01 19:43:10","Journal article","","","https://scholar.google.com/citations?view_op=view_citation&hl=en&user=HwwQpEEAAAAJ&cstart=100&pagesize=100&citation_for_view=HwwQpEEAAAAJ:P7Ujq4OLJYoC",19,2,213,219,50,2.50,10,5,20,"","",""
50,"M Haneda, E Joubert, JC Ménézo, D Duprez, J Barbier, N Bion, M Daturi, ...","Surface characterization of alumina-supported catalysts prepared by sol–gel method. Part I.—Acid–base properties",2001,"Physical Chemistry Chemical Physics","","","https://scholar.google.com/scholar?oi=bibs&hl=en&cites=3945786843034227446",108,"2023-03-01 19:43:10","Journal article","","","https://scholar.google.com/citations?view_op=view_citation&hl=en&user=HwwQpEEAAAAJ&cstart=100&pagesize=100&citation_for_view=HwwQpEEAAAAJ:SeFeTyx0c_EC",3,7,1366,1370,50,2.27,6,8,22,"","",""
49,"L Vilcocq, A Cabiac, C Especel, S Lacombe, D Duprez","New insights into the mechanism of sorbitol transformation over an original bifunctional catalytic system",2014,"Journal of catalysis","","","https://scholar.google.com/scholar?oi=bibs&hl=en&cites=5597422838916332307",109,"2023-03-01 19:43:10","Journal article","","","https://scholar.google.com/citations?view_op=view_citation&hl=en&user=HwwQpEEAAAAJ&cstart=100&pagesize=100&citation_for_view=HwwQpEEAAAAJ:738O_yMBCRsC",320,,16,25,49,5.44,10,5,9,"","",""
49,"L Vilcocq, A Cabiac, C Especel, E Guillon, D Duprez","Transformation of sorbitol to biofuels by heterogeneous catalysis: Chemical and industrial considerations",2013,"Oil &Gas Science and Technology–Revue d’IFP Energies nouvelles","","","https://scholar.google.com/scholar?oi=bibs&hl=en&cites=17760743611987679660",110,"2023-03-01 19:43:10","Journal article","","","https://scholar.google.com/citations?view_op=view_citation&hl=en&user=HwwQpEEAAAAJ&cstart=100&pagesize=100&citation_for_view=HwwQpEEAAAAJ:O0nohqN1r9EC",68,5,841,860,49,4.90,10,5,10,"","",""
49,"A Le Valant, A Garron, N Bion, F Epron, D Duprez","Hydrogen production from raw bioethanol over Rh/MgAl2O4 catalyst: impact of impurities: heavy alcohol, aldehyde, ester, acid and amine",2008,"Catalysis Today 138 (3-4)","","","https://scholar.google.com/scholar?oi=bibs&hl=en&cites=2564717705945608979",111,"2023-03-01 19:43:10","Book chapter","","","https://scholar.google.com/citations?view_op=view_citation&hl=en&user=HwwQpEEAAAAJ&cstart=100&pagesize=100&citation_for_view=HwwQpEEAAAAJ:9yKSN-GCB0IC",,,169,174,49,3.27,10,5,15,"","",""
48,"M Seneque, F Can, D Duprez, X Courtois","NOx Selective Catalytic Reduction (NO x-SCR) by Urea: Evidence of the Reactivity of HNCO, Including a Specific Reaction Pathway for NOx Reduction Involving NO+ NO2",2016,"ACS Catalysis","","","https://scholar.google.com/scholar?oi=bibs&hl=en&cites=16282774550780807057",112,"2023-03-01 19:43:10","Journal article","","","https://scholar.google.com/citations?view_op=view_citation&hl=en&user=HwwQpEEAAAAJ&cstart=100&pagesize=100&citation_for_view=HwwQpEEAAAAJ:jU7OWUQzBzMC",6,7,4064,4067,48,6.86,12,4,7,"","",""
48,"L Vilcocq, R Koerin, A Cabiac, C Especel, S Lacombe, D Duprez","New bifunctional catalytic systems for sorbitol transformation into biofuels",2014,"Applied Catalysis B: Environmental","","","https://scholar.google.com/scholar?oi=bibs&hl=en&cites=4482720744926644536",113,"2023-03-01 19:43:10","Journal article","","","https://scholar.google.com/citations?view_op=view_citation&hl=en&user=HwwQpEEAAAAJ&cstart=100&pagesize=100&citation_for_view=HwwQpEEAAAAJ:a0OBvERweLwC",148,,499,508,48,5.33,8,6,9,"","",""
48,"D Duprez, M Hadj-Aissa, J Barbier","Effect of steam on the coking of platinum catalysts: I. Inhibiting effect of steam at low partial pressure for the dehydrogenation of cyclopentane and the coking reaction",1989,"Applied catalysis","","","https://scholar.google.com/scholar?oi=bibs&hl=en&cites=13561510834258869145",114,"2023-03-01 19:43:10","Journal article","","","https://scholar.google.com/citations?view_op=view_citation&hl=en&user=HwwQpEEAAAAJ&cstart=100&pagesize=100&citation_for_view=HwwQpEEAAAAJ:ZzlSgRqYykMC",49,1,67,74,48,1.41,16,3,34,"","",""
47,"M Barreau, ML Tarot, D Duprez, X Courtois, F Can","Remarkable enhancement of the selective catalytic reduction of NO at low temperature by collaborative effect of ethanol and NH3 over silver supported catalyst",2018,"Applied Catalysis B: Environmental","","","https://scholar.google.com/scholar?oi=bibs&hl=en&cites=2465583388710420475",115,"2023-03-01 19:43:10","Journal article","","","https://scholar.google.com/citations?view_op=view_citation&hl=en&user=HwwQpEEAAAAJ&cstart=100&pagesize=100&citation_for_view=HwwQpEEAAAAJ:HDshCWvjkbEC",220,,19,30,47,9.40,9,5,5,"","",""
46,"SR Gomes, N Bion, G Blanchard, S Rousseau, V Bellière-Baca, V Harlé, ...","Thermodynamic and experimental studies of catalytic reforming of exhaust gas recirculation in gasoline engines",2011,"Applied Catalysis B: Environmental 102 (1-2)","","","https://scholar.google.com/scholar?oi=bibs&hl=en&cites=5635564223229336973",116,"2023-03-01 19:43:10","Book chapter","","","https://scholar.google.com/citations?view_op=view_citation&hl=en&user=HwwQpEEAAAAJ&cstart=100&pagesize=100&citation_for_view=HwwQpEEAAAAJ:K3LRdlH-MEoC",,,44,53,46,3.83,7,7,12,"","",""
46,"M Benkhaled, C Descorme, D Duprez, S Morin, C Thomazeau, D Uzio","Study of hydrogen surface mobility and hydrogenation reactions over alumina-supported palladium catalysts",2008,"Applied Catalysis A: General 346 (1-2)","","","https://scholar.google.com/scholar?oi=bibs&hl=en&cites=9130499584789528639",117,"2023-03-01 19:43:10","Book chapter","","","https://scholar.google.com/citations?view_op=view_citation&hl=en&user=HwwQpEEAAAAJ&cstart=100&pagesize=100&citation_for_view=HwwQpEEAAAAJ:ipzZ9siozwsC",,,36,43,46,3.07,8,6,15,"","",""
46,"S Royer, B Levasseur, H Alamdari, J Barbier Jr, D Duprez, S Kaliaguine","Mechanism of stearic acid oxidation over nanocrystalline La1− xA′ xBO3 (A′= Sr, Ce; B= Co, Mn): The role of oxygen mobility",2008,"Applied Catalysis B: Environmental 80 (1-2)","","","https://scholar.google.com/scholar?oi=bibs&hl=en&cites=12847337046427033000",118,"2023-03-01 19:43:10","Book chapter","","","https://scholar.google.com/citations?view_op=view_citation&hl=en&user=HwwQpEEAAAAJ&cstart=100&pagesize=100&citation_for_view=HwwQpEEAAAAJ:KbBQZpvPDL4C",,,51,61,46,3.07,8,6,15,"","",""
46,"T Tanabe, A Suda, C Descorme, D Duprez, H Shinjoh, M Sugiura","Surface mobility and redox properties: study of Pt/CeO2-ZrO2 catalysts",2001,"5th International Conference on Spillover","","","https://scholar.google.com/scholar?oi=bibs&hl=en&cites=5404430383649407067",119,"2023-03-01 19:43:10","Conference paper","","","https://scholar.google.com/citations?view_op=view_citation&hl=en&user=HwwQpEEAAAAJ&cstart=100&pagesize=100&citation_for_view=HwwQpEEAAAAJ:uWQEDVKXjbEC",,,,,46,2.09,8,6,22,"","",""
46,"J Barbier, J Barrault, C Bouchoule, D Duprez, C Montassier, M Guisnet, ...","Heterogeneous catalysis and fine chemicals III",1993,"Elsevier","","","https://scholar.google.com/scholar?oi=bibs&hl=en&cites=1878856182144875857",120,"2023-03-01 19:43:10","","","","https://scholar.google.com/citations?view_op=view_citation&hl=en&user=HwwQpEEAAAAJ&cstart=100&pagesize=100&citation_for_view=HwwQpEEAAAAJ:4DMP91E08xMC",,,,,46,1.53,7,7,30,"","",""
45,"A Flura, F Can, X Courtois, S Royer, D Duprez","High-surface-area zinc aluminate supported silver catalysts for low-temperature SCR of NO with ethanol",2012,"Applied Catalysis B: Environmental","","","https://scholar.google.com/scholar?oi=bibs&hl=en&cites=8079771857724499863",121,"2023-03-01 19:43:10","Journal article","","","https://scholar.google.com/citations?view_op=view_citation&hl=en&user=HwwQpEEAAAAJ&cstart=100&pagesize=100&citation_for_view=HwwQpEEAAAAJ:dQ2og3OwTAUC",126,,275,289,45,4.09,9,5,11,"","",""
45,"T Maillet, J Barbier Jr, P Gelin, H Praliaud, D Duprez","Effects of pretreatments on the surface composition of alumina-supported Pd–Rh catalysts",2001,"Journal of Catalysis","","","https://scholar.google.com/scholar?oi=bibs&hl=en&cites=10088350823496289239",122,"2023-03-01 19:43:10","Journal article","","","https://scholar.google.com/citations?view_op=view_citation&hl=en&user=HwwQpEEAAAAJ&cstart=100&pagesize=100&citation_for_view=HwwQpEEAAAAJ:b1wdh0AR-JQC",202,2,367,378,45,2.05,9,5,22,"","",""
43,"M Badawi, L Vivier, D Duprez","Kinetic study of olefin hydrogenation on hydrotreating catalysts",2010,"Journal of Molecular Catalysis A: Chemical 320 (1-2)","","","https://scholar.google.com/scholar?oi=bibs&hl=en&cites=17738475700925118328",123,"2023-03-01 19:43:10","Journal article","","","https://scholar.google.com/citations?view_op=view_citation&hl=en&user=HwwQpEEAAAAJ&cstart=100&pagesize=100&citation_for_view=HwwQpEEAAAAJ:1DsIQWDZLl8C",,,34,39,43,3.31,14,3,13,"","",""
42,"E Joubert, X Courtois, P Marecot, C Canaff, D Duprez","The chemistry of DeNOx reactions over Pt/Al2O3: The oxime route to N2 or N2O",2006,"Journal of Catalysis","","","https://scholar.google.com/scholar?oi=bibs&hl=en&cites=12181426508913620566",124,"2023-03-01 19:43:10","Journal article","","","https://scholar.google.com/citations?view_op=view_citation&hl=en&user=HwwQpEEAAAAJ&cstart=100&pagesize=100&citation_for_view=HwwQpEEAAAAJ:IUKN3-7HHlwC",243,2,252,262,42,2.47,8,5,17,"","",""
38,"D Martin, D Duprez","The effects of support and of particle size on the redox properties of rhodium",1995,"Applied Catalysis A: General","","","https://scholar.google.com/scholar?oi=bibs&hl=en&cites=17541214213844545674",125,"2023-03-01 19:43:10","Journal article","","","https://scholar.google.com/citations?view_op=view_citation&hl=en&user=HwwQpEEAAAAJ&cstart=100&pagesize=100&citation_for_view=HwwQpEEAAAAJ:NDuN12AVoxsC",131,2,297,307,38,1.36,19,2,28,"","",""
37,"L Vilcocq, A Cabiac, C Especel, S Lacombe, D Duprez","Study of the stability of Pt/SiO2–Al2O3 catalysts in aqueous medium: Application for sorbitol transformation",2011,"Catalysis Communications","","","https://scholar.google.com/scholar?oi=bibs&hl=en&cites=8515306610943493008",126,"2023-03-01 19:43:10","Journal article","","","https://scholar.google.com/citations?view_op=view_citation&hl=en&user=HwwQpEEAAAAJ&cstart=100&pagesize=100&citation_for_view=HwwQpEEAAAAJ:7T2F9Uy0os0C",15,1,18,22,37,3.08,7,5,12,"","",""
37,"A Galdikas, C Descorme, D Duprez","Surface diffusion upon oxygen isotopic exchange on oxide-supported metal nanoclusters",2004,"Solid State Ionics 166 (1-2)","","","https://scholar.google.com/scholar?oi=bibs&hl=en&cites=10610906963628588713",127,"2023-03-01 19:43:10","Book chapter","","","https://scholar.google.com/citations?view_op=view_citation&hl=en&user=HwwQpEEAAAAJ&cstart=100&pagesize=100&citation_for_view=HwwQpEEAAAAJ:e_rmSamDkqQC",,,147,155,37,1.95,12,3,19,"","",""
36,"D Duprez, G Delahay, H Abderrahim, J Grimblot","Characterization of Rh/Al2O3 Catalysts by Gas Adsorption and X‐Ray Photoelectron Spectroscopy.",1987,"ChemInform 18 (3), no-no","","","https://scholar.google.com/scholar?oi=bibs&hl=en&cites=9924820051862795322",128,"2023-03-01 19:43:10","","","","https://scholar.google.com/citations?view_op=view_citation&hl=en&user=HwwQpEEAAAAJ&cstart=100&pagesize=100&citation_for_view=HwwQpEEAAAAJ:TIZ-Mc8IlK0C",,,,,36,1.00,9,4,36,"","",""
36,"D Duprez, J Barbier, ZF Hamida, M Bettahar","Characterization of copper-zinc catalysts by hydrogen thermodesorption. correlation with activity in methanol synthesis.",1984,"Applied catalysis","","","https://scholar.google.com/scholar?oi=bibs&hl=en&cites=15424704268608183838",129,"2023-03-01 19:43:10","Journal article","","","https://scholar.google.com/citations?view_op=view_citation&hl=en&user=HwwQpEEAAAAJ&cstart=100&pagesize=100&citation_for_view=HwwQpEEAAAAJ:LdasjJ6CEcoC",12,2,219,225,36,0.92,9,4,39,"","",""
36,"J Barrault, D Duprez, A Guilleminot, A Percheron-Guegan, JC Achard","Intermetallic compounds as heterogeneous catalysts",1983,"Applied Catalysis","","","https://scholar.google.com/scholar?oi=bibs&hl=en&cites=12397995535196552656",130,"2023-03-01 19:43:10","Journal article","","","https://scholar.google.com/citations?view_op=view_citation&hl=en&user=HwwQpEEAAAAJ&cstart=100&pagesize=100&citation_for_view=HwwQpEEAAAAJ:cWzG1nlazyYC",5,1,99,107,36,0.90,7,5,40,"","",""
35,"S Bedrane, C Descorme, D Duprez","16O/18O isotopic exchange: A powerful tool to investigate oxygen activation on M/CexZr1− xO2 catalysts",2005,"Applied Catalysis A: General","","","https://scholar.google.com/scholar?oi=bibs&hl=en&cites=18408010651070359846",131,"2023-03-01 19:43:10","Journal article","","","https://scholar.google.com/citations?view_op=view_citation&hl=en&user=HwwQpEEAAAAJ&cstart=100&pagesize=100&citation_for_view=HwwQpEEAAAAJ:WAzi4Gm8nLoC",289,1,90,96,35,1.94,12,3,18,"","",""
34,"D DUPREZ, C DESCORME","Oxygen storage/redox capacity and related phenomena on ceria-based catalysts",2002,"Catalysis by ceria and related materials","","","https://scholar.google.com/scholar?oi=bibs&hl=en&cites=17391636346186467151",132,"2023-03-01 19:43:10","Book chapter","","","https://scholar.google.com/citations?view_op=view_citation&hl=en&user=HwwQpEEAAAAJ&cstart=100&pagesize=100&citation_for_view=HwwQpEEAAAAJ:QyXJ3EUuO1IC",,,243,280,34,1.62,17,2,21,"","",""
34,"R Taha, D Martin, S Kacimi, D Duprez","Exchange and oxidation of C16O on 18O-predosed Rh Al2O3 and Rh CeO2 catalysts",1996,"Catalysis today 29 (1-4)","","","https://scholar.google.com/scholar?oi=bibs&hl=en&cites=16857934092235240512",133,"2023-03-01 19:43:10","Book chapter","","","https://scholar.google.com/citations?view_op=view_citation&hl=en&user=HwwQpEEAAAAJ&cstart=100&pagesize=100&citation_for_view=HwwQpEEAAAAJ:Ade32sEp0pkC",,,89,92,34,1.26,9,4,27,"","",""
33,"L Masdrag, X Courtois, F Can, D Duprez","Effect of reducing agent (C3H6, CO, H2) on the NOx conversion and selectivity during representative lean/rich cycles over monometallic platinum-based NSR catalysts. Influence …",2014,"Applied Catalysis B: Environmental","","","https://scholar.google.com/scholar?oi=bibs&hl=en&cites=12973458283033341740",134,"2023-03-01 19:43:10","Journal article","","","https://scholar.google.com/citations?view_op=view_citation&hl=en&user=HwwQpEEAAAAJ&cstart=100&pagesize=100&citation_for_view=HwwQpEEAAAAJ:a3BOlSfXSfwC",146,,12,23,33,3.67,8,4,9,"","",""
33,"A Baylet, P Marécot, D Duprez, X Jeandel, K Lombaert, JM Tatibouët","Synergetic effect of plasma/catalysis hybrid system for CH4 removal",2012,"Applied Catalysis B: Environmental","","","https://scholar.google.com/scholar?oi=bibs&hl=en&cites=3650528414437444911",135,"2023-03-01 19:43:10","Journal article","","","https://scholar.google.com/citations?view_op=view_citation&hl=en&user=HwwQpEEAAAAJ&cstart=100&pagesize=100&citation_for_view=HwwQpEEAAAAJ:NaGl4SEjCO4C",113,,31,36,33,3.00,6,6,11,"","",""
33,"M Bonne, S Pronier, Y Batonneau, F Can, X Courtois, S Royer, P Marécot, ...","Surface properties and thermal stability of SiO 2-crystalline TiO 2 nano-composites",2010,"Journal of Materials Chemistry","","","https://scholar.google.com/scholar?oi=bibs&hl=en&cites=13994761188129633800",136,"2023-03-01 19:43:10","Journal article","","","https://scholar.google.com/citations?view_op=view_citation&hl=en&user=HwwQpEEAAAAJ&cstart=100&pagesize=100&citation_for_view=HwwQpEEAAAAJ:Bg7qf7VwUHIC",20,41,9205,9214,33,2.54,4,8,13,"","",""
33,"G Blanchard, E Rohart, Y Lendresse, F Tronel, X Courtois, D Duprez, ...","Zirconium/Praseodymium Oxide NOx Traps and Prufication of Gases Containing Nitrogen Oxides (NOx) Therewith",2009,"US Patent App. 11/991,856","","","https://scholar.google.com/scholar?oi=bibs&hl=en&cites=13255390627709712196",137,"2023-03-01 19:43:10","Patent","","","https://scholar.google.com/citations?view_op=view_citation&hl=en&user=HwwQpEEAAAAJ&cstart=100&pagesize=100&citation_for_view=HwwQpEEAAAAJ:Ehil0879vHcC",,,,,33,2.36,5,7,14,"","",""
33,"EC Corbos, S Elbouazzaoui, X Courtois, N Bion, P Marecot, D Duprez","NOx storage capacity, SO2 resistance and regeneration of Pt/(Ba)/CeZr model catalysts for NOx-trap system.",2007,"Topics in Catalysis 42 (1-4)","","","https://scholar.google.com/scholar?oi=bibs&hl=en&cites=1826556132143287194",138,"2023-03-01 19:43:10","Book chapter","","","https://scholar.google.com/citations?view_op=view_citation&hl=en&user=HwwQpEEAAAAJ&cstart=100&pagesize=100&citation_for_view=HwwQpEEAAAAJ:aqlVkmm33-oC",,,9,13,33,2.06,6,6,16,"","",""
33,"A Galdikas, D Duprez, C Descorme","A novel dynamic kinetic model of oxygen isotopic exchange on a supported metal catalyst",2004,"Applied surface science 236 (1-4)","","","https://scholar.google.com/scholar?oi=bibs&hl=en&cites=7616247817524190413",139,"2023-03-01 19:43:10","Book chapter","","","https://scholar.google.com/citations?view_op=view_citation&hl=en&user=HwwQpEEAAAAJ&cstart=100&pagesize=100&citation_for_view=HwwQpEEAAAAJ:WqliGbK-hY8C",,,342,355,33,1.74,11,3,19,"","",""
33,"Z Ferhat-Hamida, J Barbier Jr, S Labruquere, D Duprez","The chemical state of palladium in alkene and acetylene oxidation: A study by XRD, electron microscopy and TD-DTG analysis",2001,"Applied Catalysis B: Environmental","","","https://scholar.google.com/scholar?oi=bibs&hl=en&cites=8883174107137133718",140,"2023-03-01 19:43:10","Journal article","","","https://scholar.google.com/citations?view_op=view_citation&hl=en&user=HwwQpEEAAAAJ&cstart=100&pagesize=100&citation_for_view=HwwQpEEAAAAJ:j8SEvjWlNXcC",29,3,195,205,33,1.50,8,4,22,"","",""
33,"C Gaudin, D Duprez, G Mabilon, M Prigent","Effect of Pretreatments in Various Atmospheres on the Transient DeNOxActivity of a Cu-MFI Catalyst",1996,"Journal of Catalysis","","","https://scholar.google.com/scholar?oi=bibs&hl=en&cites=17339725879152946649",141,"2023-03-01 19:43:10","Journal article","","","https://scholar.google.com/citations?view_op=view_citation&hl=en&user=HwwQpEEAAAAJ&cstart=100&pagesize=100&citation_for_view=HwwQpEEAAAAJ:HGTzPopzzJcC",160,1,10,18,33,1.22,8,4,27,"","",""
32,"D Teschner, Z Paál, D Duprez","The effects of hydrogen pressure and temperature on the methylcyclopentane conversion on Rh catalysts",2001,"Catalysis today 65 (2-4)","","","https://scholar.google.com/scholar?oi=bibs&hl=en&cites=12010883910407772084",142,"2023-03-01 19:43:10","Book chapter","","","https://scholar.google.com/citations?view_op=view_citation&hl=en&user=HwwQpEEAAAAJ&cstart=100&pagesize=100&citation_for_view=HwwQpEEAAAAJ:IRz6iEL74y4C",,,185,190,32,1.45,11,3,22,"","",""
31,"J Barrault, D Duprez, A Percheron-Guegan, JC Achard","Intermetallic compounds as catalysts for reactions of heterogeneous catalysis",1983,"Journal of the Less Common Metals","","","https://scholar.google.com/scholar?oi=bibs&hl=en&cites=11552752583288700881",143,"2023-03-01 19:43:10","Journal article","","","https://scholar.google.com/citations?view_op=view_citation&hl=en&user=HwwQpEEAAAAJ&cstart=100&pagesize=100&citation_for_view=HwwQpEEAAAAJ:_FM0Bhl9EiAC",89,2,537,543,31,0.78,8,4,40,"","",""
30,"W El-Nadjar, M Bonne, E Trela, L Rouleau, A Mino, S Hocine, E Payen, ...","Infrared investigation on surface properties of alumina obtained using recent templating routes",2012,"Microporous and mesoporous materials","","","https://scholar.google.com/scholar?oi=bibs&hl=en&cites=17627540856873719093",144,"2023-03-01 19:43:10","Journal article","","","https://scholar.google.com/citations?view_op=view_citation&hl=en&user=HwwQpEEAAAAJ&cstart=100&pagesize=100&citation_for_view=HwwQpEEAAAAJ:RoXSNcbkSzsC",158,,88,98,30,2.73,4,8,11,"","",""
30,"M Bonne, S Pronier, F Can, X Courtois, S Valange, JM Tatibouët, S Royer, ...","Synthesis and characterization of high surface area TiO2/SiO2 mesostructured nanocomposite",2010,"Solid state sciences","","","https://scholar.google.com/scholar?oi=bibs&hl=en&cites=1460766666669225445",145,"2023-03-01 19:43:10","Journal article","","","https://scholar.google.com/citations?view_op=view_citation&hl=en&user=HwwQpEEAAAAJ&cstart=100&pagesize=100&citation_for_view=HwwQpEEAAAAJ:KlAtU1dfN6UC",12,6,1002,1012,30,2.31,4,8,13,"","",""
30,"A Baylet, S Royer, C Labrugère, H Valencia, P Marecot, JM Tatibouët, ...","Effect of palladium on the reducibility of Mn based materials: correlation with methane oxidation activity",2008,"Physical Chemistry Chemical Physics","","","https://scholar.google.com/scholar?oi=bibs&hl=en&cites=1396517235648201597",146,"2023-03-01 19:43:10","Journal article","","","https://scholar.google.com/citations?view_op=view_citation&hl=en&user=HwwQpEEAAAAJ&cstart=100&pagesize=100&citation_for_view=HwwQpEEAAAAJ:kNdYIx-mwKoC",10,39,5983,5992,30,2.00,4,7,15,"","",""
30,"S Elbouazzaoui, X Courtois, P Marecot, D Duprez","Characterisation by TPR, XRD and NO x storage capacity measurements of the ageing by thermal treatment and SO 2 poisoning of a Pt/Ba/Al NO x-trap model catalyst",2004,"Topics in catalysis","","","https://scholar.google.com/scholar?oi=bibs&hl=en&cites=14862853552065916823",147,"2023-03-01 19:43:10","Journal article","","","https://scholar.google.com/citations?view_op=view_citation&hl=en&user=HwwQpEEAAAAJ&cstart=100&pagesize=100&citation_for_view=HwwQpEEAAAAJ:buQ7SEKw-1sC",30,,493,496,30,1.58,8,4,19,"","",""
29,"ML Tarot, EE Iojoiu, V Lauga, D Duprez, X Courtois, F Can","Influence of Na, P and (Na+ P) poisoning on a model copper-ferrierite NH3-SCR catalyst",2019,"Applied Catalysis B: Environmental","","","https://scholar.google.com/scholar?oi=bibs&hl=en&cites=11006417606308746770",148,"2023-03-01 19:43:10","Journal article","","","https://scholar.google.com/citations?view_op=view_citation&hl=en&user=HwwQpEEAAAAJ&cstart=100&pagesize=100&citation_for_view=HwwQpEEAAAAJ:0aBXIfxlw9sC",250,,355,368,29,7.25,5,6,4,"","",""
29,"E Joubert, X Courtois, P Marecot, D Duprez","NO reduction by hydrocarbons and oxygenated compounds in O2 excess over a Pt/Al2O3 catalyst: A comparative study of the efficiency of different reducers (hydrocarbons and …",2006,"Applied Catalysis B: Environmental 64 (1-2)","","","https://scholar.google.com/scholar?oi=bibs&hl=en&cites=3969704489629942253",149,"2023-03-01 19:43:10","Book chapter","","","https://scholar.google.com/citations?view_op=view_citation&hl=en&user=HwwQpEEAAAAJ&cstart=100&pagesize=100&citation_for_view=HwwQpEEAAAAJ:rO6llkc54NcC",,,103,110,29,1.71,7,4,17,"","",""
29,"S Kacimi, D Duprez","Characterization of Bimetallic Surfaces by 18O/16O Isotopic Exchange. Application to the Study of the Sintering of PtRh/Al2O3 Catalysts.",1991,"Studies in Surface Science and Catalysis","","","https://scholar.google.com/scholar?oi=bibs&hl=en&cites=17269326307478505374",150,"2023-03-01 19:43:10","Journal article","","","https://scholar.google.com/citations?view_op=view_citation&hl=en&user=HwwQpEEAAAAJ&cstart=100&pagesize=100&citation_for_view=HwwQpEEAAAAJ:KaMxkj08jr0C",71,,581,592,29,0.91,15,2,32,"","",""
28,"F Can, X Courtois, D Duprez","Tungsten-based catalysts for environmental applications",2021,"Catalysts","","","https://scholar.google.com/scholar?oi=bibs&hl=en&cites=17261044198270307078",151,"2023-03-01 19:43:10","Journal article","","","https://scholar.google.com/citations?view_op=view_citation&hl=en&user=HwwQpEEAAAAJ&cstart=100&pagesize=100&citation_for_view=HwwQpEEAAAAJ:hNSvKAmkeYkC",11,6,703,703,28,14.00,9,3,2,"","",""
28,"C Fernandez, N Bion, EM Gaigneaux, D Duprez, P Ruiz","Kinetics of hydrogen adsorption and mobility on Ru nanoparticles supported on alumina: Effects on the catalytic mechanism of ammonia synthesis",2016,"Journal of Catalysis","","","https://scholar.google.com/scholar?oi=bibs&hl=en&cites=7492975746540712859",152,"2023-03-01 19:43:10","Journal article","","","https://scholar.google.com/citations?view_op=view_citation&hl=en&user=HwwQpEEAAAAJ&cstart=100&pagesize=100&citation_for_view=HwwQpEEAAAAJ:9vf0nzSNQJEC",344,,16,28,28,4.00,6,5,7,"","",""
28,"NK Gamboa-Rosales, JL Ayastuy, Z Boukha, N Bion, D Duprez, ...","Ceria-supported Au–CuO and Au–Co3O4 catalysts for CO oxidation: An 18O/16O isotopic exchange study",2015,"Applied Catalysis B: Environmental","","","https://scholar.google.com/scholar?oi=bibs&hl=en&cites=8289094543518805370",153,"2023-03-01 19:43:10","Journal article","","","https://scholar.google.com/citations?view_op=view_citation&hl=en&user=HwwQpEEAAAAJ&cstart=100&pagesize=100&citation_for_view=HwwQpEEAAAAJ:W5xh706n7nkC",168,,87,97,28,3.50,5,6,8,"","",""
28,"S Laassiri, N Bion, D Duprez, S Royer, H Alamdari","Clear microstructure–performance relationships in Mn-containing perovskite and hexaaluminate compounds prepared by activated reactive synthesis",2014,"Physical Chemistry Chemical Physics","","","https://scholar.google.com/scholar?oi=bibs&hl=en&cites=9130766220624645210",154,"2023-03-01 19:43:10","Journal article","","","https://scholar.google.com/citations?view_op=view_citation&hl=en&user=HwwQpEEAAAAJ&cstart=100&pagesize=100&citation_for_view=HwwQpEEAAAAJ:EkHepimYqZsC",16,9,4050,4060,28,3.11,6,5,9,"","",""
28,"L Oliviero, H Wahyu, J Barbier Jr, D Duprez, JW Ponton, IS Metcalfe, ...","Experimental and predictive approach for determining wet air oxidation reaction pathways in synthetic wastewaters",2003,"Chemical Engineering Research and Design","","","https://scholar.google.com/scholar?oi=bibs&hl=en&cites=8561954572228229722",155,"2023-03-01 19:43:10","Journal article","","","https://scholar.google.com/citations?view_op=view_citation&hl=en&user=HwwQpEEAAAAJ&cstart=100&pagesize=100&citation_for_view=HwwQpEEAAAAJ:ZfRJV9d4-WMC",81,3,384,392,28,1.40,4,7,20,"","",""
28,"D Teschner, D Duprez, Z Paál","Reactivity of the hydrocarbon C–C bonds as a function of the reaction conditions in the conversion of C6 alkanes and methylcyclopentane over Rh catalysts",2002,"Journal of Molecular Catalysis A: Chemical 179 (1-2)","","","https://scholar.google.com/scholar?oi=bibs&hl=en&cites=7431741439705424092",156,"2023-03-01 19:43:10","Journal article","","","https://scholar.google.com/citations?view_op=view_citation&hl=en&user=HwwQpEEAAAAJ&cstart=100&pagesize=100&citation_for_view=HwwQpEEAAAAJ:JoZmwDi-zQgC",,,201,212,28,1.33,9,3,21,"","",""
27,"EC Corbos, X Courtois, F Can, P Marécot, D Duprez","NOx storage properties of Pt/Ba/Al model catalysts prepared by different methods: Beneficial effects of a N2 pre-treatment before hydrothermal aging",2008,"Applied Catalysis B: Environmental 84 (3-4)","","","https://scholar.google.com/scholar?oi=bibs&hl=en&cites=16521232044261968419",157,"2023-03-01 19:43:10","Book chapter","","","https://scholar.google.com/citations?view_op=view_citation&hl=en&user=HwwQpEEAAAAJ&cstart=100&pagesize=100&citation_for_view=HwwQpEEAAAAJ:XUvXOeBm_78C",,,514,523,27,1.80,5,5,15,"","",""
27,"S Royer, C Ayrault, C Carnevillier, F Epron, P Marecot, D Duprez","Enthalpy recovery of gases issued from H2 production processes: Activity and stability of oxide and noble metal catalysts in oxidation reaction under highly severe conditions",2006,"Catalysis today","","","https://scholar.google.com/scholar?oi=bibs&hl=en&cites=4090688679118055535",158,"2023-03-01 19:43:10","Journal article","","","https://scholar.google.com/citations?view_op=view_citation&hl=en&user=HwwQpEEAAAAJ&cstart=100&pagesize=100&citation_for_view=HwwQpEEAAAAJ:fPk4N6BV_jEC",117,4,543,548,27,1.59,5,6,17,"","",""
27,"C Descorme, Y Madier, D Duprez, T Birchem","Surface mobility of oxygen species on mixed-oxides supported metals",2000,"Studies in surface science and catalysis","","","https://scholar.google.com/scholar?oi=bibs&hl=en&cites=11748902933345541451",159,"2023-03-01 19:43:10","Journal article","","","https://scholar.google.com/citations?view_op=view_citation&hl=en&user=HwwQpEEAAAAJ&cstart=100&pagesize=100&citation_for_view=HwwQpEEAAAAJ:0izLItjtcgwC",130,,347,352,27,1.17,7,4,23,"","",""
27,"D Duprez, K Fadili, J Barbier","Regeneration of nickel catalysts deactivated by filamentous carbon",1997,"Industrial &engineering chemistry research","","","https://scholar.google.com/scholar?oi=bibs&hl=en&cites=5635765698965407383",160,"2023-03-01 19:43:10","Journal article","","","https://scholar.google.com/citations?view_op=view_citation&hl=en&user=HwwQpEEAAAAJ&cstart=100&pagesize=100&citation_for_view=HwwQpEEAAAAJ:l7t_Zn2s7bgC",36,8,3180,3187,27,1.04,9,3,26,"","",""
26,"L Masdrag, X Courtois, F Can, S Royer, E Rohart, G Blanchard, P Marecot, ...","Understanding the role of C3H6, CO and H2 on efficiency and selectivity of NOx storage reduction (NSR) process",2012,"Catalysis today","","","https://scholar.google.com/scholar?oi=bibs&hl=en&cites=9353301268089880267",161,"2023-03-01 19:43:10","Journal article","","","https://scholar.google.com/citations?view_op=view_citation&hl=en&user=HwwQpEEAAAAJ&cstart=100&pagesize=100&citation_for_view=HwwQpEEAAAAJ:BwyfMAYsbu0C",189,1,70,76,26,2.36,3,8,11,"","",""
26,"S Keav, J Barbier, D Duprez","Deactivation and regeneration of wet air oxidation catalysts",2011,"Catalysis Science &Technology","","","https://scholar.google.com/scholar?oi=bibs&hl=en&cites=2612702643131354618",162,"2023-03-01 19:43:10","Journal article","","","https://scholar.google.com/citations?view_op=view_citation&hl=en&user=HwwQpEEAAAAJ&cstart=100&pagesize=100&citation_for_view=HwwQpEEAAAAJ:RHpTSmoSYBkC",1,3,342,353,26,2.17,9,3,12,"","",""
26,"I Salem, X Courtois, EC Corbos, P Marecot, D Duprez","NO conversion in presence of O2, H2O and SO2: improvement of a Pt/Al2O3 catalyst by Zr and Sn, and influence of the reducer C3H6 or C3H8",2008,"Catalysis communications","","","https://scholar.google.com/scholar?oi=bibs&hl=en&cites=12469303013617583080",163,"2023-03-01 19:43:10","Journal article","","","https://scholar.google.com/citations?view_op=view_citation&hl=en&user=HwwQpEEAAAAJ&cstart=100&pagesize=100&citation_for_view=HwwQpEEAAAAJ:DJbcl8HfkQkC",9,5,664,669,26,1.73,5,5,15,"","",""
26,"F Aupretre, C Descorme, D Duprez","Le vaporeformage catalytique: Application a la production embarquee d'hydrogene a partir d'hydrocarbures ou d'alcools",2001,"Annales de Chimie Science des Matériaux","","","https://scholar.google.com/scholar?oi=bibs&hl=en&cites=13995274644624674060",164,"2023-03-01 19:43:10","Journal article","","","https://scholar.google.com/citations?view_op=view_citation&hl=en&user=HwwQpEEAAAAJ&cstart=100&pagesize=100&citation_for_view=HwwQpEEAAAAJ:Ak0FvsSvgGUC",26,4,93,106,26,1.18,9,3,22,"","",""
25,"M Richard, F Can, D Duprez, S Gil, A Giroir‐Fendler, N Bion","Remarkable Enhancement of O2 Activation on Yttrium‐Stabilized Zirconia Surface in a Dual Catalyst Bed",2014,"Angewandte Chemie International Edition","","","https://scholar.google.com/scholar?oi=bibs&hl=en&cites=18312782589317302347",165,"2023-03-01 19:43:10","Journal article","","","https://scholar.google.com/citations?view_op=view_citation&hl=en&user=HwwQpEEAAAAJ&cstart=100&pagesize=100&citation_for_view=HwwQpEEAAAAJ:YsrPvlHIBpEC",53,42,11342,11345,25,2.78,4,6,9,"","",""
25,"W Yang, R Zhang, B Chen, N Bion, D Duprez, L Hou, H Zhang, S Royer","Design of nanocrystalline mixed oxides with improved oxygen mobility: a simple non-aqueous route to nano-LaFeO 3 and the consequences on the catalytic oxidation performances",2013,"Chemical Communications","","","https://scholar.google.com/scholar?oi=bibs&hl=en&cites=16809659934021634359",166,"2023-03-01 19:43:10","Journal article","","","https://scholar.google.com/citations?view_op=view_citation&hl=en&user=HwwQpEEAAAAJ&cstart=100&pagesize=100&citation_for_view=HwwQpEEAAAAJ:CdxZDUztZiMC",49,43,4923,4925,25,2.50,3,8,10,"","",""
25,"N Le Phuc, X Courtois, F Can, S Berland, S Royer, P Marecot, D Duprez","A study of the ammonia selectivity on Pt/BaO/Al2O3 model catalyst during the NOx storage and reduction process",2011,"Catalysis today","","","https://scholar.google.com/scholar?oi=bibs&hl=en&cites=9086301525075786789",167,"2023-03-01 19:43:10","Journal article","","","https://scholar.google.com/citations?view_op=view_citation&hl=en&user=HwwQpEEAAAAJ&cstart=100&pagesize=100&citation_for_view=HwwQpEEAAAAJ:yB1At4FlUx8C",176,1,424,428,25,2.08,4,7,12,"","",""
25,"A Wootsch, C Descorme, S Rousselet, D Duprez, C Templier","Carbon monoxide oxidation over well-defined Pt/ZrO2 model catalysts: Bridging the material gap",2006,"Applied Surface Science","","","https://scholar.google.com/scholar?oi=bibs&hl=en&cites=8522364100160997215",168,"2023-03-01 19:43:10","Journal article","","","https://scholar.google.com/citations?view_op=view_citation&hl=en&user=HwwQpEEAAAAJ&cstart=100&pagesize=100&citation_for_view=HwwQpEEAAAAJ:tKAzc9rXhukC",253,3,1310,1322,25,1.47,5,5,17,"","",""
25,"J Barbier Jr, F Marsollier, D Duprez","Reduction of nitrates by dihydrogen in CeO2 and Rh/CeO2 catalysts",1992,"Applied Catalysis A: General","","","https://scholar.google.com/scholar?oi=bibs&hl=en&cites=814534200303686974",169,"2023-03-01 19:43:10","Journal article","","","https://scholar.google.com/citations?view_op=view_citation&hl=en&user=HwwQpEEAAAAJ&cstart=100&pagesize=100&citation_for_view=HwwQpEEAAAAJ:Se3iqnhoufwC",90,1,11,23,25,0.81,8,3,31,"","",""
24,"S Ojala, N Bion, S Rijo Gomes, RL Keiski, D Duprez","Isotopic Oxygen Exchange over Pd/Al2O3 Catalyst: Study on C18O2 and 18O2 Exchange",2010,"ChemCatChem","","","https://scholar.google.com/scholar?oi=bibs&hl=en&cites=2741123439009625099",170,"2023-03-01 19:43:10","Journal article","","","https://scholar.google.com/citations?view_op=view_citation&hl=en&user=HwwQpEEAAAAJ&cstart=100&pagesize=100&citation_for_view=HwwQpEEAAAAJ:j3f4tGmQtD8C",2,5,527,533,24,1.85,5,5,13,"","",""
23,"L Vilcocq, A Cabiac, C Especel, S Lacombe, D Duprez","Hydrocarbon fuel synthesis from sorbitol over bifunctional catalysts: Association of tungstated titania with platinum, palladium or iridium",2015,"Catalysis Today","","","https://scholar.google.com/scholar?oi=bibs&hl=en&cites=15383389011548552813",171,"2023-03-01 19:43:10","Journal article","","","https://scholar.google.com/citations?view_op=view_citation&hl=en&user=HwwQpEEAAAAJ&cstart=100&pagesize=100&citation_for_view=HwwQpEEAAAAJ:kVjdVfd2voEC",242,,91,100,23,2.88,5,5,8,"","",""
23,"JP Dacquin, D Sellam, C Batiot‐Dupeyrat, A Tougerti, D Duprez, S Royer","Efficient and robust reforming catalyst in severe reaction conditions by nanoprecursor reduction in confined space",2014,"ChemSusChem","","","https://scholar.google.com/scholar?oi=bibs&hl=en&cites=8728819076612940552",172,"2023-03-01 19:43:10","Journal article","","","https://scholar.google.com/citations?view_op=view_citation&hl=en&user=HwwQpEEAAAAJ&cstart=100&pagesize=100&citation_for_view=HwwQpEEAAAAJ:tzM49s52ZIMC",7,2,631,637,23,2.56,4,6,9,"","",""
23,"S Laassiri, N Bion, D Duprez, H Alamdari, S Royer","Role of M n+ cations in the redox and oxygen transfer properties of BaM x Al 12− x O 19− δ (M= Mn, Fe, Co) nanomaterials for high temperature methane oxidation",2013,"Catalysis Science &Technology","","","https://scholar.google.com/scholar?oi=bibs&hl=en&cites=15223792312020389302",173,"2023-03-01 19:43:10","Journal article","","","https://scholar.google.com/citations?view_op=view_citation&hl=en&user=HwwQpEEAAAAJ&cstart=100&pagesize=100&citation_for_view=HwwQpEEAAAAJ:43bX7VzcjpAC",3,9,2259,2269,23,2.30,5,5,10,"","",""
23,"PN Lê, EC Corbos, X Courtois, F Can, S Royer, P Marecot, D Duprez","Influence of Mn and Fe Addition on the NO x  Storage–Reduction Properties and SO2 Poisoning of a Pt/Ba/Al2O3 Model Catalyst",2009,"Topics in Catalysis","","","https://scholar.google.com/scholar?oi=bibs&hl=en&cites=16047699611299917718",174,"2023-03-01 19:43:10","Journal article","","","https://scholar.google.com/citations?view_op=view_citation&hl=en&user=HwwQpEEAAAAJ&cstart=100&pagesize=100&citation_for_view=HwwQpEEAAAAJ:wKETBy42zhYC",52,,1771,1775,23,1.64,3,7,14,"","",""
23,"L Courthéoux, R Eloirdi, S Rossignol, C Kappenstein, D Duprez","Catalytic decomposition of HAN-water binary mixtures",2002,"38th AIAA/ASME/SAE/ASEE Joint propulsion conference &exhibit, AIAA","","","https://scholar.google.com/scholar?oi=bibs&hl=en&cites=4620837914748822898",175,"2023-03-01 19:43:10","Conference paper","","","https://scholar.google.com/citations?view_op=view_citation&hl=en&user=HwwQpEEAAAAJ&cstart=100&pagesize=100&citation_for_view=HwwQpEEAAAAJ:bFI3QPDXJZMC",,,2002,4027,23,1.10,5,5,21,"","",""
23,"R Taha, D Duprez, N Mouaddib-Moral, C Gauthier","Oxygen Storage Capacity of three-way catalysts: a global test for catalyst deactivation.",1998,"Studies in surface science and catalysis","","","https://scholar.google.com/scholar?oi=bibs&hl=en&cites=17180233075589650510",176,"2023-03-01 19:43:10","Journal article","","","https://scholar.google.com/citations?view_op=view_citation&hl=en&user=HwwQpEEAAAAJ&cstart=100&pagesize=100&citation_for_view=HwwQpEEAAAAJ:6_hjMsCP8ZoC",116,,549,558,23,0.92,6,4,25,"","",""
23,"F Sadi, D Duprez, F Gérard, S Rossignol, A Miloudi","Morphological and structural changes in reducing and steam atmospheres of SiO2-supported Rh catalysts",1997,"Catalysis letters","","","https://scholar.google.com/scholar?oi=bibs&hl=en&cites=17800145327355747773",177,"2023-03-01 19:43:10","Journal article","","","https://scholar.google.com/citations?view_op=view_citation&hl=en&user=HwwQpEEAAAAJ&cstart=100&pagesize=100&citation_for_view=HwwQpEEAAAAJ:VN7nJs4JPk0C",44,,221,228,23,0.88,5,5,26,"","",""
22,"T Maillet, Y Madier, R Taha, J Barbier Jr, D Duprez","Spillover of oxygen species in the steam reforming of propane on ceria-containing catalysts",1997,"Studies in Surface Science and Catalysis","","","https://scholar.google.com/scholar?oi=bibs&hl=en&cites=17311412694525735161",178,"2023-03-01 19:43:10","Journal article","","","https://scholar.google.com/citations?view_op=view_citation&hl=en&user=HwwQpEEAAAAJ&cstart=100&pagesize=100&citation_for_view=HwwQpEEAAAAJ:Dem6FJhTUoYC",112,,267,275,22,0.85,4,5,26,"","",""
22,"D Martin, P Kaur, D Duprez, E Gaigneaux, P Ruiz, B Delmon","Impact of surface mobility in selective oxidation. Isotopic exchange of 18O2 with 16O2 on various oxides: MoO3, SnO2 and Sb2O4. Effect of a reducer gas",1996,"Catalysis today 32 (1-4)","","","https://scholar.google.com/scholar?oi=bibs&hl=en&cites=14178810590658257252",179,"2023-03-01 19:43:10","Book chapter","","","https://scholar.google.com/citations?view_op=view_citation&hl=en&user=HwwQpEEAAAAJ&cstart=100&pagesize=100&citation_for_view=HwwQpEEAAAAJ:AHdEip9mkN0C",,,329,336,22,0.81,4,6,27,"","",""
22,"D Duprez, J Barrault, C Geron","Effect of partial reduction on the formation of oxygenated compounds in the hydrogenation of carbon monoxide on rhodium/alumina",1988,"Applied catalysis","","","https://scholar.google.com/scholar?oi=bibs&hl=en&cites=14861596905608357863",180,"2023-03-01 19:43:10","Journal article","","","https://scholar.google.com/citations?view_op=view_citation&hl=en&user=HwwQpEEAAAAJ&cstart=100&pagesize=100&citation_for_view=HwwQpEEAAAAJ:wMgC3FpKEyYC",37,,105,114,22,0.63,7,3,35,"","",""
22,"H Abderrahim, D Duprez","Surface Diffusion of Oxygen in Rh/Al2O3 and Pt/Al2O3 Catalysts.",1987,"Studies in Surface Science and Catalysis","","","https://scholar.google.com/scholar?oi=bibs&hl=en&cites=3859096531202410300",181,"2023-03-01 19:43:10","Journal article","","","https://scholar.google.com/citations?view_op=view_citation&hl=en&user=HwwQpEEAAAAJ&cstart=100&pagesize=100&citation_for_view=HwwQpEEAAAAJ:70eg2SAEIzsC",30,,359,368,22,0.61,11,2,36,"","",""
21,"M Bonne, P Samoila, T Ekou, C Especel, F Epron, P Marécot, S Royer, ...","Control of titania nanodomain size as a route to modulate SMSI effect in Pt/TiO2 catalysts",2010,"Catalysis Communications","","","https://scholar.google.com/scholar?oi=bibs&hl=en&cites=14377178551391624747",182,"2023-03-01 19:43:10","Journal article","","","https://scholar.google.com/citations?view_op=view_citation&hl=en&user=HwwQpEEAAAAJ&cstart=100&pagesize=100&citation_for_view=HwwQpEEAAAAJ:6yz0xqPARnAC",12,2,86,91,21,1.62,3,8,13,"","",""
21,"D Martin, D Duprez","Surface migration of oxygen and of hydrogen in supported metal catalysts",1993,"Studies in Surface Science and Catalysis","","","https://scholar.google.com/scholar?oi=bibs&hl=en&cites=12881949479780634249",183,"2023-03-01 19:43:10","Journal article","","","https://scholar.google.com/citations?view_op=view_citation&hl=en&user=HwwQpEEAAAAJ&cstart=100&pagesize=100&citation_for_view=HwwQpEEAAAAJ:yMeIxYmEMEAC",77,,201,206,21,0.70,11,2,30,"","",""
21,"G Delahay, D Duprez","Effects of dispersion and partial reduction on the catalytic properties of RhAl2O3 catalysts in the steam reforming of mono-and bicyclic aromatics",1989,"Journal of Catalysis","","","https://scholar.google.com/scholar?oi=bibs&hl=en&cites=15077758008395238999",184,"2023-03-01 19:43:10","Journal article","","","https://scholar.google.com/citations?view_op=view_citation&hl=en&user=HwwQpEEAAAAJ&cstart=100&pagesize=100&citation_for_view=HwwQpEEAAAAJ:1lhNe0rCu4AC",115,2,542,550,21,0.62,11,2,34,"","",""
20,"C Fernández, C Pezzotta, EM Gaigneaux, N Bion, D Duprez, P Ruiz","Disclosing the synergistic mechanism in the catalytic activity of different-sized Ru nanoparticles for ammonia synthesis at mild reaction conditions",2015,"Catalysis Today","","","https://scholar.google.com/scholar?oi=bibs&hl=en&cites=16078844986530063174",185,"2023-03-01 19:43:10","Journal article","","","https://scholar.google.com/citations?view_op=view_citation&hl=en&user=HwwQpEEAAAAJ&cstart=100&pagesize=100&citation_for_view=HwwQpEEAAAAJ:PYBJJbyH-FwC",251,,88,95,20,2.50,3,6,8,"","",""
20,"L Vilcocq, A Cabiac, C Especel, S Lacombe, D Duprez","Sorbitol transformation in aqueous medium: Influence of metal/acid balance on reaction selectivity",2012,"Catalysis today","","","https://scholar.google.com/scholar?oi=bibs&hl=en&cites=13307813196363790739",186,"2023-03-01 19:43:10","Journal article","","","https://scholar.google.com/citations?view_op=view_citation&hl=en&user=HwwQpEEAAAAJ&cstart=100&pagesize=100&citation_for_view=HwwQpEEAAAAJ:8xutWZnSdmoC",189,1,117,122,20,1.82,4,5,11,"","",""
20,"S Bedrane, C Descorme, D Duprez","An optimized route for the preparation of well dispersed supported ruthenium catalysts",2002,"Journal of Materials Chemistry","","","https://scholar.google.com/scholar?oi=bibs&hl=en&cites=9529252012770314075",187,"2023-03-01 19:43:10","Journal article","","","https://scholar.google.com/citations?view_op=view_citation&hl=en&user=HwwQpEEAAAAJ&cstart=100&pagesize=100&citation_for_view=HwwQpEEAAAAJ:ILKRHgRFtOwC",12,5,1563,1567,20,0.95,7,3,21,"","",""
20,"D Duprez, M Grand","Catalysts for water dealkylation of aromatic hydrocarbons",1980,"US Patent 4,233,186","","","https://scholar.google.com/scholar?oi=bibs&hl=en&cites=6768368376690579778",188,"2023-03-01 19:43:10","Patent","","","https://scholar.google.com/citations?view_op=view_citation&hl=en&user=HwwQpEEAAAAJ&cstart=100&pagesize=100&citation_for_view=HwwQpEEAAAAJ:5ugPr518TE4C",,,,,20,0.47,10,2,43,"","",""
19,"E Iojoiu, V Lauga, J Abboud, G Legros, J Bonnety, P Da Costa, ...","Biofuel impact on diesel engine after-treatment: deactivation mechanisms and soot reactivity",2018,"Emission Control Science and Technology","","","https://scholar.google.com/scholar?oi=bibs&hl=en&cites=12415793817354104231",189,"2023-03-01 19:43:10","Journal article","","","https://scholar.google.com/citations?view_op=view_citation&hl=en&user=HwwQpEEAAAAJ&cstart=100&pagesize=100&citation_for_view=HwwQpEEAAAAJ:XoXfffV-tXoC",4,,15,32,19,3.80,3,7,5,"","",""
19,"F Can, X Courtois, S Berland, M Seneque, S Royer, D Duprez","Composition dependent performance of alumina-based oxide supported WO3 catalysts for the NH3-SCR reaction and the NSR+ SCR coupled process",2015,"Catalysis Today","","","https://scholar.google.com/scholar?oi=bibs&hl=en&cites=10862264198948599175",190,"2023-03-01 19:43:10","Journal article","","","https://scholar.google.com/citations?view_op=view_citation&hl=en&user=HwwQpEEAAAAJ&cstart=100&pagesize=100&citation_for_view=HwwQpEEAAAAJ:0N-VGjzr574C",257,,41,50,19,2.38,3,6,8,"","",""
19,"M Bidaoui, C Especel, N Bouchenafa-Saib, D Duprez, O Mohammedi, ...","Citral hydrogenation on high surface area mesoporous TiO2–SiO2 supported Pt nanocomposites: Effect of titanium loading and reduction temperature on the catalytic performances",2012,"Applied Catalysis A: General","","","https://scholar.google.com/scholar?oi=bibs&hl=en&cites=5465829152774369011",191,"2023-03-01 19:43:10","Journal article","","","https://scholar.google.com/citations?view_op=view_citation&hl=en&user=HwwQpEEAAAAJ&cstart=100&pagesize=100&citation_for_view=HwwQpEEAAAAJ:OU6Ihb5iCvQC",445,,14,25,19,1.73,3,6,11,"","",""
19,"S Laassiri, D Duprez, S Royer, H Alamdari","Solvent free synthesis of nanocrystalline hexaaluminate-type mixed oxides with high specific surface areas for CO oxidation reaction",2011,"Catalysis Science &Technology","","","https://scholar.google.com/scholar?oi=bibs&hl=en&cites=4604719907524567557",192,"2023-03-01 19:43:10","Journal article","","","https://scholar.google.com/citations?view_op=view_citation&hl=en&user=HwwQpEEAAAAJ&cstart=100&pagesize=100&citation_for_view=HwwQpEEAAAAJ:f2IySw72cVMC",1,7,1124,1127,19,1.58,5,4,12,"","",""
19,"A Galdikas, C Descorme, D Duprez, F Dong, H Shinjoh","Study of the oxygen diffusion on three-way catalysts: a kinetic model",2004,"Topics in catalysis","","","https://scholar.google.com/scholar?oi=bibs&hl=en&cites=6119975606593513940",193,"2023-03-01 19:43:10","Journal article","","","https://scholar.google.com/citations?view_op=view_citation&hl=en&user=HwwQpEEAAAAJ&cstart=100&pagesize=100&citation_for_view=HwwQpEEAAAAJ:8AbLer7MMksC",30,,405,409,19,1.00,4,5,19,"","",""
19,"S Rossignol, C Micheaud-Especel, D Duprez","Structural and catalytic properties of Zr-Ce-O mixed oxides. Role of the anionic vacancies",2000,"Studies in Surface Science and Catalysis","","","https://scholar.google.com/scholar?oi=bibs&hl=en&cites=4922370651752521980",194,"2023-03-01 19:43:10","Journal article","","","https://scholar.google.com/citations?view_op=view_citation&hl=en&user=HwwQpEEAAAAJ&cstart=100&pagesize=100&citation_for_view=HwwQpEEAAAAJ:b0M2c_1WBrUC",130,,3327,3332,19,0.83,6,3,23,"","",""
19,"J Černák, J Chomič, C Kappenstein, R Brahmi, D Duprez","Copper-zinc oxide catalyst. Part II. Preparation, IR characterization and thermal properties of novel bimetallic precursors",1996,"Thermochimica acta","","","https://scholar.google.com/scholar?oi=bibs&hl=en&cites=11690844359979138787",195,"2023-03-01 19:43:10","Journal article","","","https://scholar.google.com/citations?view_op=view_citation&hl=en&user=HwwQpEEAAAAJ&cstart=100&pagesize=100&citation_for_view=HwwQpEEAAAAJ:anf4URPfarAC",276,,209,220,19,0.70,4,5,27,"","",""
18,"N Bion, F Can, X Courtois, D Duprez","Transition metal oxides for combustion and depollution processes",2018,"Metal Oxides in Heterogeneous Catalysis","","","https://scholar.google.com/scholar?oi=bibs&hl=en&cites=6743644220289596810",196,"2023-03-01 19:43:10","Book chapter","","","https://scholar.google.com/citations?view_op=view_citation&hl=en&user=HwwQpEEAAAAJ&cstart=100&pagesize=100&citation_for_view=HwwQpEEAAAAJ:wbdj-CoPYUoC",,,287,353,18,3.60,5,4,5,"","",""
18,"A Flura, X Courtois, F Can, S Royer, D Duprez","A study of the NOx selective catalytic reduction with ethanol and its by-products",2013,"Topics in catalysis","","","https://scholar.google.com/scholar?oi=bibs&hl=en&cites=11066565317814314963",197,"2023-03-01 19:43:10","Journal article","","","https://scholar.google.com/citations?view_op=view_citation&hl=en&user=HwwQpEEAAAAJ&cstart=100&pagesize=100&citation_for_view=HwwQpEEAAAAJ:rmuvC79q63oC",56,,94,103,18,1.80,4,5,10,"","",""
18,"C Kappenstein, J C̆ernák, R Brahmi, D Duprez, J Chomic̆","Copper-zinc oxide catalysts. Part IV. Thermal treatment in air, argon and hydrogen and XRD study of new bimetallic precursors-direct formation of alloys",1996,"Thermochimica acta","","","https://scholar.google.com/scholar?oi=bibs&hl=en&cites=9681598231561531392",198,"2023-03-01 19:43:10","Journal article","","","https://scholar.google.com/citations?view_op=view_citation&hl=en&user=HwwQpEEAAAAJ&cstart=100&pagesize=100&citation_for_view=HwwQpEEAAAAJ:KUbvn5osdkgC",279,,65,76,18,0.67,4,5,27,"","",""
18,"O Enea, D Duprez, R Amadelli","Gas phase electrocatalysis on metal/Nafion membranes",1995,"Catalysis today 25 (3-4)","","","https://scholar.google.com/scholar?oi=bibs&hl=en&cites=10687777932879087372",199,"2023-03-01 19:43:10","Book chapter","","","https://scholar.google.com/citations?view_op=view_citation&hl=en&user=HwwQpEEAAAAJ&cstart=100&pagesize=100&citation_for_view=HwwQpEEAAAAJ:PoWvk5oyLR8C",,,271,276,18,0.64,6,3,28,"","",""
18,"M Guisnet, J Barrault, C Bouchoule, D Duprez, G Pérot, R Maurel, ...","Heterogeneous catalysis and fine chemicals II",1991,"Elsevier","","","https://scholar.google.com/scholar?oi=bibs&hl=en&cites=17509768165713205612",200,"2023-03-01 19:43:10","","","","https://scholar.google.com/citations?view_op=view_citation&hl=en&user=HwwQpEEAAAAJ&cstart=100&pagesize=100&citation_for_view=HwwQpEEAAAAJ:bVQMTfhMCi4C",,,,,18,0.56,3,7,32,"","",""
18,"O Enea, A Ali, D Duprez","pH Effects on the production of hydrogen by various TiO2 photocatalysts in methanolic suspensions",1988,"New journal of chemistry (1987)","","","https://scholar.google.com/scholar?oi=bibs&hl=en&cites=17271609408320935539",201,"2023-03-01 19:43:10","Journal article","","","https://scholar.google.com/citations?view_op=view_citation&hl=en&user=HwwQpEEAAAAJ&cstart=200&pagesize=100&citation_for_view=HwwQpEEAAAAJ:-7ulzOJl1JYC",12,1,27,33,18,0.51,6,3,35,"","",""
17,"F Can, A Flura, X Courtois, S Royer, G Blanchard, P Marécot, D Duprez","Role of the alumina surface properties on the ammonia production during the NOx SCR with ethanol over Ag/Al2O3 catalysts",2011,"Catalysis today","","","https://scholar.google.com/scholar?oi=bibs&hl=en&cites=11904324689586806040",202,"2023-03-01 19:43:10","Journal article","","","https://scholar.google.com/citations?view_op=view_citation&hl=en&user=HwwQpEEAAAAJ&cstart=200&pagesize=100&citation_for_view=HwwQpEEAAAAJ:DUooU5lO8OsC",164,1,474,479,17,1.42,2,7,12,"","",""
17,"M Bonne, D Sellam, JP Dacquin, AF Lee, K Wilson, L Olivi, A Cognigni, ...","A general route to synthesize supported isolated oxide and mixed-oxide nanoclusters at sizes below 5 nm",2011,"Chemical Communications","","","https://scholar.google.com/scholar?oi=bibs&hl=en&cites=8868155433218231601",203,"2023-03-01 19:43:10","Journal article","","","https://scholar.google.com/citations?view_op=view_citation&hl=en&user=HwwQpEEAAAAJ&cstart=200&pagesize=100&citation_for_view=HwwQpEEAAAAJ:fEOibwPWpKIC",47,5,1509,1511,17,1.42,2,8,12,"","",""
16,"D Duprez","Oxygen and Hydrogen Surface Mobility in Supported Metal Catalysts. Study by^ 1^ 8O/^ 1^ 6O and^ 2H/^ 1H Exchange",2006,"CATALYTIC SCIENCE SERIES","","","https://scholar.google.com/scholar?oi=bibs&hl=en&cites=12716154241657839252",204,"2023-03-01 19:43:10","Journal article","","","https://scholar.google.com/citations?view_op=view_citation&hl=en&user=HwwQpEEAAAAJ&cstart=200&pagesize=100&citation_for_view=HwwQpEEAAAAJ:lgwcVrK6X84C",4,,133,133,16,0.94,16,1,17,"","",""
16,"B Levasseur, B Renard, J Barbier Jr, D Duprez","Catalytic wet air oxidation of oleic acid on ceria-supported platinum catalyst. effect of pH",2006,"Reaction Kinetics and Catalysis Letters","","","https://scholar.google.com/scholar?oi=bibs&hl=en&cites=15829069173957402733",205,"2023-03-01 19:43:10","Journal article","","","https://scholar.google.com/citations?view_op=view_citation&hl=en&user=HwwQpEEAAAAJ&cstart=200&pagesize=100&citation_for_view=HwwQpEEAAAAJ:WHdLCjDvYFkC",87,,269,279,16,0.94,4,4,17,"","",""
16,"D Duprez, A Miloudi, J Little, J Bousquet","The role of the metal/support interface in toluene steam reforming over rhodium-alumina catalysts",1983,"Applied Catalysis","","","https://scholar.google.com/scholar?oi=bibs&hl=en&cites=14912035387996197937",206,"2023-03-01 19:43:10","Journal article","","","https://scholar.google.com/citations?view_op=view_citation&hl=en&user=HwwQpEEAAAAJ&cstart=200&pagesize=100&citation_for_view=HwwQpEEAAAAJ:48xauSegjOkC",5,2,219,226,16,0.40,4,4,40,"","",""
16,"D Duprez, P Pereira, M Grand, R Maurel","AROMATICS STEAM DEALKYLATION. 1. ACTIVITY, SELECTIVITY AND STABILITY OF GROUP-VIII-RH, PT AND IR METALS SUPPORTED ON GAMMA-ALUMINA",1980,"BULLETIN DE LA SOCIETE CHIMIQUE DE FRANCE PARTIE I-PHYSICOCHIMIE DES …","","","https://scholar.google.com/scholar?oi=bibs&hl=en&cites=1087707081136531165",207,"2023-03-01 19:43:10","Journal article","","","https://scholar.google.com/citations?view_op=view_citation&hl=en&user=HwwQpEEAAAAJ&cstart=200&pagesize=100&citation_for_view=HwwQpEEAAAAJ:hqOjcs7Dif8C",,,,,16,0.37,4,4,43,"","",""
15,"FR Garcia-Garcia, N Bion, D Duprez, I Rodriguez-Ramos, ...","H2/D2 isotopic exchange: A tool to characterize complex hydrogen interaction with carbon-supported ruthenium catalysts",2016,"Catalysis Today","","","https://scholar.google.com/scholar?oi=bibs&hl=en&cites=13121359732455928582",208,"2023-03-01 19:43:10","Journal article","","","https://scholar.google.com/citations?view_op=view_citation&hl=en&user=HwwQpEEAAAAJ&cstart=200&pagesize=100&citation_for_view=HwwQpEEAAAAJ:OP4eGU-M3BUC",259,,9,18,15,2.14,3,5,7,"","",""
15,"F Diehl, J Barbier, D Duprez, I Guibard, G Mabilon","Catalytic oxidation of heavy hydrocarbons over Pt/Al2O3. Oxidation of C10+ solid hydrocarbons representative of soluble organic fraction of Diesel soots",2015,"Applied Catalysis A: General","","","https://scholar.google.com/scholar?oi=bibs&hl=en&cites=5592379978102328723",209,"2023-03-01 19:43:10","Journal article","","","https://scholar.google.com/citations?view_op=view_citation&hl=en&user=HwwQpEEAAAAJ&cstart=200&pagesize=100&citation_for_view=HwwQpEEAAAAJ:WbkHhVStYXYC",504,,37,43,15,1.88,3,5,8,"","",""
15,"C Especel, D Duprez, F Epron","Bimetallic catalysts for hydrogenation in liquid phase",2014,"Comptes Rendus Chimie 17 (7-8)","","","https://scholar.google.com/scholar?oi=bibs&hl=en&cites=18301477350078872238",210,"2023-03-01 19:43:10","Book chapter","","","https://scholar.google.com/citations?view_op=view_citation&hl=en&user=HwwQpEEAAAAJ&cstart=200&pagesize=100&citation_for_view=HwwQpEEAAAAJ:ziOE8S1-AIUC",,,790,800,15,1.67,5,3,9,"","",""
15,"S Laassiri, N Bion, F Can, X Courtois, D Duprez, S Royer, H Alamdari","Waste-free scale up synthesis of nanocrystalline hexaaluminate: properties in oxygen transfer and oxidation reactions",2012,"CrystEngComm","","","https://scholar.google.com/scholar?oi=bibs&hl=en&cites=9412627436137855520",211,"2023-03-01 19:43:10","Journal article","","","https://scholar.google.com/citations?view_op=view_citation&hl=en&user=HwwQpEEAAAAJ&cstart=200&pagesize=100&citation_for_view=HwwQpEEAAAAJ:p__nRnzSRKYC",14,22,7733,7743,15,1.36,2,7,11,"","",""
15,"M Haneda, E Joubert, JC Ménézo, D Duprez, J Barbier, N Bion, M Daturi, ...","Surface characterization of alumina-supported catalysts prepared by sol–gel method. Part II.—Surface reactivity with CO",2001,"Physical Chemistry Chemical Physics","","","https://scholar.google.com/scholar?oi=bibs&hl=en&cites=16387062963383666508",212,"2023-03-01 19:43:10","Journal article","","","https://scholar.google.com/citations?view_op=view_citation&hl=en&user=HwwQpEEAAAAJ&cstart=200&pagesize=100&citation_for_view=HwwQpEEAAAAJ:L1USKYWJimsC",3,7,1371,1375,15,0.68,2,8,22,"","",""
15,"D Martin, R Taha, D Duprez","Effects of sintering and of additives on the oxygen storage capacity of PtRh catalysts",1995,"Studies in Surface Science and Catalysis","","","https://scholar.google.com/scholar?oi=bibs&hl=en&cites=364428625750935777",213,"2023-03-01 19:43:10","Journal article","","","https://scholar.google.com/citations?view_op=view_citation&hl=en&user=HwwQpEEAAAAJ&cstart=200&pagesize=100&citation_for_view=HwwQpEEAAAAJ:UeHWp8X0CEIC",96,,801,811,15,0.54,5,3,28,"","",""
15,"D Duprez","SELECTIVE STEAM REFORMING OF AROMATIC HYDROCARBONS. III: INTERACTION OF CO AND TOLUENE IN STEAM AND HYDRODEALKYLATION OVER RHPT BIMETALLIC CATALYSTS",1982,"","","","https://scholar.google.com/scholar?oi=bibs&hl=en&cites=11581024157592684359",214,"2023-03-01 19:43:10","","","","https://scholar.google.com/citations?view_op=view_citation&hl=en&user=HwwQpEEAAAAJ&cstart=200&pagesize=100&citation_for_view=HwwQpEEAAAAJ:P5F9QuxV20EC",,,,,15,0.37,15,1,41,"","",""
14,"M Haneda, M Bonne, D Duprez, M Ozawa","Effect of Y-stabilized ZrO2 as support on catalytic performance of Pt for n-butane oxidation",2013,"Catalysis today","","","https://scholar.google.com/scholar?oi=bibs&hl=en&cites=15789272488317327254",215,"2023-03-01 19:43:10","Journal article","","","https://scholar.google.com/citations?view_op=view_citation&hl=en&user=HwwQpEEAAAAJ&cstart=200&pagesize=100&citation_for_view=HwwQpEEAAAAJ:1taIhTC69MYC",201,,25,31,14,1.40,4,4,10,"","",""
14,"SR Gomes, N Bion, G Blanchard, S Rousseau, D Duprez, F Epron","Study of the main reactions involved in reforming of exhaust gas recirculation (REGR) in gasoline engines",2011,"RSC advances","","","https://scholar.google.com/scholar?oi=bibs&hl=en&cites=3842330140957461600",216,"2023-03-01 19:43:10","Journal article","","","https://scholar.google.com/citations?view_op=view_citation&hl=en&user=HwwQpEEAAAAJ&cstart=200&pagesize=100&citation_for_view=HwwQpEEAAAAJ:vV6vV6tmYwMC",1,1,109,116,14,1.17,2,6,12,"","",""
14,"M Bonne, N Bion, F Pailloux, S Valange, S Royer, JM Tatibouët, D Duprez","Improved oxygen mobility in nanosized mixed-oxide particles synthesized using a simple nanocasting route",2008,"Chemical communications","","","https://scholar.google.com/scholar?oi=bibs&hl=en&cites=4875148019494189074",217,"2023-03-01 19:43:10","Book chapter","","","https://scholar.google.com/citations?view_op=view_citation&hl=en&user=HwwQpEEAAAAJ&cstart=200&pagesize=100&citation_for_view=HwwQpEEAAAAJ:EUQCXRtRnyEC",,,4504,4506,14,0.93,2,7,15,"","",""
14,"R Brahmi, C Kappenstein, J Cernák, D Duprez, A Sadel","Catalyseurs cuivre-zinc. X. Comparaison de quelques méthodes de préparation: coprécipitation, précipitations successives ou précurseur bimétallique",1999,"Journal de Chimie Physique et de Physico-Chimie Biologique","","","https://scholar.google.com/scholar?oi=bibs&hl=en&cites=16548828021678732338",218,"2023-03-01 19:43:10","Journal article","","","https://scholar.google.com/citations?view_op=view_citation&hl=en&user=HwwQpEEAAAAJ&cstart=200&pagesize=100&citation_for_view=HwwQpEEAAAAJ:-mN3Mh-tlDkC",96,3,487,497,14,0.58,3,5,24,"","",""
14,"S Karmal, G Pérot, D Duprez","Role of the support in the skeletal isomerization of 3, 3-dimethyl-1-butene on oxided and sulfided CoMo/Al2O3 catalysts",1991,"Journal of Catalysis","","","https://scholar.google.com/scholar?oi=bibs&hl=en&cites=7727368641586706679",219,"2023-03-01 19:43:10","Journal article","","","https://scholar.google.com/citations?view_op=view_citation&hl=en&user=HwwQpEEAAAAJ&cstart=200&pagesize=100&citation_for_view=HwwQpEEAAAAJ:VL0QpB8kHFEC",130,1,212,219,14,0.44,5,3,32,"","",""
14,"AKH Nohman, D Duprez, C Kappenstein, SAA Mansour, MI Zaki","Preparation of Manganese Oxide Catalysts Using Novel NH4MnO4 and Manganese Hydroxide Precursors. Comparison of Unsupported and Alumina Supported Catalysts",1991,"Studies in Surface Science and Catalysis","","","https://scholar.google.com/scholar?oi=bibs&hl=en&cites=15552910497402573650",220,"2023-03-01 19:43:10","Journal article","","","https://scholar.google.com/citations?view_op=view_citation&hl=en&user=HwwQpEEAAAAJ&cstart=200&pagesize=100&citation_for_view=HwwQpEEAAAAJ:nRpfm8aw39MC",63,,617,626,14,0.44,3,5,32,"","",""
13,"M Richard, D Duprez, N Bion, F Can","Investigation of Methane Oxidation Reactions Over a Dual‐Bed Catalyst System using 18O Labelled DRIFTS coupling",2017,"ChemSusChem","","","https://scholar.google.com/scholar?oi=bibs&hl=en&cites=14240441469588172522",221,"2023-03-01 19:43:10","Journal article","","","https://scholar.google.com/citations?view_op=view_citation&hl=en&user=HwwQpEEAAAAJ&cstart=200&pagesize=100&citation_for_view=HwwQpEEAAAAJ:sJsF-0ZLhtgC",10,1,210,219,13,2.17,3,4,6,"","",""
13,"N Bion, D Duprez","Water splitting as a tool for obtaining insight into metal–support interactions in catalysis",2016,"Comptes Rendus Chimie","","","https://scholar.google.com/scholar?oi=bibs&hl=en&cites=8943429870316914689",222,"2023-03-01 19:43:10","Journal article","","","https://scholar.google.com/citations?view_op=view_citation&hl=en&user=HwwQpEEAAAAJ&cstart=200&pagesize=100&citation_for_view=HwwQpEEAAAAJ:t7zJ5fGR-2UC",19,10,1326,1336,13,1.86,7,2,7,"","",""
13,"L Hou, Q Zhang, F Jérôme, D Duprez, F Can, X Courtois, H Zhang, ...","Ionic Liquid‐Mediated α‐Fe2O3 Shape‐Controlled Nanocrystal‐Supported Noble Metals: Highly Active Materials for CO Oxidation",2013,"ChemCatChem","","","https://scholar.google.com/scholar?oi=bibs&hl=en&cites=17039681331976206313",223,"2023-03-01 19:43:10","Journal article","","","https://scholar.google.com/citations?view_op=view_citation&hl=en&user=HwwQpEEAAAAJ&cstart=200&pagesize=100&citation_for_view=HwwQpEEAAAAJ:q-HalDI95KYC",5,7,1978,1988,13,1.30,2,8,10,"","",""
13,"M Bonne, M Haneda, D Duprez, M Ozawa","Effect of addition on Y2O3 in ZrO2 support on n-butane Pt catalyzed oxidation",2012,"Catalysis Communications","","","https://scholar.google.com/scholar?oi=bibs&hl=en&cites=17287322916526056879",224,"2023-03-01 19:43:10","Journal article","","","https://scholar.google.com/citations?view_op=view_citation&hl=en&user=HwwQpEEAAAAJ&cstart=200&pagesize=100&citation_for_view=HwwQpEEAAAAJ:jE2MZjpN3IcC",19,,74,79,13,1.18,3,4,11,"","",""
13,"S Ojala, N Bion, A Baylet, M Tarighi, RL Keiski, D Duprez","Correlations between oxygen activation and methane oxidation over Pd/γ-Al2O3 catalysts prepared by nitrite method",2011,"Applied Catalysis B: Environmental","","","https://scholar.google.com/scholar?oi=bibs&hl=en&cites=5327654242228560461",225,"2023-03-01 19:43:10","Journal article","","","https://scholar.google.com/citations?view_op=view_citation&hl=en&user=HwwQpEEAAAAJ&cstart=200&pagesize=100&citation_for_view=HwwQpEEAAAAJ:KxtntwgDAa4C",108,,22,31,13,1.08,2,6,12,"","",""
13,"R Eloirdi, S Rossignol, C Kappenstein, D Duprez, N Pillet","Catalytic decomposition of different monopropellants",2000,"Spacecraft Propulsion","","","https://scholar.google.com/scholar?oi=bibs&hl=en&cites=18190502522856051606",226,"2023-03-01 19:43:10","Journal article","","","https://scholar.google.com/citations?view_op=view_citation&hl=en&user=HwwQpEEAAAAJ&cstart=200&pagesize=100&citation_for_view=HwwQpEEAAAAJ:-nhnvRiOwuoC",465,,263,263,13,0.57,3,5,23,"","",""
13,"D Duprez, M Hadj-Aissa, J Barbier","Effect of steam on the coking of platinum catalysts: II. Kinetics",1989,"Applied catalysis","","","https://scholar.google.com/scholar?oi=bibs&hl=en&cites=15167891350259463685",227,"2023-03-01 19:43:10","Journal article","","","https://scholar.google.com/citations?view_op=view_citation&hl=en&user=HwwQpEEAAAAJ&cstart=200&pagesize=100&citation_for_view=HwwQpEEAAAAJ:zCSUwVk65WsC",49,1,75,82,13,0.38,4,3,34,"","",""
13,"D Duprez, M Mendez, JA Dalmon","Characterization of nickel catalysts by dymanic volumetry and magnetic methods",1986,"Applied catalysis","","","https://scholar.google.com/scholar?oi=bibs&hl=en&cites=4292015000055828862",228,"2023-03-01 19:43:10","Journal article","","","https://scholar.google.com/citations?view_op=view_citation&hl=en&user=HwwQpEEAAAAJ&cstart=200&pagesize=100&citation_for_view=HwwQpEEAAAAJ:dfsIfKJdRG4C",21,1,1,10,13,0.35,4,3,37,"","",""
12,"SR Gomes, N Bion, D Duprez, F Epron","Hydrogen production from hydrocarbons over Rh supported on Ce-based oxides for automotive applications",2016,"Applied Catalysis B: Environmental","","","https://scholar.google.com/scholar?oi=bibs&hl=en&cites=15461845171857983222",229,"2023-03-01 19:43:10","Journal article","","","https://scholar.google.com/citations?view_op=view_citation&hl=en&user=HwwQpEEAAAAJ&cstart=200&pagesize=100&citation_for_view=HwwQpEEAAAAJ:7Hz3ACDFbsoC",197,,138,145,12,1.71,3,4,7,"","",""
12,"R Zhang, N Liu, Z Luo, W Yang, X Liang, R Xu, B Chen, D Duprez, ...","A Remarkable Catalyst Combination to Widen the Operating Temperature Window of the Selective Catalytic Reduction of NO by NH3",2014,"ChemCatChem","","","https://scholar.google.com/scholar?oi=bibs&hl=en&cites=2423326989879415639",230,"2023-03-01 19:43:10","Journal article","","","https://scholar.google.com/citations?view_op=view_citation&hl=en&user=HwwQpEEAAAAJ&cstart=200&pagesize=100&citation_for_view=HwwQpEEAAAAJ:hFOr9nPyWt4C",6,8,2263,2269,12,1.33,1,9,9,"","",""
12,"D Sellam, M Bonne, S Arrii-Clacens, G Lafaye, N Bion, S Tezkratt, ...","Simple approach to prepare mesoporous silica supported mixed-oxide nanoparticles by in situ autocombustion procedure",2010,"Catalysis Today 157 (1-4)","","","https://scholar.google.com/scholar?oi=bibs&hl=en&cites=9237002379270130069",231,"2023-03-01 19:43:10","Book chapter","","","https://scholar.google.com/citations?view_op=view_citation&hl=en&user=HwwQpEEAAAAJ&cstart=200&pagesize=100&citation_for_view=HwwQpEEAAAAJ:zLWjf1WUPmwC",,,131,136,12,0.92,2,7,13,"","",""
12,"S Bedrane, C Descorme, D Duprez","Oxygen storage and oxygen mobility on ceria and ceria-zirconia supported noble metals",2001,"Stud. Surf. Sci. Catal","","","https://scholar.google.com/scholar?oi=bibs&hl=en&cites=12250007907621764792",232,"2023-03-01 19:43:10","Journal article","","","https://scholar.google.com/citations?view_op=view_citation&hl=en&user=HwwQpEEAAAAJ&cstart=200&pagesize=100&citation_for_view=HwwQpEEAAAAJ:QYdC8u9Cj1oC",138,,125,134,12,0.55,4,3,22,"","",""
12,"D Duprez","Catalytic converters for reducing pollution caused by traffic",1995,"Journal de Chimie Physique et de Physico-Chimie Biologique","","","https://scholar.google.com/scholar?oi=bibs&hl=en&cites=7493292396432073876",233,"2023-03-01 19:43:10","Journal article","","","https://scholar.google.com/citations?view_op=view_citation&hl=en&user=HwwQpEEAAAAJ&cstart=200&pagesize=100&citation_for_view=HwwQpEEAAAAJ:SdhP9T11ey4C",92,,,,12,0.43,12,1,28,"","",""
12,"G Delahay, D Duprez","Effect of sulphur on the coking of rhodium in the steam reforming of 1-methylnaphthalene",1989,"Applied catalysis","","","https://scholar.google.com/scholar?oi=bibs&hl=en&cites=8949203171571702038",234,"2023-03-01 19:43:10","Journal article","","","https://scholar.google.com/citations?view_op=view_citation&hl=en&user=HwwQpEEAAAAJ&cstart=200&pagesize=100&citation_for_view=HwwQpEEAAAAJ:XD-gHx7UXLsC",53,1,95,105,12,0.35,6,2,34,"","",""
12,"D Duprez, M Mendez, J Little","Evaluation of a method for characterizing coked and sulphided Rh/Al2O3 catalysts: study of the space and time dependence of sulphur deposition on Rh/Al2O3 in toluene steam …",1986,"Applied catalysis","","","https://scholar.google.com/scholar?oi=bibs&hl=en&cites=5916381376512526467",235,"2023-03-01 19:43:10","Journal article","","","https://scholar.google.com/citations?view_op=view_citation&hl=en&user=HwwQpEEAAAAJ&cstart=200&pagesize=100&citation_for_view=HwwQpEEAAAAJ:4fKUyHm3Qg0C",27,1,145,160,12,0.32,4,3,37,"","",""
12,"D Duprez, P Pereira, J Barbier, R Maurel","Catalyst deactivation in toluene steam dealkylation",1980,"Reaction Kinetics and Catalysis Letters","","","https://scholar.google.com/scholar?oi=bibs&hl=en&cites=596816153259608113",236,"2023-03-01 19:43:10","Journal article","","","https://scholar.google.com/citations?view_op=view_citation&hl=en&user=HwwQpEEAAAAJ&cstart=200&pagesize=100&citation_for_view=HwwQpEEAAAAJ:W7OEmFMy1HYC",13,3,217,223,12,0.28,3,4,43,"","",""
11,"M Seneque, X Courtois, F Can, D Duprez","Direct Comparison of Urea-SCR and NH3-SCR Activities Over Acidic Oxide and Exchanged Zeolite Prototype Powdered Catalysts",2016,"Topics in Catalysis 59 (10-12)","","","https://scholar.google.com/scholar?oi=bibs&hl=en&cites=13894140379463441320",237,"2023-03-01 19:43:10","Book chapter","","","https://scholar.google.com/citations?view_op=view_citation&hl=en&user=HwwQpEEAAAAJ&cstart=200&pagesize=100&citation_for_view=HwwQpEEAAAAJ:vDZJ-YLwNdEC",,,938,944,11,1.57,3,4,7,"","",""
11,"M Seneque, F Can, D Duprez, X Courtois","Use of a µ-Scale Synthetic Gas Bench for Direct Comparison of Urea-SCR and NH3-SCR Reactions over an Oxide Based Powdered Catalyst",2015,"Catalysts","","","https://scholar.google.com/scholar?oi=bibs&hl=en&cites=12162847715751397774",238,"2023-03-01 19:43:10","Journal article","","","https://scholar.google.com/citations?view_op=view_citation&hl=en&user=HwwQpEEAAAAJ&cstart=200&pagesize=100&citation_for_view=HwwQpEEAAAAJ:OTTXONDVkokC",5,3,1535,1553,11,1.38,3,4,8,"","",""
11,"X Courtois, N Bion, P Marecot, D Duprez","The role of cerium-based oxides used as oxygen storage materials in DeNOx catalysis",2007,"Studies in surface science and catalysis","","","https://scholar.google.com/scholar?oi=bibs&hl=en&cites=17780430918886038850",239,"2023-03-01 19:43:10","Journal article","","","https://scholar.google.com/citations?view_op=view_citation&hl=en&user=HwwQpEEAAAAJ&cstart=200&pagesize=100&citation_for_view=HwwQpEEAAAAJ:uVUOdF_882EC",171,,235,259,11,0.69,3,4,16,"","",""
11,"D Duprez, A Miloudi","Thermodesorption analysis of water produced in H2O2 titrations on Pt and Rh catalysts",1984,"Journal of Catalysis","","","https://scholar.google.com/scholar?oi=bibs&hl=en&cites=11967607910999986474",240,"2023-03-01 19:43:10","Journal article","","","https://scholar.google.com/citations?view_op=view_citation&hl=en&user=HwwQpEEAAAAJ&cstart=200&pagesize=100&citation_for_view=HwwQpEEAAAAJ:_5tno0g5mFcC",86,2,441,445,11,0.28,6,2,39,"","",""
10,"ML Tarot, M Barreau, D Duprez, V Lauga, EE Iojoiu, X Courtois, F Can","Influence of the Sodium Impregnation Solvent on the Deactivation of Cu/FER-Exchanged Zeolites Dedicated to the SCR of NOx with NH3",2017,"Catalysts","","","https://scholar.google.com/scholar?oi=bibs&hl=en&cites=7222501817828503018",241,"2023-03-01 19:43:10","Journal article","","","https://scholar.google.com/citations?view_op=view_citation&hl=en&user=HwwQpEEAAAAJ&cstart=200&pagesize=100&citation_for_view=HwwQpEEAAAAJ:Mojj43d5GZwC",8,1,3,3,10,1.67,1,7,6,"","",""
10,"I Maupin, J Mijoin, T Belin, C Morais, V Montouillout, D Duprez, N Bion","Direct evidence of the role of dispersed ceria on the activation of oxygen in NaX zeolite by coupling the 17O/16O isotopic exchange and 17O solid-state NMR",2013,"Journal of Catalysis","","","https://scholar.google.com/scholar?oi=bibs&hl=en&cites=18437009133742264375",242,"2023-03-01 19:43:10","Journal article","","","https://scholar.google.com/citations?view_op=view_citation&hl=en&user=HwwQpEEAAAAJ&cstart=200&pagesize=100&citation_for_view=HwwQpEEAAAAJ:kF1pexMAQbMC",300,,136,140,10,1.00,1,7,10,"","",""
10,"R Eloirdi, S Rossignol, M Chauveau, C Kappenstein, D Duprez, N Pillet","Design and use of a batch reactor for catalytic decomposition of different monopropellants",2000,"36th AIAA/ASME/SAE/ASEE Joint Propulsion Conference and Exhibit","","","https://scholar.google.com/scholar?oi=bibs&hl=en&cites=16854712689367013489",243,"2023-03-01 19:43:10","Conference paper","","","https://scholar.google.com/citations?view_op=view_citation&hl=en&user=HwwQpEEAAAAJ&cstart=200&pagesize=100&citation_for_view=HwwQpEEAAAAJ:WC9gN4BGCRcC",3553,,,,10,0.43,2,6,23,"","",""
10,"D Duprez, M Mendez","The Effect of Partial Reduction on the Thioresistance of Ni/Al2O3 Catalysts",1987,"Studies in Surface Science and Catalysis","","","https://scholar.google.com/scholar?oi=bibs&hl=en&cites=6008142160211699160",244,"2023-03-01 19:43:10","Journal article","","","https://scholar.google.com/citations?view_op=view_citation&hl=en&user=HwwQpEEAAAAJ&cstart=200&pagesize=100&citation_for_view=HwwQpEEAAAAJ:sSrBHYA8nusC",34,,523,534,10,0.28,5,2,36,"","",""
10,"D Duprez, M Mendez, G Delahay, J Bousquet","Sulfur poisoning of rhodium-alumina catalysts in toluene and ethylbenzene steam reforming.",1985,"Nouveau Journal de Chimie","","","https://scholar.google.com/scholar?oi=bibs&hl=en&cites=12642213263224846536",245,"2023-03-01 19:43:10","Journal article","","","https://scholar.google.com/citations?view_op=view_citation&hl=en&user=HwwQpEEAAAAJ&cstart=200&pagesize=100&citation_for_view=HwwQpEEAAAAJ:OcBU2YAGkTUC",9,,545,550,10,0.26,3,4,38,"","",""
9,"J Fonseca, N Bion, YE Licea, CM Morais, M do Carmo Rangel, D Duprez, ...","Unexpected redox behaviour of large surface alumina containing highly dispersed ceria nanoclusters",2019,"Nanoscale","","","https://scholar.google.com/scholar?oi=bibs&hl=en&cites=3626643512210102108",246,"2023-03-01 19:43:10","Journal article","","","https://scholar.google.com/citations?view_op=view_citation&hl=en&user=HwwQpEEAAAAJ&cstart=200&pagesize=100&citation_for_view=HwwQpEEAAAAJ:UuEBAcK4md4C",11,3,1273,1285,9,2.25,1,7,4,"","",""
9,"S Keav, A Martin, J Barbier, D Duprez","Nature of the deposit formed during catalytic wet air oxidation of phenol",2010,"CR Chim","","","https://scholar.google.com/scholar?oi=bibs&hl=en&cites=1629904445664630534",247,"2023-03-01 19:43:10","Journal article","","","https://scholar.google.com/citations?view_op=view_citation&hl=en&user=HwwQpEEAAAAJ&cstart=200&pagesize=100&citation_for_view=HwwQpEEAAAAJ:4TOpqqG69KYC",13,,508,514,9,0.69,2,4,13,"","",""
9,"F Aupretre, C Descorme, D Duprez","63 Steam reforming catalysts for H2 production from ethanol",2003,"Studies in Surface Science and Catalysis","","","https://scholar.google.com/scholar?oi=bibs&hl=en&cites=2250007025971059552",248,"2023-03-01 19:43:10","Journal article","","","https://scholar.google.com/citations?view_op=view_citation&hl=en&user=HwwQpEEAAAAJ&cstart=200&pagesize=100&citation_for_view=HwwQpEEAAAAJ:ZeXyd9-uunAC",145,,303,306,9,0.45,3,3,20,"","",""
9,"P d'Araujo, C Thomas, L Vivier, D Duprez, G Pérot, S Kasztelan","Dissociation of dihydrogen and hydrogen sulfide over a sulfided NiMo-alumina catalyst as evidenced by D2S-H2 isotopic exchange",1995,"Catalysis letters","","","https://scholar.google.com/scholar?oi=bibs&hl=en&cites=9874387291117862833",249,"2023-03-01 19:43:10","Journal article","","","https://scholar.google.com/citations?view_op=view_citation&hl=en&user=HwwQpEEAAAAJ&cstart=200&pagesize=100&citation_for_view=HwwQpEEAAAAJ:tYavs44e6CUC",34,,375,378,9,0.32,2,6,28,"","",""
9,"D Duprez, F Sadi, A Miloudi, A Percheron-Guegan","Morphological Transformations in Reducing and Steam Atmospheres of Alumina-Supported Rhodium and Platinum Catalysts",1991,"Studies in Surface Science and Catalysis","","","https://scholar.google.com/scholar?oi=bibs&hl=en&cites=6640776135649555549",250,"2023-03-01 19:43:10","Journal article","","","https://scholar.google.com/citations?view_op=view_citation&hl=en&user=HwwQpEEAAAAJ&cstart=200&pagesize=100&citation_for_view=HwwQpEEAAAAJ:J-pR_7NvFogC",71,,629,640,9,0.28,2,4,32,"","",""
8,"L Hou, H Zhang, L Dong, L Zhang, D Duprez, S Royer","A simple non-aqueous route to nano-perovskite mixed oxides with improved catalytic properties",2017,"Catalysis Today","","","https://scholar.google.com/scholar?oi=bibs&hl=en&cites=2784738955491369667",251,"2023-03-01 19:43:10","Journal article","","","https://scholar.google.com/citations?view_op=view_citation&hl=en&user=HwwQpEEAAAAJ&cstart=200&pagesize=100&citation_for_view=HwwQpEEAAAAJ:iH-uZ7U-co4C",287,,30,36,8,1.33,1,6,6,"","",""
8,"M Richard, F Can, S Gil, A Giroir‐Fendler, D Duprez, N Bion","Study of Lanthanum Manganate and Yttrium‐Stabilized Zirconia‐Supported Palladium Dual‐Bed Catalyst System for the Total Oxidation of Methane: A Study by 18O2/16O2 Isotopic Exchange",2016,"ChemCatChem","","","https://scholar.google.com/scholar?oi=bibs&hl=en&cites=7295736363985479939",252,"2023-03-01 19:43:10","Journal article","","","https://scholar.google.com/citations?view_op=view_citation&hl=en&user=HwwQpEEAAAAJ&cstart=200&pagesize=100&citation_for_view=HwwQpEEAAAAJ:Y5dfb0dijaUC",8,11,1921,1928,8,1.14,1,6,7,"","",""
8,"L Masdrag, X Courtois, F Can, B Cartoixa, S Raux, A Frobert, D Duprez","From the powder to the honeycomb. A comparative study of the NSR efficiency and selectivity over Pt–CeZr based active phase",2015,"Catalysis Today","","","https://scholar.google.com/scholar?oi=bibs&hl=en&cites=9112567062684388394",253,"2023-03-01 19:43:10","Journal article","","","https://scholar.google.com/citations?view_op=view_citation&hl=en&user=HwwQpEEAAAAJ&cstart=200&pagesize=100&citation_for_view=HwwQpEEAAAAJ:0KyAp5RtaNEC",241,,125,132,8,1.00,1,7,8,"","",""
8,"E Gernot, F Aupretre, A Deschamps, F Epron, P Merecot, D Duprez, ...","Production of hydrogen from bioethanol in catalytic membrane reactor",2006,"16th Confèrence Mondiale de l’Hydrogène Energie (WHEC16), Lyon (France) http …","","","https://scholar.google.com/scholar?oi=bibs&hl=en&cites=7301072856620917793",254,"2023-03-01 19:43:10","","","","https://scholar.google.com/citations?view_op=view_citation&hl=en&user=HwwQpEEAAAAJ&cstart=200&pagesize=100&citation_for_view=HwwQpEEAAAAJ:tkaPQYYpVKoC",,,,,8,0.47,1,7,17,"","",""
8,"E Joubert, JC Menezo, D Duprez, J Barbier","GC-MS identification of organic by-products of the NO SCR by propene; relation to N2O formation",2001,"Topics in Catalysis","","","https://scholar.google.com/scholar?oi=bibs&hl=en&cites=13709399792717714065",255,"2023-03-01 19:43:10","Journal article","","","https://scholar.google.com/citations?view_op=view_citation&hl=en&user=HwwQpEEAAAAJ&cstart=200&pagesize=100&citation_for_view=HwwQpEEAAAAJ:gVv57TyPmFsC",16,,225,229,8,0.36,2,4,22,"","",""
8,"L Bonneau, K Arnaout, D Duprez, JA Dalmon, T des Courieres","STEAM REFORMING OF 1-METHYLNAPHTHALENE IN THE PRESENCE OF SULFUR ON NICKEL-TUNGSTEN ALUMINA CATALYSTS DOPED WITH ALKALI IONS. 1. EFFECT OF EACH ACTIVE COMPONENT",1991,"Applied catalysis","","","https://scholar.google.com/scholar?oi=bibs&hl=en&cites=4004598010559649182,2864829921059905006",256,"2023-03-01 19:43:10","Journal article","","","https://scholar.google.com/citations?view_op=view_citation&hl=en&user=HwwQpEEAAAAJ&cstart=200&pagesize=100&citation_for_view=HwwQpEEAAAAJ:m4fbC6XIj1kC",74,2,173,190,8,0.25,2,5,32,"","",""
8,"D Duprez, J Ollivier","Catalytic hydrodesulphurization of terpenes",1989,"Applied catalysis","","","https://scholar.google.com/scholar?oi=bibs&hl=en&cites=7079465510633629417",257,"2023-03-01 19:43:10","Journal article","","","https://scholar.google.com/citations?view_op=view_citation&hl=en&user=HwwQpEEAAAAJ&cstart=200&pagesize=100&citation_for_view=HwwQpEEAAAAJ:HE397vMXCloC",50,1,87,97,8,0.24,4,2,34,"","",""
8,"D Duprez, A Miloudi, L Tournayan","New evidence for the support effects in toluene steam dealkylation on rhodium aluminochromium catalysts",1985,"Applied catalysis","","","https://scholar.google.com/scholar?oi=bibs&hl=en&cites=11061379430820010190",258,"2023-03-01 19:43:10","Journal article","","","https://scholar.google.com/citations?view_op=view_citation&hl=en&user=HwwQpEEAAAAJ&cstart=200&pagesize=100&citation_for_view=HwwQpEEAAAAJ:86PQX7AUzd4C",14,,333,342,8,0.21,3,3,38,"","",""
7,"A Galdikas, D Duprez, N Bion, C Descorme, T JUNEVIČ","Oxygen isotopic exchange on three-way catalysts: A dynamic kinetic model",2007,"Migration","","","https://scholar.google.com/scholar?oi=bibs&hl=en&cites=9274491869751425593",259,"2023-03-01 19:43:10","Journal article","","","https://scholar.google.com/citations?view_op=view_citation&hl=en&user=HwwQpEEAAAAJ&cstart=200&pagesize=100&citation_for_view=HwwQpEEAAAAJ:uWiczbcajpAC",1,6,1,1,7,0.44,1,5,16,"","",""
7,"A Wootsch, C Descorme, Z Paál, D Duprez","Removal of carbonaceous residues by deuterium from Pt catalysts",2002,"Journal of Catalysis","","","https://scholar.google.com/scholar?oi=bibs&hl=en&cites=3421506175384310922",260,"2023-03-01 19:43:10","Journal article","","","https://scholar.google.com/citations?view_op=view_citation&hl=en&user=HwwQpEEAAAAJ&cstart=200&pagesize=100&citation_for_view=HwwQpEEAAAAJ:BqipwSGYUEgC",208,2,276,290,7,0.33,2,4,21,"","",""
7,"C Kappenstein, T Wahdan, D Duprez, MI Zaki, D Brands, E Poels, A Bliek","Permanganic acid: A novel precursor for the preparation of managanese oxide catalysts",1995,"Studies in Surface Science and Catalysis","","","https://scholar.google.com/scholar?oi=bibs&hl=en&cites=6475652579505445668",261,"2023-03-01 19:43:10","Journal article","","","https://scholar.google.com/citations?view_op=view_citation&hl=en&user=HwwQpEEAAAAJ&cstart=200&pagesize=100&citation_for_view=HwwQpEEAAAAJ:mvPsJ3kp5DgC",91,,699,706,7,0.25,1,7,28,"","",""
7,"M Assafi, D Duprez","Steam-dealkylation and hydrodealkylation of meta-cresol on potassium-promoted rhodium and nickel catalysts",1992,"Applied Catalysis A: General","","","https://scholar.google.com/scholar?oi=bibs&hl=en&cites=483440620150355765",262,"2023-03-01 19:43:10","Journal article","","","https://scholar.google.com/citations?view_op=view_citation&hl=en&user=HwwQpEEAAAAJ&cstart=200&pagesize=100&citation_for_view=HwwQpEEAAAAJ:IjCSPb-OGe4C",80,1,23,39,7,0.23,4,2,31,"","",""
6,"J Barbier Jr, D Duprez","Reactivity of steam in exhaust gas catalysis. Part II: Sintering and regeneration of Rh and PtRh catalysts in propane oxidation",1995,"Studies in Surface Science and Catalysis","","","https://scholar.google.com/scholar?oi=bibs&hl=en&cites=10870885817197959622",263,"2023-03-01 19:43:10","Journal article","","","https://scholar.google.com/citations?view_op=view_citation&hl=en&user=HwwQpEEAAAAJ&cstart=200&pagesize=100&citation_for_view=HwwQpEEAAAAJ:FPJr55Dyh1AC",96,,73,84,6,0.21,3,2,28,"","",""
6,"R Taha, D Duprez","Accelerated sintering of PtRh/Al2O3 catalysts in an oxygen periodic pulse flow",1992,"Catalysis letters","","","https://scholar.google.com/scholar?oi=bibs&hl=en&cites=11912258187941831350",264,"2023-03-01 19:43:10","Journal article","","","https://scholar.google.com/citations?view_op=view_citation&hl=en&user=HwwQpEEAAAAJ&cstart=200&pagesize=100&citation_for_view=HwwQpEEAAAAJ:6ZxmRoH8BuwC",14,,51,56,6,0.19,3,2,31,"","",""
6,"O Ferretti, P Marecot, M Demicheli, G Gonzalez, D Duprez, J Barbier","Etude de la stabilité et de l'empoisonnement par le soufre de catalyseurs de vaporéformage Ni/alumine α",1990,"Bulletin de la Société chimique de France","","","https://scholar.google.com/scholar?oi=bibs&hl=en&cites=12818179635066602071",265,"2023-03-01 19:43:10","Journal article","","","https://scholar.google.com/citations?view_op=view_citation&hl=en&user=HwwQpEEAAAAJ&cstart=200&pagesize=100&citation_for_view=HwwQpEEAAAAJ:3htObqc8RwsC",,,347,352,6,0.18,1,6,33,"","",""
6,"H ABDERRAHIM, D DUPREZ","OF 1802 WITH A121603 SUPPORTED RHODIUM AND PLATINUM CATALYSTS",1988,"Proceedings 9th International Congress on Catalysis: Characterization and …","","","https://scholar.google.com/scholar?oi=bibs&hl=en&cites=13468374914365537468",266,"2023-03-01 19:43:10","Conference paper","","","https://scholar.google.com/citations?view_op=view_citation&hl=en&user=HwwQpEEAAAAJ&cstart=200&pagesize=100&citation_for_view=HwwQpEEAAAAJ:gsN89kCJA0AC",,,,,6,0.17,3,2,35,"","",""
6,"O Enea, A Au, D Duprez","Molecular structure and pH effects on the production of hydrogen from C1 C4 aliphatic alcohols",1988,"International journal of hydrogen energy","","","https://scholar.google.com/scholar?oi=bibs&hl=en&cites=8473564925264053949",267,"2023-03-01 19:43:10","Journal article","","","https://scholar.google.com/citations?view_op=view_citation&hl=en&user=HwwQpEEAAAAJ&cstart=200&pagesize=100&citation_for_view=HwwQpEEAAAAJ:NJ774b8OgUMC",13,9,569,572,6,0.17,2,3,35,"","",""
6,"M Mendez, D Duprez, C Apesteguia, J Barbier","Characterization of a sulfided Pt−Al2O3 catalyst by chemisorption and titrations: Comparison of the dynamic and static volumetric methods",1983,"Reaction Kinetics and Catalysis Letters 23 (3-4)","","","https://scholar.google.com/scholar?oi=bibs&hl=en&cites=15232270369357732753",268,"2023-03-01 19:43:10","Journal article","","","https://scholar.google.com/citations?view_op=view_citation&hl=en&user=HwwQpEEAAAAJ&cstart=200&pagesize=100&citation_for_view=HwwQpEEAAAAJ:O3NaXMp0MMsC",,,397,401,6,0.15,2,4,40,"","",""
6,"D Duprez, A Miloudi","Kinetics of The Reduction of Titanium Dioxide in Rh/TiO2 Catalysts",1983,"Studies in Surface Science and Catalysis","","","https://scholar.google.com/scholar?oi=bibs&hl=en&cites=8371749245744426194",269,"2023-03-01 19:43:10","Journal article","","","https://scholar.google.com/citations?view_op=view_citation&hl=en&user=HwwQpEEAAAAJ&cstart=200&pagesize=100&citation_for_view=HwwQpEEAAAAJ:Fu2w8maKXqMC",17,,163,168,6,0.15,3,2,40,"","",""
5,"C Kappenstein, L Courthéoux, R Eloirdi, S Rossignol, D Duprez, N Pillet","Catalytic Decomposition of HAN-Water Binary Mixtures",2002,"38th AIAA/ASME/SAE/ASEE Joint Propulsion Conference &Exhibit","","","https://scholar.google.com/scholar?oi=bibs&hl=en&cites=17077935587917230313",270,"2023-03-01 19:43:10","Conference paper","","","https://scholar.google.com/citations?view_op=view_citation&hl=en&user=HwwQpEEAAAAJ&cstart=200&pagesize=100&citation_for_view=HwwQpEEAAAAJ:AXkvAH5U_nMC",4027,,,,5,0.24,1,6,21,"","",""
5,"M Assafi, D Duprez","STEAM DEALKYLATION OF META-CRESOL ON ALUMINA-SUPPORTED RHODIUM, NICKEL AND PALLADIUM CATALYSTS",1988,"Bulletin de la Société Chimique de Paris","","","https://scholar.google.com/scholar?oi=bibs&hl=en&cites=5288005942451901180",271,"2023-03-01 19:43:10","Journal article","","","https://scholar.google.com/citations?view_op=view_citation&hl=en&user=HwwQpEEAAAAJ&cstart=200&pagesize=100&citation_for_view=HwwQpEEAAAAJ:nb7KW1ujOQ8C",,,106,112,5,0.14,3,2,35,"","",""
5,"D Duprez, M Grand","Catalytic conversion of aromatic fractions in the presence of steam",1981,"US Patent 4,268,702","","","https://scholar.google.com/scholar?oi=bibs&hl=en&cites=8827680787729397432",272,"2023-03-01 19:43:10","Patent","","","https://scholar.google.com/citations?view_op=view_citation&hl=en&user=HwwQpEEAAAAJ&cstart=200&pagesize=100&citation_for_view=HwwQpEEAAAAJ:35r97b3x0nAC",,,,,5,0.12,3,2,42,"","",""
4,"F Epron, N Bion, D Duprez, C Batiot‐Dupeyrat","Steam Reforming of Alcohols from Biomass Conversion for H 2 Production",2016,"Perovskites and Related Mixed Oxides","","","https://scholar.google.com/scholar?oi=bibs&hl=en&cites=3928139804049529380",273,"2023-03-01 19:43:10","Book chapter","","","https://scholar.google.com/citations?view_op=view_citation&hl=en&user=HwwQpEEAAAAJ&cstart=200&pagesize=100&citation_for_view=HwwQpEEAAAAJ:HoB7MX3m0LUC",,,539,558,4,0.57,1,4,7,"","",""
4,"D Mantzavinos, I Poulios, D Duprez","Special issue on"" Advanced catalytic oxidation processes""",2007,"Catalysis Today 124 (3-4)","","","https://scholar.google.com/scholar?oi=bibs&hl=en&cites=6857513735833071530",274,"2023-03-01 19:43:10","Journal article","","","https://scholar.google.com/citations?view_op=view_citation&hl=en&user=HwwQpEEAAAAJ&cstart=200&pagesize=100&citation_for_view=HwwQpEEAAAAJ:XiVPGOgt02cC",81,,,,4,0.25,1,3,16,"","",""
4,"F Aupretre, C Descorme, D Duprez","Catalytic steam reforming: use for on-board hydrogen production from hydrocarbons or alcohols",2001,"Annales de Chimie-Science des Matériaux","","","https://scholar.google.com/scholar?oi=bibs&hl=en&cites=3890080353802593051",275,"2023-03-01 19:43:10","Journal article","","","https://scholar.google.com/citations?view_op=view_citation&hl=en&user=HwwQpEEAAAAJ&cstart=200&pagesize=100&citation_for_view=HwwQpEEAAAAJ:ldfaerwXgEUC",26,4,93,106,4,0.18,1,3,22,"","",""
4,"A Commarieu, E Arretz, D Duprez, C Guimon","Thiophene synthesis by dehydrogenation of tetrahydrothiophene on chromium catalysts",1993,"Studies in Surface Science and Catalysis","","","https://scholar.google.com/scholar?oi=bibs&hl=en&cites=3410542842957100187",276,"2023-03-01 19:43:10","Journal article","","","https://scholar.google.com/citations?view_op=view_citation&hl=en&user=HwwQpEEAAAAJ&cstart=200&pagesize=100&citation_for_view=HwwQpEEAAAAJ:YFjsv_pBGBYC",78,,369,376,4,0.13,1,4,30,"","",""
4,"F Casbas, D Duprez, J Ollivier","Sulfur Removal from Terpenes by Hydrodesulfurization on Carbon-Supported Catalysts",1991,"Studies in Surface Science and Catalysis","","","https://scholar.google.com/scholar?oi=bibs&hl=en&cites=3555962298397679511",277,"2023-03-01 19:43:10","Journal article","","","https://scholar.google.com/citations?view_op=view_citation&hl=en&user=HwwQpEEAAAAJ&cstart=200&pagesize=100&citation_for_view=HwwQpEEAAAAJ:ns9cj8rnVeAC",59,,201,208,4,0.13,1,3,32,"","",""
4,"D Duprez, G Delahay, A Miloudi","The catalytic reactions of CO and H2O in the presence of hydrocarbons: role of the water gas shift reaction in toluene steam dealkylation over Group VIII metal catalysts",1985,"Nouveau Journal de Chimie","","","https://scholar.google.com/scholar?oi=bibs&hl=en&cites=509528744106325893",278,"2023-03-01 19:43:10","Journal article","","","https://scholar.google.com/citations?view_op=view_citation&hl=en&user=HwwQpEEAAAAJ&cstart=200&pagesize=100&citation_for_view=HwwQpEEAAAAJ:Tyk-4Ss8FVUC",9,,531,534,4,0.11,1,3,38,"","",""
4,"D Duprez, M Grand","Water dealkylation catalyst of aromatic hydrocarbons",1980,"US Patent 4,238,368","","","https://scholar.google.com/scholar?oi=bibs&hl=en&cites=12298343674066202558",279,"2023-03-01 19:43:10","Patent","","","https://scholar.google.com/citations?view_op=view_citation&hl=en&user=HwwQpEEAAAAJ&cstart=200&pagesize=100&citation_for_view=HwwQpEEAAAAJ:4vMrXwiscB8C",,,,,4,0.09,2,2,43,"","",""
4,"D Duprez, J BASTICK, M BASTICK","STUDY OF CATALYTIC CONVERSION OF AROMATIC HYDROCARBONS. 2. DEHYDRATION OF DIBENZYL ON ALUMINA",1972,"BULLETIN DE LA SOCIETE CHIMIQUE DE FRANCE, 2583-&","","","https://scholar.google.com/scholar?oi=bibs&hl=en&cites=16765885115577253812",280,"2023-03-01 19:43:10","Journal article","","","https://scholar.google.com/citations?view_op=view_citation&hl=en&user=HwwQpEEAAAAJ&cstart=200&pagesize=100&citation_for_view=HwwQpEEAAAAJ:3NQIlFlcGxIC",,,,,4,0.08,1,3,51,"","",""
3,"J BARBIER Jr, D DUPREZ","Oxidation of CO and Hydrocarbons in Exhaust gas Treatments",2014,"HANDBOOK OF ADVANCED METHODS AND PROCESSES IN OXIDATION CATALYSIS: From …","","","https://scholar.google.com/scholar?oi=bibs&hl=en&cites=16175228980223136549",281,"2023-03-01 19:43:10","","","","https://scholar.google.com/citations?view_op=view_citation&hl=en&user=HwwQpEEAAAAJ&cstart=200&pagesize=100&citation_for_view=HwwQpEEAAAAJ:owLR8QvbtFgC",,,,,3,0.33,2,2,9,"","",""
3,"D Duprez, MC Demicheli, J Barbier, P Marécot, OA Ferretti, EN Ponzi","Effects of Potassium on the Catalytic Behavior of Coked Nickel Catalysts in Hydrogenation and Hydrogenolysis Reactions",1991,"Studies in Surface Science and Catalysis","","","https://scholar.google.com/scholar?oi=bibs&hl=en&cites=3280781225378711025",282,"2023-03-01 19:43:10","Journal article","","","https://scholar.google.com/citations?view_op=view_citation&hl=en&user=HwwQpEEAAAAJ&cstart=200&pagesize=100&citation_for_view=HwwQpEEAAAAJ:NMxIlDl6LWMC",68,,195,202,3,0.09,1,6,32,"","",""
3,"S Brunet, S Karmal, D Duprez, G Perot","Characterization of hydrodenitrogenation catalysts by O2 chemisorption",1988,"Catalysis letters","","","https://scholar.google.com/scholar?oi=bibs&hl=en&cites=10190549894382405516",283,"2023-03-01 19:43:10","Journal article","","","https://scholar.google.com/citations?view_op=view_citation&hl=en&user=HwwQpEEAAAAJ&cstart=200&pagesize=100&citation_for_view=HwwQpEEAAAAJ:MLfJN-KU85MC",1,,255,259,3,0.09,1,4,35,"","",""
3,"J Barrault, C Bouchoule, D Duprez, C Montassier, M Guisnet, G Pérot","Heterogeneous Catalysis and Fine Chemicals",1988,"Elsevier","","","https://scholar.google.com/scholar?oi=bibs&hl=en&cites=3925776396081217777",284,"2023-03-01 19:43:10","","","","https://scholar.google.com/citations?view_op=view_citation&hl=en&user=HwwQpEEAAAAJ&cstart=200&pagesize=100&citation_for_view=HwwQpEEAAAAJ:g5m5HwL7SMYC",,,,,3,0.09,1,6,35,"","",""
2,"F Can, X Courtois, D Duprez","NSR Catalytic Materials",2018,"NOx trap catalysts and technologies","","","https://scholar.google.com/scholar?oi=bibs&hl=en&cites=7579102755344967401",285,"2023-03-01 19:43:10","Book chapter","","","https://scholar.google.com/citations?view_op=view_citation&hl=en&user=HwwQpEEAAAAJ&cstart=200&pagesize=100&citation_for_view=HwwQpEEAAAAJ:5awf1xo2G04C",,,67,103,2,0.40,1,3,5,"","",""
2,"H Olivier‐Bourbigou, C Chizallet, F Dumeignil, P Fongarland, C Geantet, ...","The Pivotal Role of Catalysis in France: Selected Examples of Recent Advances and Future Prospects.",2017,"ChemCatChem","","","https://scholar.google.com/scholar?oi=bibs&hl=en&cites=11478629784173605802",286,"2023-03-01 19:43:10","Journal article","","","https://scholar.google.com/citations?view_op=view_citation&hl=en&user=HwwQpEEAAAAJ&cstart=200&pagesize=100&citation_for_view=HwwQpEEAAAAJ:epqYDVWIO7EC",9,12,2029,2064,2,0.33,0,6,6,"","",""
2,"M Seneque, F Can, M Barreau, D Duprez, X Courtois","Study of the remarkable reactivity of HNCO/urea with NO 2 in the NO x SCR by urea process over an oxide-based catalyst",2017,"Catalysis Science &Technology","","","https://scholar.google.com/scholar?oi=bibs&hl=en&cites=2935391267686189576",287,"2023-03-01 19:43:10","Journal article","","","https://scholar.google.com/citations?view_op=view_citation&hl=en&user=HwwQpEEAAAAJ&cstart=200&pagesize=100&citation_for_view=HwwQpEEAAAAJ:k_IJM867U9cC",7,22,5457,5465,2,0.33,0,5,6,"","",""
2,"F Can, X Courtois, D Duprez","NSR–SCR Combined Systems: Production and Use of Ammonia",2014,"Urea-SCR Technology for deNOx After Treatment of Diesel Exhausts","","","https://scholar.google.com/scholar?oi=bibs&hl=en&cites=6634453320340161646",288,"2023-03-01 19:43:10","Book chapter","","","https://scholar.google.com/citations?view_op=view_citation&hl=en&user=HwwQpEEAAAAJ&cstart=200&pagesize=100&citation_for_view=HwwQpEEAAAAJ:1qzjygNMrQYC",,,587,622,2,0.22,1,3,9,"","",""
2,"M Bonne, P Gaudin, Y Gu, F Jér, Y Pouilloux, D Duprez, S Royer","Ionic liquids mediated ionothermal process for the one-step synthesis of high surface area alumina supported noble metals",2013,"","Scientific Research Publishing","","https://scholar.google.com/scholar?oi=bibs&hl=en&cites=6818440494057494993",289,"2023-03-01 19:43:10","Book","","","https://scholar.google.com/citations?view_op=view_citation&hl=en&user=HwwQpEEAAAAJ&cstart=200&pagesize=100&citation_for_view=HwwQpEEAAAAJ:bnK-pcrLprsC",,,,,2,0.20,0,7,10,"","",""
2,"A Galdikas, B Nicolas, D Duprez, V Virbickas, D MAŽELIS","Modeling of Diffusion Process in the Isotopic Oxygen Exchange Experiments of CexZr (1-x) O2 Catalysts",2013,"Materials Science","","","https://scholar.google.com/scholar?oi=bibs&hl=en&cites=8778675914529887449",290,"2023-03-01 19:43:10","Journal article","","","https://scholar.google.com/citations?view_op=view_citation&hl=en&user=HwwQpEEAAAAJ&cstart=200&pagesize=100&citation_for_view=HwwQpEEAAAAJ:2KloaMYe4IUC",19,1,83,88,2,0.20,0,5,10,"","",""
2,"M Haneda, E Joubert, JC Ménézo, D Duprez, J Barbier, N Bion, M Daturi, ...","Evidence for the Formation of Hydrogen by Surface Reaction between Hydroxyl Groups and CO Molecule over Ga2O3–Al2O3",2000,"Chemistry letters","","","https://scholar.google.com/scholar?oi=bibs&hl=en&cites=5479594038811672132",291,"2023-03-01 19:43:10","Journal article","","","https://scholar.google.com/citations?view_op=view_citation&hl=en&user=HwwQpEEAAAAJ&cstart=200&pagesize=100&citation_for_view=HwwQpEEAAAAJ:p2g8aNsByqUC",29,8,974,975,2,0.09,0,8,23,"","",""
2,"R Brahmi, C Kappenstein, J Cernak, D Duprez","Copper-zinc catalysts. Use of new bimetallic precursors and comparison with co-precipitation method",1998,"Studies in Surface Science and Catalysis","","","https://scholar.google.com/scholar?oi=bibs&hl=en&cites=17796702833826811361",292,"2023-03-01 19:43:10","Journal article","","","https://scholar.google.com/citations?view_op=view_citation&hl=en&user=HwwQpEEAAAAJ&cstart=200&pagesize=100&citation_for_view=HwwQpEEAAAAJ:pAkWuXOU-OoC",118,,403,410,2,0.08,1,4,25,"","",""
2,"M Guisnet, J Barrault, C Bouchoule, D Duprez","Heterogeneous Catalysis and Fine Chemicals II, Proceedings of the 2nd International Symposium",1991,"Elsevier","","","https://scholar.google.com/scholar?oi=bibs&hl=en&cites=3951360197266523363",293,"2023-03-01 19:43:10","","","","https://scholar.google.com/citations?view_op=view_citation&hl=en&user=HwwQpEEAAAAJ&cstart=200&pagesize=100&citation_for_view=HwwQpEEAAAAJ:qmtmRrLr0tkC",,,,,2,0.06,1,4,32,"","",""
2,"M Assafi, D Duprez","Etude de la désalkylation du méta-crésol en présence de vapeur d'eau sur catalyseurs au rhodium, au nickel et au palladium",1988,"Bulletin de la Société chimique de France","","","https://scholar.google.com/scholar?oi=bibs&hl=en&cites=16536536012212306782",294,"2023-03-01 19:43:10","Journal article","","","https://scholar.google.com/citations?view_op=view_citation&hl=en&user=HwwQpEEAAAAJ&cstart=200&pagesize=100&citation_for_view=HwwQpEEAAAAJ:prdVHNxh-e8C",,,106,112,2,0.06,1,2,35,"","",""
2,"G Delahay, D Duprez","CATALYTIC STEAM REFORMING OF HEAVY AROMATIC-HYDROCARBONS. 2. STUDY OF THE CONVERSION OF SELECTED BICYCLIC MOLECULES-COMPARISON WITH THE STEAM REFORMING OF METHYL-1-NAPHTALENE",1985,"BULLETIN DE LA SOCIETE CHIMIQUE DE FRANCE","","","https://scholar.google.com/scholar?oi=bibs&hl=en&cites=318031438103033619",295,"2023-03-01 19:43:10","Journal article","","","https://scholar.google.com/citations?view_op=view_citation&hl=en&user=HwwQpEEAAAAJ&cstart=200&pagesize=100&citation_for_view=HwwQpEEAAAAJ:qjMakFHDy7sC",,,1245,1249,2,0.05,1,2,38,"","",""
2,"G Delahay, D Duprez, J Bousquet","Reformage catalytique à la vapeur des hydrocarbures aromatiques lourds. Conversion du méthyl-1-naphtalène en présence de vapeur d'eau sur Rh, Ni et Pt Catalytic steam reforming …",1985,"Bulletin de la Société chimique de France","","","https://scholar.google.com/scholar?oi=bibs&hl=en&cites=7989487681988152107",296,"2023-03-01 19:43:10","Journal article","","","https://scholar.google.com/citations?view_op=view_citation&hl=en&user=HwwQpEEAAAAJ&cstart=200&pagesize=100&citation_for_view=HwwQpEEAAAAJ:PR6Y55bgFSsC",6,,1237,1244,2,0.05,1,3,38,"","",""
2,"A Miloudi, D Duprez","Evidence for stronly bonded hydrogen in a Rh/TiO2 catalyst",1983,"Reaction Kinetics and Catalysis Letters 22 (1-2)","","","https://scholar.google.com/scholar?oi=bibs&hl=en&cites=3610734001372235072",297,"2023-03-01 19:43:10","Journal article","","","https://scholar.google.com/citations?view_op=view_citation&hl=en&user=HwwQpEEAAAAJ&cstart=200&pagesize=100&citation_for_view=HwwQpEEAAAAJ:RGFaLdJalmkC",,,181,184,2,0.05,1,2,40,"","",""
2,"D Duprez, P Pereira, A Miloudi, J Barbier, R Maurel","Chlorine poisoning of Rh− γAl2O3 catalysts in the toluene steam dealkylation",1980,"Reaction Kinetics and Catalysis Letters","","","https://scholar.google.com/scholar?oi=bibs&hl=en&cites=5354859996183500615",298,"2023-03-01 19:43:10","Journal article","","","https://scholar.google.com/citations?view_op=view_citation&hl=en&user=HwwQpEEAAAAJ&cstart=200&pagesize=100&citation_for_view=HwwQpEEAAAAJ:MhiOAD_qIWkC",14,4,495,499,2,0.05,0,5,43,"","",""
2,"A Miloudi, D Duprez, J Bastick","KINETICS OF COKE FORMATION IN CONVERSION OF TOLUENE ON ALUMINA",1976,"COMPTES RENDUS HEBDOMADAIRES DES SEANCES DE L ACADEMIE DES SCIENCES SERIE C …","","","https://scholar.google.com/scholar?oi=bibs&hl=en&cites=6367382465187614902",299,"2023-03-01 19:43:10","","","","https://scholar.google.com/citations?view_op=view_citation&hl=en&user=HwwQpEEAAAAJ&cstart=200&pagesize=100&citation_for_view=HwwQpEEAAAAJ:eflP2zaiRacC",,,,,2,0.04,1,3,47,"","",""
1,"F Epron, D Duprez","Hydrogen production by catalytic processes",2020,"Current Trends and Future Developments on (Bio-) Membranes","","","https://scholar.google.com/scholar?oi=bibs&hl=en&cites=11559008175488572280",300,"2023-03-01 19:43:10","Book chapter","","","https://scholar.google.com/citations?view_op=view_citation&hl=en&user=HwwQpEEAAAAJ&cstart=200&pagesize=100&citation_for_view=HwwQpEEAAAAJ:LK8CI43ZvvMC",,,57,89,1,0.33,1,2,3,"","",""
1,"M Richard, F Can, S Gil, A Giroir‐Fendler, D Duprez, N Bion","Cover Picture: Study of Lanthanum Manganate and Yttrium‐Stabilized Zirconia‐Supported Palladium Dual‐Bed Catalyst System for the Total Oxidation of Methane: A Study by 18O2 …",2016,"ChemCatChem","","","https://scholar.google.com/scholar?oi=bibs&hl=en&cites=3659059804406823763",301,"2023-03-01 19:43:10","Journal article","","","https://scholar.google.com/citations?view_op=view_citation&hl=en&user=HwwQpEEAAAAJ&cstart=300&pagesize=100&citation_for_view=HwwQpEEAAAAJ:RYcK_YlVTxYC",8,11,1858,1858,1,0.14,0,6,7,"","",""
1,"A Wootsch, C Descorme, D Duprez","Preferential oxidation of CO in the presence of H2 (PROX) over Pt/Al2O3 and Pt/CexZr (1-x) O2 catalysts. Effect of oxygen mobility",2004,"13th International Congress on Catalysis, ICC","","","https://scholar.google.com/scholar?oi=bibs&hl=en&cites=7503325233672635860",302,"2023-03-01 19:43:10","Conference paper","","","https://scholar.google.com/citations?view_op=view_citation&hl=en&user=HwwQpEEAAAAJ&cstart=300&pagesize=100&citation_for_view=HwwQpEEAAAAJ:isU91gLudPYC",13,,,,1,0.05,0,3,19,"","",""
1,"JC Vedrine, D Duprez, E Bordes-Richard, A Mortreux, JMM Millet, ...","Heterogeneous partial oxidation catalysis",2004,"Catalysis in France: an Adventure","","","https://scholar.google.com/scholar?oi=bibs&hl=en&cites=16872565759215313071",303,"2023-03-01 19:43:10","Book chapter","","","https://scholar.google.com/citations?view_op=view_citation&hl=en&user=HwwQpEEAAAAJ&cstart=300&pagesize=100&citation_for_view=HwwQpEEAAAAJ:SjuI4pbJlxcC",,,56,66,1,0.05,0,6,19,"","",""
1,"S Bedrane, C Descorme, D Duprez","Étude du stockage de l'oxygène sur catalyseurs modèles de post-combustion automobile",2002,"Journal de Physique IV (Proceedings)","","","https://scholar.google.com/scholar?oi=bibs&hl=en&cites=13889362413149969199",304,"2023-03-01 19:43:10","Conference paper","","","https://scholar.google.com/citations?view_op=view_citation&hl=en&user=HwwQpEEAAAAJ&cstart=300&pagesize=100&citation_for_view=HwwQpEEAAAAJ:artPoR2Yc-kC",12,2,15,24,1,0.05,0,3,21,"","",""
1,"F Aupretre, C Descorme, D Duprez","Le vaporeformage catalytique: un vieux procédé pour une solution nouvelle",2000,"","","","https://scholar.google.com/scholar?oi=bibs&hl=en&cites=9054976034515856906",305,"2023-03-01 19:43:10","","","","https://scholar.google.com/citations?view_op=view_citation&hl=en&user=HwwQpEEAAAAJ&cstart=300&pagesize=100&citation_for_view=HwwQpEEAAAAJ:9Nmd_mFXekcC",,,,,1,0.04,0,3,23,"","",""
1,"D Duprez","Catalyse polyfonctionnelle pour le traitement des effluents automobiles",1995,"Journal de chimie physique","","","https://scholar.google.com/scholar?oi=bibs&hl=en&cites=8885649068180850658",306,"2023-03-01 19:43:10","Journal article","","","https://scholar.google.com/citations?view_op=view_citation&hl=en&user=HwwQpEEAAAAJ&cstart=300&pagesize=100&citation_for_view=HwwQpEEAAAAJ:uJ-U7cs_P_0C",92,,1952,1983,1,0.04,1,1,28,"","",""
1,"D Duprez, O Enea","Clusters and thin films prepared by DC-sputtering: morphology and catalytic properties",1995,"Studies in Surface Science and Catalysis","","","https://scholar.google.com/scholar?oi=bibs&hl=en&cites=700780974992772582",307,"2023-03-01 19:43:10","Journal article","","","https://scholar.google.com/citations?view_op=view_citation&hl=en&user=HwwQpEEAAAAJ&cstart=300&pagesize=100&citation_for_view=HwwQpEEAAAAJ:_FxGoFyzp5QC",91,,941,948,1,0.04,1,2,28,"","",""
1,"O Ferretti, P Marécot, M Demicheli, G Gonzalez, D Duprez, J Barbier","STABILITY AND POISONING BY SULFUR OF NI/ALPHA ALUMINA STEAM-REFORMING CATALYSTS",1990,"BULLETIN DE LA SOCIETE CHIMIQUE DE FRANCE","","","https://scholar.google.com/scholar?oi=bibs&hl=en&cites=5377245539228896377",308,"2023-03-01 19:43:10","Journal article","","","https://scholar.google.com/citations?view_op=view_citation&hl=en&user=HwwQpEEAAAAJ&cstart=300&pagesize=100&citation_for_view=HwwQpEEAAAAJ:UxriW0iASnsC",,,347,352,1,0.03,0,6,33,"","",""
1,"G Delahay, J Bousquet, D Duprez","CATALYTIC STEAM REFORMING OF HEAVY AROMATIC-HYDROCARBONS. 1. STEAM REFORMING OF METHYL-1-NAPHTALENE ON RH, NI AND PT",1985,"BULLETIN DE LA SOCIETE CHIMIQUE DE FRANCE","","","https://scholar.google.com/scholar?oi=bibs&hl=en&cites=1206424739605150315",309,"2023-03-01 19:43:10","Journal article","","","https://scholar.google.com/citations?view_op=view_citation&hl=en&user=HwwQpEEAAAAJ&cstart=300&pagesize=100&citation_for_view=HwwQpEEAAAAJ:5nxA0vEk-isC",,,1237,1244,1,0.03,0,3,38,"","",""
1,"D Duprez","Applications of chromatographic techniques in heterogeneous catalysis",1983,"JOURNAL DE CHIMIE PHYSIQUE ET DE PHYSICO-CHIMIE BIOLOGIQUE","","","https://scholar.google.com/scholar?oi=bibs&hl=en&cites=5538978554866366612",310,"2023-03-01 19:43:10","Journal article","","","https://scholar.google.com/citations?view_op=view_citation&hl=en&user=HwwQpEEAAAAJ&cstart=300&pagesize=100&citation_for_view=HwwQpEEAAAAJ:qwy9JoKyICEC",80,6,487,505,1,0.03,1,1,40,"","",""
1,"M Grand, D Duprez","Catalysts for water dealkylation of aromatic hydrocarbons",1982,"US Patent 4,311,614","","","https://scholar.google.com/scholar?oi=bibs&hl=en&cites=5728787459557659149",311,"2023-03-01 19:43:10","Patent","","","https://scholar.google.com/citations?view_op=view_citation&hl=en&user=HwwQpEEAAAAJ&cstart=300&pagesize=100&citation_for_view=HwwQpEEAAAAJ:vRqMK49ujn8C",,,,,1,0.02,1,2,41,"","",""
1,"D Duprez, A Miloudi","Effect of Water on Metals in the SMSI State: Rh, Pt and Ni on Titania (Anatase)",1982,"Studies in Surface Science and Catalysis","","","https://scholar.google.com/scholar?oi=bibs&hl=en&cites=11813644698762954741",312,"2023-03-01 19:43:10","Journal article","","","https://scholar.google.com/citations?view_op=view_citation&hl=en&user=HwwQpEEAAAAJ&cstart=300&pagesize=100&citation_for_view=HwwQpEEAAAAJ:XvxMoLDsR5gC",11,,179,184,1,0.02,1,2,41,"","",""
1,"A Miloudi, D Duprez, M Bastick, J Bastick","Textural changes in alumina coked by toluene cracking in fluidized bed",1981,"Reaction Kinetics and Catalysis Letters 17 (1-2)","","","https://scholar.google.com/scholar?oi=bibs&hl=en&cites=15758933661356708005",313,"2023-03-01 19:43:10","Journal article","","","https://scholar.google.com/citations?view_op=view_citation&hl=en&user=HwwQpEEAAAAJ&cstart=300&pagesize=100&citation_for_view=HwwQpEEAAAAJ:IaI1MmNe2tcC",,,143,147,1,0.02,0,4,42,"","",""
1,"D Duprez, M Bastick, J Bastick","Étude théorique des réactions catalytiques à l’aide d’un réacteur chromatographique en régime pulsé cinétique d’ordre n et cinétique de langmuir",1974,"Journal de Chimie Physique","","","https://scholar.google.com/scholar?oi=bibs&hl=en&cites=1544214795618435006",314,"2023-03-01 19:43:10","Journal article","","","https://scholar.google.com/citations?view_op=view_citation&hl=en&user=HwwQpEEAAAAJ&cstart=300&pagesize=100&citation_for_view=HwwQpEEAAAAJ:ULOm3_A8WrAC",71,,278,284,1,0.02,0,3,49,"","",""
0,"F Can, X Courtois, D Duprez","Tungsten-Based Catalysts for Environmental Applications. Catalysts 2021, 11, 703",2021,"s Note: MDPI stays neu-tral with regard to jurisdictional claims in …","","","https://scholar.google.com",315,"2023-03-01 19:43:10","","","","https://scholar.google.com/citations?view_op=view_citation&hl=en&user=HwwQpEEAAAAJ&cstart=300&pagesize=100&citation_for_view=HwwQpEEAAAAJ:EaFouW7jFu4C",,,,,0,0.00,0,3,2,"","",""
0,"N Bion, F Can, X Courtois, D Duprez","Institut de Chimie, Des Milieux et des Matériaux (IC2MP), Université de Poitiers, Poitiers, France",2018,"Metal Oxides in Heterogeneous Catalysis","","","https://scholar.google.com",316,"2023-03-01 19:43:10","Journal article","","","https://scholar.google.com/citations?view_op=view_citation&hl=en&user=HwwQpEEAAAAJ&cstart=300&pagesize=100&citation_for_view=HwwQpEEAAAAJ:hvmnpdAuIbkC",287,,,,0,0.00,0,4,5,"","",""
0,"H Olivier‐Bourbigou, C Chizallet, F Dumeignil, P Fongarland, C Geantet, ...","Cover Picture: The Pivotal Role of Catalysis in France: Selected Examples of Recent Advances and Future Prospects.(ChemCatChem 12/2017)",2017,"ChemCatChem","","","https://scholar.google.com",317,"2023-03-01 19:43:10","Journal article","","","https://scholar.google.com/citations?view_op=view_citation&hl=en&user=HwwQpEEAAAAJ&cstart=300&pagesize=100&citation_for_view=HwwQpEEAAAAJ:g3aElNc5_aQC",9,12,2022,2022,0,0.00,0,6,6,"","",""
0,"M Richard, F Can, D Duprez, N Bion, AR McFarlane, JSJ Hargreaves","Utilisation de systèmes catalytiques nitrures pour la synthèse d’ammoniac à pression atmosphérique",2016,"l’actualité chimique","","","https://scholar.google.com",318,"2023-03-01 19:43:10","","","","https://scholar.google.com/citations?view_op=view_citation&hl=en&user=HwwQpEEAAAAJ&cstart=300&pagesize=100&citation_for_view=HwwQpEEAAAAJ:u-coK7KVo8oC",,,,,0,0.00,0,6,7,"","",""
0,"M Seneque, F Can, D Duprez, X Courtois","NOx SCR by urea by Urea: Evidence of the Reactivity of HNCO, Including a Specific Reaction Pathway for NOx Reduction Involving NO+ NO 2",2016,"ACS Catalysis","","","https://scholar.google.com",319,"2023-03-01 19:43:10","Journal article","","","https://scholar.google.com/citations?view_op=view_citation&hl=en&user=HwwQpEEAAAAJ&cstart=300&pagesize=100&citation_for_view=HwwQpEEAAAAJ:ji7lAbPyDbYC",6,7,4064,4067,0,0.00,0,4,7,"","",""
0,"R Zhang, N Liu, Z Luo, W Yang, X Liang, R Xu, B Chen, D Duprez, ...","Cover Picture: A Remarkable Catalyst Combination to Widen the Operating Temperature Window of the Selective Catalytic Reduction of NO by NH3 (ChemCatChem 8/2014)",2014,"ChemCatChem","","","https://scholar.google.com",320,"2023-03-01 19:43:10","Journal article","","","https://scholar.google.com/citations?view_op=view_citation&hl=en&user=HwwQpEEAAAAJ&cstart=300&pagesize=100&citation_for_view=HwwQpEEAAAAJ:_kc_bZDykSQC",6,8,2141,2141,0,0.00,0,9,9,"","",""
0,"I Maupin, J Mijoin, T Belin, C Morais, V Montouillout, D Duprez, N Bion","Direct evidence of the role of dispersed ceria on the activation of oxygen in NaX zeolite by coupling the ¹⁷O/¹⁶O isotopic exchange and ¹⁷O solid-state NMR",2013,"Journal of catalysis","","","https://scholar.google.com",321,"2023-03-01 19:43:10","Journal article","","","https://scholar.google.com/citations?view_op=view_citation&hl=en&user=HwwQpEEAAAAJ&cstart=300&pagesize=100&citation_for_view=HwwQpEEAAAAJ:jmjb1lOE9QIC",,,,,0,0.00,0,7,10,"","",""
0,"A Ungureanu, B Dragoi, A Chirieac, C Ciotonea, S Royer, D Duprez, ...","Effect of chemical composition on the morpho-structural properties of bimetallic Ni-Cu nanoparticles confined within the channels of ordered mesoporous SBA-15 silica by mild …",2013,"ACS Applied Materials &Interfaces","","","https://scholar.google.com",322,"2023-03-01 19:43:10","Journal article","","","https://scholar.google.com/citations?view_op=view_citation&hl=en&user=HwwQpEEAAAAJ&cstart=300&pagesize=100&citation_for_view=HwwQpEEAAAAJ:raTqNPD5sRQC",5,,3010,3025,0,0.00,0,7,10,"","",""
0,"L Vivier, D Duprez","Transformation of Oxygenated Compounds Derived from Biomass into Valuable Chemicals Using Ceria-Based Solid Catalysts",2013,"Catalysis by Ceria and Related Materials","","","https://scholar.google.com",323,"2023-03-01 19:43:10","Book chapter","","","https://scholar.google.com/citations?view_op=view_citation&hl=en&user=HwwQpEEAAAAJ&cstart=300&pagesize=100&citation_for_view=HwwQpEEAAAAJ:4JMBOYKVnBMC",,,783,811,0,0.00,0,2,10,"","",""
0,"S Laassiri, N Bion, D Duprez, H Alamdari, S Royer","ARS process to nanocrystalline BaMxAl12-xO19-δ (M= Mn, Fe, Co) hexaaluminate. Performance for high temperature methane oxidation",2013,"Catalysis science and Technology","","","https://scholar.google.com",324,"2023-03-01 19:43:10","Journal article","","","https://scholar.google.com/citations?view_op=view_citation&hl=en&user=HwwQpEEAAAAJ&cstart=300&pagesize=100&citation_for_view=HwwQpEEAAAAJ:qxL8FJ1GzNcC",3,,2259,2269,0,0.00,0,5,10,"","",""
0,"C Mirodatos, Y Schuurman, D Duprez, F Luck","Natural Gas Conversion Symposium (NGCS 9) Special Issue Preface",2012,"Applied Catalysis B: Environmental","","","https://scholar.google.com",325,"2023-03-01 19:43:10","Journal article","","","https://scholar.google.com/citations?view_op=view_citation&hl=en&user=HwwQpEEAAAAJ&cstart=300&pagesize=100&citation_for_view=HwwQpEEAAAAJ:5qfkUJPXOUwC",113,,1,1,0,0.00,0,4,11,"","",""
0,"C Mirodatos, Y Schuurman, D Duprez, F Luck","Special Issue Section 2: Recent trends in C1-C4 chemistry: from fossil to bio resources. A special issue dedicated to the 9th Novel Gas Conversion Symposium held in Lyon, May …",2011,"Catalysis Today","","","https://scholar.google.com",326,"2023-03-01 19:43:10","Journal article","","","https://scholar.google.com/citations?view_op=view_citation&hl=en&user=HwwQpEEAAAAJ&cstart=300&pagesize=100&citation_for_view=HwwQpEEAAAAJ:kh2fBNsKQNwC",171,1,14,14,0,0.00,0,4,12,"","",""
0,"S Keav, A Martin, J Barbier Jr, D Duprez","Nature du dépôt formé au cours de l’oxydation en voie humide catalysée du phénol",2010,"Comptes Rendus Chimie","","","https://scholar.google.com",327,"2023-03-01 19:43:10","Journal article","","","https://scholar.google.com/citations?view_op=view_citation&hl=en&user=HwwQpEEAAAAJ&cstart=300&pagesize=100&citation_for_view=HwwQpEEAAAAJ:JV2RwH3_ST0C",13,5,508,514,0,0.00,0,4,13,"","",""
0,"EC Corbos, X Courtois, F Can, P Marecot, D Duprez","NOx storage properties of Pt/Ba/Al model catalysts prepared by different methods",2009,"Applied Catalysis B, Environmental","","","https://scholar.google.com",328,"2023-03-01 19:43:10","Journal article","","","https://scholar.google.com/citations?view_op=view_citation&hl=en&user=HwwQpEEAAAAJ&cstart=300&pagesize=100&citation_for_view=HwwQpEEAAAAJ:cBPnxVikjH8C",84,3,514,514,0,0.00,0,5,14,"","",""
0,"A Birot, F Epron, D Duprez, C Descorme","Ethanol steam reforming over Rh/Ce {sub x} Zr {sub 1-x} O {sub 2} catalysts. Impact of the CO-CO {sub 2}-CH {sub 4} interconversion reactions on the H {sub 2} production",2008,"Applied Catalysis. B, Environmental","","","https://scholar.google.com",329,"2023-03-01 19:43:10","Journal article","","","https://scholar.google.com/citations?view_op=view_citation&hl=en&user=HwwQpEEAAAAJ&cstart=300&pagesize=100&citation_for_view=HwwQpEEAAAAJ:SnGPuo6Feq8C",79,,,,0,0.00,0,4,15,"","",""
0,"I POULIOS, D DUPREZ","Advanced Catalytic Oxidation Processes",2007,"Elsevier","","","https://scholar.google.com",330,"2023-03-01 19:43:10","","","","https://scholar.google.com/citations?view_op=view_citation&hl=en&user=HwwQpEEAAAAJ&cstart=300&pagesize=100&citation_for_view=HwwQpEEAAAAJ:RMgMIBzvq-4C",,,,,0,0.00,0,2,16,"","",""
0,"Α Βirot, F Epron, C Descorme, D Duprez","Rh/Ce0. 5Zr0. 5O2Catalyst for H2 Production by Ethanol Steam Reforming: impact of CO-CO2-CH4 Interconversion Reactions",2007,"Studies in surface science and catalysis","","","https://scholar.google.com",331,"2023-03-01 19:43:10","Journal article","","","https://scholar.google.com/citations?view_op=view_citation&hl=en&user=HwwQpEEAAAAJ&cstart=300&pagesize=100&citation_for_view=HwwQpEEAAAAJ:5icHVeHT4IsC",172,,289,292,0,0.00,0,4,16,"","",""
0,"D Duprez","From fossil fuels to green fuels: an alternative energy supply for future cars Forum Aaquius and Aaqius “Control of diesel emissions: strategy ans solutions”.",2006,"From fossil fuels to green fuels: an alternative energy supply for future …","","","https://scholar.google.com",332,"2023-03-01 19:43:10","","","","https://scholar.google.com/citations?view_op=view_citation&hl=en&user=HwwQpEEAAAAJ&cstart=300&pagesize=100&citation_for_view=HwwQpEEAAAAJ:zA6iFVUQeVQC",,,,,0,0.00,0,1,17,"","",""
0,"J Mikulova, S Rossignol, J Barbier Jr, D Duprez, C Kappenstein","Platinum catalysts supported on Ce, Zr, Pr-oxides in catalytic wet air oxidation of acetic acid., 1st European Conference on Environmental applications of Advanced Oxidation …",2006,"Platinum catalysts supported on Ce, Zr, Pr-oxides in catalytic wet air …","","","https://scholar.google.com",333,"2023-03-01 19:43:10","","","","https://scholar.google.com/citations?view_op=view_citation&hl=en&user=HwwQpEEAAAAJ&cstart=300&pagesize=100&citation_for_view=HwwQpEEAAAAJ:MAUkC_7iAq8C",,,,,0,0.00,0,5,17,"","",""
0,"EC Corbos, X Courtois, N Bion, P Marecot, D Duprez","Impact of the support on the NOx trap properties of barium in Pt/Ba/support catalysts. French-Japan Meeting on Environmental Catalysis for Sustaining Clean Air and Water (ECSAW …",2006,"Impact of the support on the NOx trap properties of barium in Pt/Ba/support …","","","https://scholar.google.com",334,"2023-03-01 19:43:10","","","","https://scholar.google.com/citations?view_op=view_citation&hl=en&user=HwwQpEEAAAAJ&cstart=300&pagesize=100&citation_for_view=HwwQpEEAAAAJ:sNmaIFBj_lkC",,,,,0,0.00,0,5,17,"","",""
0,"EC Corbos, S Elbouazzaoui, P Marecot, D Duprez, X Courtois","Impact of the support on the NOx trap properties of barium in Pt/Ba/support catalysts. NOx storage capacity, regeneration and sulfur resistance of the catalysts. 5th Tokyo …",2006,"Impact of the support on the NOx trap properties of barium in Pt/Ba/support …","","","https://scholar.google.com",335,"2023-03-01 19:43:10","","","","https://scholar.google.com/citations?view_op=view_citation&hl=en&user=HwwQpEEAAAAJ&cstart=300&pagesize=100&citation_for_view=HwwQpEEAAAAJ:t6usbXjVLHcC",,,,,0,0.00,0,5,17,"","",""
0,"A Birot, F Epron, C Descorme, D Duprez","Rh/Ce0. 5Zr0. 5O2 catalyst for H2 production by ethanol steam reforming: impact of CO-CO2-CH4 interconversion reactions 5th Tokyo Conference on Advanced Catalytic Science and …",2006,"Rh/Ce0. 5Zr0","5O2 catalyst for H2 production by ethanol steam reforming …","","https://scholar.google.com",336,"2023-03-01 19:43:10","","","","https://scholar.google.com/citations?view_op=view_citation&hl=en&user=HwwQpEEAAAAJ&cstart=300&pagesize=100&citation_for_view=HwwQpEEAAAAJ:TFP_iSt0sucC",,,,,0,0.00,0,4,17,"","",""
0,"E Gernot, F Aupretre, A Deschamps, F Epron, P Marecot, D Duprez, ...","Production of hydrogen from bioethanol in catalytic membrane reactor 16th World Hydrogen Energy Conférence, du 13 au 16 juin 2006, Lyon (France).",2006,"Production of hydrogen from bioethanol in catalytic membrane reactor","","","https://scholar.google.com",337,"2023-03-01 19:43:10","","","","https://scholar.google.com/citations?view_op=view_citation&hl=en&user=HwwQpEEAAAAJ&cstart=300&pagesize=100&citation_for_view=HwwQpEEAAAAJ:dTyEYWd-f8wC",,,,,0,0.00,0,7,17,"","",""
0,"EC Corbos, S Elbouazzaoui, G Courtois, P Marecot, D Duprez","Influence du support sur les propriétés de stockage des NOX du baryum, résistance au soufre et régénération de catalyseurs modèles Pt/Ba/support. Journées annuelles du GECAT …",2006,"Influence du support sur les propriétés de stockage des NOX du baryum …","","","https://scholar.google.com",338,"2023-03-01 19:43:10","","","","https://scholar.google.com/citations?view_op=view_citation&hl=en&user=HwwQpEEAAAAJ&cstart=300&pagesize=100&citation_for_view=HwwQpEEAAAAJ:9pM33mqn1YgC",,,,,0,0.00,0,5,17,"","",""
0,"EC Corbos, S Elbouazzaoui, X Courtois, P Marecot, D Duprez","NOx storage capacity, SO2 resistance and regeneration of Pt/(Ba)/CeZr model catalysts for NOx-trap system. 7th Intern. Symposium on Catalysis and Air pollution Control, CAPOC 7 …",2006,"NOx storage capacity, SO2 resistance and regeneration of Pt/(Ba)/CeZr model …","","","https://scholar.google.com",339,"2023-03-01 19:43:10","","","","https://scholar.google.com/citations?view_op=view_citation&hl=en&user=HwwQpEEAAAAJ&cstart=300&pagesize=100&citation_for_view=HwwQpEEAAAAJ:hMsQuOkrut0C",,,,,0,0.00,0,5,17,"","",""
0,"J Mikulová, S Rossignol, J Barbier Jr, C Kappenstein, D Duprez","Catalysts for Wet Air Oxidation Based on Ce-Zr-Pr-O Mixed Oxides Prepared by Soft Chemistry",2006,"Advances in Science and Technology","","","https://scholar.google.com",340,"2023-03-01 19:43:10","Journal article","","","https://scholar.google.com/citations?view_op=view_citation&hl=en&user=HwwQpEEAAAAJ&cstart=300&pagesize=100&citation_for_view=HwwQpEEAAAAJ:eJXPG6dFmWUC",45,,2089,2095,0,0.00,0,5,17,"","",""
0,"D Duprez, A Birot, C Descorme, F Epron","Rh/CexZr1-xO2 catalyst for H2 production by ethanol steam reforming. Impact of CO-CO2-CH4 interconversion reactions",2006,"TOCAT5, 23-28 juillet","","","https://scholar.google.com",341,"2023-03-01 19:43:10","","","","https://scholar.google.com/citations?view_op=view_citation&hl=en&user=HwwQpEEAAAAJ&cstart=300&pagesize=100&citation_for_view=HwwQpEEAAAAJ:M3ejUd6NZC8C",,,,,0,0.00,0,4,17,"","",""
0,"J Mikulova, S Rossignol, C Kappenstein, D Duprez","Effects of neodynium/praseodymium cations in cerium zirconium mixed oxides. SFC, Eurochem, août 2005, Nancy",2005,"Effects of neodynium/praseodymium cations in cerium zirconium mixed oxides.","","","https://scholar.google.com",342,"2023-03-01 19:43:10","","","","https://scholar.google.com/citations?view_op=view_citation&hl=en&user=HwwQpEEAAAAJ&cstart=300&pagesize=100&citation_for_view=HwwQpEEAAAAJ:WC23djZS0W4C",,,,,0,0.00,0,4,18,"","",""
0,"D Duprez","Contrôle des interactions métal/oxyde/support. Stratégies pour une durabilité accrue des matériaux de stockage des NOx.",2005,"Colloque Renault"" La physique s' associe à la chimie pour traiter les NOx""","","","https://scholar.google.com",343,"2023-03-01 19:43:10","","","","https://scholar.google.com/citations?view_op=view_citation&hl=en&user=HwwQpEEAAAAJ&cstart=300&pagesize=100&citation_for_view=HwwQpEEAAAAJ:Dip1O2bNi0gC",,,,,0,0.00,0,1,18,"","",""
0,"F Marino, C Descorme, D Duprez","Catalyseurs à base de métaux non nobles pour l'oxydation préférentielle du monoxyde de carbone en présence d'un large excès d'hydrogène. Journées annuelles du GECAT, La …",2005,"Catalyseurs à base de métaux non nobles pour l'oxydation préférentielle du …","","","https://scholar.google.com",344,"2023-03-01 19:43:10","","","","https://scholar.google.com/citations?view_op=view_citation&hl=en&user=HwwQpEEAAAAJ&cstart=300&pagesize=100&citation_for_view=HwwQpEEAAAAJ:Ug5p-4gJ2f0C",,,,,0,0.00,0,3,18,"","",""
0,"J Mikulova, S Rossignol, C Kappenstein, D Duprez","Structural data and oxygen storage capacity of new materials in the Ce-Nd-Zr-O system. Affiche, 19th North Amer. Catalysis Soc. Meeting, Philadelphia, PA, May 2005.",2005,"Structural data and oxygen storage capacity of new materials in the Ce-Nd-Zr …","","","https://scholar.google.com",345,"2023-03-01 19:43:10","","","","https://scholar.google.com/citations?view_op=view_citation&hl=en&user=HwwQpEEAAAAJ&cstart=300&pagesize=100&citation_for_view=HwwQpEEAAAAJ:LhH-TYMQEocC",,,,,0,0.00,0,4,18,"","",""
0,"D Duprez","Carburants verts et vecteur hydrogène: un enjeu pour la catalyse.",2005,"Conférence plénière. Journées annuelles du GECAT, Groupe d'Etudes de la …","","","https://scholar.google.com",346,"2023-03-01 19:43:10","Conference paper","","","https://scholar.google.com/citations?view_op=view_citation&hl=en&user=HwwQpEEAAAAJ&cstart=300&pagesize=100&citation_for_view=HwwQpEEAAAAJ:LI9QrySNdTsC",,,,,0,0.00,0,1,18,"","",""
0,"S Royer, D Duprez, S Kaliaguine","Oxygen mobility in LaCoO3 perovskites. First Conference of the European Union Coordination Action “CO-ordination of Nanostructured Catalytic Oxides Research and Development in …",2005,"Oxygen mobility in LaCoO3 perovskites. First Conference of the European …","","","https://scholar.google.com",347,"2023-03-01 19:43:10","Conference paper","","","https://scholar.google.com/citations?view_op=view_citation&hl=en&user=HwwQpEEAAAAJ&cstart=300&pagesize=100&citation_for_view=HwwQpEEAAAAJ:hC7cP41nSMkC",,,,,0,0.00,0,3,18,"","",""
0,"D Duprez","Isotopes in Catalytic Studies",2005,"Elsevier","","","https://scholar.google.com",348,"2023-03-01 19:43:10","","","","https://scholar.google.com/citations?view_op=view_citation&hl=en&user=HwwQpEEAAAAJ&cstart=300&pagesize=100&citation_for_view=HwwQpEEAAAAJ:Y0-TYkg6YM4C",,,,,0,0.00,0,1,18,"","",""
0,"S Royer, H Alamdari, D Duprez, S Kaliaguine","Oxygen storage capacity of La1-x Formula Not Shown BO3 perovskites (with Aprime= Sr, Ce; B= Co, Mn)-relation with catalytic activity in the CH4 oxidation reaction",2005,"APPLIED CATALYSIS B","","","https://scholar.google.com",349,"2023-03-01 19:43:10","Journal article","","","https://scholar.google.com/citations?view_op=view_citation&hl=en&user=HwwQpEEAAAAJ&cstart=300&pagesize=100&citation_for_view=HwwQpEEAAAAJ:wE-fMHVdjMkC",58,3,273,288,0,0.00,0,4,18,"","",""
0,"D Duprez, C Descorme, D Mesnard, C Montassier, G Perot, L Pirault-Roy, ...","Isotopes in Catalytic Studies-Preface",2005,"Applied Catalysis A: General","","","https://scholar.google.com",350,"2023-03-01 19:43:10","Journal article","","","https://scholar.google.com/citations?view_op=view_citation&hl=en&user=HwwQpEEAAAAJ&cstart=300&pagesize=100&citation_for_view=HwwQpEEAAAAJ:LXmCCkuhhTsC",289,1,1,1,0,0.00,0,7,18,"","",""
0,"A Birot, F Epron, C Descorme, D Duprez","Catalyseurs pour la production d'hydrogène par vaporeformage d'éthanol ex-bio-masse. GECAT, La Rochelle, 2005.",2005,"Catalyseurs pour la production d'hydrogène par vaporeformage d'éthanol ex …","","","https://scholar.google.com",351,"2023-03-01 19:43:10","","","","https://scholar.google.com/citations?view_op=view_citation&hl=en&user=HwwQpEEAAAAJ&cstart=300&pagesize=100&citation_for_view=HwwQpEEAAAAJ:OBSaB-F7qqsC",,,,,0,0.00,0,4,18,"","",""
0,"F Marino, C Descorme, D Duprez","Catalyseurs à base de métaux non-nobles pour l'oxydation préférentielle du monoxide de carbone en présence d'un large excès d'hydrogène",2005,"Gecat 2005, 30 mai-02 juin","","","https://scholar.google.com",352,"2023-03-01 19:43:10","","","","https://scholar.google.com/citations?view_op=view_citation&hl=en&user=HwwQpEEAAAAJ&cstart=300&pagesize=100&citation_for_view=HwwQpEEAAAAJ:cK4Rrx0J3m0C",,,,,0,0.00,0,3,18,"","",""
0,"A Birot, F Epron, C Descorme, D Duprez","Catalyseurs pour la production d'hydrogène par vaporeformage d'éthanol ex-biomasse",2005,"Gecat 2005, 30 mai-2 juin","","","https://scholar.google.com",353,"2023-03-01 19:43:10","","","","https://scholar.google.com/citations?view_op=view_citation&hl=en&user=HwwQpEEAAAAJ&cstart=300&pagesize=100&citation_for_view=HwwQpEEAAAAJ:tH6gc1N1XXoC",,,,,0,0.00,0,4,18,"","",""
0,"M Benkhaled, S Morin, D Uzio, D Duprez, C Descorme","Hydrogenation of unsaturated hydrocarbons by (very) small Pd alumina supported particles: factors governing catalytic activity",2004,"228th ACS National Meeting","","","https://scholar.google.com",354,"2023-03-01 19:43:10","Conference paper","","","https://scholar.google.com/citations?view_op=view_citation&hl=en&user=HwwQpEEAAAAJ&cstart=300&pagesize=100&citation_for_view=HwwQpEEAAAAJ:hsZV8lGYWTMC",,,,,0,0.00,0,5,19,"","",""
0,"M Benkhaled, D Uzio, D Duprez, D Descorme, S Morin","Reactivity of supported palladium nanoparticles in hydrogenation: Role of the particle surface density.",2004,"ABSTRACTS OF PAPERS OF THE AMERICAN CHEMICAL SOCIETY 228, U538-U","","","https://scholar.google.com",355,"2023-03-01 19:43:10","Abstract","","","https://scholar.google.com/citations?view_op=view_citation&hl=en&user=HwwQpEEAAAAJ&cstart=300&pagesize=100&citation_for_view=HwwQpEEAAAAJ:jgBuDB5drN8C",538,,,,0,0.00,0,5,19,"","",""
0,"F Aupretre, C Descorme, D Duprez, D Casanave, D Uzio","New multifunctional catalysts for the steam reforming of bioethanol",2004,"13th International Congress on Catalysis, ICC","","","https://scholar.google.com",356,"2023-03-01 19:43:10","Conference paper","","","https://scholar.google.com/citations?view_op=view_citation&hl=en&user=HwwQpEEAAAAJ&cstart=300&pagesize=100&citation_for_view=HwwQpEEAAAAJ:q3oQSFYPqjQC",13,,,,0,0.00,0,5,19,"","",""
0,"F Mariño, C Descorme, D Duprez","A comparative study between noble and base metal catalysts for the selective oxidation of CO in the presence of H2",2004,"13th International Congress on Catalysis, ICC","","","https://scholar.google.com",357,"2023-03-01 19:43:10","Conference paper","","","https://scholar.google.com/citations?view_op=view_citation&hl=en&user=HwwQpEEAAAAJ&cstart=300&pagesize=100&citation_for_view=HwwQpEEAAAAJ:J_g5lzvAfSwC",13,,,,0,0.00,0,3,19,"","",""
0,"S Bedrane, A Galdikas, C Descorme, D Duprez","A new computational method for the characterization of oxygen diffusion over ceria-containing supports",2004,"13th International Congress on Catalysis, ICC","","","https://scholar.google.com",358,"2023-03-01 19:43:10","Conference paper","","","https://scholar.google.com/citations?view_op=view_citation&hl=en&user=HwwQpEEAAAAJ&cstart=300&pagesize=100&citation_for_view=HwwQpEEAAAAJ:3fE2CSJIrl8C",13,,,,0,0.00,0,4,19,"","",""
0,"A Salac, P Marecot, X Courtois, D Duprez, A Sassi, H Colas, D Mey, ...","Session 6: Effect of thermal ageing under different gas atmospheres on Gasoline NO {sub x} Trap: correlation between catalyst functionality and structural properties",2004,"","","","https://scholar.google.com",359,"2023-03-01 19:43:10","","","","https://scholar.google.com/citations?view_op=view_citation&hl=en&user=HwwQpEEAAAAJ&cstart=300&pagesize=100&citation_for_view=HwwQpEEAAAAJ:C33y2ycGS3YC",,,,,0,0.00,0,8,19,"","",""
0,"F Marino, C Descorme, D Duprez","Session 4: A comparative study between noble and base metal catalysts for the selective oxidation of CO in the presence of H {sub 2}",2004,"","","","https://scholar.google.com",360,"2023-03-01 19:43:10","","","","https://scholar.google.com/citations?view_op=view_citation&hl=en&user=HwwQpEEAAAAJ&cstart=300&pagesize=100&citation_for_view=HwwQpEEAAAAJ:AYInfyleIOsC",,,,,0,0.00,0,3,19,"","",""
0,"F Sadi, A Miloudi, D Duprez, F Gerard","Session 4: Hydrogen generation by redox thermochemical cycles H {sub 2} O/Rh-SiO {sub 2} and H {sub 2} O/Rh-CeO {sub 2}",2004,"","","","https://scholar.google.com",361,"2023-03-01 19:43:10","","","","https://scholar.google.com/citations?view_op=view_citation&hl=en&user=HwwQpEEAAAAJ&cstart=300&pagesize=100&citation_for_view=HwwQpEEAAAAJ:QsaTk4IG4EwC",,,,,0,0.00,0,4,19,"","",""
0,"S Bedrane, C Descorme, D Duprez","Session 6: Comprehension of the Oxygen Routes in Three-Way Catalysts upon Oxygen Storage",2004,"","","","https://scholar.google.com",362,"2023-03-01 19:43:10","","","","https://scholar.google.com/citations?view_op=view_citation&hl=en&user=HwwQpEEAAAAJ&cstart=300&pagesize=100&citation_for_view=HwwQpEEAAAAJ:k_7cPK9k7w8C",,,,,0,0.00,0,3,19,"","",""
0,"F Aupretre, C Descorme, D Duprez, D Casanave, D Uzio","Session 4: New multifunctional catalyst for the steam reforming of bio-ethanol",2004,"","","","https://scholar.google.com",363,"2023-03-01 19:43:10","","","","https://scholar.google.com/citations?view_op=view_citation&hl=en&user=HwwQpEEAAAAJ&cstart=300&pagesize=100&citation_for_view=HwwQpEEAAAAJ:TlpoogIpr_IC",,,,,0,0.00,0,5,19,"","",""
0,"M Costes, N Guerrassi, JP Buchwalder, R Schernewski, P Fournier-Bidoz, ...","Combustion processes: from the common rail to the HCCI and from the direct ignition to the CAI; Procedes de combustion: du common rail au HCCI et de l'injection directe au CAI",2004,"","","","https://scholar.google.com",364,"2023-03-01 19:43:10","","","","https://scholar.google.com/citations?view_op=view_citation&hl=en&user=HwwQpEEAAAAJ&cstart=300&pagesize=100&citation_for_view=HwwQpEEAAAAJ:69ZgNCALVd0C",,,,,0,0.00,0,6,19,"","",""
0,"I Fechete, Y Batonneau, C Descorme, F Epron, D Duprez","Ability of carbon nano-tubes for the hydrogen storage; Capacite des nanotubes de carbone pour le stockage de l'hydrogene",2004,"","","","https://scholar.google.com",365,"2023-03-01 19:43:10","","","","https://scholar.google.com/citations?view_op=view_citation&hl=en&user=HwwQpEEAAAAJ&cstart=300&pagesize=100&citation_for_view=HwwQpEEAAAAJ:QUX0mv85b1cC",,,,,0,0.00,0,5,19,"","",""
0,"S Bedrane, C Descorme, D Duprez","How does oxygen storage occur on three-way catalysts?",2004,"ISOTOPCAT, Isotopes in Catalytic Studies, 7/07/04-9/07/","","","https://scholar.google.com",366,"2023-03-01 19:43:10","Journal article","","","https://scholar.google.com/citations?view_op=view_citation&hl=en&user=HwwQpEEAAAAJ&cstart=300&pagesize=100&citation_for_view=HwwQpEEAAAAJ:ALROH1vI_8AC",4,,,,0,0.00,0,3,19,"","",""
0,"S Bedrane, C Descorme, D Duprez","Comprehension of the oxygen routes in three-way catalysts upon oxygen storage",2004,"13th International Congress on Catalysis, 11/07/04-16/07/","","","https://scholar.google.com",367,"2023-03-01 19:43:10","Conference paper","","","https://scholar.google.com/citations?view_op=view_citation&hl=en&user=HwwQpEEAAAAJ&cstart=300&pagesize=100&citation_for_view=HwwQpEEAAAAJ:yFnVuubrUp4C",4,,,,0,0.00,0,3,19,"","",""
0,"M Benkhaled, D Uzio, D Duprez, C Descorme, S Morin","Reactivity of palladium nanoparticules supported in hydrogenation: role of the particle surface density",2004,"13th International Congress on Catalysis, 11/07/04-16/07/","","","https://scholar.google.com",368,"2023-03-01 19:43:10","Conference paper","","","https://scholar.google.com/citations?view_op=view_citation&hl=en&user=HwwQpEEAAAAJ&cstart=300&pagesize=100&citation_for_view=HwwQpEEAAAAJ:uc_IGeMz5qoC",4,,,,0,0.00,0,5,19,"","",""
0,"S Bedrane, C Descorme, D Duprez","Compréhension du processus de stockage de l'oxygène sur les catalyseurs de dépollution automobile",2004,"8èmes Journées DZnnes de Catalyse, 28/09/04-29/09/","","","https://scholar.google.com",369,"2023-03-01 19:43:10","Journal article","","","https://scholar.google.com/citations?view_op=view_citation&hl=en&user=HwwQpEEAAAAJ&cstart=300&pagesize=100&citation_for_view=HwwQpEEAAAAJ:hkOj_22Ku90C",4,,,,0,0.00,0,3,19,"","",""
0,"J Barrault, Y Pouilloux, P Marecot, D Duprez, M Guisnet","Heterogeneous Catalysis and Fine Chemistry",2003,"ChemInform 34 (43), no-no","","","https://scholar.google.com",370,"2023-03-01 19:43:10","","","","https://scholar.google.com/citations?view_op=view_citation&hl=en&user=HwwQpEEAAAAJ&cstart=300&pagesize=100&citation_for_view=HwwQpEEAAAAJ:nVrZBo8bIpAC",,,,,0,0.00,0,5,20,"","",""
0,"F Dong, T Tanabe, A Suda, Y Nagai, H Sobukawa, H Shinjoh, M Sugiura, ...","Oxygen mobility and dynamic performance over model three-way Pt/CeO2-ZrO2 catalysts",2003,"APCAT","","","https://scholar.google.com",371,"2023-03-01 19:43:10","Journal article","","","https://scholar.google.com/citations?view_op=view_citation&hl=en&user=HwwQpEEAAAAJ&cstart=300&pagesize=100&citation_for_view=HwwQpEEAAAAJ:mB3voiENLucC",3,,,,0,0.00,0,8,20,"","",""
0,"A Wootsch, C Descorme, D Duprez","Preparation of gold catalysts for the preferential CO oxidation reaction in the presence of hydrogen (PROX)",2003,"EUROPACAT-VI","","","https://scholar.google.com",372,"2023-03-01 19:43:10","","","","https://scholar.google.com/citations?view_op=view_citation&hl=en&user=HwwQpEEAAAAJ&cstart=300&pagesize=100&citation_for_view=HwwQpEEAAAAJ:uDGL6kOW6j0C",,,,,0,0.00,0,3,20,"","",""
0,"S Bedrane, A Galdikas, C Descorme, D Duprez","A New Kinetic Model for Oxygen Diffusion on Three-Way Catalysts",2003,"18th North American Catalysis Society Meeting","","","https://scholar.google.com",373,"2023-03-01 19:43:10","Conference paper","","","https://scholar.google.com/citations?view_op=view_citation&hl=en&user=HwwQpEEAAAAJ&cstart=300&pagesize=100&citation_for_view=HwwQpEEAAAAJ:WJVC3Jt7v1AC",,,,,0,0.00,0,4,20,"","",""
0,"A Wootsch, C Descorme, D Duprez","Preferential oxidation of carbon monoxide in the presence of hydrogen (PROX) over ceria-zirconia supported noble metal catalysts",2003,"18th North American Catalysis Society Meeting","","","https://scholar.google.com",374,"2023-03-01 19:43:10","Conference paper","","","https://scholar.google.com/citations?view_op=view_citation&hl=en&user=HwwQpEEAAAAJ&cstart=300&pagesize=100&citation_for_view=HwwQpEEAAAAJ:PELIpwtuRlgC",,,,,0,0.00,0,3,20,"","",""
0,"A Birot, C Descorme, D Duprez","Etude des catalyseurs de réduction de l'oxygène par homoéchange isotopique: echange et réactivité de l'oxygène et de l'eau sur Pt/C",2003,"Réunion du GDR"" PACEM""","","","https://scholar.google.com",375,"2023-03-01 19:43:10","","","","https://scholar.google.com/citations?view_op=view_citation&hl=en&user=HwwQpEEAAAAJ&cstart=300&pagesize=100&citation_for_view=HwwQpEEAAAAJ:EYYDruWGBe4C",,,,,0,0.00,0,3,20,"","",""
0,"S Bedrane, C Descorme, D Duprez","Stockage de l'oxygène sur des catalyseurs modèles de post-combustion automobile",2003,"Fourth International Symposium on Environment, Catalysis and Processes …","","","https://scholar.google.com",376,"2023-03-01 19:43:10","Conference paper","","","https://scholar.google.com/citations?view_op=view_citation&hl=en&user=HwwQpEEAAAAJ&cstart=300&pagesize=100&citation_for_view=HwwQpEEAAAAJ:BJbdYPG6LGMC",,,,,0,0.00,0,3,20,"","",""
0,"MD Amiridis, JM Herrmann, FH Ribeiro, A Baiker, S Kaliaguine, Z Schay, ...","Copyright© 2003, Elsevier Science BV All rights reserved. Publication information. Applied Catalysis B: Environmental (ISSN 0926-3373). For 2003 volumes 39^ 45 are scheduled …",2003,"","","","https://scholar.google.com",377,"2023-03-01 19:43:10","","","","https://scholar.google.com/citations?view_op=view_citation&hl=en&user=HwwQpEEAAAAJ&cstart=300&pagesize=100&citation_for_view=HwwQpEEAAAAJ:N5tVd3kTz84C",,,,,0,0.00,0,7,20,"","",""
0,"A Galdikas, S Bedrane, C Descorme, D Duprez","Kinetic modelling of oxygen isotopic exchange reactions on mixed oxides supported catalysts",2002,"EUCHEM Conference on Environmental Catalysis","","","https://scholar.google.com",378,"2023-03-01 19:43:10","Conference paper","","","https://scholar.google.com/citations?view_op=view_citation&hl=en&user=HwwQpEEAAAAJ&cstart=300&pagesize=100&citation_for_view=HwwQpEEAAAAJ:ye4kPcJQO24C",,,,,0,0.00,0,4,21,"","",""
0,"S Bedrane, C Descorme, D Duprez","Caractérisation de catalyseurs par homoéchange isotopique",2002,"8èmes Journées de la Matière Condensée, JMC","","","https://scholar.google.com",379,"2023-03-01 19:43:10","Journal article","","","https://scholar.google.com/citations?view_op=view_citation&hl=en&user=HwwQpEEAAAAJ&cstart=300&pagesize=100&citation_for_view=HwwQpEEAAAAJ:_Ybze24A_UAC",8,,,,0,0.00,0,3,21,"","",""
0,"S Bedrane, C Descorme, D Duprez","How does oxygen interact with CexZr1-xO2 supported three-way catalysts?",2002,"TOCAT","","","https://scholar.google.com",380,"2023-03-01 19:43:10","Journal article","","","https://scholar.google.com/citations?view_op=view_citation&hl=en&user=HwwQpEEAAAAJ&cstart=300&pagesize=100&citation_for_view=HwwQpEEAAAAJ:oNZyr7d5Mn4C",4,,,,0,0.00,0,3,21,"","",""
0,"F Aupretre, C Descorme, D Duprez","A new generation of steam reforming catalysts for H2 production from bio-ethanol",2002,"TOCAT","","","https://scholar.google.com",381,"2023-03-01 19:43:10","Journal article","","","https://scholar.google.com/citations?view_op=view_citation&hl=en&user=HwwQpEEAAAAJ&cstart=300&pagesize=100&citation_for_view=HwwQpEEAAAAJ:35N4QoGY0k4C",4,,,,0,0.00,0,3,21,"","",""
0,"F Aupretre, C Descorme, D Duprez","Bio-ethanol steam reforming on supported metal catalysts",2002,"Journées Scientifiques de l'Ecole Doctorale ICBG: Ouverture Internationale …","","","https://scholar.google.com",382,"2023-03-01 19:43:10","","","","https://scholar.google.com/citations?view_op=view_citation&hl=en&user=HwwQpEEAAAAJ&cstart=300&pagesize=100&citation_for_view=HwwQpEEAAAAJ:XiSMed-E-HIC",,,,,0,0.00,0,3,21,"","",""
0,"S Bedrane, C Descorme, D Duprez","Oxygen storage on three-way catalysts",2002,"Journées Scientifiques de l'Ecole Doctorale ICBG: Ouverture Internationale …","","","https://scholar.google.com",383,"2023-03-01 19:43:10","","","","https://scholar.google.com/citations?view_op=view_citation&hl=en&user=HwwQpEEAAAAJ&cstart=300&pagesize=100&citation_for_view=HwwQpEEAAAAJ:YsMSGLbcyi4C",,,,,0,0.00,0,3,21,"","",""
0,"S Bedrane, C Descorme, D Duprez","Caractérisation par homoéchange isotopique de catalyseurs de réduction de l'oxygène",2002,"Réunion du GDR"" PACEM""","","","https://scholar.google.com",384,"2023-03-01 19:43:10","","","","https://scholar.google.com/citations?view_op=view_citation&hl=en&user=HwwQpEEAAAAJ&cstart=300&pagesize=100&citation_for_view=HwwQpEEAAAAJ:0EnyYjriUFMC",,,,,0,0.00,0,3,21,"","",""
0,"C Gauthier, S Bedrane, C Descorme, D Duprez, C Lunot, E Labas, ...","Materials for the cleaning of exhaust gases and for the catalytic combustion in thermal production. Materials for the automotive exhaust gases cleaning. Storage of the oxygen …",2002,"","","","https://scholar.google.com",385,"2023-03-01 19:43:10","","","","https://scholar.google.com/citations?view_op=view_citation&hl=en&user=HwwQpEEAAAAJ&cstart=300&pagesize=100&citation_for_view=HwwQpEEAAAAJ:2vr6o8x5NLkC",,,,,0,0.00,0,7,21,"","",""
0,"MA den Hollander, M Wissink, M Makkee, JA Moulijn, C Descorme, ...","Shape-selective synthesis of 2-acetylnaphthalene via naphthalene acylation with acetic anhydride over large pore zeolites 65",2002,"Applied Catalysis A: General","","","https://scholar.google.com",386,"2023-03-01 19:43:10","Journal article","","","https://scholar.google.com/citations?view_op=view_citation&hl=en&user=HwwQpEEAAAAJ&cstart=300&pagesize=100&citation_for_view=HwwQpEEAAAAJ:j7_hQOaDUrUC",223,,303,304,0,0.00,0,6,21,"","",""
0,"J BARRAULT, Y POUILLOUX, P MARECOT, D DUPREZ, M GUISNET","Catalyse hétérogène et chimie fine",2002,"L'Actualité chimique (Paris","1973), II-VIII","","https://scholar.google.com",387,"2023-03-01 19:43:10","","","","https://scholar.google.com/citations?view_op=view_citation&hl=en&user=HwwQpEEAAAAJ&cstart=300&pagesize=100&citation_for_view=HwwQpEEAAAAJ:ubry08Y2EpUC",,,,,0,0.00,0,5,21,"","",""
0,"CB Almquist, MD Amiridis, JA Anderson, B Bachiller-Baeza, C Binet, ...","Ferreira-Aparicio, P., 182 Fierro, JLG, 112 Fuerte, A.",2002,"Journal of Catalysis","","","https://scholar.google.com",388,"2023-03-01 19:43:10","Journal article","","","https://scholar.google.com/citations?view_op=view_citation&hl=en&user=HwwQpEEAAAAJ&cstart=300&pagesize=100&citation_for_view=HwwQpEEAAAAJ:z_wVstp3MssC",212,,240,240,0,0.00,0,6,21,"","",""
0,"S Rossignol, C Descorme, C Kappenstein, D Duprez","Structural and catalytic properties of Zr-Ce-Pr-O xerogels",2002,"","","","https://scholar.google.com",389,"2023-03-01 19:43:10","","","","https://scholar.google.com/citations?view_op=view_citation&hl=en&user=HwwQpEEAAAAJ&cstart=300&pagesize=100&citation_for_view=HwwQpEEAAAAJ:V3AGJWp-ZtQC",,,,,0,0.00,0,4,21,"","",""
0,"S Bedrane, C Descorme, D Duprez","Materiaux pour la depollution des gaz d'echappement et pour la combustion catalytique en production thermique-Etude du stockage de l'oxygene sur catalyseurs modeles de post …",2002,"Journal de Physique-Colloques","","","https://scholar.google.com",390,"2023-03-01 19:43:10","Journal article","","","https://scholar.google.com/citations?view_op=view_citation&hl=en&user=HwwQpEEAAAAJ&cstart=300&pagesize=100&citation_for_view=HwwQpEEAAAAJ:u-x6o8ySG0sC",12,2,15,24,0,0.00,0,3,21,"","",""
0,"S Bedrane, C Descorme, D Duprez","Oxygen mobility in CexZr (1-x) O2-supported catalysts: a kinetic and mechanistic investigation",2001,"3rd International Congress on Environmental Catalysis","","","https://scholar.google.com",391,"2023-03-01 19:43:10","Conference paper","","","https://scholar.google.com/citations?view_op=view_citation&hl=en&user=HwwQpEEAAAAJ&cstart=300&pagesize=100&citation_for_view=HwwQpEEAAAAJ:xtoqd-5pKcoC",,,,,0,0.00,0,3,22,"","",""
0,"F Aupretre, C Descorme, D Duprez","H2 production from bio-ethanol via catalytic steam reforming",2001,"3rd International Congress on Environmental Catalysis","","","https://scholar.google.com",392,"2023-03-01 19:43:10","Conference paper","","","https://scholar.google.com/citations?view_op=view_citation&hl=en&user=HwwQpEEAAAAJ&cstart=300&pagesize=100&citation_for_view=HwwQpEEAAAAJ:d1gkVwhDpl0C",,,,,0,0.00,0,3,22,"","",""
0,"C Mihut, BD Chandler, MD Amiridis, C Descorme, D Duprez","Supported Pt-Au cluster-derived catalysts for selective catalytic reduction of nitrogen oxides by propylene",2001,"17th North American Catalysis Society Meeting","","","https://scholar.google.com",393,"2023-03-01 19:43:10","Conference paper","","","https://scholar.google.com/citations?view_op=view_citation&hl=en&user=HwwQpEEAAAAJ&cstart=300&pagesize=100&citation_for_view=HwwQpEEAAAAJ:-FonjvnnhkoC",,,,,0,0.00,0,5,22,"","",""
0,"S Rossignol, C Descorme, C Kappenstein, D Duprez","Structure and catalytic properties of Zr-Ce-Pr-O mixed Oxides Prepared by Sol-Gel Method",2001,"17th North American Catalysis Society Meeting","","","https://scholar.google.com",394,"2023-03-01 19:43:10","Conference paper","","","https://scholar.google.com/citations?view_op=view_citation&hl=en&user=HwwQpEEAAAAJ&cstart=300&pagesize=100&citation_for_view=HwwQpEEAAAAJ:_Qo2XoVZTnwC",,,,,0,0.00,0,4,22,"","",""
0,"S Bedrane, C Descorme, D Duprez","Etude du stockage de l'oxygène sur des catalyseurs à base de cérine et cérine-zircone",2001,"GECAT","","","https://scholar.google.com",395,"2023-03-01 19:43:10","","","","https://scholar.google.com/citations?view_op=view_citation&hl=en&user=HwwQpEEAAAAJ&cstart=300&pagesize=100&citation_for_view=HwwQpEEAAAAJ:w0F2JDEymm0C",,,,,0,0.00,0,3,22,"","",""
0,"F Aupretre, C Descorme, D Duprez","Production d'hydrogène par vaporeformage de l'ethanol",2001,"GECAT","","","https://scholar.google.com",396,"2023-03-01 19:43:10","","","","https://scholar.google.com/citations?view_op=view_citation&hl=en&user=HwwQpEEAAAAJ&cstart=300&pagesize=100&citation_for_view=HwwQpEEAAAAJ:4OULZ7Gr8RgC",,,,,0,0.00,0,3,22,"","",""
0,"R Burch, D Duprez, CS McKee, PG Menon, M Misono, A Miyamoto","NEWS BRIEF CORRESPONDENTS",2001,"Applied Catalysis A: General","","","https://scholar.google.com",397,"2023-03-01 19:43:10","Journal article","","","https://scholar.google.com/citations?view_op=view_citation&hl=en&user=HwwQpEEAAAAJ&cstart=300&pagesize=100&citation_for_view=HwwQpEEAAAAJ:u9iWguZQMMsC",211,1,,,0,0.00,0,6,22,"","",""
0,"M Haneda, E Joubert, D Duprez, J Barbier, N Bion, M Daturi, J Saussey, ...","Surface characterization of alumina-supported catalysts prepared by solâ gel method. Part II. â Surface reactivity with CO",2001,"Royal Society of Chemistry","","","https://scholar.google.com",398,"2023-03-01 19:43:10","","","","https://scholar.google.com/citations?view_op=view_citation&hl=en&user=HwwQpEEAAAAJ&cstart=300&pagesize=100&citation_for_view=HwwQpEEAAAAJ:PQEM9vzQD9gC",,,,,0,0.00,0,8,22,"","",""
0,"IS Metcalfe, L Oliviero, J Barbier, D Duprez, H Wahyu, JW Ponton, ...","Wet air oxidation of aqueous solutions of maleic acid over Ru/CeO2 catalysts",2001,"Applied Catalysis B: Environmental","","","https://scholar.google.com",399,"2023-03-01 19:43:10","","","","https://scholar.google.com/citations?view_op=view_citation&hl=en&user=HwwQpEEAAAAJ&cstart=300&pagesize=100&citation_for_view=HwwQpEEAAAAJ:9DLIHnF0jcYC",,,,,0,0.00,0,7,22,"","",""
0,"F Aupretre, C Descorme, D Duprez","Hydrogen production and storage-Catalytic vaporeforming: Application to the on-board production of hydrogen from hydrocarbons or alcohols.",2001,"Annales de Chimie-Science des Materiaux","","","https://scholar.google.com",400,"2023-03-01 19:43:10","Journal article","","","https://scholar.google.com/citations?view_op=view_citation&hl=en&user=HwwQpEEAAAAJ&cstart=300&pagesize=100&citation_for_view=HwwQpEEAAAAJ:yqoGN6RLRZoC",26,4,93,106,0,0.00,0,3,22,"","",""
0,"M Haneda, E Joubert, JC Menezo, D Duprez, J Barbier, N Bion, M Daturi, ...","Solids, Catalysis and Materials Science-Surface characterization of alumina-supported catalysts prepared by sol-gel method. Part II.--Surface reactivity with CO",2001,"Physical Chemistry Chemical Physics","","","https://scholar.google.com",401,"2023-03-01 19:43:10","Journal article","","","https://scholar.google.com/citations?view_op=view_citation&hl=en&user=HwwQpEEAAAAJ&cstart=400&pagesize=100&citation_for_view=HwwQpEEAAAAJ:ML0RJ9NH7IQC",3,7,1371,1375,0,0.00,0,8,22,"","",""
0,"S Bedrane, C Descorme, D Duprez","Etude de l'activation et de la mobilité de l'oxygène sur catalyseurs de post-combustion modèles",2000,"7èmes Journées Algériennes de Catalyse","","","https://scholar.google.com",402,"2023-03-01 19:43:10","","","","https://scholar.google.com/citations?view_op=view_citation&hl=en&user=HwwQpEEAAAAJ&cstart=400&pagesize=100&citation_for_view=HwwQpEEAAAAJ:-95Q15plzcUC",,,,,0,0.00,0,3,23,"","",""
0,"A Wootsch, C Descorme, Z Paal, D Duprez","Removal of carbonaceous residues by deuterium from Pt catalysts: the study of isotopic distribution in methane (RR069)",2000,"12th International Congress on Catalysis","","","https://scholar.google.com",403,"2023-03-01 19:43:10","Conference paper","","","https://scholar.google.com/citations?view_op=view_citation&hl=en&user=HwwQpEEAAAAJ&cstart=400&pagesize=100&citation_for_view=HwwQpEEAAAAJ:M3NEmzRMIkIC",,,,,0,0.00,0,4,23,"","",""
0,"F Aupretre, C Descorme, D Duprez","Steam reforming: an old process for a new solution; Le vaporeformage catalytique: un vieux procede pour une solution nouvelle...",2000,"","","","https://scholar.google.com",404,"2023-03-01 19:43:10","","","","https://scholar.google.com/citations?view_op=view_citation&hl=en&user=HwwQpEEAAAAJ&cstart=400&pagesize=100&citation_for_view=HwwQpEEAAAAJ:pS0ncopqnHgC",,,,,0,0.00,0,3,23,"","",""
0,"A Wootsch, C Descorme, Z Paal, D Duprez","Comparative study of C1 species removed by deuterium from EuroPt-1 and Pt Black after contact with n-Hexane+ H2 mixture",2000,"5th Pannonian International Symposium on Catalysis","","","https://scholar.google.com",405,"2023-03-01 19:43:10","Conference paper","","","https://scholar.google.com/citations?view_op=view_citation&hl=en&user=HwwQpEEAAAAJ&cstart=400&pagesize=100&citation_for_view=HwwQpEEAAAAJ:HIFyuExEbWQC",,,,,0,0.00,0,4,23,"","",""
0,"C Descorme, Y Madier, T Birchem, D Duprez","Oxygen storage on CexZr (1-x) O2 mixed oxides supported metals",1999,"Douzièmes Entretiens Jacques Cartier","","","https://scholar.google.com",406,"2023-03-01 19:43:10","","","","https://scholar.google.com/citations?view_op=view_citation&hl=en&user=HwwQpEEAAAAJ&cstart=400&pagesize=100&citation_for_view=HwwQpEEAAAAJ:u_35RYKgDlwC",,,,,0,0.00,0,4,24,"","",""
0,"C Descorme, Y Madier, D Duprez","Etude du stockage de l'oxygène et de sa mobilité de surface",1999,"Journées Scientifiques SFC/CEA","","","https://scholar.google.com",407,"2023-03-01 19:43:10","","","","https://scholar.google.com/citations?view_op=view_citation&hl=en&user=HwwQpEEAAAAJ&cstart=400&pagesize=100&citation_for_view=HwwQpEEAAAAJ:08ZZubdj9fEC",,,,,0,0.00,0,3,24,"","",""
0,"R Brahmi, C Kappenstein, J Cemak, D Duprez, A Sadel","Copper-zinc catalysts. X. Comparison of preparation methods: co-precipitation, successive precipitations or use of bimetallic precursor",1999,"Journal de Chimie Physique et de Physico Chimie Biologique","","","https://scholar.google.com",408,"2023-03-01 19:43:10","Journal article","","","https://scholar.google.com/citations?view_op=view_citation&hl=en&user=HwwQpEEAAAAJ&cstart=400&pagesize=100&citation_for_view=HwwQpEEAAAAJ:FiytvqdAVhgC",96,3,487,497,0,0.00,0,5,24,"","",""
0,"H Pernin, D Duprez, T Bertin","Analyse de PCDD, PCDF, chlorophénols, et chlorobenzènes dans des unités d'incinération d'ordures ménagères",1999,"Environnement, Ingénierie &Développement","","","https://scholar.google.com",409,"2023-03-01 19:43:10","","","","https://scholar.google.com/citations?view_op=view_citation&hl=en&user=HwwQpEEAAAAJ&cstart=400&pagesize=100&citation_for_view=HwwQpEEAAAAJ:1r-w4gtu6w8C",,,,,0,0.00,0,3,24,"","",""
0,"Y Madier, C Descorme, AML Govic, D Duprez","PHYSICAL CHEMISTRY OF MATERIALS: FROM NANOPARTICLES TO MACROMOLECULES-Oxygen Mobility in CeO2 and CexZr (1-x) O2 Compounds: Study by CO Transient Oxidation and 18O/16O Isotopic …",1999,"Journal of Physical Chemistry B-Condensed Phase","","","https://scholar.google.com",410,"2023-03-01 19:43:10","Journal article","","","https://scholar.google.com/citations?view_op=view_citation&hl=en&user=HwwQpEEAAAAJ&cstart=400&pagesize=100&citation_for_view=HwwQpEEAAAAJ:rHJHxKgnXwkC",103,50,10999,11006,0,0.00,0,4,24,"","",""
0,"Y Cesteros, P Salagre, F Medina, JE Sueiras, P Ciambelli, V Palma, ...","Carniti, P., see Gervasini, A. 201 Casagrande, L., Lietti, L., Nova, I., Forzatti, P. and Baiker, A. SCR of NO by NH3 over TiO2-supported V2O5±MoO3 catalysts: reactivity and …",1999,"Applied Catalysis B: Environmental","","","https://scholar.google.com",411,"2023-03-01 19:43:10","Journal article","","","https://scholar.google.com/citations?view_op=view_citation&hl=en&user=HwwQpEEAAAAJ&cstart=400&pagesize=100&citation_for_view=HwwQpEEAAAAJ:2P1L_qKh6hAC",22,319,320,320,0,0.00,0,7,24,"","",""
0,"O Enea, D Duprez","M/TiO2 anodes for photoassisted electrooxidation",1998,"Proceedings of the Indian Academy of Sciences-Chemical Sciences","","","https://scholar.google.com",412,"2023-03-01 19:43:10","Conference paper","","","https://scholar.google.com/citations?view_op=view_citation&hl=en&user=HwwQpEEAAAAJ&cstart=400&pagesize=100&citation_for_view=HwwQpEEAAAAJ:VLnqNzywnoUC",110,,239,250,0,0.00,0,2,25,"","",""
0,"D Duprez","Recent developments in catalytic wet air oxidation",1997,"Applied Catalysis A, General 1 (153), N3-N","","","https://scholar.google.com",413,"2023-03-01 19:43:10","Journal article","","","https://scholar.google.com/citations?view_op=view_citation&hl=en&user=HwwQpEEAAAAJ&cstart=400&pagesize=100&citation_for_view=HwwQpEEAAAAJ:CYCckWUYoCcC",4,,,,0,0.00,0,1,26,"","",""
0,"M Colin, D Duprez, M Pelissier","Elementary steps in oxygen exchange on oxide surfaces: possible implications in oxygen migration",1997,"Studies in Surface Science and Catalysis","","","https://scholar.google.com",414,"2023-03-01 19:43:10","Journal article","","","https://scholar.google.com/citations?view_op=view_citation&hl=en&user=HwwQpEEAAAAJ&cstart=400&pagesize=100&citation_for_view=HwwQpEEAAAAJ:jL-93Qbq4QoC",112,,303,312,0,0.00,0,3,26,"","",""
0,"T Maillet, J Barbier Jr, D Duprez","Reactivity of steam in exhaust gas catalysis. Part 3. Steam and oxygen/steam conversions of propane on a Pd/Al {sub 2} O {sub 3} catalyst",1996,"Applied Catalysis. B, Environmental","","","https://scholar.google.com",415,"2023-03-01 19:43:10","Journal article","","","https://scholar.google.com/citations?view_op=view_citation&hl=en&user=HwwQpEEAAAAJ&cstart=400&pagesize=100&citation_for_view=HwwQpEEAAAAJ:qE4H1tSSYIIC",9,,,,0,0.00,0,3,27,"","",""
0,"D Duprez","First euroworkshop and 12th French meeting on Zeolites. Ronces-les-Bains, March 1996",1996,"Applied Catalysis A: General 143 (2), N7-N","","","https://scholar.google.com",416,"2023-03-01 19:43:10","Journal article","","","https://scholar.google.com/citations?view_op=view_citation&hl=en&user=HwwQpEEAAAAJ&cstart=400&pagesize=100&citation_for_view=HwwQpEEAAAAJ:v6i8RKmR8ToC",8,,,,0,0.00,0,1,27,"","",""
0,"D Duprez","Awards in catalysis in France",1996,"Applied Catalysis A: General 142 (1), N","","","https://scholar.google.com",417,"2023-03-01 19:43:10","Journal article","","","https://scholar.google.com/citations?view_op=view_citation&hl=en&user=HwwQpEEAAAAJ&cstart=400&pagesize=100&citation_for_view=HwwQpEEAAAAJ:zdjWy_NXXwUC",2,,,,0,0.00,0,1,27,"","",""
0,"D Duprez","Eugene Sue Award of the French Chemical Society",1996,"Applied Catalysis A: General 142 (1), n2-n","","","https://scholar.google.com",418,"2023-03-01 19:43:10","Journal article","","","https://scholar.google.com/citations?view_op=view_citation&hl=en&user=HwwQpEEAAAAJ&cstart=400&pagesize=100&citation_for_view=HwwQpEEAAAAJ:Xz60mAmATU4C",2,,,,0,0.00,0,1,27,"","",""
0,"R Taha, D Duprez","NEW CHARACTERIZATION METHOD OF POSTCOMBUSTION CATALYSTS",1995,"JOURNAL DE CHIMIE PHYSIQUE ET DE PHYSICO-CHIMIE BIOLOGIQUE 92 (7-8)","","","https://scholar.google.com",419,"2023-03-01 19:43:10","Journal article","","","https://scholar.google.com/citations?view_op=view_citation&hl=en&user=HwwQpEEAAAAJ&cstart=400&pagesize=100&citation_for_view=HwwQpEEAAAAJ:v1_lew4L6wgC",,,1506,1520,0,0.00,0,2,28,"","",""
0,"D Duprez","Outline Cooperation Agreement be-tween Renault and RhBne-Poulenc to Reduce Diesel Emissions",1995,"","","","https://scholar.google.com",420,"2023-03-01 19:43:10","","","","https://scholar.google.com/citations?view_op=view_citation&hl=en&user=HwwQpEEAAAAJ&cstart=400&pagesize=100&citation_for_view=HwwQpEEAAAAJ:DyXnQzXoVgIC",,,,,0,0.00,0,1,28,"","",""
0,"B Lucke, D Duprez","Third Paul Sabatier Conference on Catalysis 1995",1995,"Applied Catalysis A: General 133 (1), n6-n","","","https://scholar.google.com",421,"2023-03-01 19:43:10","Journal article","","","https://scholar.google.com/citations?view_op=view_citation&hl=en&user=HwwQpEEAAAAJ&cstart=400&pagesize=100&citation_for_view=HwwQpEEAAAAJ:hSRAE-fF4OAC",7,,,,0,0.00,0,2,28,"","",""
0,"D Duprez","Collaboration agreement between Rhoˆne-Poulenc and Sumitomo Metal Mining in the environmental field",1995,"Applied Catalysis B: Environmental 1 (6), N","","","https://scholar.google.com",422,"2023-03-01 19:43:10","Journal article","","","https://scholar.google.com/citations?view_op=view_citation&hl=en&user=HwwQpEEAAAAJ&cstart=400&pagesize=100&citation_for_view=HwwQpEEAAAAJ:g5Ck-dwhA_QC",4,,,,0,0.00,0,1,28,"","",""
0,"R Taha, D Duprez","Nouvelle méthode de caractérisation des catalyseurs de post-combustion automobile",1995,"Journal de chimie physique","","","https://scholar.google.com",423,"2023-03-01 19:43:10","Journal article","","","https://scholar.google.com/citations?view_op=view_citation&hl=en&user=HwwQpEEAAAAJ&cstart=400&pagesize=100&citation_for_view=HwwQpEEAAAAJ:w1MjKQ0l0TYC",92,,1506,1520,0,0.00,0,2,28,"","",""
0,"D Duprez","Special issue of the French Journal de Chimie Physique",1995,"Applied Catalysis A: General 133 (1), n4-n","","","https://scholar.google.com",424,"2023-03-01 19:43:10","Journal article","","","https://scholar.google.com/citations?view_op=view_citation&hl=en&user=HwwQpEEAAAAJ&cstart=400&pagesize=100&citation_for_view=HwwQpEEAAAAJ:6bLC7aUMtPcC",5,,,,0,0.00,0,1,28,"","",""
0,"D Duprez","Sol-gel methods at the Sixth International Symposium of Louvain",1995,"Applied Catalysis A, General 1 (129), n7-n","","","https://scholar.google.com",425,"2023-03-01 19:43:10","Journal article","","","https://scholar.google.com/citations?view_op=view_citation&hl=en&user=HwwQpEEAAAAJ&cstart=400&pagesize=100&citation_for_view=HwwQpEEAAAAJ:ClCfbGk0d_YC",9,,,,0,0.00,0,1,28,"","",""
0,"D Martin, D Duprez","An isotopic exchange method applied to the study of surface mobility in catalysis; Methode dechange isotopique appliquee aletude de la mobilite de surface en catalyse",1994,"","","","https://scholar.google.com",426,"2023-03-01 19:43:10","","","","https://scholar.google.com/citations?view_op=view_citation&hl=en&user=HwwQpEEAAAAJ&cstart=400&pagesize=100&citation_for_view=HwwQpEEAAAAJ:RJOyoaXV5v8C",,,,,0,0.00,0,2,29,"","",""
0,"D Duprez","Franco-maghreb catalysis workshop",1994,"Applied Catalysis A: General 116 (1-2), N","","","https://scholar.google.com",427,"2023-03-01 19:43:10","Journal article","","","https://scholar.google.com/citations?view_op=view_citation&hl=en&user=HwwQpEEAAAAJ&cstart=400&pagesize=100&citation_for_view=HwwQpEEAAAAJ:kJDgFkosVoMC",4,,,,0,0.00,0,1,29,"","",""
0,"D Duprez","Changes at the french institute of catalysis",1994,"applied catalysis A: General 112 (1), N4-N","","","https://scholar.google.com",428,"2023-03-01 19:43:10","Journal article","","","https://scholar.google.com/citations?view_op=view_citation&hl=en&user=HwwQpEEAAAAJ&cstart=400&pagesize=100&citation_for_view=HwwQpEEAAAAJ:JTqpx9DYBaYC",5,,,,0,0.00,0,1,29,"","",""
0,"D Martin, D Duprez","An isotopic exchange method applied to the study of surface mobility in catalysis",1994,"Stable isotopes","Applications-production","","https://scholar.google.com",429,"2023-03-01 19:43:10","","","","https://scholar.google.com/citations?view_op=view_citation&hl=en&user=HwwQpEEAAAAJ&cstart=400&pagesize=100&citation_for_view=HwwQpEEAAAAJ:JQOojiI6XY0C",,,,,0,0.00,0,2,29,"","",""
0,"J BARBIER-JR, D DUPREZ","5TH INTERNATIONAL-SYMPOSIUM ON CATALYST DEACTIVATION, EVANSTON, IL, 26-26 JUNE 1991",1992,"APPLIED CATALYSIS A-GENERAL 81 (1), N15-N","","","https://scholar.google.com",430,"2023-03-01 19:43:10","Journal article","","","https://scholar.google.com/citations?view_op=view_citation&hl=en&user=HwwQpEEAAAAJ&cstart=400&pagesize=100&citation_for_view=HwwQpEEAAAAJ:HhcuHIWmDEUC",16,,,,0,0.00,0,2,31,"","",""
0,"D DUPREZ, M HADJ-AISSA, J BARBIER","Laboratoire de Catalyse en Chimie Organique, URA CNRS350",1991,"Catalyst Deactivation","","","https://scholar.google.com",431,"2023-03-01 19:43:10","Journal article","","","https://scholar.google.com/citations?view_op=view_citation&hl=en&user=HwwQpEEAAAAJ&cstart=400&pagesize=100&citation_for_view=HwwQpEEAAAAJ:2VqYfGB8ITEC",1991,,111,111,0,0.00,0,3,32,"","",""
0,"J ABBOT, L ABRAMS, AA ADESINA, M AI, S ALERASOOL, ...","EBERT, CYNTHIA, 433 EFSTATHIOU, ANGELUS M., 116 EMEIS, CA, 520 EMIG, GERHARD, 247",1990,"Journal of Catalysis","","","https://scholar.google.com",432,"2023-03-01 19:43:10","Journal article","","","https://scholar.google.com/citations?view_op=view_citation&hl=en&user=HwwQpEEAAAAJ&cstart=400&pagesize=100&citation_for_view=HwwQpEEAAAAJ:eQOLeE2rZwMC",124,,578,579,0,0.00,0,6,33,"","",""
0,"D Duprez, G Perot, C Montassier","107. M. Besson, B. Blanc, M. Champelet, P. Gallezot, K. Nasar",1989,"Catal. Today","","","https://scholar.google.com",433,"2023-03-01 19:43:10","Journal article","","","https://scholar.google.com/citations?view_op=view_citation&hl=en&user=HwwQpEEAAAAJ&cstart=400&pagesize=100&citation_for_view=HwwQpEEAAAAJ:YTuZlYwrTOUC",5,,159,159,0,0.00,0,3,34,"","",""
0,"H ABDERRAHIM, D DUPREZ","INHIBITING INFLUENCE OF CHLORINE ON THE ISOTOPIC EXCHANGE OF 1802 WITH A121603 SUPPORTED RHODIUM AND PLATINUM CATALYSTS",1988,"Actes","","","https://scholar.google.com",434,"2023-03-01 19:43:10","Journal article","","","https://scholar.google.com/citations?view_op=view_citation&hl=en&user=HwwQpEEAAAAJ&cstart=400&pagesize=100&citation_for_view=HwwQpEEAAAAJ:tz746QTLzJkC",1246,,,,0,0.00,0,2,35,"","",""
0,"O Enea, A Ali, D Duprez","PH effects on the production of hydrogen by various Ti0/sub 2/photocatalysts in methanolic suspensions",1988,"Nouv. J. Chim.;(France)","","","https://scholar.google.com",435,"2023-03-01 19:43:10","Journal article","","","https://scholar.google.com/citations?view_op=view_citation&hl=en&user=HwwQpEEAAAAJ&cstart=400&pagesize=100&citation_for_view=HwwQpEEAAAAJ:DkZNVXde3BIC",12,1,,,0,0.00,0,3,35,"","",""
0,"D Duprez, M Assafi","Steam and Hydrogen Conversions of Hydroxy-, Chloro-, and Nitro-Toluenes on Metal Catalysts",1988,"Studies in Surface Science and Catalysis","","","https://scholar.google.com",436,"2023-03-01 19:43:10","Journal article","","","https://scholar.google.com/citations?view_op=view_citation&hl=en&user=HwwQpEEAAAAJ&cstart=400&pagesize=100&citation_for_view=HwwQpEEAAAAJ:kz9GbA2Ns4gC",41,,179,187,0,0.00,0,2,35,"","",""
0,"M Mendez, D Duprez","Thermodesorption profiles for hydrogen from coked and sulfided Rh/Al2O3 catalysts",1987,"Reaction Kinetics and Catalysis Letters","","","https://scholar.google.com",437,"2023-03-01 19:43:10","Journal article","","","https://scholar.google.com/citations?view_op=view_citation&hl=en&user=HwwQpEEAAAAJ&cstart=400&pagesize=100&citation_for_view=HwwQpEEAAAAJ:7BrZ7Jt4UNcC",34,,35,40,0,0.00,0,2,36,"","",""
0,"J Barrault, D Duprez","Aim of the symposium",1987,"Journal of Molecular Catalysis","","","https://scholar.google.com",438,"2023-03-01 19:43:10","Journal article","","","https://scholar.google.com/citations?view_op=view_citation&hl=en&user=HwwQpEEAAAAJ&cstart=400&pagesize=100&citation_for_view=HwwQpEEAAAAJ:S16KYo8Pm5AC",40,,379,380,0,0.00,0,2,36,"","",""
0,"D DUPREZ, G DELAHAY, H ABDERRAHIM","PAR ADsoRProN DE GAz ET PAR seɛcrRoscoPıE DE PHoToĖLEcTRoNs х",1986,"Journal de chimle physique 83 (7/8)","","","https://scholar.google.com",439,"2023-03-01 19:43:10","Journal article","","","https://scholar.google.com/citations?view_op=view_citation&hl=en&user=HwwQpEEAAAAJ&cstart=400&pagesize=100&citation_for_view=HwwQpEEAAAAJ:ZHo1McVdvXMC",,,,,0,0.00,0,3,37,"","",""
0,"D Duprez, G Delahay, H Abderrahim, J Grimblot","Caractérisation de catalyseurs Rh/Al2O3 par adsorption de gaz et par spectroscopie de photoélectrons X",1986,"Journal de chimie physique","","","https://scholar.google.com",440,"2023-03-01 19:43:10","Journal article","","","https://scholar.google.com/citations?view_op=view_citation&hl=en&user=HwwQpEEAAAAJ&cstart=400&pagesize=100&citation_for_view=HwwQpEEAAAAJ:e5wmG9Sq2KIC",83,,465,471,0,0.00,0,4,37,"","",""
0,"G Delahay, D Duprez","Reformage catalytique à la vapeur des hydrocarbures aromatiques lourds. II: Conversion de différentes molécules bicycliques. Comparaison avec le vaporeformage du méthyl-1 …",1985,"Bulletin de la Société chimique de France","","","https://scholar.google.com",441,"2023-03-01 19:43:10","Journal article","","","https://scholar.google.com/citations?view_op=view_citation&hl=en&user=HwwQpEEAAAAJ&cstart=400&pagesize=100&citation_for_view=HwwQpEEAAAAJ:WZBGuue-350C",6,,1245,1249,0,0.00,0,2,38,"","",""
0,"RF HICKS, G CARTURAN, SS CHAN, HWEI CHEN, T CHIHARA, ...","HALL, W. KEITH, 368 HASEGAWA-OHOTOMO, MUT-SUKO, 221 HE, MING-YUAN, 17",1984,"","","","https://scholar.google.com",442,"2023-03-01 19:43:10","","","","https://scholar.google.com/citations?view_op=view_citation&hl=en&user=HwwQpEEAAAAJ&cstart=400&pagesize=100&citation_for_view=HwwQpEEAAAAJ:HtEfBTGE9r8C",,,,,0,0.00,0,6,39,"","",""
0,"D Duprez, M Grand","Catalyseurs de desalkylation a l'eau des hydrocarbures aromatiques",1982,"","","","https://scholar.google.com",443,"2023-03-01 19:43:10","","","","https://scholar.google.com/citations?view_op=view_citation&hl=en&user=HwwQpEEAAAAJ&cstart=400&pagesize=100&citation_for_view=HwwQpEEAAAAJ:8dzOF9BpDQoC",,,,,0,0.00,0,2,41,"","",""
0,"D Duprez, M Grand, P Pereira, R Maurel","Steam dealkylation of aromatic hydrocarbons--1. Activity, selectivity, and stability of group VIII metals Rh, Pt, and Ir supported on. gamma.-alumina",1980,"Bull. Soc. Chim. Fr.;(France)","","","https://scholar.google.com",444,"2023-03-01 19:43:10","Journal article","","","https://scholar.google.com/citations?view_op=view_citation&hl=en&user=HwwQpEEAAAAJ&cstart=400&pagesize=100&citation_for_view=HwwQpEEAAAAJ:eO3_k5sD8BwC",1,,,,0,0.00,0,4,43,"","",""
0,"D DUPREZ","DESALKYLATION A LA VAPEUR DES HYDROCARBURES AROMATIQUES. I: ACTIVITE, SELECTIVITE ET STABILITE DES METAUX DU GROUPE VIII: RH, PT, IR DEPOSES SUR ALUMINE GAMMA",1980,"","","","https://scholar.google.com",445,"2023-03-01 19:43:10","","","","https://scholar.google.com/citations?view_op=view_citation&hl=en&user=HwwQpEEAAAAJ&cstart=400&pagesize=100&citation_for_view=HwwQpEEAAAAJ:EsEWqaRxkBgC",,,,,0,0.00,0,1,43,"","",""
0,"A MILOUDI, D DUPREZ, M BASTICK, J BASTICK","A STUDY OF COKE FORMATION DURING THE CRACKING OF TOLUENE ON ALUMINAS-CORRELATION BETWEEN THE PROFILE OF THE DEPOSIT AND THE INHIBITING INFLUENCE OF HYDROGEN",1980,"BULLETIN DE LA SOCIETE CHIMIQUE DE FRANCE PARTIE I-PHYSICOCHIMIE DES …","","","https://scholar.google.com",446,"2023-03-01 19:43:10","Journal article","","","https://scholar.google.com/citations?view_op=view_citation&hl=en&user=HwwQpEEAAAAJ&cstart=400&pagesize=100&citation_for_view=HwwQpEEAAAAJ:kw52XkFRtyQC",,,,,0,0.00,0,4,43,"","",""
0,"D Duprez, M Grand","Catalyst for the dealkylation of mono-and polyalkylated aromatics containing petroleum cuts with water. Katalysator zur Entkylierung von mono-oder polyalkylierte aromatische …",1977,"","","","https://scholar.google.com",447,"2023-03-01 19:43:10","","","","https://scholar.google.com/citations?view_op=view_citation&hl=en&user=HwwQpEEAAAAJ&cstart=400&pagesize=100&citation_for_view=HwwQpEEAAAAJ:mWEH9CqjF64C",,,,,0,0.00,0,2,46,"","",""
0,"D DUPREZ","ETUDE DE LA CONVERSION CATALYTIQUE DES HYDROCARBURES AROMATIQUES. COMPARAISON DES PROPRIETES ADSORBANTES ET CATALYTIQUES DE DIFFERENTES ALUMINES: CHIMISORPTION ET CONVERSION DU …",1976,"","","","https://scholar.google.com",448,"2023-03-01 19:43:10","","","","https://scholar.google.com/citations?view_op=view_citation&hl=en&user=HwwQpEEAAAAJ&cstart=400&pagesize=100&citation_for_view=HwwQpEEAAAAJ:-yGd096yOn8C",,,,,0,0.00,0,1,47,"","",""
0,"D DUPREZ, M BASTICK, J BASTICK","CATALYTIC CONVERSION OF AROMATIC-HYDROCARBONS. 4. COMPARISON OF ADSORPTION AND CATALYTIC PROPERTIES OF DIFFERENT ALUMINAS-CHEMISORPTION AND CONVERSION OF TOLUENE",1976,"BULLETIN DE LA SOCIETE CHIMIQUE DE FRANCE PARTIE I-PHYSICOCHIMIE DES …","","","https://scholar.google.com",449,"2023-03-01 19:43:10","Journal article","","","https://scholar.google.com/citations?view_op=view_citation&hl=en&user=HwwQpEEAAAAJ&cstart=400&pagesize=100&citation_for_view=HwwQpEEAAAAJ:D_sINldO8mEC",,,,,0,0.00,0,3,47,"","",""
0,"D DUPREZ, M BASTICK, J BASTICK","KATALYTISCHE UMWANDLUNG VON AROMATISCHEN KOHLENWASSERSTOFFEN 3. MITT. UMWANDLUNG VON BENZOL AN AL2O3 IM PULSIERENDEN SYSTEM",1975,"Chemischer Informationsdienst 6 (8), no-no","","","https://scholar.google.com",450,"2023-03-01 19:43:10","","","","https://scholar.google.com/citations?view_op=view_citation&hl=en&user=HwwQpEEAAAAJ&cstart=400&pagesize=100&citation_for_view=HwwQpEEAAAAJ:roLk4NBRz8UC",,,,,0,0.00,0,3,48,"","",""
0,"D Duprez, ECNSIND CHIM","CONVERSION CATALYTIQUE DES HYDROCARBURES AROMATIQUES SUR ALUMINES",1975,"","","","https://scholar.google.com",451,"2023-03-01 19:43:10","","","","https://scholar.google.com/citations?view_op=view_citation&hl=en&user=HwwQpEEAAAAJ&cstart=400&pagesize=100&citation_for_view=HwwQpEEAAAAJ:uLbwQdceFCQC",,,,,0,0.00,0,2,48,"","",""
0,"D DUPREZ","ETUDE DE LA CONVERSION CATALYTIQUE DES HYDROCARBURES AROMATIQUES. III. CONVERSION DU BENZENE SUR ALUMINE EN REGIME PULSE",1974,"","","","https://scholar.google.com",452,"2023-03-01 19:43:10","","","","https://scholar.google.com/citations?view_op=view_citation&hl=en&user=HwwQpEEAAAAJ&cstart=400&pagesize=100&citation_for_view=HwwQpEEAAAAJ:ZqE1mSdD_DYC",,,,,0,0.00,0,1,49,"","",""
0,"D DUPREZ, M BASTICK, J BASTICK","THEORETICAL STUDY OF CATALYTIC REACTIONS IN A PULSED-FLOW CHROMATOGRAPHIC REACTOR POWER LAW AND LANGMUIR KINETICS",1974,"JOURNAL DE CHIMIE PHYSIQUE ET DE PHYSICO-CHIMIE BIOLOGIQUE","","","https://scholar.google.com",453,"2023-03-01 19:43:10","Journal article","","","https://scholar.google.com/citations?view_op=view_citation&hl=en&user=HwwQpEEAAAAJ&cstart=400&pagesize=100&citation_for_view=HwwQpEEAAAAJ:U_HPUtbDl20C",71,2,278,284,0,0.00,0,3,49,"","",""
0,"D DUPREZ, M BASTICK, J BASTICK","KINETICS OF CHEMISORPTION OF TOLUENE ON ALUMINA BETWEEN 200 AND 400 DEGREES C",1974,"COMPTES RENDUS HEBDOMADAIRES DES SEANCES DE L ACADEMIE DES SCIENCES SERIE C …","","","https://scholar.google.com",454,"2023-03-01 19:43:10","","","","https://scholar.google.com/citations?view_op=view_citation&hl=en&user=HwwQpEEAAAAJ&cstart=400&pagesize=100&citation_for_view=HwwQpEEAAAAJ:PVgj2kMGcgYC",,,,,0,0.00,0,3,49,"","",""
0,"D DUPREZ, M BASTICK, J BASTICK","STUDY OF CATALYTIC CONVERSION OF AROMATIC-HYDROCARBONS. 3. CONVERSION OF BENZENE ON ALUMINA IN A PULSA FLOW SYSTEM",1974,"BULLETIN DE LA SOCIETE CHIMIQUE DE FRANCE PARTIE I-PHYSICOCHIMIE DES …","","","https://scholar.google.com",455,"2023-03-01 19:43:10","Journal article","","","https://scholar.google.com/citations?view_op=view_citation&hl=en&user=HwwQpEEAAAAJ&cstart=400&pagesize=100&citation_for_view=HwwQpEEAAAAJ:FAceZFleit8C",,,,,0,0.00,0,3,49,"","",""
0,"D DUPREZ, M BASTICK, J BASTICK","KATALYTISCHE UMWANDLUNG VON AROMATISCHEN KOHLENWASSERSTOFFEN 2. MITT. DEHYDRIERUNG VON DIBENZYL AN AL2O3",1972,"Chemischer Informationsdienst 3 (47), no-no","","","https://scholar.google.com",456,"2023-03-01 19:43:10","","","","https://scholar.google.com/citations?view_op=view_citation&hl=en&user=HwwQpEEAAAAJ&cstart=400&pagesize=100&citation_for_view=HwwQpEEAAAAJ:3bvyWxjaHKcC",,,,,0,0.00,0,3,51,"","",""
0,"D DUPREZ, M BASTICK, JM PERROT","USE OF CATALYTIC REACTOR IN PULSED FLOW-DETERMINATION OF KINETIC PARAMETERS",1972,"COMPTES RENDUS HEBDOMADAIRES DES SEANCES DE L ACADEMIE DES SCIENCES SERIE C …","","","https://scholar.google.com",457,"2023-03-01 19:43:10","","","","https://scholar.google.com/citations?view_op=view_citation&hl=en&user=HwwQpEEAAAAJ&cstart=400&pagesize=100&citation_for_view=HwwQpEEAAAAJ:otzGkya1bYkC",,,,,0,0.00,0,3,51,"","",""
0,"M BASTICK, M ROQUES, JM PERROT, D DUPREZ","DETERMINATION OF ISOTHERMS OF ADSORPTION BY CHROMATOGRAPHY-ELIMINATION OF RIGID BOUNDARIES",1972,"COMPTES RENDUS HEBDOMADAIRES DES SEANCES DE L ACADEMIE DES SCIENCES SERIE C …","","","https://scholar.google.com",458,"2023-03-01 19:43:10","","","","https://scholar.google.com/citations?view_op=view_citation&hl=en&user=HwwQpEEAAAAJ&cstart=400&pagesize=100&citation_for_view=HwwQpEEAAAAJ:mNrWkgRL2YcC",,,,,0,0.00,0,4,51,"","",""
0,"A FRAMENT, D DUPREZ, M BASTICK, J BASTICK","KATALYTISCHE UMWANDLUNG AROMATISCHER KOHLENWASSERSTOFFE 1. MITT. VERKETTUNG VON RK. BEIM CRACKEN VON TOLUOL AN AL2O3",1971,"Chemischer Informationsdienst","Organische Chemie 2 (49), no-no","","https://scholar.google.com",459,"2023-03-01 19:43:10","","","","https://scholar.google.com/citations?view_op=view_citation&hl=en&user=HwwQpEEAAAAJ&cstart=400&pagesize=100&citation_for_view=HwwQpEEAAAAJ:isC4tDSrTZIC",,,,,0,0.00,0,4,52,"","",""
0,"A FRAMENT, D DUPREZ, M BASTICK, J BASTICK","CATALYTIC PYROLYSIS OF AROMATIC HYDROCARBONS. 1. SUCCESSIVE REACTIONS IN CRACKING OF TOLUENE ON ALUMINA",1971,"BULLETIN DE LA SOCIETE CHIMIQUE DE FRANCE, 2437-&","","","https://scholar.google.com",460,"2023-03-01 19:43:10","Journal article","","","https://scholar.google.com/citations?view_op=view_citation&hl=en&user=HwwQpEEAAAAJ&cstart=400&pagesize=100&citation_for_view=HwwQpEEAAAAJ:FiDNX6EVdGUC",,,,,0,0.00,0,4,52,"","",""
0,"T Maillet, D Duprez, ODHSUR Pd, PRDSUR Al","OXYDATION D'HYDROCARBURES SUR Pd et PdRh DEPOSES SUR Al 2 O 3 ET ZrO 2. CARACTERISATION PAR ECHANGE O 2/O 2 ET PAR SPECTROSCOPIE INFRAROUGE DE CO ET DE NO",,"","","","https://scholar.google.com",461,"2023-03-01 19:43:10","","","","https://scholar.google.com/citations?view_op=view_citation&hl=en&user=HwwQpEEAAAAJ&cstart=400&pagesize=100&citation_for_view=HwwQpEEAAAAJ:yTLRzDEmwhEC",,,,,0,0.00,0,4,,"","",""
0,"J Barbier Jr, D Duprez","monoxide and of propane over F% Rh catalysts",,"","","","https://scholar.google.com",462,"2023-03-01 19:43:10","","","","https://scholar.google.com/citations?view_op=view_citation&hl=en&user=HwwQpEEAAAAJ&cstart=400&pagesize=100&citation_for_view=HwwQpEEAAAAJ:In6cVmBjs0IC",,,,,0,0.00,0,2,,"","",""
0,"R Taha, D Duprez","Caractérisation de catalyseurs bimétalliques PtRh/Al 2 O 3  et PtRh/CeO 2 −Al 2 O 3  de post-combustion automobile",,"","","","https://scholar.google.com",463,"2023-03-01 19:43:10","","","","https://scholar.google.com/citations?view_op=view_citation&hl=en&user=HwwQpEEAAAAJ&cstart=400&pagesize=100&citation_for_view=HwwQpEEAAAAJ:9NZAP19TdFAC",,,,,0,0.00,0,2,,"","",""
0,"Y Madier, D Duprez, EDELAMET DU","ETUDE DE LA MOBILITE ET DU STOCKAGE DE L'OXYGENE PAR ECHANGE ISOTOPIQUE O/O SUR DES CATALYSEURS DE POST COMBUSTION A BASE D'OXYDES DE TERRES RARES",,"","","","https://scholar.google.com",464,"2023-03-01 19:43:10","","","","https://scholar.google.com/citations?view_op=view_citation&hl=en&user=HwwQpEEAAAAJ&cstart=400&pagesize=100&citation_for_view=HwwQpEEAAAAJ:6VlyvFCUEfcC",,,,,0,0.00,0,3,,"","",""
0,"MC Rangel, J Fonseca, N Bion, CM Morais, D Duprez, F Epron, ...","Monitoring the redox process for cerium and aluminum-based catalysts by in situ XANES",,"","","","https://scholar.google.com",465,"2023-03-01 19:43:10","","","","https://scholar.google.com/citations?view_op=view_citation&hl=en&user=HwwQpEEAAAAJ&cstart=400&pagesize=100&citation_for_view=HwwQpEEAAAAJ:QsKbpXNoaWkC",,,,,0,0.00,0,7,,"","",""
0,"W Yang, R Zhang, B Chen, D Duprez, S Royer","New aspects on mechanistic study of C3H6-SCR of NO in the presence of O2 over LaFe1-x (Cu, Pd) xO3-δ perovskites",,"","","","https://scholar.google.com",466,"2023-03-01 19:43:10","","","","https://scholar.google.com/citations?view_op=view_citation&hl=en&user=HwwQpEEAAAAJ&cstart=400&pagesize=100&citation_for_view=HwwQpEEAAAAJ:nqdriD65xNoC",,,,,0,0.00,0,5,,"","",""
0,"D Duprez, C Especel, PY Pouilloux","Transformation de polyols en phase aqueuse par catalyse hétérogène bifonctionnelle",,"","","","https://scholar.google.com",467,"2023-03-01 19:43:10","","","","https://scholar.google.com/citations?view_op=view_citation&hl=en&user=HwwQpEEAAAAJ&cstart=400&pagesize=100&citation_for_view=HwwQpEEAAAAJ:2ywjKiB__4kC",,,,,0,0.00,0,3,,"","",""
0,"D DUPREZ","hydrolysis. MgxFe2-2xO3-2x and",,"","","","https://scholar.google.com",468,"2023-03-01 19:43:10","","","","https://scholar.google.com/citations?view_op=view_citation&hl=en&user=HwwQpEEAAAAJ&cstart=400&pagesize=100&citation_for_view=HwwQpEEAAAAJ:YlPif8NxrbYC",,,,,0,0.00,0,1,,"","",""
0,"D DUPREZ","Solid Oxide Fuel Ceils",,"","","","https://scholar.google.com",469,"2023-03-01 19:43:10","","","","https://scholar.google.com/citations?view_op=view_citation&hl=en&user=HwwQpEEAAAAJ&cstart=400&pagesize=100&citation_for_view=HwwQpEEAAAAJ:27LrP4qxOz0C",,,,,0,0.00,0,1,,"","",""
0,"J Aguado, DP Serrano, JM Escola, E Garagorri, R van Grieken, ...","Catalysis Today 75 (2002) I±V",,"","","","https://scholar.google.com",470,"2023-03-01 19:43:10","","","","https://scholar.google.com/citations?view_op=view_citation&hl=en&user=HwwQpEEAAAAJ&cstart=400&pagesize=100&citation_for_view=HwwQpEEAAAAJ:2v_ZtQDX9iAC",,,,,0,0.00,0,6,,"","",""
0,"L Hu, X Yang, BS Liu, XN Wei, YP Zhan, RZ Chang, F Subhan, A Xu, X Li, ...","CATALYSIS C",,"","","","https://scholar.google.com",471,"2023-03-01 19:43:10","","","","https://scholar.google.com/citations?view_op=view_citation&hl=en&user=HwwQpEEAAAAJ&cstart=400&pagesize=100&citation_for_view=HwwQpEEAAAAJ:qe6vwMD2xtsC",,,,,0,0.00,0,10,,"","",""
0,"A Le Valant, N Bion, F Epron, D Duprez","Hydrogen Production from raw bioethanol over a Rh/MgAl2O4 catalyst. Impact of impurities",,"","","","https://scholar.google.com",472,"2023-03-01 19:43:10","","","","https://scholar.google.com/citations?view_op=view_citation&hl=en&user=HwwQpEEAAAAJ&cstart=400&pagesize=100&citation_for_view=HwwQpEEAAAAJ:UmS_249rOGwC",,,,,0,0.00,0,4,,"","",""
0,"JJ Spivey, K Dooley, Y Han, A Beretta, A Donazzi, G Groppi, M Maestri, ...","Preface v",,"","","","https://scholar.google.com",473,"2023-03-01 19:43:10","","","","https://scholar.google.com/citations?view_op=view_citation&hl=en&user=HwwQpEEAAAAJ&cstart=400&pagesize=100&citation_for_view=HwwQpEEAAAAJ:Xl6nMSl579sC",,,,,0,0.00,0,8,,"","",""
0,"K Shimizu, K Sawabe, A Satsuma, S Keav, J Barbier Jr, D Duprez","Catalysis Science &Technology",,"","","","https://scholar.google.com",474,"2023-03-01 19:43:10","","","","https://scholar.google.com/citations?view_op=view_citation&hl=en&user=HwwQpEEAAAAJ&cstart=400&pagesize=100&citation_for_view=HwwQpEEAAAAJ:An6A6Jpfc1oC",,,,,0,0.00,0,6,,"","",""
0,"A Le Valant, A Garron, N Bion, F Epron, D Duprez","Effect of impurities present in raw bioethanol on the performances of a Rh/MgAl2O4 catalyst for hydrogen production",,"","","","https://scholar.google.com",475,"2023-03-01 19:43:10","","","","https://scholar.google.com/citations?view_op=view_citation&hl=en&user=HwwQpEEAAAAJ&cstart=400&pagesize=100&citation_for_view=HwwQpEEAAAAJ:KNjnJ3z-R6IC",,,,,0,0.00,0,5,,"","",""
0,"MD Amiridis, S Kaliaguine, PG Smirniotis, A Baiker, E Kikuchi, W Strehlau, ...","Prof. M. Flytzani-Stephanopoulos Chemical and Biological Engineering Tufts University 4 Colby St. Medford, MA 02155 Tel.: 1 617 627-3048",,"","","","https://scholar.google.com",476,"2023-03-01 19:43:10","","","","https://scholar.google.com/citations?view_op=view_citation&hl=en&user=HwwQpEEAAAAJ&cstart=400&pagesize=100&citation_for_view=HwwQpEEAAAAJ:jFemdcug13IC",,,,,0,0.00,0,7,,"","",""
0,"A Galdikas, N Bion, S Royer, D Duprez, D Sidabra","Modeling of Diffusion Process in Nanosized Perovskite LaCoO3 Powder Catalysts",,"","","","https://scholar.google.com",477,"2023-03-01 19:43:10","","","","https://scholar.google.com/citations?view_op=view_citation&hl=en&user=HwwQpEEAAAAJ&cstart=400&pagesize=100&citation_for_view=HwwQpEEAAAAJ:1yWc8FF-_SYC",,,,,0,0.00,0,5,,"","",""
0,"F Aupretre, P Baurens, M Bendif, S Bernard, L Bocquet, J Bouet, P Brault, ...","E. Agel, 59 C. Andreazza, 69 P. Andreazza, 69",,"","","","https://scholar.google.com",478,"2023-03-01 19:43:10","","","","https://scholar.google.com/citations?view_op=view_citation&hl=en&user=HwwQpEEAAAAJ&cstart=400&pagesize=100&citation_for_view=HwwQpEEAAAAJ:PaBasH6fAo0C",,,,,0,0.00,0,8,,"","",""
0,"P Ammendola, E Cammisa, R Chirone, L Lisi, S Sokolov, EV Kondratenko, ...","CATALYSIS C",,"","","","https://scholar.google.com",479,"2023-03-01 19:43:10","","","","https://scholar.google.com/citations?view_op=view_citation&hl=en&user=HwwQpEEAAAAJ&cstart=400&pagesize=100&citation_for_view=HwwQpEEAAAAJ:QD3KBmkZPeQC",,,,,0,0.00,0,7,,"","",""
0,"S Rossignol, F Gérard, D Mesnard, C Kappenstein, D Duprez","Structural changes of Ce-Pr-O mixed oxides under hydrogen: study by in situ X-ray diffraction and Raman spectroscopy.",,"","","","https://scholar.google.com",480,"2023-03-01 19:43:10","","","","https://scholar.google.com/citations?view_op=view_citation&hl=en&user=HwwQpEEAAAAJ&cstart=400&pagesize=100&citation_for_view=HwwQpEEAAAAJ:LgRImbQfgY4C",,,,,0,0.00,0,5,,"","",""
0,"D DUPREZ, H ABDERRAHIM, S KACIMI, J RIVIERE","OF 1802 WITH THE 160 OF THE SUPPORT AND OF D2 WITH THE OH GROUPS.",,"","","","https://scholar.google.com",481,"2023-03-01 19:43:10","","","","https://scholar.google.com/citations?view_op=view_citation&hl=en&user=HwwQpEEAAAAJ&cstart=400&pagesize=100&citation_for_view=HwwQpEEAAAAJ:dBIO0h50nwkC",,,,,0,0.00,0,4,,"","",""
0,"SM Hunter, DH Gregory, JSJ Hargreaves, M Richard, D Duprez, N Bion","Reactivity of lattice nitrogen in cobalt molybdenum nitrides as determined by 15 N/14 N isotopic exchange",,"","","","https://scholar.google.com",482,"2023-03-01 19:43:10","","","","https://scholar.google.com/citations?view_op=view_citation&hl=en&user=HwwQpEEAAAAJ&cstart=400&pagesize=100&citation_for_view=HwwQpEEAAAAJ:4hFrxpcac9AC",,,,,0,0.00,0,6,,"","",""
0,"MD Amiridis, JM Herrmann, FH Ribeiro, A Baiker, S Kaliaguine, Z Schay, ...","Prof. M. Iwamoto Research Laboratory of Resources Utilization Tokyo Institute of Technology Nagatsuta 4259, Midori-ku",,"","","","https://scholar.google.com",483,"2023-03-01 19:43:10","","","","https://scholar.google.com/citations?view_op=view_citation&hl=en&user=HwwQpEEAAAAJ&cstart=400&pagesize=100&citation_for_view=HwwQpEEAAAAJ:Ri6SYOTghG4C",,,,,0,0.00,0,7,,"","",""
0,"J Barbier Jr, F Marsollier, D Duprez","Gengembre, L, see Barbaux, Y. 51 Gnofam, N., see timberton, JL 175 Goldwasser, MR, see Torre-alba, M. 3.5 Gorte, RJ, see Pereira, C. 145",,"","","","https://scholar.google.com",484,"2023-03-01 19:43:10","","","","https://scholar.google.com/citations?view_op=view_citation&hl=en&user=HwwQpEEAAAAJ&cstart=400&pagesize=100&citation_for_view=HwwQpEEAAAAJ:YohjEiUPhakC",,,,,0,0.00,0,3,,"","",""
0,"A Wootsch, C Descorme, D Duprez","Preferential oxidation of CO in the presence of H 2 (PROX) over Pt/Al 2 O 3 and Pt/Ce",,"","","","https://scholar.google.com",485,"2023-03-01 19:43:10","","","","https://scholar.google.com/citations?view_op=view_citation&hl=en&user=HwwQpEEAAAAJ&cstart=400&pagesize=100&citation_for_view=HwwQpEEAAAAJ:_axFR9aDTf0C",,,,,0,0.00,0,3,,"","",""
0,"B Hu, F Diehl, J Barbier Jr, D Duprez, I Guibard, GM France, ...","CATALYSIS C",,"","","","https://scholar.google.com",486,"2023-03-01 19:43:10","","","","https://scholar.google.com/citations?view_op=view_citation&hl=en&user=HwwQpEEAAAAJ&cstart=400&pagesize=100&citation_for_view=HwwQpEEAAAAJ:VaXvl8Fpj5cC",,,,,0,0.00,0,7,,"","",""
0,"M Guisnet, J Barrault, C Bouchoule, D Duprez, G Pérot, R Maurel, ...","Heterogeneous catalysis and fine chemicals II, Poitiers, October 2-5, 1990",,"Studies in surface science and catalysis,","","","https://scholar.google.com",487,"2023-03-01 19:43:10","Journal article","","","https://scholar.google.com/citations?view_op=view_citation&hl=en&user=HwwQpEEAAAAJ&cstart=400&pagesize=100&citation_for_view=HwwQpEEAAAAJ:vbGhcppDl1QC",,,,,0,0.00,0,7,,"","",""
0,"M Guisnet, J Barbier, J Barrault, C Bouchoule, D Duprez, G Pérot, ...","Heterogeneous catalysis and fine chemicals III(Poitiers, April 5-8, 1993)",,"Studies in surface science and catalysis,","","","https://scholar.google.com",488,"2023-03-01 19:43:10","Journal article","","","https://scholar.google.com/citations?view_op=view_citation&hl=en&user=HwwQpEEAAAAJ&cstart=400&pagesize=100&citation_for_view=HwwQpEEAAAAJ:URolC5Kub84C",,,,,0,0.00,0,7,,"","",""
0,"I Fechete, F Garin, D Begin, Y Wang, JC Védrine, Y Monakhova, ...","journal homepage: www. elsevier. com/locate/cattod",,"","","","https://scholar.google.com",489,"2023-03-01 19:43:10","","","","https://scholar.google.com/citations?view_op=view_citation&hl=en&user=HwwQpEEAAAAJ&cstart=400&pagesize=100&citation_for_view=HwwQpEEAAAAJ:_Re3VWB3Y0AC",,,,,0,0.00,0,7,,"","",""
0,"A Ungureanu, B Dragoi, C Ciotonea, A Chirieac, C Rudolf, S Royer, ...","Effect of the Preparation Method on the Structural and Catalytic Properties of Copper Nanoparticles Supported on Mesoporous SBA-15 Silica",,"","","","https://scholar.google.com",490,"2023-03-01 19:43:10","","","","https://scholar.google.com/citations?view_op=view_citation&hl=en&user=HwwQpEEAAAAJ&cstart=400&pagesize=100&citation_for_view=HwwQpEEAAAAJ:UHK10RUVsp4C",,,,,0,0.00,0,7,,"","",""
0,"J Fonseca, S Royer, N Bion, S Pronier, L Pirault-Roy, M do Carmo Rangel, ...","Nanosized gold catalysts supported on ceria and amorphous ceria-alumina for CO PrOx reaction: evaluation of oxygen storage capacity and isotopic exchange",,"","","","https://scholar.google.com",491,"2023-03-01 19:43:10","","","","https://scholar.google.com/citations?view_op=view_citation&hl=en&user=HwwQpEEAAAAJ&cstart=400&pagesize=100&citation_for_view=HwwQpEEAAAAJ:eMMeJKvmdy0C",,,,,0,0.00,0,7,,"","",""
0,"C Apesteguia, A Baiker, R Burch, NW Cant, P Claus, R Davis, ...","Prof. M. Flytzani-Stephanopoulos Chemical and Biological Engineering Tufts University 4 Colby St. Medford, MA 02155 Tel.: 1 617 627-3048",,"","","","https://scholar.google.com",492,"2023-03-01 19:43:10","","","","https://scholar.google.com/citations?view_op=view_citation&hl=en&user=HwwQpEEAAAAJ&cstart=400&pagesize=100&citation_for_view=HwwQpEEAAAAJ:geHnlv5EZngC",,,,,0,0.00,0,7,,"","",""
0,"S KEAV, A MARTIN, J BARBIER Jr, D DUPREZ","Catalytic Wet Air Oxidation of Phenol–Deactivation phenomenon and insight into regeneration possibilities",,"","","","https://scholar.google.com",493,"2023-03-01 19:43:10","","","","https://scholar.google.com/citations?view_op=view_citation&hl=en&user=HwwQpEEAAAAJ&cstart=400&pagesize=100&citation_for_view=HwwQpEEAAAAJ:tOudhMTPpwUC",,,,,0,0.00,0,4,,"","",""
0,"D Duprez, M Grand, R Maurel, ELF AQUITAINE","Désalkylation à l'eau des hydrocarbures aromatiques",,"[s","n.],","","https://scholar.google.com",494,"2023-03-01 19:43:10","","","","https://scholar.google.com/citations?view_op=view_citation&hl=en&user=HwwQpEEAAAAJ&cstart=400&pagesize=100&citation_for_view=HwwQpEEAAAAJ:dshw04ExmUIC",,,,,0,0.00,0,4,,"","",""
0,"S Bedrane, C Descorme, D Duprez","de post-combustion automobile",,"","","","https://scholar.google.com",495,"2023-03-01 19:43:10","","","","https://scholar.google.com/citations?view_op=view_citation&hl=en&user=HwwQpEEAAAAJ&cstart=400&pagesize=100&citation_for_view=HwwQpEEAAAAJ:CHSYGLWDkRkC",,,,,0,0.00,0,3,,"","",""
0,"A BAYLET, S ROYER, P MARECOT, JM TATIBOUET, D DUPREZ","Thermal stability of Pd based hexaaluminate catalysts for CH4 combustion. Comparison with Pd/Al2O3 catalyst.",,"","","","https://scholar.google.com",496,"2023-03-01 19:43:10","","","","https://scholar.google.com/citations?view_op=view_citation&hl=en&user=HwwQpEEAAAAJ&cstart=400&pagesize=100&citation_for_view=HwwQpEEAAAAJ:_xSYboBqXhAC",,,,,0,0.00,0,5,,"","",""
0,"D Duprez","Site en cours d'évolution",,"","","","https://scholar.google.com",497,"2023-03-01 19:43:10","","","","https://scholar.google.com/citations?view_op=view_citation&hl=en&user=HwwQpEEAAAAJ&cstart=400&pagesize=100&citation_for_view=HwwQpEEAAAAJ:GnPB-g6toBAC",,,,,0,0.00,0,1,,"","",""
0,"E Dumitriu, B Dragoi, A Ungureanu, A Chirieac, C Ciotonea, S Royer, ...","Chemoselective hydrogenation of cinnamaldehyde over Ni and Co active phases stabilized into the pores of SBA-15 silica",,"","","","https://scholar.google.com",498,"2023-03-01 19:43:10","","","","https://scholar.google.com/citations?view_op=view_citation&hl=en&user=HwwQpEEAAAAJ&cstart=400&pagesize=100&citation_for_view=HwwQpEEAAAAJ:maZDTaKrznsC",,,,,0,0.00,0,7,,"","",""
0,"S Ojala, N Bion, A Baylet, D Duprez, RL Keiski","Utilisation of isotopic oxygen exchange in the development of air-purification catalysts",,"","","","https://scholar.google.com",499,"2023-03-01 19:43:10","","","","https://scholar.google.com/citations?view_op=view_citation&hl=en&user=HwwQpEEAAAAJ&cstart=400&pagesize=100&citation_for_view=HwwQpEEAAAAJ:7PzlFSSx8tAC",,,,,0,0.00,0,5,,"","",""
0,"F Sadi, D Duprez, F Gérard, A Miloudi","Hydrogen Generation by Redox Thermochemical cycles H",,"","","","https://scholar.google.com",500,"2023-03-01 19:43:10","","","","https://scholar.google.com/citations?view_op=view_citation&hl=en&user=HwwQpEEAAAAJ&cstart=400&pagesize=100&citation_for_view=HwwQpEEAAAAJ:dhFuZR0502QC",,,,,0,0.00,0,4,,"","",""
0,"W Yang, S Royer, R Zhang, N Bion, D Duprez","Evolution of the oxygen mobility in iron-based perovskite structures: Correlation with mixed-oxide activity for low temperature CO oxidation",,"","","","https://scholar.google.com",501,"2023-03-01 19:43:10","","","","https://scholar.google.com/citations?view_op=view_citation&hl=en&user=HwwQpEEAAAAJ&cstart=500&pagesize=100&citation_for_view=HwwQpEEAAAAJ:QIV2ME_5wuYC",,,,,0,0.00,0,5,,"","",""
0,"JC Serrano-Ruiz, D Duprez, A Sepúlveda-Escribano, ...","Study of the metal-support interaction in Pt and Pt–Sn/CeO2/C catalysts",,"","","","https://scholar.google.com",502,"2023-03-01 19:43:10","","","","https://scholar.google.com/citations?view_op=view_citation&hl=en&user=HwwQpEEAAAAJ&cstart=500&pagesize=100&citation_for_view=HwwQpEEAAAAJ:Zph67rFs4hoC",,,,,0,0.00,0,4,,"","",""
0,"TK Campbell, F Casbas, D Duprez, J Ollivier","For&s, F., see Cruz, JM (50) 287 Fujikawa, K.-, Hayashi, A., Tanaka, H., Kanazuka, T., Kanno, T. and Kodera, T. Catalytic gasification of carbon: Method",,"synthesis 50, 157,","","","https://scholar.google.com",503,"2023-03-01 19:43:10","","","","https://scholar.google.com/citations?view_op=view_citation&hl=en&user=HwwQpEEAAAAJ&cstart=500&pagesize=100&citation_for_view=HwwQpEEAAAAJ:Y0pCki6q_DkC",,,,,0,0.00,0,4,,"","",""
