Cites,Authors,Title,Year,Source,Publisher,ArticleURL,CitesURL,GSRank,QueryDate,Type,DOI,ISSN,CitationURL,Volume,Issue,StartPage,EndPage,ECC,CitesPerYear,CitesPerAuthor,AuthorCount,Age,Abstract,FullTextURL,RelatedURL
934,"DG Lidzey, DDC Bradley, MS Skolnick, T Virgili, S Walker, DM Whittaker","Strong exciton–photon coupling in an organic semiconductor microcavity",1998,"Nature","","","https://scholar.google.com/scholar?oi=bibs&hl=en&cites=17740996021441372546",1,"2023-03-01 19:48:16","Journal article","","","https://scholar.google.com/citations?view_op=view_citation&hl=en&user=EyXhiGIAAAAJ&pagesize=100&citation_for_view=EyXhiGIAAAAJ:u-x6o8ySG0sC",395,6697,53,55,934,37.36,156,6,25,"","",""
729,"AT Barrows, AJ Pearson, CK Kwak, ADF Dunbar, AR Buckley, DG Lidzey","Efficient planar heterojunction mixed-halide perovskite solar cells deposited via spray-deposition",2014,"Energy &Environmental Science","","","https://scholar.google.com/scholar?oi=bibs&hl=en&cites=12642594150388461974",2,"2023-03-01 19:48:16","Journal article","","","https://scholar.google.com/citations?view_op=view_citation&hl=en&user=EyXhiGIAAAAJ&pagesize=100&citation_for_view=EyXhiGIAAAAJ:kuK5TVdYjLIC",7,9,2944,2950,729,81.00,122,6,9,"","",""
618,"AJ Campbell, DDC Bradley, DG Lidzey","Space-charge limited conduction with traps in poly (phenylene vinylene) light emitting diodes",1997,"Journal of Applied Physics","","","https://scholar.google.com/scholar?oi=bibs&hl=en&cites=11504313389059337138",3,"2023-03-01 19:48:16","Journal article","","","https://scholar.google.com/citations?view_op=view_citation&hl=en&user=EyXhiGIAAAAJ&pagesize=100&citation_for_view=EyXhiGIAAAAJ:u5HHmVD_uO8C",82,12,6326,6342,618,23.77,206,3,26,"","",""
406,"SF Alvarado, PF Seidler, DG Lidzey, DDC Bradley","Direct determination of the exciton binding energy of conjugated polymers using a scanning tunneling microscope",1998,"Physical Review Letters","","","https://scholar.google.com/scholar?oi=bibs&hl=en&cites=6290206828016602067",4,"2023-03-01 19:48:16","Journal article","","","https://scholar.google.com/citations?view_op=view_citation&hl=en&user=EyXhiGIAAAAJ&pagesize=100&citation_for_view=EyXhiGIAAAAJ:9yKSN-GCB0IC",81,5,1082,1082,406,16.24,102,4,25,"","",""
394,"DG Lidzey, DDC Bradley, T Virgili, A Armitage, MS Skolnick, S Walker","Room temperature polariton emission from strongly coupled organic semiconductor microcavities",1999,"Physical review letters","","","https://scholar.google.com/scholar?oi=bibs&hl=en&cites=13332916350953541867",5,"2023-03-01 19:48:16","Journal article","","","https://scholar.google.com/citations?view_op=view_citation&hl=en&user=EyXhiGIAAAAJ&pagesize=100&citation_for_view=EyXhiGIAAAAJ:IjCSPb-OGe4C",82,16,3316,3316,394,16.42,66,6,24,"","",""
375,"T Virgili, DG Lidzey, DDC Bradley","Efficient energy transfer from blue to red in tetraphenylporphyrin‐doped poly (9, 9‐dioctylfluorene) light‐emitting diodes",2000,"Advanced Materials","","","https://scholar.google.com/scholar?oi=bibs&hl=en&cites=5616256791737237397",6,"2023-03-01 19:48:16","Journal article","","","https://scholar.google.com/citations?view_op=view_citation&hl=en&user=EyXhiGIAAAAJ&pagesize=100&citation_for_view=EyXhiGIAAAAJ:d1gkVwhDpl0C",12,1,58,62,375,16.30,125,3,23,"","",""
349,"DM Coles, N Somaschi, P Michetti, C Clark, PG Lagoudakis, PG Savvidis, ...","Polariton-mediated energy transfer between organic dyes in a strongly coupled optical microcavity",2014,"Nature materials","","","https://scholar.google.com/scholar?oi=bibs&hl=en&cites=9360652748577550700",7,"2023-03-01 19:48:16","Journal article","","","https://scholar.google.com/citations?view_op=view_citation&hl=en&user=EyXhiGIAAAAJ&pagesize=100&citation_for_view=EyXhiGIAAAAJ:g3aElNc5_aQC",13,7,712,719,349,38.78,50,7,9,"","",""
336,"VM Agranovich, M Litinskaia, DG Lidzey","Cavity polaritons in microcavities containing disordered organic semiconductors",2003,"Physical Review B","","","https://scholar.google.com/scholar?oi=bibs&hl=en&cites=2569571260555678063",8,"2023-03-01 19:48:16","Journal article","","","https://scholar.google.com/citations?view_op=view_citation&hl=en&user=EyXhiGIAAAAJ&pagesize=100&citation_for_view=EyXhiGIAAAAJ:_FxGoFyzp5QC",67,8,85311,85311,336,16.80,112,3,20,"","",""
321,"M Sims, DDC Bradley, M Ariu, M Koeberg, A Asimakis, M Grell, DG Lidzey","Understanding the origin of the 535 nm emission band in oxidized poly (9, 9‐dioctylfluorene): The essential role of inter‐chain/inter‐segment interactions",2004,"Advanced Functional Materials","","","https://scholar.google.com/scholar?oi=bibs&hl=en&cites=6854395625065972665",9,"2023-03-01 19:48:16","Journal article","","","https://scholar.google.com/citations?view_op=view_citation&hl=en&user=EyXhiGIAAAAJ&pagesize=100&citation_for_view=EyXhiGIAAAAJ:2osOgNQ5qMEC",14,8,765,781,321,16.89,46,7,19,"","",""
291,"D O’brien, MS Weaver, DG Lidzey, DDC Bradley","Use of poly (phenyl quinoxaline) as an electron transport material in polymer light‐emitting diodes",1996,"Applied physics letters","","","https://scholar.google.com/scholar?oi=bibs&hl=en&cites=154184151949056467",10,"2023-03-01 19:48:16","Journal article","","","https://scholar.google.com/citations?view_op=view_citation&hl=en&user=EyXhiGIAAAAJ&pagesize=100&citation_for_view=EyXhiGIAAAAJ:qjMakFHDy7sC",69,7,881,883,291,10.78,73,4,27,"","",""
285,"M Ariu, M Sims, MD Rahn, J Hill, AM Fox, DG Lidzey, M Oda, ...","Exciton migration in β-phase poly (9, 9-dioctylfluorene)",2003,"Physical Review B","","","https://scholar.google.com/scholar?oi=bibs&hl=en&cites=10200062614398693103",11,"2023-03-01 19:48:16","Journal article","","","https://scholar.google.com/citations?view_op=view_citation&hl=en&user=EyXhiGIAAAAJ&pagesize=100&citation_for_view=EyXhiGIAAAAJ:Tyk-4Ss8FVUC",67,19,195333,195333,285,14.25,36,8,20,"","",""
278,"PA Lane, LC Palilis, DF O’Brien, C Giebeler, AJ Cadby, DG Lidzey, ...","Origin of electrophosphorescence from a doped polymer light emitting diode",2001,"Physical Review B","","","https://scholar.google.com/scholar?oi=bibs&hl=en&cites=10237164689704164327",12,"2023-03-01 19:48:16","Journal article","","","https://scholar.google.com/citations?view_op=view_citation&hl=en&user=EyXhiGIAAAAJ&pagesize=100&citation_for_view=EyXhiGIAAAAJ:UeHWp8X0CEIC",63,23,235206,235206,278,12.64,40,7,22,"","",""
265,"DG Lidzey, DDC Bradley, A Armitage, S Walker, MS Skolnick","Photon-mediated hybridization of Frenkel excitons in organic semiconductor microcavities",2000,"Science","","","https://scholar.google.com/scholar?oi=bibs&hl=en&cites=7159864683579969044",13,"2023-03-01 19:48:16","Journal article","","","https://scholar.google.com/citations?view_op=view_citation&hl=en&user=EyXhiGIAAAAJ&pagesize=100&citation_for_view=EyXhiGIAAAAJ:ufrVoPGSRksC",288,5471,1620,1623,265,11.52,53,5,23,"","",""
239,"M Ariu, DG Lidzey, M Sims, AJ Cadby, PA Lane, DDC Bradley","The effect of morphology on the temperature-dependent photoluminescence quantum efficiency of the conjugated polymer poly (9, 9-dioctylfluorene)",2002,"Journal of Physics: Condensed Matter","","","https://scholar.google.com/scholar?oi=bibs&hl=en&cites=2675032050723012362",14,"2023-03-01 19:48:16","Journal article","","","https://scholar.google.com/citations?view_op=view_citation&hl=en&user=EyXhiGIAAAAJ&pagesize=100&citation_for_view=EyXhiGIAAAAJ:YsMSGLbcyi4C",14,42,9975,9975,239,11.38,40,6,21,"","",""
219,"PA Hobson, WL Barnes, DG Lidzey, GA Gehring, DM Whittaker, ...","Strong exciton–photon coupling in a low-Q all-metal mirror microcavity",2002,"Applied Physics Letters","","","https://scholar.google.com/scholar?oi=bibs&hl=en&cites=16769398538946123616",15,"2023-03-01 19:48:16","Journal article","","","https://scholar.google.com/citations?view_op=view_citation&hl=en&user=EyXhiGIAAAAJ&pagesize=100&citation_for_view=EyXhiGIAAAAJ:roLk4NBRz8UC",81,19,3519,3521,219,10.43,37,6,21,"","",""
217,"AJ Parnell, ADF Dunbar, AJ Pearson, PA Staniec, AJC Dennison, ...","Depletion of PCBM at the cathode interface in P3HT/PCBM thin films as quantified via neutron reflectivity measurements",2010,"Advanced materials","","","https://scholar.google.com/scholar?oi=bibs&hl=en&cites=11923977708538875227",16,"2023-03-01 19:48:16","Journal article","","","https://scholar.google.com/citations?view_op=view_citation&hl=en&user=EyXhiGIAAAAJ&pagesize=100&citation_for_view=EyXhiGIAAAAJ:kNdYIx-mwKoC",22,22,2444,2447,217,16.69,36,6,13,"","",""
213,"DF O’Brien, C Giebeler, RB Fletcher, AJ Cadby, LC Palilis, DG Lidzey, ...","Electrophosphoresence from a doped polymer light emitting diode",2001,"Synthetic Metals 116 (1-3)","","","https://scholar.google.com/scholar?oi=bibs&hl=en&cites=2230365116074011450",17,"2023-03-01 19:48:16","Book chapter","","","https://scholar.google.com/citations?view_op=view_citation&hl=en&user=EyXhiGIAAAAJ&pagesize=100&citation_for_view=EyXhiGIAAAAJ:zYLM7Y9cAGgC",,,379,383,213,9.68,30,7,22,"","",""
210,"J Chappell, DG Lidzey, PC Jukes, AM Higgins, RL Thompson, ...","Correlating structure with fluorescence emission in phase-separated conjugated-polymer blends",2003,"Nature materials","","","https://scholar.google.com/scholar?oi=bibs&hl=en&cites=16133511910932560100",18,"2023-03-01 19:48:16","Journal article","","","https://scholar.google.com/citations?view_op=view_citation&hl=en&user=EyXhiGIAAAAJ&pagesize=100&citation_for_view=EyXhiGIAAAAJ:W7OEmFMy1HYC",2,9,616,621,210,10.50,35,6,20,"","",""
184,"W Li, M Chen, J Cai, ELK Spooner, H Zhang, RS Gurney, D Liu, Z Xiao, ...","Molecular order control of non-fullerene acceptors for high-efficiency polymer solar cells",2019,"Joule","","","https://scholar.google.com/scholar?oi=bibs&hl=en&cites=1078028488670661392",19,"2023-03-01 19:48:16","Journal article","","","https://scholar.google.com/citations?view_op=view_citation&hl=en&user=EyXhiGIAAAAJ&pagesize=100&citation_for_view=EyXhiGIAAAAJ:uDGL6kOW6j0C",3,3,819,833,184,46.00,20,9,4,"","",""
174,"T Wang, AJ Pearson, ADF Dunbar, PA Staniec, DC Watters, H Yi, AJ Ryan, ...","Correlating structure with function in thermally annealed PCDTBT: PC70BM photovoltaic blends",2012,"Advanced Functional Materials","","","https://scholar.google.com/scholar?oi=bibs&hl=en&cites=3534694519842339825",20,"2023-03-01 19:48:16","Journal article","","","https://scholar.google.com/citations?view_op=view_citation&hl=en&user=EyXhiGIAAAAJ&pagesize=100&citation_for_view=EyXhiGIAAAAJ:eJXPG6dFmWUC",22,7,1399,1408,174,15.82,22,8,11,"","",""
173,"RS Gurney, DG Lidzey, T Wang","A review of non-fullerene polymer solar cells: from device physics to morphology control",2019,"Reports on Progress in Physics","","","https://scholar.google.com/scholar?oi=bibs&hl=en&cites=10533943803189546891",21,"2023-03-01 19:48:16","Journal article","","","https://scholar.google.com/citations?view_op=view_citation&hl=en&user=EyXhiGIAAAAJ&pagesize=100&citation_for_view=EyXhiGIAAAAJ:jgBuDB5drN8C",82,3,36601,36601,173,43.25,58,3,4,"","",""
160,"DG Lidzey, MA Pate, MS Weaver, TA Fisher, DDC Bradley","Photoprocessed and micropatterned conjugated polymer LEDs",1996,"Synthetic Metals","","","https://scholar.google.com/scholar?oi=bibs&hl=en&cites=13748943678222465240",22,"2023-03-01 19:48:16","Journal article","","","https://scholar.google.com/citations?view_op=view_citation&hl=en&user=EyXhiGIAAAAJ&pagesize=100&citation_for_view=EyXhiGIAAAAJ:eQOLeE2rZwMC",82,2,141,148,160,5.93,32,5,27,"","",""
157,"AJ Campbell, MS Weaver, DG Lidzey, DDC Bradley","Bulk limited conduction in electroluminescent polymer devices",1998,"Journal of applied physics","","","https://scholar.google.com/scholar?oi=bibs&hl=en&cites=8162856865338904727",23,"2023-03-01 19:48:16","Journal article","","","https://scholar.google.com/citations?view_op=view_citation&hl=en&user=EyXhiGIAAAAJ&pagesize=100&citation_for_view=EyXhiGIAAAAJ:Y0pCki6q_DkC",84,12,6737,6746,157,6.28,39,4,25,"","",""
154,"HM Thirimanne, K Jayawardena, AJ Parnell, RMI Bandara, ...","High sensitivity organic inorganic hybrid X-ray detectors with direct transduction and broadband response",2018,"Nature Communications","","","https://scholar.google.com/scholar?oi=bibs&hl=en&cites=17955914887501183450",24,"2023-03-01 19:48:16","Journal article","","","https://scholar.google.com/citations?view_op=view_citation&hl=en&user=EyXhiGIAAAAJ&pagesize=100&citation_for_view=EyXhiGIAAAAJ:AHdEip9mkN0C",9,1,2926,2926,154,30.80,31,5,5,"","",""
154,"FA Boroumand, PW Fry, DG Lidzey","Nanoscale conjugated-polymer light-emitting diodes",2005,"Nano letters","","","https://scholar.google.com/scholar?oi=bibs&hl=en&cites=17955219199032244972",25,"2023-03-01 19:48:16","Journal article","","","https://scholar.google.com/citations?view_op=view_citation&hl=en&user=EyXhiGIAAAAJ&pagesize=100&citation_for_view=EyXhiGIAAAAJ:KlAtU1dfN6UC",5,1,67,71,154,8.56,51,3,18,"","",""
150,"T Wang, ADF Dunbar, PA Staniec, AJ Pearson, PE Hopkinson, ...","The development of nanoscale morphology in polymer: fullerene photovoltaic blends during solvent casting",2010,"Soft Matter","","","https://scholar.google.com/scholar?oi=bibs&hl=en&cites=14358464966814489102",26,"2023-03-01 19:48:16","Journal article","","","https://scholar.google.com/citations?view_op=view_citation&hl=en&user=EyXhiGIAAAAJ&pagesize=100&citation_for_view=EyXhiGIAAAAJ:-f6ydRqryjwC",6,17,4128,4134,150,11.54,25,6,13,"","",""
149,"DM Coles, P Michetti, C Clark, WC Tsoi, AM Adawi, JS Kim, DG Lidzey","Vibrationally Assisted Polariton‐Relaxation Processes in Strongly Coupled Organic‐Semiconductor Microcavities",2011,"Advanced Functional Materials","","","https://scholar.google.com/scholar?oi=bibs&hl=en&cites=14176042886168176959",27,"2023-03-01 19:48:16","Journal article","","","https://scholar.google.com/citations?view_op=view_citation&hl=en&user=EyXhiGIAAAAJ&pagesize=100&citation_for_view=EyXhiGIAAAAJ:KxtntwgDAa4C",21,19,3691,3696,149,12.42,21,7,12,"","",""
137,"D Moia, I Gelmetti, P Calado, W Fisher, M Stringer, O Game, Y Hu, ...","Ionic-to-electronic current amplification in hybrid perovskite solar cells: ionically gated transistor-interface circuit model explains hysteresis and impedance of mixed …",2019,"Energy &Environmental Science","","","https://scholar.google.com/scholar?oi=bibs&hl=en&cites=6251175196721442862",28,"2023-03-01 19:48:16","Journal article","","","https://scholar.google.com/citations?view_op=view_citation&hl=en&user=EyXhiGIAAAAJ&pagesize=100&citation_for_view=EyXhiGIAAAAJ:v1_lew4L6wgC",12,4,1296,1308,137,34.25,17,8,4,"","",""
131,"DK Mohamad, J Griffin, C Bracher, AT Barrows, DG Lidzey","Spray‐cast multilayer organometal perovskite solar cells fabricated in air",2016,"Advanced Energy Materials","","","https://scholar.google.com/scholar?oi=bibs&hl=en&cites=14798198130468854158",29,"2023-03-01 19:48:16","Journal article","","","https://scholar.google.com/citations?view_op=view_citation&hl=en&user=EyXhiGIAAAAJ&pagesize=100&citation_for_view=EyXhiGIAAAAJ:NXb4pA-qfm4C",6,22,1600994,1600994,131,18.71,26,5,7,"","",""
129,"T Wang, AJ Pearson, DG Lidzey, RAL Jones","Evolution of structure, optoelectronic properties, and device performance of polythiophene: fullerene solar cells during thermal annealing",2011,"Advanced Functional Materials","","","https://scholar.google.com/scholar?oi=bibs&hl=en&cites=10551788362777028843",30,"2023-03-01 19:48:16","Journal article","","","https://scholar.google.com/citations?view_op=view_citation&hl=en&user=EyXhiGIAAAAJ&pagesize=100&citation_for_view=EyXhiGIAAAAJ:RYcK_YlVTxYC",21,8,1383,1390,129,10.75,32,4,12,"","",""
128,"PA Staniec, AJ Parnell, ADF Dunbar, H Yi, AJ Pearson, T Wang, ...","The nanoscale morphology of a PCDTBT: PCBM photovoltaic blend",2011,"Advanced Energy Materials","","","https://scholar.google.com/scholar?oi=bibs&hl=en&cites=9840663224062539514",31,"2023-03-01 19:48:16","Journal article","","","https://scholar.google.com/citations?view_op=view_citation&hl=en&user=EyXhiGIAAAAJ&pagesize=100&citation_for_view=EyXhiGIAAAAJ:HE397vMXCloC",1,4,499,504,128,10.67,18,7,12,"","",""
127,"DM Coles, Y Yang, Y Wang, RT Grant, RA Taylor, SK Saikin, ...","Strong coupling between chlorosomes of photosynthetic bacteria and a confined optical cavity mode",2014,"Nature communications","","","https://scholar.google.com/scholar?oi=bibs&hl=en&cites=10607820104529837369",32,"2023-03-01 19:48:16","Journal article","","","https://scholar.google.com/citations?view_op=view_citation&hl=en&user=EyXhiGIAAAAJ&pagesize=100&citation_for_view=EyXhiGIAAAAJ:lmc2jWPfTJgC",5,1,5561,5561,127,14.11,18,7,9,"","",""
125,"PE Hopkinson, PA Staniec, AJ Pearson, ADF Dunbar, T Wang, AJ Ryan, ...","A phase diagram of the P3HT: PCBM organic photovoltaic system: implications for device processing and performance",2011,"Macromolecules","","","https://scholar.google.com/scholar?oi=bibs&hl=en&cites=10223086314266897682",33,"2023-03-01 19:48:16","Journal article","","","https://scholar.google.com/citations?view_op=view_citation&hl=en&user=EyXhiGIAAAAJ&pagesize=100&citation_for_view=EyXhiGIAAAAJ:r0BpntZqJG4C",44,8,2908,2917,125,10.42,18,7,12,"","",""
124,"L Yang, AT Barrows, DG Lidzey, T Wang","Recent progress and challenges of organometal halide perovskite solar cells",2016,"Reports on Progress in Physics","","","https://scholar.google.com/scholar?oi=bibs&hl=en&cites=5554911201149947906",34,"2023-03-01 19:48:16","Journal article","","","https://scholar.google.com/citations?view_op=view_citation&hl=en&user=EyXhiGIAAAAJ&pagesize=100&citation_for_view=EyXhiGIAAAAJ:rmuvC79q63oC",79,2,26501,26501,124,17.71,31,4,7,"","",""
124,"DG Lidzey, AM Fox, MD Rahn, MS Skolnick, VM Agranovich, S Walker","Experimental study of light emission from strongly coupled organic semiconductor microcavities following nonresonant laser excitation",2002,"Physical Review B","","","https://scholar.google.com/scholar?oi=bibs&hl=en&cites=16138290220341550425",35,"2023-03-01 19:48:16","Journal article","","","https://scholar.google.com/citations?view_op=view_citation&hl=en&user=EyXhiGIAAAAJ&pagesize=100&citation_for_view=EyXhiGIAAAAJ:0EnyYjriUFMC",65,19,195312,195312,124,5.90,21,6,21,"","",""
123,"D O’Brien, A Bleyer, DG Lidzey, DDC Bradley, T Tsutsui","Efficient multilayer electroluminescence devices with poly(m-phenylenevinylene-co-2,5-dioctyloxy-p-phenylenevinylene) as the emissive layer",1997,"Journal of applied physics","","","https://scholar.google.com/scholar?oi=bibs&hl=en&cites=12583912714669813132",36,"2023-03-01 19:48:16","Journal article","","","https://scholar.google.com/citations?view_op=view_citation&hl=en&user=EyXhiGIAAAAJ&pagesize=100&citation_for_view=EyXhiGIAAAAJ:WF5omc3nYNoC",82,5,2662,2670,123,4.73,25,5,26,"","",""
121,"T Virgili, D Coles, AM Adawi, C Clark, P Michetti, SK Rajendran, D Brida, ...","Ultrafast polariton relaxation dynamics in an organic semiconductor microcavity",2011,"Physical Review B","","","https://scholar.google.com/scholar?oi=bibs&hl=en&cites=11513542766066249338",37,"2023-03-01 19:48:16","Journal article","","","https://scholar.google.com/citations?view_op=view_citation&hl=en&user=EyXhiGIAAAAJ&pagesize=100&citation_for_view=EyXhiGIAAAAJ:EUQCXRtRnyEC",83,24,245309,245309,121,10.08,15,8,12,"","",""
117,"M Ariu, DG Lidzey, DDC Bradley","Influence of film morphology on the vibrational spectra of dioctyl substituted polyfluorene (PFO)",2000,"Synthetic metals","","","https://scholar.google.com/scholar?oi=bibs&hl=en&cites=10603014877594479342",38,"2023-03-01 19:48:16","Journal article","","","https://scholar.google.com/citations?view_op=view_citation&hl=en&user=EyXhiGIAAAAJ&pagesize=100&citation_for_view=EyXhiGIAAAAJ:UebtZRa9Y70C",111,,607,610,117,5.09,39,3,23,"","",""
108,"H Yi, S Al-Faifi, A Iraqi, DC Watters, J Kingsley, DG Lidzey","Carbazole and thienyl benzo [1, 2, 5] thiadiazole based polymers with improved open circuit voltages and processability for application in solar cells",2011,"Journal of Materials Chemistry","","","https://scholar.google.com/scholar?oi=bibs&hl=en&cites=6429903550377751748",39,"2023-03-01 19:48:16","Journal article","","","https://scholar.google.com/citations?view_op=view_citation&hl=en&user=EyXhiGIAAAAJ&pagesize=100&citation_for_view=EyXhiGIAAAAJ:p2g8aNsByqUC",21,35,13649,13656,108,9.00,18,6,12,"","",""
107,"T Wang, NW Scarratt, H Yi, ADF Dunbar, AJ Pearson, DC Watters, ...","Fabricating High Performance, Donor–Acceptor Copolymer Solar Cells by Spray‐Coating in Air",2013,"Advanced Energy Materials","","","https://scholar.google.com/scholar?oi=bibs&hl=en&cites=14338427516496171477",40,"2023-03-01 19:48:16","Journal article","","","https://scholar.google.com/citations?view_op=view_citation&hl=en&user=EyXhiGIAAAAJ&pagesize=100&citation_for_view=EyXhiGIAAAAJ:-_dYPAW6P2MC",3,4,505,512,107,10.70,15,7,10,"","",""
106,"CI Wilkinson, DG Lidzey, LC Palilis, RB Fletcher, SJ Martin, XH Wang, ...","Enhanced performance of pulse driven small area polyfluorene light emitting diodes",2001,"Applied Physics Letters","","","https://scholar.google.com/scholar?oi=bibs&hl=en&cites=11077543712866798935",41,"2023-03-01 19:48:16","Journal article","","","https://scholar.google.com/citations?view_op=view_citation&hl=en&user=EyXhiGIAAAAJ&pagesize=100&citation_for_view=EyXhiGIAAAAJ:hqOjcs7Dif8C",79,2,171,173,106,4.82,15,7,22,"","",""
104,"TA Fisher, DG Lidzey, MA Pate, MS Weaver, DM Whittaker, MS Skolnick, ...","Electroluminescence from a conjugated polymer microcavity structure",1995,"Applied physics letters","","","https://scholar.google.com/scholar?oi=bibs&hl=en&cites=9357869196964082197",42,"2023-03-01 19:48:16","Journal article","","","https://scholar.google.com/citations?view_op=view_citation&hl=en&user=EyXhiGIAAAAJ&pagesize=100&citation_for_view=EyXhiGIAAAAJ:LkGwnXOMwfcC",67,10,1355,1357,104,3.71,15,7,28,"","",""
95,"JE Bishop, TJ Routledge, DG Lidzey","Advances in spray-cast perovskite solar cells",2018,"The journal of physical chemistry letters","","","https://scholar.google.com/scholar?oi=bibs&hl=en&cites=1855984066848849395",43,"2023-03-01 19:48:16","Journal article","","","https://scholar.google.com/citations?view_op=view_citation&hl=en&user=EyXhiGIAAAAJ&pagesize=100&citation_for_view=EyXhiGIAAAAJ:fbc8zXXH2BUC",9,8,1977,1984,95,19.00,32,3,5,"","",""
89,"AAB Alghamdi, DC Watters, H Yi, S Al-Faifi, MS Almeataq, D Coles, ...","Selenophene vs. thiophene in benzothiadiazole-based low energy gap donor–acceptor polymers for photovoltaic applications",2013,"Journal of Materials Chemistry A","","","https://scholar.google.com/scholar?oi=bibs&hl=en&cites=7792125599869461728",44,"2023-03-01 19:48:16","Journal article","","","https://scholar.google.com/citations?view_op=view_citation&hl=en&user=EyXhiGIAAAAJ&pagesize=100&citation_for_view=EyXhiGIAAAAJ:yB1At4FlUx8C",1,16,5165,5171,89,8.90,13,7,10,"","",""
89,"DG Lidzey, DDC Bradley, SF Alvarado, PF Seidler","Electroluminescence in polymer films",1997,"Nature","","","https://scholar.google.com/scholar?oi=bibs&hl=en&cites=18083938465083431673",45,"2023-03-01 19:48:16","Journal article","","","https://scholar.google.com/citations?view_op=view_citation&hl=en&user=EyXhiGIAAAAJ&pagesize=100&citation_for_view=EyXhiGIAAAAJ:xtoqd-5pKcoC",386,6621,135,135,89,3.42,22,4,26,"","",""
88,"JE Bishop, CD Read, JA Smith, TJ Routledge, DG Lidzey","Fully spray-coated triple-cation perovskite solar cells",2020,"Scientific reports","","","https://scholar.google.com/scholar?oi=bibs&hl=en&cites=17012120176007389467",46,"2023-03-01 19:48:16","Journal article","","","https://scholar.google.com/citations?view_op=view_citation&hl=en&user=EyXhiGIAAAAJ&pagesize=100&citation_for_view=EyXhiGIAAAAJ:1yWc8FF-_SYC",10,1,6610,6610,88,29.33,18,5,3,"","",""
88,"T Cookson, K Georgiou, A Zasedatelev, RT Grant, T Virgili, M Cavazzini, ...","A yellow polariton condensate in a dye filled microcavity",2017,"Advanced Optical Materials","","","https://scholar.google.com/scholar?oi=bibs&hl=en&cites=5243629866740639759",47,"2023-03-01 19:48:16","Journal article","","","https://scholar.google.com/citations?view_op=view_citation&hl=en&user=EyXhiGIAAAAJ&pagesize=100&citation_for_view=EyXhiGIAAAAJ:DJbcl8HfkQkC",5,18,1700203,1700203,88,14.67,13,7,6,"","",""
84,"Y Zhang, IDW Samuel, T Wang, DG Lidzey","Current status of outdoor lifetime testing of organic photovoltaics",2018,"Advanced Science","","","https://scholar.google.com/scholar?oi=bibs&hl=en&cites=13357063448713727626",48,"2023-03-01 19:48:16","Journal article","","","https://scholar.google.com/citations?view_op=view_citation&hl=en&user=EyXhiGIAAAAJ&pagesize=100&citation_for_view=EyXhiGIAAAAJ:tH6gc1N1XXoC",5,8,1800434,1800434,84,16.80,21,4,5,"","",""
83,"Y Yan, F Cai, L Yang, J Li, Y Zhang, F Qin, C Xiong, Y Zhou, DG Lidzey, ...","Light‐Soaking‐Free Inverted Polymer Solar Cells with an Efficiency of 10.5% by Compositional and Surface Modifications to a Low‐Temperature‐Processed TiO2 Electron‐Transport Layer",2017,"Advanced Materials","","","https://scholar.google.com/scholar?oi=bibs&hl=en&cites=362067494498970591",49,"2023-03-01 19:48:16","Journal article","","","https://scholar.google.com/citations?view_op=view_citation&hl=en&user=EyXhiGIAAAAJ&pagesize=100&citation_for_view=EyXhiGIAAAAJ:sNmaIFBj_lkC",29,1,1604044,1604044,83,13.83,8,10,6,"","",""
83,"AM Higgins, SJ Martin, RL Thompson, J Chappell, M Voigt, DG Lidzey, ...","Surface segregation and self-stratification in blends of spin-cast polyfluorene derivatives",2005,"Journal of Physics: Condensed Matter","","","https://scholar.google.com/scholar?oi=bibs&hl=en&cites=9153014544664442503",50,"2023-03-01 19:48:16","Journal article","","","https://scholar.google.com/citations?view_op=view_citation&hl=en&user=EyXhiGIAAAAJ&pagesize=100&citation_for_view=EyXhiGIAAAAJ:3fE2CSJIrl8C",17,8,1319,1319,83,4.61,12,7,18,"","",""
82,"AJ Pearson, T Wang, RAL Jones, DG Lidzey, PA Staniec, PE Hopkinson, ...","Rationalizing phase transitions with thermal annealing temperatures for P3HT: PCBM organic photovoltaic devices",2012,"Macromolecules","","","https://scholar.google.com/scholar?oi=bibs&hl=en&cites=16014641535917405386",51,"2023-03-01 19:48:16","Journal article","","","https://scholar.google.com/citations?view_op=view_citation&hl=en&user=EyXhiGIAAAAJ&pagesize=100&citation_for_view=EyXhiGIAAAAJ:08ZZubdj9fEC",45,3,1499,1508,82,7.45,12,7,11,"","",""
82,"J Wenus, R Parashkov, S Ceccarelli, A Brehier, JS Lauret, MS Skolnick, ...","Hybrid organic-inorganic exciton-polaritons in a strongly coupled microcavity",2006,"Physical Review B","","","https://scholar.google.com/scholar?oi=bibs&hl=en&cites=2921394628989297305",52,"2023-03-01 19:48:16","Journal article","","","https://scholar.google.com/citations?view_op=view_citation&hl=en&user=EyXhiGIAAAAJ&pagesize=100&citation_for_view=EyXhiGIAAAAJ:R3hNpaxXUhUC",74,23,235212,235212,82,4.82,12,7,17,"","",""
82,"AJ Campbell, DDC Bradley, T Virgili, DG Lidzey, H Antoniadis","Improving efficiency by balancing carrier transport in poly (9, 9-dioctylfluorene) light-emitting diodes using tetraphenylporphyrin as a hole-trapping, emissive dopant",2001,"Applied Physics Letters","","","https://scholar.google.com/scholar?oi=bibs&hl=en&cites=12055564832220938646",53,"2023-03-01 19:48:16","Journal article","","","https://scholar.google.com/citations?view_op=view_citation&hl=en&user=EyXhiGIAAAAJ&pagesize=100&citation_for_view=EyXhiGIAAAAJ:8k81kl-MbHgC",79,23,3872,3874,82,3.73,16,5,22,"","",""
81,"T Wang, AJ Pearson, DG Lidzey","Correlating molecular morphology with optoelectronic function in solar cells based on low band-gap copolymer: fullerene blends",2013,"Journal of Materials Chemistry C","","","https://scholar.google.com/scholar?oi=bibs&hl=en&cites=13655499859607094928",54,"2023-03-01 19:48:16","Journal article","","","https://scholar.google.com/citations?view_op=view_citation&hl=en&user=EyXhiGIAAAAJ&pagesize=100&citation_for_view=EyXhiGIAAAAJ:vDijr-p_gm4C",1,44,7266,7293,81,8.10,27,3,10,"","",""
80,"M Alsari, O Bikondoa, J Bishop, M Abdi-Jalebi, LY Ozer, M Hampton, ...","In situ simultaneous photovoltaic and structural evolution of perovskite solar cells during film formation",2018,"Energy &Environmental Science","","","https://scholar.google.com/scholar?oi=bibs&hl=en&cites=5211467767167262361",55,"2023-03-01 19:48:16","Journal article","","","https://scholar.google.com/citations?view_op=view_citation&hl=en&user=EyXhiGIAAAAJ&pagesize=100&citation_for_view=EyXhiGIAAAAJ:GFxP56DSvIMC",11,2,383,393,80,16.00,11,7,5,"","",""
77,"K Georgiou, P Michetti, L Gai, M Cavazzini, Z Shen, DG Lidzey","Control over energy transfer between fluorescent BODIPY dyes in a strongly coupled microcavity",2018,"ACS Photonics","","","https://scholar.google.com/scholar?oi=bibs&hl=en&cites=4623151931171139752",56,"2023-03-01 19:48:16","Journal article","","","https://scholar.google.com/citations?view_op=view_citation&hl=en&user=EyXhiGIAAAAJ&pagesize=100&citation_for_view=EyXhiGIAAAAJ:Ehil0879vHcC",5,1,258,266,77,15.40,13,6,5,"","",""
77,"MS Weaver, DG Lidzey, TA Fisher, MA Pate, D O'Brien, A Bleyer, ...","Recent progress in polymers for electroluminescence: microcavity devices and electron transport polymers",1996,"Thin Solid Films 273 (1-2)","","","https://scholar.google.com/scholar?oi=bibs&hl=en&cites=7471186959702156922",57,"2023-03-01 19:48:16","Book chapter","","","https://scholar.google.com/citations?view_op=view_citation&hl=en&user=EyXhiGIAAAAJ&pagesize=100&citation_for_view=EyXhiGIAAAAJ:Se3iqnhoufwC",,,39,47,77,2.85,11,7,27,"","",""
74,"G Cerullo, S Stagira, M Zavelani-Rossi, S De Silvestri, T Virgili, DG Lidzey, ...","Ultrafast Förster transfer dynamics in tetraphenylporphyrin doped poly (9, 9-dioctylfluorene)",2001,"Chemical physics letters 335 (1-2)","","","https://scholar.google.com/scholar?oi=bibs&hl=en&cites=8406543927677067778",58,"2023-03-01 19:48:16","Journal article","","","https://scholar.google.com/citations?view_op=view_citation&hl=en&user=EyXhiGIAAAAJ&pagesize=100&citation_for_view=EyXhiGIAAAAJ:5nxA0vEk-isC",,,27,33,74,3.36,11,7,22,"","",""
72,"A Cadby, R Dean, AM Fox, RAL Jones, DG Lidzey","Mapping the fluorescence decay lifetime of a conjugated polymer in a phase-separated blend using a scanning near-field optical microscope",2005,"Nano letters","","","https://scholar.google.com/scholar?oi=bibs&hl=en&cites=11523685647796026515",59,"2023-03-01 19:48:16","Journal article","","","https://scholar.google.com/citations?view_op=view_citation&hl=en&user=EyXhiGIAAAAJ&pagesize=100&citation_for_view=EyXhiGIAAAAJ:M3ejUd6NZC8C",5,11,2232,2237,72,4.00,14,5,18,"","",""
72,"RB Fletcher, DG Lidzey, DDC Bradley, M Bernius, S Walker","Spectral properties of resonant-cavity, polyfluorene light-emitting diodes",2000,"Applied Physics Letters","","","https://scholar.google.com/scholar?oi=bibs&hl=en&cites=12902261221583193772",60,"2023-03-01 19:48:16","Journal article","","","https://scholar.google.com/citations?view_op=view_citation&hl=en&user=EyXhiGIAAAAJ&pagesize=100&citation_for_view=EyXhiGIAAAAJ:Zph67rFs4hoC",77,9,1262,1264,72,3.13,14,5,23,"","",""
71,"JE Bishop, DK Mohamad, M Wong-Stringer, A Smith, DG Lidzey","Spray-cast multilayer perovskite solar cells with an active-area of 1.5 cm2",2017,"Scientific reports","","","https://scholar.google.com/scholar?oi=bibs&hl=en&cites=17571823740028826895",61,"2023-03-01 19:48:16","Journal article","","","https://scholar.google.com/citations?view_op=view_citation&hl=en&user=EyXhiGIAAAAJ&pagesize=100&citation_for_view=EyXhiGIAAAAJ:fFSKOagxvKUC",7,1,1,11,71,11.83,14,5,6,"","",""
69,"Y Zhang, E Bovill, J Kingsley, AR Buckley, H Yi, A Iraqi, T Wang, ...","PCDTBT based solar cells: one year of operation under real-world conditions",2016,"Scientific Reports","","","https://scholar.google.com/scholar?oi=bibs&hl=en&cites=17905895973710432727",62,"2023-03-01 19:48:16","Journal article","","","https://scholar.google.com/citations?view_op=view_citation&hl=en&user=EyXhiGIAAAAJ&pagesize=100&citation_for_view=EyXhiGIAAAAJ:_axFR9aDTf0C",6,1,1,8,69,9.86,9,8,7,"","",""
69,"AI Tartakovskii, M Emam-Ismail, DG Lidzey, MS Skolnick, DDC Bradley, ...","Raman scattering in strongly coupled organic semiconductor microcavities",2001,"Physical Review B","","","https://scholar.google.com/scholar?oi=bibs&hl=en&cites=7932887251089044145",63,"2023-03-01 19:48:16","Journal article","","","https://scholar.google.com/citations?view_op=view_citation&hl=en&user=EyXhiGIAAAAJ&pagesize=100&citation_for_view=EyXhiGIAAAAJ:Wp0gIr-vW9MC",63,12,121302,121302,69,3.14,12,6,22,"","",""
68,"JW Kingsley, PP Marchisio, H Yi, A Iraqi, CJ Kinane, S Langridge, ...","Molecular weight dependent vertical composition profiles of PCDTBT: PC71BM blends for organic photovoltaics",2014,"Scientific reports","","","https://scholar.google.com/scholar?oi=bibs&hl=en&cites=9901610653401357897",64,"2023-03-01 19:48:16","Journal article","","","https://scholar.google.com/citations?view_op=view_citation&hl=en&user=EyXhiGIAAAAJ&pagesize=100&citation_for_view=EyXhiGIAAAAJ:gsN89kCJA0AC",4,1,1,7,68,7.56,10,7,9,"","",""
67,"JE Bishop, JA Smith, DG Lidzey","Development of spray-coated perovskite solar cells",2020,"ACS Applied Materials &Interfaces","","","https://scholar.google.com/scholar?oi=bibs&hl=en&cites=1836668403364855814",65,"2023-03-01 19:48:16","Journal article","","","https://scholar.google.com/citations?view_op=view_citation&hl=en&user=EyXhiGIAAAAJ&pagesize=100&citation_for_view=EyXhiGIAAAAJ:q-HalDI95KYC",12,43,48237,48245,67,22.33,22,3,3,"","",""
67,"M Ariu, DG Lidzey, M Lavrentiev, DDC Bradley, M Jandke, P Strohriegl","A study of the different structural phases of the polymer poly (9, 9′-dioctyl fluorene) using Raman spectroscopy",2001,"Synthetic metals 116 (1-3)","","","https://scholar.google.com/scholar?oi=bibs&hl=en&cites=14144745594252944591",66,"2023-03-01 19:48:16","Book chapter","","","https://scholar.google.com/citations?view_op=view_citation&hl=en&user=EyXhiGIAAAAJ&pagesize=100&citation_for_view=EyXhiGIAAAAJ:YOwf2qJgpHMC",,,217,221,67,3.05,11,6,22,"","",""
66,"JE Bishop, JA Smith, C Greenland, V Kumar, N Vaenas, OS Game, ...","High-efficiency spray-coated perovskite solar cells utilizing vacuum-assisted solution processing",2018,"ACS applied materials &interfaces","","","https://scholar.google.com/scholar?oi=bibs&hl=en&cites=4138575836709408351",67,"2023-03-01 19:48:16","Journal article","","","https://scholar.google.com/citations?view_op=view_citation&hl=en&user=EyXhiGIAAAAJ&pagesize=100&citation_for_view=EyXhiGIAAAAJ:6yz0xqPARnAC",10,46,39428,39434,66,13.20,9,7,5,"","",""
66,"AJ Musser, SK Rajendran, K Georgiou, L Gai, RT Grant, Z Shen, ...","Intermolecular states in organic dye dispersions: excimers vs. aggregates",2017,"Journal of Materials Chemistry C","","","https://scholar.google.com/scholar?oi=bibs&hl=en&cites=17030339831005097123",68,"2023-03-01 19:48:16","Journal article","","","https://scholar.google.com/citations?view_op=view_citation&hl=en&user=EyXhiGIAAAAJ&pagesize=100&citation_for_view=EyXhiGIAAAAJ:bKqednn6t2AC",5,33,8380,8389,66,11.00,9,7,6,"","",""
64,"RT Grant, P Michetti, AJ Musser, P Gregoire, T Virgili, E Vella, ...","Efficient radiative pumping of polaritons in a strongly coupled microcavity by a fluorescent molecular dye",2016,"Advanced Optical Materials","","","https://scholar.google.com/scholar?oi=bibs&hl=en&cites=5154412318525608382",69,"2023-03-01 19:48:16","Journal article","","","https://scholar.google.com/citations?view_op=view_citation&hl=en&user=EyXhiGIAAAAJ&pagesize=100&citation_for_view=EyXhiGIAAAAJ:0izLItjtcgwC",4,10,1615,1623,64,9.14,9,7,7,"","",""
64,"S Chanyawadee, PG Lagoudakis, RT Harley, DG Lidzey, M Henini","Nonradiative exciton energy transfer in hybrid organic-inorganic heterostructures",2008,"Physical Review B","","","https://scholar.google.com/scholar?oi=bibs&hl=en&cites=4783461584089969994",70,"2023-03-01 19:48:16","Journal article","","","https://scholar.google.com/citations?view_op=view_citation&hl=en&user=EyXhiGIAAAAJ&pagesize=100&citation_for_view=EyXhiGIAAAAJ:mB3voiENLucC",77,19,193402,193402,64,4.27,13,5,15,"","",""
63,"AT Barrows, S Lilliu, AJ Pearson, D Babonneau, ADF Dunbar, DG Lidzey","Monitoring the Formation of a CH3NH3PbI3–xClx Perovskite during Thermal Annealing Using X‐Ray Scattering",2016,"Advanced Functional Materials","","","https://scholar.google.com/scholar?oi=bibs&hl=en&cites=15896567811312618916",71,"2023-03-01 19:48:16","Journal article","","","https://scholar.google.com/citations?view_op=view_citation&hl=en&user=EyXhiGIAAAAJ&pagesize=100&citation_for_view=EyXhiGIAAAAJ:9pM33mqn1YgC",26,27,4934,4942,63,9.00,11,6,7,"","",""
63,"M Voigt, J Chappell, T Rowson, A Cadby, M Geoghegan, RAL Jones, ...","The interplay between the optical and electronic properties of light-emitting-diode applicable conjugated polymer blends and their phase-separated morphology",2005,"Organic electronics","","","https://scholar.google.com/scholar?oi=bibs&hl=en&cites=15390330356105824394",72,"2023-03-01 19:48:16","Journal article","","","https://scholar.google.com/citations?view_op=view_citation&hl=en&user=EyXhiGIAAAAJ&pagesize=100&citation_for_view=EyXhiGIAAAAJ:qxL8FJ1GzNcC",6,1,35,45,63,3.50,9,7,18,"","",""
62,"RC Masters, AJ Pearson, TS Glen, FC Sasam, L Li, M Dapor, AM Donald, ...","Sub-nanometre resolution imaging of polymer–fullerene photovoltaic blends using energy-filtered scanning electron microscopy",2015,"Nature communications","","","https://scholar.google.com/scholar?oi=bibs&hl=en&cites=6727198981553648894",73,"2023-03-01 19:48:16","Journal article","","","https://scholar.google.com/citations?view_op=view_citation&hl=en&user=EyXhiGIAAAAJ&pagesize=100&citation_for_view=EyXhiGIAAAAJ:i2xiXl-TujoC",6,1,6928,6928,62,7.75,8,8,8,"","",""
62,"W Barford, DG Lidzey, DV Makhov, AJH Meijer","Exciton localization in disordered poly (3-hexylthiophene)",2010,"The Journal of chemical physics","","","https://scholar.google.com/scholar?oi=bibs&hl=en&cites=8640131097956468971",74,"2023-03-01 19:48:16","Journal article","","","https://scholar.google.com/citations?view_op=view_citation&hl=en&user=EyXhiGIAAAAJ&pagesize=100&citation_for_view=EyXhiGIAAAAJ:pqnbT2bcN3wC",133,4,44504,44504,62,4.77,16,4,13,"","",""
61,"G Tizazu, AM Adawi, GJ Leggett, DG Lidzey","Photopatterning, etching, and derivatization of self-assembled monolayers of phosphonic acids on the native oxide of titanium",2009,"Langmuir","","","https://scholar.google.com/scholar?oi=bibs&hl=en&cites=7526786593145734097",75,"2023-03-01 19:48:16","Journal article","","","https://scholar.google.com/citations?view_op=view_citation&hl=en&user=EyXhiGIAAAAJ&pagesize=100&citation_for_view=EyXhiGIAAAAJ:e5wmG9Sq2KIC",25,18,10746,10753,61,4.36,15,4,14,"","",""
59,"M Wong‐Stringer, OS Game, JA Smith, TJ Routledge, BA Alqurashy, ...","High‐performance multilayer encapsulation for perovskite photovoltaics",2018,"Advanced Energy Materials","","","https://scholar.google.com/scholar?oi=bibs&hl=en&cites=9997305069715492128",76,"2023-03-01 19:48:16","Journal article","","","https://scholar.google.com/citations?view_op=view_citation&hl=en&user=EyXhiGIAAAAJ&pagesize=100&citation_for_view=EyXhiGIAAAAJ:F1b5ZUV5XREC",8,24,1801234,1801234,59,11.80,10,6,5,"","",""
59,"Y Zhang, AJ Parnell, F Pontecchiani, JFK Cooper, RL Thompson, ...","Understanding and controlling morphology evolution via DIO plasticization in PffBT4T-2OD/PC71BM devices",2017,"Scientific Reports","","","https://scholar.google.com/scholar?oi=bibs&hl=en&cites=7077451566873277065",77,"2023-03-01 19:48:16","Journal article","","","https://scholar.google.com/citations?view_op=view_citation&hl=en&user=EyXhiGIAAAAJ&pagesize=100&citation_for_view=EyXhiGIAAAAJ:dBIO0h50nwkC",7,1,44269,44269,59,9.83,10,6,6,"","",""
59,"LC Flatten, DM Coles, Z He, DG Lidzey, RA Taylor, JH Warner, JM Smith","Electrically tunable organic–inorganic hybrid polaritons with monolayer WS2",2017,"Nature communications","","","https://scholar.google.com/scholar?oi=bibs&hl=en&cites=9556073914704104672",78,"2023-03-01 19:48:16","Journal article","","","https://scholar.google.com/citations?view_op=view_citation&hl=en&user=EyXhiGIAAAAJ&pagesize=100&citation_for_view=EyXhiGIAAAAJ:HtEfBTGE9r8C",8,1,14097,14097,59,9.83,8,7,6,"","",""
59,"AJ Pearson, T Wang, ADF Dunbar, H Yi, DC Watters, DM Coles, ...","Morphology development in amorphous polymer: fullerene photovoltaic blend films during solution casting",2014,"Advanced Functional Materials","","","https://scholar.google.com/scholar?oi=bibs&hl=en&cites=15910414896246368333",79,"2023-03-01 19:48:16","Journal article","","","https://scholar.google.com/citations?view_op=view_citation&hl=en&user=EyXhiGIAAAAJ&pagesize=100&citation_for_view=EyXhiGIAAAAJ:URolC5Kub84C",24,5,659,667,59,6.56,8,7,9,"","",""
59,"H Yi, RG Johnson, A Iraqi, D Mohamad, R Royce, DG Lidzey","Narrow energy gap polymers with absorptions up to 1 200 nm and their photovoltaic properties",2008,"Macromolecular rapid communications","","","https://scholar.google.com/scholar?oi=bibs&hl=en&cites=7220187922844635090",80,"2023-03-01 19:48:16","Journal article","","","https://scholar.google.com/citations?view_op=view_citation&hl=en&user=EyXhiGIAAAAJ&pagesize=100&citation_for_view=EyXhiGIAAAAJ:TQgYirikUcIC",29,22,1804,1809,59,3.93,10,6,15,"","",""
58,"AM Adawi, R Kullock, JL Turner, C Vasilev, DG Lidzey, A Tahraoui, ...","Improving the light extraction efficiency of polymeric light emitting diodes using two-dimensional photonic crystals",2006,"Organic Electronics","","","https://scholar.google.com/scholar?oi=bibs&hl=en&cites=16465540489864541066",81,"2023-03-01 19:48:16","Journal article","","","https://scholar.google.com/citations?view_op=view_citation&hl=en&user=EyXhiGIAAAAJ&pagesize=100&citation_for_view=EyXhiGIAAAAJ:maZDTaKrznsC",7,4,222,228,58,3.41,8,7,17,"","",""
57,"TS Glen, NW Scarratt, H Yi, A Iraqi, T Wang, J Kingsley, AR Buckley, ...","Grain size dependence of degradation of aluminium/calcium cathodes in organic solar cells following exposure to humid air",2015,"Solar Energy Materials and Solar Cells","","","https://scholar.google.com/scholar?oi=bibs&hl=en&cites=3968803744122270122",82,"2023-03-01 19:48:16","Journal article","","","https://scholar.google.com/citations?view_op=view_citation&hl=en&user=EyXhiGIAAAAJ&pagesize=100&citation_for_view=EyXhiGIAAAAJ:-FonjvnnhkoC",140,,25,32,57,7.13,7,8,8,"","",""
54,"W Li, Y Yan, Y Gong, J Cai, F Cai, RS Gurney, D Liu, AJ Pearson, ...","Contrasting effects of energy transfer in determining efficiency improvements in ternary polymer solar cells",2018,"Advanced Functional Materials","","","https://scholar.google.com/scholar?oi=bibs&hl=en&cites=1301189526514449030",83,"2023-03-01 19:48:16","Journal article","","","https://scholar.google.com/citations?view_op=view_citation&hl=en&user=EyXhiGIAAAAJ&pagesize=100&citation_for_view=EyXhiGIAAAAJ:nZcligLrVowC",28,5,1704212,1704212,54,10.80,6,9,5,"","",""
54,"N Christogiannis, N Somaschi, P Michetti, DM Coles, PG Savvidis, ...","Characterizing the electroluminescence emission from a strongly coupled organic semiconductor microcavity LED",2013,"Advanced Optical Materials","","","https://scholar.google.com/scholar?oi=bibs&hl=en&cites=8955113274490567025",84,"2023-03-01 19:48:16","Journal article","","","https://scholar.google.com/citations?view_op=view_citation&hl=en&user=EyXhiGIAAAAJ&pagesize=100&citation_for_view=EyXhiGIAAAAJ:z_wVstp3MssC",1,7,503,509,54,5.40,9,6,10,"","",""
54,"K Debnath, K Welna, M Ferrera, K Deasy, DG Lidzey, L O’Faolain","Highly efficient optical filter based on vertically coupled photonic crystal cavity and bus waveguide",2013,"Optics letters","","","https://scholar.google.com/scholar?oi=bibs&hl=en&cites=12964297629199806305",85,"2023-03-01 19:48:16","Journal article","","","https://scholar.google.com/citations?view_op=view_citation&hl=en&user=EyXhiGIAAAAJ&pagesize=100&citation_for_view=EyXhiGIAAAAJ:_Re3VWB3Y0AC",38,2,154,156,54,5.40,9,6,10,"","",""
53,"AJ Pearson, T Wang, DG Lidzey","The role of dynamic measurements in correlating structure with optoelectronic properties in polymer: fullerene bulk-heterojunction solar cells",2013,"Reports on Progress in Physics","","","https://scholar.google.com/scholar?oi=bibs&hl=en&cites=5166432830150324142",86,"2023-03-01 19:48:16","Journal article","","","https://scholar.google.com/citations?view_op=view_citation&hl=en&user=EyXhiGIAAAAJ&pagesize=100&citation_for_view=EyXhiGIAAAAJ:35r97b3x0nAC",76,2,22501,22501,53,5.30,18,3,10,"","",""
53,"A Iraqi, TG Simmance, H Yi, M Stevenson, DG Lidzey","Preparation and properties of 4-dialkylamino-phenyl N-functionalized 2, 7-linked carbazole polymers",2006,"Chemistry of materials","","","https://scholar.google.com/scholar?oi=bibs&hl=en&cites=1352797109262002916",87,"2023-03-01 19:48:16","Journal article","","","https://scholar.google.com/citations?view_op=view_citation&hl=en&user=EyXhiGIAAAAJ&pagesize=100&citation_for_view=EyXhiGIAAAAJ:ULOm3_A8WrAC",18,24,5789,5797,53,3.12,11,5,17,"","",""
52,"N Somaschi, L Mouchliadis, D Coles, IE Perakis, DG Lidzey, ...","Ultrafast polariton population build-up mediated by molecular phonons in organic microcavities",2011,"Applied Physics Letters","","","https://scholar.google.com/scholar?oi=bibs&hl=en&cites=15846566950468933330",88,"2023-03-01 19:48:16","Journal article","","","https://scholar.google.com/citations?view_op=view_citation&hl=en&user=EyXhiGIAAAAJ&pagesize=100&citation_for_view=EyXhiGIAAAAJ:u9iWguZQMMsC",99,14,209,209,52,4.33,9,6,12,"","",""
52,"C Giebeler, SA Whitelegg, DG Lidzey, PA Lane, DDC Bradley","Device degradation of polymer light emitting diodes studied by electroabsorption measurements",1999,"Applied physics letters","","","https://scholar.google.com/scholar?oi=bibs&hl=en&cites=6399213644980366390",89,"2023-03-01 19:48:16","Journal article","","","https://scholar.google.com/citations?view_op=view_citation&hl=en&user=EyXhiGIAAAAJ&pagesize=100&citation_for_view=EyXhiGIAAAAJ:dhFuZR0502QC",75,14,2144,2146,52,2.17,10,5,24,"","",""
51,"C Bracher, H Yi, NW Scarratt, R Masters, AJ Pearson, C Rodenburg, ...","The effect of residual palladium catalyst on the performance and stability of PCDTBT: PC70BM organic solar cells",2015,"Organic Electronics","","","https://scholar.google.com/scholar?oi=bibs&hl=en&cites=14222854133386795744",90,"2023-03-01 19:48:16","Journal article","","","https://scholar.google.com/citations?view_op=view_citation&hl=en&user=EyXhiGIAAAAJ&pagesize=100&citation_for_view=EyXhiGIAAAAJ:0N-VGjzr574C",27,,266,273,51,6.38,7,7,8,"","",""
51,"IA Barlow, T Kreouzis, DG Lidzey","High-speed electroluminescence modulation of a conjugated-polymer light emitting diode",2009,"Applied Physics Letters","","","https://scholar.google.com/scholar?oi=bibs&hl=en&cites=5593103908853850558",91,"2023-03-01 19:48:16","Journal article","","","https://scholar.google.com/citations?view_op=view_citation&hl=en&user=EyXhiGIAAAAJ&pagesize=100&citation_for_view=EyXhiGIAAAAJ:J_g5lzvAfSwC",94,24,162,162,51,3.64,17,3,14,"","",""
51,"FA Boroumand, A Hammiche, G Hill, DG Lidzey","Characterizing Joule Heating in Polymer Light‐Emitting Diodes Using a Scanning Thermal Microscope",2004,"Advanced Materials","","","https://scholar.google.com/scholar?oi=bibs&hl=en&cites=7802000193427981124",92,"2023-03-01 19:48:16","Journal article","","","https://scholar.google.com/citations?view_op=view_citation&hl=en&user=EyXhiGIAAAAJ&pagesize=100&citation_for_view=EyXhiGIAAAAJ:_Qo2XoVZTnwC",16,3,252,256,51,2.68,13,4,19,"","",""
50,"T Virgili, DG Lidzey, DDC Bradley, G Cerullo, S Stagira, S De Silvestri","An ultrafast spectroscopy study of stimulated emission in poly (9, 9-dioctylfluorene) films and microcavities",1999,"Applied physics letters","","","https://scholar.google.com/scholar?oi=bibs&hl=en&cites=15830393484776346311",93,"2023-03-01 19:48:16","Journal article","","","https://scholar.google.com/citations?view_op=view_citation&hl=en&user=EyXhiGIAAAAJ&pagesize=100&citation_for_view=EyXhiGIAAAAJ:4DMP91E08xMC",74,19,2767,2769,50,2.08,8,6,24,"","",""
49,"B Du, R Geng, W Li, D Li, Y Mao, M Chen, X Zhang, JA Smith, RC Kilbride, ...","13.9% efficiency ternary nonfullerene organic solar cells featuring low-structural order",2019,"ACS Energy Letters","","","https://scholar.google.com/scholar?oi=bibs&hl=en&cites=16940142541039937445",94,"2023-03-01 19:48:16","Journal article","","","https://scholar.google.com/citations?view_op=view_citation&hl=en&user=EyXhiGIAAAAJ&pagesize=100&citation_for_view=EyXhiGIAAAAJ:7wO8s98CvbsC",4,10,2378,2385,49,12.25,5,10,4,"","",""
49,"W Li, J Cai, Y Yan, F Cai, S Li, RS Gurney, D Liu, JD McGettrick, ...","Correlating Three‐dimensional Morphology With Function in PBDB‐T: IT‐M Non‐Fullerene Organic Solar Cells",2018,"Solar RRL","","","https://scholar.google.com/scholar?oi=bibs&hl=en&cites=9825239367822435156,2995529838932139269",95,"2023-03-01 19:48:16","Journal article","","","https://scholar.google.com/citations?view_op=view_citation&hl=en&user=EyXhiGIAAAAJ&pagesize=100&citation_for_view=EyXhiGIAAAAJ:artPoR2Yc-kC",2,9,1800114,1800114,49,9.80,5,9,5,"","",""
49,"J Barbé, M Newman, S Lilliu, V Kumar, HKH Lee, C Charbonneau, ...","Localized effect of PbI 2 excess in perovskite solar cells probed by high-resolution chemical–optoelectronic mapping",2018,"Journal of Materials Chemistry A","","","https://scholar.google.com/scholar?oi=bibs&hl=en&cites=6804775488994995156",96,"2023-03-01 19:48:16","Journal article","","","https://scholar.google.com/citations?view_op=view_citation&hl=en&user=EyXhiGIAAAAJ&pagesize=100&citation_for_view=EyXhiGIAAAAJ:4X0JR2_MtJMC",6,45,23010,23018,49,9.80,7,7,5,"","",""
49,"AJ Cadby, R Dean, C Elliott, RAL Jones, AM Fox, DG Lidzey","Imaging the Fluorescence Decay Lifetime of a Conjugated‐Polymer Blend By Using a Scanning Near‐Field Optical Microscope",2007,"Advanced Materials","","","https://scholar.google.com/scholar?oi=bibs&hl=en&cites=16910470961531485255",97,"2023-03-01 19:48:16","Journal article","","","https://scholar.google.com/citations?view_op=view_citation&hl=en&user=EyXhiGIAAAAJ&pagesize=100&citation_for_view=EyXhiGIAAAAJ:IWHjjKOFINEC",19,1,107,111,49,3.06,8,6,16,"","",""
49,"LG Connolly, DG Lidzey, R Butte, AM Adawi, DM Whittaker, MS Skolnick, ...","Strong coupling in high-finesse organic semiconductor microcavities",2003,"Applied physics letters","","","https://scholar.google.com/scholar?oi=bibs&hl=en&cites=12569450825812512326",98,"2023-03-01 19:48:16","Journal article","","","https://scholar.google.com/citations?view_op=view_citation&hl=en&user=EyXhiGIAAAAJ&pagesize=100&citation_for_view=EyXhiGIAAAAJ:ZeXyd9-uunAC",83,26,5377,5379,49,2.45,7,7,20,"","",""
49,"T Virgili, DG Lidzey, M Grell, DDC Bradley, S Stagira, M Zavelani-Rossi, ...","Influence of the orientation of liquid crystalline poly (9, 9-dioctylfluorene) on its lasing properties in a planar microcavity",2002,"Applied physics letters","","","https://scholar.google.com/scholar?oi=bibs&hl=en&cites=3381101375901380641",99,"2023-03-01 19:48:16","Journal article","","","https://scholar.google.com/citations?view_op=view_citation&hl=en&user=EyXhiGIAAAAJ&pagesize=100&citation_for_view=EyXhiGIAAAAJ:4TOpqqG69KYC",80,22,4088,4090,49,2.33,7,7,21,"","",""
48,"JA Smith, OS Game, JE Bishop, ELK Spooner, RC Kilbride, C Greenland, ...","Rapid scalable processing of tin oxide transport layers for perovskite solar cells",2020,"ACS Applied Energy Materials","","","https://scholar.google.com/scholar?oi=bibs&hl=en&cites=8286393582167246600",100,"2023-03-01 19:48:16","Journal article","","","https://scholar.google.com/citations?view_op=view_citation&hl=en&user=EyXhiGIAAAAJ&pagesize=100&citation_for_view=EyXhiGIAAAAJ:LPtt_HFRSbwC",3,6,5552,5562,48,16.00,7,7,3,"","",""
48,"T Yagafarov, D Sannikov, A Zasedatelev, K Georgiou, A Baranikov, ...","Mechanisms of blueshifts in organic polariton condensates",2020,"Communications Physics","","","https://scholar.google.com/scholar?oi=bibs&hl=en&cites=6292145432959309910",101,"2023-03-01 19:48:16","Journal article","","","https://scholar.google.com/citations?view_op=view_citation&hl=en&user=EyXhiGIAAAAJ&cstart=100&pagesize=100&citation_for_view=EyXhiGIAAAAJ:XUvXOeBm_78C",3,1,18,18,48,16.00,8,6,3,"","",""
48,"M Chen, D Liu, W Li, RS Gurney, D Li, J Cai, ELK Spooner, RC Kilbride, ...","Influences of non-fullerene acceptor fluorination on three-dimensional morphology and photovoltaic properties of organic solar cells",2019,"ACS applied materials &interfaces","","","https://scholar.google.com/scholar?oi=bibs&hl=en&cites=1459516225144322018",102,"2023-03-01 19:48:16","Journal article","","","https://scholar.google.com/citations?view_op=view_citation&hl=en&user=EyXhiGIAAAAJ&cstart=100&pagesize=100&citation_for_view=EyXhiGIAAAAJ:1taIhTC69MYC",11,29,26194,26203,48,12.00,5,9,4,"","",""
48,"WC Tsoi, A Charas, AJ Cadby, G Khalil, AM Adawi, A Iraqi, B Hunt, ...","Observation of the β‐Phase in Two Short‐Chain Oligofluorenes",2008,"Advanced Functional Materials","","","https://scholar.google.com/scholar?oi=bibs&hl=en&cites=12843211309866755153",103,"2023-03-01 19:48:16","Journal article","","","https://scholar.google.com/citations?view_op=view_citation&hl=en&user=EyXhiGIAAAAJ&cstart=100&pagesize=100&citation_for_view=EyXhiGIAAAAJ:RHpTSmoSYBkC",18,4,600,606,48,3.20,6,8,15,"","",""
47,"D Coles, LC Flatten, T Sydney, E Hounslow, SK Saikin, A Aspuru‐Guzik, ...","A nanophotonic structure containing living photosynthetic bacteria",2017,"Small","","","https://scholar.google.com/scholar?oi=bibs&hl=en&cites=7621048542051405521",104,"2023-03-01 19:48:16","Journal article","","","https://scholar.google.com/citations?view_op=view_citation&hl=en&user=EyXhiGIAAAAJ&cstart=100&pagesize=100&citation_for_view=EyXhiGIAAAAJ:OR75R8vi5nAC",13,38,1701777,1701777,47,7.83,7,7,6,"","",""
47,"DM Coles, P Michetti, C Clark, AM Adawi, DG Lidzey","Temperature dependence of the upper-branch polariton population in an organic semiconductor microcavity",2011,"Physical Review B","","","https://scholar.google.com/scholar?oi=bibs&hl=en&cites=3985950821515176468",105,"2023-03-01 19:48:16","Journal article","","","https://scholar.google.com/citations?view_op=view_citation&hl=en&user=EyXhiGIAAAAJ&cstart=100&pagesize=100&citation_for_view=EyXhiGIAAAAJ:Tiz5es2fbqcC",84,20,205214,205214,47,3.92,9,5,12,"","",""
47,"DG Lidzey, M Voigt, C Giebeler, A Buckley, J Wright, K Böhlen, J Fieret, ...","Laser-assisted patterning of conjugated polymer light emitting diodes",2005,"Organic Electronics 6 (5-6)","","","https://scholar.google.com/scholar?oi=bibs&hl=en&cites=13942131126805068254",106,"2023-03-01 19:48:16","Book chapter","","","https://scholar.google.com/citations?view_op=view_citation&hl=en&user=EyXhiGIAAAAJ&cstart=100&pagesize=100&citation_for_view=EyXhiGIAAAAJ:4JMBOYKVnBMC",,,221,228,47,2.61,6,8,18,"","",""
46,"DM Coles, RT Grant, DG Lidzey, C Clark, PG Lagoudakis","Imaging the polariton relaxation bottleneck in strongly coupled organic semiconductor microcavities",2013,"Physical Review B","","","https://scholar.google.com/scholar?oi=bibs&hl=en&cites=3396256804535009434",107,"2023-03-01 19:48:16","Journal article","","","https://scholar.google.com/citations?view_op=view_citation&hl=en&user=EyXhiGIAAAAJ&cstart=100&pagesize=100&citation_for_view=EyXhiGIAAAAJ:uWiczbcajpAC",88,12,121303,121303,46,4.60,9,5,10,"","",""
46,"T Virgili, DG Lidzey, M Grell, S Walker, A Asimakis, DDC Bradley","Completely polarized photoluminescence emission from a microcavity containing an aligned conjugated polymer",2001,"Chemical physics letters 341 (3-4)","","","https://scholar.google.com/scholar?oi=bibs&hl=en&cites=10146640221632059154",108,"2023-03-01 19:48:16","Journal article","","","https://scholar.google.com/citations?view_op=view_citation&hl=en&user=EyXhiGIAAAAJ&cstart=100&pagesize=100&citation_for_view=EyXhiGIAAAAJ:9ZlFYXVOiuMC",,,219,224,46,2.09,8,6,22,"","",""
45,"J Clark, L Bazzana, DDC Bradley, J Cabanillas-Gonzalez, G Lanzani, ...","Blue polymer optical fiber amplifiers based on conjugated fluorene oligomers",2008,"Journal of Nanophotonics","","","https://scholar.google.com/scholar?oi=bibs&hl=en&cites=1520828743398880741",109,"2023-03-01 19:48:16","Journal article","","","https://scholar.google.com/citations?view_op=view_citation&hl=en&user=EyXhiGIAAAAJ&cstart=100&pagesize=100&citation_for_view=EyXhiGIAAAAJ:blknAaTinKkC",2,1,23504,23504,45,3.00,8,6,15,"","",""
44,"J Griffin, AJ Pearson, NW Scarratt, T Wang, ADF Dunbar, H Yi, A Iraqi, ...","Organic photovoltaic devices with enhanced efficiency processed from non-halogenated binary solvent blends",2015,"Organic Electronics","","","https://scholar.google.com/scholar?oi=bibs&hl=en&cites=10351779220997558591",110,"2023-03-01 19:48:16","Journal article","","","https://scholar.google.com/citations?view_op=view_citation&hl=en&user=EyXhiGIAAAAJ&cstart=100&pagesize=100&citation_for_view=EyXhiGIAAAAJ:WZBGuue-350C",21,,216,222,44,5.50,6,8,8,"","",""
44,"CY Yu, JW Kingsley, DG Lidzey, ML Turner","Phenylenevinylene Block Copolymers via Ring‐Opening Metathesis Polymerization",2009,"Macromolecular rapid communications","","","https://scholar.google.com/scholar?oi=bibs&hl=en&cites=7591952849687373366",111,"2023-03-01 19:48:16","Journal article","","","https://scholar.google.com/citations?view_op=view_citation&hl=en&user=EyXhiGIAAAAJ&cstart=100&pagesize=100&citation_for_view=EyXhiGIAAAAJ:35N4QoGY0k4C",30,22,1889,1892,44,3.14,11,4,14,"","",""
44,"JW Kingsley, AJ Pearson, L Harris, SJ Weston, DG Lidzey","Detecting 6 MV X-rays using an organic photovoltaic device",2009,"Organic Electronics","","","https://scholar.google.com/scholar?oi=bibs&hl=en&cites=9086910771815003913",112,"2023-03-01 19:48:16","Journal article","","","https://scholar.google.com/citations?view_op=view_citation&hl=en&user=EyXhiGIAAAAJ&cstart=100&pagesize=100&citation_for_view=EyXhiGIAAAAJ:4OULZ7Gr8RgC",10,6,1170,1173,44,3.14,9,5,14,"","",""
44,"AM Adawi, A Cadby, LG Connolly, WC Hung, R Dean, A Tahraoui, ...","Spontaneous emission control in micropillar cavities containing a fluorescent molecular dye",2006,"Advanced Materials","","","https://scholar.google.com/scholar?oi=bibs&hl=en&cites=6670691793479104988",113,"2023-03-01 19:48:16","Journal article","","","https://scholar.google.com/citations?view_op=view_citation&hl=en&user=EyXhiGIAAAAJ&cstart=100&pagesize=100&citation_for_view=EyXhiGIAAAAJ:TFP_iSt0sucC",18,6,742,747,44,2.59,6,7,17,"","",""
44,"DG Lidzey, MA Pate, DM Whittaker, DDC Bradley, MS Weaver, TA Fisher, ...","Control of photoluminescence emission from a conjugated polymer using an optimised microactivity structure",1996,"Chemical physics letters","","","https://scholar.google.com/scholar?oi=bibs&hl=en&cites=2010402281855737891",114,"2023-03-01 19:48:16","Journal article","","","https://scholar.google.com/citations?view_op=view_citation&hl=en&user=EyXhiGIAAAAJ&cstart=100&pagesize=100&citation_for_view=EyXhiGIAAAAJ:_kc_bZDykSQC",263,5,655,660,44,1.63,6,7,27,"","",""
43,"B Mustafa, J Griffin, AS Alsulami, DG Lidzey, AR Buckley","Solution processed nickel oxide anodes for organic photovoltaic devices",2014,"Applied Physics Letters 104 (6), 29_","","","https://scholar.google.com/scholar?oi=bibs&hl=en&cites=1299758432247740550",115,"2023-03-01 19:48:16","Journal article","","","https://scholar.google.com/citations?view_op=view_citation&hl=en&user=EyXhiGIAAAAJ&cstart=100&pagesize=100&citation_for_view=EyXhiGIAAAAJ:vbGhcppDl1QC",1,,,,43,4.78,9,5,9,"","",""
42,"MS Almeataq, H Yi, S Al-Faifi, AAB Alghamdi, A Iraqi, NW Scarratt, ...","Anthracene-based donor–acceptor low band gap polymers for application in solar cells",2013,"Chemical Communications","","","https://scholar.google.com/scholar?oi=bibs&hl=en&cites=10762587503042427645",116,"2023-03-01 19:48:16","Journal article","","","https://scholar.google.com/citations?view_op=view_citation&hl=en&user=EyXhiGIAAAAJ&cstart=100&pagesize=100&citation_for_view=EyXhiGIAAAAJ:FAceZFleit8C",49,22,2252,2254,42,4.20,6,7,10,"","",""
42,"WC Tsoi, DG Lidzey","Raman spectroscopy of fluorene oligomers in the α-, β-and γ-phases",2008,"Journal of Physics: Condensed Matter","","","https://scholar.google.com/scholar?oi=bibs&hl=en&cites=15040957518848988475",117,"2023-03-01 19:48:16","Journal article","","","https://scholar.google.com/citations?view_op=view_citation&hl=en&user=EyXhiGIAAAAJ&cstart=100&pagesize=100&citation_for_view=EyXhiGIAAAAJ:O3NaXMp0MMsC",20,12,125213,125213,42,2.80,21,2,15,"","",""
42,"H Yi, A Iraqi, M Stevenson, CJ Elliott, DG Lidzey","A New Class of Blue‐Emitting Materials for LED Applications: Triarylamine N‐Functionalised 2, 7‐Linked Carbazole Polymers",2007,"Macromolecular rapid communications","","","https://scholar.google.com/scholar?oi=bibs&hl=en&cites=1997932727473021871",118,"2023-03-01 19:48:16","Journal article","","","https://scholar.google.com/citations?view_op=view_citation&hl=en&user=EyXhiGIAAAAJ&cstart=100&pagesize=100&citation_for_view=EyXhiGIAAAAJ:L8Ckcad2t8MC",28,10,1155,1160,42,2.63,8,5,16,"","",""
42,"J Wenus, S Ceccarelli, DG Lidzey, AI Tolmachev, JL Slominskii, JL Bricks","Optical strong coupling in microcavities containing J-aggregates absorbing in near-infrared spectral range",2007,"Organic Electronics 8 (2-3)","","","https://scholar.google.com/scholar?oi=bibs&hl=en&cites=2681460092907419235",119,"2023-03-01 19:48:16","Book chapter","","","https://scholar.google.com/citations?view_op=view_citation&hl=en&user=EyXhiGIAAAAJ&cstart=100&pagesize=100&citation_for_view=EyXhiGIAAAAJ:3s1wT3WcHBgC",,,120,126,42,2.63,7,6,16,"","",""
41,"GG Paschos, N Somaschi, SI Tsintzos, D Coles, JL Bricks, Z Hatzopoulos, ...","Hybrid organic-inorganic polariton laser",2017,"Scientific reports","","","https://scholar.google.com/scholar?oi=bibs&hl=en&cites=4094180152394386804",120,"2023-03-01 19:48:16","Journal article","","","https://scholar.google.com/citations?view_op=view_citation&hl=en&user=EyXhiGIAAAAJ&cstart=100&pagesize=100&citation_for_view=EyXhiGIAAAAJ:HeT0ZceujKMC",7,1,11377,11377,41,6.83,6,7,6,"","",""
41,"LC Palilis, DG Lidzey, M Redecker, DDC Bradley, M Inbasekaran, ...","Bright and efficient blue and green light-emitting diodes based on conjugated polymer blends",2000,"Synthetic metals","","","https://scholar.google.com/scholar?oi=bibs&hl=en&cites=2902671117986737347",121,"2023-03-01 19:48:16","Journal article","","","https://scholar.google.com/citations?view_op=view_citation&hl=en&user=EyXhiGIAAAAJ&cstart=100&pagesize=100&citation_for_view=EyXhiGIAAAAJ:YFjsv_pBGBYC",111,,159,163,41,1.78,7,6,23,"","",""
40,"G Bernardo, T Lopes, DG Lidzey, A Mendes","Progress in upscaling organic photovoltaic devices",2021,"Advanced Energy Materials","","","https://scholar.google.com/scholar?oi=bibs&hl=en&cites=18211914669007180659",122,"2023-03-01 19:48:16","Journal article","","","https://scholar.google.com/citations?view_op=view_citation&hl=en&user=EyXhiGIAAAAJ&cstart=100&pagesize=100&citation_for_view=EyXhiGIAAAAJ:sszUF3NjhM4C",11,23,2100342,2100342,40,20.00,10,4,2,"","",""
40,"J Chovan, IE Perakis, S Ceccarelli, DG Lidzey","Controlling the interactions between polaritons and molecular vibrations in strongly coupled organic semiconductor microcavities",2008,"Physical Review B","","","https://scholar.google.com/scholar?oi=bibs&hl=en&cites=3174398145246272284",123,"2023-03-01 19:48:16","Journal article","","","https://scholar.google.com/citations?view_op=view_citation&hl=en&user=EyXhiGIAAAAJ&cstart=100&pagesize=100&citation_for_view=EyXhiGIAAAAJ:BqipwSGYUEgC",78,4,45320,45320,40,2.67,10,4,15,"","",""
39,"W Li, Z Xiao, J Cai, JA Smith, ELK Spooner, RC Kilbride, OS Game, ...","Correlating the electron-donating core structure with morphology and performance of carbonoxygen-bridged ladder-type non-fullerene acceptor based organic solar cells",2019,"Nano Energy","","","https://scholar.google.com/scholar?oi=bibs&hl=en&cites=13717887946418591022",124,"2023-03-01 19:48:16","Journal article","","","https://scholar.google.com/citations?view_op=view_citation&hl=en&user=EyXhiGIAAAAJ&cstart=100&pagesize=100&citation_for_view=EyXhiGIAAAAJ:7BrZ7Jt4UNcC",61,,318,326,39,9.75,5,8,4,"","",""
38,"T Wang, AJ Pearson, ADF Dunbar, PA Staniec, DC Watters, D Coles, H Yi, ...","Competition between substrate-mediated π-π stacking and surface-mediated Tg depression in ultrathin conjugated polymer films",2012,"The European Physical Journal E","","","https://scholar.google.com/scholar?oi=bibs&hl=en&cites=12629821982118012861",125,"2023-03-01 19:48:16","Journal article","","","https://scholar.google.com/citations?view_op=view_citation&hl=en&user=EyXhiGIAAAAJ&cstart=100&pagesize=100&citation_for_view=EyXhiGIAAAAJ:2KloaMYe4IUC",35,,1,6,38,3.45,5,8,11,"","",""
37,"D Li, X Chen, J Cai, W Li, M Chen, Y Mao, B Du, JA Smith, RC Kilbride, ...","Non-fullerene acceptor fibrils enable efficient ternary organic solar cells with 16.6% efficiency",2020,"Science China Chemistry","","","https://scholar.google.com/scholar?oi=bibs&hl=en&cites=11629985473753898618",126,"2023-03-01 19:48:16","Journal article","","","https://scholar.google.com/citations?view_op=view_citation&hl=en&user=EyXhiGIAAAAJ&cstart=100&pagesize=100&citation_for_view=EyXhiGIAAAAJ:prdVHNxh-e8C",63,,1461,1468,37,12.33,4,10,3,"","",""
37,"Y Zhang, J Griffin, NW Scarratt, T Wang, DG Lidzey","High efficiency arrays of polymer solar cells fabricated by spray‐coating in air",2016,"Progress in Photovoltaics: Research and Applications","","","https://scholar.google.com/scholar?oi=bibs&hl=en&cites=8248445019972786706",127,"2023-03-01 19:48:16","Journal article","","","https://scholar.google.com/citations?view_op=view_citation&hl=en&user=EyXhiGIAAAAJ&cstart=100&pagesize=100&citation_for_view=EyXhiGIAAAAJ:q3CdL3IzO_QC",24,3,275,282,37,5.29,7,5,7,"","",""
37,"DM Coles, AJHM Meijer, WC Tsoi, MDB Charlton, JS Kim, DG Lidzey","A characterization of the Raman modes in a J-aggregate-forming dye: A comparison between theory and experiment",2010,"The journal of physical chemistry A","","","https://scholar.google.com/scholar?oi=bibs&hl=en&cites=8073299721135598909",128,"2023-03-01 19:48:16","Journal article","","","https://scholar.google.com/citations?view_op=view_citation&hl=en&user=EyXhiGIAAAAJ&cstart=100&pagesize=100&citation_for_view=EyXhiGIAAAAJ:f2IySw72cVMC",114,44,11920,11927,37,2.85,6,6,13,"","",""
36,"JQ Quach, KE McGhee, L Ganzer, DM Rouse, BW Lovett, EM Gauger, ...","Superabsorption in an organic microcavity: Toward a quantum battery",2022,"Science advances 8 (2), eabk","","","https://scholar.google.com/scholar?oi=bibs&hl=en&cites=6437881239063637980",129,"2023-03-01 19:48:16","Journal article","","","https://scholar.google.com/citations?view_op=view_citation&hl=en&user=EyXhiGIAAAAJ&cstart=100&pagesize=100&citation_for_view=EyXhiGIAAAAJ:FiDNX6EVdGUC",3160,,,,36,36.00,5,7,1,"","",""
36,"D Sannikov, T Yagafarov, K Georgiou, A Zasedatelev, A Baranikov, L Gai, ...","Room temperature broadband polariton lasing from a dye‐filled microcavity",2019,"Advanced Optical Materials","","","https://scholar.google.com/scholar?oi=bibs&hl=en&cites=11890168739073551122",130,"2023-03-01 19:48:16","Journal article","","","https://scholar.google.com/citations?view_op=view_citation&hl=en&user=EyXhiGIAAAAJ&cstart=100&pagesize=100&citation_for_view=EyXhiGIAAAAJ:cK4Rrx0J3m0C",7,17,1900163,1900163,36,9.00,5,7,4,"","",""
36,"Y Zhang, H Yi, A Iraqi, J Kingsley, A Buckley, T Wang, DG Lidzey","Comparative indoor and outdoor stability measurements of polymer based solar cells",2017,"Scientific Reports","","","https://scholar.google.com/scholar?oi=bibs&hl=en&cites=16982727484088431284",131,"2023-03-01 19:48:16","Journal article","","","https://scholar.google.com/citations?view_op=view_citation&hl=en&user=EyXhiGIAAAAJ&cstart=100&pagesize=100&citation_for_view=EyXhiGIAAAAJ:4vMrXwiscB8C",7,1,1305,1305,36,6.00,5,7,6,"","",""
36,"DC Watters, J Kingsley, H Yi, T Wang, A Iraqi, D Lidzey","Optimising the efficiency of carbazole co-polymer solar-cells by control over the metal cathode electrode",2012,"Organic Electronics","","","https://scholar.google.com/scholar?oi=bibs&hl=en&cites=11260518218503843647",132,"2023-03-01 19:48:16","Journal article","","","https://scholar.google.com/citations?view_op=view_citation&hl=en&user=EyXhiGIAAAAJ&cstart=100&pagesize=100&citation_for_view=EyXhiGIAAAAJ:Y5dfb0dijaUC",13,8,1401,1408,36,3.27,6,6,11,"","",""
35,"J Cai, H Wang, X Zhang, W Li, D Li, Y Mao, B Du, M Chen, Y Zhuang, ...","Fluorinated solid additives enable high efficiency non-fullerene organic solar cells",2020,"Journal of Materials Chemistry A","","","https://scholar.google.com/scholar?oi=bibs&hl=en&cites=16389577563311237377",133,"2023-03-01 19:48:16","Journal article","","","https://scholar.google.com/citations?view_op=view_citation&hl=en&user=EyXhiGIAAAAJ&cstart=100&pagesize=100&citation_for_view=EyXhiGIAAAAJ:yxmsSjX2EkcC",8,8,4230,4238,35,11.67,4,10,3,"","",""
35,"TS Glen, NW Scarratt, H Yi, A Iraqi, T Wang, J Kingsley, AR Buckley, ...","Dependence on material choice of degradation of organic solar cells following exposure to humid air",2016,"Journal of Polymer Science Part B: Polymer Physics","","","https://scholar.google.com/scholar?oi=bibs&hl=en&cites=694585386748754035",134,"2023-03-01 19:48:16","Journal article","","","https://scholar.google.com/citations?view_op=view_citation&hl=en&user=EyXhiGIAAAAJ&cstart=100&pagesize=100&citation_for_view=EyXhiGIAAAAJ:ruyezt5ZtCIC",54,2,216,224,35,5.00,4,8,7,"","",""
35,"JW Kingsley, SK Ray, AM Adawi, GJ Leggett, DG Lidzey","Optical nanolithography using a scanning near-field probe with an integrated light source",2008,"Applied physics letters","","","https://scholar.google.com/scholar?oi=bibs&hl=en&cites=2419280346569730341",135,"2023-03-01 19:48:16","Journal article","","","https://scholar.google.com/citations?view_op=view_citation&hl=en&user=EyXhiGIAAAAJ&cstart=100&pagesize=100&citation_for_view=EyXhiGIAAAAJ:bEWYMUwI8FkC",93,21,213103,213103,35,2.33,7,5,15,"","",""
35,"T Virgili, DG Lidzey, DDC Bradley","Red-light-emitting diodes via efficient energy transfer from poly (9, 9-dioctylfluorene) to tetraphenylporphyrin",2000,"Synthetic metals","","","https://scholar.google.com/scholar?oi=bibs&hl=en&cites=8884637890910123573",136,"2023-03-01 19:48:16","Journal article","","","https://scholar.google.com/citations?view_op=view_citation&hl=en&user=EyXhiGIAAAAJ&cstart=100&pagesize=100&citation_for_view=EyXhiGIAAAAJ:JV2RwH3_ST0C",111,,203,206,35,1.52,12,3,23,"","",""
35,"AJ Campbell, DDC Bradley, DG Lidzey","Charge trapping in polymer diodes",1998,"Optical Materials 9 (1-4)","","","https://scholar.google.com/scholar?oi=bibs&hl=en&cites=10761724761222122879",137,"2023-03-01 19:48:16","Book chapter","","","https://scholar.google.com/citations?view_op=view_citation&hl=en&user=EyXhiGIAAAAJ&cstart=100&pagesize=100&citation_for_view=EyXhiGIAAAAJ:qUcmZB5y_30C",,,114,119,35,1.40,12,3,25,"","",""
34,"RMI Bandara, K Jayawardena, SO Adeyemo, SJ Hinder, JA Smith, ...","Tin (iv) dopant removal through anti-solvent engineering enabling tin based perovskite solar cells with high charge carrier mobilities",2019,"Journal of Materials Chemistry C","","","https://scholar.google.com/scholar?oi=bibs&hl=en&cites=6469586272252688820",138,"2023-03-01 19:48:16","Journal article","","","https://scholar.google.com/citations?view_op=view_citation&hl=en&user=EyXhiGIAAAAJ&cstart=100&pagesize=100&citation_for_view=EyXhiGIAAAAJ:kw52XkFRtyQC",7,27,8389,8397,34,8.50,6,6,4,"","",""
34,"LC Palilis, DG Lidzey, M Redecker, DDC BRADLEY, M Inbasekaran, ...","High performance blue light-emitting diodes based on conjugated polymer blends",2001,"Synthetic metals 121 (1-3)","","","https://scholar.google.com/scholar?oi=bibs&hl=en&cites=8822684067264688446",139,"2023-03-01 19:48:16","Book chapter","","","https://scholar.google.com/citations?view_op=view_citation&hl=en&user=EyXhiGIAAAAJ&cstart=100&pagesize=100&citation_for_view=EyXhiGIAAAAJ:7PzlFSSx8tAC",,,1729,1730,34,1.55,6,6,22,"","",""
34,"DG Lidzey, DDC Bradley, SJ Martin, MA Pate","Pixelated multicolor microcavity displays",1998,"IEEE Journal of selected topics in quantum electronics","","","https://scholar.google.com/scholar?oi=bibs&hl=en&cites=15738443362340435709",140,"2023-03-01 19:48:16","Journal article","","","https://scholar.google.com/citations?view_op=view_citation&hl=en&user=EyXhiGIAAAAJ&cstart=100&pagesize=100&citation_for_view=EyXhiGIAAAAJ:QIV2ME_5wuYC",4,1,113,118,34,1.36,9,4,25,"","",""
33,"DM Coles, Q Chen, LC Flatten, JM Smith, K Müllen, A Narita, DG Lidzey","Strong exciton–photon coupling in a nanographene filled microcavity",2017,"Nano Letters","","","https://scholar.google.com/scholar?oi=bibs&hl=en&cites=12684167118997925972",141,"2023-03-01 19:48:16","Journal article","","","https://scholar.google.com/citations?view_op=view_citation&hl=en&user=EyXhiGIAAAAJ&cstart=100&pagesize=100&citation_for_view=EyXhiGIAAAAJ:KbBQZpvPDL4C",17,9,5521,5525,33,5.50,5,7,6,"","",""
33,"PG Savvidis, LG Connolly, MS Skolnick, DG Lidzey, JJ Baumberg","Ultrafast polariton dynamics in strongly coupled zinc porphyrin microcavities at room temperature",2006,"Physical Review B","","","https://scholar.google.com/scholar?oi=bibs&hl=en&cites=5183272767711662995",142,"2023-03-01 19:48:16","Journal article","","","https://scholar.google.com/citations?view_op=view_citation&hl=en&user=EyXhiGIAAAAJ&cstart=100&pagesize=100&citation_for_view=EyXhiGIAAAAJ:fPk4N6BV_jEC",74,11,113312,113312,33,1.94,7,5,17,"","",""
33,"PG Lagoudakis, MM De Souza, F Schindler, JM Lupton, J Feldmann, ...","Experimental evidence for exciton scaling effects in self-assembled molecular wires",2004,"Physical review letters","","","https://scholar.google.com/scholar?oi=bibs&hl=en&cites=13270091660989141938",143,"2023-03-01 19:48:16","Journal article","","","https://scholar.google.com/citations?view_op=view_citation&hl=en&user=EyXhiGIAAAAJ&cstart=100&pagesize=100&citation_for_view=EyXhiGIAAAAJ:hC7cP41nSMkC",93,25,257401,257401,33,1.74,6,6,19,"","",""
33,"DG Lidzey, J Wenus, DM Whittaker, G Itskos, PN Stavrinou, DDC Bradley, ...","Hybrid polaritons in strongly coupled microcavities: experiments and models",2004,"Journal of luminescence","","","https://scholar.google.com/scholar?oi=bibs&hl=en&cites=12373356008861399560",144,"2023-03-01 19:48:16","Journal article","","","https://scholar.google.com/citations?view_op=view_citation&hl=en&user=EyXhiGIAAAAJ&cstart=100&pagesize=100&citation_for_view=EyXhiGIAAAAJ:RGFaLdJalmkC",110,4,347,353,33,1.74,5,7,19,"","",""
32,"E Bovill, N Scarratt, J Griffin, H Yi, A Iraqi, AR Buckley, JW Kingsley, ...","The role of the hole-extraction layer in determining the operational stability of a polycarbazole: fullerene bulk-heterojunction photovoltaic device",2015,"Applied Physics Letters 106 (7), 21_","","","https://scholar.google.com/scholar?oi=bibs&hl=en&cites=13299582073055753411",145,"2023-03-01 19:48:16","Journal article","","","https://scholar.google.com/citations?view_op=view_citation&hl=en&user=EyXhiGIAAAAJ&cstart=100&pagesize=100&citation_for_view=EyXhiGIAAAAJ:kz9GbA2Ns4gC",1,,,,32,4.00,4,8,8,"","",""
32,"DC Watters, H Yi, AJ Pearson, J Kingsley, A Iraqi, D Lidzey","Fluorene‐Based Co‐polymer with High Hole Mobility and Device Performance in Bulk Heterojunction Organic Solar Cells",2013,"Macromolecular rapid communications","","","https://scholar.google.com/scholar?oi=bibs&hl=en&cites=9331785153789113413",146,"2023-03-01 19:48:16","Journal article","","","https://scholar.google.com/citations?view_op=view_citation&hl=en&user=EyXhiGIAAAAJ&cstart=100&pagesize=100&citation_for_view=EyXhiGIAAAAJ:t7zJ5fGR-2UC",34,14,1157,1162,32,3.20,5,6,10,"","",""
32,"J Chappell, DG Lidzey","Phase separation in polyfluorene–polymethylmethacrylate blends studied using UV near‐field microscopy",2003,"Journal of microscopy","","","https://scholar.google.com/scholar?oi=bibs&hl=en&cites=3511008203365734083",147,"2023-03-01 19:48:16","Journal article","","","https://scholar.google.com/citations?view_op=view_citation&hl=en&user=EyXhiGIAAAAJ&cstart=100&pagesize=100&citation_for_view=EyXhiGIAAAAJ:hFOr9nPyWt4C",209,3,188,193,32,1.60,16,2,20,"","",""
32,"DG Lidzey, SF Alvarado, PF Seidler, A Bleyer, DDC Bradley","Electroluminescence from a soluble poly(-phenylenevinylene) derivative generated using a scanning tunneling microscope",1997,"Applied physics letters","","","https://scholar.google.com/scholar?oi=bibs&hl=en&cites=8096610186050763514",148,"2023-03-01 19:48:16","Journal article","","","https://scholar.google.com/citations?view_op=view_citation&hl=en&user=EyXhiGIAAAAJ&cstart=100&pagesize=100&citation_for_view=EyXhiGIAAAAJ:MXK_kJrjxJIC",71,14,2008,2010,32,1.23,6,5,26,"","",""
31,"M Wong-Stringer, TJ Routledge, T McArdle, CJ Wood, OS Game, ...","A flexible back-contact perovskite solar micro-module",2019,"Energy &Environmental Science","","","https://scholar.google.com/scholar?oi=bibs&hl=en&cites=202868801493715339",149,"2023-03-01 19:48:16","Journal article","","","https://scholar.google.com/citations?view_op=view_citation&hl=en&user=EyXhiGIAAAAJ&cstart=100&pagesize=100&citation_for_view=EyXhiGIAAAAJ:j7_hQOaDUrUC",12,6,1928,1937,31,7.75,5,6,4,"","",""
31,"S Lilliu, TG Dane, M Alsari, J Griffin, AT Barrows, MS Dahlem, RH Friend, ...","Mapping morphological and structural properties of lead halide perovskites by scanning nanofocus XRD",2016,"Advanced Functional Materials","","","https://scholar.google.com/scholar?oi=bibs&hl=en&cites=16249656867327941763",150,"2023-03-01 19:48:16","Journal article","","","https://scholar.google.com/citations?view_op=view_citation&hl=en&user=EyXhiGIAAAAJ&cstart=100&pagesize=100&citation_for_view=EyXhiGIAAAAJ:_FM0Bhl9EiAC",26,45,8221,8230,31,4.43,4,8,7,"","",""
31,"S Lilliu, J Griffin, AT Barrows, M Alsari, B Curzadd, TG Dane, O Bikondoa, ...","Grain rotation and lattice deformation during perovskite spray coating and annealing probed in situ by GI-WAXS",2016,"CrystEngComm","","","https://scholar.google.com/scholar?oi=bibs&hl=en&cites=14030967002975661980",151,"2023-03-01 19:48:16","Journal article","","","https://scholar.google.com/citations?view_op=view_citation&hl=en&user=EyXhiGIAAAAJ&cstart=100&pagesize=100&citation_for_view=EyXhiGIAAAAJ:GtLg2Ama23sC",18,29,5448,5455,31,4.43,4,8,7,"","",""
31,"AJ Pearson, SA Boden, DM Bagnall, DG Lidzey, C Rodenburg","Imaging the bulk nanoscale morphology of organic solar cell blends using helium ion microscopy",2011,"Nano letters","","","https://scholar.google.com/scholar?oi=bibs&hl=en&cites=2425379223174049026",152,"2023-03-01 19:48:16","Journal article","","","https://scholar.google.com/citations?view_op=view_citation&hl=en&user=EyXhiGIAAAAJ&cstart=100&pagesize=100&citation_for_view=EyXhiGIAAAAJ:XiSMed-E-HIC",11,10,4275,4281,31,2.58,6,5,12,"","",""
31,"JW Kingsley, SJ Weston, DG Lidzey","Stability of X-ray detectors based on organic photovoltaic devices",2010,"IEEE Journal of Selected Topics in Quantum Electronics","","","https://scholar.google.com/scholar?oi=bibs&hl=en&cites=2064546590325773265",153,"2023-03-01 19:48:16","Journal article","","","https://scholar.google.com/citations?view_op=view_citation&hl=en&user=EyXhiGIAAAAJ&cstart=100&pagesize=100&citation_for_view=EyXhiGIAAAAJ:uWQEDVKXjbEC",16,6,1770,1775,31,2.38,10,3,13,"","",""
31,"GE Khalil, AM Adawi, AM Fox, A Iraqi, DG Lidzey","Single molecule spectroscopy of red-and green-emitting fluorene-based copolymers",2009,"The Journal of chemical physics","","","https://scholar.google.com/scholar?oi=bibs&hl=en&cites=7840740915117233331",154,"2023-03-01 19:48:16","Journal article","","","https://scholar.google.com/citations?view_op=view_citation&hl=en&user=EyXhiGIAAAAJ&cstart=100&pagesize=100&citation_for_view=EyXhiGIAAAAJ:hMod-77fHWUC",130,4,44903,44903,31,2.21,6,5,14,"","",""
30,"R Jayaprakash, K Georgiou, H Coulthard, A Askitopoulos, SK Rajendran, ...","A hybrid organic–inorganic polariton LED",2019,"Light: Science &Applications","","","https://scholar.google.com/scholar?oi=bibs&hl=en&cites=18186112462217136120",155,"2023-03-01 19:48:16","Journal article","","","https://scholar.google.com/citations?view_op=view_citation&hl=en&user=EyXhiGIAAAAJ&cstart=100&pagesize=100&citation_for_view=EyXhiGIAAAAJ:WHdLCjDvYFkC",8,1,81,81,30,7.50,5,6,4,"","",""
30,"KT Butler, R Crespo-Otero, J Buckeridge, DO Scanlon, E Bovill, D Lidzey, ...","Band energy control of molybdenum oxide by surface hydration",2015,"Applied Physics Letters","","","https://scholar.google.com/scholar?oi=bibs&hl=en&cites=14832076826810126913",156,"2023-03-01 19:48:16","Journal article","","","https://scholar.google.com/citations?view_op=view_citation&hl=en&user=EyXhiGIAAAAJ&cstart=100&pagesize=100&citation_for_view=EyXhiGIAAAAJ:5qfkUJPXOUwC",107,23,231605,231605,30,3.75,4,7,8,"","",""
30,"T Wang, NW Scarratt, H Yi, IF Coleman, Y Zhang, RT Grant, J Yao, ...","Vertical stratification and its impact on device performance in a polycarbazole based copolymer solar cells",2015,"Journal of Materials Chemistry C","","","https://scholar.google.com/scholar?oi=bibs&hl=en&cites=1156999412199549635",157,"2023-03-01 19:48:16","Journal article","","","https://scholar.google.com/citations?view_op=view_citation&hl=en&user=EyXhiGIAAAAJ&cstart=100&pagesize=100&citation_for_view=EyXhiGIAAAAJ:oNZyr7d5Mn4C",3,16,4007,4015,30,3.75,4,8,8,"","",""
30,"J Griffin, AJ Pearson, NW Scarratt, T Wang, DG Lidzey, AR Buckley","Organic photovoltaic devices incorporating a molybdenum oxide hole-extraction layer deposited by spray-coating from an ammonium molybdate tetrahydrate precursor",2014,"Organic Electronics","","","https://scholar.google.com/scholar?oi=bibs&hl=en&cites=5123676097583413192",158,"2023-03-01 19:48:16","Journal article","","","https://scholar.google.com/citations?view_op=view_citation&hl=en&user=EyXhiGIAAAAJ&cstart=100&pagesize=100&citation_for_view=EyXhiGIAAAAJ:BUYA1_V_uYcC",15,3,692,700,30,3.33,5,6,9,"","",""
30,"ESR Bovill, J Griffin, T Wang, JW Kingsley, H Yi, A Iraqi, AR Buckley, ...","Air processed organic photovoltaic devices incorporating a MoOx anode buffer layer",2013,"Applied Physics Letters 102 (18), 84_","","","https://scholar.google.com/scholar?oi=bibs&hl=en&cites=370034330847544178",159,"2023-03-01 19:48:16","Journal article","","","https://scholar.google.com/citations?view_op=view_citation&hl=en&user=EyXhiGIAAAAJ&cstart=100&pagesize=100&citation_for_view=EyXhiGIAAAAJ:uJ-U7cs_P_0C",1,,,,30,3.00,4,8,10,"","",""
30,"L Rossi, SF Alvarado, W Riess, S Schrader, DG Lidzey, DDC Bradley","Influence of alkoxy substituents on the exciton binding energy of conjugated polymers",2000,"Synthetic metals","","","https://scholar.google.com/scholar?oi=bibs&hl=en&cites=12361553981958566991",160,"2023-03-01 19:48:16","Journal article","","","https://scholar.google.com/citations?view_op=view_citation&hl=en&user=EyXhiGIAAAAJ&cstart=100&pagesize=100&citation_for_view=EyXhiGIAAAAJ:k_IJM867U9cC",111,,527,530,30,1.30,5,6,23,"","",""
29,"M Wong-Stringer, JE Bishop, JA Smith, DK Mohamad, AJ Parnell, ...","Efficient perovskite photovoltaic devices using chemically doped PCDTBT as a hole-transport material",2017,"Journal of Materials Chemistry A","","","https://scholar.google.com/scholar?oi=bibs&hl=en&cites=17016121836882104997",161,"2023-03-01 19:48:16","Journal article","","","https://scholar.google.com/citations?view_op=view_citation&hl=en&user=EyXhiGIAAAAJ&cstart=100&pagesize=100&citation_for_view=EyXhiGIAAAAJ:yFnVuubrUp4C",5,30,15714,15723,29,4.83,5,6,6,"","",""
29,"L Cartwright, A Iraqi, Y Zhang, T Wang, DG Lidzey","Impact of fluorine substitution upon the photovoltaic properties of benzothiadiazole-fluorene alternate copolymers",2015,"RSC Advances","","","https://scholar.google.com/scholar?oi=bibs&hl=en&cites=12569617145089259353",162,"2023-03-01 19:48:16","Journal article","","","https://scholar.google.com/citations?view_op=view_citation&hl=en&user=EyXhiGIAAAAJ&cstart=100&pagesize=100&citation_for_view=EyXhiGIAAAAJ:PoWvk5oyLR8C",5,57,46386,46394,29,3.63,6,5,8,"","",""
29,"AM Adawi, ARA Chalcraft, DM Whittaker, DG Lidzey","Refractive index dependence of L3 photonic crystal nano-cavities",2007,"Optics Express","","","https://scholar.google.com/scholar?oi=bibs&hl=en&cites=787902983963009693",163,"2023-03-01 19:48:16","Journal article","","","https://scholar.google.com/citations?view_op=view_citation&hl=en&user=EyXhiGIAAAAJ&cstart=100&pagesize=100&citation_for_view=EyXhiGIAAAAJ:M05iB0D1s5AC",15,22,14299,14305,29,1.81,7,4,16,"","",""
28,"MS Skolnick, VN Astratov, DM Whittaker, A Armitage, M Emam-Ismael, ...","Exciton polaritons in single and coupled microcavities",2000,"Journal of luminescence","","","https://scholar.google.com/scholar?oi=bibs&hl=en&cites=15871025956842142746",164,"2023-03-01 19:48:16","Journal article","","","https://scholar.google.com/citations?view_op=view_citation&hl=en&user=EyXhiGIAAAAJ&cstart=100&pagesize=100&citation_for_view=EyXhiGIAAAAJ:ns9cj8rnVeAC",87,,25,29,28,1.22,5,6,23,"","",""
28,"DG Lidzey, DDC Bradley, MA Pate, JPR David, DM Whittaker, TA Fisher, ...","Mapping the confined optical field in a microcavity via the emission from a conjugated polymer",1997,"Applied physics letters","","","https://scholar.google.com/scholar?oi=bibs&hl=en&cites=17551923771038654151",165,"2023-03-01 19:48:16","Journal article","","","https://scholar.google.com/citations?view_op=view_citation&hl=en&user=EyXhiGIAAAAJ&cstart=100&pagesize=100&citation_for_view=EyXhiGIAAAAJ:iH-uZ7U-co4C",71,6,744,746,28,1.08,4,7,26,"","",""
27,"DK Mohamad, A Fischereder, H Yi, AJ Cadby, DG Lidzey, A Iraqi","A novel 2, 7-linked carbazole based “double cable” polymer with pendant perylene diimide functional groups: preparation, spectroscopy and photovoltaic properties",2011,"Journal of Materials Chemistry","","","https://scholar.google.com/scholar?oi=bibs&hl=en&cites=10825866662311518446",166,"2023-03-01 19:48:16","Journal article","","","https://scholar.google.com/citations?view_op=view_citation&hl=en&user=EyXhiGIAAAAJ&cstart=100&pagesize=100&citation_for_view=EyXhiGIAAAAJ:WbkHhVStYXYC",21,3,851,862,27,2.25,5,6,12,"","",""
27,"AM Higgins, A Cadby, DG Lidzey, RM Dalgliesh, M Geoghegan, ...","The impact of interfacial mixing on förster transfer at conjugated polymer heterojunctions",2009,"Advanced Functional Materials","","","https://scholar.google.com/scholar?oi=bibs&hl=en&cites=16996401340593810697",167,"2023-03-01 19:48:16","Journal article","","","https://scholar.google.com/citations?view_op=view_citation&hl=en&user=EyXhiGIAAAAJ&cstart=100&pagesize=100&citation_for_view=EyXhiGIAAAAJ:ZHo1McVdvXMC",19,1,157,163,27,1.93,5,6,14,"","",""
27,"FA Boroumand, M Voigt, DG Lidzey, A Hammiche, G Hill","Imaging Joule heating in a conjugated-polymer light-emitting diode using a scanning thermal microscope",2004,"Applied physics letters","","","https://scholar.google.com/scholar?oi=bibs&hl=en&cites=1389342915675572297",168,"2023-03-01 19:48:16","Journal article","","","https://scholar.google.com/citations?view_op=view_citation&hl=en&user=EyXhiGIAAAAJ&cstart=100&pagesize=100&citation_for_view=EyXhiGIAAAAJ:NaGl4SEjCO4C",84,24,4890,4892,27,1.42,5,5,19,"","",""
27,"DG Lidzey, T Virgili, DDC Bradley, MS Skolnick, S Walker, DM Whittaker","Observation of strong exciton–photon coupling in semiconductor microcavities containing organic dyes and J-aggregates",1999,"Optical Materials 12 (2-3)","","","https://scholar.google.com/scholar?oi=bibs&hl=en&cites=12577856796628495867",169,"2023-03-01 19:48:16","Book chapter","","","https://scholar.google.com/citations?view_op=view_citation&hl=en&user=EyXhiGIAAAAJ&cstart=100&pagesize=100&citation_for_view=EyXhiGIAAAAJ:ldfaerwXgEUC",,,243,247,27,1.13,5,6,24,"","",""
26,"AT Barrows, R Masters, AJ Pearson, C Rodenburg, DG Lidzey","Indium-free multilayer semi-transparent electrodes for polymer solar cells",2016,"Solar Energy Materials and Solar Cells","","","https://scholar.google.com/scholar?oi=bibs&hl=en&cites=17104011820629603113",170,"2023-03-01 19:48:16","Journal article","","","https://scholar.google.com/citations?view_op=view_citation&hl=en&user=EyXhiGIAAAAJ&cstart=100&pagesize=100&citation_for_view=EyXhiGIAAAAJ:ClCfbGk0d_YC",144,,600,607,26,3.71,5,5,7,"","",""
26,"J Griffin, DC Watters, H Yi, A Iraqi, D Lidzey, AR Buckley","The Influence of MoOx Anode Stoicheometry on the Performance of Bulk Heterojunction Polymer Solar Cells",2013,"Advanced Energy Materials","","","https://scholar.google.com/scholar?oi=bibs&hl=en&cites=7712731724163364223",171,"2023-03-01 19:48:16","Journal article","","","https://scholar.google.com/citations?view_op=view_citation&hl=en&user=EyXhiGIAAAAJ&cstart=100&pagesize=100&citation_for_view=EyXhiGIAAAAJ:j8SEvjWlNXcC",3,7,903,908,26,2.60,4,6,10,"","",""
26,"A Buckley, D Pickup, C Yates, Y Zhao, D Lidzey","Hole injection in tri-arylamine containing polyfluorene co-polymer devices with molybdenum oxide contacts",2011,"Journal of Applied Physics","","","https://scholar.google.com/scholar?oi=bibs&hl=en&cites=3722785920577659860",172,"2023-03-01 19:48:16","Journal article","","","https://scholar.google.com/citations?view_op=view_citation&hl=en&user=EyXhiGIAAAAJ&cstart=100&pagesize=100&citation_for_view=EyXhiGIAAAAJ:D_sINldO8mEC",109,8,84509,84509,26,2.17,5,5,12,"","",""
26,"G Tizazu, O El-Zubir, SRJ Brueck, DG Lidzey, GJ Leggett, GP Lopez","Large area nanopatterning of alkylphosphonate self-assembled monolayers on titanium oxide surfaces by interferometric lithography",2011,"Nanoscale","","","https://scholar.google.com/scholar?oi=bibs&hl=en&cites=4934122278398766346",173,"2023-03-01 19:48:16","Journal article","","","https://scholar.google.com/citations?view_op=view_citation&hl=en&user=EyXhiGIAAAAJ&cstart=100&pagesize=100&citation_for_view=EyXhiGIAAAAJ:eflP2zaiRacC",3,6,2511,2516,26,2.17,4,6,12,"","",""
26,"VM Agranovich, DM Basko, K Schmidt, GC LaRocca, F Bassani, S Forrest, ...","Charged Frenkel excitons in organic crystals",2001,"Chemical Physics 272 (2-3)","","","https://scholar.google.com/scholar?oi=bibs&hl=en&cites=10093069380251954227",174,"2023-03-01 19:48:16","Book chapter","","","https://scholar.google.com/citations?view_op=view_citation&hl=en&user=EyXhiGIAAAAJ&cstart=100&pagesize=100&citation_for_view=EyXhiGIAAAAJ:isC4tDSrTZIC",,,159,169,26,1.18,4,7,22,"","",""
25,"M Chen, Z Zhang, W Li, J Cai, J Yu, ELK Spooner, RC Kilbride, D Li, B Du, ...","Regulating the morphology of fluorinated non-fullerene acceptor and polymer donor via binary solvent mixture for high efficiency polymer solar cells",2019,"Science China Chemistry","","","https://scholar.google.com/scholar?oi=bibs&hl=en&cites=13580792921358944791",175,"2023-03-01 19:48:16","Journal article","","","https://scholar.google.com/citations?view_op=view_citation&hl=en&user=EyXhiGIAAAAJ&cstart=100&pagesize=100&citation_for_view=EyXhiGIAAAAJ:nRpfm8aw39MC",62,,1221,1229,25,6.25,3,10,4,"","",""
25,"AM Adawi, LG Connolly, DM Whittaker, DG Lidzey, E Smith, M Roberts, ...","Improving the light extraction efficiency of red-emitting conjugated polymer light emitting diodes",2006,"Journal of applied physics","","","https://scholar.google.com/scholar?oi=bibs&hl=en&cites=8813111686366644581",176,"2023-03-01 19:48:16","Journal article","","","https://scholar.google.com/citations?view_op=view_citation&hl=en&user=EyXhiGIAAAAJ&cstart=100&pagesize=100&citation_for_view=EyXhiGIAAAAJ:HoB7MX3m0LUC",99,5,54505,54505,25,1.47,4,7,17,"","",""
24,"K Georgiou, R Jayaprakash, A Othonos, DG Lidzey","Ultralong‐Range Polariton‐Assisted Energy Transfer in Organic Microcavities",2021,"Angewandte Chemie","","","https://scholar.google.com/scholar?oi=bibs&hl=en&cites=5524586586878266702",177,"2023-03-01 19:48:16","Journal article","","","https://scholar.google.com/citations?view_op=view_citation&hl=en&user=EyXhiGIAAAAJ&cstart=100&pagesize=100&citation_for_view=EyXhiGIAAAAJ:NDuN12AVoxsC",133,30,16797,16803,24,12.00,6,4,2,"","",""
24,"A Alsulami, J Griffin, R Alqurashi, H Yi, A Iraqi, D Lidzey, A Buckley","Thermally stable solution processed vanadium oxide as a hole extraction layer in organic solar cells",2016,"Materials","","","https://scholar.google.com/scholar?oi=bibs&hl=en&cites=12795057143829398795",178,"2023-03-01 19:48:16","Journal article","","","https://scholar.google.com/citations?view_op=view_citation&hl=en&user=EyXhiGIAAAAJ&cstart=100&pagesize=100&citation_for_view=EyXhiGIAAAAJ:YohjEiUPhakC",9,4,235,235,24,3.43,3,7,7,"","",""
24,"VN Astratov, AM Adawi, MS Skolnick, VK Tikhomirov, V Lyubin, DG Lidzey, ...","Opal photonic crystals infiltrated with chalcogenide glasses",2001,"Applied Physics Letters","","","https://scholar.google.com/scholar?oi=bibs&hl=en&cites=17824178699486748345",179,"2023-03-01 19:48:16","Journal article","","","https://scholar.google.com/citations?view_op=view_citation&hl=en&user=EyXhiGIAAAAJ&cstart=100&pagesize=100&citation_for_view=EyXhiGIAAAAJ:M3NEmzRMIkIC",78,26,4094,4096,24,1.09,3,7,22,"","",""
24,"S Webster, DA Smith, DN Batchelder, DG Lidzey, DDC Bradley","Application of fluorescence scanning near-field optical microscopy to the study of phase-separated conjugated polymers",1998,"Ultramicroscopy 71 (1-4)","","","https://scholar.google.com/scholar?oi=bibs&hl=en&cites=1614686802562804111",180,"2023-03-01 19:48:16","Book chapter","","","https://scholar.google.com/citations?view_op=view_citation&hl=en&user=EyXhiGIAAAAJ&cstart=100&pagesize=100&citation_for_view=EyXhiGIAAAAJ:HDshCWvjkbEC",,,275,279,24,0.96,5,5,25,"","",""
23,"K Sasitharan, DG Bossanyi, N Vaenas, AJ Parnell, J Clark, A Iraqi, ...","Metal–organic framework nanosheets for enhanced performance of organic photovoltaic cells",2020,"Journal of Materials Chemistry A","","","https://scholar.google.com/scholar?oi=bibs&hl=en&cites=10232724844768707630",181,"2023-03-01 19:48:16","Journal article","","","https://scholar.google.com/citations?view_op=view_citation&hl=en&user=EyXhiGIAAAAJ&cstart=100&pagesize=100&citation_for_view=EyXhiGIAAAAJ:hsZV8lGYWTMC",8,12,6067,6075,23,7.67,3,7,3,"","",""
23,"W Li, Z Xiao, JA Smith, J Cai, D Li, RC Kilbride, ELK Spooner, OS Game, ...","Enhancing the efficiency of PTB7-Th:COi8DFIC-based ternary solar cells with versatile third components",2019,"Applied Physics Reviews","","","https://scholar.google.com/scholar?oi=bibs&hl=en&cites=11824044376035330707",182,"2023-03-01 19:48:16","Journal article","","","https://scholar.google.com/citations?view_op=view_citation&hl=en&user=EyXhiGIAAAAJ&cstart=100&pagesize=100&citation_for_view=EyXhiGIAAAAJ:PYBJJbyH-FwC",6,4,41405,41405,23,5.75,3,9,4,"","",""
23,"A Buckley, C Wilkinson, D Lidzey","Encapsulated electrode",2004,"US Patent App. 10/469,089","","","https://scholar.google.com/scholar?oi=bibs&hl=en&cites=17991559543100673347",183,"2023-03-01 19:48:16","Patent","","","https://scholar.google.com/citations?view_op=view_citation&hl=en&user=EyXhiGIAAAAJ&cstart=100&pagesize=100&citation_for_view=EyXhiGIAAAAJ:V3AGJWp-ZtQC",,,,,23,1.21,8,3,19,"","",""
23,"MS Weaver, DG Lidzey, MA Pavier, H Mellor, SL Thorpe, DDC Bradley, ...","Organic light-emitting diodes (LEDs) based on Langmuir-Blodgett films containing rare-earth complexes",1996,"Synthetic metals 76 (1-3)","","","https://scholar.google.com/scholar?oi=bibs&hl=en&cites=17322902747861335398",184,"2023-03-01 19:48:16","Book chapter","","","https://scholar.google.com/citations?view_op=view_citation&hl=en&user=EyXhiGIAAAAJ&cstart=100&pagesize=100&citation_for_view=EyXhiGIAAAAJ:j3f4tGmQtD8C",,,91,93,23,0.85,3,7,27,"","",""
22,"V Kumar, WL Schmidt, G Schileo, RC Masters, M Wong-Stringer, ...","Nanoscale mapping of bromide segregation on the cross sections of complex hybrid perovskite photovoltaic films using secondary electron hyperspectral imaging in a scanning …",2017,"ACS omega","","","https://scholar.google.com/scholar?oi=bibs&hl=en&cites=9351852135860936505",185,"2023-03-01 19:48:16","Journal article","","","https://scholar.google.com/citations?view_op=view_citation&hl=en&user=EyXhiGIAAAAJ&cstart=100&pagesize=100&citation_for_view=EyXhiGIAAAAJ:mNrWkgRL2YcC",2,5,2126,2133,22,3.67,4,6,6,"","",""
22,"AM Adawi, MM Murshidy, PW Fry, DG Lidzey","An optical nanocavity incorporating a fluorescent organic dye having a high quality factor",2010,"Acs Nano","","","https://scholar.google.com/scholar?oi=bibs&hl=en&cites=4678930725735264684",186,"2023-03-01 19:48:16","Journal article","","","https://scholar.google.com/citations?view_op=view_citation&hl=en&user=EyXhiGIAAAAJ&cstart=100&pagesize=100&citation_for_view=EyXhiGIAAAAJ:1sJd4Hv_s6UC",4,6,3039,3044,22,1.69,6,4,13,"","",""
22,"A Cadby, G Khalil, AM Fox, DG Lidzey","Mapping exciton quenching in photovoltaic-applicable polymer blends using time-resolved scanning near-field optical microscopy",2008,"Journal of Applied Physics","","","https://scholar.google.com/scholar?oi=bibs&hl=en&cites=2130785008877260721",187,"2023-03-01 19:48:16","Journal article","","","https://scholar.google.com/citations?view_op=view_citation&hl=en&user=EyXhiGIAAAAJ&cstart=100&pagesize=100&citation_for_view=EyXhiGIAAAAJ:zA6iFVUQeVQC",103,9,93715,93715,22,1.47,6,4,15,"","",""
22,"A Cadby, R Dean, RAL Jones, DG Lidzey","Suppression of Energy‐Transfer Between Conjugated Polymers in a Ternary Blend Identified Using Scanning Near‐Field Optical Microscopy",2006,"Advanced Materials","","","https://scholar.google.com/scholar?oi=bibs&hl=en&cites=10975132098944725892",188,"2023-03-01 19:48:16","Journal article","","","https://scholar.google.com/citations?view_op=view_citation&hl=en&user=EyXhiGIAAAAJ&cstart=100&pagesize=100&citation_for_view=EyXhiGIAAAAJ:2P1L_qKh6hAC",18,20,2713,2719,22,1.29,6,4,17,"","",""
21,"RC Masters, N Stehling, KJ Abrams, V Kumar, M Azzolini, NM Pugno, ...","Mapping polymer molecular order in the SEM with secondary electron hyperspectral imaging",2019,"Advanced Science","","","https://scholar.google.com/scholar?oi=bibs&hl=en&cites=14995487833776891495",189,"2023-03-01 19:48:16","Journal article","","","https://scholar.google.com/citations?view_op=view_citation&hl=en&user=EyXhiGIAAAAJ&cstart=100&pagesize=100&citation_for_view=EyXhiGIAAAAJ:jL-93Qbq4QoC",6,5,1801752,1801752,21,5.25,3,7,4,"","",""
21,"J Do, KN Sediq, K Deasy, DM Coles, J Rodríguez‐Fernández, ...","Photonic Crystal Nanocavities Containing Plasmonic Nanoparticles Assembled Using a Laser‐Printing Technique",2013,"Advanced Optical Materials","","","https://scholar.google.com/scholar?oi=bibs&hl=en&cites=14822010372347195643",190,"2023-03-01 19:48:16","Journal article","","","https://scholar.google.com/citations?view_op=view_citation&hl=en&user=EyXhiGIAAAAJ&cstart=100&pagesize=100&citation_for_view=EyXhiGIAAAAJ:zLWjf1WUPmwC",1,12,946,951,21,2.10,4,6,10,"","",""
21,"DF Pickup, H Yi, H Kun, A Iraqi, M Stevenson, DG Lidzey","Alternating 2, 7-and 3, 6-linked carbazole copolymers as wide band gap energy transfer donors",2009,"Thin Solid Films","","","https://scholar.google.com/scholar?oi=bibs&hl=en&cites=17008550220018180592",191,"2023-03-01 19:48:16","Journal article","","","https://scholar.google.com/citations?view_op=view_citation&hl=en&user=EyXhiGIAAAAJ&cstart=100&pagesize=100&citation_for_view=EyXhiGIAAAAJ:dshw04ExmUIC",517,9,2840,2844,21,1.50,4,6,14,"","",""
21,"VM Agranovich, M Litinskaia, DG Lidzey","Microcavity polaritons in materials with weak intermolecular interaction",2002,"physica status solidi (b)","","","https://scholar.google.com/scholar?oi=bibs&hl=en&cites=14863248116389993755",192,"2023-03-01 19:48:16","Journal article","","","https://scholar.google.com/citations?view_op=view_citation&hl=en&user=EyXhiGIAAAAJ&cstart=100&pagesize=100&citation_for_view=EyXhiGIAAAAJ:cFHS6HbyZ2cC",234,1,130,138,21,1.00,7,3,21,"","",""
21,"A Armitage, DG Lidzey, DDC Bradley, T Virgili, MS Skolnick, S Walker","Modelling of asymmetric excitons in organic microcavities",2000,"Synthetic metals","","","https://scholar.google.com/scholar?oi=bibs&hl=en&cites=8769420271503377769",193,"2023-03-01 19:48:16","Journal article","","","https://scholar.google.com/citations?view_op=view_citation&hl=en&user=EyXhiGIAAAAJ&cstart=100&pagesize=100&citation_for_view=EyXhiGIAAAAJ:70eg2SAEIzsC",111,,377,379,21,0.91,4,6,23,"","",""
19,"C Bracher, BG Freestone, DK Mohamad, JA Smith, DG Lidzey","Degradation of inverted architecture CH3NH3PbI3‐xClx perovskite solar cells due to trapped moisture",2018,"Energy Science &Engineering","","","https://scholar.google.com/scholar?oi=bibs&hl=en&cites=9232930840639162993",194,"2023-03-01 19:48:16","Journal article","","","https://scholar.google.com/citations?view_op=view_citation&hl=en&user=EyXhiGIAAAAJ&cstart=100&pagesize=100&citation_for_view=EyXhiGIAAAAJ:8xutWZnSdmoC",6,1,35,46,19,3.80,4,5,5,"","",""
19,"MM Murshidy, AM Adawi, PW Fry, DM Whittaker, DG Lidzey","The optical properties of hybrid organic-inorganic L3 nanocavities",2010,"JOSA B","","","https://scholar.google.com/scholar?oi=bibs&hl=en&cites=934868346781912203",195,"2023-03-01 19:48:16","Journal article","","","https://scholar.google.com/citations?view_op=view_citation&hl=en&user=EyXhiGIAAAAJ&cstart=100&pagesize=100&citation_for_view=EyXhiGIAAAAJ:SP6oXDckpogC",27,2,215,221,19,1.46,4,5,13,"","",""
18,"R Jayaprakash, CE Whittaker, K Georgiou, OS Game, KE McGhee, ...","Two-dimensional organic-exciton polariton lattice fabricated using laser patterning",2020,"ACS Photonics","","","https://scholar.google.com/scholar?oi=bibs&hl=en&cites=9700653364467524878",196,"2023-03-01 19:48:16","Journal article","","","https://scholar.google.com/citations?view_op=view_citation&hl=en&user=EyXhiGIAAAAJ&cstart=100&pagesize=100&citation_for_view=EyXhiGIAAAAJ:SjuI4pbJlxcC",7,8,2273,2281,18,6.00,3,6,3,"","",""
18,"K Georgiou, R Jayaprakash, A Askitopoulos, DM Coles, PG Lagoudakis, ...","Generation of anti-Stokes fluorescence in a strongly coupled organic semiconductor microcavity",2018,"ACS Photonics","","","https://scholar.google.com/scholar?oi=bibs&hl=en&cites=14714226306211515616",197,"2023-03-01 19:48:16","Journal article","","","https://scholar.google.com/citations?view_op=view_citation&hl=en&user=EyXhiGIAAAAJ&cstart=100&pagesize=100&citation_for_view=EyXhiGIAAAAJ:nVrZBo8bIpAC",5,11,4343,4351,18,3.60,3,6,5,"","",""
18,"RC Masters, Q Wan, Y Zhang, M Dapor, AM Sandu, C Jiao, Y Zhou, ...","Novel organic photovoltaic polymer blends: A rapid, 3-dimensional morphology analysis using backscattered electron imaging in the scanning electron microscope",2017,"Solar Energy Materials and Solar Cells","","","https://scholar.google.com/scholar?oi=bibs&hl=en&cites=5181885929720792990",198,"2023-03-01 19:48:16","Journal article","","","https://scholar.google.com/citations?view_op=view_citation&hl=en&user=EyXhiGIAAAAJ&cstart=100&pagesize=100&citation_for_view=EyXhiGIAAAAJ:DUooU5lO8OsC",160,,182,192,18,3.00,2,8,6,"","",""
18,"G Tizazu, O el Zubir, S Patole, A McLaren, C Vasilev, DJ Mothersole, ...","Micrometer and nanometer scale photopatterning of proteins on glass surfaces by photo-degradation of films formed from oligo (ethylene glycol) terminated silanes",2012,"Biointerphases","","","https://scholar.google.com/scholar?oi=bibs&hl=en&cites=6228369376936558083",199,"2023-03-01 19:48:16","Journal article","","","https://scholar.google.com/citations?view_op=view_citation&hl=en&user=EyXhiGIAAAAJ&cstart=100&pagesize=100&citation_for_view=EyXhiGIAAAAJ:W5xh706n7nkC",7,1,54,54,18,1.64,3,7,11,"","",""
18,"AR Buckley, C Giebler, M Voigt, DG Lidzey, KL Boehlen, J Fieret","Method of patterning a functional material on to a substrate",2005,"","","","https://scholar.google.com/scholar?oi=bibs&hl=en&cites=14148701175877130295",200,"2023-03-01 19:48:16","","","","https://scholar.google.com/citations?view_op=view_citation&hl=en&user=EyXhiGIAAAAJ&cstart=100&pagesize=100&citation_for_view=EyXhiGIAAAAJ:XiVPGOgt02cC",,,,,18,1.00,3,6,18,"","",""
17,"TI Alanazi, OS Game, JA Smith, RC Kilbride, C Greenland, R Jayaprakash, ...","Potassium iodide reduces the stability of triple-cation perovskite solar cells",2020,"RSC advances","","","https://scholar.google.com/scholar?oi=bibs&hl=en&cites=1963498944240412122",201,"2023-03-01 19:48:16","Journal article","","","https://scholar.google.com/citations?view_op=view_citation&hl=en&user=EyXhiGIAAAAJ&cstart=200&pagesize=100&citation_for_view=EyXhiGIAAAAJ:AXkvAH5U_nMC",10,66,40341,40350,17,5.67,2,7,3,"","",""
17,"J Griffin, AJ Ryan, DG Lidzey","Solution modification of PEDOT: PSS inks for ultrasonic spray coating",2017,"Organic Electronics","","","https://scholar.google.com/scholar?oi=bibs&hl=en&cites=4206221805097700191",202,"2023-03-01 19:48:16","Journal article","","","https://scholar.google.com/citations?view_op=view_citation&hl=en&user=EyXhiGIAAAAJ&cstart=200&pagesize=100&citation_for_view=EyXhiGIAAAAJ:_5tno0g5mFcC",41,,245,250,17,2.83,6,3,6,"","",""
17,"Q Wan, RC Masters, D Lidzey, KJ Abrams, M Dapor, RA Plenderleith, ...","Angle selective backscattered electron contrast in the low-voltage scanning electron microscope: Simulation and experiment for polymers",2016,"Ultramicroscopy","","","https://scholar.google.com/scholar?oi=bibs&hl=en&cites=6482552069748934928",203,"2023-03-01 19:48:16","Journal article","","","https://scholar.google.com/citations?view_op=view_citation&hl=en&user=EyXhiGIAAAAJ&cstart=200&pagesize=100&citation_for_view=EyXhiGIAAAAJ:4hFrxpcac9AC",171,,126,138,17,2.43,2,7,7,"","",""
17,"S Ceccarelli, J Wenus, MS Skolnick, DG Lidzey","Temperature dependent polariton emission from strongly coupled organic semiconductor microcavities",2007,"Superlattices and Microstructures 41 (5-6)","","","https://scholar.google.com/scholar?oi=bibs&hl=en&cites=9854050701055848470",204,"2023-03-01 19:48:16","Book chapter","","","https://scholar.google.com/citations?view_op=view_citation&hl=en&user=EyXhiGIAAAAJ&cstart=200&pagesize=100&citation_for_view=EyXhiGIAAAAJ:NMxIlDl6LWMC",,,289,292,17,1.06,4,4,16,"","",""
17,"DN Krizhanovskii, R Butté, LG Connolly, AI Tartakovskii, DG Lidzey, ...","Photoluminescence emission and Raman scattering polarization in birefringent organic microcavities in the strong coupling regime",2003,"Journal of applied physics","","","https://scholar.google.com/scholar?oi=bibs&hl=en&cites=8305081575574028295",205,"2023-03-01 19:48:16","Journal article","","","https://scholar.google.com/citations?view_op=view_citation&hl=en&user=EyXhiGIAAAAJ&cstart=200&pagesize=100&citation_for_view=EyXhiGIAAAAJ:g5m5HwL7SMYC",93,9,5003,5007,17,0.85,3,6,20,"","",""
17,"RB Fletcher, DG Lidzey, DDC Bradley, S Walker, M Inbasekaran, EP Woo","High brightness conjugated polymer LEDs",2000,"Synthetic metals","","","https://scholar.google.com/scholar?oi=bibs&hl=en&cites=15569588881476432070",206,"2023-03-01 19:48:16","Journal article","","","https://scholar.google.com/citations?view_op=view_citation&hl=en&user=EyXhiGIAAAAJ&cstart=200&pagesize=100&citation_for_view=EyXhiGIAAAAJ:aqlVkmm33-oC",111,,151,153,17,0.74,3,6,23,"","",""
16,"R Pandya, RYS Chen, Q Gu, J Sung, C Schnedermann, OS Ojambati, ...","Microcavity-like exciton-polaritons can be the primary photoexcitation in bare organic semiconductors",2021,"Nature communications","","","https://scholar.google.com/scholar?oi=bibs&hl=en&cites=10591786208278902400",207,"2023-03-01 19:48:16","Journal article","","","https://scholar.google.com/citations?view_op=view_citation&hl=en&user=EyXhiGIAAAAJ&cstart=200&pagesize=100&citation_for_view=EyXhiGIAAAAJ:KNjnJ3z-R6IC",12,1,6519,6519,16,8.00,2,7,2,"","",""
16,"Y Zhang, AJ Parnell, O Blaszczyk, AJ Musser, IDW Samuel, DG Lidzey, ...","Effect of fullerene acceptor on the performance of solar cells based on PffBT4T-2OD",2018,"Physical Chemistry Chemical Physics","","","https://scholar.google.com/scholar?oi=bibs&hl=en&cites=10876305765583382703",208,"2023-03-01 19:48:16","Journal article","","","https://scholar.google.com/citations?view_op=view_citation&hl=en&user=EyXhiGIAAAAJ&cstart=200&pagesize=100&citation_for_view=EyXhiGIAAAAJ:Ak0FvsSvgGUC",20,28,19023,19029,16,3.20,2,7,5,"","",""
16,"JW Kingsley, A Green, DG Lidzey","Fabrication and optimization of P3HT: PCBM organic photovoltaic devices",2009,"Organic Photovoltaics X","","","https://scholar.google.com/scholar?oi=bibs&hl=en&cites=17865062260003698276",209,"2023-03-01 19:48:16","Journal article","","","https://scholar.google.com/citations?view_op=view_citation&hl=en&user=EyXhiGIAAAAJ&cstart=200&pagesize=100&citation_for_view=EyXhiGIAAAAJ:UxriW0iASnsC",7416,,91,99,16,1.14,5,3,14,"","",""
16,"J Wenus, LG Connolly, DM Whittaker, MS Skolnick, DG Lidzey","Tuning the exciton-photon coupling in a strongly coupled organic microcavity containing an optical wedge",2004,"Applied physics letters","","","https://scholar.google.com/scholar?oi=bibs&hl=en&cites=12097928815463390859",210,"2023-03-01 19:48:16","Journal article","","","https://scholar.google.com/citations?view_op=view_citation&hl=en&user=EyXhiGIAAAAJ&cstart=200&pagesize=100&citation_for_view=EyXhiGIAAAAJ:rO6llkc54NcC",85,24,5848,5850,16,0.84,3,5,19,"","",""
15,"E Bovill, H Yi, A Iraqi, DG Lidzey","The fabrication of polyfluorene and polycarbazole-based photovoltaic devices using an air-stable process route",2014,"Applied Physics Letters 105 (22), 178_","","","https://scholar.google.com/scholar?oi=bibs&hl=en&cites=12682320801483679072",211,"2023-03-01 19:48:16","Journal article","","","https://scholar.google.com/citations?view_op=view_citation&hl=en&user=EyXhiGIAAAAJ&cstart=200&pagesize=100&citation_for_view=EyXhiGIAAAAJ:LI9QrySNdTsC",1,,,,15,1.67,4,4,9,"","",""
15,"DM Coles, DG Lidzey","A ladder of polariton branches formed by coupling an organic semiconductor exciton to a series of closely spaced cavity-photon modes",2014,"Applied Physics Letters","","","https://scholar.google.com/scholar?oi=bibs&hl=en&cites=9773606789056395718",212,"2023-03-01 19:48:16","Journal article","","","https://scholar.google.com/citations?view_op=view_citation&hl=en&user=EyXhiGIAAAAJ&cstart=200&pagesize=100&citation_for_view=EyXhiGIAAAAJ:KUbvn5osdkgC",104,19,191108,191108,15,1.67,8,2,9,"","",""
15,"T Virgili, DG Lidzey, DDC Bradley, S Walker","Cavity mode polarisation splitting in organic semiconductor microcavities",2001,"Synthetic metals 116 (1-3)","","","https://scholar.google.com/scholar?oi=bibs&hl=en&cites=12929824082164129139",213,"2023-03-01 19:48:16","Book chapter","","","https://scholar.google.com/citations?view_op=view_citation&hl=en&user=EyXhiGIAAAAJ&cstart=200&pagesize=100&citation_for_view=EyXhiGIAAAAJ:lSLTfruPkqcC",,,497,500,15,0.68,4,4,22,"","",""
15,"DG Lidzey, MS Weaver, TA Fisher, MA Pate, DM Whittaker, MS Skolnick, ...","Characterization of the emission from a conjugated polymer microcavity",1996,"Synthetic metals 76 (1-3)","","","https://scholar.google.com/scholar?oi=bibs&hl=en&cites=10564056668386502830",214,"2023-03-01 19:48:16","Book chapter","","","https://scholar.google.com/citations?view_op=view_citation&hl=en&user=EyXhiGIAAAAJ&cstart=200&pagesize=100&citation_for_view=EyXhiGIAAAAJ:GnPB-g6toBAC",,,129,132,15,0.56,2,7,27,"","",""
14,"EJ Cassella, ELK Spooner, T Thornber, ME O'Kane, TE Catley, JE Bishop, ...","Gas‐assisted spray coating of perovskite solar cells incorporating sprayed self‐assembled monolayers",2022,"Advanced Science","","","https://scholar.google.com/scholar?oi=bibs&hl=en&cites=775845546663914328",215,"2023-03-01 19:48:16","Journal article","","","https://scholar.google.com/citations?view_op=view_citation&hl=en&user=EyXhiGIAAAAJ&cstart=200&pagesize=100&citation_for_view=EyXhiGIAAAAJ:-nhnvRiOwuoC",9,14,2104848,2104848,14,14.00,2,7,1,"","",""
14,"S Renken, R Pandya, K Georgiou, R Jayaprakash, L Gai, Z Shen, ...","Untargeted effects in organic exciton–polariton transient spectroscopy: a cautionary tale",2021,"The Journal of Chemical Physics","","","https://scholar.google.com/scholar?oi=bibs&hl=en&cites=18312296557106259694",216,"2023-03-01 19:48:16","Journal article","","","https://scholar.google.com/citations?view_op=view_citation&hl=en&user=EyXhiGIAAAAJ&cstart=200&pagesize=100&citation_for_view=EyXhiGIAAAAJ:O0nohqN1r9EC",155,15,154701,154701,14,7.00,2,7,2,"","",""
14,"Y Zhang, NW Scarratt, T Wang, DG Lidzey","Fabricating high performance conventional and inverted polymer solar cells by spray coating in air",2017,"Vacuum","","","https://scholar.google.com/scholar?oi=bibs&hl=en&cites=14044276059319323698",217,"2023-03-01 19:48:16","Journal article","","","https://scholar.google.com/citations?view_op=view_citation&hl=en&user=EyXhiGIAAAAJ&cstart=200&pagesize=100&citation_for_view=EyXhiGIAAAAJ:a9-T7VOCCH8C",139,,154,158,14,2.33,4,4,6,"","",""
14,"DK Mohamad, BG Freestone, R Masters, M Reinhardt, S Canning, ...","Optimized organometal halide perovskite solar cell fabrication through control of nanoparticle crystal patterning",2017,"Journal of Materials Chemistry C","","","https://scholar.google.com/scholar?oi=bibs&hl=en&cites=4910235479136729914",218,"2023-03-01 19:48:16","Journal article","","","https://scholar.google.com/citations?view_op=view_citation&hl=en&user=EyXhiGIAAAAJ&cstart=200&pagesize=100&citation_for_view=EyXhiGIAAAAJ:9c2xU6iGI7YC",5,9,2352,2359,14,2.33,2,6,6,"","",""
14,"NW Scarratt, J Griffin, T Wang, Y Zhang, H Yi, A Iraqi, DG Lidzey","Polymer-based solar cells having an active area of 1.6 cm2 fabricated via spray coating",2015,"Apl Materials","","","https://scholar.google.com/scholar?oi=bibs&hl=en&cites=5741997577983169285",219,"2023-03-01 19:48:16","Journal article","","","https://scholar.google.com/citations?view_op=view_citation&hl=en&user=EyXhiGIAAAAJ&cstart=200&pagesize=100&citation_for_view=EyXhiGIAAAAJ:86PQX7AUzd4C",3,12,126108,126108,14,1.75,2,7,8,"","",""
14,"DK Mohamad, SS Chauhan, H Yi, AJ Cadby, DG Lidzey, A Iraqi","A regioregular head to tail thiophene based “double-cable” polymer with pendant anthraquinone functional groups: Preparation, spectroscopy and photovoltaic properties",2011,"Solar energy materials and solar cells","","","https://scholar.google.com/scholar?oi=bibs&hl=en&cites=11696020952182872520",220,"2023-03-01 19:48:16","Journal article","","","https://scholar.google.com/citations?view_op=view_citation&hl=en&user=EyXhiGIAAAAJ&cstart=200&pagesize=100&citation_for_view=EyXhiGIAAAAJ:tOudhMTPpwUC",95,7,1723,1730,14,1.17,2,6,12,"","",""
14,"AB Rodríguez, MM Voigt, SJ Martin, TJ Whittle, RM Dalgliesh, ...","Structure of films of poly (3, 4-ethylene dioxythiophene)-poly (styrene sulfonate) crosslinked with glycerol",2011,"Journal of Materials Chemistry","","","https://scholar.google.com/scholar?oi=bibs&hl=en&cites=5047114809192418532",221,"2023-03-01 19:48:16","Journal article","","","https://scholar.google.com/citations?view_op=view_citation&hl=en&user=EyXhiGIAAAAJ&cstart=200&pagesize=100&citation_for_view=EyXhiGIAAAAJ:BrmTIyaxlBUC",21,48,19324,19330,14,1.17,2,6,12,"","",""
14,"MM Murshidy, AM Adawi, PW Fry, DG Lidzey","A one-dimensional photonic-crystal nanocavity incorporating a fluorescent molecular dye",2010,"Applied Physics Letters","","","https://scholar.google.com/scholar?oi=bibs&hl=en&cites=4817265391059569957",222,"2023-03-01 19:48:16","Journal article","","","https://scholar.google.com/citations?view_op=view_citation&hl=en&user=EyXhiGIAAAAJ&cstart=200&pagesize=100&citation_for_view=EyXhiGIAAAAJ:P5F9QuxV20EC",97,15,224,224,14,1.08,4,4,13,"","",""
14,"PA Lane, AJ Cadby, H Mellor, SJ Martin, DG Lidzey, DDC Bradley, ...","Photophysics of a poly (phenylenevinylene) with alternating meta-phenylene and para-phenylene rings",2000,"Physical Review B","","","https://scholar.google.com/scholar?oi=bibs&hl=en&cites=1941671816223905117",223,"2023-03-01 19:48:16","Journal article","","","https://scholar.google.com/citations?view_op=view_citation&hl=en&user=EyXhiGIAAAAJ&cstart=200&pagesize=100&citation_for_view=EyXhiGIAAAAJ:vV6vV6tmYwMC",62,23,15718,15718,14,0.61,2,7,23,"","",""
13,"RT Grant, R Jayaprakash, DM Coles, A Musser, S De Liberato, ...","Strong coupling in a microcavity containing β-carotene",2018,"Optics Express","","","https://scholar.google.com/scholar?oi=bibs&hl=en&cites=17595976432682452210",224,"2023-03-01 19:48:16","Journal article","","","https://scholar.google.com/citations?view_op=view_citation&hl=en&user=EyXhiGIAAAAJ&cstart=200&pagesize=100&citation_for_view=EyXhiGIAAAAJ:u-coK7KVo8oC",26,3,3320,3327,13,2.60,2,6,5,"","",""
13,"DG Lidzey, DM Coles","Strong coupling in organic and hybrid-semiconductor microcavity structures",2015,"Organic and Hybrid Photonic Crystals","","","https://scholar.google.com/scholar?oi=bibs&hl=en&cites=5870309743451377393",225,"2023-03-01 19:48:16","Book chapter","","","https://scholar.google.com/citations?view_op=view_citation&hl=en&user=EyXhiGIAAAAJ&cstart=200&pagesize=100&citation_for_view=EyXhiGIAAAAJ:HbR8gkJAVGIC",,,243,273,13,1.63,7,2,8,"","",""
13,"R Gehlhaar, R Schüppel, M Koschorreck, T Fritz, H Fröb, M Hoffmann, ...","Time-resolved and cw photoluminescence from strongly coupled organic microcavities",2004,"Journal of luminescence","","","https://scholar.google.com/scholar?oi=bibs&hl=en&cites=14155459126006443865",226,"2023-03-01 19:48:16","Journal article","","","https://scholar.google.com/citations?view_op=view_citation&hl=en&user=EyXhiGIAAAAJ&cstart=200&pagesize=100&citation_for_view=EyXhiGIAAAAJ:abG-DnoFyZgC",110,4,354,358,13,0.68,2,7,19,"","",""
12,"A Putintsev, A Zasedatelev, KE McGhee, T Cookson, K Georgiou, ...","Nano-second exciton-polariton lasing in organic microcavities",2020,"Applied Physics Letters","","","https://scholar.google.com/scholar?oi=bibs&hl=en&cites=12340511953549155311",227,"2023-03-01 19:48:16","Journal article","","","https://scholar.google.com/citations?view_op=view_citation&hl=en&user=EyXhiGIAAAAJ&cstart=200&pagesize=100&citation_for_view=EyXhiGIAAAAJ:Ade32sEp0pkC",117,12,123302,123302,12,4.00,2,6,3,"","",""
12,"C Greenland, A Shnier, SK Rajendran, JA Smith, OS Game, D Wamwangi, ...","Correlating phase behavior with photophysical properties in mixed‐cation mixed‐halide perovskite thin films",2020,"Advanced Energy Materials","","","https://scholar.google.com/scholar?oi=bibs&hl=en&cites=745200539853087662",228,"2023-03-01 19:48:16","Journal article","","","https://scholar.google.com/citations?view_op=view_citation&hl=en&user=EyXhiGIAAAAJ&cstart=200&pagesize=100&citation_for_view=EyXhiGIAAAAJ:owLR8QvbtFgC",10,4,1901350,1901350,12,4.00,2,7,3,"","",""
12,"TJ Routledge, DG Lidzey, AR Buckley","Ultrasonic spray coating as an approach for large-area polymer OLEDs: The influence of thin film processing and surface roughness on electrical performance",2019,"AIP Advances","","","https://scholar.google.com/scholar?oi=bibs&hl=en&cites=9966084929408803452",229,"2023-03-01 19:48:16","Journal article","","","https://scholar.google.com/citations?view_op=view_citation&hl=en&user=EyXhiGIAAAAJ&cstart=200&pagesize=100&citation_for_view=EyXhiGIAAAAJ:wMgC3FpKEyYC",9,1,15330,15330,12,3.00,4,3,4,"","",""
12,"AJ Pearson, DC Watters, H Yi, MS Sarjadi, LX Reynolds, PP Marchisio, ...","Impact of dithienyl or thienothiophene units on the optoelectronic and photovoltaic properties of benzo [1, 2, 5] thiadiazole based donor–acceptor copolymers for organic solar …",2014,"RSC Advances","","","https://scholar.google.com/scholar?oi=bibs&hl=en&cites=6667122147439007879",230,"2023-03-01 19:48:16","Journal article","","","https://scholar.google.com/citations?view_op=view_citation&hl=en&user=EyXhiGIAAAAJ&cstart=200&pagesize=100&citation_for_view=EyXhiGIAAAAJ:tuHXwOkdijsC",4,81,43142,43149,12,1.33,2,7,9,"","",""
12,"K Deasy, KN Sediq, S Brittle, T Wang, F Davis, TH Richardson, DG Lidzey","A chemical sensor based on a photonic-crystal L3 nanocavity defined in a silicon-nitride membrane",2014,"Journal of Materials Chemistry C","","","https://scholar.google.com/scholar?oi=bibs&hl=en&cites=13098253165005959786",231,"2023-03-01 19:48:16","Journal article","","","https://scholar.google.com/citations?view_op=view_citation&hl=en&user=EyXhiGIAAAAJ&cstart=200&pagesize=100&citation_for_view=EyXhiGIAAAAJ:b1wdh0AR-JQC",2,41,8700,8706,12,1.33,2,7,9,"","",""
12,"T Virgili, L Lüer, G Cerullo, G Lanzani, S Stagira, D Coles, A Meijer, ...","Role of intramolecular dynamics on intermolecular coupling in cyanine dye",2010,"Physical Review B","","","https://scholar.google.com/scholar?oi=bibs&hl=en&cites=16372242371406047942",232,"2023-03-01 19:48:16","Journal article","","","https://scholar.google.com/citations?view_op=view_citation&hl=en&user=EyXhiGIAAAAJ&cstart=200&pagesize=100&citation_for_view=EyXhiGIAAAAJ:NhqRSupF_l8C",81,12,125317,125317,12,0.92,2,8,13,"","",""
12,"D Mohamad, RG Johnson, D Janeliunas, M Kirkus, H Yi, DG Lidzey, ...","Aryl amine substituted low energy gap carbazole polymers: preparation and photovoltaic properties",2010,"Journal of Materials Chemistry","","","https://scholar.google.com/scholar?oi=bibs&hl=en&cites=4759680776537068172",233,"2023-03-01 19:48:16","Journal article","","","https://scholar.google.com/citations?view_op=view_citation&hl=en&user=EyXhiGIAAAAJ&cstart=200&pagesize=100&citation_for_view=EyXhiGIAAAAJ:D03iK_w7-QYC",20,33,6990,6997,12,0.92,2,7,13,"","",""
12,"J Cabanillas-Gonzalez, J Nelson, DDC BRADLEY, M Ariu, DG Lidzey, ...","Effect of aggregation on photocurrent generation in polyfluorene doped with violanthrone",2003,"Synthetic metals 137 (1-3)","","","https://scholar.google.com/scholar?oi=bibs&hl=en&cites=2970842887931224693",234,"2023-03-01 19:48:16","Book chapter","","","https://scholar.google.com/citations?view_op=view_citation&hl=en&user=EyXhiGIAAAAJ&cstart=200&pagesize=100&citation_for_view=EyXhiGIAAAAJ:u_35RYKgDlwC",,,1471,1472,12,0.60,2,6,20,"","",""
12,"AJ Campbell, H Antoniadis, T Virgili, DG Lidzey, X Wang, DDC Bradley","Balancing electron and hole currents in single layer poly (9, 9-dioctylfluorene) light-emitting diodes",2002,"Organic Light-Emitting Materials and Devices V","","","https://scholar.google.com/scholar?oi=bibs&hl=en&cites=4358430670610564957",235,"2023-03-01 19:48:16","Journal article","","","https://scholar.google.com/citations?view_op=view_citation&hl=en&user=EyXhiGIAAAAJ&cstart=200&pagesize=100&citation_for_view=EyXhiGIAAAAJ:a0OBvERweLwC",4464,,211,222,12,0.57,2,6,21,"","",""
11,"TJ Routledge, M Wong-Stringer, OS Game, JA Smith, JE Bishop, ...","Low-temperature, high-speed reactive deposition of metal oxides for perovskite solar cells",2019,"Journal of Materials Chemistry A","","","https://scholar.google.com/scholar?oi=bibs&hl=en&cites=16428785636493021674",236,"2023-03-01 19:48:16","Journal article","","","https://scholar.google.com/citations?view_op=view_citation&hl=en&user=EyXhiGIAAAAJ&cstart=200&pagesize=100&citation_for_view=EyXhiGIAAAAJ:4xDN1ZYqzskC",7,5,2283,2290,11,2.75,2,6,4,"","",""
11,"M Dapor, RC Masters, I Ross, DG Lidzey, A Pearson, I Abril, ...","Secondary electron spectra of semi-crystalline polymers–A novel polymer characterisation tool?",2018,"Journal of Electron Spectroscopy and Related Phenomena","","","https://scholar.google.com/scholar?oi=bibs&hl=en&cites=7174541584481314396",237,"2023-03-01 19:48:16","Journal article","","","https://scholar.google.com/citations?view_op=view_citation&hl=en&user=EyXhiGIAAAAJ&cstart=200&pagesize=100&citation_for_view=EyXhiGIAAAAJ:yMeIxYmEMEAC",222,,95,105,11,2.20,2,7,5,"","",""
11,"L Luer, SK Rajendran, T Stoll, L Ganzer, J Rehault, DM Coles, D Lidzey, ...","Lévy defects in matrix-immobilized J aggregates: tracing intra-and intersegmental exciton relaxation",2017,"The Journal of Physical Chemistry Letters","","","https://scholar.google.com/scholar?oi=bibs&hl=en&cites=3330506750053108840",238,"2023-03-01 19:48:16","Journal article","","","https://scholar.google.com/citations?view_op=view_citation&hl=en&user=EyXhiGIAAAAJ&cstart=200&pagesize=100&citation_for_view=EyXhiGIAAAAJ:IRz6iEL74y4C",8,3,547,552,11,1.83,1,8,6,"","",""
11,"SK Rajendran, W Wang, D Brida, A De Sio, E Sommer, R Vogelgesang, ...","Direct evidence of Rabi oscillations and antiresonance in a strongly coupled organic microcavity",2015,"Physical Review B","","","https://scholar.google.com/scholar?oi=bibs&hl=en&cites=7312403504859284738",239,"2023-03-01 19:48:16","Journal article","","","https://scholar.google.com/citations?view_op=view_citation&hl=en&user=EyXhiGIAAAAJ&cstart=200&pagesize=100&citation_for_view=EyXhiGIAAAAJ:Dip1O2bNi0gC",91,20,201305,201305,11,1.38,2,7,8,"","",""
11,"JPR Wells, DG Lidzey, PJ Phillips, DA Carder, AM Fox","Ultrafast measurements of vibrational relaxation in the conjugated polymer poly (9, 9-dioctylfluorene)",2004,"Applied physics letters","","","https://scholar.google.com/scholar?oi=bibs&hl=en&cites=15062692926600073481",240,"2023-03-01 19:48:16","Journal article","","","https://scholar.google.com/citations?view_op=view_citation&hl=en&user=EyXhiGIAAAAJ&cstart=200&pagesize=100&citation_for_view=EyXhiGIAAAAJ:yD5IFk8b50cC",85,15,3080,3082,11,0.58,2,5,19,"","",""
11,"DG Lidzey, AI Tartakovskii, M Emam-Ismail, MS Skolnick, S Walker","Enhanced Raman scattering in a strongly coupled microcavity containing J-aggregates",2002,"Synthetic metals 127 (1-3)","","","https://scholar.google.com/scholar?oi=bibs&hl=en&cites=9567895915956141553",241,"2023-03-01 19:48:16","Book chapter","","","https://scholar.google.com/citations?view_op=view_citation&hl=en&user=EyXhiGIAAAAJ&cstart=200&pagesize=100&citation_for_view=EyXhiGIAAAAJ:bFI3QPDXJZMC",,,151,154,11,0.52,2,5,21,"","",""
11,"DG Lidzey, DDC Bradley, MS Skolnick, S Walker","Optical coupling of Frenkel excitons in organic semiconductor microcavities",2001,"Synthetic metals","","","https://scholar.google.com/scholar?oi=bibs&hl=en&cites=12646362891349159185",242,"2023-03-01 19:48:16","Journal article","","","https://scholar.google.com/citations?view_op=view_citation&hl=en&user=EyXhiGIAAAAJ&cstart=200&pagesize=100&citation_for_view=EyXhiGIAAAAJ:SeFeTyx0c_EC",124,1,37,40,11,0.50,3,4,22,"","",""
11,"MA Pavier, MS Weaver, D Lidzey, T Richardson, TM Searle, DDC Bradley, ...","Electroluminescence from dysprosium-and neodymium-containing LB films",1996,"Thin Solid Films","","","https://scholar.google.com/scholar?oi=bibs&hl=en&cites=6219365240348795829",243,"2023-03-01 19:48:16","Journal article","","","https://scholar.google.com/citations?view_op=view_citation&hl=en&user=EyXhiGIAAAAJ&cstart=200&pagesize=100&citation_for_view=EyXhiGIAAAAJ:OU6Ihb5iCvQC",284,,644,647,11,0.41,2,7,27,"","",""
10,"D Polak, R Jayaprakash, A Leventis, KJ Fallon, H Coulthard, AJ Petty II, ...","Manipulating matter with strong coupling: harvesting triplet excitons in organic exciton microcavities",2018,"arXiv preprint arXiv:1806.","","","https://scholar.google.com/scholar?oi=bibs&hl=en&cites=9717663852179613761",244,"2023-03-01 19:48:16","Preprint","","","https://scholar.google.com/citations?view_op=view_citation&hl=en&user=EyXhiGIAAAAJ&cstart=200&pagesize=100&citation_for_view=EyXhiGIAAAAJ:Bg7qf7VwUHIC",9990,,,,10,2.00,1,7,5,"","",""
10,"T Wang, Y Zhang, Y Yan, CG Jones, DG Lidzey","Polymer light emitting diodes powered via paper-mounted electronics",2016,"Journal of Display Technology","","","https://scholar.google.com/scholar?oi=bibs&hl=en&cites=14771987013584261050",245,"2023-03-01 19:48:16","Journal article","","","https://scholar.google.com/citations?view_op=view_citation&hl=en&user=EyXhiGIAAAAJ&cstart=200&pagesize=100&citation_for_view=EyXhiGIAAAAJ:kh2fBNsKQNwC",12,6,583,588,10,1.43,2,5,7,"","",""
10,"AM Adawi, DG Lidzey","Enhancing the radiative decay rate of fluorescent organic molecules using micropillar microcavities and optical nanocavities",2008,"Materials Science and Engineering: B","","","https://scholar.google.com/scholar?oi=bibs&hl=en&cites=7947595372853643763",246,"2023-03-01 19:48:16","Journal article","","","https://scholar.google.com/citations?view_op=view_citation&hl=en&user=EyXhiGIAAAAJ&cstart=200&pagesize=100&citation_for_view=EyXhiGIAAAAJ:wbdj-CoPYUoC",149,3,266,269,10,0.67,5,2,15,"","",""
10,"J Wenus, LG Connolly, DG Lidzey","New organic materials and microcavity structures for strong exciton‐photon coupling",2005,"physica status solidi (c)","","","https://scholar.google.com/scholar?oi=bibs&hl=en&cites=14058613367295370943",247,"2023-03-01 19:48:16","Journal article","","","https://scholar.google.com/citations?view_op=view_citation&hl=en&user=EyXhiGIAAAAJ&cstart=200&pagesize=100&citation_for_view=EyXhiGIAAAAJ:b0M2c_1WBrUC",2,11,3899,3902,10,0.56,3,3,18,"","",""
9,"K Georgiou, R Jayaprakash, DG Lidzey","Strong coupling of organic dyes located at the surface of a dielectric slab microcavity",2020,"The Journal of Physical Chemistry Letters","","","https://scholar.google.com/scholar?oi=bibs&hl=en&cites=16045317474599060330",248,"2023-03-01 19:48:16","Journal article","","","https://scholar.google.com/citations?view_op=view_citation&hl=en&user=EyXhiGIAAAAJ&cstart=200&pagesize=100&citation_for_view=EyXhiGIAAAAJ:6_hjMsCP8ZoC",11,22,9893,9900,9,3.00,3,3,3,"","",""
9,"OS Game, JA Smith, TI Alanazi, M Wong-Stringer, V Kumar, C Rodenburg, ...","Solvent vapour annealing of methylammonium lead halide perovskite: what's the catch?",2020,"Journal of Materials Chemistry A","","","https://scholar.google.com/scholar?oi=bibs&hl=en&cites=669736559596271221",249,"2023-03-01 19:48:16","Journal article","","","https://scholar.google.com/citations?view_op=view_citation&hl=en&user=EyXhiGIAAAAJ&cstart=200&pagesize=100&citation_for_view=EyXhiGIAAAAJ:CdxZDUztZiMC",8,21,10943,10956,9,3.00,1,7,3,"","",""
9,"CK Kwak, GE Pérez, BG Freestone, SA Al-Isaee, A Iraqi, DG Lidzey, ...","Improved efficiency in organic solar cells via conjugated polyelectrolyte additive in the hole transporting layer",2016,"Journal of Materials Chemistry C","","","https://scholar.google.com/scholar?oi=bibs&hl=en&cites=5656367175777450627",250,"2023-03-01 19:48:16","Journal article","","","https://scholar.google.com/citations?view_op=view_citation&hl=en&user=EyXhiGIAAAAJ&cstart=200&pagesize=100&citation_for_view=EyXhiGIAAAAJ:6ZxmRoH8BuwC",4,45,10722,10730,9,1.29,1,7,7,"","",""
9,"WC Tsoi, AR Buckley, DG Lidzey","Probing the transitions between morphological phases in an oligofluorene thin-film using temperature-dependent photoluminescence spectroscopy",2009,"Chemical Physics Letters 468 (1-3)","","","https://scholar.google.com/scholar?oi=bibs&hl=en&cites=5651545686704363323",251,"2023-03-01 19:48:16","Journal article","","","https://scholar.google.com/citations?view_op=view_citation&hl=en&user=EyXhiGIAAAAJ&cstart=200&pagesize=100&citation_for_view=EyXhiGIAAAAJ:kRWSkSYxWN8C",,,32,36,9,0.64,3,3,14,"","",""
9,"D O'Brien, A Bleyer, DG Lidzey, DDC Bradley, T Tsutsui","Efficient LEDs with a conjugated co-polymer as the emissive layer",1998,"Optical Materials 9 (1-4)","","","https://scholar.google.com/scholar?oi=bibs&hl=en&cites=17918294285937300846",252,"2023-03-01 19:48:16","Book chapter","","","https://scholar.google.com/citations?view_op=view_citation&hl=en&user=EyXhiGIAAAAJ&cstart=200&pagesize=100&citation_for_view=EyXhiGIAAAAJ:xtRiw3GOFMkC",,,173,177,9,0.36,2,5,25,"","",""
8,"K Tsevas, JA Smith, V Kumar, C Rodenburg, M Fakis, AR Mohd Yusoff, ...","Controlling PbI2 Stoichiometry during Synthesis to Improve the Performance of Perovskite Photovoltaics",2021,"Chemistry of Materials","","","https://scholar.google.com/scholar?oi=bibs&hl=en&cites=6042553644701172378",253,"2023-03-01 19:48:16","Journal article","","","https://scholar.google.com/citations?view_op=view_citation&hl=en&user=EyXhiGIAAAAJ&cstart=200&pagesize=100&citation_for_view=EyXhiGIAAAAJ:jE2MZjpN3IcC",33,2,554,566,8,4.00,1,7,2,"","",""
8,"Y Yan, W Li, F Cai, J Cai, Z Huang, RS Gurney, D Liu, DG Lidzey, ...","Correlating Nanoscale Morphology with Device Performance in Conventional and Inverted PffBT4T-2OD:PC71BM Polymer Solar Cells",2018,"ACS Applied Energy Materials","","","https://scholar.google.com/scholar?oi=bibs&hl=en&cites=11978014626083303133",254,"2023-03-01 19:48:16","Journal article","","","https://scholar.google.com/citations?view_op=view_citation&hl=en&user=EyXhiGIAAAAJ&cstart=200&pagesize=100&citation_for_view=EyXhiGIAAAAJ:LgRImbQfgY4C",1,7,3505,3512,8,1.60,1,9,5,"","",""
8,"F Ye, F Xie, M Yin, J He, Y Wang, W Tang, H Chen, X Yang, L Han","Effect of thermal-convection-induced defects on the performance of perovskite solar cells",2017,"Applied Physics Express","","","https://scholar.google.com/scholar?oi=bibs&hl=en&cites=2323116042018079026",255,"2023-03-01 19:48:16","Journal article","","","https://scholar.google.com/citations?view_op=view_citation&hl=en&user=EyXhiGIAAAAJ&cstart=200&pagesize=100&citation_for_view=EyXhiGIAAAAJ:HtS1dXgVpQUC",10,7,75502,75502,8,1.33,1,9,6,"","",""
8,"BA Alqurashy, L Cartwright, A Iraqi, Y Zhang, DG Lidzey","Pyrene–benzothiadiazole‐based copolymers for application in photovoltaic devices",2017,"Polymers for Advanced Technologies","","","https://scholar.google.com/scholar?oi=bibs&hl=en&cites=12688328598521990691",256,"2023-03-01 19:48:16","Journal article","","","https://scholar.google.com/citations?view_op=view_citation&hl=en&user=EyXhiGIAAAAJ&cstart=200&pagesize=100&citation_for_view=EyXhiGIAAAAJ:anf4URPfarAC",28,2,193,200,8,1.33,2,5,6,"","",""
8,"IA Barlow, T Kreouzis, DG Lidzey","A polymer light-emitting diode as an optical communication light source",2007,"Organic electronics","","","https://scholar.google.com/scholar?oi=bibs&hl=en&cites=489120373832671093",257,"2023-03-01 19:48:16","Journal article","","","https://scholar.google.com/citations?view_op=view_citation&hl=en&user=EyXhiGIAAAAJ&cstart=200&pagesize=100&citation_for_view=EyXhiGIAAAAJ:pyW8ca7W8N0C",8,5,621,624,8,0.50,3,3,16,"","",""
8,"DG Lidzey","Strong optical coupling in organic semiconductor microcavities",2003,"Thin films and Nanostructures","","","https://scholar.google.com/scholar?oi=bibs&hl=en&cites=18334130680936470206",258,"2023-03-01 19:48:16","Journal article","","","https://scholar.google.com/citations?view_op=view_citation&hl=en&user=EyXhiGIAAAAJ&cstart=200&pagesize=100&citation_for_view=EyXhiGIAAAAJ:tS2w5q8j5-wC",31,,355,402,8,0.40,8,1,20,"","",""
8,"LC Palilis, DG Lidzey, M Redecker, DDC Bradley, M Inbasekaran, ...","Bright and efficient blue light-emitting diodes based on conjugated polymer blends",1999,"Organic Light-Emitting Materials and Devices III","","","https://scholar.google.com/scholar?oi=bibs&hl=en&cites=14664943173232955931",259,"2023-03-01 19:48:16","Journal article","","","https://scholar.google.com/citations?view_op=view_citation&hl=en&user=EyXhiGIAAAAJ&cstart=200&pagesize=100&citation_for_view=EyXhiGIAAAAJ:dfsIfKJdRG4C",3797,,383,397,8,0.33,1,6,24,"","",""
7,"KE McGhee, A Putintsev, R Jayaprakash, K Georgiou, ME O’Kane, ...","Polariton condensation in an organic microcavity utilising a hybrid metal-DBR mirror",2021,"Scientific Reports","","","https://scholar.google.com/scholar?oi=bibs&hl=en&cites=976224968366680630",260,"2023-03-01 19:48:16","Journal article","","","https://scholar.google.com/citations?view_op=view_citation&hl=en&user=EyXhiGIAAAAJ&cstart=200&pagesize=100&citation_for_view=EyXhiGIAAAAJ:uVUOdF_882EC",11,1,20879,20879,7,3.50,1,6,2,"","",""
7,"BA Alqurashy, A Iraqi, Y Zhang, DG Lidzey","Preparation and photovoltaic properties of pyrene-thieno [3, 4-c] pyrrole-4, 6-dione-based donor-acceptor polymers",2016,"European Polymer Journal","","","https://scholar.google.com/scholar?oi=bibs&hl=en&cites=12503806700110939406",261,"2023-03-01 19:48:16","Journal article","","","https://scholar.google.com/citations?view_op=view_citation&hl=en&user=EyXhiGIAAAAJ&cstart=200&pagesize=100&citation_for_view=EyXhiGIAAAAJ:XvxMoLDsR5gC",85,,225,235,7,1.00,2,4,7,"","",""
7,"P Kaminski, F Lisco, K Bass, AT Barrows, DG Lidzey, M Walls","Multilayer broadband anti-reflective coatings for bulk heterojunction polymer solar cells",2014,"Loughborough University","","","https://scholar.google.com/scholar?oi=bibs&hl=en&cites=10759524049486437545",262,"2023-03-01 19:48:16","","","","https://scholar.google.com/citations?view_op=view_citation&hl=en&user=EyXhiGIAAAAJ&cstart=200&pagesize=100&citation_for_view=EyXhiGIAAAAJ:tYavs44e6CUC",,,,,7,0.78,1,6,9,"","",""
7,"AM Adawi, DG Lidzey","A design for an optical-nanocavity optimized for use with surface-bound light-emitting materials",2008,"New Journal of Physics","","","https://scholar.google.com/scholar?oi=bibs&hl=en&cites=10964199253153959128",263,"2023-03-01 19:48:16","Journal article","","","https://scholar.google.com/citations?view_op=view_citation&hl=en&user=EyXhiGIAAAAJ&cstart=200&pagesize=100&citation_for_view=EyXhiGIAAAAJ:_xSYboBqXhAC",10,6,65011,65011,7,0.47,4,2,15,"","",""
6,"DJ Gillard, A Genco, S Ahn, TP Lyons, KY Ma, AR Jang, TS Millard, ...","Strong exciton-photon coupling in large area MoSe2 and WSe2 heterostructures fabricated from two-dimensional materials grown by chemical vapor deposition",2020,"2D Materials","","","https://scholar.google.com/scholar?oi=bibs&hl=en&cites=1074457258153127147",264,"2023-03-01 19:48:16","Journal article","","","https://scholar.google.com/citations?view_op=view_citation&hl=en&user=EyXhiGIAAAAJ&cstart=200&pagesize=100&citation_for_view=EyXhiGIAAAAJ:DBa1UEJaJKAC",8,1,11002,11002,6,2.00,1,8,3,"","",""
6,"R Pandya, R Chen, Q Gu, J Sung, C Schnedermann, OS Ojambati, ...","Ultrafast long-range energy transport via light-matter coupling in organic semiconductor films",2019,"arXiv preprint arXiv:1909.","","","https://scholar.google.com/scholar?oi=bibs&hl=en&cites=1237730588754410927",265,"2023-03-01 19:48:16","Preprint","","","https://scholar.google.com/citations?view_op=view_citation&hl=en&user=EyXhiGIAAAAJ&cstart=200&pagesize=100&citation_for_view=EyXhiGIAAAAJ:WC23djZS0W4C",3220,,,,6,1.50,1,7,4,"","",""
6,"DM Coles, LC Flatten, T Sydney, E Hounslow, SK Saikin, A Aspuru-Guzik, ...","Polaritons in living systems: modifying energy landscapes in photosynthetic organisms using a photonic structure",2017,"arXiv preprint arXiv:1702.","","","https://scholar.google.com/scholar?oi=bibs&hl=en&cites=8657725667280736484",266,"2023-03-01 19:48:16","Preprint","","","https://scholar.google.com/citations?view_op=view_citation&hl=en&user=EyXhiGIAAAAJ&cstart=200&pagesize=100&citation_for_view=EyXhiGIAAAAJ:QYdC8u9Cj1oC",1705,,,,6,1.00,1,7,6,"","",""
6,"GE Khalil, AM Adawi, B Robinson, AJ Cadby, WC Tsoi, JS Kim, A Charas, ...","Spectroscopy and single-molecule emission of a fluorene-terthiophene oligomer",2011,"The Journal of Physical Chemistry B","","","https://scholar.google.com/scholar?oi=bibs&hl=en&cites=9884537392255857988",267,"2023-03-01 19:48:16","Journal article","","","https://scholar.google.com/citations?view_op=view_citation&hl=en&user=EyXhiGIAAAAJ&cstart=200&pagesize=100&citation_for_view=EyXhiGIAAAAJ:l7t_Zn2s7bgC",115,42,12028,12035,6,0.50,1,8,12,"","",""
5,"C Louca, A Genco, S Chiavazzo, TP Lyons, S Randerson, C Trovatello, ...","Nonlinear interactions of dipolar excitons and polaritons in MoS2 bilayers",2022,"arXiv preprint arXiv:2204.","","","https://scholar.google.com/scholar?oi=bibs&hl=en&cites=14233049800606177259",268,"2023-03-01 19:48:16","Preprint","","","https://scholar.google.com/citations?view_op=view_citation&hl=en&user=EyXhiGIAAAAJ&cstart=200&pagesize=100&citation_for_view=EyXhiGIAAAAJ:ziOE8S1-AIUC",485,,,,5,5.00,1,7,1,"","",""
5,"X Liu, T Webb, L Dai, K Ji, JA Smith, RC Kilbride, M Yavari, J Bi, A Ren, ...","Influence of halide choice on formation of low‐dimensional perovskite interlayer in efficient perovskite solar cells",2022,"Energy &Environmental Materials","","","https://scholar.google.com/scholar?oi=bibs&hl=en&cites=3461155210484873296",269,"2023-03-01 19:48:16","Journal article","","","https://scholar.google.com/citations?view_op=view_citation&hl=en&user=EyXhiGIAAAAJ&cstart=200&pagesize=100&citation_for_view=EyXhiGIAAAAJ:VN7nJs4JPk0C",5,2,670,682,5,5.00,1,10,1,"","",""
5,"ME O'Kane, JA Smith, TI Alanazi, EJ Cassella, O Game, S van Meurs, ...","Perovskites on Ice: An Additive‐Free Approach to Increase the Shelf‐Life of Triple‐Cation Perovskite Precursor Solutions",2021,"ChemSusChem","","","https://scholar.google.com/scholar?oi=bibs&hl=en&cites=9054908591581017724",270,"2023-03-01 19:48:16","Journal article","","","https://scholar.google.com/citations?view_op=view_citation&hl=en&user=EyXhiGIAAAAJ&cstart=200&pagesize=100&citation_for_view=EyXhiGIAAAAJ:QyXJ3EUuO1IC",14,12,2537,2546,5,2.50,1,7,2,"","",""
5,"K Georgiou, KE McGhee, R Jayaprakash, DG Lidzey","Observation of photon-mode decoupling in a strongly coupled multimode microcavity",2021,"The Journal of Chemical Physics","","","https://scholar.google.com/scholar?oi=bibs&hl=en&cites=5818111948434210030",271,"2023-03-01 19:48:16","Journal article","","","https://scholar.google.com/citations?view_op=view_citation&hl=en&user=EyXhiGIAAAAJ&cstart=200&pagesize=100&citation_for_view=EyXhiGIAAAAJ:HGTzPopzzJcC",154,12,124309,124309,5,2.50,1,4,2,"","",""
5,"BG Freestone, JA Smith, G Piana, RC Kilbride, AJ Parnell, L Sortino, ...","Low-dimensional emissive states in non-stoichiometric methylammonium lead halide perovskites",2019,"Journal of Materials Chemistry A","","","https://scholar.google.com/scholar?oi=bibs&hl=en&cites=8941363303477762196",272,"2023-03-01 19:48:16","Journal article","","","https://scholar.google.com/citations?view_op=view_citation&hl=en&user=EyXhiGIAAAAJ&cstart=200&pagesize=100&citation_for_view=EyXhiGIAAAAJ:7Hz3ACDFbsoC",7,18,11104,11116,5,1.25,1,7,4,"","",""
5,"CK Kwak, AT Barrows, AJ Pearson, DG Lidzey, ADF Dunbar","An X-ray scattering and electron microscopy study of methylammonium bismuth perovskites for solar cell applications",2017,"Journal of Materials Research","","","https://scholar.google.com/scholar?oi=bibs&hl=en&cites=5895525300212948669",273,"2023-03-01 19:48:16","Journal article","","","https://scholar.google.com/citations?view_op=view_citation&hl=en&user=EyXhiGIAAAAJ&cstart=200&pagesize=100&citation_for_view=EyXhiGIAAAAJ:IUKN3-7HHlwC",32,10,1888,1898,5,0.83,1,5,6,"","",""
5,"KN Sediq, D Coles, PW Fry, DG Lidzey","Plasmonic gold nanodiscs fabricated into a photonic-crystal nanocavity",2016,"Nanotechnology","","","https://scholar.google.com/scholar?oi=bibs&hl=en&cites=17145612554216281442",274,"2023-03-01 19:48:16","Journal article","","","https://scholar.google.com/citations?view_op=view_citation&hl=en&user=EyXhiGIAAAAJ&cstart=200&pagesize=100&citation_for_view=EyXhiGIAAAAJ:bz8QjSJIRt4C",27,22,225203,225203,5,0.71,1,4,7,"","",""
5,"L Cartwright, LJ Taylor, H Yi, A Iraqi, Y Zhang, NW Scarratt, T Wang, ...","Triisopropylsilylacetylene-functionalised anthracene-alt-benzothiadiazole copolymers for application in bulk heterojunction solar cells",2015,"RSC advances","","","https://scholar.google.com/scholar?oi=bibs&hl=en&cites=886174011099976050",275,"2023-03-01 19:48:16","Journal article","","","https://scholar.google.com/citations?view_op=view_citation&hl=en&user=EyXhiGIAAAAJ&cstart=200&pagesize=100&citation_for_view=EyXhiGIAAAAJ:hCrLmN-GePgC",5,123,101607,101615,5,0.63,1,8,8,"","",""
4,"T Yagafarov, D Sannikov, A Zasedatelev, K Georgiou, A Baranikov, ...","On the origin of blueshifts in organic polariton condensates",2019,"arXiv preprint arXiv:1905.","","","https://scholar.google.com/scholar?oi=bibs&hl=en&cites=14066809146990580741",276,"2023-03-01 19:48:16","Preprint","","","https://scholar.google.com/citations?view_op=view_citation&hl=en&user=EyXhiGIAAAAJ&cstart=200&pagesize=100&citation_for_view=EyXhiGIAAAAJ:IaI1MmNe2tcC",2573,,,,4,1.00,1,6,4,"","",""
4,"RC Masters, Q Wan, Y Zhou, AM Sandu, M Dapor, H Zhang, DG Lidzey, ...","Application of low-voltage backscattered electron imaging to the mapping of organic photovoltaic blend morphologies",2015,"Journal of Physics: Conference Series","","","https://scholar.google.com/scholar?oi=bibs&hl=en&cites=4965417946373755091",277,"2023-03-01 19:48:16","Conference paper","","","https://scholar.google.com/citations?view_op=view_citation&hl=en&user=EyXhiGIAAAAJ&cstart=200&pagesize=100&citation_for_view=EyXhiGIAAAAJ:edDO8Oi4QzsC",644,1,12017,12017,4,0.50,1,8,8,"","",""
4,"D Lidzey, D Bradley, T Virgili","a. Armitage, M. Skolnick, and S. Walker",1999,"Phys. Rev. Lett","","","https://scholar.google.com/scholar?oi=bibs&hl=en&cites=15011841834223002899",278,"2023-03-01 19:48:16","Journal article","","","https://scholar.google.com/citations?view_op=view_citation&hl=en&user=EyXhiGIAAAAJ&cstart=200&pagesize=100&citation_for_view=EyXhiGIAAAAJ:43bX7VzcjpAC",82,,3316,3316,4,0.17,1,3,24,"","",""
3,"A Rao, R Pandya, R Chen, Q Gu, J Sung, C Schnedermann, O Ojambati, ...","Microcavity-Like Exciton-Polaritons can be the Primary Photoexcitation in Bare Organic Semiconductors",2021,"","","","https://scholar.google.com/scholar?oi=bibs&hl=en&cites=7244696292676749878",279,"2023-03-01 19:48:16","","","","https://scholar.google.com/citations?view_op=view_citation&hl=en&user=EyXhiGIAAAAJ&cstart=200&pagesize=100&citation_for_view=EyXhiGIAAAAJ:OBSaB-F7qqsC",,,,,3,1.50,0,8,2,"","",""
3,"J Quach, K McGhee, L Ganzer, D Rouse, B Lovett, E Gauger, J Keeling, ...","An organic quantum battery",2020,"","","","https://scholar.google.com/scholar?oi=bibs&hl=en&cites=10413794174599191005",280,"2023-03-01 19:48:16","","","","https://scholar.google.com/citations?view_op=view_citation&hl=en&user=EyXhiGIAAAAJ&cstart=200&pagesize=100&citation_for_view=EyXhiGIAAAAJ:1Ye0OR6EYb4C",,,,,3,1.00,0,8,3,"","",""
3,"FL Al‐Jashaam, R Jayaprakash, DM Coles, AJ Musser, K Georgiou, ...","Optical‐Mode Structure of Micropillar Microcavities Containing a Fluorescent Conjugated Polymer",2020,"Advanced Quantum Technologies","","","https://scholar.google.com/scholar?oi=bibs&hl=en&cites=8545838954850684702",281,"2023-03-01 19:48:16","Journal article","","","https://scholar.google.com/citations?view_op=view_citation&hl=en&user=EyXhiGIAAAAJ&cstart=200&pagesize=100&citation_for_view=EyXhiGIAAAAJ:7H_MAutzIkAC",3,2,1900067,1900067,3,1.00,1,6,3,"","",""
3,"LC Palilis, CI Wilkinson, DG Lidzey, DDC Bradley, M Inbasekaran, ...","High brightness and efficiency green light-emitting diodes based on fluorene-containing conjugated polymers and associated blends",2001,"Organic Light-Emitting Materials and Devices IV","","","https://scholar.google.com/scholar?oi=bibs&hl=en&cites=5242180362194523683",282,"2023-03-01 19:48:16","Journal article","","","https://scholar.google.com/citations?view_op=view_citation&hl=en&user=EyXhiGIAAAAJ&cstart=200&pagesize=100&citation_for_view=EyXhiGIAAAAJ:nb7KW1ujOQ8C",4105,,390,404,3,0.14,1,6,22,"","",""
3,"AJ Campbell, MS Weaver, DG Lidzey, DDC Bradley, E Werner, ...","Conduction and trapping in electroluminescent polymer devices",1998,"Organic Light-Emitting Materials and Devices II","","","https://scholar.google.com/scholar?oi=bibs&hl=en&cites=588352190590201354",283,"2023-03-01 19:48:16","Journal article","","","https://scholar.google.com/citations?view_op=view_citation&hl=en&user=EyXhiGIAAAAJ&cstart=200&pagesize=100&citation_for_view=EyXhiGIAAAAJ:CHSYGLWDkRkC",3476,,98,110,3,0.12,1,6,25,"","",""
3,"MS Weaver, D O'Brien, A Bleyer, DG Lidzey, DDC Bradley","New electron transport polymers for light emitting diodes",1996,"Proceedings ofthe 8th internationalworkshop on organic and inorganic …","","","https://scholar.google.com/scholar?oi=bibs&hl=en&cites=18013456095139051340",284,"2023-03-01 19:48:16","Conference paper","","","https://scholar.google.com/citations?view_op=view_citation&hl=en&user=EyXhiGIAAAAJ&cstart=200&pagesize=100&citation_for_view=EyXhiGIAAAAJ:vRqMK49ujn8C",,,,,3,0.11,1,5,27,"","",""
2,"AGS Al-Azzawi, A Iraqi, SB Aziz, Y Zhang, AR Murad, JM Hadi, DG Lidzey","Synthesis, optical and electrochemical properties of naphthothiadiazole-based donor-acceptor polymers and their photovoltaic applications",2021,"International Journal of Electrochemical Science","","","https://scholar.google.com/scholar?oi=bibs&hl=en&cites=11273440398103405054",285,"2023-03-01 19:48:16","Journal article","","","https://scholar.google.com/citations?view_op=view_citation&hl=en&user=EyXhiGIAAAAJ&cstart=200&pagesize=100&citation_for_view=EyXhiGIAAAAJ:pAkWuXOU-OoC",16,,,,2,1.00,0,7,2,"","",""
2,"BA Alqurashy, A Iraqi, Y Zhang, DG Lidzey","Pyrene-benzo [1, 2, 5] thiadiazole based conjugated polymers for application in BHJ solar cells",2020,"Journal of Saudi Chemical Society","","","https://scholar.google.com/scholar?oi=bibs&hl=en&cites=16213297481525674175",286,"2023-03-01 19:48:16","Journal article","","","https://scholar.google.com/citations?view_op=view_citation&hl=en&user=EyXhiGIAAAAJ&cstart=200&pagesize=100&citation_for_view=EyXhiGIAAAAJ:3NQIlFlcGxIC",24,6,484,491,2,0.67,1,4,3,"","",""
2,"RT Grant, P Michetti, AJ Musser, P Gregoire, T Virgili, E Vella, ...","Polaritons: Efficient Radiative Pumping of Polaritons in a Strongly Coupled Microcavity by a Fluorescent Molecular Dye (Advanced Optical Materials 10/2016)",2016,"Advanced Optical Materials","","","https://scholar.google.com/scholar?oi=bibs&hl=en&cites=14195712815926326971",287,"2023-03-01 19:48:16","Journal article","","","https://scholar.google.com/citations?view_op=view_citation&hl=en&user=EyXhiGIAAAAJ&cstart=200&pagesize=100&citation_for_view=EyXhiGIAAAAJ:umqufdRvDiIC",4,10,1614,1614,2,0.29,0,7,7,"","",""
2,"SK Rajendran, D Brida, M Maiuri, D Coles, D Polli, AM Adawi, C Clark, ...","Ultrafast dynamics of cavity polaritons in an organic semicondutor microcavity",2012,"2012 International Conference on Fiber Optics and Photonics (PHOTONICS)","","","https://scholar.google.com/scholar?oi=bibs&hl=en&cites=6143342552626462798",288,"2023-03-01 19:48:16","Conference paper","","","https://scholar.google.com/citations?view_op=view_citation&hl=en&user=EyXhiGIAAAAJ&cstart=200&pagesize=100&citation_for_view=EyXhiGIAAAAJ:evX43VCCuoAC",,,1,3,2,0.18,0,8,11,"","",""
2,"T Wang, AJ Pearson, ADF Dunbar, PA Staniec, DC Watters, H Yi, AJ Ryan, ...","Solar Cells: Correlating Structure with Function in Thermally Annealed PCDTBT: PC70BM Photovoltaic Blends (Adv. Funct. Mater. 7/2012)",2012,"Advanced Functional Materials","","","https://scholar.google.com/scholar?oi=bibs&hl=en&cites=14854128652709015841",289,"2023-03-01 19:48:16","Journal article","","","https://scholar.google.com/citations?view_op=view_citation&hl=en&user=EyXhiGIAAAAJ&cstart=200&pagesize=100&citation_for_view=EyXhiGIAAAAJ:ZuybSZzF8UAC",22,7,1321,1321,2,0.18,0,8,11,"","",""
2,"N Somaschi, L Mouchliadis, D Coles, IE Perakis, DG Lidzey, ...","Phonon-driven resonantly enhanced polariton luminescence in organic microcavities",2012,"Ultrafast Phenomena and Nanophotonics XVI","","","https://scholar.google.com/scholar?oi=bibs&hl=en&cites=13040499225811897759",290,"2023-03-01 19:48:16","Journal article","","","https://scholar.google.com/citations?view_op=view_citation&hl=en&user=EyXhiGIAAAAJ&cstart=200&pagesize=100&citation_for_view=EyXhiGIAAAAJ:SdhP9T11ey4C",8260,,148,155,2,0.18,0,6,11,"","",""
2,"DG Lidzey, TA Fisher, DDC Bradley, MA Poate, MS Weaver, DM Whittaker, ...","Probing the optical mode structure in conjugated polymer microcavities",1996,"Inorganic and Organic Electroluminescence/EL 96 Berlin","","","https://scholar.google.com/scholar?oi=bibs&hl=en&cites=18083193702506884247",291,"2023-03-01 19:48:16","","","","https://scholar.google.com/citations?view_op=view_citation&hl=en&user=EyXhiGIAAAAJ&cstart=200&pagesize=100&citation_for_view=EyXhiGIAAAAJ:tKAzc9rXhukC",,,,,2,0.07,0,7,27,"","",""
1,"T Thornber, OS Game, EJ Cassella, ME O’Kane, JE Bishop, TJ Routledge, ...","Nonplanar spray-coated perovskite solar cells",2022,"ACS Applied Materials &Interfaces","","","https://scholar.google.com/scholar?oi=bibs&hl=en&cites=11732292882460556849",292,"2023-03-01 19:48:16","Journal article","","","https://scholar.google.com/citations?view_op=view_citation&hl=en&user=EyXhiGIAAAAJ&cstart=200&pagesize=100&citation_for_view=EyXhiGIAAAAJ:QUX0mv85b1cC",14,33,37587,37594,1,1.00,0,7,1,"","",""
1,"D Blackburn, TJ Routledge, M O’Kane, EJ Cassella, OS Game, TE Catley, ...","Low‐Temperature, Scalable, Reactive Deposition of Tin Oxide for Perovskite Solar Cells",2022,"Solar RRL","","","https://scholar.google.com/scholar?oi=bibs&hl=en&cites=3267019504844251076",293,"2023-03-01 19:48:16","Journal article","","","https://scholar.google.com/citations?view_op=view_citation&hl=en&user=EyXhiGIAAAAJ&cstart=200&pagesize=100&citation_for_view=EyXhiGIAAAAJ:eO3_k5sD8BwC",6,8,2200263,2200263,1,1.00,0,7,1,"","",""
1,"FL Al‐Jashaam, R Jayaprakash, DM Coles, AJ Musser, K Georgiou, ...","Front Cover: Optical‐Mode Structure of Micropillar Microcavities Containing a Fluorescent Conjugated Polymer (Adv. Quantum Technol. 2/2020)",2020,"Advanced Quantum Technologies","","","https://scholar.google.com/scholar?oi=bibs&hl=en&cites=15136913448562815741",294,"2023-03-01 19:48:16","Journal article","","","https://scholar.google.com/citations?view_op=view_citation&hl=en&user=EyXhiGIAAAAJ&cstart=200&pagesize=100&citation_for_view=EyXhiGIAAAAJ:-mN3Mh-tlDkC",3,2,2070021,2070021,1,0.33,0,6,3,"","",""
1,"SS Mohd, H Yi, DG Lidzey","Thieno thiophene Units Properties on the Carbazole-Based Polymers for Organic Solar Cell Devices",2015,"Malaysian Journal of Analytical Sciences","","","https://scholar.google.com/scholar?oi=bibs&hl=en&cites=12445677998106936963",295,"2023-03-01 19:48:16","Journal article","","","https://scholar.google.com/citations?view_op=view_citation&hl=en&user=EyXhiGIAAAAJ&cstart=200&pagesize=100&citation_for_view=EyXhiGIAAAAJ:yqoGN6RLRZoC",19,6,1205,1217,1,0.13,0,3,8,"","",""
1,"K Debnath, A Shakoor, K Welna, F Gardes, GT Reed, M Ferrera, K Deasy, ...","Silicon photonic crystals: light emission, modulation and detection",2014,"Silicon Photonics IX","","","https://scholar.google.com/scholar?oi=bibs&hl=en&cites=11439199421097325102",296,"2023-03-01 19:48:16","Journal article","","","https://scholar.google.com/citations?view_op=view_citation&hl=en&user=EyXhiGIAAAAJ&cstart=200&pagesize=100&citation_for_view=EyXhiGIAAAAJ:L7CI7m0gUJcC",8990,,77,84,1,0.11,0,8,9,"","",""
1,"JA Mawyin, A Krzywoszynska, A Buckley, N Gregson, M Watson, ...","Development of community led renewable energy projects",2014,"MRS Online Proceedings Library (OPL) 1657, mrsf13-1657-qq","","","https://scholar.google.com/scholar?oi=bibs&hl=en&cites=10972338779102620858",297,"2023-03-01 19:48:16","Conference paper","","","https://scholar.google.com/citations?view_op=view_citation&hl=en&user=EyXhiGIAAAAJ&cstart=200&pagesize=100&citation_for_view=EyXhiGIAAAAJ:ILKRHgRFtOwC",,,1,7,1,0.11,0,6,9,"","",""
1,"T Virgili, D Coles, AM Adawi, C Clark, P Michetti, SK Rajendran, D Brida, ...","Ultra-fast polariton dynamics in an organic microcavity",2013,"EPJ Web of Conferences","","","https://scholar.google.com/scholar?oi=bibs&hl=en&cites=6586456728447182175",298,"2023-03-01 19:48:16","Conference paper","","","https://scholar.google.com/citations?view_op=view_citation&hl=en&user=EyXhiGIAAAAJ&cstart=200&pagesize=100&citation_for_view=EyXhiGIAAAAJ:fEOibwPWpKIC",41,,4015,4015,1,0.10,0,8,10,"","",""
1,"K Debnath, K Welna, M Ferrera, K Deasy, D Lidzey, TF Krauss, ...","Highly efficient coupling between a monolithically integrated photonic crystal cavity and a bus waveguide",2012,"Integrated Optics: Devices, Materials, and Technologies XVI","","","https://scholar.google.com/scholar?oi=bibs&hl=en&cites=5625469658460696922",299,"2023-03-01 19:48:16","Journal article","","","https://scholar.google.com/citations?view_op=view_citation&hl=en&user=EyXhiGIAAAAJ&cstart=200&pagesize=100&citation_for_view=EyXhiGIAAAAJ:mvPsJ3kp5DgC",8264,,54,59,1,0.09,0,7,11,"","",""
1,"DM Coles, P Michetti, C Clark, WC Tsoi, AM Adawi, JS Kim, DG Lidzey","Organic Semiconductors: Vibrationally Assisted Polariton‐Relaxation Processes in Strongly Coupled Organic‐Semiconductor Microcavities (Adv. Funct. Mater. 19/2011)",2011,"Advanced Functional Materials","","","https://scholar.google.com/scholar?oi=bibs&hl=en&cites=12002403406717603977",300,"2023-03-01 19:48:16","Journal article","","","https://scholar.google.com/citations?view_op=view_citation&hl=en&user=EyXhiGIAAAAJ&cstart=200&pagesize=100&citation_for_view=EyXhiGIAAAAJ:_B80troHkn4C",21,19,3690,3690,1,0.08,0,7,12,"","",""
1,"VM Agranovich, M Litinskaia, GC La Rocca, DG Lidzey","Cavity Polaritons in Organic Materials",2003,"Organic nanophotonics","","","https://scholar.google.com/scholar?oi=bibs&hl=en&cites=11989341575832386500",301,"2023-03-01 19:48:16","Book chapter","","","https://scholar.google.com/citations?view_op=view_citation&hl=en&user=EyXhiGIAAAAJ&cstart=300&pagesize=100&citation_for_view=EyXhiGIAAAAJ:tkaPQYYpVKoC",,,291,315,1,0.05,0,4,20,"","",""
1,"DG Lidzey, DDC Bradley, A Armitage, T Virgili, MS Skolnick, S Walker","Strong Coupling in Organic Semiconductor Microcavities Based on J-Aggregates",2000,"Multiphoton and Light Driven Multielectron Processes in Organics: New …","","","https://scholar.google.com/scholar?oi=bibs&hl=en&cites=2193634774489399463",302,"2023-03-01 19:48:16","","","","https://scholar.google.com/citations?view_op=view_citation&hl=en&user=EyXhiGIAAAAJ&cstart=300&pagesize=100&citation_for_view=EyXhiGIAAAAJ:geHnlv5EZngC",,,,,1,0.04,0,6,23,"","",""
0,"EJ Cassella, ELK Spooner, JA Smith, T Thornber, ME O'Kane, RDJ Oliver, ...","Binary Solvent System Used to Fabricate Fully Annealing‐Free Perovskite Solar Cells",2023,"Advanced Energy Materials","","","https://scholar.google.com",303,"2023-03-01 19:48:16","Journal article","","","https://scholar.google.com/citations?view_op=view_citation&hl=en&user=EyXhiGIAAAAJ&cstart=300&pagesize=100&citation_for_view=EyXhiGIAAAAJ:IsPWOBWtZBwC",2203468,,,,0,0.00,0,7,1,"","",""
0,"KE McGhee, M Guizzardi, R Jayaprakash, K Georgiou, T Jessewitsch, ...","Ultrafast optical control of polariton energy in an organic semiconductor microcavity",2023,"arXiv preprint arXiv:2302.","","","https://scholar.google.com",304,"2023-03-01 19:48:16","Preprint","","","https://scholar.google.com/citations?view_op=view_citation&hl=en&user=EyXhiGIAAAAJ&cstart=300&pagesize=100&citation_for_view=EyXhiGIAAAAJ:rbm3iO8VlycC",4085,,,,0,0.00,0,6,1,"","",""
0,"B Li, J Deng, JA Smith, P Caprioglio, K Ji, D Luo, JD McGettrick, ...","Suppressing Interfacial Recombination with a Strong‐Interaction Surface Modulator for Efficient Inverted Perovskite Solar Cells",2022,"Advanced Energy Materials","","","https://scholar.google.com",305,"2023-03-01 19:48:16","Journal article","","","https://scholar.google.com/citations?view_op=view_citation&hl=en&user=EyXhiGIAAAAJ&cstart=300&pagesize=100&citation_for_view=EyXhiGIAAAAJ:TlpoogIpr_IC",12,48,2202868,2202868,0,0.00,0,8,1,"","",""
0,"A Genco, C Cruciano, M Corti, KE McGhee, B Ardini, L Sortino, ...","k-Space Hyperspectral Imaging by a Birefringent Common-Path Interferometer",2022,"ACS photonics","","","https://scholar.google.com",306,"2023-03-01 19:48:16","Journal article","","","https://scholar.google.com/citations?view_op=view_citation&hl=en&user=EyXhiGIAAAAJ&cstart=300&pagesize=100&citation_for_view=EyXhiGIAAAAJ:SnGPuo6Feq8C",9,11,3563,3572,0,0.00,0,7,1,"","",""
0,"M Russo, KE McGhee, T Virgili, DG Lidzey, G Cerullo, M Maiuri","Dephasing Processes in the Molecular Dye Lumogen-F Orange Characterized by Two-Dimensional Electronic Spectroscopy",2022,"Molecules","","","https://scholar.google.com",307,"2023-03-01 19:48:16","Journal article","","","https://scholar.google.com/citations?view_op=view_citation&hl=en&user=EyXhiGIAAAAJ&cstart=300&pagesize=100&citation_for_view=EyXhiGIAAAAJ:69ZgNCALVd0C",27,20,7095,7095,0,0.00,0,6,1,"","",""
0,"M Russo, K Georgiou, A Genco, S De Liberato, G Cerullo, DG Lidzey, ...","Direct Evidence of Ultrafast Energy Delocalization in a Strongly Coupled Organic Microcavity probed by Two-Dimensional Electronic Spectroscopy",2022,"International Conference on Ultrafast Phenomena, M2A.","","","https://scholar.google.com",308,"2023-03-01 19:48:16","Conference paper","","","https://scholar.google.com/citations?view_op=view_citation&hl=en&user=EyXhiGIAAAAJ&cstart=300&pagesize=100&citation_for_view=EyXhiGIAAAAJ:mWEH9CqjF64C",7,,,,0,0.00,0,7,1,"","",""
0,"K Sasitharan, RC Kilbride, ELK Spooner, J Clark, A Iraqi, DG Lidzey, ...","Metal‐Organic Framework Nanosheets as Templates to Enhance Performance in Semi‐Crystalline Organic Photovoltaic Cells",2022,"Advanced Science","","","https://scholar.google.com",309,"2023-03-01 19:48:16","Journal article","","","https://scholar.google.com/citations?view_op=view_citation&hl=en&user=EyXhiGIAAAAJ&cstart=300&pagesize=100&citation_for_view=EyXhiGIAAAAJ:5bg8sr1QxYwC",9,21,2200366,2200366,0,0.00,0,7,1,"","",""
0,"EJ Cassella, ELK Spooner, T Thornber, ME O'Kane, TE Catley, JE Bishop, ...","Gas‐Assisted Spray Coating of Perovskite Solar Cells Incorporating Sprayed Self‐Assembled Monolayers (Adv. Sci. 14/2022)",2022,"Advanced Science","","","https://scholar.google.com",310,"2023-03-01 19:48:16","Journal article","","","https://scholar.google.com/citations?view_op=view_citation&hl=en&user=EyXhiGIAAAAJ&cstart=300&pagesize=100&citation_for_view=EyXhiGIAAAAJ:EPG8bYD4jVwC",9,14,2270087,2270087,0,0.00,0,7,1,"","",""
0,"E Spooner, E Cassella, D Lidzey","Air Knife-Assisted Spray Coating of Organic Solar Cells",2022,"Proceedings of International Conference on Hybrid and Organic Photovoltaics …","","","https://scholar.google.com",311,"2023-03-01 19:48:16","Conference paper","","","https://scholar.google.com/citations?view_op=view_citation&hl=en&user=EyXhiGIAAAAJ&cstart=300&pagesize=100&citation_for_view=EyXhiGIAAAAJ:HJSXoJQnj-YC",,,,,0,0.00,0,3,1,"","",""
0,"E Cassella, E Spooner, T Thornber, M O'Kane, J Bishop, J Smith, O Game, ...","Spray Coating of Perovskite Solar Cells Incorporating Sprayed Self-Assembled Monolayers",2022,"Proceedings of International Conference on Hybrid and Organic Photovoltaics …","","","https://scholar.google.com",312,"2023-03-01 19:48:16","Conference paper","","","https://scholar.google.com/citations?view_op=view_citation&hl=en&user=EyXhiGIAAAAJ&cstart=300&pagesize=100&citation_for_view=EyXhiGIAAAAJ:WAzi4Gm8nLoC",,,,,0,0.00,0,8,1,"","",""
0,"KE McGhee, R Jayaprakash, K Georgiou, SL Burg, DG Lidzey","Polariton condensation in a microcavity using a highly-stable molecular dye",2022,"Journal of Materials Chemistry C","","","https://scholar.google.com",313,"2023-03-01 19:48:16","Journal article","","","https://scholar.google.com/citations?view_op=view_citation&hl=en&user=EyXhiGIAAAAJ&cstart=300&pagesize=100&citation_for_view=EyXhiGIAAAAJ:w1MjKQ0l0TYC",10,11,4187,4195,0,0.00,0,5,1,"","",""
0,"ME O'Kane, JA Smith, TI Alanazi, EJ Cassella, O Game, S van Meurs, ...","Front Cover: Perovskites on Ice: An Additive‐Free Approach to Increase the Shelf‐Life of Triple‐Cation Perovskite Precursor Solutions (12/2021)",2021,"ChemSusChem","","","https://scholar.google.com",314,"2023-03-01 19:48:16","Journal article","","","https://scholar.google.com/citations?view_op=view_citation&hl=en&user=EyXhiGIAAAAJ&cstart=300&pagesize=100&citation_for_view=EyXhiGIAAAAJ:DkZNVXde3BIC",14,12,2481,2481,0,0.00,0,7,2,"","",""
0,"MM Murshidy, AM Adawi, PW Fry, DG Lidzey","Polarization tuning of an H1 organic–inorganic nano-cavity",2021,"Journal of Applied Physics","","","https://scholar.google.com",315,"2023-03-01 19:48:16","Journal article","","","https://scholar.google.com/citations?view_op=view_citation&hl=en&user=EyXhiGIAAAAJ&cstart=300&pagesize=100&citation_for_view=EyXhiGIAAAAJ:ce2CqMG-AY4C",129,20,203103,203103,0,0.00,0,4,2,"","",""
0,"J Wade, SG Higgins, S Heutz, DG Lidzey, MJ Fuchter, N Stingelin","In memoriam Alasdair James Campbell (11 May 1961–27 February 2021)",2021,"Journal of Materials Chemistry C","","","https://scholar.google.com",316,"2023-03-01 19:48:16","Journal article","","","https://scholar.google.com/citations?view_op=view_citation&hl=en&user=EyXhiGIAAAAJ&cstart=300&pagesize=100&citation_for_view=EyXhiGIAAAAJ:mKu_rENv82IC",9,19,6100,6102,0,0.00,0,6,2,"","",""
0,"AV Zasedatelev, D Sannikov, T Yagafarov, A Putintsev, K Georgiou, ...","Nonlinear dynamics of the energy landscape in Frenkel exciton-polariton condensates",2021,"Nonlinear Optics and Applications XII 11770, 117700H","","","https://scholar.google.com",317,"2023-03-01 19:48:16","","","","https://scholar.google.com/citations?view_op=view_citation&hl=en&user=EyXhiGIAAAAJ&cstart=300&pagesize=100&citation_for_view=EyXhiGIAAAAJ:-jrNzM816MMC",,,,,0,0.00,0,6,2,"","",""
0,"A Putintsev, A Zasedatelev, K McGhee, T Cookson, K Georgiou, ...","Quasi-steady state exciton-polariton condensation in organic microcavities",2021,"Nonlinear Optics and Applications XII","","","https://scholar.google.com",318,"2023-03-01 19:48:16","Journal article","","","https://scholar.google.com/citations?view_op=view_citation&hl=en&user=EyXhiGIAAAAJ&cstart=300&pagesize=100&citation_for_view=EyXhiGIAAAAJ:PyEswDtIyv0C",11770,,1177011,1177011,0,0.00,0,6,2,"","",""
0,"J Wade, SG Higgins, S Heutz, DG Lidzey, MJ Fuchter, N Stingelin, Y Guo, ...","Materials for optical, magnetic and electronic devices",2021,"J. Mater. Chem","","","https://scholar.google.com",319,"2023-03-01 19:48:16","Journal article","","","https://scholar.google.com/citations?view_op=view_citation&hl=en&user=EyXhiGIAAAAJ&cstart=300&pagesize=100&citation_for_view=EyXhiGIAAAAJ:3bvyWxjaHKcC",100,9,6173,6173,0,0.00,0,8,2,"","",""
0,"JQ Quach, T Virgili, G Cerullo, KE McGhee, L Ganzer, DG Lidzey","Organic quantum batteries",2020,"International Conference on Ultrafast Phenomena, Tu4A.","","","https://scholar.google.com",320,"2023-03-01 19:48:16","Conference paper","","","https://scholar.google.com/citations?view_op=view_citation&hl=en&user=EyXhiGIAAAAJ&cstart=300&pagesize=100&citation_for_view=EyXhiGIAAAAJ:MAUkC_7iAq8C",1,,,,0,0.00,0,6,3,"","",""
0,"K Sasitharan, J Frisch, A Iraqi, DG Lidzey, M Baer, JA Foster","4.2 Publication supplementary information",2020,"Metal-Organic Framework Nanosheets: A New Dimension in Photovoltaics …","","","https://scholar.google.com",321,"2023-03-01 19:48:16","","","","https://scholar.google.com/citations?view_op=view_citation&hl=en&user=EyXhiGIAAAAJ&cstart=300&pagesize=100&citation_for_view=EyXhiGIAAAAJ:JTqpx9DYBaYC",,,,,0,0.00,0,6,3,"","",""
0,"K Sasitharan, DG Bossanyi, N Vaenas, AJ Parnell, J Clark, A Iraqi, ...","4.1 Publication main text",2020,"Metal-Organic Framework Nanosheets: A New Dimension in Photovoltaics …","","","https://scholar.google.com",322,"2023-03-01 19:48:16","","","","https://scholar.google.com/citations?view_op=view_citation&hl=en&user=EyXhiGIAAAAJ&cstart=300&pagesize=100&citation_for_view=EyXhiGIAAAAJ:wvYxNZNCP7wC",,,,,0,0.00,0,7,3,"","",""
0,"GE Khalil, AM Adawi, DG Lidzey","Optical properties of nanowires based on a blend of poly (9, 9-dioctylfluorene)[PFO] and poly (9, 9-dioctyl fluorene-alt-benzothiadiazole)[F8BT]",2020,"Physica E: Low-dimensional Systems and Nanostructures","","","https://scholar.google.com",323,"2023-03-01 19:48:16","Journal article","","","https://scholar.google.com/citations?view_op=view_citation&hl=en&user=EyXhiGIAAAAJ&cstart=300&pagesize=100&citation_for_view=EyXhiGIAAAAJ:wKETBy42zhYC",118,,113829,113829,0,0.00,0,3,3,"","",""
0,"D Moia, I Gelmetti, P Calado, W Fisher, M Stringer, O Game, Y Hu, ...","The device physics of metal halide perovskite interfaces, part 2: equivalent circuit model",2020,"Proceedings of International Conference on Hybrid and Organic Photovoltaics …","","","https://scholar.google.com",324,"2023-03-01 19:48:16","Conference paper","","","https://scholar.google.com/citations?view_op=view_citation&hl=en&user=EyXhiGIAAAAJ&cstart=300&pagesize=100&citation_for_view=EyXhiGIAAAAJ:HhcuHIWmDEUC",,,,,0,0.00,0,8,3,"","",""
0,"A Zasedatelev, P Lagoudakis, DG Lidzey, T Cookson, DA Sannikov, ...","Dataset for: Nano-second exciton-polariton lasing in organic microcavities",2020,"University of Southampton","","","https://scholar.google.com",325,"2023-03-01 19:48:16","","","","https://scholar.google.com/citations?view_op=view_citation&hl=en&user=EyXhiGIAAAAJ&cstart=300&pagesize=100&citation_for_view=EyXhiGIAAAAJ:rHJHxKgnXwkC",,,,,0,0.00,0,6,3,"","",""
0,"Y Timur, S Denis, Z Anton, G Kyriacos, B Anton, K Oleksandr, S Ivan, ...","Mechanisms of blueshifts in organic polariton condensates",2020,"Communications Physics","","","https://scholar.google.com",326,"2023-03-01 19:48:16","Journal article","","","https://scholar.google.com/citations?view_op=view_citation&hl=en&user=EyXhiGIAAAAJ&cstart=300&pagesize=100&citation_for_view=EyXhiGIAAAAJ:6bLC7aUMtPcC",3,1,,,0,0.00,0,8,3,"","",""
0,"A Zasedatelev, DA Sannikov, T Yagafarov, K Georgiou, A Baranikov, ...","Dataset for: Mechanisms of blueshifts in organic polariton condensates",2020,"University of Southampton","","","https://scholar.google.com",327,"2023-03-01 19:48:16","","","","https://scholar.google.com/citations?view_op=view_citation&hl=en&user=EyXhiGIAAAAJ&cstart=300&pagesize=100&citation_for_view=EyXhiGIAAAAJ:Br1UauaknNIC",,,,,0,0.00,0,6,3,"","",""
0,"A Zasedatelev, P Lagoudakis, DA Sannikov, T Yagafarov, K Georgiou, ...","Room temperature broadband polariton lasing from a dye‐filled microcavity",2019,"Advanced Optical Materials","","","https://scholar.google.com",328,"2023-03-01 19:48:16","Journal article","","","https://scholar.google.com/citations?view_op=view_citation&hl=en&user=EyXhiGIAAAAJ&cstart=300&pagesize=100&citation_for_view=EyXhiGIAAAAJ:MpfHP-DdYjUC",7,17,,,0,0.00,0,6,4,"","",""
0,"A Zasedatelev, DA Sannikov, T Yagafarov, K Georgiou, A Baranikov, ...","Data for Room-temperature broadband polariton-lasing from a dye-filled microcavity",2019,"University of Southampton","","","https://scholar.google.com",329,"2023-03-01 19:48:16","","","","https://scholar.google.com/citations?view_op=view_citation&hl=en&user=EyXhiGIAAAAJ&cstart=300&pagesize=100&citation_for_view=EyXhiGIAAAAJ:kVjdVfd2voEC",,,,,0,0.00,0,6,4,"","",""
0,"D Polak, H Coulthard, R Jayaprakash, K Fallon, A Leventis, H Bronstein, ...","A tale of two triplets: manipulating and harvesting triplet pairs with strong light-matter coupling (Conference Presentation)",2018,"Physical Chemistry of Semiconductor Materials and Interfaces XVII 10724, 107240U","","","https://scholar.google.com",330,"2023-03-01 19:48:16","","","","https://scholar.google.com/citations?view_op=view_citation&hl=en&user=EyXhiGIAAAAJ&cstart=300&pagesize=100&citation_for_view=EyXhiGIAAAAJ:2tRrZ1ZAMYUC",,,,,0,0.00,0,7,5,"","",""
0,"GG Paschos, N Somaschi, SI Tsintzos, D Coles, JL Bricks, Z Hatzopoulos, ...","Hybrid organic-inorganic polariton laser (vol 7, 2017)",2018,"SCIENTIFIC REPORTS","","","https://scholar.google.com",331,"2023-03-01 19:48:16","Journal article","","","https://scholar.google.com/citations?view_op=view_citation&hl=en&user=EyXhiGIAAAAJ&cstart=300&pagesize=100&citation_for_view=EyXhiGIAAAAJ:1lhNe0rCu4AC",8,,,,0,0.00,0,7,5,"","",""
0,"R Masters, Y Zhang, Y Zhou, R O'Connell, H Zhang, D Lidzey, ...","Cross-sectioning photovoltaic polymer blends with advanced gas-ion microscopy",2018,"Microscopy and Analysis","","","https://scholar.google.com",332,"2023-03-01 19:48:16","Journal article","","","https://scholar.google.com/citations?view_op=view_citation&hl=en&user=EyXhiGIAAAAJ&cstart=300&pagesize=100&citation_for_view=EyXhiGIAAAAJ:gVv57TyPmFsC",34,2,16,18,0,0.00,0,7,5,"","",""
0,"GG Paschos, N Somaschi, SI Tsintzos, D Coles, JL Bricks, Z Hatzopoulos, ...","Author Correction: Hybrid organic-inorganic polariton laser",2018,"Scientific Reports","","","https://scholar.google.com",333,"2023-03-01 19:48:16","Journal article","","","https://scholar.google.com/citations?view_op=view_citation&hl=en&user=EyXhiGIAAAAJ&cstart=300&pagesize=100&citation_for_view=EyXhiGIAAAAJ:lvd772isFD0C",8,,,,0,0.00,0,7,5,"","",""
0,"A Musser, D Polak, R Jayaprakash, K Fallon, A Leventis, J Anthony, ...","Manipulating Molecules with Strong Coupling: Polariton-Enhanced Triplet Harvesting",2018,"APS March Meeting Abstracts 2018, X02.","","","https://scholar.google.com",334,"2023-03-01 19:48:16","Abstract","","","https://scholar.google.com/citations?view_op=view_citation&hl=en&user=EyXhiGIAAAAJ&cstart=300&pagesize=100&citation_for_view=EyXhiGIAAAAJ:_OXeSy2IsFwC",6,,,,0,0.00,0,7,5,"","",""
0,"AJ Pearson, W Li, Y Yan, Y Gong, J Cai, R Gurney, D Liu, DG Lidzey, ...","Research data supporting"" Contrasting effects of energy transfer in determining efficiency improvements in ternary polymer solar cells"".",2017,"","","","https://scholar.google.com",335,"2023-03-01 19:48:16","","","","https://scholar.google.com/citations?view_op=view_citation&hl=en&user=EyXhiGIAAAAJ&cstart=300&pagesize=100&citation_for_view=EyXhiGIAAAAJ:F9fV5C73w3QC",,,,,0,0.00,0,9,6,"","",""
0,"DG Lidzey","Polariton lasing in organic semiconductor microcavities (Conference Presentation)",2017,"Metamaterials, Metadevices, and Metasystems 2017 10343, 103430M","","","https://scholar.google.com",336,"2023-03-01 19:48:16","","","","https://scholar.google.com/citations?view_op=view_citation&hl=en&user=EyXhiGIAAAAJ&cstart=300&pagesize=100&citation_for_view=EyXhiGIAAAAJ:P7Ujq4OLJYoC",,,,,0,0.00,0,1,6,"","",""
0,"DG Lidzey","Mapping structural properties of lead halide perovskites by scanning nanofocus x-ray diffraction (Conference Presentation)",2017,"Organic, Hybrid, and Perovskite Photovoltaics XVIII 10363, 103631E","","","https://scholar.google.com",337,"2023-03-01 19:48:16","","","","https://scholar.google.com/citations?view_op=view_citation&hl=en&user=EyXhiGIAAAAJ&cstart=300&pagesize=100&citation_for_view=EyXhiGIAAAAJ:OP4eGU-M3BUC",,,,,0,0.00,0,1,6,"","",""
0,"C Clark, DG Lidzey, PG Lagoudakis, T Cookson, M Cavazzini, NG Berloff, ...","A Yellow Polariton Condensate in a Dye Filled Microcavity",2017,"","Wiley","","https://scholar.google.com",338,"2023-03-01 19:48:16","Book","","","https://scholar.google.com/citations?view_op=view_citation&hl=en&user=EyXhiGIAAAAJ&cstart=300&pagesize=100&citation_for_view=EyXhiGIAAAAJ:NyGDZy8z5eUC",,,,,0,0.00,0,7,6,"","",""
0,"T Cookson, P Lagoudakis, DG Lidzey, K Georgiou, NG Berloff, ...","Dataset for'A yellow polariton condensate in a dye filled microcavity'",2017,"University of Southampton","","","https://scholar.google.com",339,"2023-03-01 19:48:16","","","","https://scholar.google.com/citations?view_op=view_citation&hl=en&user=EyXhiGIAAAAJ&cstart=300&pagesize=100&citation_for_view=EyXhiGIAAAAJ:gKiMpY-AVTkC",,,,,0,0.00,0,6,6,"","",""
0,"Y Zhang, AJ Parnell, F Pontecchiani, JFK Cooper, RL Thompson, ...","Peer-reviewed",2017,"","","","https://scholar.google.com",340,"2023-03-01 19:48:16","","","","https://scholar.google.com/citations?view_op=view_citation&hl=en&user=EyXhiGIAAAAJ&cstart=300&pagesize=100&citation_for_view=EyXhiGIAAAAJ:L1USKYWJimsC",,,,,0,0.00,0,6,6,"","",""
0,"S Lilliu, TG Dane, M Alsari, J Griffin, AT Barrows, MS Dahlem, RH Friend, ...","Perovskite Films: Mapping Morphological and Structural Properties of Lead Halide Perovskites by Scanning Nanofocus XRD (Adv. Funct. Mater. 45/2016)",2016,"Advanced Functional Materials","","","https://scholar.google.com",341,"2023-03-01 19:48:16","Journal article","","","https://scholar.google.com/citations?view_op=view_citation&hl=en&user=EyXhiGIAAAAJ&cstart=300&pagesize=100&citation_for_view=EyXhiGIAAAAJ:WJVC3Jt7v1AC",26,45,8220,8220,0,0.00,0,8,7,"","",""
0,"A Iraqi, L Cartwright, Y Zhang, DG Lidzey, BA Alqurashy","Pyrene–benzothiadiazole-based copolymers for application in photovoltaic devices",2016,"Polymers for Advanced Technologies","","","https://scholar.google.com",342,"2023-03-01 19:48:16","","","","https://scholar.google.com/citations?view_op=view_citation&hl=en&user=EyXhiGIAAAAJ&cstart=300&pagesize=100&citation_for_view=EyXhiGIAAAAJ:BzfGm06jWhQC",,,,,0,0.00,0,5,7,"","",""
0,"DM Coles, Y Yang, Y Wang, RT Grant, RA Taylor, SK Saikin, ...","Correction: Corrigendum: Strong coupling between chlorosomes of photosynthetic bacteria and a confined optical cavity mode",2015,"Nature Communications","","","https://scholar.google.com",343,"2023-03-01 19:48:16","Journal article","","","https://scholar.google.com/citations?view_op=view_citation&hl=en&user=EyXhiGIAAAAJ&cstart=300&pagesize=100&citation_for_view=EyXhiGIAAAAJ:FPJr55Dyh1AC",6,1,8713,8713,0,0.00,0,7,8,"","",""
0,"DG Lidzey","Coupling J-aggregate excitons with confined photons in a strongly-coupled planar microcavity (Presentation Recording)",2015,"Light Manipulating Organic Materials and Devices II","","","https://scholar.google.com",344,"2023-03-01 19:48:16","Journal article","","","https://scholar.google.com/citations?view_op=view_citation&hl=en&user=EyXhiGIAAAAJ&cstart=300&pagesize=100&citation_for_view=EyXhiGIAAAAJ:Ug5p-4gJ2f0C",9564,,956402,956402,0,0.00,0,1,8,"","",""
0,"DG Lidzey","Fabricating thin-film photovoltaic devices using ultra-sonic spray-coating (Presentation Recording)",2015,"Organic Photovoltaics XVI","","","https://scholar.google.com",345,"2023-03-01 19:48:16","Journal article","","","https://scholar.google.com/citations?view_op=view_citation&hl=en&user=EyXhiGIAAAAJ&cstart=300&pagesize=100&citation_for_view=EyXhiGIAAAAJ:XoXfffV-tXoC",9567,,3,3,0,0.00,0,1,8,"","",""
0,"DM Coles, Y Yang, Y Wang, RT Grant, RA Taylor, SK Saikin, ...","Strong coupling between chlorosomes of photosynthetic bacteria and a confined optical cavity mode (vol 5, 5561, 2014)",2015,"NATURE COMMUNICATIONS","","","https://scholar.google.com",346,"2023-03-01 19:48:16","Journal article","","","https://scholar.google.com/citations?view_op=view_citation&hl=en&user=EyXhiGIAAAAJ&cstart=300&pagesize=100&citation_for_view=EyXhiGIAAAAJ:ubry08Y2EpUC",6,,,,0,0.00,0,7,8,"","",""
0,"TS Glen, NW Scarratt, H Yi, A Iraqi, T Wang, J Kingsley, AR Buckley, ...","Research data supporting"" Dependence on Material Choice of Degradation of Organic Solar Cells Following Exposure to Humid Air""",2015,"","University of Cambridge","","https://scholar.google.com",347,"2023-03-01 19:48:16","Book","","","https://scholar.google.com/citations?view_op=view_citation&hl=en&user=EyXhiGIAAAAJ&cstart=300&pagesize=100&citation_for_view=EyXhiGIAAAAJ:8d8msizDQcsC",,,,,0,0.00,0,8,8,"","",""
0,"DG Lidzey","Spectroscopy of strongly-coupled organic-semiconductor microcavities",2014,"2014 Conference on Lasers and Electro-Optics (CLEO)-Laser Science to …","","","https://scholar.google.com",348,"2023-03-01 19:48:16","Conference paper","","","https://scholar.google.com/citations?view_op=view_citation&hl=en&user=EyXhiGIAAAAJ&cstart=300&pagesize=100&citation_for_view=EyXhiGIAAAAJ:TIZ-Mc8IlK0C",,,,,0,0.00,0,1,9,"","",""
0,"PG Savvidis, DG Lidzey","Polariton-mediated energy transfer between organic dyes in a strongly coupled optical microcavity",2014,"","","","https://scholar.google.com",349,"2023-03-01 19:48:16","","","","https://scholar.google.com/citations?view_op=view_citation&hl=en&user=EyXhiGIAAAAJ&cstart=300&pagesize=100&citation_for_view=EyXhiGIAAAAJ:MLfJN-KU85MC",,,,,0,0.00,0,2,9,"","",""
0,"J Do, KN Sediq, K Deasy, DM Coles, J Rodríguez‐Fernández, ...","Photonic Crystals: Photonic Crystal Nanocavities Containing Plasmonic Nanoparticles Assembled Using a Laser‐Printing Technique (Advanced Optical Materials 12/2013)",2013,"Advanced Optical Materials","","","https://scholar.google.com",350,"2023-03-01 19:48:16","Journal article","","","https://scholar.google.com/citations?view_op=view_citation&hl=en&user=EyXhiGIAAAAJ&cstart=300&pagesize=100&citation_for_view=EyXhiGIAAAAJ:AvfA0Oy_GE0C",1,12,887,887,0,0.00,0,6,10,"","",""
0,"M LITINSKAIA, GC LA ROCCA, DG LIDZEY","Institute for Spectroscopy, Russian Academy of Sciences",2013,"Organic Nanophotonics","","","https://scholar.google.com",351,"2023-03-01 19:48:16","Journal article","","","https://scholar.google.com/citations?view_op=view_citation&hl=en&user=EyXhiGIAAAAJ&cstart=300&pagesize=100&citation_for_view=EyXhiGIAAAAJ:SpbeaW3--B0C",100,,291,291,0,0.00,0,3,10,"","",""
0,"N Somaschi, S Tsintzos, D Coles, DG Lidzey, Z Hatzopoulos, ...","Strongly coupled hybrid Frenkel/Wannier-Mott exciton polaritons in a high Q microcavity",2013,"CLEO: QELS_Fundamental Science, JTh2A.","","","https://scholar.google.com",352,"2023-03-01 19:48:16","Journal article","","","https://scholar.google.com/citations?view_op=view_citation&hl=en&user=EyXhiGIAAAAJ&cstart=300&pagesize=100&citation_for_view=EyXhiGIAAAAJ:nrtMV_XWKgEC",43,,,,0,0.00,0,6,10,"","",""
0,"T Wang, NW Scarratt, H Yi, ADF Dunbar, AJ Pearson, DC Watters, ...","Polymer Solar Cells: Fabricating High Performance, Donor–Acceptor Copolymer Solar Cells by Spray‐Coating in Air (Adv. Energy Mater. 4/2013)",2013,"Advanced Energy Materials","","","https://scholar.google.com",353,"2023-03-01 19:48:16","Journal article","","","https://scholar.google.com/citations?view_op=view_citation&hl=en&user=EyXhiGIAAAAJ&cstart=300&pagesize=100&citation_for_view=EyXhiGIAAAAJ:9Nmd_mFXekcC",3,4,410,410,0,0.00,0,7,10,"","",""
0,"K Debnath, K Welna, M Ferrera, K Deasy, D Lidzey, L O'Faolain","Highly efficient coupling between a nanocavity and monolithic bus waveguide",2012,"The 9th International Conference on Group IV Photonics (GFP)","","","https://scholar.google.com",354,"2023-03-01 19:48:16","Conference paper","","","https://scholar.google.com/citations?view_op=view_citation&hl=en&user=EyXhiGIAAAAJ&cstart=300&pagesize=100&citation_for_view=EyXhiGIAAAAJ:ZfRJV9d4-WMC",,,102,104,0,0.00,0,6,11,"","",""
0,"C Rodenburg, A Pearson, D Lidzey, S Boden, D Bagnall","Helium Ion Microscopy to Study Bulk Hetero Junction Polymer Solar Cell Materials",2011,"Microscopy and Microanalysis 17 (S2)","","","https://scholar.google.com",355,"2023-03-01 19:48:16","Book chapter","","","https://scholar.google.com/citations?view_op=view_citation&hl=en&user=EyXhiGIAAAAJ&cstart=300&pagesize=100&citation_for_view=EyXhiGIAAAAJ:q3oQSFYPqjQC",,,1732,1733,0,0.00,0,5,12,"","",""
0,"S Weston, J Kingsley, D Lidzey","523 oral DEVELOPMENT OF FLEXIBLE IN-VIVO DOSIMETRY ARRAY",2011,"Radiotherapy and Oncology, S212-S","","","https://scholar.google.com",356,"2023-03-01 19:48:16","Journal article","","","https://scholar.google.com/citations?view_op=view_citation&hl=en&user=EyXhiGIAAAAJ&cstart=300&pagesize=100&citation_for_view=EyXhiGIAAAAJ:WA5NYHcadZ8C",213,,,,0,0.00,0,3,12,"","",""
0,"D Lidzey","Research into plastic solar cell structure could improve efficiency",2010,"High Performance Plastics","","","https://scholar.google.com",357,"2023-03-01 19:48:16","Book chapter","","","https://scholar.google.com/citations?view_op=view_citation&hl=en&user=EyXhiGIAAAAJ&cstart=300&pagesize=100&citation_for_view=EyXhiGIAAAAJ:ML0RJ9NH7IQC",,,1,2,0,0.00,0,1,13,"","",""
0,"M Charlton, DG Lidzey, A Chalcraft, K Noutsos, E Smith, N Patel","Photonic Quasi-crystal enhanced Organic Light Emitting Diodes",2010,"","","","https://scholar.google.com",358,"2023-03-01 19:48:16","","","","https://scholar.google.com/citations?view_op=view_citation&hl=en&user=EyXhiGIAAAAJ&cstart=300&pagesize=100&citation_for_view=EyXhiGIAAAAJ:8AbLer7MMksC",,,,,0,0.00,0,6,13,"","",""
0,"JW Kingsley, DG Lidzey","From zero to 4.5% in six months: Experiences of developing an organic solar cell process",2009,"ABSTRACTS OF PAPERS OF THE AMERICAN CHEMICAL SOCIETY","","","https://scholar.google.com",359,"2023-03-01 19:48:16","Abstract","","","https://scholar.google.com/citations?view_op=view_citation&hl=en&user=EyXhiGIAAAAJ&cstart=300&pagesize=100&citation_for_view=EyXhiGIAAAAJ:VLnqNzywnoUC",238,,,,0,0.00,0,2,14,"","",""
0,"F Cacialli, DG Lidzey, D Richards","Near-field microscopy and lithography of light-emitting polymers",2009,"Artech House, Inc.","","","https://scholar.google.com",360,"2023-03-01 19:48:16","","","","https://scholar.google.com/citations?view_op=view_citation&hl=en&user=EyXhiGIAAAAJ&cstart=300&pagesize=100&citation_for_view=EyXhiGIAAAAJ:PR6Y55bgFSsC",,,,,0,0.00,0,3,14,"","",""
0,"T Virgili, S Ceccarelli, L Lüer, G Lanzani, G Cerullo, DG Lidzey","Coherent phonons in cyanine dye monomers and J-aggregates",2009,"Ultrafast Phenomena XVI: Proceedings of the 16th International Conference …","","","https://scholar.google.com",361,"2023-03-01 19:48:16","Conference paper","","","https://scholar.google.com/citations?view_op=view_citation&hl=en&user=EyXhiGIAAAAJ&cstart=300&pagesize=100&citation_for_view=EyXhiGIAAAAJ:dTyEYWd-f8wC",,,,,0,0.00,0,6,14,"","",""
0,"T Virgili, S Ceccarelli, D Polli, G Lanzani, G Cerullo, DG Lidzey","Temporal dynamics of polaritons in a stronglycoupled organic-semiconductor microcavity",2009,"Ultrafast Phenomena XVI: Proceedings of the 16th International Conference …","","","https://scholar.google.com",362,"2023-03-01 19:48:16","Conference paper","","","https://scholar.google.com/citations?view_op=view_citation&hl=en&user=EyXhiGIAAAAJ&cstart=300&pagesize=100&citation_for_view=EyXhiGIAAAAJ:VOx2b1Wkg3QC",,,,,0,0.00,0,6,14,"","",""
0,"WC Hung, AM Adawi, A Cadby, LG Connolly, R Deanl, A Tahraoui, ...","Organic-Based Micropillar Structure Fabrication by Advanced Focused Ion Beam Milling Techniques",2008,"Microscopy of Semiconducting Materials","","","https://scholar.google.com",363,"2023-03-01 19:48:16","Journal article","","","https://scholar.google.com/citations?view_op=view_citation&hl=en&user=EyXhiGIAAAAJ&cstart=300&pagesize=100&citation_for_view=EyXhiGIAAAAJ:eMMeJKvmdy0C",2007,,449,452,0,0.00,0,7,15,"","",""
0,"AM Adawi, M Roberts, LG Connolly, R Kullock, JL Turner, E Smith, ...","Improving the light extraction efficiency of polymer LEDs using microcavities and photonic crystals",2007,"Organic Light Emitting Materials and Devices XI","","","https://scholar.google.com",364,"2023-03-01 19:48:16","Journal article","","","https://scholar.google.com/citations?view_op=view_citation&hl=en&user=EyXhiGIAAAAJ&cstart=300&pagesize=100&citation_for_view=EyXhiGIAAAAJ:Mojj43d5GZwC",6655,,241,248,0,0.00,0,7,16,"","",""
0,"PG Savvidis, LG Connolly, MS Skolnick, DG Lidzey, JJ Baumberg","Nonlinear dynamics in zinc-porphyrin microcavities",2007,"Quantum Electronics and Laser Science Conference, QWC","","","https://scholar.google.com",365,"2023-03-01 19:48:16","Conference paper","","","https://scholar.google.com/citations?view_op=view_citation&hl=en&user=EyXhiGIAAAAJ&cstart=300&pagesize=100&citation_for_view=EyXhiGIAAAAJ:ye4kPcJQO24C",2,,,,0,0.00,0,5,16,"","",""
0,"A Bréhier, R Parashkov, CT Nguyen, D Josse, I Ledoux, E Deleporte, ...","Third Harmonic Generation measurements on organic semiconductor films",2007,"AIP Conference Proceedings","","","https://scholar.google.com",366,"2023-03-01 19:48:16","Conference paper","","","https://scholar.google.com/citations?view_op=view_citation&hl=en&user=EyXhiGIAAAAJ&cstart=300&pagesize=100&citation_for_view=EyXhiGIAAAAJ:VL0QpB8kHFEC",893,1,369,370,0,0.00,0,7,16,"","",""
0,"DF Pickup, DG Lidzey, A Iraqi","Preparation and Properties of New Carbazole Based Conjugated Polymers for Application in Light Emitting Diodes",2005,"The 33rd Northeast Regional Meeting","","","https://scholar.google.com",367,"2023-03-01 19:48:16","Conference paper","","","https://scholar.google.com/citations?view_op=view_citation&hl=en&user=EyXhiGIAAAAJ&cstart=300&pagesize=100&citation_for_view=EyXhiGIAAAAJ:5ugPr518TE4C",,,,,0,0.00,0,3,18,"","",""
0,"WC Hung, AM Adawi, R Dean, A Cadby, LG Connolly, A Tahraoui, ...","An organic two dimensional photonic crystal microcavity processed by focused ion beam milling",2005,"Microscopy of Semiconducting Materials: Proceedings of the 14th Conference …","","","https://scholar.google.com",368,"2023-03-01 19:48:16","Conference paper","","","https://scholar.google.com/citations?view_op=view_citation&hl=en&user=EyXhiGIAAAAJ&cstart=300&pagesize=100&citation_for_view=EyXhiGIAAAAJ:9vf0nzSNQJEC",,,,,0,0.00,0,7,18,"","",""
0,"VM Agranovich, M Al-Amri, P Argyrakis, MV Artemyev, M Artoni, M Babiker, ...","Gouveia-Neto, AS 79 Grimm, B. 303 Hartmann, E. 407 Hartschuh, A. 315 Hasegawa, F.",2004,"Journal of Luminescence","","","https://scholar.google.com",369,"2023-03-01 19:48:16","Journal article","","","https://scholar.google.com/citations?view_op=view_citation&hl=en&user=EyXhiGIAAAAJ&cstart=300&pagesize=100&citation_for_view=EyXhiGIAAAAJ:XD-gHx7UXLsC",110,,423,424,0,0.00,0,7,19,"","",""
0,"DG Lidzey","Final EOARD Report covering the period 1/6/01 to 1/02/02",2002,"","","","https://scholar.google.com",370,"2023-03-01 19:48:16","","","","https://scholar.google.com/citations?view_op=view_citation&hl=en&user=EyXhiGIAAAAJ&cstart=300&pagesize=100&citation_for_view=EyXhiGIAAAAJ:Dem6FJhTUoYC",,,,,0,0.00,0,1,21,"","",""
0,"DG Lidzey, VM Agranovich","Exciton Hybridisation in Organic-Inorganic Semiconductor Microcavities",2002,"SHEFFIELD UNIV (UNITED KINGDOM) DEPT OF PHYSICS","","","https://scholar.google.com",371,"2023-03-01 19:48:16","","","","https://scholar.google.com/citations?view_op=view_citation&hl=en&user=EyXhiGIAAAAJ&cstart=300&pagesize=100&citation_for_view=EyXhiGIAAAAJ:fQNAKQ3IYiAC",,,,,0,0.00,0,2,21,"","",""
0,"A Alghamdi, A Fischereder, A Iraqi, D Mohamad, D Lidzey","R1= CH3, F, R2= Alkyl chain. P1-P2",2002,"J. Mater. Chem","","","https://scholar.google.com",372,"2023-03-01 19:48:16","Journal article","","","https://scholar.google.com/citations?view_op=view_citation&hl=en&user=EyXhiGIAAAAJ&cstart=300&pagesize=100&citation_for_view=EyXhiGIAAAAJ:eq2jaN3J8jMC",12,,1931,1931,0,0.00,0,5,21,"","",""
0,"DG Lidzey","Strong coupling in organic-semiconductor microcavities",2002,"Organic Nanostructures: Science and Applications","","","https://scholar.google.com",373,"2023-03-01 19:48:16","Book chapter","","","https://scholar.google.com/citations?view_op=view_citation&hl=en&user=EyXhiGIAAAAJ&cstart=300&pagesize=100&citation_for_view=EyXhiGIAAAAJ:JoZmwDi-zQgC",,,405,415,0,0.00,0,1,21,"","",""
0,"AI Tartakovskii, M Emam-Ismail, DG Lidzey, MS Skolnick, DDC Bradley, ...","RAPID COMMUNICATIONS-Semiconductors II: Surfaces, interfaces, microstructures, and related topics-Raman scattering in strongly coupled organic semiconductor microcavities",2001,"Physical Review-Section B-Condensed Matter 63 (12), 121302R","","","https://scholar.google.com",374,"2023-03-01 19:48:16","Journal article","","","https://scholar.google.com/citations?view_op=view_citation&hl=en&user=EyXhiGIAAAAJ&cstart=300&pagesize=100&citation_for_view=EyXhiGIAAAAJ:PELIpwtuRlgC",,,,,0,0.00,0,6,22,"","",""
0,"MD Rahn, J Hill, A Buckley, J Cabanillas, AM Fox, DG Lidzey, T Virgili, ...","Time resolved photoluminescence of electroluminescent polymer blends and organic microstructures",2000,"The European Conference on Lasers and Electro-Optics, CFB","","","https://scholar.google.com",375,"2023-03-01 19:48:16","Conference paper","","","https://scholar.google.com/citations?view_op=view_citation&hl=en&user=EyXhiGIAAAAJ&cstart=300&pagesize=100&citation_for_view=EyXhiGIAAAAJ:DrR-2ekChdkC",2,,,,0,0.00,0,8,23,"","",""
0,"G Cerullo, G Lanzani, M Nisoli, S Stagira, S De Silvestri, T Virgili, ...","Ultrafast Förster transfer in a highly fluorescent polymer blend",2000,"The European Conference on Lasers and Electro-Optics, CWK","","","https://scholar.google.com",376,"2023-03-01 19:48:16","Conference paper","","","https://scholar.google.com/citations?view_op=view_citation&hl=en&user=EyXhiGIAAAAJ&cstart=300&pagesize=100&citation_for_view=EyXhiGIAAAAJ:4fKUyHm3Qg0C",6,,,,0,0.00,0,7,23,"","",""
0,"PA Hobson, MG Salt, WL Barnes, DG Lidzey, DDC Bradley, MS Skolnick","Strong coupling in an organic metal-clad microcavity",2000,"Quantum Electronics and Laser Science Conference, QTuF","","","https://scholar.google.com",377,"2023-03-01 19:48:16","Conference paper","","","https://scholar.google.com/citations?view_op=view_citation&hl=en&user=EyXhiGIAAAAJ&cstart=300&pagesize=100&citation_for_view=EyXhiGIAAAAJ:UHK10RUVsp4C",1,,,,0,0.00,0,6,23,"","",""
0,"SF Alvarado, PF Seidler, DG Lidzey, DDC Bradley","Condensed Matter: Electronic Properties, etc-Direct Determination of the Exciton Binding Energy of Conjugated Polymers Using a Scanning Tunneling Microscope",1998,"Physical Review Letters","","","https://scholar.google.com",378,"2023-03-01 19:48:16","Journal article","","","https://scholar.google.com/citations?view_op=view_citation&hl=en&user=EyXhiGIAAAAJ&cstart=300&pagesize=100&citation_for_view=EyXhiGIAAAAJ:B3FOqHPlNUQC",81,5,1082,1085,0,0.00,0,4,25,"","",""
0,"AJ Campbell, MS Weaver, DDC Bradley, DG Lidzey","Charge trapping in polymer electroluminescent devices",1997,"Organic Light-Emitting Materials and Devices","","","https://scholar.google.com",379,"2023-03-01 19:48:16","Journal article","","","https://scholar.google.com/citations?view_op=view_citation&hl=en&user=EyXhiGIAAAAJ&cstart=300&pagesize=100&citation_for_view=EyXhiGIAAAAJ:t6usbXjVLHcC",3148,,104,116,0,0.00,0,4,26,"","",""
0,"S Webster, K Kerhsaw, DN Batchelder, P Quirke, D Lidzey, DDC Bradley, ...","Submicron Optical Spectroscopic Surface Characterisation Using Near-Field Probes.",1997,"Microscopy and Microanalysis 3 (S2)","","","https://scholar.google.com",380,"2023-03-01 19:48:16","Book chapter","","","https://scholar.google.com/citations?view_op=view_citation&hl=en&user=EyXhiGIAAAAJ&cstart=300&pagesize=100&citation_for_view=EyXhiGIAAAAJ:1qzjygNMrQYC",,,825,826,0,0.00,0,7,26,"","",""
0,"DG LIDZEY","Polymer LEDs: Physics and device engineering",1997,"Les techniques d'affichage et de visualisation (Poitiers, 3-4 avril 1997)","","","https://scholar.google.com",381,"2023-03-01 19:48:16","Book chapter","","","https://scholar.google.com/citations?view_op=view_citation&hl=en&user=EyXhiGIAAAAJ&cstart=300&pagesize=100&citation_for_view=EyXhiGIAAAAJ:bnK-pcrLprsC",,,39,42,0,0.00,0,1,26,"","",""
0,"DG Lidzey, TA Fisher, DDC Bradley, MA Pate","Probing the Optical Mode Structure in Conjugated Polymer",1996,"El 96 Berlin","","","https://scholar.google.com",382,"2023-03-01 19:48:16","Journal article","","","https://scholar.google.com/citations?view_op=view_citation&hl=en&user=EyXhiGIAAAAJ&cstart=300&pagesize=100&citation_for_view=EyXhiGIAAAAJ:-95Q15plzcUC",219,,,,0,0.00,0,4,27,"","",""
0,"D O’Brien, MS Weaver, M Pavier, A Bleyer, DG Lidzey, SJ Martin, ...","Recent Progress in Polymer Electroluminescence: Electron Transport Polymers and Microcavity Devices",1995,"Organic Thin Films for Photonic Applications, MD.","","","https://scholar.google.com",383,"2023-03-01 19:48:16","Journal article","","","https://scholar.google.com/citations?view_op=view_citation&hl=en&user=EyXhiGIAAAAJ&cstart=300&pagesize=100&citation_for_view=EyXhiGIAAAAJ:rTD5ala9j4wC",38,,,,0,0.00,0,7,28,"","",""
0,"S Al-Isaee, A Iraqi, DG Lidzey","Synthesis and Characterisation of a New Series of 2, 6-Linked-Anthracene–Benzothiadiazole Based Polymers for Solar Cells Application",,"Available at SSRN 4348892,","","","https://scholar.google.com",384,"2023-03-01 19:48:16","","","","https://scholar.google.com/citations?view_op=view_citation&hl=en&user=EyXhiGIAAAAJ&cstart=300&pagesize=100&citation_for_view=EyXhiGIAAAAJ:PkcyUWeTMh0C",,,,,0,0.00,0,3,,"","",""
0,"RL Thompson, RAL Jones, SM King, DG Lidzey, G Bernardo","Understanding and controlling morphology evolution via DIo plasticization in PffBT4T-2OD/pC71 BM devices",,"","","","https://scholar.google.com",385,"2023-03-01 19:48:16","","","","https://scholar.google.com/citations?view_op=view_citation&hl=en&user=EyXhiGIAAAAJ&cstart=300&pagesize=100&citation_for_view=EyXhiGIAAAAJ:SGW5VrABaM0C",,,,,0,0.00,0,5,,"","",""
0,"DG Lidzey","Comparative indoor and outdoor stability measurements of polymer based solar cells",,"","","","https://scholar.google.com",386,"2023-03-01 19:48:16","","","","https://scholar.google.com/citations?view_op=view_citation&hl=en&user=EyXhiGIAAAAJ&cstart=300&pagesize=100&citation_for_view=EyXhiGIAAAAJ:2l5NCbZemmgC",,,,,0,0.00,0,1,,"","",""
0,"H Robson, E Spooner, D Bossanyi, O Korychenska, S Wang, H Carson, ...","Evidence of an Additional Geometry Change in Dmac in Novel Synthesised Solution Processable Dmac-Trz Based Tadf Molecules",,"ORGELE-D-22-00135,","","","https://scholar.google.com",387,"2023-03-01 19:48:16","","","","https://scholar.google.com/citations?view_op=view_citation&hl=en&user=EyXhiGIAAAAJ&cstart=300&pagesize=100&citation_for_view=EyXhiGIAAAAJ:oi2SiIJ9l4AC",,,,,0,0.00,0,7,,"","",""
0,"W Li, Y Yan, Y Gong, J Cai, F Cai, RS Gurney, D Liu, AJ Pearson, ...","Supporting Information Contrasting effects of energy transfer in determining efficiency improvements in ternary polymer solar cells",,"","","","https://scholar.google.com",388,"2023-03-01 19:48:16","","","","https://scholar.google.com/citations?view_op=view_citation&hl=en&user=EyXhiGIAAAAJ&cstart=300&pagesize=100&citation_for_view=EyXhiGIAAAAJ:w0F2JDEymm0C",,,,,0,0.00,0,9,,"","",""
0,"S Ceccarelli, J Wenus, MS Skolnick, DG Lidzey","http://eprints. whiterose. ac. uk/3377",,"","","","https://scholar.google.com",389,"2023-03-01 19:48:16","","","","https://scholar.google.com/citations?view_op=view_citation&hl=en&user=EyXhiGIAAAAJ&cstart=300&pagesize=100&citation_for_view=EyXhiGIAAAAJ:kWvqk_afx_IC",,,,,0,0.00,0,4,,"","",""
0,"Y Zhang, NW Scarratt, T Wang, DG Lidzey","Fabricating high performance conventional and inverted polymer solar cells by",,"","","","https://scholar.google.com",390,"2023-03-01 19:48:16","","","","https://scholar.google.com/citations?view_op=view_citation&hl=en&user=EyXhiGIAAAAJ&cstart=300&pagesize=100&citation_for_view=EyXhiGIAAAAJ:WC9gN4BGCRcC",,,,,0,0.00,0,4,,"","",""
0,"AI Tartakovskii, M Emam-Ismail, DG Lidzey, MS Skolnick, DDC Bradley, ...","PROOF COPY [BYR717] R15112PRB",,"PHYSICAL REVIEW B 63, 1213XXR,","","","https://scholar.google.com",391,"2023-03-01 19:48:16","Journal article","","","https://scholar.google.com/citations?view_op=view_citation&hl=en&user=EyXhiGIAAAAJ&cstart=300&pagesize=100&citation_for_view=EyXhiGIAAAAJ:CB2v5VPnA5kC",,,,,0,0.00,0,6,,"","",""
0,"G Paschos, N Somaschi, G Christmann, D Coles, DG Lidzey, ...","POLARITON LASING IN HYBRID ORGANIC-INORGANIC MICROCAVITY",,"BOOK OF, 125,","","","https://scholar.google.com",392,"2023-03-01 19:48:16","","","","https://scholar.google.com/citations?view_op=view_citation&hl=en&user=EyXhiGIAAAAJ&cstart=300&pagesize=100&citation_for_view=EyXhiGIAAAAJ:LdasjJ6CEcoC",,,,,0,0.00,0,6,,"","",""
0,"DG Lidzey","Efficient Radiative Pumping of Polaritons in a Strongly-Coupled Microcavity by a Fluorescent Molecular Dye Richard T. Grant, Paolo Michetti 2, Andrew Musser, Pascal Gregoire 3 …",,"","","","https://scholar.google.com",393,"2023-03-01 19:48:16","","","","https://scholar.google.com/citations?view_op=view_citation&hl=en&user=EyXhiGIAAAAJ&cstart=300&pagesize=100&citation_for_view=EyXhiGIAAAAJ:zCSUwVk65WsC",,,,,0,0.00,0,1,,"","",""
0,"DK Mohamad, J Griffin, C Bracher, AT Barrows, DG Lidzey","Article type: Full Paper",,"","","","https://scholar.google.com",394,"2023-03-01 19:48:16","","","","https://scholar.google.com/citations?view_op=view_citation&hl=en&user=EyXhiGIAAAAJ&cstart=300&pagesize=100&citation_for_view=EyXhiGIAAAAJ:buQ7SEKw-1sC",,,,,0,0.00,0,5,,"","",""
0,"Y Zhang, AJ Parnell, RAL Jones, DG Lidzey, SM King, G Bernardo","Probing the Morphology of Bulk Heterojunction Solar Cells using SANS",,"","","","https://scholar.google.com",395,"2023-03-01 19:48:16","","","","https://scholar.google.com/citations?view_op=view_citation&hl=en&user=EyXhiGIAAAAJ&cstart=300&pagesize=100&citation_for_view=EyXhiGIAAAAJ:0CzhzZyukY4C",,,,,0,0.00,0,6,,"","",""
0,"D Lidzey, E Hounslow, D Coles, L Flatten, V Vedral, A Aspuru-Guzik, ...","A Nanophotonic Structure Containing Living Photosynthetic Bacteria",,"","","","https://scholar.google.com",396,"2023-03-01 19:48:16","","","","https://scholar.google.com/citations?view_op=view_citation&hl=en&user=EyXhiGIAAAAJ&cstart=300&pagesize=100&citation_for_view=EyXhiGIAAAAJ:5MTHONV0fEkC",,,,,0,0.00,0,7,,"","",""
0,"DK Mohamad, A Fischereder, H Yi, AJ Cadby, DG Lidzey, A Iraqi","A 2, 7-Linked Carbazole Based “Double Cable” Polymer with Pending Perylene Diimide Functional Groups: Preparation and Photovoltaic Properties",,"","","","https://scholar.google.com",397,"2023-03-01 19:48:16","","","","https://scholar.google.com/citations?view_op=view_citation&hl=en&user=EyXhiGIAAAAJ&cstart=300&pagesize=100&citation_for_view=EyXhiGIAAAAJ:ZzlSgRqYykMC",,,,,0,0.00,0,6,,"","",""
0,"K Deasy, K Sediq, S Brittle, T Wang, F Davis, T Richardson, D Lidzey","A chemical sensor based on a photonic-crystal L3 nanocavity defined into a silicon-nitride membrane",,"","","","https://scholar.google.com",398,"2023-03-01 19:48:16","","","","https://scholar.google.com/citations?view_op=view_citation&hl=en&user=EyXhiGIAAAAJ&cstart=300&pagesize=100&citation_for_view=EyXhiGIAAAAJ:LhH-TYMQEocC",,,,,0,0.00,0,7,,"","",""
0,"JA Bishop, DK Mohamad, A Parnell, V Kumar, C Rodenburg, DG Lidzey","Materials for energy and sustainability",,"","","","https://scholar.google.com",399,"2023-03-01 19:48:16","","","","https://scholar.google.com/citations?view_op=view_citation&hl=en&user=EyXhiGIAAAAJ&cstart=300&pagesize=100&citation_for_view=EyXhiGIAAAAJ:r_AWSJRzSzQC",,,,,0,0.00,0,6,,"","",""
0,"DG Lidzey, DM Coles","Strong coupling in organic and hybrid microcavity structures",,"","","","https://scholar.google.com",400,"2023-03-01 19:48:16","","","","https://scholar.google.com/citations?view_op=view_citation&hl=en&user=EyXhiGIAAAAJ&cstart=300&pagesize=100&citation_for_view=EyXhiGIAAAAJ:OcBU2YAGkTUC",,,,,0,0.00,0,2,,"","",""
0,"DG Lidzey","Efficient Radiative Pumping of Polaritons in a Strongly-Coupled Microcavity by a Fluorescent Molecular Dye Richard T. Grant1, Paolo Michetti2, Andrew Musser1, Pascal Gregoire3 …",,"","","","https://scholar.google.com",401,"2023-03-01 19:48:16","","","","https://scholar.google.com/citations?view_op=view_citation&hl=en&user=EyXhiGIAAAAJ&cstart=400&pagesize=100&citation_for_view=EyXhiGIAAAAJ:ODE9OILHJdcC",,,,,0,0.00,0,1,,"","",""
0,"Y Zhang, H Yi, A Iraqi, J Kingsley, A Buckley, T Wang, DG Lidzey","Supplementary Information: Comparative indoor and outdoor stability measurements of polymer based solar cells",,"","","","https://scholar.google.com",402,"2023-03-01 19:48:16","","","","https://scholar.google.com/citations?view_op=view_citation&hl=en&user=EyXhiGIAAAAJ&cstart=400&pagesize=100&citation_for_view=EyXhiGIAAAAJ:cWzG1nlazyYC",,,,,0,0.00,0,7,,"","",""
0,"M Stringer, D Lidzey","Performance and Stability of Mixed-Cation Perovskite Solar Cells with Alternative Hole Transport Materials",,"","","","https://scholar.google.com",403,"2023-03-01 19:48:16","","","","https://scholar.google.com/citations?view_op=view_citation&hl=en&user=EyXhiGIAAAAJ&cstart=400&pagesize=100&citation_for_view=EyXhiGIAAAAJ:2VqYfGB8ITEC",,,,,0,0.00,0,2,,"","",""
0,"D Lidzey, D Coles, Y Wang, R Grant, Y Yang, A Aspuru-Guzik, J Tang, ...","Strong coupling between chlorosomes of photosynthetic bacteria and a confined optical cavity mode",,"","","","https://scholar.google.com",404,"2023-03-01 19:48:16","","","","https://scholar.google.com/citations?view_op=view_citation&hl=en&user=EyXhiGIAAAAJ&cstart=400&pagesize=100&citation_for_view=EyXhiGIAAAAJ:LO7wyVUgiFcC",,,,,0,0.00,0,8,,"","",""
0,"AR Buckley, A Riley, DG Lidzey","Physics in an Enterprise Culture",,"Experiential Entrepreneurship Exercises Journal, 101,","","","https://scholar.google.com",405,"2023-03-01 19:48:16","Journal article","","","https://scholar.google.com/citations?view_op=view_citation&hl=en&user=EyXhiGIAAAAJ&cstart=400&pagesize=100&citation_for_view=EyXhiGIAAAAJ:4fGpz3EwCPoC",,,,,0,0.00,0,3,,"","",""
0,"T Virgili, L Lüer, G Lanzani, G Cerullo, S Stagira, D Coles, A Meijer, ...","Supporting information: The role of intra-molecular dynamics on inter-molecular coupling in J-aggregates",,"","","","https://scholar.google.com",406,"2023-03-01 19:48:16","","","","https://scholar.google.com/citations?view_op=view_citation&hl=en&user=EyXhiGIAAAAJ&cstart=400&pagesize=100&citation_for_view=EyXhiGIAAAAJ:hMsQuOkrut0C",,,,,0,0.00,0,8,,"","",""
0,"D Lidzey, J Kingsley","Engineering low-cost energy from plastic photovoltaics",,"","","","https://scholar.google.com",407,"2023-03-01 19:48:16","","","","https://scholar.google.com/citations?view_op=view_citation&hl=en&user=EyXhiGIAAAAJ&cstart=400&pagesize=100&citation_for_view=EyXhiGIAAAAJ:5Ul4iDaHHb8C",,,,,0,0.00,0,2,,"","",""
