Cites,Authors,Title,Year,Source,Publisher,ArticleURL,CitesURL,GSRank,QueryDate,Type,DOI,ISSN,CitationURL,Volume,Issue,StartPage,EndPage,ECC,CitesPerYear,CitesPerAuthor,AuthorCount,Age,Abstract,FullTextURL,RelatedURL
4851,"M Saliba, T Matsui, JY Seo, K Domanski, JP Correa-Baena, ...","Cesium-containing Triple Cation Perovskite Solar Cells: Improved Stability, Reproducibility and High Efficiency",2016,"Energy &Environmental Science, DOI: 10.1039/C5EE03874J","","","https://scholar.google.com/scholar?oi=bibs&hl=en&cites=390708081461013955",1,"2023-03-01 18:33:49","","","","https://scholar.google.com/citations?view_op=view_citation&hl=en&user=QcgVxfIAAAAJ&pagesize=100&citation_for_view=QcgVxfIAAAAJ:iyewoVqAXLQC",,,,,4851,693.00,809,6,7,"","",""
3219,"M Saliba, T Matsui, K Domanski, JY Seo, A Ummadisingu, ...","Incorporation of rubidium cations into perovskite solar cells improves photovoltaic performance",2016,"Science","","","https://scholar.google.com/scholar?oi=bibs&hl=en&cites=4898296632753269832",2,"2023-03-01 18:33:49","Journal article","","","https://scholar.google.com/citations?view_op=view_citation&hl=en&user=QcgVxfIAAAAJ&pagesize=100&citation_for_view=QcgVxfIAAAAJ:Vr2j17o0sqMC",354,6309,206,209,3219,459.86,537,6,7,"","",""
2491,"HJ Snaith, A Abate, JM Ball, GE Eperon, T Leijtens, NK Noel, SD Stranks, ...","Anomalous hysteresis in perovskite solar cells",2014,"J. Phys. Chem. Lett","","","https://scholar.google.com/scholar?oi=bibs&hl=en&cites=7237462332769849860",3,"2023-03-01 18:33:49","Journal article","","","https://scholar.google.com/citations?view_op=view_citation&hl=en&user=QcgVxfIAAAAJ&pagesize=100&citation_for_view=QcgVxfIAAAAJ:zwpXiJ37cpgC",5,9,1511,1515,2491,276.78,311,8,9,"","",""
2213,"NK Noel, SD Stranks, A Abate, C Wehrenfennig, S Guarnera, ...","Lead-free organic–inorganic tin halide perovskites for photovoltaic applications",2014,"Energy &Environmental Science","","","https://scholar.google.com/scholar?oi=bibs&hl=en&cites=11533046037281601424,15589901835209956911",4,"2023-03-01 18:33:49","Journal article","","","https://scholar.google.com/citations?view_op=view_citation&hl=en&user=QcgVxfIAAAAJ&pagesize=100&citation_for_view=QcgVxfIAAAAJ:ZqE1mSdD_DYC",7,9,3061,3068,2213,245.89,369,6,9,"","",""
1805,"D Bi, W Tress, MI Dar, P Gao, J Luo, C Renevier, K Schenk, A Abate, ...","Efficient luminescent solar cells based on tailored mixed-cation perovskites",2016,"Science advances","","","https://scholar.google.com/scholar?oi=bibs&hl=en&cites=10430591233086053150",5,"2023-03-01 18:33:49","Journal article","","","https://scholar.google.com/citations?view_op=view_citation&hl=en&user=QcgVxfIAAAAJ&pagesize=100&citation_for_view=QcgVxfIAAAAJ:sJPMR1oEGYQC",2,1,1501170,,1805,257.86,201,9,7,"","",""
1787,"T Leijtens, GE Eperon, S Pathak, A Abate, MM Lee, HJ Snaith","Overcoming ultraviolet light instability of sensitized TiO2 with meso-superstructured organometal tri-halide perovskite solar cells",2013,"Nature communications","","","https://scholar.google.com/scholar?oi=bibs&hl=en&cites=8866526744064558997",6,"2023-03-01 18:33:49","Journal article","","","https://scholar.google.com/citations?view_op=view_citation&hl=en&user=QcgVxfIAAAAJ&pagesize=100&citation_for_view=QcgVxfIAAAAJ:AzKEL7Gb_04C",4,,2885,2885,1787,178.70,298,6,10,"","",""
1475,"NK Noel, A Abate, SD Stranks, ES Parrott, VM Burlakov, A Goriely, ...","Enhanced Photoluminescence and Solar Cell Performance via Lewis Base Passivation of Organic–Inorganic Lead Halide Perovskites",2014,"ACS nano","","","https://scholar.google.com/scholar?oi=bibs&hl=en&cites=17493586914304495895",7,"2023-03-01 18:33:49","Journal article","","","https://scholar.google.com/citations?view_op=view_citation&hl=en&user=QcgVxfIAAAAJ&pagesize=100&citation_for_view=QcgVxfIAAAAJ:G1UMdFYMoxkC",8,10,9815,9821,1475,163.89,211,7,9,"","",""
1385,"JP Correa-Baena, M Saliba, T Buonassisi, M Grätzel, A Abate, W Tress, ...","Promises and challenges of perovskite solar cells",2017,"Science","","","https://scholar.google.com/scholar?oi=bibs&hl=en&cites=1958743832020788573",8,"2023-03-01 18:33:49","Journal article","","","https://scholar.google.com/citations?view_op=view_citation&hl=en&user=QcgVxfIAAAAJ&pagesize=100&citation_for_view=QcgVxfIAAAAJ:3_LpOwP6eMYC",358,6364,739,744,1385,230.83,198,7,6,"","",""
1266,"JP Correa Baena, L Steier, W Tress, M Saliba, S Neutzner, T Matsui, ...","Highly Efficient Planar Perovskite Solar Cells through Band Alignment Engineering",2015,"Energy &Environmental Science","","","https://scholar.google.com/scholar?oi=bibs&hl=en&cites=7984860986812668880,6369388297005475637",9,"2023-03-01 18:33:49","Journal article","","","https://scholar.google.com/citations?view_op=view_citation&hl=en&user=QcgVxfIAAAAJ&pagesize=100&citation_for_view=QcgVxfIAAAAJ:Ic1VZgkJnDsC",8,,2928,2934,1266,158.25,181,7,8,"","",""
1157,"JTW Wang, JM Ball, EM Barea, A Abate, JA Alexander-Webber, J Huang, ...","Low-Temperature Processed Electron Collection Layers of Graphene/TiO2 Nanocomposites in Thin Film Perovskite Solar Cells",2014,"Nano letters","","","https://scholar.google.com/scholar?oi=bibs&hl=en&cites=15149965561158808010",10,"2023-03-01 18:33:49","Journal article","","","https://scholar.google.com/citations?view_op=view_citation&hl=en&user=QcgVxfIAAAAJ&pagesize=100&citation_for_view=QcgVxfIAAAAJ:NxmKEeNBbOMC",14,2,724,730,1157,128.56,165,7,9,"","",""
1035,"JP Correa-Baena, A Abate, M Saliba, W Tress, TJ Jacobsson, M Grätzel, ...","The rapid evolution of highly efficient perovskite solar cells",2017,"Energy &Environmental Science","","","https://scholar.google.com/scholar?oi=bibs&hl=en&cites=7995677258723792115",11,"2023-03-01 18:33:49","Journal article","","","https://scholar.google.com/citations?view_op=view_citation&hl=en&user=QcgVxfIAAAAJ&pagesize=100&citation_for_view=QcgVxfIAAAAJ:x21FZCSn4ZoC",10,3,710,727,1035,172.50,148,7,6,"","",""
996,"K Domanski, JP Correa-Baena, N Mine, MK Nazeeruddin, A Abate, ...","Not All That Glitters is Gold: Metal Migration-Induced Degradation in Perovskite Solar Cells",2016,"ACS Nano","","","https://scholar.google.com/scholar?oi=bibs&hl=en&cites=15541061242537814823",12,"2023-03-01 18:33:49","Journal article","","","https://scholar.google.com/citations?view_op=view_citation&hl=en&user=QcgVxfIAAAAJ&pagesize=100&citation_for_view=QcgVxfIAAAAJ:4Yq6kJLCcecC",10,6,6306,6314,996,142.29,166,6,7,"","",""
993,"W Zhang, M Saliba, DT Moore, SK Pathak, MT Hörantner, T Stergiopoulos, ...","Ultrasmooth organic–inorganic perovskite thin-film formation and crystallization for efficient planar heterojunction solar cells",2015,"Nature Communications","","","https://scholar.google.com/scholar?oi=bibs&hl=en&cites=14997412053203288104",13,"2023-03-01 18:33:49","Journal article","","","https://scholar.google.com/citations?view_op=view_citation&hl=en&user=QcgVxfIAAAAJ&pagesize=100&citation_for_view=QcgVxfIAAAAJ:zUl2_INMlC4C",6,,6142,6142,993,124.13,142,7,8,"","",""
864,"M Saliba, S Orlandi, T Matsui, S Aghazada, M Cavazzini, ...","A molecularly engineered hole-transporting material for efficient perovskite solar cells",2016,"Nature Energy","","","https://scholar.google.com/scholar?oi=bibs&hl=en&cites=17485151435785410160",14,"2023-03-01 18:33:49","Journal article","","","https://scholar.google.com/citations?view_op=view_citation&hl=en&user=QcgVxfIAAAAJ&pagesize=100&citation_for_view=QcgVxfIAAAAJ:2vr6o8x5NLkC",1,2,1,7,864,123.43,144,6,7,"","",""
819,"F Giordano, A Abate, JPC Baena, M Saliba, T Matsui, SH Im, ...","Enhanced electronic properties in mesoporous TiO2 via lithium doping for high-efficiency perovskite solar cells",2016,"Nature Communication","","","https://scholar.google.com/scholar?oi=bibs&hl=en&cites=6048996874284481503",15,"2023-03-01 18:33:49","Journal article","","","https://scholar.google.com/citations?view_op=view_citation&hl=en&user=QcgVxfIAAAAJ&pagesize=100&citation_for_view=QcgVxfIAAAAJ:AZju0d2GQJ0C",7,,10379,10379,819,117.00,117,7,7,"","",""
783,"EH Anaraki, A Kermanpur, L Steier, K Domanski, T Matsui, W Tress, ...","Highly efficient and stable planar perovskite solar cells by solution-processed tin oxide",2016,"Energy &Environmental Science","","","https://scholar.google.com/scholar?oi=bibs&hl=en&cites=10013301247009641811",16,"2023-03-01 18:33:49","Journal article","","","https://scholar.google.com/citations?view_op=view_citation&hl=en&user=QcgVxfIAAAAJ&pagesize=100&citation_for_view=QcgVxfIAAAAJ:WwIwg2wKZ0QC",9,10,3128,3134,783,111.86,112,7,7,"","",""
764,"A Al-Ashouri, E Köhnen, B Li, A Magomedov, H Hempel, P Caprioglio, ...","Monolithic perovskite/silicon tandem solar cell with> 29% efficiency by enhanced hole extraction",2020,"Science","","","https://scholar.google.com/scholar?oi=bibs&hl=en&cites=5532543159095314408",17,"2023-03-01 18:33:49","Journal article","","","https://scholar.google.com/citations?view_op=view_citation&hl=en&user=QcgVxfIAAAAJ&pagesize=100&citation_for_view=QcgVxfIAAAAJ:d4tt_xEv1X8C",370,6522,1300,1309,764,254.67,109,7,3,"","",""
699,"K Wojciechowski, M Saliba, T Leijtens, A Abate, HJ Snaith","Sub-150 C processed meso-superstructured perovskite solar cells with enhanced efficiency",2014,"Energy &Environmental Science","","","https://scholar.google.com/scholar?oi=bibs&hl=en&cites=16996630297237712873,8780712183035028158",18,"2023-03-01 18:33:49","Journal article","","","https://scholar.google.com/citations?view_op=view_citation&hl=en&user=QcgVxfIAAAAJ&pagesize=100&citation_for_view=QcgVxfIAAAAJ:CNPyR2KL9-0C",7,3,1142,1147,699,77.67,140,5,9,"","",""
666,"A Abate, M Saliba, DJ Hollman, SD Stranks, K Wojciechowski, R Avolio, ...","Supramolecular halogen bond passivation of organic–inorganic halide perovskite solar cells",2014,"Nano letters","","","https://scholar.google.com/scholar?oi=bibs&hl=en&cites=12391521526803082843",19,"2023-03-01 18:33:49","Journal article","","","https://scholar.google.com/citations?view_op=view_citation&hl=en&user=QcgVxfIAAAAJ&pagesize=100&citation_for_view=QcgVxfIAAAAJ:Zh0EY9V9P6UC",14,6,3247,3254,666,74.00,95,7,9,"","",""
659,"K Wojciechowski, SD Stranks, A Abate, G Sadoughi, A Sadhanala, ...","Heterojunction Modification for Highly Efficient Organic–Inorganic Perovskite Solar Cells",2014,"ACS nano","","","https://scholar.google.com/scholar?oi=bibs&hl=en&cites=7415093991142867262",20,"2023-03-01 18:33:49","Journal article","","","https://scholar.google.com/citations?view_op=view_citation&hl=en&user=QcgVxfIAAAAJ&pagesize=100&citation_for_view=QcgVxfIAAAAJ:BmWJbWwHJAwC",8,12,12701,12709,659,73.22,110,6,9,"","",""
653,"S Albrecht, M Saliba, JPC Baena, F Lang, L Kegelmann, M Mews, L Steier, ...","Monolithic Perovskite/Silicon-Heterojunction Tandem Solar Cells Processed at Low Temperature",2015,"Energy &Environmental Science","","","https://scholar.google.com/scholar?oi=bibs&hl=en&cites=8306276564453920155",21,"2023-03-01 18:33:49","Journal article","","","https://scholar.google.com/citations?view_op=view_citation&hl=en&user=QcgVxfIAAAAJ&pagesize=100&citation_for_view=QcgVxfIAAAAJ:JWITY9-sCbMC",9,,81,88,653,81.63,82,8,8,"","",""
609,"A Abate, T Leijtens, S Pathak, J Teuscher, R Avolio, ME Errico, J Kirkpatrik, ...","Lithium salts as “redox active” p-type dopants for organic semiconductors and their impact in solid-state dye-sensitized solar cells",2013,"Physical Chemistry Chemical Physics","","","https://scholar.google.com/scholar?oi=bibs&hl=en&cites=536909573021067515",22,"2023-03-01 18:33:49","Journal article","","","https://scholar.google.com/citations?view_op=view_citation&hl=en&user=QcgVxfIAAAAJ&pagesize=100&citation_for_view=QcgVxfIAAAAJ:H_jBuBxbQIAC",15,7,2572,2579,609,60.90,76,8,10,"","",""
571,"MV Khenkin, EA Katz, A Abate, G Bardizza, JJ Berry, C Brabec, F Brunetti, ...","Consensus statement for stability assessment and reporting for perovskite photovoltaics based on ISOS procedures",2020,"Nature Energy","","","https://scholar.google.com/scholar?oi=bibs&hl=en&cites=8798586962617530146",23,"2023-03-01 18:33:49","Journal article","","","https://scholar.google.com/citations?view_op=view_citation&hl=en&user=QcgVxfIAAAAJ&pagesize=100&citation_for_view=QcgVxfIAAAAJ:bXQfdp6S9ecC",5,1,35,49,571,190.33,71,8,3,"","",""
530,"M Saliba, JP Correa-Baena, CM Wolff, M Stolterfoht, N Phung, S Albrecht, ...","How to Make over 20% Efficient Perovskite Solar Cells in Regular (n–i–p) and Inverted (p–i–n) Architectures",2018,"Chemistry of Materials","","","https://scholar.google.com/scholar?oi=bibs&hl=en&cites=10440833610692368212,11644926892169276774",24,"2023-03-01 18:33:49","Journal article","","","https://scholar.google.com/citations?view_op=view_citation&hl=en&user=QcgVxfIAAAAJ&pagesize=100&citation_for_view=QcgVxfIAAAAJ:6ZzL7HXColQC",30,13,4193,4201,530,106.00,76,7,5,"","",""
519,"K Domanski, B Roose, T Matsui, M Saliba, SH Turren-Cruz, ...","Migration of cations induces reversible performance losses over day/night cycling in perovskite solar cells",2017,"Energy &Environmental Science, DOI: 10.1039/C6EE03352K","","","https://scholar.google.com/scholar?oi=bibs&hl=en&cites=12737452093444298739",25,"2023-03-01 18:33:49","","","","https://scholar.google.com/citations?view_op=view_citation&hl=en&user=QcgVxfIAAAAJ&pagesize=100&citation_for_view=QcgVxfIAAAAJ:Azgs6IHzeyYC",,,,,519,86.50,87,6,6,"","",""
432,"M Saliba, JP Correa-Baena, M Graetzel, A Hagfeldt, A Abate","Perovskite solar cells from the atomic to the film level",2017,"Angewandte Chemie International Edition","","","https://scholar.google.com/scholar?oi=bibs&hl=en&cites=1403380639356068379,15484388442420130175",26,"2023-03-01 18:33:49","","","","https://scholar.google.com/citations?view_op=view_citation&hl=en&user=QcgVxfIAAAAJ&pagesize=100&citation_for_view=QcgVxfIAAAAJ:tz746QTLzJkC",,,,,432,72.00,86,5,6,"","",""
397,"S Guarnera, A Abate, W Zhang, JM Foster, G Richardson, A Petrozza, ...","Improving the Long-term Stability of Perovskite Solar Cells with a Porous Al2O3 Buffer-layer",2015,"The Journal of Physical Chemistry Letters","","","https://scholar.google.com/scholar?oi=bibs&hl=en&cites=8459678219216427717",27,"2023-03-01 18:33:49","Journal article","","","https://scholar.google.com/citations?view_op=view_citation&hl=en&user=QcgVxfIAAAAJ&pagesize=100&citation_for_view=QcgVxfIAAAAJ:LGlY6t8CeOMC",6,3,432,437,397,49.63,57,7,8,"","",""
376,"SK Pathak, A Abate, P Ruckdeschel, B Roose, KC Gödel, Y Vaynzof, ...","Performance and Stability Enhancement of Dye‐Sensitized and Perovskite Solar Cells by Al Doping of TiO2",2014,"Advanced Functional Materials","","","https://scholar.google.com/scholar?oi=bibs&hl=en&cites=4211030609250966282",28,"2023-03-01 18:33:49","Journal article","","","https://scholar.google.com/citations?view_op=view_citation&hl=en&user=QcgVxfIAAAAJ&pagesize=100&citation_for_view=QcgVxfIAAAAJ:mel-f30kHHgC",24,38,6046,6055,376,41.78,54,7,9,"","",""
349,"MJH Zhaoning Song, Antonio Abate, Suneth C. Watthage, Geethika K. Liyanage ...","Perovskite Solar Cell Stability in Humid Air: Partially Reversible Phase Transitions in the PbI2-CH3NH3I-H2O System",2016,"Advanced Energy Materials, DOI: 10.1002/aenm.","","","https://scholar.google.com/scholar?oi=bibs&hl=en&cites=3418387702717262525",29,"2023-03-01 18:33:49","Journal article","","","https://scholar.google.com/citations?view_op=view_citation&hl=en&user=QcgVxfIAAAAJ&pagesize=100&citation_for_view=QcgVxfIAAAAJ:hNSvKAmkeYkC",201600846,,,,349,49.86,87,4,7,"","",""
338,"K Rakstys, A Abate, MI Dar, P Gao, V Jankauskas, G Jacopin, ...","Triazatruxene-based Hole Transporting Materials for Highly Efficient Perovskite Solar Cells",2015,"Journal of the American Chemical Society","","","https://scholar.google.com/scholar?oi=bibs&hl=en&cites=1550179027374450494",30,"2023-03-01 18:33:49","Journal article","","","https://scholar.google.com/citations?view_op=view_citation&hl=en&user=QcgVxfIAAAAJ&pagesize=100&citation_for_view=QcgVxfIAAAAJ:ijdKiLOsEJMC",137,51,16172,16178,338,42.25,48,7,8,"","",""
323,"M Schreier, L Curvat, F Giordano, L Steier, A Abate, SM Zakeeruddin, ...","Efficient photosynthesis of carbon monoxide from CO2 using perovskite photovoltaics",2015,"Nature Communications","","","https://scholar.google.com/scholar?oi=bibs&hl=en&cites=16241118492096267475",31,"2023-03-01 18:33:49","Journal article","","","https://scholar.google.com/citations?view_op=view_citation&hl=en&user=QcgVxfIAAAAJ&pagesize=100&citation_for_view=QcgVxfIAAAAJ:X0DADzN9RKwC",6,,7326,7326,323,40.38,46,7,8,"","",""
309,"JP Correa-Baena, W Tress, K Domanski, EH Anaraki, SH Turren-Cruz, ...","Identifying and suppressing interfacial recombination to achieve high open-circuit voltage in perovskite solar cells",2017,"Energy &Environmental Science","","","https://scholar.google.com/scholar?oi=bibs&hl=en&cites=13550744532613752876",32,"2023-03-01 18:33:49","Journal article","","","https://scholar.google.com/citations?view_op=view_citation&hl=en&user=QcgVxfIAAAAJ&pagesize=100&citation_for_view=QcgVxfIAAAAJ:W2uZP3ddy8sC",10,5,1207,1212,309,51.50,52,6,6,"","",""
296,"J Li, HL Cao, WB Jiao, Q Wang, M Wei, I Cantone, J Lü, A Abate","Biological impact of lead from halide perovskites reveals the risk of introducing a safe threshold",2020,"Nature Communications volume","","","https://scholar.google.com/scholar?oi=bibs&hl=en&cites=16494617926376923580",33,"2023-03-01 18:33:49","Journal article","","","https://scholar.google.com/citations?view_op=view_citation&hl=en&user=QcgVxfIAAAAJ&pagesize=100&citation_for_view=QcgVxfIAAAAJ:oqD4_j7ulsYC",310,,,,296,98.67,37,8,3,"","",""
283,"A Abate","Perovskite Solar Cells Go Lead Free",2017,"Joule, DOI: 10.1016/j.joule.2017.09.","","","https://scholar.google.com/scholar?oi=bibs&hl=en&cites=16576001517999809984",34,"2023-03-01 18:33:49","Journal article","","","https://scholar.google.com/citations?view_op=view_citation&hl=en&user=QcgVxfIAAAAJ&pagesize=100&citation_for_view=QcgVxfIAAAAJ:I8rxH6phXEkC",7,,,,283,47.17,283,1,6,"","",""
277,"M Hadadian, JP Correa‐Baena, EK Goharshadi, A Ummadisingu, JY Seo, ...","Enhancing Efficiency of Perovskite Solar Cells via N‐doped Graphene: Crystal Modification and Surface Passivation",2016,"Advanced Materials","","","https://scholar.google.com/scholar?oi=bibs&hl=en&cites=13097651238993987968",35,"2023-03-01 18:33:49","Journal article","","","https://scholar.google.com/citations?view_op=view_citation&hl=en&user=QcgVxfIAAAAJ&pagesize=100&citation_for_view=QcgVxfIAAAAJ:N4u4nq0IxgcC",28,39,8681,8686,277,39.57,46,6,7,"","",""
273,"JP Correa‐Baena, M Anaya, G Lozano, W Tress, K Domanski, M Saliba, ...","Unbroken Perovskite: Interplay of Morphology, Electro‐optical Properties, and Ionic Movement",2016,"Advanced Materials","","","https://scholar.google.com/scholar?oi=bibs&hl=en&cites=17297381292889077132",36,"2023-03-01 18:33:49","Journal article","","","https://scholar.google.com/citations?view_op=view_citation&hl=en&user=QcgVxfIAAAAJ&pagesize=100&citation_for_view=QcgVxfIAAAAJ:sfnaS5RM6jYC",28,25,5031,5037,273,39.00,39,7,7,"","",""
263,"SH Turren-Cruz, M Saliba, MT Mayer, H Juárez-Santiesteban, X Mathew, ...","Enhanced charge carrier mobility and lifetime suppress hysteresis and improve efficiency in planar perovskite solar cells",2018,"Energy &Environmental Science","","","https://scholar.google.com/scholar?oi=bibs&hl=en&cites=17371406967690137278",37,"2023-03-01 18:33:49","Journal article","","","https://scholar.google.com/citations?view_op=view_citation&hl=en&user=QcgVxfIAAAAJ&pagesize=100&citation_for_view=QcgVxfIAAAAJ:xGWFX6Gbr9MC",11,1,78,86,263,52.60,44,6,5,"","",""
240,"P Gratia, A Magomedov, T Malinauskas, M Daskeviciene, A Abate, ...","Methoxydiphenylamine-Substituted Carbazole Twin Derivative: AnEfficient Hole-Transporting Material for Perovskite Solar Cell",2015,"Angewandte Chemie International Edition","","","https://scholar.google.com/scholar?oi=bibs&hl=en&cites=12113379888391047853,5763461301749983710",38,"2023-03-01 18:33:49","Journal article","","","https://scholar.google.com/citations?view_op=view_citation&hl=en&user=QcgVxfIAAAAJ&pagesize=100&citation_for_view=QcgVxfIAAAAJ:lYAcb2jw7qUC",54,,1,5,240,30.00,40,6,8,"","",""
232,"A Ummadisingu, L Steier, JY Seo, T Matsui, A Abate, W Tress, M Grätzel","The effect of illumination on the formation of metal halide perovskite films",2017,"Nature","","","https://scholar.google.com/scholar?oi=bibs&hl=en&cites=18062463341732839204",39,"2023-03-01 18:33:49","Journal article","","","https://scholar.google.com/citations?view_op=view_citation&hl=en&user=QcgVxfIAAAAJ&pagesize=100&citation_for_view=QcgVxfIAAAAJ:L24QuVWYgZ0C",545,7653,208,212,232,38.67,33,7,6,"","",""
232,"JY Seo, T Matsui, J Luo, JP Correa-Baena, F Giordano, M Saliba, ...","Ionic Liquid Control Crystal Growth to Enhance Planar Perovskite Solar Cells Efficiency",2016,"Advanced Energy Materials, DOI: 10.1002/aenm.","","","https://scholar.google.com/scholar?oi=bibs&hl=en&cites=6926082395596252605",40,"2023-03-01 18:33:49","Journal article","","","https://scholar.google.com/citations?view_op=view_citation&hl=en&user=QcgVxfIAAAAJ&pagesize=100&citation_for_view=QcgVxfIAAAAJ:ymY9cBF3mdcC",201600767,,,,232,33.14,33,7,7,"","",""
214,"K Aitola, K Domanski, JP Correa‐Baena, K Sveinbjörnsson, M Saliba, ...","High Temperature‐Stable Perovskite Solar Cell Based on Low‐Cost Carbon Nanotube Hole Contact",2017,"Advanced Materials","","","https://scholar.google.com/scholar?oi=bibs&hl=en&cites=17059666265367486502",41,"2023-03-01 18:33:49","Journal article","","","https://scholar.google.com/citations?view_op=view_citation&hl=en&user=QcgVxfIAAAAJ&pagesize=100&citation_for_view=QcgVxfIAAAAJ:rCNdntzdTkkC",29,17,1606398,1606398,214,35.67,36,6,6,"","",""
206,"MG Wolfgang Tress, Juan Pablo Correa Baena, Michael Saliba, Antonio Abate","Inverted Current–Voltage Hysteresis in Mixed Perovskite Solar Cells: Polarization, Energy Barriers, and Defect Recombination",2016,"Advanced Energy Materials, DOI: 10.1002/aenm.","","","https://scholar.google.com/scholar?oi=bibs&hl=en&cites=11110740252476637039",42,"2023-03-01 18:33:49","Journal article","","","https://scholar.google.com/citations?view_op=view_citation&hl=en&user=QcgVxfIAAAAJ&pagesize=100&citation_for_view=QcgVxfIAAAAJ:M0leSnx2MbUC",201600396,,,,206,29.43,52,4,7,"","",""
203,"B Roose, JPC Baena, KC Gödel, M Graetzel, A Hagfeldt, U Steiner, ...","Mesoporous SnO 2 electron selective contact enables UV-stable perovskite solar cells",2016,"Nano Energy","","","https://scholar.google.com/scholar?oi=bibs&hl=en&cites=3396113125904201510",43,"2023-03-01 18:33:49","Journal article","","","https://scholar.google.com/citations?view_op=view_citation&hl=en&user=QcgVxfIAAAAJ&pagesize=100&citation_for_view=QcgVxfIAAAAJ:QsKbpXNoaWkC",30,,517,522,203,29.00,29,7,7,"","",""
203,"L Kranz, A Abate, T Feurer, F Fu, E Avancini, J Loeckinger, P Reinhard, ...","High-Efficiency Polycrystalline Thin Film Tandem Solar Cells",2015,"The Journal of Physical Chemistry Letters","","","https://scholar.google.com/scholar?oi=bibs&hl=en&cites=10424777575867469421",44,"2023-03-01 18:33:49","Journal article","","","https://scholar.google.com/citations?view_op=view_citation&hl=en&user=QcgVxfIAAAAJ&pagesize=100&citation_for_view=QcgVxfIAAAAJ:z8nqeaKD1nsC",6,14,2676,2681,203,25.38,25,8,8,"","",""
184,"K Aitola, K Sveinbjornsson, JPC Baena, A Kaskela, A Abate, Y Tian, ...","Carbon nanotube-based hybrid hole-transporting material and selective contact for high efficiency perovskite solar cells",2015,"Energy &Environmental Science","","","https://scholar.google.com/scholar?oi=bibs&hl=en&cites=12750143118117532905",45,"2023-03-01 18:33:49","","","","https://scholar.google.com/citations?view_op=view_citation&hl=en&user=QcgVxfIAAAAJ&pagesize=100&citation_for_view=QcgVxfIAAAAJ:BOlwja0KXvYC",,,,,184,23.00,26,7,8,"","",""
179,"A Abate, S Paek, F Giordano, JP Correa-Baena, M Saliba, P Gao, ...","Silolothiophene-Linked Triphenylamines as Stable Hole Transporting Materials for High Efficiency Perovskite Solar Cells",2015,"Energy &Environmental Science","","","https://scholar.google.com/scholar?oi=bibs&hl=en&cites=13816734688744887074",46,"2023-03-01 18:33:49","Journal article","","","https://scholar.google.com/citations?view_op=view_citation&hl=en&user=QcgVxfIAAAAJ&pagesize=100&citation_for_view=QcgVxfIAAAAJ:nqdriD65xNoC",8,,2946,2953,179,22.38,26,7,8,"","",""
175,"A Abate, DJ Hollman, J Teuscher, S Pathak, R Avolio, G D’Errico, ...","Protic ionic liquids as p-dopant for organic hole transporting materials and their application in high efficiency hybrid solar cells",2013,"Journal of the American Chemical Society","","","https://scholar.google.com/scholar?oi=bibs&hl=en&cites=8645283267894721581",47,"2023-03-01 18:33:49","Journal article","","","https://scholar.google.com/citations?view_op=view_citation&hl=en&user=QcgVxfIAAAAJ&pagesize=100&citation_for_view=QcgVxfIAAAAJ:4aZ_i-5WJEQC",135,36,13538,13548,175,17.50,25,7,10,"","",""
154,"B Roose, KC Gödel, S Pathak, A Sadhanala, JPC Baena, ...","Enhanced Efficiency and Stability of Perovskite Solar Cells Through Nd-Doping of Mesostructured TiO2",2015,"Advanced Energy Materials 6 (DOI: 10.1002/aenm.201501868)","","","https://scholar.google.com/scholar?oi=bibs&hl=en&cites=1479524258634918590",48,"2023-03-01 18:33:49","Journal article","","","https://scholar.google.com/citations?view_op=view_citation&hl=en&user=QcgVxfIAAAAJ&pagesize=100&citation_for_view=QcgVxfIAAAAJ:OzeSX8-yOCQC",1501868,,,,154,19.25,26,6,8,"","",""
141,"Q Wang, N Phung, D Di Girolamo, P Vivo, A Abate","Enhancement in lifespan of halide perovskite solar cells",2019,"Energy &Environmental Science","","","https://scholar.google.com/scholar?oi=bibs&hl=en&cites=15176414876854897477",49,"2023-03-01 18:33:49","Journal article","","","https://scholar.google.com/citations?view_op=view_citation&hl=en&user=QcgVxfIAAAAJ&pagesize=100&citation_for_view=QcgVxfIAAAAJ:QaSi33NTfwYC",12,3,865,886,141,35.25,28,5,4,"","",""
135,"A Cannavale, EG Eperon, P Cossari, A Abate, H Snaith, Gigli, Giuseppe","Perovskite photovoltachromic cells for building integration",2015,"Energy &Environmental Science","","","https://scholar.google.com/scholar?oi=bibs&hl=en&cites=1117483633634967204",50,"2023-03-01 18:33:49","Journal article","","","https://scholar.google.com/citations?view_op=view_citation&hl=en&user=QcgVxfIAAAAJ&pagesize=100&citation_for_view=QcgVxfIAAAAJ:s85pQhAUCrAC",8,,1578,1584,135,16.88,19,7,8,"","",""
128,"R Grisorio, B Roose, S Colella, A Listorti, GP Suranna, A Abate","Molecular Tailoring of Phenothiazine-Based Hole-Transporting Materials for High-Performing Perovskite Solar Cells",2017,"ACS Energy Letters","","","https://scholar.google.com/scholar?oi=bibs&hl=en&cites=14890701278588182835",51,"2023-03-01 18:33:49","Journal article","","","https://scholar.google.com/citations?view_op=view_citation&hl=en&user=QcgVxfIAAAAJ&pagesize=100&citation_for_view=QcgVxfIAAAAJ:7H_jS4BsgvYC",2,5,1029,1034,128,21.33,21,6,6,"","",""
123,"A Abate, JP Correa‐Baena, M Saliba, MS Su'ait, F Bella","Perovskite Solar Cells: From the Laboratory to the Assembly Line",2018,"Chemistry–A European Journal","","","https://scholar.google.com/scholar?oi=bibs&hl=en&cites=16872055727937218680,2382324475247447882",52,"2023-03-01 18:33:49","Journal article","","","https://scholar.google.com/citations?view_op=view_citation&hl=en&user=QcgVxfIAAAAJ&pagesize=100&citation_for_view=QcgVxfIAAAAJ:H7nrzBkawXsC",24,13,3083,3100,123,24.60,25,5,5,"","",""
119,"B Roose, Q Wang, A Abate","The Role of Charge Selective Contacts in Perovskite Solar Cell Stability",2019,"Advanced Energy Materials","","","https://scholar.google.com/scholar?oi=bibs&hl=en&cites=2955830969708198994",53,"2023-03-01 18:33:49","Journal article","","","https://scholar.google.com/citations?view_op=view_citation&hl=en&user=QcgVxfIAAAAJ&pagesize=100&citation_for_view=QcgVxfIAAAAJ:vVJNg6_NJEsC",9,5,1803140,1803140,119,29.75,40,3,4,"","",""
119,"S Sanchez, X Hua, N Phung, U Steiner, A Abate","Flash Infrared Annealing for Antisolvent-Free Highly Efﬁcient Perovskite Solar Cells",2018,"Advanced Energy Materials, DOI: 10.1002/aenm.","","","https://scholar.google.com/scholar?oi=bibs&hl=en&cites=6067630803163578283",54,"2023-03-01 18:33:49","Journal article","","","https://scholar.google.com/citations?view_op=view_citation&hl=en&user=QcgVxfIAAAAJ&pagesize=100&citation_for_view=QcgVxfIAAAAJ:natZJ_-F0IUC",201702915,,,,119,23.80,24,5,5,"","",""
119,"T Kinoshita, K Nonomura, NJ Jeon, F Giordano, A Abate, S Uchida, ...","Spectral splitting photovoltaics using perovskite and wideband dye-sensitized solar cells",2015,"Nature communications","","","https://scholar.google.com/scholar?oi=bibs&hl=en&cites=15066624206770992784",55,"2023-03-01 18:33:49","Journal article","","","https://scholar.google.com/citations?view_op=view_citation&hl=en&user=QcgVxfIAAAAJ&pagesize=100&citation_for_view=QcgVxfIAAAAJ:QVtou7C4vgoC",6,,8834,8834,119,14.88,17,7,8,"","",""
116,"B Roose, CM Johansen, K Dupraz, T Jaouen, P Aebi, U Steiner, A Abate","A Ga-doped SnO 2 mesoporous contact for UV stable highly efficient perovskite solar cells",2018,"Journal of Materials Chemistry A","","","https://scholar.google.com/scholar?oi=bibs&hl=en&cites=9523879326852311690",56,"2023-03-01 18:33:49","Journal article","","","https://scholar.google.com/citations?view_op=view_citation&hl=en&user=QcgVxfIAAAAJ&pagesize=100&citation_for_view=QcgVxfIAAAAJ:KTwcwpFFj4wC",6,4,1850,1857,116,23.20,17,7,5,"","",""
116,"S Gholipour, JP Correa‐Baena, K Domanski, T Matsui, L Steier, ...","Highly Efficient and Stable Perovskite Solar Cells based on a Low‐Cost Carbon Cloth",2016,"Advanced Energy Materials","","","https://scholar.google.com/scholar?oi=bibs&hl=en&cites=4156420715258334951",57,"2023-03-01 18:33:49","Journal article","","","https://scholar.google.com/citations?view_op=view_citation&hl=en&user=QcgVxfIAAAAJ&pagesize=100&citation_for_view=QcgVxfIAAAAJ:pYKElYtJMmwC",6,20,1601116,1601116,116,16.57,19,6,7,"","",""
114,"M Planells, A Abate, DJ Hollman, SD Stranks, V Bharti, J Gaur, D Mohanty, ...","Diacetylene bridged triphenylamines as hole transport materials for solid state dye sensitized solar cells",2013,"Journal of Materials Chemistry A","","","https://scholar.google.com/scholar?oi=bibs&hl=en&cites=742049049909521469",58,"2023-03-01 18:33:49","Journal article","","","https://scholar.google.com/citations?view_op=view_citation&hl=en&user=QcgVxfIAAAAJ&pagesize=100&citation_for_view=QcgVxfIAAAAJ:KWzIFqRkAKkC",1,23,6949,6960,114,11.40,14,8,10,"","",""
112,"N Phung, R Félix, D Meggiolaro, A Al-Ashouri, G Sousa e Silva, ...","The doping mechanism of halide perovskite unveiled by alkaline earth metals",2020,"Journal of the American Chemical Society","","","https://scholar.google.com/scholar?oi=bibs&hl=en&cites=18339018233104055726",59,"2023-03-01 18:33:49","Journal article","","","https://scholar.google.com/citations?view_op=view_citation&hl=en&user=QcgVxfIAAAAJ&pagesize=100&citation_for_view=QcgVxfIAAAAJ:lK9BDNCuzFgC",142,5,2364,2374,112,37.33,19,6,3,"","",""
112,"M Li, YG Yang, ZK Wang, T Kang, Q Wang, SH Turren‐Cruz, XY Gao, ...","Perovskite Grains Embraced in a Soft Fullerene Network Make Highly Efficient Flexible Solar Cells with Superior Mechanical Stability",2019,"Advanced Materials","","","https://scholar.google.com/scholar?oi=bibs&hl=en&cites=16093601956636079506",60,"2023-03-01 18:33:49","Journal article","","","https://scholar.google.com/citations?view_op=view_citation&hl=en&user=QcgVxfIAAAAJ&pagesize=100&citation_for_view=QcgVxfIAAAAJ:as0KMg8qHbkC",31,25,1901519,1901519,112,28.00,14,8,4,"","",""
111,"M Anaya, JP Correa-Baena, G Lozano, M Saliba, P Anguita, B Roose, ...","Optical analysis of CH 3 NH 3 Sn x Pb 1− x I 3 absorbers: a roadmap for perovskite-on-perovskite tandem solar cells",2016,"Journal of Materials Chemistry A","","","https://scholar.google.com/scholar?oi=bibs&hl=en&cites=2790745447827423141",61,"2023-03-01 18:33:49","Journal article","","","https://scholar.google.com/citations?view_op=view_citation&hl=en&user=QcgVxfIAAAAJ&pagesize=100&citation_for_view=QcgVxfIAAAAJ:9DLIHnF0jcYC",4,29,11214,11221,111,15.86,16,7,7,"","",""
110,"G Nasti, A Abate","Tin Halide Perovskite (ASnX3) Solar Cells: A Comprehensive Guide toward the Highest Power Conversion Efficiency",2019,"Advanced Energy Materials","","","https://scholar.google.com/scholar?oi=bibs&hl=en&cites=18438297794237902511",62,"2023-03-01 18:33:49","Journal article","","","https://scholar.google.com/citations?view_op=view_citation&hl=en&user=QcgVxfIAAAAJ&pagesize=100&citation_for_view=QcgVxfIAAAAJ:V_vSwabWVtYC",1902467,,,,110,27.50,55,2,4,"","",""
102,"S Sanchez, N Christoph, B Grobety, N Phung, U Steiner, M Saliba, ...","Efﬁcient and Stable Inorganic Perovskite Solar Cells Manufactured by Pulsed Flash Infrared Annealing",2018,"Advanced Energy Materials","","","https://scholar.google.com/scholar?oi=bibs&hl=en&cites=2553899535071995246",63,"2023-03-01 18:33:49","","","","https://scholar.google.com/citations?view_op=view_citation&hl=en&user=QcgVxfIAAAAJ&pagesize=100&citation_for_view=QcgVxfIAAAAJ:KI9T_ytC6pkC",,,,,102,20.40,15,7,5,"","",""
100,"S Ahmad, PK Kanaujia, HJ Beeson, A Abate, F Deschler, D Credgington, ...","Strong photocurrent from 2D excitons in solution-processed stacked perovskite semiconductor sheets",2015,"ACS Applied Materials &Interfaces","","","https://scholar.google.com/scholar?oi=bibs&hl=en&cites=4732136368983795489",64,"2023-03-01 18:33:49","Journal article","","","https://scholar.google.com/citations?view_op=view_citation&hl=en&user=QcgVxfIAAAAJ&pagesize=100&citation_for_view=QcgVxfIAAAAJ:dAp6zn-oMfAC",7,45,25227,25236,100,12.50,14,7,8,"","",""
98,"M Saliba, M Stolterfoht, CM Wolff, D Neher, A Abate","Measuring aging stability of perovskite solar cells",2018,"Joule","","","https://scholar.google.com/scholar?oi=bibs&hl=en&cites=8589074113121602365",65,"2023-03-01 18:33:49","Journal article","","","https://scholar.google.com/citations?view_op=view_citation&hl=en&user=QcgVxfIAAAAJ&pagesize=100&citation_for_view=QcgVxfIAAAAJ:Y9VhQm-5nPIC",2,6,1019,1024,98,19.60,20,5,5,"","",""
97,"N Phung, A Al‐Ashouri, S Meloni, A Mattoni, S Albrecht, EL Unger, ...","The Role of Grain Boundaries on Ionic Defect Migration in Metal Halide Perovskites",2020,"Advanced Energy Materials","","","https://scholar.google.com/scholar?oi=bibs&hl=en&cites=18430627789597021170",66,"2023-03-01 18:33:49","Journal article","","","https://scholar.google.com/citations?view_op=view_citation&hl=en&user=QcgVxfIAAAAJ&pagesize=100&citation_for_view=QcgVxfIAAAAJ:u3T1itk59dMC",10,20,1903735,1903735,97,32.33,14,7,3,"","",""
95,"F Ramos, M Ince, M Urbani, A Abate, M Grätzel, S Ahmad, T Torres, ...","Non-aggregated Zn(II)octa(2,6-diphenylphenoxy) phthalocyanine as a Hole Transporting Material for efficient Perovskite Solar cells",2015,"Dalton Transactions","","","https://scholar.google.com/scholar?oi=bibs&hl=en&cites=3063814539006076481,15658905218971312950",67,"2023-03-01 18:33:49","Journal article","","","https://scholar.google.com/citations?view_op=view_citation&hl=en&user=QcgVxfIAAAAJ&pagesize=100&citation_for_view=QcgVxfIAAAAJ:LK8CI43ZvvMC",44,,10847,10851,95,11.88,12,8,8,"","",""
92,"J Li, J Dagar, O Shargaieva, MA Flatken, H Köbler, M Fenske, C Schultz, ...","20.8% Slot‐Die Coated MAPbI3 Perovskite Solar Cells by Optimal DMSO‐Content and Age of 2‐ME Based Precursor Inks",2021,"Advanced Energy Materials","","","https://scholar.google.com/scholar?oi=bibs&hl=en&cites=7716236358457223814",68,"2023-03-01 18:33:49","Journal article","","","https://scholar.google.com/citations?view_op=view_citation&hl=en&user=QcgVxfIAAAAJ&pagesize=100&citation_for_view=QcgVxfIAAAAJ:9LpHyFPp1DQC",11,10,2003460,2003460,92,46.00,12,8,2,"","",""
92,"C Alberto, A Antonio, B Gianlorenzo, B Giulia, Y Rossella, C Franco, ...","Stability of Organic Cations in Solution-Processed CH3NH3PbI3 Perovskites: The Formation of Modified Surface Layers",2015,"The Journal of Physical Chemistry C","","","https://scholar.google.com/scholar?oi=bibs&hl=en&cites=5863632195518957915",69,"2023-03-01 18:33:49","Journal article","","","https://scholar.google.com/citations?view_op=view_citation&hl=en&user=QcgVxfIAAAAJ&pagesize=100&citation_for_view=QcgVxfIAAAAJ:37UQlXuwjP4C",119,37,21329,21335,92,11.50,13,7,8,"","",""
90,"AR bin Mohd Yusoff, M Vasilopoulou, DG Georgiadou, LC Palilis, A Abate, ...","Passivation and process engineering approaches of halide perovskite films for high efficiency and stability perovskite solar cells",2021,"Energy &Environmental Science","","","https://scholar.google.com/scholar?oi=bibs&hl=en&cites=8603901081290249040",70,"2023-03-01 18:33:49","Journal article","","","https://scholar.google.com/citations?view_op=view_citation&hl=en&user=QcgVxfIAAAAJ&pagesize=100&citation_for_view=QcgVxfIAAAAJ:cB__R-XWw9UC",14,5,2906,2953,90,45.00,15,6,2,"","",""
90,"CM Wolff, L Canil, C Rehermann, N Ngoc Linh, F Zu, M Ralaiarisoa, ...","Perfluorinated Self-Assembled Monolayers Enhance the Stability and Efficiency of Inverted Perovskite Solar Cells",2020,"ACS nano","","","https://scholar.google.com/scholar?oi=bibs&hl=en&cites=550942513482127492",71,"2023-03-01 18:33:49","Journal article","","","https://scholar.google.com/citations?view_op=view_citation&hl=en&user=QcgVxfIAAAAJ&pagesize=100&citation_for_view=QcgVxfIAAAAJ:oursBaop5wYC",14,2,1445,1456,90,30.00,13,7,3,"","",""
89,"M Li, WW Zuo, YG Yang, MH Aldamasy, Q Wang, SHT Cruz, SL Feng, ...","Tin halide perovskite films made of highly oriented 2D crystals enable more efficient and stable lead-free perovskite solar cells",2020,"ACS Energy Letters","","","https://scholar.google.com/scholar?oi=bibs&hl=en&cites=2404642590037276839",72,"2023-03-01 18:33:49","Journal article","","","https://scholar.google.com/citations?view_op=view_citation&hl=en&user=QcgVxfIAAAAJ&pagesize=100&citation_for_view=QcgVxfIAAAAJ:gV6rEsy15s0C",5,6,1923,1929,89,29.67,11,8,3,"","",""
89,"D Di Girolamo, F Di Giacomo, F Matteocci, AG Marrani, D Dini, A Abate","Progress, highlights and perspectives on NiO in perovskite photovoltaics",2020,"Chemical Science","","","https://scholar.google.com/scholar?oi=bibs&hl=en&cites=2090342181940107207",73,"2023-03-01 18:33:49","Journal article","","","https://scholar.google.com/citations?view_op=view_citation&hl=en&user=QcgVxfIAAAAJ&pagesize=100&citation_for_view=QcgVxfIAAAAJ:yJjnfzR0HrkC",11,30,7746,7759,89,29.67,15,6,3,"","",""
87,"A Abate, M Brischetto, G Cavallo, M Lahtinen, P Metrangolo, T Pilati, ...","Dimensional encapsulation of I− I 2 I− in an organic salt crystal matrix",2010,"Chemical Communications","","","https://scholar.google.com/scholar?oi=bibs&hl=en&cites=739278466202160311",74,"2023-03-01 18:33:49","Journal article","","","https://scholar.google.com/citations?view_op=view_citation&hl=en&user=QcgVxfIAAAAJ&pagesize=100&citation_for_view=QcgVxfIAAAAJ:NMlhSUseqAsC",46,16,2724,2726,87,6.69,12,7,13,"","",""
86,"S Gholipour, AM Ali, JP Correa‐Baena, SH Turren‐Cruz, F Tajabadi, ...","Globularity‐Selected Large Molecules for a New Generation of Multication Perovskites",2017,"Advanced Materials","","","https://scholar.google.com/scholar?oi=bibs&hl=en&cites=3915108389819130726",75,"2023-03-01 18:33:49","Journal article","","","https://scholar.google.com/citations?view_op=view_citation&hl=en&user=QcgVxfIAAAAJ&pagesize=100&citation_for_view=QcgVxfIAAAAJ:yeL6HyUMUGUC",29,38,1702005,1702005,86,14.33,14,6,6,"","",""
81,"D Di Girolamo, N Phung, FU Kosasih, F Di Giacomo, F Matteocci, ...","Ion Migration‐Induced Amorphization and Phase Segregation as a Degradation Mechanism in Planar Perovskite Solar Cells",2020,"Advanced Energy Materials","","","https://scholar.google.com/scholar?oi=bibs&hl=en&cites=2719479140717181960",76,"2023-03-01 18:33:49","Journal article","","","https://scholar.google.com/citations?view_op=view_citation&hl=en&user=QcgVxfIAAAAJ&pagesize=100&citation_for_view=QcgVxfIAAAAJ:sgsej9ZJWHMC",10,25,2000310,2000310,81,27.00,14,6,3,"","",""
80,"A Gómez, Q Wang, AR Goñi, M Campoy-Quiles, A Abate","Ferroelectricity-free lead halide perovskites",2019,"Energy &Environmental Science","","","https://scholar.google.com/scholar?oi=bibs&hl=en&cites=6230857585802605932,2996227295759467064",77,"2023-03-01 18:33:49","Journal article","","","https://scholar.google.com/citations?view_op=view_citation&hl=en&user=QcgVxfIAAAAJ&pagesize=100&citation_for_view=QcgVxfIAAAAJ:g_UdREhPGEoC",12,8,2537,2547,80,20.00,16,5,4,"","",""
78,"D Shen, W Zhang, F Xie, Y Li, A Abate, M Wei","Graphene quantum dots decorated TiO2 mesoporous film as an efficient electron transport layer for high-performance perovskite solar cells",2018,"Journal of Power Sources","","","https://scholar.google.com/scholar?oi=bibs&hl=en&cites=2119609229775344797",78,"2023-03-01 18:33:49","Journal article","","","https://scholar.google.com/citations?view_op=view_citation&hl=en&user=QcgVxfIAAAAJ&pagesize=100&citation_for_view=QcgVxfIAAAAJ:xyvS_IvSCKsC",402,,320,326,78,15.60,13,6,5,"","",""
72,"A Abate, DR Staff, DJ Hollman, HJ Snaith, AB Walker","Influence of ionizing dopants on charge transport in organic semiconductors",2014,"Physical Chemistry Chemical Physics","","","https://scholar.google.com/scholar?oi=bibs&hl=en&cites=5802886509322435086",79,"2023-03-01 18:33:49","Journal article","","","https://scholar.google.com/citations?view_op=view_citation&hl=en&user=QcgVxfIAAAAJ&pagesize=100&citation_for_view=QcgVxfIAAAAJ:s9ia6_kGH2AC",16,3,1132,1138,72,8.00,14,5,9,"","",""
71,"J Pascual, G Nasti, MH Aldamasy, JA Smith, M Flatken, N Phung, ...","Origin of Sn (ii) oxidation in tin halide perovskites",2020,"Materials Advances","","","https://scholar.google.com/scholar?oi=bibs&hl=en&cites=5581563104417300137",80,"2023-03-01 18:33:49","Journal article","","","https://scholar.google.com/citations?view_op=view_citation&hl=en&user=QcgVxfIAAAAJ&pagesize=100&citation_for_view=QcgVxfIAAAAJ:AFmTUeZ1pmEC",1,5,1066,1070,71,23.67,10,7,3,"","",""
69,"R Grisorio, R Iacobellis, A Listorti, L De Marco, MP Cipolla, M Manca, ...","Rational Design of Molecular Hole-Transporting Materials for Perovskite Solar Cells: Direct versus Inverted Device Configurations",2017,"ACS Applied Materials &Interfaces","","","https://scholar.google.com/scholar?oi=bibs&hl=en&cites=9200100999281579189",81,"2023-03-01 18:33:49","Journal article","","","https://scholar.google.com/citations?view_op=view_citation&hl=en&user=QcgVxfIAAAAJ&pagesize=100&citation_for_view=QcgVxfIAAAAJ:RMgMIBzvq-4C",9,29,24778,24787,69,11.50,10,7,6,"","",""
69,"T Matsui, I Petrikyte, T Malinauskas, K Domanski, M Daskeviciene, ...","Additive‐Free Transparent Triarylamine‐Based Polymeric Hole‐Transport Materials for Stable Perovskite Solar Cells",2016,"ChemSusChem","","","https://scholar.google.com/scholar?oi=bibs&hl=en&cites=5549618282582356895,5464672562767776334",82,"2023-03-01 18:33:49","Journal article","","","https://scholar.google.com/citations?view_op=view_citation&hl=en&user=QcgVxfIAAAAJ&pagesize=100&citation_for_view=QcgVxfIAAAAJ:PQEM9vzQD9gC",9,18,2567,2571,69,9.86,12,6,7,"","",""
69,"A Abate, S Biella, G Cavallo, F Meyer, H Neukirch, P Metrangolo, T Pilati, ...","Halide anions driven self-assembly of haloperfluoroarenes: Formation of one-dimensional non-covalent copolymers",2009,"Journal of fluorine chemistry","","","https://scholar.google.com/scholar?oi=bibs&hl=en&cites=16871559776113761491",83,"2023-03-01 18:33:49","Journal article","","","https://scholar.google.com/citations?view_op=view_citation&hl=en&user=QcgVxfIAAAAJ&pagesize=100&citation_for_view=QcgVxfIAAAAJ:-uzm3Y7AvW0C",130,12,1171,1177,69,4.93,9,8,14,"","",""
68,"A Abate, A Petrozza, G Cavallo, G Lanzani, F Matteucci, DW Bruce, ...","Anisotropic ionic conductivity in fluorinated ionic liquid crystals suitable for optoelectronic applications",2013,"Journal of Materials Chemistry A","","","https://scholar.google.com/scholar?oi=bibs&hl=en&cites=13374247155181825976",84,"2023-03-01 18:33:49","Journal article","","","https://scholar.google.com/citations?view_op=view_citation&hl=en&user=QcgVxfIAAAAJ&pagesize=100&citation_for_view=QcgVxfIAAAAJ:hvmnpdAuIbkC",1,22,6572,6578,68,6.80,10,7,10,"","",""
65,"M Saliba, T Matsui, JY Seo, K Domanski, JP Correa-Baena, ...","Energy Environ",2016,"Sci","","","https://scholar.google.com/scholar?oi=bibs&hl=en&cites=4954819912101832066",85,"2023-03-01 18:33:49","Journal article","","","https://scholar.google.com/citations?view_op=view_citation&hl=en&user=QcgVxfIAAAAJ&pagesize=100&citation_for_view=QcgVxfIAAAAJ:ufKn5pxu7C0C",9,6,1989,1997,65,9.29,11,6,7,"","",""
64,"B Roose, A Ummadisingu, JP Correa-Baena, M Saliba, A Hagfeldt, ...","Spontaneous crystal coalescence enables highly efficient perovskite solar cells",2017,"Nano Energy","","","https://scholar.google.com/scholar?oi=bibs&hl=en&cites=6377839685507961047",86,"2023-03-01 18:33:49","","","","https://scholar.google.com/citations?view_op=view_citation&hl=en&user=QcgVxfIAAAAJ&pagesize=100&citation_for_view=QcgVxfIAAAAJ:Y0-TYkg6YM4C",,,,,64,10.67,11,6,6,"","",""
63,"D Di Girolamo, F Matteocci, FU Kosasih, G Chistiakova, W Zuo, G Divitini, ...","Stability and Dark Hysteresis Correlate in NiO‐Based Perovskite Solar Cells",2019,"Advanced Energy Materials","","","https://scholar.google.com/scholar?oi=bibs&hl=en&cites=5835452153102875352",87,"2023-03-01 18:33:49","Journal article","","","https://scholar.google.com/citations?view_op=view_citation&hl=en&user=QcgVxfIAAAAJ&pagesize=100&citation_for_view=QcgVxfIAAAAJ:BJtnxTr0fRcC",9,31,1901642,1901642,63,15.75,9,7,4,"","",""
61,"G Li, Z Su, M Li, F Yang, MH Aldamasy, J Pascual, F Yang, H Liu, W Zuo, ...","Ionic Liquid Stabilizing High‐Efficiency Tin Halide Perovskite Solar Cells",2021,"Advanced Energy Materials","","","https://scholar.google.com/scholar?oi=bibs&hl=en&cites=7762722721874656427",88,"2023-03-01 18:33:49","Journal article","","","https://scholar.google.com/citations?view_op=view_citation&hl=en&user=QcgVxfIAAAAJ&pagesize=100&citation_for_view=QcgVxfIAAAAJ:ojlX30-wUrgC",11,32,2101539,2101539,61,30.50,6,10,2,"","",""
61,"L Canil, T Cramer, B Fraboni, D Ricciarelli, D Meggiolaro, A Singh, M Liu, ...","Tuning halide perovskite energy levels",2021,"Energy &Environmental Science","","","https://scholar.google.com/scholar?oi=bibs&hl=en&cites=12007094043018826164",89,"2023-03-01 18:33:49","Journal article","","","https://scholar.google.com/citations?view_op=view_citation&hl=en&user=QcgVxfIAAAAJ&pagesize=100&citation_for_view=QcgVxfIAAAAJ:hfzGNhXhx5MC",14,3,1429,1438,61,30.50,8,8,2,"","",""
61,"SK Pathak, A Abate, T Leijtens, DJ Hollman, J Teuscher, L Pazos, ...","Towards Long‐Term Photostability of Solid‐State Dye Sensitized Solar Cells",2014,"Advanced Energy Materials","","","https://scholar.google.com/scholar?oi=bibs&hl=en&cites=8955825043005446952",90,"2023-03-01 18:33:49","Journal article","","","https://scholar.google.com/citations?view_op=view_citation&hl=en&user=QcgVxfIAAAAJ&pagesize=100&citation_for_view=QcgVxfIAAAAJ:YB4bud6kWLwC",4,8,1301667,1301667,61,6.78,9,7,9,"","",""
60,"TJ Jacobsson, A Hultqvist, A García-Fernández, A Anand, A Al-Ashouri, ...","An open-access database and analysis tool for perovskite solar cells based on the FAIR data principles",2022,"Nature Energy","","","https://scholar.google.com/scholar?oi=bibs&hl=en&cites=3431904604540791066",91,"2023-03-01 18:33:49","Journal article","","","https://scholar.google.com/citations?view_op=view_citation&hl=en&user=QcgVxfIAAAAJ&pagesize=100&citation_for_view=QcgVxfIAAAAJ:i91s68tWr-MC",7,1,107,115,60,60.00,10,6,1,"","",""
60,"M Roß, S Severin, MB Stutz, P Wagner, H Köbler, M Favin‐Lévêque, ...","Co‐Evaporated Formamidinium Lead Iodide Based Perovskites with 1000 h Constant Stability for Fully Textured Monolithic Perovskite/Silicon Tandem Solar Cells",2021,"Advanced Energy Materials","","","https://scholar.google.com/scholar?oi=bibs&hl=en&cites=9277392504038641667",92,"2023-03-01 18:33:49","Journal article","","","https://scholar.google.com/citations?view_op=view_citation&hl=en&user=QcgVxfIAAAAJ&pagesize=100&citation_for_view=QcgVxfIAAAAJ:Nufq_to8ts0C",11,35,2101460,2101460,60,30.00,9,7,2,"","",""
60,"A Abate, M Planells, DJ Hollman, V Barthi, S Chand, HJ Snaith, ...","Hole-transport materials with greatly-differing redox potentials give efficient TiO 2–[CH 3 NH 3][PbX 3] perovskite solar cells",2015,"Physical Chemistry Chemical Physics","","","https://scholar.google.com/scholar?oi=bibs&hl=en&cites=1040149079554120216",93,"2023-03-01 18:33:49","Journal article","","","https://scholar.google.com/citations?view_op=view_citation&hl=en&user=QcgVxfIAAAAJ&pagesize=100&citation_for_view=QcgVxfIAAAAJ:SxCCDk4iOpsC",17,4,2335,2338,60,7.50,9,7,8,"","",""
56,"E Aktas, N Phung, H Köbler, DA González, M Méndez, I Kafedjiska, ...","Understanding the perovskite/self-assembled selective contact interface for ultra-stable and highly efficient p–i–n perovskite solar cells",2021,"Energy &Environmental Science","","","https://scholar.google.com/scholar?oi=bibs&hl=en&cites=11915694866240728863",94,"2023-03-01 18:33:49","Journal article","","","https://scholar.google.com/citations?view_op=view_citation&hl=en&user=QcgVxfIAAAAJ&pagesize=100&citation_for_view=QcgVxfIAAAAJ:cSdaV2aYdYsC",14,7,3976,3985,56,28.00,8,7,2,"","",""
56,"M Saliba, T Matsui, JY Seo, K Domanski, JP Correa-Baena, ...","Energy Environ. Sci. 9, 1989 (2016)",2016,"","","","https://scholar.google.com/scholar?oi=bibs&hl=en&cites=16202605719222854963",95,"2023-03-01 18:33:49","","","","https://scholar.google.com/citations?view_op=view_citation&hl=en&user=QcgVxfIAAAAJ&pagesize=100&citation_for_view=QcgVxfIAAAAJ:VnuxuLaQPLMC",,,,,56,8.00,9,6,7,"","",""
54,"A Gagliardi, A Abate","Mesoporous electron-selective contacts enhance the tolerance to interfacial ion accumulation in perovskite solar cells",2017,"ACS Energy Letters","","","https://scholar.google.com/scholar?oi=bibs&hl=en&cites=16445871518553526801",96,"2023-03-01 18:33:49","Journal article","","","https://scholar.google.com/citations?view_op=view_citation&hl=en&user=QcgVxfIAAAAJ&pagesize=100&citation_for_view=QcgVxfIAAAAJ:rOcdG6UcVlcC",3,1,163,169,54,9.00,27,2,6,"","",""
52,"EV Canesi, M Binda, A Abate, S Guarnera, L Moretti, V D'Innocenzo, ...","The effect of selective interactions at the interface of polymer–oxide hybrid solar cells",2012,"Energy &Environmental Science","","","https://scholar.google.com/scholar?oi=bibs&hl=en&cites=14737175677510772941",97,"2023-03-01 18:33:49","Journal article","","","https://scholar.google.com/citations?view_op=view_citation&hl=en&user=QcgVxfIAAAAJ&pagesize=100&citation_for_view=QcgVxfIAAAAJ:JP7YXuLIOvAC",5,10,9068,9076,52,4.73,7,7,11,"","",""
49,"J Dagar, M Fenske, A Al-Ashouri, C Schultz, B Li, H Köbler, R Munir, ...","Compositional and Interfacial Engineering Yield High-Performance and Stable pin Perovskite Solar Cells and Mini-Modules",2021,"ACS applied materials &interfaces","","","https://scholar.google.com/scholar?oi=bibs&hl=en&cites=13948847586652450717",98,"2023-03-01 18:33:49","Journal article","","","https://scholar.google.com/citations?view_op=view_citation&hl=en&user=QcgVxfIAAAAJ&pagesize=100&citation_for_view=QcgVxfIAAAAJ:T8_be82Iz5gC",13,11,13022,13033,49,24.50,6,8,2,"","",""
49,"Q Wang, E Mosconi, C Wolff, J Li, D Neher, F De Angelis, GP Suranna, ...","Rationalizing the Molecular Design of Hole‐Selective Contacts to Improve Charge Extraction in Perovskite Solar Cells",2019,"Advanced Energy Materials","","","https://scholar.google.com/scholar?oi=bibs&hl=en&cites=16953627677574618378",99,"2023-03-01 18:33:49","Journal article","","","https://scholar.google.com/citations?view_op=view_citation&hl=en&user=QcgVxfIAAAAJ&pagesize=100&citation_for_view=QcgVxfIAAAAJ:rbGdIwl2e6cC",9,28,1900990,1900990,49,12.25,6,8,4,"","",""
48,"D Di Girolamo, J Pascual, MH Aldamasy, Z Iqbal, G Li, E Radicchi, M Li, ...","Solvents for Processing Stable Tin Halide Perovskites",2021,"ACS Energy Letters","","","https://scholar.google.com/scholar?oi=bibs&hl=en&cites=12469427075301607268",100,"2023-03-01 18:33:49","Journal article","","","https://scholar.google.com/citations?view_op=view_citation&hl=en&user=QcgVxfIAAAAJ&pagesize=100&citation_for_view=QcgVxfIAAAAJ:G36d5HCDkJYC",6,3,959,968,48,24.00,6,8,2,"","",""
48,"M Li, WW Zuo, Q Wang, KL Wang, MP Zhuo, H Köbler, CE Halbig, ...","Ultrathin Nanosheets of Oxo‐functionalized Graphene Inhibit the Ion Migration in Perovskite Solar Cells",2020,"Advanced Energy Materials","","","https://scholar.google.com/scholar?oi=bibs&hl=en&cites=14284678477997031847",101,"2023-03-01 18:33:49","Journal article","","","https://scholar.google.com/citations?view_op=view_citation&hl=en&user=QcgVxfIAAAAJ&cstart=100&pagesize=100&citation_for_view=QcgVxfIAAAAJ:uAPFzskPt0AC",10,4,1902653,1902653,48,16.00,6,8,3,"","",""
41,"M Li, WW Zuo, AG Ricciardulli, YG Yang, YH Liu, Q Wang, KL Wang, ...","Embedded Nickel‐Mesh Transparent Electrodes for Highly Efficient and Mechanically Stable Flexible Perovskite Photovoltaics: Toward a Portable Mobile Energy Source",2020,"Advanced Materials","","","https://scholar.google.com/scholar?oi=bibs&hl=en&cites=11003523105377327422",102,"2023-03-01 18:33:49","Journal article","","","https://scholar.google.com/citations?view_op=view_citation&hl=en&user=QcgVxfIAAAAJ&cstart=100&pagesize=100&citation_for_view=QcgVxfIAAAAJ:DquSII9TDu4C",32,38,2003422,2003422,41,13.67,5,8,3,"","",""
41,"D Di Girolamo, N Phung, M Jošt, A Al‐Ashouri, G Chistiakova, J Li, ...","From Bulk to Surface: Sodium Treatment Reduces Recombination at the Nickel Oxide/Perovskite Interface",2019,"Advanced Materials Interfaces","","","https://scholar.google.com/scholar?oi=bibs&hl=en&cites=17312803014422711625",103,"2023-03-01 18:33:49","Journal article","","","https://scholar.google.com/citations?view_op=view_citation&hl=en&user=QcgVxfIAAAAJ&cstart=100&pagesize=100&citation_for_view=QcgVxfIAAAAJ:hHIA4WEVY-EC",6,17,1900789,1900789,41,10.25,6,7,4,"","",""
40,"E Gutierrez-Partida, H Hempel, S Caicedo-Davila, M Raoufi, ...","Large-grain double cation perovskites with 18 μs lifetime and high luminescence yield for efficient inverted perovskite solar cells",2021,"ACS Energy Letters","","","https://scholar.google.com/scholar?oi=bibs&hl=en&cites=11658379984493752323",104,"2023-03-01 18:33:49","Journal article","","","https://scholar.google.com/citations?view_op=view_citation&hl=en&user=QcgVxfIAAAAJ&cstart=100&pagesize=100&citation_for_view=QcgVxfIAAAAJ:qPeb-qHga9sC",6,3,1045,1054,40,20.00,8,5,2,"","",""
40,"P Caprioglio, DS Cruz, S Caicedo-Dávila, F Zu, AA Sutanto, ...","Bi-functional interfaces by poly (ionic liquid) treatment in efficient pin and nip perovskite solar cells",2021,"Energy &environmental science","","","https://scholar.google.com/scholar?oi=bibs&hl=en&cites=126662874692637420",105,"2023-03-01 18:33:49","Journal article","","","https://scholar.google.com/citations?view_op=view_citation&hl=en&user=QcgVxfIAAAAJ&cstart=100&pagesize=100&citation_for_view=QcgVxfIAAAAJ:ShjGdcaqzI0C",14,8,4508,4522,40,20.00,7,6,2,"","",""
40,"A Gomez, S Sanchez, M Campoy-Quiles, A Abate","Topological distribution of reversible and non-reversible degradation in perovskite solar cells",2018,"Nano Energy","","","https://scholar.google.com/scholar?oi=bibs&hl=en&cites=4179585214927514915,18291571774065730752",106,"2023-03-01 18:33:49","Journal article","","","https://scholar.google.com/citations?view_op=view_citation&hl=en&user=QcgVxfIAAAAJ&cstart=100&pagesize=100&citation_for_view=QcgVxfIAAAAJ:wyM6WWKXmoIC",45,,94,100,40,8.00,10,4,5,"","",""
40,"S Carli, JP Correa Baena, G Marianetti, N Marchetti, M Lessi, A Abate, ...","A New 1,3,4-Oxadiazole-Based Hole-Transport Material for Efficient CH3NH3PbBr3 Perovskite Solar Cells",2016,"ChemSusChem, DOI: 10.1002/cssc.","","","https://scholar.google.com/scholar?oi=bibs&hl=en&cites=4411045151249780733",107,"2023-03-01 18:33:49","Journal article","","","https://scholar.google.com/citations?view_op=view_citation&hl=en&user=QcgVxfIAAAAJ&cstart=100&pagesize=100&citation_for_view=QcgVxfIAAAAJ:ji7lAbPyDbYC",201501665,,,,40,5.71,6,7,7,"","",""
40,"A Abate, A Petrozza, V Roiati, S Guarnera, H Snaith, F Matteucci, ...","A polyfluoroalkyl imidazolium ionic liquid as iodide ion source in dye sensitized solar cells",2012,"Organic Electronics","","","https://scholar.google.com/scholar?oi=bibs&hl=en&cites=12028338697598389113",108,"2023-03-01 18:33:49","Journal article","","","https://scholar.google.com/citations?view_op=view_citation&hl=en&user=QcgVxfIAAAAJ&cstart=100&pagesize=100&citation_for_view=QcgVxfIAAAAJ:RtRctb2lSbAC",13,11,2474,2478,40,3.64,6,7,11,"","",""
39,"A Abate, M Planells, DJ Hollman, SD Stranks, A Petrozza, ARS Kandada, ...","An Organic “Donor‐Free” Dye with Enhanced Open‐Circuit Voltage in Solid‐State Sensitized Solar Cells",2014,"Advanced Energy Materials","","","https://scholar.google.com/scholar?oi=bibs&hl=en&cites=18228957072474875736",109,"2023-03-01 18:33:49","Journal article","","","https://scholar.google.com/citations?view_op=view_citation&hl=en&user=QcgVxfIAAAAJ&cstart=100&pagesize=100&citation_for_view=QcgVxfIAAAAJ:nPT8s1NX_-sC",4,13,140016,140016,39,4.33,6,7,9,"","",""
38,"S Revoju, A Matuhina, L Canil, H Salonen, A Hiltunen, A Abate, P Vivo","Structure-induced optoelectronic properties of phenothiazine-based materials",2020,"Journal of Materials Chemistry C","","","https://scholar.google.com/scholar?oi=bibs&hl=en&cites=9856101888849430432",110,"2023-03-01 18:33:49","Journal article","","","https://scholar.google.com/citations?view_op=view_citation&hl=en&user=QcgVxfIAAAAJ&cstart=100&pagesize=100&citation_for_view=QcgVxfIAAAAJ:cRMvf6lLvU8C",8,44,15486,15506,38,12.67,5,7,3,"","",""
38,"P Gao, KT Cho, A Abate, G Grancini, PY Reddy, K Tsuchimoto, M Grätzel, ...","Efficient Perovskite Solar Cell with Symmetrical Zn (II) Phthalocyanine Infiltrated Buffering Porous Al2O3 as Hybrid Interfacial Hole-Transporting Layer",2016,"Physical Chemistry Chemical Physics","","","https://scholar.google.com/scholar?oi=bibs&hl=en&cites=17039782326586766274",111,"2023-03-01 18:33:49","","","","https://scholar.google.com/citations?view_op=view_citation&hl=en&user=QcgVxfIAAAAJ&cstart=100&pagesize=100&citation_for_view=QcgVxfIAAAAJ:n3vGvpFsckwC",,,,,38,5.43,5,8,7,"","",""
37,"N Phung, A Abate","The Impact of Nano‐and Microstructure on the Stability of Perovskite Solar Cells",2018,"Small","","","https://scholar.google.com/scholar?oi=bibs&hl=en&cites=7438931319023796290",112,"2023-03-01 18:33:49","Journal article","","","https://scholar.google.com/citations?view_op=view_citation&hl=en&user=QcgVxfIAAAAJ&cstart=100&pagesize=100&citation_for_view=QcgVxfIAAAAJ:0sTkTiv_uMkC",1802573,,,,37,7.40,19,2,5,"","",""
37,"D Bi, W Tress, MI Dar, P Gao, J Luo, C Renevier, K Schenk, A Abate, ...","M. Gra tzel, A. Hagfeldt",2016,"Sci. Adv","","","https://scholar.google.com/scholar?oi=bibs&hl=en&cites=834459424471499189",113,"2023-03-01 18:33:49","Journal article","","","https://scholar.google.com/citations?view_op=view_citation&hl=en&user=QcgVxfIAAAAJ&cstart=100&pagesize=100&citation_for_view=QcgVxfIAAAAJ:NZNkWSpQBv0C",2,,1501170,,37,5.29,4,9,7,"","",""
35,"J Pascual, M Flatken, R Félix, G Li, SH Turren‐Cruz, MH Aldamasy, ...","Fluoride Chemistry in Tin Halide Perovskites",2021,"Angewandte Chemie International Edition","","","https://scholar.google.com/scholar?oi=bibs&hl=en&cites=592056714037442083",114,"2023-03-01 18:33:49","Journal article","","","https://scholar.google.com/citations?view_op=view_citation&hl=en&user=QcgVxfIAAAAJ&cstart=100&pagesize=100&citation_for_view=QcgVxfIAAAAJ:DIubQTN3OvUC",60,39,21583,21591,35,17.50,5,7,2,"","",""
35,"D Shen, W Zhang, Y Li, A Abate, M Wei","Facile Deposition of Nb2O5 Thin Film as an Electron-Transporting Layer for Highly Efficient Perovskite Solar Cells",2018,"ACS Applied Nano Materials","","","https://scholar.google.com/scholar?oi=bibs&hl=en&cites=5684861009573007053",115,"2023-03-01 18:33:49","Journal article","","","https://scholar.google.com/citations?view_op=view_citation&hl=en&user=QcgVxfIAAAAJ&cstart=100&pagesize=100&citation_for_view=QcgVxfIAAAAJ:J3LtWjKFLicC",1,8,4101,4109,35,7.00,7,5,5,"","",""
35,"A Abate, J Martí-Rujas, P Metrangolo, T Pilati, G Resnati, G Terraneo","Tetrahedral oxyanions in halogen-bonded coordination networks",2011,"Crystal Growth &Design","","","https://scholar.google.com/scholar?oi=bibs&hl=en&cites=7705521918876816099",116,"2023-03-01 18:33:49","Journal article","","","https://scholar.google.com/citations?view_op=view_citation&hl=en&user=QcgVxfIAAAAJ&cstart=100&pagesize=100&citation_for_view=QcgVxfIAAAAJ:RuPIJ_LgqDgC",11,9,4220,4226,35,2.92,6,6,12,"","",""
33,"J Dou, D Shen, Y Li, A Abate, M Wei","Highly Efficient Perovskite Solar Cells Based on a Zn2SnO4 Compact Layer",2019,"ACS applied materials &interfaces","","","https://scholar.google.com/scholar?oi=bibs&hl=en&cites=12838693003475713498",117,"2023-03-01 18:33:49","Journal article","","","https://scholar.google.com/citations?view_op=view_citation&hl=en&user=QcgVxfIAAAAJ&cstart=100&pagesize=100&citation_for_view=QcgVxfIAAAAJ:SpPTWFSNUtQC",11,40,36553,36559,33,8.25,7,5,4,"","",""
33,"EM Tennyson, B Roose, JL Garrett, C Gong, JN Munday, A Abate, ...","Cesium-Incorporated Triple Cation Perovskites Deliver Fully Reversible and Stable Nanoscale Voltage Response",2018,"ACS nano","","","https://scholar.google.com/scholar?oi=bibs&hl=en&cites=2072134776071000438",118,"2023-03-01 18:33:49","Journal article","","","https://scholar.google.com/citations?view_op=view_citation&hl=en&user=QcgVxfIAAAAJ&cstart=100&pagesize=100&citation_for_view=QcgVxfIAAAAJ:E7VqQtBCVmcC",13,2,1538,1546,33,6.60,5,7,5,"","",""
32,"L Canil, J Salunke, Q Wang, M Liu, H Köbler, M Flatken, L Gregori, ...","Halogen‐Bonded Hole‐Transport Material Suppresses Charge Recombination and Enhances Stability of Perovskite Solar Cells",2021,"Advanced Energy Materials","","","https://scholar.google.com/scholar?oi=bibs&hl=en&cites=14708549314610367628",119,"2023-03-01 18:33:49","Journal article","","","https://scholar.google.com/citations?view_op=view_citation&hl=en&user=QcgVxfIAAAAJ&cstart=100&pagesize=100&citation_for_view=QcgVxfIAAAAJ:eFf2swCANGcC",11,35,2101553,2101553,32,16.00,4,8,2,"","",""
32,"F Xie, J Zhu, Y Li, D Shen, A Abate, M Wei","TiO2-B as an electron transporting material for highly efficient perovskite solar cells",2019,"Journal of Power Sources","","","https://scholar.google.com/scholar?oi=bibs&hl=en&cites=467763804271434595",120,"2023-03-01 18:33:49","Journal article","","","https://scholar.google.com/citations?view_op=view_citation&hl=en&user=QcgVxfIAAAAJ&cstart=100&pagesize=100&citation_for_view=QcgVxfIAAAAJ:Ej9njvOgR2oC",415,,8,14,32,8.00,5,6,4,"","",""
31,"M Planells, A Abate, HJ Snaith, N Robertson","Oligothiophene Interlayer Effect on Photocurrent Generation for Hybrid TiO2/P3HT Solar Cells",2014,"ACS applied materials &interfaces","","","https://scholar.google.com/scholar?oi=bibs&hl=en&cites=8102837730633667905",121,"2023-03-01 18:33:49","Journal article","","","https://scholar.google.com/citations?view_op=view_citation&hl=en&user=QcgVxfIAAAAJ&cstart=100&pagesize=100&citation_for_view=QcgVxfIAAAAJ:YTuZlYwrTOUC",6,19,17226,17235,31,3.44,8,4,9,"","",""
31,"X Xu, S Giménez, I Mora-Seró, A Abate, J Bisquert, G Xu","Influence of cysteine adsorption on the performance of CdSe quantum dots sensitized solar cells",2010,"Materials Chemistry and Physics","","","https://scholar.google.com/scholar?oi=bibs&hl=en&cites=7887938920953595710",122,"2023-03-01 18:33:49","Journal article","","","https://scholar.google.com/citations?view_op=view_citation&hl=en&user=QcgVxfIAAAAJ&cstart=100&pagesize=100&citation_for_view=QcgVxfIAAAAJ:8dzOF9BpDQoC",124,1,709,712,31,2.38,5,6,13,"","",""
29,"HP Pasanen, P Vivo, L Canil, A Abate, N Tkachenko","Refractive index change dominates the transient absorption response of metal halide perovskite thin films in the near infrared",2019,"Physical Chemistry Chemical Physics","","","https://scholar.google.com/scholar?oi=bibs&hl=en&cites=9016026670500544027",123,"2023-03-01 18:33:49","Journal article","","","https://scholar.google.com/citations?view_op=view_citation&hl=en&user=QcgVxfIAAAAJ&cstart=100&pagesize=100&citation_for_view=QcgVxfIAAAAJ:q0uBw5dMOAkC",21,27,14663,14670,29,7.25,6,5,4,"","",""
28,"A Fakharuddin, M Vasilopoulou, A Soultati, MI Haider, J Briscoe, ...","Robust inorganic hole transport materials for organic and perovskite solar cells: insights into materials electronic properties and device performance",2021,"Solar RRL","","","https://scholar.google.com/scholar?oi=bibs&hl=en&cites=17616798492557297926",124,"2023-03-01 18:33:49","Journal article","","","https://scholar.google.com/citations?view_op=view_citation&hl=en&user=QcgVxfIAAAAJ&cstart=100&pagesize=100&citation_for_view=QcgVxfIAAAAJ:q1zXlPLtbUIC",5,1,2000555,2000555,28,14.00,5,6,2,"","",""
28,"H Linnenbank, M Saliba, L Gui, B Metzger, SG Tikhodeev, J Kadro, ...","Temperature dependent two-photon photoluminescence of CH3NH3PbBr3: structural phase and exciton to free carrier transition",2018,"Optical Materials Express","","","https://scholar.google.com/scholar?oi=bibs&hl=en&cites=42195068145326776",125,"2023-03-01 18:33:49","Journal article","","","https://scholar.google.com/citations?view_op=view_citation&hl=en&user=QcgVxfIAAAAJ&cstart=100&pagesize=100&citation_for_view=QcgVxfIAAAAJ:kUhpeDhEZMUC",8,3,511,521,28,5.60,4,7,5,"","",""
28,"Y Hu, A Abate, Y Cao, A Ivaturi, SM Zakeeruddin, M Grätzel, ...","High Absorption Coefficient Cyclopentadithiophene Donor-Free Dyes for Liquid and Solid-State Dye-Sensitized Solar Cells",2016,"The Journal of Physical Chemistry C","","","https://scholar.google.com/scholar?oi=bibs&hl=en&cites=449002991079761280",126,"2023-03-01 18:33:49","Journal article","","","https://scholar.google.com/citations?view_op=view_citation&hl=en&user=QcgVxfIAAAAJ&cstart=100&pagesize=100&citation_for_view=QcgVxfIAAAAJ:nPTYJWkExTIC",120,28,15027,15034,28,4.00,4,7,7,"","",""
26,"P Metrangolo, L Canil, A Abate, G Terraneo, G Cavallo","Halogen Bonding in Perovskite Solar Cells: A New Tool for Improving Solar Energy Conversion",2022,"Angewandte Chemie International Edition","","","https://scholar.google.com/scholar?oi=bibs&hl=en&cites=13898973786313000394",127,"2023-03-01 18:33:49","Journal article","","","https://scholar.google.com/citations?view_op=view_citation&hl=en&user=QcgVxfIAAAAJ&cstart=100&pagesize=100&citation_for_view=QcgVxfIAAAAJ:_mQi-xiA4oYC",61,11,202114793,,26,26.00,5,5,1,"","",""
26,"M Soldera, Q Wang, F Soldera, V Lang, A Abate, AF Lasagni","Toward High‐Throughput Texturing of Polymer Foils for Enhanced Light Trapping in Flexible Perovskite Solar Cells Using Roll‐to‐Roll Hot Embossing",2020,"Advanced Engineering Materials","","","https://scholar.google.com/scholar?oi=bibs&hl=en&cites=14873613724909142727",128,"2023-03-01 18:33:49","Journal article","","","https://scholar.google.com/citations?view_op=view_citation&hl=en&user=QcgVxfIAAAAJ&cstart=100&pagesize=100&citation_for_view=QcgVxfIAAAAJ:MDX3w3dAD3YC",22,4,1901217,1901217,26,8.67,4,6,3,"","",""
23,"M Saliba, JP Correa‐Baena, M Grätzel, A Hagfeldt, A Abate","Perowskit‐Solarzellen: atomare Ebene, Schichtqualität und Leistungsfähigkeit der Zellen",2018,"Angewandte Chemie","","","https://scholar.google.com/scholar?oi=bibs&hl=en&cites=15139111978411429115",129,"2023-03-01 18:33:49","Journal article","","","https://scholar.google.com/citations?view_op=view_citation&hl=en&user=QcgVxfIAAAAJ&cstart=100&pagesize=100&citation_for_view=QcgVxfIAAAAJ:BAanoTsO0WEC",130,10,2582,2598,23,4.60,5,5,5,"","",""
22,"J Hidalgo, CAR Perini, AF Castro-Mendez, D Jones, H Köbler, B Lai, ...","Moisture-Induced Crystallographic Reorientations and Effects on Charge Carrier Extraction in Metal Halide Perovskite Solar Cells",2020,"ACS Energy Letters","","","https://scholar.google.com/scholar?oi=bibs&hl=en&cites=15857616723330031972",130,"2023-03-01 18:33:49","Journal article","","","https://scholar.google.com/citations?view_op=view_citation&hl=en&user=QcgVxfIAAAAJ&cstart=100&pagesize=100&citation_for_view=QcgVxfIAAAAJ:7VEv-pLvLSsC",5,11,3526,3534,22,7.33,3,7,3,"","",""
21,"J Gong, M Flatken, A Abate, JP Correa-Baena, I Mora-Seró, M Saliba, ...","The Bloom of Perovskite Optoelectronics: Fundamental Science Matters",2019,"ACS Energy Letters","","","https://scholar.google.com/scholar?oi=bibs&hl=en&cites=8735958884416908257",131,"2023-03-01 18:33:49","Journal article","","","https://scholar.google.com/citations?view_op=view_citation&hl=en&user=QcgVxfIAAAAJ&cstart=100&pagesize=100&citation_for_view=QcgVxfIAAAAJ:M_lZXyI38BkC",4,4,861,865,21,5.25,3,7,4,"","",""
21,"Z Song, A Abate, SC Watthage, GK Liyanage, AB Phillips, U Steiner, ...","In-situ observation of moisture-induced degradation of perovskite solar cells using laser-beam induced current",2016,"2016 IEEE 43rd Photovoltaic Specialists Conference (PVSC)","","","https://scholar.google.com/scholar?oi=bibs&hl=en&cites=6658052884327935027",132,"2023-03-01 18:33:49","Conference paper","","","https://scholar.google.com/citations?view_op=view_citation&hl=en&user=QcgVxfIAAAAJ&cstart=100&pagesize=100&citation_for_view=QcgVxfIAAAAJ:ndLnGcHYRF0C",,,1202,1206,21,3.00,3,7,7,"","",""
20,"N Phung, M Verheijen, A Todinova, K Datta, M Verhage, A Al-Ashouri, ...","Enhanced Self-Assembled Monolayer Surface Coverage by ALD NiO in pin Perovskite Solar Cells",2021,"ACS applied materials &interfaces","","","https://scholar.google.com/scholar?oi=bibs&hl=en&cites=11011590920962132390",133,"2023-03-01 18:33:49","Journal article","","","https://scholar.google.com/citations?view_op=view_citation&hl=en&user=QcgVxfIAAAAJ&cstart=100&pagesize=100&citation_for_view=QcgVxfIAAAAJ:N6_Y7JlWxwsC",14,1,2166,2176,20,10.00,3,7,2,"","",""
19,"J Li, Q Wang, A Abate","Perovskite solar cells",2019,"Nanomaterials for Solar Cell Applications","","","https://scholar.google.com/scholar?oi=bibs&hl=en&cites=15684303458233304418,3856833808757096116",134,"2023-03-01 18:33:49","Book chapter","","","https://scholar.google.com/citations?view_op=view_citation&hl=en&user=QcgVxfIAAAAJ&cstart=100&pagesize=100&citation_for_view=QcgVxfIAAAAJ:WzTVkKNmPSkC",,,417,446,19,4.75,6,3,4,"","",""
19,"Q Wang, A Abate","Strategies toward Stable Perovskite Solar Cells",2018,"Advanced Materials Interfaces","","","https://scholar.google.com/scholar?oi=bibs&hl=en&cites=6676094679634189129",135,"2023-03-01 18:33:49","Journal article","","","https://scholar.google.com/citations?view_op=view_citation&hl=en&user=QcgVxfIAAAAJ&cstart=100&pagesize=100&citation_for_view=QcgVxfIAAAAJ:aDl3D7KC1E4C",5,22,1800264,1800264,19,3.80,10,2,5,"","",""
19,"A Abate, RP Tejada, K Wojciechowski, JM Foster, A Sadhanala, U Steiner, ...","Phosphonic anchoring groups in organic dyes for solid-state solar cells",2015,"Physical Chemistry Chemical Physics","","","https://scholar.google.com/scholar?oi=bibs&hl=en&cites=8240346150905997332",136,"2023-03-01 18:33:49","Journal article","","","https://scholar.google.com/citations?view_op=view_citation&hl=en&user=QcgVxfIAAAAJ&cstart=100&pagesize=100&citation_for_view=QcgVxfIAAAAJ:_AeoHAGD03cC",17,,18780,18789,19,2.38,3,7,8,"","",""
17,"Q Wang, F Zu, P Caprioglio, CM Wolff, M Stolterfoht, M Li, SH Turren-Cruz, ...","Large Conduction Band Energy Offset Is Critical for High Fill Factors in Inorganic Perovskite Solar Cells",2020,"ACS Energy Letters","","","https://scholar.google.com/scholar?oi=bibs&hl=en&cites=6987630506374200355",137,"2023-03-01 18:33:49","Journal article","","","https://scholar.google.com/citations?view_op=view_citation&hl=en&user=QcgVxfIAAAAJ&cstart=100&pagesize=100&citation_for_view=QcgVxfIAAAAJ:w2UhwfzvF0QC",5,7,2343,2348,17,5.67,2,8,3,"","",""
15,"JC Brauer, D Tsokkou, S Sanchez, N Droseros, B Roose, E Mosconi, ...","Comparing the excited-state properties of a mixed-cation–mixed-halide perovskite to methylammonium lead iodide",2020,"The Journal of Chemical Physics","","","https://scholar.google.com/scholar?oi=bibs&hl=en&cites=460649628885637172",138,"2023-03-01 18:33:49","Journal article","","","https://scholar.google.com/citations?view_op=view_citation&hl=en&user=QcgVxfIAAAAJ&cstart=100&pagesize=100&citation_for_view=QcgVxfIAAAAJ:DQNrXyjhriIC",152,10,104703,104703,15,5.00,2,7,3,"","",""
15,"HP Pasanen, P Vivo, L Canil, H Hempel, T Unold, A Abate, NV Tkachenko","Monitoring Charge Carrier Diffusion across a Perovskite Film with Transient Absorption Spectroscopy",2019,"The journal of physical chemistry letters","","","https://scholar.google.com/scholar?oi=bibs&hl=en&cites=8527585430056574173",139,"2023-03-01 18:33:49","Journal article","","","https://scholar.google.com/citations?view_op=view_citation&hl=en&user=QcgVxfIAAAAJ&cstart=100&pagesize=100&citation_for_view=QcgVxfIAAAAJ:0ngZmJvimKcC",11,2,445,450,15,3.75,2,7,4,"","",""
15,"J Dou, Y Zhang, Q Wang, A Abate, Y Li, M Wei","Highly efficient Zn 2 SnO 4 perovskite solar cells through band alignment engineering",2019,"Chemical Communications","","","https://scholar.google.com/scholar?oi=bibs&hl=en&cites=2124521877018245424",140,"2023-03-01 18:33:49","Journal article","","","https://scholar.google.com/citations?view_op=view_citation&hl=en&user=QcgVxfIAAAAJ&cstart=100&pagesize=100&citation_for_view=QcgVxfIAAAAJ:4n0clTBhZ78C",55,97,14673,14676,15,3.75,3,6,4,"","",""
13,"AS Alkorbi, KY Kumar, MK Prashanth, L Parashuram, A Abate, FA Alharti, ...","Samarium vanadate affixed sulfur self doped g-C3N4 heterojunction; photocatalytic, photoelectrocatalytic hydrogen evolution and dye degradation",2022,"International Journal of Hydrogen Energy","","","https://scholar.google.com/scholar?oi=bibs&hl=en&cites=18395595635677027015",141,"2023-03-01 18:33:49","Journal article","","","https://scholar.google.com/citations?view_op=view_citation&hl=en&user=QcgVxfIAAAAJ&cstart=100&pagesize=100&citation_for_view=QcgVxfIAAAAJ:CRzUtm-VnGAC",47,26,12988,13003,13,13.00,2,7,1,"","",""
13,"HJ Snaith, A Abate, NK Noel","Photovoltaic device comprising a metal halide perovskite and a passivating agent",2020,"US Patent 10,777,693","","","https://scholar.google.com/scholar?oi=bibs&hl=en&cites=9747678465609156210",142,"2023-03-01 18:33:49","Patent","","","https://scholar.google.com/citations?view_op=view_citation&hl=en&user=QcgVxfIAAAAJ&cstart=100&pagesize=100&citation_for_view=QcgVxfIAAAAJ:6VlyvFCUEfcC",,,,,13,4.33,4,3,3,"","",""
13,"EM Tennyson, JM Howard, B Roose, JL Garrett, JN Munday, A Abate, ...","The Effects of Incident Photon Energy on the Time-Dependent Voltage Response of Lead Halide Perovskites",2019,"Chemistry of Materials","","","https://scholar.google.com/scholar?oi=bibs&hl=en&cites=2633568923511798643",143,"2023-03-01 18:33:49","Journal article","","","https://scholar.google.com/citations?view_op=view_citation&hl=en&user=QcgVxfIAAAAJ&cstart=100&pagesize=100&citation_for_view=QcgVxfIAAAAJ:sbeIDTyQOFgC",31,21,8969,8976,13,3.25,2,7,4,"","",""
13,"J Pascual, S Collavini, SF Völker, N Phung, E Palacios-Lidon, L Irusta, ...","Unravelling fullerene–perovskite interactions introduces advanced blend films for performance-improved solar cells",2019,"Sustainable Energy &Fuels","","","https://scholar.google.com/scholar?oi=bibs&hl=en&cites=17696634235993465934",144,"2023-03-01 18:33:49","Journal article","","","https://scholar.google.com/citations?view_op=view_citation&hl=en&user=QcgVxfIAAAAJ&cstart=100&pagesize=100&citation_for_view=QcgVxfIAAAAJ:NtCmTCuxid4C",3,10,2779,2787,13,3.25,2,7,4,"","",""
12,"M Aldamasy, Z Iqbal, G Li, J Pascual, F Alharthi, A Abate, M Li","Challenges in tin perovskite solar cells",2021,"Physical Chemistry Chemical Physics","","","https://scholar.google.com/scholar?oi=bibs&hl=en&cites=11724590059034828592",145,"2023-03-01 18:33:49","Journal article","","","https://scholar.google.com/citations?view_op=view_citation&hl=en&user=QcgVxfIAAAAJ&cstart=100&pagesize=100&citation_for_view=QcgVxfIAAAAJ:zzCxg_vo7cAC",23,41,23413,23427,12,6.00,2,7,2,"","",""
12,"Q Wang, JA Smith, D Skroblin, JA Steele, CM Wolff, P Caprioglio, ...","Managing Phase Purities and Crystal Orientation for High‐Performance and Photostable Cesium Lead Halide Perovskite Solar Cells",2020,"Solar RRL","","","https://scholar.google.com/scholar?oi=bibs&hl=en&cites=13635562881823165012",146,"2023-03-01 18:33:49","Journal article","","","https://scholar.google.com/citations?view_op=view_citation&hl=en&user=QcgVxfIAAAAJ&cstart=100&pagesize=100&citation_for_view=QcgVxfIAAAAJ:PVqtIyvKoSUC",4,9,2000213,2000213,12,4.00,2,7,3,"","",""
12,"G Nasti, S Sanchez, I Gunkel, S Balog, B Roose, BD Wilts, J Teuscher, ...","Patterning of perovskite–polymer films by wrinkling instabilities",2017,"Soft Matter","","","https://scholar.google.com/scholar?oi=bibs&hl=en&cites=11015970623530038347",147,"2023-03-01 18:33:49","Journal article","","","https://scholar.google.com/citations?view_op=view_citation&hl=en&user=QcgVxfIAAAAJ&cstart=100&pagesize=100&citation_for_view=QcgVxfIAAAAJ:bVQMTfhMCi4C",13,8,1654,1659,12,2.00,2,8,6,"","",""
11,"A Gómez, Q Wang, AR Goñi, M Campoy-Quiles, A Abate","Reply to the “Comment on the publication ‘Ferroelectricity-free lead halide perovskites’ by Gomez et al.” by Colsmann et al.",2020,"Energy &Environmental Science","","","https://scholar.google.com/scholar?oi=bibs&hl=en&cites=7836161843801533576",148,"2023-03-01 18:33:49","Journal article","","","https://scholar.google.com/citations?view_op=view_citation&hl=en&user=QcgVxfIAAAAJ&cstart=100&pagesize=100&citation_for_view=QcgVxfIAAAAJ:tBlTYpvFGQIC",13,6,1892,1895,11,3.67,2,5,3,"","",""
10,"E Unger, G Paramasivam, A Abate","Perovskite solar cell performance assessment",2020,"Journal of Physics: Energy","","","https://scholar.google.com/scholar?oi=bibs&hl=en&cites=16110030498648832937",149,"2023-03-01 18:33:49","Journal article","","","https://scholar.google.com/citations?view_op=view_citation&hl=en&user=QcgVxfIAAAAJ&cstart=100&pagesize=100&citation_for_view=QcgVxfIAAAAJ:CMvovTBb2okC",2,4,44002,44002,10,3.33,3,3,3,"","",""
9,"MA Flatken, A Hoell, R Wendt, E Härk, A Dallmann, A Prause, J Pascual, ...","Small-angle scattering to reveal the colloidal nature of halide perovskite precursor solutions",2021,"Journal of Materials Chemistry A","","","https://scholar.google.com/scholar?oi=bibs&hl=en&cites=15599624005942618055",150,"2023-03-01 18:33:49","Journal article","","","https://scholar.google.com/citations?view_op=view_citation&hl=en&user=QcgVxfIAAAAJ&cstart=100&pagesize=100&citation_for_view=QcgVxfIAAAAJ:K4-iKlO5MD4C",9,23,13477,13482,9,4.50,1,8,2,"","",""
9,"K Shou, JK Hong, ES Wood, JM Hook, A Nelson, Y Yin, GG Andersson, ...","Ultralow surface energy self-assembled monolayers of iodo-perfluorinated alkanes on silica driven by halogen bonding",2019,"Nanoscale","","","https://scholar.google.com/scholar?oi=bibs&hl=en&cites=10152291660488179155",151,"2023-03-01 18:33:49","Journal article","","","https://scholar.google.com/citations?view_op=view_citation&hl=en&user=QcgVxfIAAAAJ&cstart=100&pagesize=100&citation_for_view=QcgVxfIAAAAJ:JH5k92_tO-AC",11,5,2401,2411,9,2.25,1,8,4,"","",""
8,"L De Marco, G Nasti, A Abate, A Rizzo","Perovskite Single‐Crystal Solar Cells: Advances and Challenges",2022,"Solar RRL","","","https://scholar.google.com/scholar?oi=bibs&hl=en&cites=1420049369419672470",152,"2023-03-01 18:33:49","Journal article","","","https://scholar.google.com/citations?view_op=view_citation&hl=en&user=QcgVxfIAAAAJ&cstart=100&pagesize=100&citation_for_view=QcgVxfIAAAAJ:mVC4hKzE2FoC",6,7,2101085,2101085,8,8.00,2,4,1,"","",""
8,"A Abate, R Dehmel, A Sepe, NL Nguyen, B Roose, N Marzari, JK Hong, ...","Halogen-bond driven self-assembly of perfluorocarbon monolayers on silicon nitride",2019,"Journal of Materials Chemistry A","","","https://scholar.google.com/scholar?oi=bibs&hl=en&cites=9065081879506712261,13344122388303637958",153,"2023-03-01 18:33:49","Journal article","","","https://scholar.google.com/citations?view_op=view_citation&hl=en&user=QcgVxfIAAAAJ&cstart=100&pagesize=100&citation_for_view=QcgVxfIAAAAJ:RfUwGJFMQ-0C",7,42,24445,24453,8,2.00,1,8,4,"","",""
7,"G Cavallo, A Abate, M Rosati, G Paolo Venuti, T Pilati, G Terraneo, ...","Tuning of Ionic Liquid Crystal Properties by Combining Halogen Bonding and Fluorous Effect",2021,"ChemPlusChem","","","https://scholar.google.com/scholar?oi=bibs&hl=en&cites=13714648663467171427",154,"2023-03-01 18:33:49","Journal article","","","https://scholar.google.com/citations?view_op=view_citation&hl=en&user=QcgVxfIAAAAJ&cstart=100&pagesize=100&citation_for_view=QcgVxfIAAAAJ:Gpwnp1kGG20C",86,3,469,474,7,3.50,1,7,2,"","",""
7,"W Wu, Y Li, A Abate, M Wei","2-Methylimidazole as an interlayer for the enhancement of the open-circuit voltage in perovskite solar cells",2020,"Journal of Power Sources","","","https://scholar.google.com/scholar?oi=bibs&hl=en&cites=4497156233018162319",155,"2023-03-01 18:33:49","Journal article","","","https://scholar.google.com/citations?view_op=view_citation&hl=en&user=QcgVxfIAAAAJ&cstart=100&pagesize=100&citation_for_view=QcgVxfIAAAAJ:SrKkpNFED5gC",450,,227714,227714,7,2.33,2,4,3,"","",""
7,"D Shen, H Mao, Y Li, A Abate, M Wei","Covering effect of conductive glass: a facile route to tailor the grain growth of hybrid perovskites for highly efficient solar cells",2018,"Journal of Materials Chemistry A","","","https://scholar.google.com/scholar?oi=bibs&hl=en&cites=526659621366314152",156,"2023-03-01 18:33:49","Journal article","","","https://scholar.google.com/citations?view_op=view_citation&hl=en&user=QcgVxfIAAAAJ&cstart=100&pagesize=100&citation_for_view=QcgVxfIAAAAJ:3lUAU8Oskd0C",6,41,20289,20296,7,1.40,1,5,5,"","",""
6,"C Ponti, G Nasti, D Di Girolamo, I Cantone, FA Alharthi, A Abate","Environmental lead exposure from halide perovskites in solar cells",2022,"Trends in Ecology &Evolution","","","https://scholar.google.com/scholar?oi=bibs&hl=en&cites=17428484367363182094",157,"2023-03-01 18:33:49","","","","https://scholar.google.com/citations?view_op=view_citation&hl=en&user=QcgVxfIAAAAJ&cstart=100&pagesize=100&citation_for_view=QcgVxfIAAAAJ:3BvdIg-l-ZAC",,,,,6,6.00,1,6,1,"","",""
6,"O Bettucci, J Pascual, SH Turren‐Cruz, A Cabrera‐Espinoza, W Matsuda, ...","Dendritic‐Like Molecules Built on a Pillar [5] arene Core as Hole Transporting Materials for Perovskite Solar Cells",2021,"Chemistry–A European Journal","","","https://scholar.google.com/scholar?oi=bibs&hl=en&cites=16316002306892112944",158,"2023-03-01 18:33:49","Journal article","","","https://scholar.google.com/citations?view_op=view_citation&hl=en&user=QcgVxfIAAAAJ&cstart=100&pagesize=100&citation_for_view=QcgVxfIAAAAJ:wGzT3bKASkAC",27,31,8110,8117,6,3.00,1,6,2,"","",""
6,"M Kot, L Kegelmann, H Köbler, M Vorokhta, C Escudero, P Kúš, B Šmíd, ...","In situ Near‐Ambient Pressure X‐ray Photoelectron Spectroscopy Reveals the Influence of Photon Flux and Water on the Stability of Halide Perovskite",2020,"ChemSusChem","","","https://scholar.google.com/scholar?oi=bibs&hl=en&cites=14000378607387351386",159,"2023-03-01 18:33:49","Journal article","","","https://scholar.google.com/citations?view_op=view_citation&hl=en&user=QcgVxfIAAAAJ&cstart=100&pagesize=100&citation_for_view=QcgVxfIAAAAJ:X5YyAB84Iw4C",13,21,5722,5730,6,2.00,1,8,3,"","",""
6,"A Czudek, K Hirselandt, L Kegelmann, A Al-Ashouri, M Jošt, W Zuo, ...","Transient Analysis during Maximum Power Point Tracking (TrAMPPT) to Assess Dynamic Response of Perovskite Solar Cells",2019,"arXiv preprint arXiv:1906.","","","https://scholar.google.com/scholar?oi=bibs&hl=en&cites=13481653927168197313",160,"2023-03-01 18:33:49","Preprint","","","https://scholar.google.com/citations?view_op=view_citation&hl=en&user=QcgVxfIAAAAJ&cstart=100&pagesize=100&citation_for_view=QcgVxfIAAAAJ:idthP5jqfYAC",5028,,,,6,1.50,1,7,4,"","",""
5,"WW Zuo, YG Yang, WF Fu, M Li, M Malekshahi Byranvand, D Di Girolamo, ...","In Situ Methylammonium Chloride-Assisted Perovskite Crystallization Strategy for High-Performance Solar Cells",2022,"ACS Materials Letters","","","https://scholar.google.com/scholar?oi=bibs&hl=en&cites=14022577670879046248",161,"2023-03-01 18:33:49","Journal article","","","https://scholar.google.com/citations?view_op=view_citation&hl=en&user=QcgVxfIAAAAJ&cstart=100&pagesize=100&citation_for_view=QcgVxfIAAAAJ:LWqeokA2EBkC",4,3,448,456,5,5.00,1,7,1,"","",""
5,"A Tejada, S Peters, A Al‐Ashouri, SH Turren‐Cruz, A Abate, S Albrecht, ...","Hybrid Perovskite Degradation from an Optical Perspective: A Spectroscopic Ellipsometry Study from the Deep Ultraviolet to the Middle Infrared",2022,"Advanced Optical Materials","","","https://scholar.google.com/scholar?oi=bibs&hl=en&cites=12238297784037899894",162,"2023-03-01 18:33:49","Journal article","","","https://scholar.google.com/citations?view_op=view_citation&hl=en&user=QcgVxfIAAAAJ&cstart=100&pagesize=100&citation_for_view=QcgVxfIAAAAJ:M0j1y4EgrScC",10,3,2101553,2101553,5,5.00,1,7,1,"","",""
5,"J Pascual, D Di Girolamo, MA Flatken, MH Aldamasy, G Li, M Li, A Abate","Lights and Shadows of DMSO as Solvent for Tin Halide Perovskites",2021,"Chemistry–A European Journal","","","https://scholar.google.com/scholar?oi=bibs&hl=en&cites=40156233421049289",163,"2023-03-01 18:33:49","Journal article","","","https://scholar.google.com/citations?view_op=view_citation&hl=en&user=QcgVxfIAAAAJ&cstart=100&pagesize=100&citation_for_view=QcgVxfIAAAAJ:AFXcoJnoRH0C",,,,,5,2.50,1,7,2,"","",""
5,"JM Howard, Q Wang, E Lee, R Lahoti, T Gong, M Srivastava, A Abate, ...","Quantitative predictions of photo-emission dynamics in metal halide perovskites via machine learning",2020,"arXiv preprint arXiv:2010.","","","https://scholar.google.com/scholar?oi=bibs&hl=en&cites=9571393330025915670",164,"2023-03-01 18:33:49","Preprint","","","https://scholar.google.com/citations?view_op=view_citation&hl=en&user=QcgVxfIAAAAJ&cstart=100&pagesize=100&citation_for_view=QcgVxfIAAAAJ:Vztgr1qGG8IC",3702,,,,5,1.67,1,8,3,"","",""
4,"N Phung, A Mattoni, JA Smith, D Skroblin, H Köbler, L Choubrac, ...","Photoprotection in metal halide perovskites by ionic defect formation",2022,"Joule","","","https://scholar.google.com/scholar?oi=bibs&hl=en&cites=6676754120405744183",165,"2023-03-01 18:33:49","Journal article","","","https://scholar.google.com/citations?view_op=view_citation&hl=en&user=QcgVxfIAAAAJ&cstart=100&pagesize=100&citation_for_view=QcgVxfIAAAAJ:B2rIPIGFPLEC",6,9,2152,2174,4,4.00,1,7,1,"","",""
4,"TL Soundarya, T Jayalakshmi, MA Alsaiari, M Jalalah, A Abate, ...","Ionic Liquid-Aided Synthesis of Anatase TiO2 Nanoparticles: Photocatalytic Water Splitting and Electrochemical Applications",2022,"Crystals","","","https://scholar.google.com/scholar?oi=bibs&hl=en&cites=15752797000908565731",166,"2023-03-01 18:33:49","Journal article","","","https://scholar.google.com/citations?view_op=view_citation&hl=en&user=QcgVxfIAAAAJ&cstart=100&pagesize=100&citation_for_view=QcgVxfIAAAAJ:CCeGMaHljPEC",12,8,1133,1133,4,4.00,1,6,1,"","",""
4,"JM Howard, Q Wang, M Srivastava, T Gong, E Lee, A Abate, MS Leite","Quantitative Predictions of Moisture-Driven Photoemission Dynamics in Metal Halide Perovskites via Machine Learning",2022,"The Journal of Physical Chemistry Letters","","","https://scholar.google.com/scholar?oi=bibs&hl=en&cites=5936811367232305150",167,"2023-03-01 18:33:49","Journal article","","","https://scholar.google.com/citations?view_op=view_citation&hl=en&user=QcgVxfIAAAAJ&cstart=100&pagesize=100&citation_for_view=QcgVxfIAAAAJ:GiYFt9mpioMC",13,9,2254,2263,4,4.00,1,7,1,"","",""
4,"MA Flatken, E Radicchi, R Wendt, AG Buzanich, E Härk, J Pascual, ...","Role of the Alkali Metal Cation in the Early Stages of Crystallization of Halide Perovskites",2022,"Chemistry of Materials","","","https://scholar.google.com/scholar?oi=bibs&hl=en&cites=17323962311813048810",168,"2023-03-01 18:33:49","Journal article","","","https://scholar.google.com/citations?view_op=view_citation&hl=en&user=QcgVxfIAAAAJ&cstart=100&pagesize=100&citation_for_view=QcgVxfIAAAAJ:vxA22ZmNLkoC",34,3,1121,1131,4,4.00,1,7,1,"","",""
4,"D Di Girolamo, E Blundo, G Folpini, C Ponti, G Li, M Aldamasy, Z Iqbal, ...","Energy distribution in tin halide perovskite",2021,"Solar RRL","","","https://scholar.google.com/scholar?oi=bibs&hl=en&cites=15220739440955985064",169,"2023-03-01 18:33:49","","","","https://scholar.google.com/citations?view_op=view_citation&hl=en&user=QcgVxfIAAAAJ&cstart=100&pagesize=100&citation_for_view=QcgVxfIAAAAJ:NU-BerS4NX4C",,,,,4,2.00,1,8,2,"","",""
4,"N Phung, A Abate","Stability of materials and complete devices",2020,"Characterization Techniques for Perovskite Solar Cell Materials","","","https://scholar.google.com/scholar?oi=bibs&hl=en&cites=11317567111999593800",170,"2023-03-01 18:33:49","Book chapter","","","https://scholar.google.com/citations?view_op=view_citation&hl=en&user=QcgVxfIAAAAJ&cstart=100&pagesize=100&citation_for_view=QcgVxfIAAAAJ:i_7YvbSbtFEC",,,197,215,4,1.33,2,2,3,"","",""
4,"NK Noel, SD Stranks, A Abate, C Wehrenfennig, S Guarnera, ...","Journal Name RSCPublishing",,"","","","https://scholar.google.com/scholar?oi=bibs&hl=en&cites=2326866273741757065,6616264073933363728,12924914994031859595,12067621354223351353,8528341564362254550",171,"2023-03-01 18:33:49","","","","https://scholar.google.com/citations?view_op=view_citation&hl=en&user=QcgVxfIAAAAJ&cstart=100&pagesize=100&citation_for_view=QcgVxfIAAAAJ:XDrR66g3YHsC",,,,,4,0.00,1,6,,"","",""
2,"G Nasti, MH Aldamasy, MA Flatken, P Musto, P Matczak, A Dallmann, ...","Pyridine Controlled Tin Perovskite Crystallization",2022,"ACS Energy Letters","","","https://scholar.google.com/scholar?oi=bibs&hl=en&cites=14022952381186595647",172,"2023-03-01 18:33:49","Journal article","","","https://scholar.google.com/citations?view_op=view_citation&hl=en&user=QcgVxfIAAAAJ&cstart=100&pagesize=100&citation_for_view=QcgVxfIAAAAJ:ujxm2eEBZHIC",7,10,3197,3203,2,2.00,0,7,1,"","",""
2,"J Pascual, M Flatken, R Félix, G Li, SH Turren‐Cruz, MH Aldamasy, ...","Fluoridchemie in Zinn‐Halogenid‐Perowskiten",2021,"Angewandte Chemie","","","https://scholar.google.com/scholar?oi=bibs&hl=en&cites=15810190415559980067",173,"2023-03-01 18:33:49","Journal article","","","https://scholar.google.com/citations?view_op=view_citation&hl=en&user=QcgVxfIAAAAJ&cstart=100&pagesize=100&citation_for_view=QcgVxfIAAAAJ:gmHTDCtJMcoC",133,39,21753,21762,2,1.00,0,7,2,"","",""
2,"Y Cho, J Lim, M Li, S Pak, ZK Wang, YG Yang, A Abate, Z Li, HJ Snaith, ...","Balanced charge carrier transport mediated by quantum dot film post-organization for light-emitting diode applications",2021,"ACS Applied Materials &Interfaces","","","https://scholar.google.com/scholar?oi=bibs&hl=en&cites=11183025458220594868",174,"2023-03-01 18:33:49","Journal article","","","https://scholar.google.com/citations?view_op=view_citation&hl=en&user=QcgVxfIAAAAJ&cstart=100&pagesize=100&citation_for_view=QcgVxfIAAAAJ:wBLCggQE-ToC",13,22,26170,26179,2,1.00,0,10,2,"","",""
2,"H Snaith, T Leijtens, A Abate, A Sellinger","Organic semiconductor doping process",2018,"US Patent 9,929,343","","","https://scholar.google.com/scholar?oi=bibs&hl=en&cites=8413611771742768442",176,"2023-03-01 18:33:49","Patent","","","https://scholar.google.com/citations?view_op=view_citation&hl=en&user=QcgVxfIAAAAJ&cstart=100&pagesize=100&citation_for_view=QcgVxfIAAAAJ:3A3nxV7CjKIC",,,,,2,0.40,1,4,5,"","",""
2,"H Snaith, T Leijtens, A Abate, A Sellinger","Organic semiconductor doping process",2017,"US Patent 9,818,944","","","https://scholar.google.com/scholar?oi=bibs&hl=en&cites=14373153193244702356",177,"2023-03-01 18:33:49","Patent","","","https://scholar.google.com/citations?view_op=view_citation&hl=en&user=QcgVxfIAAAAJ&cstart=100&pagesize=100&citation_for_view=QcgVxfIAAAAJ:XAp-VaTZjjwC",,,,,2,0.33,1,4,6,"","",""
2,"G Resnati, P Metrangolo, A Abate, F Matteucci, Politecnico, di Milano, ...","Imidazolium salts having liquid crystal characteristics, useful as electrolytes",2010,"EP Patent 2,261,217","","","https://scholar.google.com/scholar?oi=bibs&hl=en&cites=538705614534066832",178,"2023-03-01 18:33:49","Patent","","","https://scholar.google.com/citations?view_op=view_citation&hl=en&user=QcgVxfIAAAAJ&cstart=100&pagesize=100&citation_for_view=QcgVxfIAAAAJ:qjMakFHDy7sC",,,,,2,0.15,0,7,13,"","",""
1,"G Li, Z Su, M Li, HKH Lee, R Datt, D Hughes, C Wang, M Flatken, ...","Structure and Performance Evolution of Perovskite Solar Cells under Extreme Temperatures",2022,"Advanced Energy Materials","","","https://scholar.google.com/scholar?oi=bibs&hl=en&cites=14622955235058733547",179,"2023-03-01 18:33:49","Journal article","","","https://scholar.google.com/citations?view_op=view_citation&hl=en&user=QcgVxfIAAAAJ&cstart=100&pagesize=100&citation_for_view=QcgVxfIAAAAJ:IHkkN1K1AlAC",12,48,2202887,2202887,1,1.00,0,9,1,"","",""
1,"GSA Gonzalez, JJ Jeronimo-Rendon, Q Wang, G Li, AO Alvarez, ...","Large grain size with reduced non-radiative recombination in potassium incorporated methylammonium-free perovskite solar cells",2022,"Solar Energy Materials and Solar Cells","","","https://scholar.google.com/scholar?oi=bibs&hl=en&cites=770722612490894706",180,"2023-03-01 18:33:49","Journal article","","","https://scholar.google.com/citations?view_op=view_citation&hl=en&user=QcgVxfIAAAAJ&cstart=100&pagesize=100&citation_for_view=QcgVxfIAAAAJ:I9gX6wnfuA8C",248,,111964,111964,1,1.00,0,6,1,"","",""
1,"NTP Hartono, M Ani Najeeb, Z Li, PW Nega, CA Fleming, X Sun, ...","Principled Exploration of Bipyridine and Terpyridine Additives to Promote Methylammonium Lead Iodide Perovskite Crystallization",2022,"Crystal Growth &Design","","","https://scholar.google.com/scholar?oi=bibs&hl=en&cites=12096108687095456242",181,"2023-03-01 18:33:49","Journal article","","","https://scholar.google.com/citations?view_op=view_citation&hl=en&user=QcgVxfIAAAAJ&cstart=100&pagesize=100&citation_for_view=QcgVxfIAAAAJ:zdX0sdgBH_kC",22,9,5424,5431,1,1.00,0,7,1,"","",""
1,"H Köbler, S Neubert, M Jankovec, B Glažar, M Haase, C Hilbert, M Topič, ...","High‐Throughput Aging System for Parallel Maximum Power Point Tracking of Perovskite Solar Cells",2022,"Energy Technology","","","https://scholar.google.com/scholar?oi=bibs&hl=en&cites=16112959135381286310",182,"2023-03-01 18:33:49","Journal article","","","https://scholar.google.com/citations?view_op=view_citation&hl=en&user=QcgVxfIAAAAJ&cstart=100&pagesize=100&citation_for_view=QcgVxfIAAAAJ:Nnq8S6OXqDYC",10,6,2200234,2200234,1,1.00,0,8,1,"","",""
1,"E Aktas, R Pudi, N Phung, R Wenisch, L Gregori, D Meggiolaro, ...","Role of Terminal Group Position in Triphenylamine-Based Self-Assembled Hole-Selective Molecules in Perovskite Solar Cells",2022,"ACS Applied Materials &Interfaces","","","https://scholar.google.com/scholar?oi=bibs&hl=en&cites=11509103587591314927",183,"2023-03-01 18:33:49","Journal article","","","https://scholar.google.com/citations?view_op=view_citation&hl=en&user=QcgVxfIAAAAJ&cstart=100&pagesize=100&citation_for_view=QcgVxfIAAAAJ:GJVTs2krol4C",14,15,17461,17469,1,1.00,0,7,1,"","",""
1,"AD Shpatz, S Rahmany, F Marion, T Binyamin, A Hoell, A Abate, L Etgar","Solution-based low-temperature CsPbI 3 nanoparticle perovskite solar cells",2022,"Materials Advances","","","https://scholar.google.com/scholar?oi=bibs&hl=en&cites=12944758897404981954",184,"2023-03-01 18:33:49","Journal article","","","https://scholar.google.com/citations?view_op=view_citation&hl=en&user=QcgVxfIAAAAJ&cstart=100&pagesize=100&citation_for_view=QcgVxfIAAAAJ:5LPo_wSKItgC",3,3,1737,1746,1,1.00,0,7,1,"","",""
1,"J Li, J Dagar, O Shargaieva, O Maus, M Remec, Q Emery, M Khenkin, ...","Anti-ribbing: Ink optimization enables certified slot-die coated perovskite solar cells with> 22% certified power conversion efficiency and a full year outdoor stability",2022,"","","","https://scholar.google.com/scholar?oi=bibs&hl=en&cites=3798394308615664608",185,"2023-03-01 18:33:49","","","","https://scholar.google.com/citations?view_op=view_citation&hl=en&user=QcgVxfIAAAAJ&cstart=100&pagesize=100&citation_for_view=QcgVxfIAAAAJ:4QKQTXcH0q8C",,,,,1,1.00,0,8,1,"","",""
1,"J Pascual, M Flatken, R Félix, G Li, SH Turren‐Cruz, MH Aldamasy, ...","Inside Back Cover: Fluoride Chemistry in Tin Halide Perovskites (Angew. Chem. Int. Ed. 39/2021)",2021,"Angewandte Chemie International Edition","","","https://scholar.google.com/scholar?oi=bibs&hl=en&cites=3644848658356643743",186,"2023-03-01 18:33:49","Journal article","","","https://scholar.google.com/citations?view_op=view_citation&hl=en&user=QcgVxfIAAAAJ&cstart=100&pagesize=100&citation_for_view=QcgVxfIAAAAJ:C-Rn0OCouf8C",60,39,21595,21595,1,0.50,0,7,2,"","",""
1,"M Aldamasy, Z Iqbal, G Li, J Pascual, F Alharthi, A Abate, M Li, LM Malard, ...","rsc. li/pccp",2021,"Phys. Chem. Chem. Phys","","","https://scholar.google.com/scholar?oi=bibs&hl=en&cites=13651030830013225828",187,"2023-03-01 18:33:49","Journal article","","","https://scholar.google.com/citations?view_op=view_citation&hl=en&user=QcgVxfIAAAAJ&cstart=100&pagesize=100&citation_for_view=QcgVxfIAAAAJ:WIXB4To3Tx4C",23,,23486,23486,1,0.50,0,9,2,"","",""
1,"CM Wolff, L Canil, C Rehermann, NN Linh, F Zu, M Ralaiarisoa, ...","Correction to Perfluorinated Self-Assembled Monolayers Enhance the Stability and Efficiency of Inverted Perovskite Solar Cells",2020,"ACS nano","","","https://scholar.google.com/scholar?oi=bibs&hl=en&cites=3592920942794898981",188,"2023-03-01 18:33:49","Journal article","","","https://scholar.google.com/citations?view_op=view_citation&hl=en&user=QcgVxfIAAAAJ&cstart=100&pagesize=100&citation_for_view=QcgVxfIAAAAJ:nWoA1JPTheMC",14,11,16156,16156,1,0.33,0,7,3,"","",""
1,"R Jasiūnas, R Gegevičius, M Franckevičius, N Phung, A Abate, ...","Suppression of Electron Trapping in MAPbI3 Perovskite by Sr2+ Doping",2020,"physica status solidi (RRL)–Rapid Research Letters","","","https://scholar.google.com/scholar?oi=bibs&hl=en&cites=5456920378201312533",189,"2023-03-01 18:33:49","Journal article","","","https://scholar.google.com/citations?view_op=view_citation&hl=en&user=QcgVxfIAAAAJ&cstart=100&pagesize=100&citation_for_view=QcgVxfIAAAAJ:hefNtdE4IMkC",14,11,2000307,2000307,1,0.33,0,6,3,"","",""
1,"A Abate","Specialty Grand Challenges in Optoelectronics",2020,"Frontiers in Electronics","","","https://scholar.google.com/scholar?oi=bibs&hl=en&cites=7995311903177011402",190,"2023-03-01 18:33:49","Journal article","","","https://scholar.google.com/citations?view_op=view_citation&hl=en&user=QcgVxfIAAAAJ&cstart=100&pagesize=100&citation_for_view=QcgVxfIAAAAJ:c1AJUTjuCtUC",1,,579890,579890,1,0.33,1,1,3,"","",""
1,"Q Wang, A Abate","Perovskite solar cells: promises and challenges",2018,"Emerging Photovoltaic Materials","","","https://scholar.google.com/scholar?oi=bibs&hl=en&cites=10532712166230512499",191,"2023-03-01 18:33:49","Journal article","","","https://scholar.google.com/citations?view_op=view_citation&hl=en&user=QcgVxfIAAAAJ&cstart=100&pagesize=100&citation_for_view=QcgVxfIAAAAJ:60iIaj97TE0C",263,,,,1,0.20,1,2,5,"","",""
0,"G Resnati, P Metrangolo, A Abate, F Matteucci","Imidazolium salts having liquid crystal characteristics, useful as electrolytes",2018,"US Patent 9,932,316","","","https://scholar.google.com/scholar?oi=bibs&hl=en&cites=538705614534066832",175,"2023-03-01 18:33:49","Patent","","","https://scholar.google.com/citations?view_op=view_citation&hl=en&user=QcgVxfIAAAAJ&cstart=100&pagesize=100&citation_for_view=QcgVxfIAAAAJ:uUvzmPk0f8oC",,,,,0,0.00,0,4,5,"","",""
0,"G Li, Z Su, L Canil, D Hughes, MH Aldamasy, J Dagar, S Trofimov, ...","Highly efficient pin perovskite solar cells that endure temperature variations",2023,"Science","","","https://scholar.google.com",192,"2023-03-01 18:33:49","Journal article","","","https://scholar.google.com/citations?view_op=view_citation&hl=en&user=QcgVxfIAAAAJ&cstart=100&pagesize=100&citation_for_view=QcgVxfIAAAAJ:SWgZeABleR0C",379,6630,399,403,0,0.00,0,8,1,"","",""
0,"J Zhao, Z Zhang, G Li, MH Aldamasy, M Li, A Abate","Dimensional Tuning in Lead‐Free Tin Halide Perovskite for Solar Cells",2023,"Advanced Energy Materials","","","https://scholar.google.com",193,"2023-03-01 18:33:49","Journal article","","","https://scholar.google.com/citations?view_op=view_citation&hl=en&user=QcgVxfIAAAAJ&cstart=100&pagesize=100&citation_for_view=QcgVxfIAAAAJ:v_xunPV0uK0C",2204233,,,,0,0.00,0,6,1,"","",""
0,"E Aktas, N Rajamanickam, J Pascual, S Hu, MH Aldamasy, D Di Girolamo, ...","Challenges and strategies toward long-term stability of lead-free tin-based perovskite solar cells",2022,"Communications Materials","","","https://scholar.google.com",194,"2023-03-01 18:33:49","Journal article","","","https://scholar.google.com/citations?view_op=view_citation&hl=en&user=QcgVxfIAAAAJ&cstart=100&pagesize=100&citation_for_view=QcgVxfIAAAAJ:oAywNP-vUhwC",3,1,104,104,0,0.00,0,7,1,"","",""
0,"J Yang, T He, M Li, G Li, H Liu, J Xu, M Zhang, W Zuo, R Qin, ...","π-Conjugated Carbazole Cations Enable Wet-Stable Quasi-2D Perovskite Photovoltaics",2022,"ACS Energy Letters","","","https://scholar.google.com",195,"2023-03-01 18:33:49","Journal article","","","https://scholar.google.com/citations?view_op=view_citation&hl=en&user=QcgVxfIAAAAJ&cstart=100&pagesize=100&citation_for_view=QcgVxfIAAAAJ:iKswqCX-FLkC",7,12,4451,4458,0,0.00,0,10,1,"","",""
0,"J Torres, I Zarazua, D Esparza, JM Rivas, M Saliba, I Mora-Seró, ...","Degradation Analysis of Triple-Cation Perovskite Solar Cells by Electrochemical Impedance Spectroscopy",2022,"ACS Applied Energy Materials","","","https://scholar.google.com",196,"2023-03-01 18:33:49","Journal article","","","https://scholar.google.com/citations?view_op=view_citation&hl=en&user=QcgVxfIAAAAJ&cstart=100&pagesize=100&citation_for_view=QcgVxfIAAAAJ:j8pvxH-kN2QC",5,10,12545,12552,0,0.00,0,7,1,"","",""
0,"LV Mercaldo, E Bobeico, A De Maria, M Della Noce, M Ferrara, ...","Procedure Based on External Quantum Efficiency for Reliable Characterization of Perovskite Solar Cells",2022,"Energy Technology","","","https://scholar.google.com",197,"2023-03-01 18:33:49","Journal article","","","https://scholar.google.com/citations?view_op=view_citation&hl=en&user=QcgVxfIAAAAJ&cstart=100&pagesize=100&citation_for_view=QcgVxfIAAAAJ:u0Mu_IsstPMC",10,10,2200748,2200748,0,0.00,0,6,1,"","",""
0,"J Pascual, D Di Girolamo, MA Flatken, MH Aldamasy, G Li, M Li, A Abate","Frontispiece: Lights and Shadows of DMSO as Solvent for Tin Halide Perovskites",2022,"Chemistry–A European Journal","","","https://scholar.google.com",198,"2023-03-01 18:33:49","Journal article","","","https://scholar.google.com/citations?view_op=view_citation&hl=en&user=QcgVxfIAAAAJ&cstart=100&pagesize=100&citation_for_view=QcgVxfIAAAAJ:hKjooKYXoHIC",28,12,202281262,,0,0.00,0,7,1,"","",""
0,"D Di Girolamo, E Aktas, C Ponti, J Pascual, G Li, M Li, G Nasti, F Alharthi, ...","Enabling water-free PEDOT as hole selective layer in lead-free tin perovskite solar cells",2022,"Materials Advances","","","https://scholar.google.com",199,"2023-03-01 18:33:49","Journal article","","","https://scholar.google.com/citations?view_op=view_citation&hl=en&user=QcgVxfIAAAAJ&cstart=100&pagesize=100&citation_for_view=QcgVxfIAAAAJ:yZoBfgUKqwcC",3,24,9083,9089,0,0.00,0,9,1,"","",""
0,"M Kot, C Das, L Kegelmann, H Köbler, M Vorokhta, C Escudero, ...","Application of atomic layer deposition and x-ray photoelectron spectroscopy in perovskite solar cells",2022,"Deutsche Physikalische Gesellschaft","","","https://scholar.google.com",200,"2023-03-01 18:33:49","","","","https://scholar.google.com/citations?view_op=view_citation&hl=en&user=QcgVxfIAAAAJ&cstart=100&pagesize=100&citation_for_view=QcgVxfIAAAAJ:HqhvjgTjE9cC",,,,,0,0.00,0,7,1,"","",""
0,"J Pascual, M Flatken, R Félix, G Li, SH Turren‐Cruz, MH Aldamasy, ...","Innenrücktitelbild: Fluoridchemie in Zinn‐Halogenid‐Perowskiten (Angew. Chem. 39/2021)",2021,"Angewandte Chemie","","","https://scholar.google.com",201,"2023-03-01 18:33:49","Journal article","","","https://scholar.google.com/citations?view_op=view_citation&hl=en&user=QcgVxfIAAAAJ&cstart=200&pagesize=100&citation_for_view=QcgVxfIAAAAJ:8RAEygVn5_EC",133,39,21763,21763,0,0.00,0,7,2,"","",""
0,"JM Howard, KJ Palm, Q Wang, E Lee, A Abate, JN Munday, MS Leite","Water‐Induced and Wavelength‐Dependent Light Absorption and Emission Dynamics in Triple‐Cation Halide Perovskites (Advanced Optical Materials 18/2021)",2021,"Advanced Optical Materials","","","https://scholar.google.com",202,"2023-03-01 18:33:49","Journal article","","","https://scholar.google.com/citations?view_op=view_citation&hl=en&user=QcgVxfIAAAAJ&cstart=200&pagesize=100&citation_for_view=QcgVxfIAAAAJ:pUxgyZctzPYC",9,18,2170069,2170069,0,0.00,0,7,2,"","",""
0,"JM Howard, KJ Palm, Q Wang, E Lee, A Abate, JN Munday, MS Leite","Water‐Induced and Wavelength‐Dependent Light Absorption and Emission Dynamics in Triple‐Cation Halide Perovskites",2021,"Advanced Optical Materials","","","https://scholar.google.com",203,"2023-03-01 18:33:49","Journal article","","","https://scholar.google.com/citations?view_op=view_citation&hl=en&user=QcgVxfIAAAAJ&cstart=200&pagesize=100&citation_for_view=QcgVxfIAAAAJ:sJK75vZXtG0C",9,18,2100710,2100710,0,0.00,0,7,2,"","",""
0,"H Köbler, MV Khenkin, R Roy, N Phung, Q Emery, M Remec, ...","The challenge of designing accelerated indoor tests to predict the outdoor lifetime of perovskite solar cells",2021,"","","","https://scholar.google.com",204,"2023-03-01 18:33:49","","","","https://scholar.google.com/citations?view_op=view_citation&hl=en&user=QcgVxfIAAAAJ&cstart=200&pagesize=100&citation_for_view=QcgVxfIAAAAJ:a2necdfpwlEC",,,,,0,0.00,0,7,2,"","",""
0,"O Bettucci, J Pascual, SH Turren‐Cruz, A Cabrera‐Espinoza, W Matsuda, ...","Front Cover: Dendritic‐Like Molecules Built on a Pillar [5] arene Core as Hole Transporting Materials for Perovskite Solar Cells (Chem. Eur. J. 31/2021)",2021,"Chemistry–A European Journal","","","https://scholar.google.com",205,"2023-03-01 18:33:49","Journal article","","","https://scholar.google.com/citations?view_op=view_citation&hl=en&user=QcgVxfIAAAAJ&cstart=200&pagesize=100&citation_for_view=QcgVxfIAAAAJ:MGPUR4WVBMEC",27,31,8056,8056,0,0.00,0,6,2,"","",""
0,"E Aktas, N Phung, H Köbler, DA González, M Méndez, I Kafedjiska, ...","Understanding the perovskite/self-assembled selective contact interface for ultra-stable pin and high efficient perovskite solar cells",2021,"","","","https://scholar.google.com",206,"2023-03-01 18:33:49","","","","https://scholar.google.com/citations?view_op=view_citation&hl=en&user=QcgVxfIAAAAJ&cstart=200&pagesize=100&citation_for_view=QcgVxfIAAAAJ:wkm4DBaukwsC",,,,,0,0.00,0,7,2,"","",""
0,"M Srivastava, JM Howard, T Gong, E Lee, Q Wang, A Abate, MS Leite","Advancing metal halide perovskite development with machine learning",2021,"Physics, Simulation, and Photonic Engineering of Photovoltaic Devices X …","","","https://scholar.google.com",207,"2023-03-01 18:33:49","","","","https://scholar.google.com/citations?view_op=view_citation&hl=en&user=QcgVxfIAAAAJ&cstart=200&pagesize=100&citation_for_view=QcgVxfIAAAAJ:wuD5JclIwkYC",,,,,0,0.00,0,7,2,"","",""
0,"HJ Snaith, A Abate, NK Noel","Photovoltaic device comprising a metal halide perovskite and a passivating agent",2021,"US Patent App. 17/080,530","","","https://scholar.google.com",208,"2023-03-01 18:33:49","Patent","","","https://scholar.google.com/citations?view_op=view_citation&hl=en&user=QcgVxfIAAAAJ&cstart=200&pagesize=100&citation_for_view=QcgVxfIAAAAJ:3MwzVuqRcA0C",,,,,0,0.00,0,3,2,"","",""
0,"HJ Snaith, A Abate, NK Noel","PHOTOVOLTAIC DEVICE COMPRISING A METAL HALIDE PEROVSKITE AND A PASSIVATING AGENT",2021,"US Patent App. 16/990,682","","","https://scholar.google.com",209,"2023-03-01 18:33:49","Patent","","","https://scholar.google.com/citations?view_op=view_citation&hl=en&user=QcgVxfIAAAAJ&cstart=200&pagesize=100&citation_for_view=QcgVxfIAAAAJ:17ZO-CJnx_8C",,,,,0,0.00,0,3,2,"","",""
0,"J Pascual, A Abate","A one-dimensional arrangement…",2021,"Angew. Chem. Int. Ed","","","https://scholar.google.com",210,"2023-03-01 18:33:49","Journal article","","","https://scholar.google.com/citations?view_op=view_citation&hl=en&user=QcgVxfIAAAAJ&cstart=200&pagesize=100&citation_for_view=QcgVxfIAAAAJ:BPS1z4jHU5cC",60,,21075,21075,0,0.00,0,2,2,"","",""
0,"P Vivo, L Canil, A Abate","Final report of Waterproof Perovskite Solar Cells (SolarWAVE) project",2021,"Tampere University","","","https://scholar.google.com",211,"2023-03-01 18:33:49","","","","https://scholar.google.com/citations?view_op=view_citation&hl=en&user=QcgVxfIAAAAJ&cstart=200&pagesize=100&citation_for_view=QcgVxfIAAAAJ:oldoQiaHq2UC",,,,,0,0.00,0,3,2,"","",""
0,"G Nasti, D Di Girolamo, A Abate","Tin halide perovskites for efficient lead-free solar cells",2021,"Sustainable Material Solutions for Solar Energy Technologies","","","https://scholar.google.com",212,"2023-03-01 18:33:49","Book chapter","","","https://scholar.google.com/citations?view_op=view_citation&hl=en&user=QcgVxfIAAAAJ&cstart=200&pagesize=100&citation_for_view=QcgVxfIAAAAJ:1EqfMoDn7-AC",,,259,285,0,0.00,0,3,2,"","",""
0,"CM Wolff, L Canil, C Rehermann, NN Linh, F Zu, M Ralaiarisoa, ...","Perfluorinated Self-Assembled Monolayers Enhance the Stability and Efficiency of Inverted Perovskite Solar Cells (vol 14, pg 1445, 2020)",2020,"ACS NANO","","","https://scholar.google.com",213,"2023-03-01 18:33:49","Journal article","","","https://scholar.google.com/citations?view_op=view_citation&hl=en&user=QcgVxfIAAAAJ&cstart=200&pagesize=100&citation_for_view=QcgVxfIAAAAJ:Tfl4UtY-dJUC",14,11,16156,16156,0,0.00,0,7,3,"","",""
0,"HJ Snaith, A Abate, KN Nakita","Passivation of metal halide perovskites",2020,"","","","https://scholar.google.com",214,"2023-03-01 18:33:49","","","","https://scholar.google.com/citations?view_op=view_citation&hl=en&user=QcgVxfIAAAAJ&cstart=200&pagesize=100&citation_for_view=QcgVxfIAAAAJ:QKtdBID3u5MC",,,,,0,0.00,0,3,3,"","",""
0,"A Gómez Rodríguez, Q Wang, AR Goñi, M Campoy Quiles, A Abate","Reply to the ‘‘Comment on the publication ‘Ferroelectricity-free lead halide perovskites’ by Gomez et al.’’by Colsmann et al.",2020,"Royal Society of Chemistry (UK)","","","https://scholar.google.com",215,"2023-03-01 18:33:49","","","","https://scholar.google.com/citations?view_op=view_citation&hl=en&user=QcgVxfIAAAAJ&cstart=200&pagesize=100&citation_for_view=QcgVxfIAAAAJ:3vbIHxFL9FgC",,,,,0,0.00,0,5,3,"","",""
0,"M Soldera, Q Wang, F Soldera, V Lang, A Abate, AF Lasagni","Polymeric substrates structured by roll-to-roll nano-imprint lithography for flexible perovskite solar cells with improved light management",2020,"Proceedings of Online International Conference on Hybrid and Organic …","","","https://scholar.google.com",216,"2023-03-01 18:33:49","Conference paper","","","https://scholar.google.com/citations?view_op=view_citation&hl=en&user=QcgVxfIAAAAJ&cstart=200&pagesize=100&citation_for_view=QcgVxfIAAAAJ:pRWBApOjXDcC",,,,,0,0.00,0,6,3,"","",""
0,"J Brauer, D Tsokkou, S Sanchez, N Droseros, B Roose, E Mosconi, X Hua, ...","Data related to manuscript ['Comparing the Excited-State Properties of a Mixed-Cation-Mixed-Halide Perovskite to Methylammonium Lead Iodide', The Journal of Chemical Physics …",2020,"","","","https://scholar.google.com",217,"2023-03-01 18:33:49","","","","https://scholar.google.com/citations?view_op=view_citation&hl=en&user=QcgVxfIAAAAJ&cstart=200&pagesize=100&citation_for_view=QcgVxfIAAAAJ:oYLFIHfuHKwC",,,,,0,0.00,0,8,3,"","",""
0,"W Kaiser, N Phung, A Abate, A Gagliardi","3D Simulation of Ion Migration within the Microstructure of Perovskite Solar Cells",2020,"Proceedings of International Conference on Hybrid and Organic Photovoltaics …","","","https://scholar.google.com",218,"2023-03-01 18:33:49","Conference paper","","","https://scholar.google.com/citations?view_op=view_citation&hl=en&user=QcgVxfIAAAAJ&cstart=200&pagesize=100&citation_for_view=QcgVxfIAAAAJ:Kqc1aDSOPooC",,,,,0,0.00,0,4,3,"","",""
0,"MA Flatken, G Greco, A Abate","Structural Properties of Perovskite Layers in High-Performance Solar Cells",2020,"Proceedings of International Conference on Hybrid and Organic Photovoltaics …","","","https://scholar.google.com",219,"2023-03-01 18:33:49","Conference paper","","","https://scholar.google.com/citations?view_op=view_citation&hl=en&user=QcgVxfIAAAAJ&cstart=200&pagesize=100&citation_for_view=QcgVxfIAAAAJ:v_tt_AnqfNMC",,,,,0,0.00,0,3,3,"","",""
0,"S Revoju, A Matuhina, L Canil, H Salonen, A Hiltunen, A Abate, P Vivo, ...","Materials for optical, magnetic and electronic devices",2020,"J. Mater. Chem","","","https://scholar.google.com",220,"2023-03-01 18:33:49","Journal article","","","https://scholar.google.com/citations?view_op=view_citation&hl=en&user=QcgVxfIAAAAJ&cstart=200&pagesize=100&citation_for_view=QcgVxfIAAAAJ:8uzoZH4hB9AC",100,8,15475,15485,0,0.00,0,8,3,"","",""
0,"W Kaiser, N Phung, A Abate, A Gagliardi","Roma, Italy, 2019 May 12th-15th Organizers: Prashant Kamat, Filippo De Angelis and Aldo Di Carlo Oral, Waldemar Kaiser, presentation 124",2019,"","","","https://scholar.google.com",221,"2023-03-01 18:33:49","","","","https://scholar.google.com/citations?view_op=view_citation&hl=en&user=QcgVxfIAAAAJ&cstart=200&pagesize=100&citation_for_view=QcgVxfIAAAAJ:RXiHnyRawswC",,,,,0,0.00,0,4,4,"","",""
0,"J Dou, Y Zhang, Q Wang, A Abate, Y Li, M Wei","Highly efficient Zn₂SnO₄ perovskite solar cells through band alignment engineering",2019,"","","","https://scholar.google.com",222,"2023-03-01 18:33:49","","","","https://scholar.google.com/citations?view_op=view_citation&hl=en&user=QcgVxfIAAAAJ&cstart=200&pagesize=100&citation_for_view=QcgVxfIAAAAJ:j5aT6aphRxQC",,,,,0,0.00,0,6,4,"","",""
0,"Q Zhao, W Zou, Y Luo, T Xie, D Friedmann-Morvinski, R Narasimamurthy, ...","About The Cover",2018,"Science","","","https://scholar.google.com",223,"2023-03-01 18:33:49","Journal article","","","https://scholar.google.com/citations?view_op=view_citation&hl=en&user=QcgVxfIAAAAJ&cstart=200&pagesize=100&citation_for_view=QcgVxfIAAAAJ:TGkaJS32XoUC",9,,149,149,0,0.00,0,7,5,"","",""
0,"A Abate","A Perspective on the Long-term Stability and Prospects of Perovskite Solar Cells",2018,"2018 AAAS Annual Meeting","","","https://scholar.google.com",224,"2023-03-01 18:33:49","Conference paper","","","https://scholar.google.com/citations?view_op=view_citation&hl=en&user=QcgVxfIAAAAJ&cstart=200&pagesize=100&citation_for_view=QcgVxfIAAAAJ:EBV337fEn3EC",,,,,0,0.00,0,1,5,"","",""
0,"P Szuromi, B Grocholski, K Hirose, R Sinmyo, J Hernlund, ...","About The Cover",2017,"Science","","","https://scholar.google.com",225,"2023-03-01 18:33:49","Journal article","","","https://scholar.google.com/citations?view_op=view_citation&hl=en&user=QcgVxfIAAAAJ&cstart=200&pagesize=100&citation_for_view=QcgVxfIAAAAJ:YPNY0knpFBYC",732,,733,733,0,0.00,0,6,6,"","",""
0,"A Abate","Novel materials for stable perovskite solar cells",2017,"European Quantum Electronics Conference, JSV_1_","","","https://scholar.google.com",226,"2023-03-01 18:33:49","Conference paper","","","https://scholar.google.com/citations?view_op=view_citation&hl=en&user=QcgVxfIAAAAJ&cstart=200&pagesize=100&citation_for_view=QcgVxfIAAAAJ:TesyEGJKHF4C",5,,,,0,0.00,0,1,6,"","",""
0,"K Ariga, J Bisquert, J Cho, S Darling, C Liang, XWD Lou, G Shi, Y Tong, ...","Outstanding Reviewers for Energy &Environmental Science in 2016",2017,"Environmental Science","","","https://scholar.google.com",227,"2023-03-01 18:33:49","Journal article","","","https://scholar.google.com/citations?view_op=view_citation&hl=en&user=QcgVxfIAAAAJ&cstart=200&pagesize=100&citation_for_view=QcgVxfIAAAAJ:lbI08cpqPnQC",10,,845,845,0,0.00,0,9,6,"","",""
0,"Technologies Editorial Office","Acknowledgement to Reviewers of Technologies in 2015",2016,"Technologies","","","https://scholar.google.com",228,"2023-03-01 18:33:49","Journal article","","","https://scholar.google.com/citations?view_op=view_citation&hl=en&user=QcgVxfIAAAAJ&cstart=200&pagesize=100&citation_for_view=QcgVxfIAAAAJ:txeM2kYbVNMC",4,1,3,3,0,0.00,0,1,7,"","",""
0,"M Anaya, JP Correa-Baena, G Lozano, M Saliba, P Anguita, B Roose, ...","Optical analysis of CH₃NH₃SnₓPb₁₋ ₓI₃ absorbers: a roadmap for perovskite-on-perovskite tandem solar cells",2016,"","","","https://scholar.google.com",229,"2023-03-01 18:33:49","","","","https://scholar.google.com/citations?view_op=view_citation&hl=en&user=QcgVxfIAAAAJ&cstart=200&pagesize=100&citation_for_view=QcgVxfIAAAAJ:e84hm74t-eoC",,,,,0,0.00,0,7,7,"","",""
0,"S Paek, A Abate, MK Nazeeruddin, M Graetzel","Novel hole transport materials and optoelectronic devices containing the same",2016,"Eur. Pat","Appl.","","https://scholar.google.com",230,"2023-03-01 18:33:49","","","","https://scholar.google.com/citations?view_op=view_citation&hl=en&user=QcgVxfIAAAAJ&cstart=200&pagesize=100&citation_for_view=QcgVxfIAAAAJ:DXE8ND7PrJAC",,,,,0,0.00,0,4,7,"","",""
0,"A Abate","Novel materials for stable perovskite solar cells (Presentation Recording)",2015,"SPIE Optics+ Photonics for Sustainable Energy, 956106-","","","https://scholar.google.com",231,"2023-03-01 18:33:49","Book chapter","","","https://scholar.google.com/citations?view_op=view_citation&hl=en&user=QcgVxfIAAAAJ&cstart=200&pagesize=100&citation_for_view=QcgVxfIAAAAJ:jmjb1lOE9QIC",,,956106,1,0,0.00,0,1,8,"","",""
0,"S Guarnera, A Abate, W Zhang, JM Foster, G Richardson, A Petrozza, ...","Improving the Long-Term Stability of Perovskite Solar Cells with a Porous Al 2 O 3 Buffer Layer",2015,"American Chemical Society (ACS)","","","https://scholar.google.com",232,"2023-03-01 18:33:49","","","","https://scholar.google.com/citations?view_op=view_citation&hl=en&user=QcgVxfIAAAAJ&cstart=200&pagesize=100&citation_for_view=QcgVxfIAAAAJ:inmFHauC9wsC",,,,,0,0.00,0,7,8,"","",""
0,"F Javier Ramos, M Ince, M Urbani, A Abate, M Grätzel, S Ahmad, T Torres, ...","Non-aggregated Zn (ii) octa (2, 6-diphenylphenoxy) phthalocyanine as a hole transporting material for efficient perovskite solar cells",2015,"Dalton Trans","","","https://scholar.google.com",233,"2023-03-01 18:33:49","Journal article","","","https://scholar.google.com/citations?view_op=view_citation&hl=en&user=QcgVxfIAAAAJ&cstart=200&pagesize=100&citation_for_view=QcgVxfIAAAAJ:Gb6Hms-Uo9kC",44,23,10847,10851,0,0.00,0,8,8,"","",""
0,"T Pilati, A Abate, G Cavallo, P Metrangolo, G Resnati, G Terraneo","Disorder in Self-assembed Halogen-bonded Perfluoroalkyl Onium Salts",2010,"Acta Crystallographica","","","https://scholar.google.com",234,"2023-03-01 18:33:49","Journal article","","","https://scholar.google.com/citations?view_op=view_citation&hl=en&user=QcgVxfIAAAAJ&cstart=200&pagesize=100&citation_for_view=QcgVxfIAAAAJ:jtI9f0ekYq0C",66,,245,246,0,0.00,0,6,13,"","",""
0,"G Resnati, A Abate, M Lahtinen, P Metrangolo, T Pilati, K Rissanen, ...","Size Matching of Interacting Moieties: A Design Principle in Crystal Engineering",2010,"Acta Crystallographica","","","https://scholar.google.com",235,"2023-03-01 18:33:49","Journal article","","","https://scholar.google.com/citations?view_op=view_citation&hl=en&user=QcgVxfIAAAAJ&cstart=200&pagesize=100&citation_for_view=QcgVxfIAAAAJ:TaaCk18tZOkC",66,,82,82,0,0.00,0,7,13,"","",""
0,"A ABATE, S BIELLA, G CAVALLO, P METRANGOLO, T Pilati, G RESNATI, ...","Supramolecular fluorinated liquid crystal by halogen bonding-driven self-assembly",2010,"","","","https://scholar.google.com",236,"2023-03-01 18:33:49","","","","https://scholar.google.com/citations?view_op=view_citation&hl=en&user=QcgVxfIAAAAJ&cstart=200&pagesize=100&citation_for_view=QcgVxfIAAAAJ:U0iAMwwPxtsC",,,,,0,0.00,0,7,13,"","",""
0,"G Cavallo, A Abate, P Metrangolo, T Pilati, G Resnati, G Terraneo","FLUORINATED ELECTROLYTES FOR DSSC APPLICATIONS",2010,"","","","https://scholar.google.com",237,"2023-03-01 18:33:49","","","","https://scholar.google.com/citations?view_op=view_citation&hl=en&user=QcgVxfIAAAAJ&cstart=200&pagesize=100&citation_for_view=QcgVxfIAAAAJ:Vno172sVVMwC",,,,,0,0.00,0,6,13,"","",""
0,"A Abate, S BIELLA, G CAVALLO, P METRANGOLO, T Pilati, G RESNATI, ...","Supramolecular ionic liquid crystals: new materials for DSSCs?",2010,"","","","https://scholar.google.com",238,"2023-03-01 18:33:49","","","","https://scholar.google.com/citations?view_op=view_citation&hl=en&user=QcgVxfIAAAAJ&cstart=200&pagesize=100&citation_for_view=QcgVxfIAAAAJ:VRfTbSk87rEC",,,,,0,0.00,0,7,13,"","",""
0,"G RESNATI, A Abate, P METRANGOLO, T Pilati, G TERRANEO","Interacting Moieties Size Matching as a Principle in the Crystal Engineering of Polyiodide Species",2010,"","","","https://scholar.google.com",239,"2023-03-01 18:33:49","","","","https://scholar.google.com/citations?view_op=view_citation&hl=en&user=QcgVxfIAAAAJ&cstart=200&pagesize=100&citation_for_view=QcgVxfIAAAAJ:ifOnle78iJkC",,,,,0,0.00,0,5,13,"","",""
0,"A Abate, DW Bruce, G Cavallo, P Metrangolo, T Pilati, G Resnati, ...","Halogen bonding drives the assembly of fluorocarbons into supramolecular liquid crystals",2010,"","","","https://scholar.google.com",240,"2023-03-01 18:33:49","","","","https://scholar.google.com/citations?view_op=view_citation&hl=en&user=QcgVxfIAAAAJ&cstart=200&pagesize=100&citation_for_view=QcgVxfIAAAAJ:WWeOtg8bX_EC",,,,,0,0.00,0,7,13,"","",""
0,"A Abate, S Biella, G Cavallo, P Metrangolo, T Pilati, G Resnati, ...","A structural study on polyiodide species a model of charge transfer mechanism in I-/I3-redox couple DSSCs electrolytes",2010,"","","","https://scholar.google.com",241,"2023-03-01 18:33:49","","","","https://scholar.google.com/citations?view_op=view_citation&hl=en&user=QcgVxfIAAAAJ&cstart=200&pagesize=100&citation_for_view=QcgVxfIAAAAJ:R22Rs3tN8aoC",,,,,0,0.00,0,7,13,"","",""
0,"A Abate, S Biella, P Metrangolo, T Pilati, G Resnati, G Terraneo","Anion recognition and coordination based on halogen bonding",2010,"XXXIII Convegno Nazionale della Divisione di Chimica Organica Società …","","","https://scholar.google.com",242,"2023-03-01 18:33:49","","","","https://scholar.google.com/citations?view_op=view_citation&hl=en&user=QcgVxfIAAAAJ&cstart=200&pagesize=100&citation_for_view=QcgVxfIAAAAJ:aEW5N-EHWIMC",,,,,0,0.00,0,6,13,"","",""
0,"A ABATE, M Brischetto, P METRANGOLO, T Pilati, G RESNATI","Dimensional encapsulation of the charge transfer encounter complex between I-and I3",2009,"","","","https://scholar.google.com",243,"2023-03-01 18:33:49","","","","https://scholar.google.com/citations?view_op=view_citation&hl=en&user=QcgVxfIAAAAJ&cstart=200&pagesize=100&citation_for_view=QcgVxfIAAAAJ:rLGzs9wiiwIC",,,,,0,0.00,0,5,14,"","",""
0,"M Hussein, NTP Hartono, D Di Girolamo, A Abate","Controlled Precipitation and Film Formation of DMSO-Free Tin Halide Perovskites Using Antisolvents Screening and Machine Learning",,"","","","https://scholar.google.com",244,"2023-03-01 18:33:49","","","","https://scholar.google.com/citations?view_op=view_citation&hl=en&user=QcgVxfIAAAAJ&cstart=200&pagesize=100&citation_for_view=QcgVxfIAAAAJ:It0W0vAlS5QC",,,,,0,0.00,0,4,,"","",""
0,"A Nga Phung, JAS Mattoni, S Meloni, A Abate, A Merdasa","Photoprotection in metal halide perovskites by ionic defect formation",,"","","","https://scholar.google.com",245,"2023-03-01 18:33:49","","","","https://scholar.google.com/citations?view_op=view_citation&hl=en&user=QcgVxfIAAAAJ&cstart=200&pagesize=100&citation_for_view=QcgVxfIAAAAJ:htyGaKyDgHMC",,,,,0,0.00,0,5,,"","",""
0,"GS Anaya Gonzalez, JJ Jeronimo-Rendon, Q Wang, G Li, AO Alvarez, ...","Large Grain Size with Reduced Non-Radiative Recombination in Potassium Incorporated Methylammonium-Free Perovskite Solar Cells",,"SOLMAT-D-22-00624,","","","https://scholar.google.com",246,"2023-03-01 18:33:49","","","","https://scholar.google.com/citations?view_op=view_citation&hl=en&user=QcgVxfIAAAAJ&cstart=200&pagesize=100&citation_for_view=QcgVxfIAAAAJ:WMtz-WDmgKQC",,,,,0,0.00,0,6,,"","",""
0,"A Abate, G Li, EG AbdAllah, J Li, E Abreu, Y Li, S Adamopoulos, Y Li, ...","Acknowledgement to Reviewers of Technologies in 2017",,"","","","https://scholar.google.com",247,"2023-03-01 18:33:49","","","","https://scholar.google.com/citations?view_op=view_citation&hl=en&user=QcgVxfIAAAAJ&cstart=200&pagesize=100&citation_for_view=QcgVxfIAAAAJ:adHtZc2wMuEC",,,,,0,0.00,0,9,,"","",""
0,"M Favin-LÚvŕque, A Al-Ashouri, P Korb, P Tockhorn, A Abate, ...","Co-Evaporated Formamidinium Lead Iodide Based Perovskites with 1000 h Constant Stability for Fully Textured Monolithic Perovskite/Silicon Tandem Solar Cells",,"","","","https://scholar.google.com",248,"2023-03-01 18:33:49","","","","https://scholar.google.com/citations?view_op=view_citation&hl=en&user=QcgVxfIAAAAJ&cstart=200&pagesize=100&citation_for_view=QcgVxfIAAAAJ:NtGNdKbuCngC",,,,,0,0.00,0,6,,"","",""
0,"A Abate","TinPero meetup-S Chair: Antonio Abate",,"","","","https://scholar.google.com",249,"2023-03-01 18:33:49","","","","https://scholar.google.com/citations?view_op=view_citation&hl=en&user=QcgVxfIAAAAJ&cstart=200&pagesize=100&citation_for_view=QcgVxfIAAAAJ:rFyVMFCKTwsC",,,,,0,0.00,0,1,,"","",""
0,"A Abate, M Saliba, DJ Hollman, SD Stranks, K Wojciechowski, R Avolio, ...","Supramolecular Halogen Bond Passivation of Organometal Halide Perovskite Solar Cells",,"","","","https://scholar.google.com",250,"2023-03-01 18:33:49","","","","https://scholar.google.com/citations?view_op=view_citation&hl=en&user=QcgVxfIAAAAJ&cstart=200&pagesize=100&citation_for_view=QcgVxfIAAAAJ:Nw_I7GeUguwC",,,,,0,0.00,0,7,,"","",""
0,"P Gao, KT Cho, A Abate, G Grancini, PY Reddy, M Srivasu, M Adachi, ...","Supporting Information Efficient Perovskite Solar Cell with Symmetrical Zn (II) Phthalocyanine Infiltrated Buffering Porous Al2O3 as Hybrid Interfacial Hole-Transporting Layer",,"","","","https://scholar.google.com",251,"2023-03-01 18:33:49","","","","https://scholar.google.com/citations?view_op=view_citation&hl=en&user=QcgVxfIAAAAJ&cstart=200&pagesize=100&citation_for_view=QcgVxfIAAAAJ:Oo1CbQkBAzEC",,,,,0,0.00,0,8,,"","",""
0,"D Di Girolamo, F Di Giacomo, F Matteocci, AG Marrani, D Dini, A Abate, ...","rsc. li/chemical-science",,"","","","https://scholar.google.com",252,"2023-03-01 18:33:49","","","","https://scholar.google.com/citations?view_op=view_citation&hl=en&user=QcgVxfIAAAAJ&cstart=200&pagesize=100&citation_for_view=QcgVxfIAAAAJ:rqnDXT1GswoC",,,,,0,0.00,0,7,,"","",""
0,"JTW Wang, JM Ball, EM Barea, A Abate, JA Alexander-Webber, J Huang, ...","Supporting Information For: Low-temperature processed electron collection layers of Graphene/TiO2 nanocomposites in thin film perovskite solar cells",,"","","","https://scholar.google.com",253,"2023-03-01 18:33:49","","","","https://scholar.google.com/citations?view_op=view_citation&hl=en&user=QcgVxfIAAAAJ&cstart=200&pagesize=100&citation_for_view=QcgVxfIAAAAJ:qCpRzq7zkD8C",,,,,0,0.00,0,7,,"","",""
0,"K Shou, JK Hong, ES Wood, JM Hook, A Nelson, Y Yin, G Andersson, ...","Supporting Information Ultralow Surface Energy Self-Assembled Monolayers of Iodo-Perfluorinated Alkanes onto Silica driven by Halogen Bonding",,"","","","https://scholar.google.com",254,"2023-03-01 18:33:49","","","","https://scholar.google.com/citations?view_op=view_citation&hl=en&user=QcgVxfIAAAAJ&cstart=200&pagesize=100&citation_for_view=QcgVxfIAAAAJ:qsWQJNntlusC",,,,,0,0.00,0,8,,"","",""
0,"M Soldera, Y Liu, A Stellmacher, A Rank, Q Wang, V Lang, A Abate, ...","Estructuración Superficial de Polímeros Transparentes con Alta Productividad para Aplicaciones en Dispositivos Optolectrónicos",,"","","","https://scholar.google.com",255,"2023-03-01 18:33:49","","","","https://scholar.google.com/citations?view_op=view_citation&hl=en&user=QcgVxfIAAAAJ&cstart=200&pagesize=100&citation_for_view=QcgVxfIAAAAJ:GYcXSSpN504C",,,,,0,0.00,0,8,,"","",""
0,"JY Seo, T Matsui, J Luo, JP Correa-Baena, M Saliba, F Giordano, ...","Article type: Communication",,"","","","https://scholar.google.com",256,"2023-03-01 18:33:49","","","","https://scholar.google.com/citations?view_op=view_citation&hl=en&user=QcgVxfIAAAAJ&cstart=200&pagesize=100&citation_for_view=QcgVxfIAAAAJ:h168fVGZblEC",,,,,0,0.00,0,7,,"","",""
0,"S Orlandi, T Matsui, S Aghazada, M Cavazzini, JP Correa-Baena, P Gao, ...","Nature Energy (2016), 1 (2), 15017 CODEN: NEANFD; ISSN: 2058-7546",,"","Nature Publishing Group) Soln.-processable perovskite solar cells have …,","","https://scholar.google.com",257,"2023-03-01 18:33:49","Book","","","https://scholar.google.com/citations?view_op=view_citation&hl=en&user=QcgVxfIAAAAJ&cstart=200&pagesize=100&citation_for_view=QcgVxfIAAAAJ:vnF2_uLGgtgC",,,,,0,0.00,0,7,,"","",""
0,"K Wojciechowski, M Saliba, T Leijtens, A Abate, HJ Snaith","Journal Name RSCPublishing",,"","","","https://scholar.google.com",258,"2023-03-01 18:33:49","","","","https://scholar.google.com/citations?view_op=view_citation&hl=en&user=QcgVxfIAAAAJ&cstart=200&pagesize=100&citation_for_view=QcgVxfIAAAAJ:PuOEWVtPfzwC",,,,,0,0.00,0,5,,"","",""
0,"R Fuentes, F Muhith, M Planells, A Abate, H Snaith, N Robertson","Effect of the alkyl chain in the properties of Triphenylamine-based hole transport materials and their performance on perovskite solar cells",,"","","","https://scholar.google.com",259,"2023-03-01 18:33:49","","","","https://scholar.google.com/citations?view_op=view_citation&hl=en&user=QcgVxfIAAAAJ&cstart=200&pagesize=100&citation_for_view=QcgVxfIAAAAJ:KS-xo-ZNxMsC",,,,,0,0.00,0,6,,"","",""
