Cites,Authors,Title,Year,Source,Publisher,ArticleURL,CitesURL,GSRank,QueryDate,Type,DOI,ISSN,CitationURL,Volume,Issue,StartPage,EndPage,ECC,CitesPerYear,CitesPerAuthor,AuthorCount,Age,Abstract,FullTextURL,RelatedURL
4186,"D Shi, V Adinolfi, R Comin, M Yuan, E Alarousu, A Buin, Y Chen, ...","Low trap-state density and long carrier diffusion in organolead trihalide perovskite single crystals",2015,"Science","","","https://scholar.google.com/scholar?oi=bibs&hl=en&cites=3223454773708042895",1,"2023-03-01 18:38:55","Journal article","","","https://scholar.google.com/citations?view_op=view_citation&hl=en&user=7o1A7QQAAAAJ&pagesize=100&citation_for_view=7o1A7QQAAAAJ:pRWBApOjXDcC",347,6221,519,522,4186,523.25,523,8,8,"","",""
1568,"MI Saidaminov, AL Abdelhady, B Murali, E Alarousu, VM Burlakov, ...","High-quality bulk hybrid perovskite single crystals within minutes by inverse temperature crystallization",2015,"Nature communications","","","https://scholar.google.com/scholar?oi=bibs&hl=en&cites=16253567156616638176",2,"2023-03-01 18:38:55","Journal article","","","https://scholar.google.com/citations?view_op=view_citation&hl=en&user=7o1A7QQAAAAJ&pagesize=100&citation_for_view=7o1A7QQAAAAJ:GiYFt9mpioMC",6,1,7586,7586,1568,196.00,261,6,8,"","",""
1099,"GH Carey, AL Abdelhady, Z Ning, SM Thon, OM Bakr, EH Sargent","Colloidal quantum dot solar cells",2015,"Chemical reviews","","","https://scholar.google.com/scholar?oi=bibs&hl=en&cites=9875850263198627202",3,"2023-03-01 18:38:55","Journal article","","","https://scholar.google.com/citations?view_op=view_citation&hl=en&user=7o1A7QQAAAAJ&pagesize=100&citation_for_view=7o1A7QQAAAAJ:vxA22ZmNLkoC",115,23,12732,12763,1099,137.38,183,6,8,"","",""
1023,"Q Chen, J Wu, X Ou, B Huang, J Almutlaq, AA Zhumekenov, X Guan, ...","All-inorganic perovskite nanocrystal scintillators",2018,"Nature","","","https://scholar.google.com/scholar?oi=bibs&hl=en&cites=10450871306916573489",4,"2023-03-01 18:38:55","Journal article","","","https://scholar.google.com/citations?view_op=view_citation&hl=en&user=7o1A7QQAAAAJ&pagesize=100&citation_for_view=7o1A7QQAAAAJ:1Aeql8wG3wEC",561,7721,88,93,1023,204.60,128,8,5,"","",""
982,"Z Ning, O Voznyy, J Pan, S Hoogland, V Adinolfi, J Xu, M Li, AR Kirmani, ...","Air-stable n-type colloidal quantum dot solids",2014,"Nature materials","","","https://scholar.google.com/scholar?oi=bibs&hl=en&cites=14063711286796894977,10791391712238926954",5,"2023-03-01 18:38:55","Journal article","","","https://scholar.google.com/citations?view_op=view_citation&hl=en&user=7o1A7QQAAAAJ&pagesize=100&citation_for_view=7o1A7QQAAAAJ:a2necdfpwlEC",13,8,822,828,982,109.11,109,9,9,"","",""
871,"J Pan, LN Quan, Y Zhao, W Peng, B Murali, SP Sarmah, M Yuan, ...","Highly efficient perovskite‐quantum‐dot light‐emitting diodes by surface engineering",2016,"Advanced materials","","","https://scholar.google.com/scholar?oi=bibs&hl=en&cites=3957040926831857515",6,"2023-03-01 18:38:55","Journal article","","","https://scholar.google.com/citations?view_op=view_citation&hl=en&user=7o1A7QQAAAAJ&pagesize=100&citation_for_view=7o1A7QQAAAAJ:2Q0AJrNhS-QC",28,39,8718,8725,871,124.43,109,8,7,"","",""
739,"X Zheng, Y Hou, C Bao, J Yin, F Yuan, Z Huang, K Song, J Liu, ...","Managing grains and interfaces via ligand anchoring enables 22.3%-efficiency inverted perovskite solar cells",2020,"Nature Energy","","","https://scholar.google.com/scholar?oi=bibs&hl=en&cites=9352149968057186174",7,"2023-03-01 18:38:55","Journal article","","","https://scholar.google.com/citations?view_op=view_citation&hl=en&user=7o1A7QQAAAAJ&pagesize=100&citation_for_view=7o1A7QQAAAAJ:AubyX3KqGToC",5,2,131,140,739,246.33,82,9,3,"","",""
707,"AA Zhumekenov, MI Saidaminov, MA Haque, E Alarousu, SP Sarmah, ...","Formamidinium lead halide perovskite crystals with unprecedented long carrier dynamics and diffusion length",2016,"ACS Energy Letters","","","https://scholar.google.com/scholar?oi=bibs&hl=en&cites=10006204502783053985",8,"2023-03-01 18:38:55","Journal article","","","https://scholar.google.com/citations?view_op=view_citation&hl=en&user=7o1A7QQAAAAJ&pagesize=100&citation_for_view=7o1A7QQAAAAJ:GtqhT-R7ZnwC",1,1,32,37,707,101.00,118,6,7,"","",""
685,"J Pan, Y Shang, J Yin, M De Bastiani, W Peng, I Dursun, L Sinatra, ...","Bidentate Ligand-passivated CsPbI3 Perovskite Nanocrystals for Stable Near-unity Photoluminescence Quantum Yield and Efficient Red Light-emitting Diodes",2018,"Journal of the American Chemical Society","","","https://scholar.google.com/scholar?oi=bibs&hl=en&cites=15397593898492895594",9,"2023-03-01 18:38:55","Journal article","","","https://scholar.google.com/citations?view_op=view_citation&hl=en&user=7o1A7QQAAAAJ&pagesize=100&citation_for_view=7o1A7QQAAAAJ:mJbmKSuM8toC",140,2,562,565,685,137.00,86,8,5,"","",""
685,"V Amendola, OM Bakr, F Stellacci","A study of the surface plasmon resonance of silver nanoparticles by the discrete dipole approximation method: effect of shape, size, structure, and assembly",2010,"Plasmonics","","","https://scholar.google.com/scholar?oi=bibs&hl=en&cites=13305365566155352671",10,"2023-03-01 18:38:55","Journal article","","","https://scholar.google.com/citations?view_op=view_citation&hl=en&user=7o1A7QQAAAAJ&pagesize=100&citation_for_view=7o1A7QQAAAAJ:9yKSN-GCB0IC",5,,85,97,685,52.69,228,3,13,"","",""
684,"MI Saidaminov, V Adinolfi, R Comin, AL Abdelhady, W Peng, I Dursun, ...","Planar-integrated single-crystalline perovskite photodetectors",2015,"Nature communications","","","https://scholar.google.com/scholar?oi=bibs&hl=en&cites=9856860069731589032",11,"2023-03-01 18:38:55","Journal article","","","https://scholar.google.com/citations?view_op=view_citation&hl=en&user=7o1A7QQAAAAJ&pagesize=100&citation_for_view=7o1A7QQAAAAJ:iKswqCX-FLkC",6,1,8724,8724,684,85.50,98,7,8,"","",""
677,"G Maculan, AD Sheikh, AL Abdelhady, MI Saidaminov, MA Haque, ...","CH3NH3PbCl3 Single Crystals: Inverse Temperature Crystallization and Visible-Blind UV-Photodetector",2015,"The journal of physical chemistry letters","","","https://scholar.google.com/scholar?oi=bibs&hl=en&cites=4985960497423240942",12,"2023-03-01 18:38:55","Journal article","","","https://scholar.google.com/citations?view_op=view_citation&hl=en&user=7o1A7QQAAAAJ&pagesize=100&citation_for_view=7o1A7QQAAAAJ:MGPUR4WVBMEC",6,19,3781,3786,677,84.63,113,6,8,"","",""
614,"JS Manser, MI Saidaminov, JA Christians, OM Bakr, PV Kamat","Making and breaking of lead halide perovskites",2016,"Accounts of chemical research","","","https://scholar.google.com/scholar?oi=bibs&hl=en&cites=12171544511386855558",13,"2023-03-01 18:38:55","Journal article","","","https://scholar.google.com/citations?view_op=view_citation&hl=en&user=7o1A7QQAAAAJ&pagesize=100&citation_for_view=7o1A7QQAAAAJ:oynPyU19kbsC",49,2,330,338,614,87.71,123,5,7,"","",""
495,"Y Lin, B Adilbekova, Y Firdaus, E Yengel, H Faber, M Sajjad, X Zheng, ...","17% Efficient Organic Solar Cells Based on Liquid Exfoliated WS2 as a Replacement for PEDOT:PSS",2019,"Advanced materials","","","https://scholar.google.com/scholar?oi=bibs&hl=en&cites=9647615547084482819",14,"2023-03-01 18:38:55","Journal article","","","https://scholar.google.com/citations?view_op=view_citation&hl=en&user=7o1A7QQAAAAJ&pagesize=100&citation_for_view=7o1A7QQAAAAJ:rDsFeusoTZkC",31,46,1902965,1902965,495,123.75,62,8,4,"","",""
489,"J Pan, SP Sarmah, B Murali, I Dursun, W Peng, MR Parida, J Liu, ...","Air-stable surface-passivated perovskite quantum dots for ultra-robust, single-and two-photon-induced amplified spontaneous emission",2015,"The journal of physical chemistry letters","","","https://scholar.google.com/scholar?oi=bibs&hl=en&cites=8458768860702110782",15,"2023-03-01 18:38:55","Journal article","","","https://scholar.google.com/citations?view_op=view_citation&hl=en&user=7o1A7QQAAAAJ&pagesize=100&citation_for_view=7o1A7QQAAAAJ:oAywNP-vUhwC",6,24,5027,5033,489,61.13,61,8,8,"","",""
482,"ZJ Yong, SQ Guo, JP Ma, JY Zhang, ZY Li, YM Chen, BB Zhang, Y Zhou, ...","Doping-enhanced short-range order of perovskite nanocrystals for near-unity violet luminescence quantum yield",2018,"Journal of the American Chemical Society","","","https://scholar.google.com/scholar?oi=bibs&hl=en&cites=14633154210507589649",16,"2023-03-01 18:38:55","Journal article","","","https://scholar.google.com/citations?view_op=view_citation&hl=en&user=7o1A7QQAAAAJ&pagesize=100&citation_for_view=7o1A7QQAAAAJ:qbqt7gslDFUC",140,31,9942,9951,482,96.40,54,9,5,"","",""
454,"MI Saidaminov, J Almutlaq, S Sarmah, I Dursun, AA Zhumekenov, ...","Pure Cs4PbBr6: Highly Luminescent Zero-Dimensional Perovskite Solids",2016,"ACS Energy Letters","","","https://scholar.google.com/scholar?oi=bibs&hl=en&cites=13514625209549143640",17,"2023-03-01 18:38:55","Journal article","","","https://scholar.google.com/citations?view_op=view_citation&hl=en&user=7o1A7QQAAAAJ&pagesize=100&citation_for_view=7o1A7QQAAAAJ:4E1Y8I9HL1wC",1,4,840,845,454,64.86,76,6,7,"","",""
428,"A Dey, J Ye, A De, E Debroye, SK Ha, E Bladt, AS Kshirsagar, Z Wang, ...","State of the art and prospects for halide perovskite nanocrystals",2021,"ACS nano","","","https://scholar.google.com/scholar?oi=bibs&hl=en&cites=1412199715287252572",18,"2023-03-01 18:38:55","Journal article","","","https://scholar.google.com/citations?view_op=view_citation&hl=en&user=7o1A7QQAAAAJ&pagesize=100&citation_for_view=7o1A7QQAAAAJ:mo9XK3BEATIC",15,7,10775,10981,428,214.00,48,9,2,"","",""
427,"CP Joshi, MS Bootharaju, MJ Alhilaly, OM Bakr","[Ag25(SR)18]−: The “Golden” Silver Nanoparticle",2015,"Journal of the American Chemical Society","","","https://scholar.google.com/scholar?oi=bibs&hl=en&cites=12560964428936909027",19,"2023-03-01 18:38:55","Journal article","","","https://scholar.google.com/citations?view_op=view_citation&hl=en&user=7o1A7QQAAAAJ&pagesize=100&citation_for_view=7o1A7QQAAAAJ:WMtz-WDmgKQC",137,36,11578,11581,427,53.38,107,4,8,"","",""
427,"S Sabella, RP Carney, V Brunetti, MA Malvindi, N Al-Juffali, G Vecchio, ...","A general mechanism for intracellular toxicity of metal-containing nanoparticles",2014,"Nanoscale","","","https://scholar.google.com/scholar?oi=bibs&hl=en&cites=15576095479946680961",20,"2023-03-01 18:38:55","Journal article","","","https://scholar.google.com/citations?view_op=view_citation&hl=en&user=7o1A7QQAAAAJ&pagesize=100&citation_for_view=7o1A7QQAAAAJ:Nufq_to8ts0C",6,12,7052,7061,427,47.44,61,7,9,"","",""
413,"Y Zhou, J Chen, OM Bakr, HT Sun","Metal-doped lead halide perovskites: synthesis, properties, and optoelectronic applications",2018,"Chemistry of Materials","","","https://scholar.google.com/scholar?oi=bibs&hl=en&cites=15758111705749221036",21,"2023-03-01 18:38:55","Journal article","","","https://scholar.google.com/citations?view_op=view_citation&hl=en&user=7o1A7QQAAAAJ&pagesize=100&citation_for_view=7o1A7QQAAAAJ:fF_gHTpLxhAC",30,19,6589,6613,413,82.60,103,4,5,"","",""
395,"R Begum, MR Parida, AL Abdelhady, B Murali, NM Alyami, GH Ahmed, ...","Engineering Interfacial Charge Transfer in CsPbBr3 Perovskite Nanocrystals by Heterovalent Doping",2017,"Journal of the American Chemical Society","","","https://scholar.google.com/scholar?oi=bibs&hl=en&cites=9631787656898068497",22,"2023-03-01 18:38:55","Journal article","","","https://scholar.google.com/citations?view_op=view_citation&hl=en&user=7o1A7QQAAAAJ&pagesize=100&citation_for_view=7o1A7QQAAAAJ:TiIbgCYny7sC",139,2,731,737,395,65.83,56,7,6,"","",""
384,"Z Chen, B Turedi, A Alsalloum, C Yang, X Zheng, I Gereige, A AlSaggaf, ...","Single-Crystal MAPbI3 Perovskite Solar Cells Exceeding 21% Power Conversion Efficiency",2019,"ACS Energy Letters","","","https://scholar.google.com/scholar?oi=bibs&hl=en&cites=10235014105018736181",23,"2023-03-01 18:38:55","Journal article","","","https://scholar.google.com/citations?view_op=view_citation&hl=en&user=7o1A7QQAAAAJ&pagesize=100&citation_for_view=7o1A7QQAAAAJ:bkKuixW_xMkC",,,,,384,96.00,48,8,4,"","",""
377,"LN Quan, Y Zhao, FP García de Arquer, R Sabatini, G Walters, O Voznyy, ...","Tailoring the energy landscape in quasi-2D halide perovskites enables efficient green-light emission",2017,"Nano letters","","","https://scholar.google.com/scholar?oi=bibs&hl=en&cites=8564639594376802432",24,"2023-03-01 18:38:55","Journal article","","","https://scholar.google.com/citations?view_op=view_citation&hl=en&user=7o1A7QQAAAAJ&pagesize=100&citation_for_view=7o1A7QQAAAAJ:uPCvBZYD9qUC",17,6,3701,3709,377,62.83,54,7,6,"","",""
364,"MI Saidaminov, AL Abdelhady, G Maculan, OM Bakr","Retrograde solubility of formamidinium and methylammonium lead halide perovskites enabling rapid single crystal growth",2015,"Chemical communications","","","https://scholar.google.com/scholar?oi=bibs&hl=en&cites=10717027771040594586",25,"2023-03-01 18:38:55","Journal article","","","https://scholar.google.com/citations?view_op=view_citation&hl=en&user=7o1A7QQAAAAJ&pagesize=100&citation_for_view=7o1A7QQAAAAJ:j8pvxH-kN2QC",51,100,17658,17661,364,45.50,91,4,8,"","",""
348,"MI Saidaminov, MA Haque, J Almutlaq, S Sarmah, XH Miao, R Begum, ...","Inorganic lead halide perovskite single crystals: phase‐selective low‐temperature growth, carrier transport properties, and self‐powered photodetection",2017,"Advanced Optical Materials","","","https://scholar.google.com/scholar?oi=bibs&hl=en&cites=1603115621515429176",26,"2023-03-01 18:38:55","Journal article","","","https://scholar.google.com/citations?view_op=view_citation&hl=en&user=7o1A7QQAAAAJ&pagesize=100&citation_for_view=7o1A7QQAAAAJ:bCjgOgSFrM0C",5,2,1600704,1600704,348,58.00,50,7,6,"","",""
347,"AL Abdelhady, MI Saidaminov, B Murali, V Adinolfi, O Voznyy, K Katsiev, ...","Heterovalent dopant incorporation for bandgap and type engineering of perovskite crystals",2016,"The journal of physical chemistry letters","","","https://scholar.google.com/scholar?oi=bibs&hl=en&cites=3016907250880944944",27,"2023-03-01 18:38:55","Journal article","","","https://scholar.google.com/citations?view_op=view_citation&hl=en&user=7o1A7QQAAAAJ&pagesize=100&citation_for_view=7o1A7QQAAAAJ:NXYAu82O0W8C",7,2,295,301,347,49.57,50,7,7,"","",""
346,"MI Saidaminov, OF Mohammed, OM Bakr","Low-dimensional-networked metal halide perovskites: the next big thing",2017,"ACS Energy Letters","","","https://scholar.google.com/scholar?oi=bibs&hl=en&cites=929338818831732862",28,"2023-03-01 18:38:55","Journal article","","","https://scholar.google.com/citations?view_op=view_citation&hl=en&user=7o1A7QQAAAAJ&pagesize=100&citation_for_view=7o1A7QQAAAAJ:cOfwuRB03ygC",2,4,889,896,346,57.67,115,3,6,"","",""
341,"Y Lin, Y Firdaus, FH Isikgor, MI Nugraha, E Yengel, GT Harrison, ...","Self-assembled monolayer enables hole transport layer-free organic solar cells with 18% efficiency and improved operational stability",2020,"ACS Energy Letters","","","https://scholar.google.com/scholar?oi=bibs&hl=en&cites=3646954157322281781",29,"2023-03-01 18:38:55","Journal article","","","https://scholar.google.com/citations?view_op=view_citation&hl=en&user=7o1A7QQAAAAJ&pagesize=100&citation_for_view=7o1A7QQAAAAJ:w9ZB08sdvuUC",5,9,2935,2944,341,113.67,49,7,3,"","",""
333,"E Yassitepe, Z Yang, O Voznyy, Y Kim, G Walters, JA Castañeda, ...","Amine‐free synthesis of cesium lead halide perovskite quantum dots for efficient light‐emitting diodes",2016,"Advanced Functional Materials","","","https://scholar.google.com/scholar?oi=bibs&hl=en&cites=2933866494025382012",30,"2023-03-01 18:38:55","Journal article","","","https://scholar.google.com/citations?view_op=view_citation&hl=en&user=7o1A7QQAAAAJ&pagesize=100&citation_for_view=7o1A7QQAAAAJ:MNNNGtAgD4EC",26,47,8757,8763,333,47.57,48,7,7,"","",""
311,"LG AbdulHalim, MS Bootharaju, Q Tang, S Del Gobbo, RG AbdulHalim, ...","Ag29(BDT)12(TPP)4: A Tetravalent Nanocluster",2015,"Journal of the American Chemical Society","","","https://scholar.google.com/scholar?oi=bibs&hl=en&cites=12646020531479922051",31,"2023-03-01 18:38:55","Journal article","","","https://scholar.google.com/citations?view_op=view_citation&hl=en&user=7o1A7QQAAAAJ&pagesize=100&citation_for_view=7o1A7QQAAAAJ:LWqeokA2EBkC",137,37,11970,11975,311,38.88,52,6,8,"","",""
307,"W Peng, L Wang, B Murali, KT Ho, A Bera, N Cho, CF Kang, VM Burlakov, ...","Solution‐grown monocrystalline hybrid perovskite films for hole‐transporter‐free solar cells",2016,"Advanced Materials","","","https://scholar.google.com/scholar?oi=bibs&hl=en&cites=6701549490416770947",32,"2023-03-01 18:38:55","Journal article","","","https://scholar.google.com/citations?view_op=view_citation&hl=en&user=7o1A7QQAAAAJ&pagesize=100&citation_for_view=7o1A7QQAAAAJ:_9Xh93LWpsYC",28,17,3383,3390,307,43.86,34,9,7,"","",""
307,"OM Bakr, V Amendola, CM Aikens, W Wenseleers, R Li, L Dal Negro, ...","Silver nanoparticles with broad multiband linear optical absorption",2009,"Angewandte Chemie","","","https://scholar.google.com/scholar?oi=bibs&hl=en&cites=11678166973748411258",33,"2023-03-01 18:38:55","Journal article","","","https://scholar.google.com/citations?view_op=view_citation&hl=en&user=7o1A7QQAAAAJ&pagesize=100&citation_for_view=7o1A7QQAAAAJ:d1gkVwhDpl0C",121,32,6035,6040,307,21.93,44,7,14,"","",""
306,"Y Zhang, MI Saidaminov, I Dursun, H Yang, B Murali, E Alarousu, ...","Zero-Dimensional Cs4PbBr6 Perovskite Nanocrystals",2017,"The journal of physical chemistry letters","","","https://scholar.google.com/scholar?oi=bibs&hl=en&cites=18027672663293643781",34,"2023-03-01 18:38:55","Journal article","","","https://scholar.google.com/citations?view_op=view_citation&hl=en&user=7o1A7QQAAAAJ&pagesize=100&citation_for_view=7o1A7QQAAAAJ:-38epGy1wY0C",8,5,961,965,306,51.00,44,7,6,"","",""
289,"MS Bootharaju, CP Joshi, MR Parida, OF Mohammed, OM Bakr","Templated Atom‐Precise Galvanic Synthesis and Structure Elucidation of a [Ag24Au(SR)18]− Nanocluster",2016,"Angewandte Chemie","","","https://scholar.google.com/scholar?oi=bibs&hl=en&cites=3201610472289797508,5381137661479336165,12816234233790084360",35,"2023-03-01 18:38:55","Journal article","","","https://scholar.google.com/citations?view_op=view_citation&hl=en&user=7o1A7QQAAAAJ&pagesize=100&citation_for_view=7o1A7QQAAAAJ:wkm4DBaukwsC",128,3,934,938,289,41.29,58,5,7,"","",""
285,"OM Bakr, BH Wunsch, F Stellacci","High-yield synthesis of multi-branched urchin-like gold nanoparticles",2006,"Chemistry of materials","","","https://scholar.google.com/scholar?oi=bibs&hl=en&cites=2261520457394020443",36,"2023-03-01 18:38:55","Journal article","","","https://scholar.google.com/citations?view_op=view_citation&hl=en&user=7o1A7QQAAAAJ&pagesize=100&citation_for_view=7o1A7QQAAAAJ:u5HHmVD_uO8C",18,14,3297,3301,285,16.76,95,3,17,"","",""
268,"Y Zhang, R Sun, X Ou, K Fu, Q Chen, Y Ding, LJ Xu, L Liu, Y Han, ...","Metal halide perovskite nanosheet for X-ray high-resolution scintillation imaging screens",2019,"ACS nano","","","https://scholar.google.com/scholar?oi=bibs&hl=en&cites=14878785982009941678",37,"2023-03-01 18:38:55","Journal article","","","https://scholar.google.com/citations?view_op=view_citation&hl=en&user=7o1A7QQAAAAJ&pagesize=100&citation_for_view=7o1A7QQAAAAJ:_n8fIOMweQoC",13,2,2520,2525,268,67.00,27,10,4,"","",""
257,"MI Saidaminov, MA Haque, M Savoie, AL Abdelhady, N Cho, I Dursun, ...","Perovskite photodetectors operating in both narrowband and broadband regimes",2016,"Advanced Materials","","","https://scholar.google.com/scholar?oi=bibs&hl=en&cites=10801827933600131278",38,"2023-03-01 18:38:55","Journal article","","","https://scholar.google.com/citations?view_op=view_citation&hl=en&user=7o1A7QQAAAAJ&pagesize=100&citation_for_view=7o1A7QQAAAAJ:5rMqqAh47xYC",28,37,8144,8149,257,36.71,37,7,7,"","",""
247,"G Soldan, MA Aljuhani, MS Bootharaju, LG AbdulHalim, MR Parida, ...","Gold doping of silver nanoclusters: a 26‐Fold enhancement in the luminescence quantum yield",2016,"Angewandte Chemie","","","https://scholar.google.com/scholar?oi=bibs&hl=en&cites=18410550733596747835",39,"2023-03-01 18:38:55","Journal article","","","https://scholar.google.com/citations?view_op=view_citation&hl=en&user=7o1A7QQAAAAJ&pagesize=100&citation_for_view=7o1A7QQAAAAJ:1xBWf43XMUgC",128,19,5843,5847,247,35.29,41,6,7,"","",""
241,"G Walters, BR Sutherland, S Hoogland, D Shi, R Comin, DP Sellan, ...","Two-photon absorption in organometallic bromide perovskites",2015,"ACS nano","","","https://scholar.google.com/scholar?oi=bibs&hl=en&cites=7043651318251428602",40,"2023-03-01 18:38:55","Journal article","","","https://scholar.google.com/citations?view_op=view_citation&hl=en&user=7o1A7QQAAAAJ&pagesize=100&citation_for_view=7o1A7QQAAAAJ:Nnq8S6OXqDYC",9,9,9340,9346,241,30.13,34,7,8,"","",""
237,"W Peng, J Yin, KT Ho, O Ouellette, M De Bastiani, B Murali, O El Tall, ...","Ultralow Self-Doping in Two-dimensional Hybrid Perovskite Single Crystals",2017,"Nano Letters","","","https://scholar.google.com/scholar?oi=bibs&hl=en&cites=16061022064568947388",41,"2023-03-01 18:38:55","Journal article","","","https://scholar.google.com/citations?view_op=view_citation&hl=en&user=7o1A7QQAAAAJ&pagesize=100&citation_for_view=7o1A7QQAAAAJ:6Zm5LS9gQ5UC",17,8,4759,4767,237,39.50,30,8,6,"","",""
234,"A Ghosh, OF Mohammed, OM Bakr","Atomic-Level Doping of Metal Clusters",2018,"Accounts of chemical research","","","https://scholar.google.com/scholar?oi=bibs&hl=en&cites=263984155779372763",42,"2023-03-01 18:38:55","","","","https://scholar.google.com/citations?view_op=view_citation&hl=en&user=7o1A7QQAAAAJ&pagesize=100&citation_for_view=7o1A7QQAAAAJ:MqTxh1vmwXEC",,,,,234,46.80,78,3,5,"","",""
232,"RP Carney, JY Kim, H Qian, R Jin, H Mehenni, F Stellacci, OM Bakr","Determination of nanoparticle size distribution together with density or molecular weight by 2D analytical ultracentrifugation",2011,"Nature Communications","","","https://scholar.google.com/scholar?oi=bibs&hl=en&cites=16770442875736247952",43,"2023-03-01 18:38:55","Journal article","","","https://scholar.google.com/citations?view_op=view_citation&hl=en&user=7o1A7QQAAAAJ&pagesize=100&citation_for_view=7o1A7QQAAAAJ:2osOgNQ5qMEC",2,,335,335,232,19.33,33,7,12,"","",""
224,"Y Lin, MI Nugraha, Y Firdaus, AD Scaccabarozzi, F Aniés, AH Emwas, ...","A simple n-dopant derived from diquat boosts the efficiency of organic solar cells to 18.3%",2020,"ACS Energy Letters","","","https://scholar.google.com/scholar?oi=bibs&hl=en&cites=14114955370000924512",44,"2023-03-01 18:38:55","Journal article","","","https://scholar.google.com/citations?view_op=view_citation&hl=en&user=7o1A7QQAAAAJ&pagesize=100&citation_for_view=7o1A7QQAAAAJ:SEKBqlyTJecC",5,12,3663,3671,224,74.67,32,7,3,"","",""
224,"I Dursun, C Shen, MR Parida, J Pan, SP Sarmah, D Priante, N Alyami, ...","Perovskite nanocrystals as a color converter for visible light communication",2016,"Acs Photonics","","","https://scholar.google.com/scholar?oi=bibs&hl=en&cites=16964522821002905262",45,"2023-03-01 18:38:55","Journal article","","","https://scholar.google.com/citations?view_op=view_citation&hl=en&user=7o1A7QQAAAAJ&pagesize=100&citation_for_view=7o1A7QQAAAAJ:VjBpw8Hezy4C",3,7,1150,1156,224,32.00,28,8,7,"","",""
223,"V Adinolfi, O Ouellette, MI Saidaminov, G Walters, AL Abdelhady, ...","Fast and sensitive solution‐processed visible‐blind perovskite UV photodetectors",2016,"Advanced Materials","","","https://scholar.google.com/scholar?oi=bibs&hl=en&cites=15594088198712482351",46,"2023-03-01 18:38:55","Journal article","","","https://scholar.google.com/citations?view_op=view_citation&hl=en&user=7o1A7QQAAAAJ&pagesize=100&citation_for_view=7o1A7QQAAAAJ:DGzKIA18-3YC",28,33,7264,7268,223,31.86,37,6,7,"","",""
219,"Y Zhou, J Chen, OM Bakr, OF Mohammed","Metal Halide Perovskites for X-ray Imaging Scintillators and Detectors",2021,"ACS Energy Letters","","","https://scholar.google.com/scholar?oi=bibs&hl=en&cites=7217304612220726154",47,"2023-03-01 18:38:55","Journal article","","","https://scholar.google.com/citations?view_op=view_citation&hl=en&user=7o1A7QQAAAAJ&pagesize=100&citation_for_view=7o1A7QQAAAAJ:-w1eE4La9_EC",6,,739,768,219,109.50,55,4,2,"","",""
218,"F Yuan, YK Wang, G Sharma, Y Dong, X Zheng, P Li, A Johnston, G Bappi, ...","Bright high-colour-purity deep-blue carbon dot light-emitting diodes via efficient edge amination",2020,"Nature Photonics","","","https://scholar.google.com/scholar?oi=bibs&hl=en&cites=11207686234672103724",48,"2023-03-01 18:38:55","Journal article","","","https://scholar.google.com/citations?view_op=view_citation&hl=en&user=7o1A7QQAAAAJ&pagesize=100&citation_for_view=7o1A7QQAAAAJ:iWL_APfBKHwC",14,3,171,176,218,72.67,24,9,3,"","",""
218,"GH Ahmed, JK El-Demellawi, J Yin, J Pan, DB Velusamy, MN Hedhili, ...","Giant Photoluminescence Enhancement in CsPbCl3 Perovskite Nanocrystals by Simultaneous Dual-Surface Passivation",2018,"ACS Energy Letters","","","https://scholar.google.com/scholar?oi=bibs&hl=en&cites=8245229473466407722",49,"2023-03-01 18:38:55","Journal article","","","https://scholar.google.com/citations?view_op=view_citation&hl=en&user=7o1A7QQAAAAJ&pagesize=100&citation_for_view=7o1A7QQAAAAJ:EsrhoZGmrkoC",3,10,2301,2307,218,43.60,31,7,5,"","",""
203,"M De Bastiani, I Dursun, Y Zhang, BA Alshankiti, XH Miao, J Yin, E Yengel, ...","Inside Perovskites: Quantum Luminescence from Bulk Cs4PbBr6 Single Crystals",2017,"Chemistry of Materials","","","https://scholar.google.com/scholar?oi=bibs&hl=en&cites=7976254022187556832",50,"2023-03-01 18:38:55","Journal article","","","https://scholar.google.com/citations?view_op=view_citation&hl=en&user=7o1A7QQAAAAJ&pagesize=100&citation_for_view=7o1A7QQAAAAJ:FQ36aI_S1AEC",29,17,7108,7113,203,33.83,25,8,6,"","",""
203,"V Adinolfi, M Yuan, R Comin, ES Thibau, D Shi, MI Saidaminov, ...","The in‐gap electronic state spectrum of methylammonium lead iodide single‐crystal perovskites",2016,"Advanced materials","","","https://scholar.google.com/scholar?oi=bibs&hl=en&cites=11187032666326101911",51,"2023-03-01 18:38:55","Journal article","","","https://scholar.google.com/citations?view_op=view_citation&hl=en&user=7o1A7QQAAAAJ&pagesize=100&citation_for_view=7o1A7QQAAAAJ:xii_ZKWM4-0C",28,17,3406,3410,203,29.00,29,7,7,"","",""
197,"CH Kang, I Dursun, G Liu, L Sinatra, X Sun, M Kong, J Pan, P Maity, ...","High-speed colour-converting photodetector with all-inorganic CsPbBr3 perovskite nanocrystals for ultraviolet light communication",2019,"Light: Science &Applications","","","https://scholar.google.com/scholar?oi=bibs&hl=en&cites=16602409848696287270",52,"2023-03-01 18:38:55","","","","https://scholar.google.com/citations?view_op=view_citation&hl=en&user=7o1A7QQAAAAJ&pagesize=100&citation_for_view=7o1A7QQAAAAJ:2_BaaiyHPJIC",,,,,197,49.25,22,9,4,"","",""
191,"X Zheng, J Troughton, N Gasparini, Y Lin, M Wei, Y Hou, J Liu, K Song, ...","Quantum Dots Supply Bulk- and Surface-Passivation Agents for Efficient and Stable Perovskite Solar Cells",2019,"Joule","","","https://scholar.google.com/scholar?oi=bibs&hl=en&cites=25851202272494440",53,"2023-03-01 18:38:55","","","","https://scholar.google.com/citations?view_op=view_citation&hl=en&user=7o1A7QQAAAAJ&pagesize=100&citation_for_view=7o1A7QQAAAAJ:xlVdBZVQT58C",,,,,191,47.75,21,9,4,"","",""
189,"K Frohna, T Deshpande, J Harter, W Peng, BA Barker, JB Neaton, ...","Inversion symmetry and bulk Rashba effect in methylammonium lead iodide perovskite single crystals",2018,"Nature communications","","","https://scholar.google.com/scholar?oi=bibs&hl=en&cites=8878997386603285922",54,"2023-03-01 18:38:55","Journal article","","","https://scholar.google.com/citations?view_op=view_citation&hl=en&user=7o1A7QQAAAAJ&pagesize=100&citation_for_view=7o1A7QQAAAAJ:JdL-Xu2nR38C",9,1,1829,1829,189,37.80,27,7,5,"","",""
183,"N Cho, F Li, B Turedi, L Sinatra, SP Sarmah, MR Parida, MI Saidaminov, ...","Pure crystal orientation and anisotropic charge transport in large-area hybrid perovskite films",2016,"Nature communications","","","https://scholar.google.com/scholar?oi=bibs&hl=en&cites=15477912485565105964",55,"2023-03-01 18:38:55","Journal article","","","https://scholar.google.com/citations?view_op=view_citation&hl=en&user=7o1A7QQAAAAJ&pagesize=100&citation_for_view=7o1A7QQAAAAJ:IvSMUa3B7yYC",7,1,13407,13407,183,26.14,23,8,7,"","",""
182,"K Nakata, Y Hu, O Uzun, O Bakr, F Stellacci","Chains of superparamagnetic nanoparticles",2008,"Advanced Materials","","","https://scholar.google.com/scholar?oi=bibs&hl=en&cites=11255728968060803584",56,"2023-03-01 18:38:55","Journal article","","","https://scholar.google.com/citations?view_op=view_citation&hl=en&user=7o1A7QQAAAAJ&pagesize=100&citation_for_view=7o1A7QQAAAAJ:u-x6o8ySG0sC",20,22,4294,4299,182,12.13,36,5,15,"","",""
173,"J Yin, P Maity, M De Bastiani, I Dursun, OM Bakr, JL Brédas, ...","Molecular behavior of zero-dimensional perovskites",2017,"Science advances","","","https://scholar.google.com/scholar?oi=bibs&hl=en&cites=14807961233610935485",57,"2023-03-01 18:38:55","Journal article","","","https://scholar.google.com/citations?view_op=view_citation&hl=en&user=7o1A7QQAAAAJ&pagesize=100&citation_for_view=7o1A7QQAAAAJ:QAOzB4mb83kC",3,12,1701793,,173,28.83,25,7,6,"","",""
168,"KM Harkness, Y Tang, A Dass, J Pan, N Kothalawala, VJ Reddy, ...","Ag44 (SR) 304−: a silver–thiolate superatom complex",2012,"Nanoscale","","","https://scholar.google.com/scholar?oi=bibs&hl=en&cites=2583068095772826249",58,"2023-03-01 18:38:55","","","","https://scholar.google.com/citations?view_op=view_citation&hl=en&user=7o1A7QQAAAAJ&pagesize=100&citation_for_view=7o1A7QQAAAAJ:Tyk-4Ss8FVUC",,,,,168,15.27,24,7,11,"","",""
163,"H Yang, Y Zhang, J Pan, J Yin, OM Bakr, OF Mohammed","Room-temperature engineering of all-inorganic perovskite nanocrsytals with different dimensionalities",2017,"Chemistry of Materials","","","https://scholar.google.com/scholar?oi=bibs&hl=en&cites=13883374979167725482",59,"2023-03-01 18:38:55","Journal article","","","https://scholar.google.com/citations?view_op=view_citation&hl=en&user=7o1A7QQAAAAJ&pagesize=100&citation_for_view=7o1A7QQAAAAJ:koF6b02d8EEC",29,21,8978,8982,163,27.17,27,6,6,"","",""
161,"Y Zhang, J Yin, MR Parida, GH Ahmed, J Pan, OM Bakr, JL Brédas, ...","Direct-indirect nature of the bandgap in lead-free perovskite nanocrystals",2017,"The Journal of Physical Chemistry Letters","","","https://scholar.google.com/scholar?oi=bibs&hl=en&cites=13875985933590186313",60,"2023-03-01 18:38:55","Journal article","","","https://scholar.google.com/citations?view_op=view_citation&hl=en&user=7o1A7QQAAAAJ&pagesize=100&citation_for_view=7o1A7QQAAAAJ:lRPiJ3GhvscC",8,14,3173,3177,161,26.83,20,8,6,"","",""
157,"CP Joshi, MS Bootharaju, OM Bakr","Tuning properties in silver clusters",2015,"The journal of physical chemistry letters","","","https://scholar.google.com/scholar?oi=bibs&hl=en&cites=11498193866648875667",61,"2023-03-01 18:38:55","Journal article","","","https://scholar.google.com/citations?view_op=view_citation&hl=en&user=7o1A7QQAAAAJ&pagesize=100&citation_for_view=7o1A7QQAAAAJ:hKjooKYXoHIC",6,15,3023,3035,157,19.63,52,3,8,"","",""
151,"X Zheng, S Yuan, J Liu, J Yin, F Yuan, WS Shen, K Yao, M Wei, C Zhou, ...","Chlorine vacancy passivation in mixed halide perovskite quantum dots by organic pseudohalides enables efficient Rec. 2020 blue light-emitting diodes",2020,"ACS Energy Letters","","","https://scholar.google.com/scholar?oi=bibs&hl=en&cites=696895915204234635",62,"2023-03-01 18:38:55","Journal article","","","https://scholar.google.com/citations?view_op=view_citation&hl=en&user=7o1A7QQAAAAJ&pagesize=100&citation_for_view=7o1A7QQAAAAJ:cTy_cm4PQvYC",5,3,793,798,151,50.33,15,10,3,"","",""
147,"V Adinolfi, W Peng, G Walters, OM Bakr, EH Sargent","The electrical and optical properties of organometal halide perovskites relevant to optoelectronic performance",2018,"Advanced Materials","","","https://scholar.google.com/scholar?oi=bibs&hl=en&cites=14065383713579913930",63,"2023-03-01 18:38:55","Journal article","","","https://scholar.google.com/citations?view_op=view_citation&hl=en&user=7o1A7QQAAAAJ&pagesize=100&citation_for_view=7o1A7QQAAAAJ:I2jIoRS3jIgC",30,1,1700764,1700764,147,29.40,29,5,5,"","",""
143,"W Peng, X Miao, V Adinolfi, E Alarousu, O El Tall, AH Emwas, C Zhao, ...","Engineering of CH3NH3PbI3 perovskite crystals by alloying large organic cations for enhanced thermal stability and transport properties",2016,"Angewandte Chemie International Edition","","","https://scholar.google.com/scholar?oi=bibs&hl=en&cites=9045487499564228439",64,"2023-03-01 18:38:55","Journal article","","","https://scholar.google.com/citations?view_op=view_citation&hl=en&user=7o1A7QQAAAAJ&pagesize=100&citation_for_view=7o1A7QQAAAAJ:vjZqxyZ7hS4C",55,36,10686,10690,143,20.43,18,8,7,"","",""
141,"X Zheng, Y Hou, HT Sun, OF Mohammed, EH Sargent, OM Bakr","Reducing Defects in Halide Perovskite Nanocrystals for Light-Emitting Applications",2019,"The Journal of Physical Chemistry Letters","","","https://scholar.google.com/scholar?oi=bibs&hl=en&cites=9707093290264501295",65,"2023-03-01 18:38:55","Journal article","","","https://scholar.google.com/citations?view_op=view_citation&hl=en&user=7o1A7QQAAAAJ&pagesize=100&citation_for_view=7o1A7QQAAAAJ:svGagg1hbZMC",,,,,141,35.25,24,6,4,"","",""
141,"D Shi, X Qin, Y Li, Y He, C Zhong, J Pan, H Dong, W Xu, T Li, W Hu, ...","Spiro-OMeTAD single crystals: Remarkably enhanced charge-carrier transport via mesoscale ordering",2016,"Science advances","","","https://scholar.google.com/scholar?oi=bibs&hl=en&cites=13574951189408514532",66,"2023-03-01 18:38:55","Journal article","","","https://scholar.google.com/citations?view_op=view_citation&hl=en&user=7o1A7QQAAAAJ&pagesize=100&citation_for_view=7o1A7QQAAAAJ:tgTmbKTkO1IC",2,4,1501491,,141,20.14,14,11,7,"","",""
139,"MJ Alhilaly, MS Bootharaju, CP Joshi, TM Besong, AH Emwas, ...","[Ag67(SPhMe2)32(PPh3)8]3+: Synthesis, Total Structure, and Optical Properties of a Large Box-Shaped Silver Nanocluster",2016,"Journal of the American Chemical Society","","","https://scholar.google.com/scholar?oi=bibs&hl=en&cites=4325234669563731653",67,"2023-03-01 18:38:55","Journal article","","","https://scholar.google.com/citations?view_op=view_citation&hl=en&user=7o1A7QQAAAAJ&pagesize=100&citation_for_view=7o1A7QQAAAAJ:Ul_CLA4dPeMC",138,44,14727,14732,139,19.86,23,6,7,"","",""
139,"D Priante, I Dursun, MS Alias, D Shi, VA Melnikov, TK Ng, OF Mohammed, ...","The recombination mechanisms leading to amplified spontaneous emission at the true-green wavelength in CH3NH3PbBr3 perovskites",2015,"Applied Physics Letters","","","https://scholar.google.com/scholar?oi=bibs&hl=en&cites=10173318593546994353",68,"2023-03-01 18:38:55","Journal article","","","https://scholar.google.com/citations?view_op=view_citation&hl=en&user=7o1A7QQAAAAJ&pagesize=100&citation_for_view=7o1A7QQAAAAJ:i91s68tWr-MC",106,8,81902,81902,139,17.38,17,8,8,"","",""
137,"AY Alsalloum, B Turedi, X Zheng, S Mitra, AA Zhumekenov, K Lee, ...","Low Temperature Crystallization Enables 21.9% Efficient Single-Crystal MAPbI3 Inverted Perovskite Solar Cells",2020,"ACS Energy Letters","","","https://scholar.google.com/scholar?oi=bibs&hl=en&cites=7743590151821449975",69,"2023-03-01 18:38:55","Journal article","","","https://scholar.google.com/citations?view_op=view_citation&hl=en&user=7o1A7QQAAAAJ&pagesize=100&citation_for_view=7o1A7QQAAAAJ:HAmI6pRF5skC",,,,,137,45.67,20,7,3,"","",""
137,"D Zhitomirsky, IJ Kramer, AJ Labelle, A Fischer, R Debnath, J Pan, ...","Colloidal quantum dot photovoltaics: the effect of polydispersity",2012,"Nano letters","","","https://scholar.google.com/scholar?oi=bibs&hl=en&cites=4193232007683446061",70,"2023-03-01 18:38:55","Journal article","","","https://scholar.google.com/citations?view_op=view_citation&hl=en&user=7o1A7QQAAAAJ&pagesize=100&citation_for_view=7o1A7QQAAAAJ:Y0pCki6q_DkC",12,2,1007,1012,137,12.45,20,7,11,"","",""
134,"J Yin, H Yang, K Song, AM El-Zohry, Y Han, OM Bakr, JL Brédas, ...","Point defects and green emission in zero-dimensional perovskites",2018,"The Journal of Physical Chemistry Letters","","","https://scholar.google.com/scholar?oi=bibs&hl=en&cites=8264627095128247621",71,"2023-03-01 18:38:55","Journal article","","","https://scholar.google.com/citations?view_op=view_citation&hl=en&user=7o1A7QQAAAAJ&pagesize=100&citation_for_view=7o1A7QQAAAAJ:uWy0R8PweswC",9,18,5490,5495,134,26.80,17,8,5,"","",""
133,"B Murali, S Dey, AL Abdelhady, W Peng, E Alarousu, AR Kirmani, N Cho, ...","Surface restructuring of hybrid perovskite crystals",2016,"ACS Energy Letters","","","https://scholar.google.com/scholar?oi=bibs&hl=en&cites=11134698683448384029",72,"2023-03-01 18:38:55","Journal article","","","https://scholar.google.com/citations?view_op=view_citation&hl=en&user=7o1A7QQAAAAJ&pagesize=100&citation_for_view=7o1A7QQAAAAJ:8gBurD7jEYQC",1,6,1119,1126,133,19.00,17,8,7,"","",""
130,"AA Zhumekenov, VM Burlakov, MI Saidaminov, A Alofi, MA Haque, ...","The role of surface tension in the crystallization of metal halide perovskites",2017,"ACS Energy Letters","","","https://scholar.google.com/scholar?oi=bibs&hl=en&cites=16269156970961654483",73,"2023-03-01 18:38:55","Journal article","","","https://scholar.google.com/citations?view_op=view_citation&hl=en&user=7o1A7QQAAAAJ&pagesize=100&citation_for_view=7o1A7QQAAAAJ:oFn-K-OQSCAC",2,8,1782,1788,130,21.67,22,6,6,"","",""
130,"Z Wu, H Liu, T Li, J Liu, J Yin, OF Mohammed, OM Bakr, Y Liu, B Yang, ...","Contribution of metal defects in the assembly induced emission of Cu nanoclusters",2017,"Journal of the American Chemical Society","","","https://scholar.google.com/scholar?oi=bibs&hl=en&cites=16020466475255058067",74,"2023-03-01 18:38:55","Journal article","","","https://scholar.google.com/citations?view_op=view_citation&hl=en&user=7o1A7QQAAAAJ&pagesize=100&citation_for_view=7o1A7QQAAAAJ:I-2NeQpV75MC",139,12,4318,4321,130,21.67,13,10,6,"","",""
128,"J Yin, Y Zhang, A Bruno, C Soci, OM Bakr, JL Brédas, OF Mohammed","Intrinsic Lead Ion Emissions in Zero-Dimensional Cs4PbBr6 Nanocrystals",2017,"ACS Energy Letters","","","https://scholar.google.com/scholar?oi=bibs&hl=en&cites=3012976670922924965",75,"2023-03-01 18:38:55","Journal article","","","https://scholar.google.com/citations?view_op=view_citation&hl=en&user=7o1A7QQAAAAJ&pagesize=100&citation_for_view=7o1A7QQAAAAJ:QeguYG95ZbAC",2,12,2805,2811,128,21.33,18,7,6,"","",""
125,"PA Shaikh, D Shi, JRD Retamal, AD Sheikh, MA Haque, CF Kang, JH He, ...","Schottky junctions on perovskite single crystals: light-modulated dielectric constant and self-biased photodetection",2016,"Journal of Materials Chemistry C","","","https://scholar.google.com/scholar?oi=bibs&hl=en&cites=6896957195300810271",76,"2023-03-01 18:38:55","Journal article","","","https://scholar.google.com/citations?view_op=view_citation&hl=en&user=7o1A7QQAAAAJ&pagesize=100&citation_for_view=7o1A7QQAAAAJ:e3CVSTJ63dQC",4,35,8304,8312,125,17.86,16,8,7,"","",""
122,"L Sinatra, AP LaGrow, W Peng, AR Kirmani, A Amassian, H Idriss, ...","A Au/Cu2O–TiO2 system for photo-catalytic hydrogen production. A pn-junction effect or a simple case of in situ reduction?",2015,"Journal of Catalysis","","","https://scholar.google.com/scholar?oi=bibs&hl=en&cites=8497164806775255835",77,"2023-03-01 18:38:55","Journal article","","","https://scholar.google.com/citations?view_op=view_citation&hl=en&user=7o1A7QQAAAAJ&pagesize=100&citation_for_view=7o1A7QQAAAAJ:VnuxuLaQPLMC",322,,109,117,122,15.25,17,7,8,"","",""
122,"A Fischer, L Rollny, J Pan, GH Carey, SM Thon, S Hoogland, O Voznyy, ...","Directly Deposited Quantum Dot Solids Using a Colloidally Stable Nanoparticle Ink",2013,"Advanced Materials","","","https://scholar.google.com/scholar?oi=bibs&hl=en&cites=17768343378725461416",78,"2023-03-01 18:38:55","","","","https://scholar.google.com/citations?view_op=view_citation&hl=en&user=7o1A7QQAAAAJ&pagesize=100&citation_for_view=7o1A7QQAAAAJ:roLk4NBRz8UC",,,,,122,12.20,15,8,10,"","",""
118,"YK Wang, F Yuan, Y Dong, JY Li, A Johnston, B Chen, MI Saidaminov, ...","All‐Inorganic Quantum‐Dot LEDs Based on a Phase‐Stabilized α‐CsPbI3 Perovskite",2021,"Angewandte chemie international edition","","","https://scholar.google.com/scholar?oi=bibs&hl=en&cites=6334886278156154757",79,"2023-03-01 18:38:55","Journal article","","","https://scholar.google.com/citations?view_op=view_citation&hl=en&user=7o1A7QQAAAAJ&pagesize=100&citation_for_view=7o1A7QQAAAAJ:ef2wPL15CskC",60,29,16164,16170,118,59.00,15,8,2,"","",""
118,"J Pan, AO El-Ballouli, L Rollny, O Voznyy, VM Burlakov, A Goriely, ...","Automated Synthesis of Photovoltaic-Quality Colloidal Quantum Dots Using Separate Nucleation and Growth Stages",2013,"ACS Nano","","","https://scholar.google.com/scholar?oi=bibs&hl=en&cites=16796215756638048344",80,"2023-03-01 18:38:55","Journal article","","","https://scholar.google.com/citations?view_op=view_citation&hl=en&user=7o1A7QQAAAAJ&pagesize=100&citation_for_view=7o1A7QQAAAAJ:WIXB4To3Tx4C",7,11,10158,10166,118,11.80,17,7,10,"","",""
117,"MS Alias, I Dursun, MI Saidaminov, EM Diallo, P Mishra, TK Ng, OM Bakr, ...","Optical constants of CH3NH3PbBr3 perovskite thin films measured by spectroscopic ellipsometry",2016,"Optics express","","","https://scholar.google.com/scholar?oi=bibs&hl=en&cites=9269936524191967091",81,"2023-03-01 18:38:55","Journal article","","","https://scholar.google.com/citations?view_op=view_citation&hl=en&user=7o1A7QQAAAAJ&pagesize=100&citation_for_view=7o1A7QQAAAAJ:uoRD4RTSUPoC",24,15,16586,16594,117,16.71,15,8,7,"","",""
116,"I Dursun, M De Bastiani, B Turedi, B Alamer, A Shkurenko, J Yin, ...","CsPb2Br5 Single Crystals: Synthesis and Characterization",2017,"ChemSusChem","","","https://scholar.google.com/scholar?oi=bibs&hl=en&cites=7356698902613435680",82,"2023-03-01 18:38:55","","","","https://scholar.google.com/citations?view_op=view_citation&hl=en&user=7o1A7QQAAAAJ&pagesize=100&citation_for_view=7o1A7QQAAAAJ:jq04SsiGh3QC",,,,,116,19.33,17,7,6,"","",""
113,"M De Bastiani, MI Saidaminov, I Dursun, L Sinatra, W Peng, U Buttner, ...","Thermochromic Perovskite Inks for Reversible Smart Window Applications",2017,"Chemistry of Materials","","","https://scholar.google.com/scholar?oi=bibs&hl=en&cites=11992742106443565493",83,"2023-03-01 18:38:55","Journal article","","","https://scholar.google.com/citations?view_op=view_citation&hl=en&user=7o1A7QQAAAAJ&pagesize=100&citation_for_view=7o1A7QQAAAAJ:jRIwE-1ttnoC",29,8,3367,3370,113,18.83,16,7,6,"","",""
113,"R Debnath, O Bakr, EH Sargent","Solution-processed colloidal quantum dots photovoltaics: A perspective",2011,"Energy &Environmental Science","","","https://scholar.google.com/scholar?oi=bibs&hl=en&cites=11601612440540917786",84,"2023-03-01 18:38:55","","","","https://scholar.google.com/citations?view_op=view_citation&hl=en&user=7o1A7QQAAAAJ&pagesize=100&citation_for_view=7o1A7QQAAAAJ:qjMakFHDy7sC",,,,,113,9.42,38,3,12,"","",""
112,"AC Ferreira, A Letoublon, S Paofai, S Raymond, C Ecolivet, B Ruffle, ...","Elastic Softness of Hybrid Lead Halide Perovskites",2018,"Physical Review Letters","","","https://scholar.google.com/scholar?oi=bibs&hl=en&cites=10164945196212260119",85,"2023-03-01 18:38:55","Journal article","","","https://scholar.google.com/citations?view_op=view_citation&hl=en&user=7o1A7QQAAAAJ&pagesize=100&citation_for_view=7o1A7QQAAAAJ:f2PrUAIjnKUC",121,8,85502,85502,112,22.40,16,7,5,"","",""
112,"H Wang, AD Sheikh, Q Feng, F Li, Y Chen, W Yu, E Alarousu, C Ma, ...","Facile synthesis and high performance of a new carbazole-based hole-transporting material for hybrid perovskite solar cells",2015,"ACS Photonics","","","https://scholar.google.com/scholar?oi=bibs&hl=en&cites=4318725394550191638",86,"2023-03-01 18:38:55","Journal article","","","https://scholar.google.com/citations?view_op=view_citation&hl=en&user=7o1A7QQAAAAJ&pagesize=100&citation_for_view=7o1A7QQAAAAJ:CRzUtm-VnGAC",2,7,849,855,112,14.00,12,9,8,"","",""
111,"J Almutlaq, J Yin, OF Mohammed, OM Bakr","The benefit and challenges of zero-dimensional perovskites",2018,"The Journal of Physical Chemistry Letters","","","https://scholar.google.com/scholar?oi=bibs&hl=en&cites=17338347387831825871",87,"2023-03-01 18:38:55","Journal article","","","https://scholar.google.com/citations?view_op=view_citation&hl=en&user=7o1A7QQAAAAJ&pagesize=100&citation_for_view=7o1A7QQAAAAJ:w0odbtu79TwC",9,14,4131,4138,111,22.20,28,4,5,"","",""
111,"W Peng, C Aranda, OM Bakr, G Garcia-Belmonte, J Bisquert, A Guerrero","Quantification of ionic diffusion in lead halide perovskite single crystals",2018,"ACS Energy Letters","","","https://scholar.google.com/scholar?oi=bibs&hl=en&cites=802825692492579010",88,"2023-03-01 18:38:55","Journal article","","","https://scholar.google.com/citations?view_op=view_citation&hl=en&user=7o1A7QQAAAAJ&pagesize=100&citation_for_view=7o1A7QQAAAAJ:mgoTDWlsYNUC",3,7,1477,1481,111,22.20,19,6,5,"","",""
110,"L Na Quan, D Ma, Y Zhao, O Voznyy, H Yuan, E Bladt, J Pan, ...","Edge stabilization in reduced-dimensional perovskites",2020,"Nature communications","","","https://scholar.google.com/scholar?oi=bibs&hl=en&cites=1028489048234790338",89,"2023-03-01 18:38:55","Journal article","","","https://scholar.google.com/citations?view_op=view_citation&hl=en&user=7o1A7QQAAAAJ&pagesize=100&citation_for_view=7o1A7QQAAAAJ:JavbeY_VQWIC",11,1,170,170,110,36.67,14,8,3,"","",""
110,"AO El-Ballouli, E Alarousu, M Bernardi, SM Aly, AP Lagrow, OM Bakr, ...","Quantum Confinement-Tunable Ultrafast Charge Transfer at the PbS Quantum Dot and Phenyl-C61-butyric Acid Methyl Ester Interface",2014,"Journal of the American Chemical Society","","","https://scholar.google.com/scholar?oi=bibs&hl=en&cites=9859531916997370930",90,"2023-03-01 18:38:55","Journal article","","","https://scholar.google.com/citations?view_op=view_citation&hl=en&user=7o1A7QQAAAAJ&pagesize=100&citation_for_view=7o1A7QQAAAAJ:ojlX30-wUrgC",136,19,6952,6959,110,12.22,16,7,9,"","",""
109,"A Oranskaia, J Yin, OM Bakr, JL Brédas, OF Mohammed","Halogen migration in hybrid perovskites: the organic cation matters",2018,"The Journal of Physical Chemistry Letters","","","https://scholar.google.com/scholar?oi=bibs&hl=en&cites=13150429176727585109",91,"2023-03-01 18:38:55","Journal article","","","https://scholar.google.com/citations?view_op=view_citation&hl=en&user=7o1A7QQAAAAJ&pagesize=100&citation_for_view=7o1A7QQAAAAJ:PklR0melJeUC",9,18,5474,5480,109,21.80,22,5,5,"","",""
108,"B Sun, A Johnston, C Xu, M Wei, Z Huang, Z Jiang, H Zhou, Y Gao, ...","Monolayer perovskite bridges enable strong quantum dot coupling for efficient solar cells",2020,"Joule","","","https://scholar.google.com/scholar?oi=bibs&hl=en&cites=13200088469809094666",92,"2023-03-01 18:38:55","Journal article","","","https://scholar.google.com/citations?view_op=view_citation&hl=en&user=7o1A7QQAAAAJ&pagesize=100&citation_for_view=7o1A7QQAAAAJ:XUAslYVNQLQC",4,7,1542,1556,108,36.00,12,9,3,"","",""
106,"J Yin, GH Ahmed, OM Bakr, JL Brédas, OF Mohammed","Unlocking the Effect of Trivalent Metal Doping in All-Inorganic CsPbBr3 Perovskite",2019,"ACS Energy Letters","","","https://scholar.google.com/scholar?oi=bibs&hl=en&cites=14964450839792491807",93,"2023-03-01 18:38:55","Journal article","","","https://scholar.google.com/citations?view_op=view_citation&hl=en&user=7o1A7QQAAAAJ&pagesize=100&citation_for_view=7o1A7QQAAAAJ:sfsSB7lKuh0C",4,3,789,795,106,26.50,21,5,4,"","",""
104,"AY Alsalloum, B Turedi, K Almasabi, X Zheng, R Naphade, SD Stranks, ...","22.8%-Efficient Single-Crystal Mixed-Cation Inverted Perovskite Solar Cells with a Near-Optimal Bandgap",2021,"Energy &Environmental Science","","","https://scholar.google.com/scholar?oi=bibs&hl=en&cites=18358399030860067272",94,"2023-03-01 18:38:55","","","","https://scholar.google.com/citations?view_op=view_citation&hl=en&user=7o1A7QQAAAAJ&pagesize=100&citation_for_view=7o1A7QQAAAAJ:Weau3kkTRIMC",,,,,104,52.00,15,7,2,"","",""
103,"BB Zhang, S Yuan, JP Ma, Y Zhou, J Hou, X Chen, W Zheng, H Shen, ...","General mild reaction creates highly luminescent organic-ligand-lacking halide perovskite nanocrystals for efficient light-emitting diodes",2019,"Journal of the American Chemical Society","","","https://scholar.google.com/scholar?oi=bibs&hl=en&cites=5711046402845852894",95,"2023-03-01 18:38:55","Journal article","","","https://scholar.google.com/citations?view_op=view_citation&hl=en&user=7o1A7QQAAAAJ&pagesize=100&citation_for_view=7o1A7QQAAAAJ:xIusEVNJREcC",141,38,15423,15432,103,25.75,11,9,4,"","",""
102,"MS Bootharaju, VM Burlakov, TMD Besong, CP Joshi, LG AbdulHalim, ...","Reversible size control of silver nanoclusters via ligand-exchange",2015,"Chemistry of Materials","","","https://scholar.google.com/scholar?oi=bibs&hl=en&cites=6128426136997234214",96,"2023-03-01 18:38:55","Journal article","","","https://scholar.google.com/citations?view_op=view_citation&hl=en&user=7o1A7QQAAAAJ&pagesize=100&citation_for_view=7o1A7QQAAAAJ:3BvdIg-l-ZAC",27,12,4289,4297,102,12.75,17,6,8,"","",""
99,"J Chen, C Dong, H Idriss, OF Mohammed, OM Bakr","Metal Halide Perovskites for Solar‐to‐Chemical Fuel Conversion",2020,"Advanced Energy Materials","","","https://scholar.google.com/scholar?oi=bibs&hl=en&cites=13600972645042515823",97,"2023-03-01 18:38:55","Journal article","","","https://scholar.google.com/citations?view_op=view_citation&hl=en&user=7o1A7QQAAAAJ&pagesize=100&citation_for_view=7o1A7QQAAAAJ:RgMnzfD6kpIC",10,13,1902433,1902433,99,33.00,20,5,3,"","",""
97,"V Amendola, M Meneghetti, OM Bakr, P Riello, S Polizzi, DH Anjum, ...","Coexistence of plasmonic and magnetic properties in Au 89 Fe 11 nanoalloys",2013,"Nanoscale","","","https://scholar.google.com/scholar?oi=bibs&hl=en&cites=4600698773231686274",98,"2023-03-01 18:38:55","Journal article","","","https://scholar.google.com/citations?view_op=view_citation&hl=en&user=7o1A7QQAAAAJ&pagesize=100&citation_for_view=7o1A7QQAAAAJ:eQOLeE2rZwMC",5,12,5611,5619,97,9.70,14,7,10,"","",""
96,"MJ Alhilaly, RW Huang, R Naphade, B Alamer, MN Hedhili, AH Emwas, ...","Assembly of Atomically Precise Silver Nanoclusters into Nanocluster-based Frameworks",2019,"Journal of the American Chemical Society","","","https://scholar.google.com/scholar?oi=bibs&hl=en&cites=12184602452638732212",99,"2023-03-01 18:38:55","Journal article","","","https://scholar.google.com/citations?view_op=view_citation&hl=en&user=7o1A7QQAAAAJ&pagesize=100&citation_for_view=7o1A7QQAAAAJ:qhW0HyKmSusC",,,,,96,24.00,14,7,4,"","",""
94,"Y Lin, A Magomedov, Y Firdaus, D Kaltsas, A El‐Labban, H Faber, ...","18.4% organic solar cells using a high ionization energy self‐assembled monolayer as hole‐extraction interlayer",2021,"ChemSusChem","","","https://scholar.google.com/scholar?oi=bibs&hl=en&cites=4116900565280903320",100,"2023-03-01 18:38:55","Journal article","","","https://scholar.google.com/citations?view_op=view_citation&hl=en&user=7o1A7QQAAAAJ&pagesize=100&citation_for_view=7o1A7QQAAAAJ:Sf6vrWCRp3YC",14,17,3569,3578,94,47.00,13,7,2,"","",""
94,"J Liu, K Song, Y Shin, X Liu, J Chen, KX Yao, J Pan, C Yang, J Yin, LJ Xu, ...","Light-Induced Self-Assembly of Cubic CsPbBr3 Perovskite Nanocrystals into Nanowires",2019,"Chemistry of Materials","","","https://scholar.google.com/scholar?oi=bibs&hl=en&cites=2439131258237248334",101,"2023-03-01 18:38:55","","","","https://scholar.google.com/citations?view_op=view_citation&hl=en&user=7o1A7QQAAAAJ&cstart=100&pagesize=100&citation_for_view=7o1A7QQAAAAJ:rJyh6hJnyfgC",,,,,94,23.50,9,11,4,"","",""
94,"MS Bootharaju, R Dey, LE Gevers, MN Hedhili, JM Basset, OM Bakr","A new class of atomically precise, hydride-rich silver nanoclusters co-protected by phosphines",2016,"Journal of the American Chemical Society","","","https://scholar.google.com/scholar?oi=bibs&hl=en&cites=14866374283985888197",102,"2023-03-01 18:38:55","Journal article","","","https://scholar.google.com/citations?view_op=view_citation&hl=en&user=7o1A7QQAAAAJ&cstart=100&pagesize=100&citation_for_view=7o1A7QQAAAAJ:U5uP8zs9lfgC",138,42,13770,13773,94,13.43,16,6,7,"","",""
93,"B Murali, E Yengel, C Yang, W Peng, E Alarousu, OM Bakr, ...","The surface of hybrid perovskite crystals: a boon or bane",2017,"ACS Energy Letters","","","https://scholar.google.com/scholar?oi=bibs&hl=en&cites=11917273991404330649",103,"2023-03-01 18:38:55","Journal article","","","https://scholar.google.com/citations?view_op=view_citation&hl=en&user=7o1A7QQAAAAJ&cstart=100&pagesize=100&citation_for_view=7o1A7QQAAAAJ:1wZ_wKGpLuwC",2,4,846,856,93,15.50,13,7,6,"","",""
91,"F Yuan, X Zheng, A Johnston, YK Wang, C Zhou, Y Dong, B Chen, ...","Color-pure red light-emitting diodes based on two-dimensional lead-free perovskites",2020,"Science Advances 6 (42), eabb","","","https://scholar.google.com/scholar?oi=bibs&hl=en&cites=8953490426645338076",104,"2023-03-01 18:38:55","Journal article","","","https://scholar.google.com/citations?view_op=view_citation&hl=en&user=7o1A7QQAAAAJ&cstart=100&pagesize=100&citation_for_view=7o1A7QQAAAAJ:yaBp1wUtcLsC",253,,,,91,30.33,11,8,3,"","",""
91,"DJ Lewis, P Kevin, O Bakr, CA Muryn, MA Malik, P O'Brien","Routes to tin chalcogenide materials as thin films or nanoparticles: a potentially important class of semiconductor for sustainable solar energy conversion",2014,"Inorganic Chemistry Frontiers","","","https://scholar.google.com/scholar?oi=bibs&hl=en&cites=11689274775182170625",105,"2023-03-01 18:38:55","Journal article","","","https://scholar.google.com/citations?view_op=view_citation&hl=en&user=7o1A7QQAAAAJ&cstart=100&pagesize=100&citation_for_view=7o1A7QQAAAAJ:gmHTDCtJMcoC",1,8,577,598,91,10.11,15,6,9,"","",""
86,"JK Chen, JP Ma, SQ Guo, YM Chen, Q Zhao, BB Zhang, ZY Li, Y Zhou, ...","High-efficiency violet-emitting all-inorganic perovskite nanocrystals enabled by alkaline-earth metal passivation",2019,"Chemistry of Materials","","","https://scholar.google.com/scholar?oi=bibs&hl=en&cites=14024223672627795057",106,"2023-03-01 18:38:55","Journal article","","","https://scholar.google.com/citations?view_op=view_citation&hl=en&user=7o1A7QQAAAAJ&cstart=100&pagesize=100&citation_for_view=7o1A7QQAAAAJ:vkuYBMKU6wEC",31,11,3974,3983,86,21.50,10,9,4,"","",""
86,"E Alarousu, AM El-Zohry, J Yin, AA Zhumekenov, C Yang, E Alhabshi, ...","Ultralong radiative states in hybrid perovskite crystals: compositions for submillimeter diffusion lengths",2017,"The journal of physical chemistry letters","","","https://scholar.google.com/scholar?oi=bibs&hl=en&cites=13732413497343769592",107,"2023-03-01 18:38:55","Journal article","","","https://scholar.google.com/citations?view_op=view_citation&hl=en&user=7o1A7QQAAAAJ&cstart=100&pagesize=100&citation_for_view=7o1A7QQAAAAJ:3_f9JqYsqVQC",8,18,4386,4390,86,14.33,12,7,6,"","",""
86,"LG AbdulHalim, S Ashraf, K Katsiev, AR Kirmani, N Kothalawala, ...","A Scalable Synthesis of Highly Stable and Water Dispersible Ag44(SR)30 Nanoclusters",2013,"Journal of Materials Chemistry A","","","https://scholar.google.com/scholar?oi=bibs&hl=en&cites=10917840048074050920",108,"2023-03-01 18:38:55","Journal article","","","https://scholar.google.com/citations?view_op=view_citation&hl=en&user=7o1A7QQAAAAJ&cstart=100&pagesize=100&citation_for_view=7o1A7QQAAAAJ:MXK_kJrjxJIC",10148,,,,86,8.60,14,6,10,"","",""
85,"J Yin, P Maity, L Xu, AM El-Zohry, H Li, OM Bakr, JL Brédas, ...","Layer-dependent Rashba band splitting in 2D hybrid perovskites",2018,"Chemistry of Materials","","","https://scholar.google.com/scholar?oi=bibs&hl=en&cites=1803938376904123151",109,"2023-03-01 18:38:55","Journal article","","","https://scholar.google.com/citations?view_op=view_citation&hl=en&user=7o1A7QQAAAAJ&cstart=100&pagesize=100&citation_for_view=7o1A7QQAAAAJ:9CGX2owmTHMC",30,23,8538,8545,85,17.00,11,8,5,"","",""
85,"MS Alias, Y Yang, TK Ng, I Dursun, D Shi, MI Saidaminov, D Priante, ...","Enhanced Etching, Surface Damage Recovery, and Submicron Patterning of Hybrid Perovskites using a Chemically Gas-Assisted Focused-Ion Beam for Subwavelength Grating Photonic …",2016,"The journal of physical chemistry letters","","","https://scholar.google.com/scholar?oi=bibs&hl=en&cites=11612023430087396151",110,"2023-03-01 18:38:55","Journal article","","","https://scholar.google.com/citations?view_op=view_citation&hl=en&user=7o1A7QQAAAAJ&cstart=100&pagesize=100&citation_for_view=7o1A7QQAAAAJ:ufKn5pxu7C0C",7,1,137,142,85,12.14,11,8,7,"","",""
83,"GH Ahmed, J Yin, R Bose, L Sinatra, E Alarousu, E Yengel, NM AlYami, ...","Pyridine-induced dimensionality change in hybrid perovskite nanocrystals",2017,"Chemistry of Materials","","","https://scholar.google.com/scholar?oi=bibs&hl=en&cites=13344287751608771866",111,"2023-03-01 18:38:55","Journal article","","","https://scholar.google.com/citations?view_op=view_citation&hl=en&user=7o1A7QQAAAAJ&cstart=100&pagesize=100&citation_for_view=7o1A7QQAAAAJ:ynsZFq2pu0MC",29,10,4393,4400,83,13.83,10,8,6,"","",""
83,"LG AbdulHalim, N Kothalawala, L Sinatra, A Dass, OM Bakr","Neat and Complete: Thiolate-Ligand Exchange on a Silver Molecular Nanoparticle",2014,"Journal of the American Chemical Society","","","https://scholar.google.com/scholar?oi=bibs&hl=en&cites=1619612974725782419",112,"2023-03-01 18:38:55","Journal article","","","https://scholar.google.com/citations?view_op=view_citation&hl=en&user=7o1A7QQAAAAJ&cstart=100&pagesize=100&citation_for_view=7o1A7QQAAAAJ:C-Rn0OCouf8C",,,,,83,9.22,17,5,9,"","",""
78,"MS Bootharaju, SM Kozlov, Z Cao, M Harb, N Maity, A Shkurenko, ...","Doping-Induced Anisotropic Self-Assembly of Silver Icosahedra in [Pt2Ag23Cl7(PPh3)10] Nanoclusters",2017,"Journal of the American Chemical Society","","","https://scholar.google.com/scholar?oi=bibs&hl=en&cites=274956940412849480",113,"2023-03-01 18:38:55","Journal article","","","https://scholar.google.com/citations?view_op=view_citation&hl=en&user=7o1A7QQAAAAJ&cstart=100&pagesize=100&citation_for_view=7o1A7QQAAAAJ:1paMEeroeoQC",139,3,1053,1056,78,13.00,11,7,6,"","",""
77,"B Demeler, TL Nguyen, GE Gorbet, V Schirf, EH Brookes, P Mulvaney, ...","Characterization of size, anisotropy, and density heterogeneity of nanoparticles by sedimentation velocity",2014,"Analytical chemistry","","","https://scholar.google.com/scholar?oi=bibs&hl=en&cites=6718061823227808697",114,"2023-03-01 18:38:55","Journal article","","","https://scholar.google.com/citations?view_op=view_citation&hl=en&user=7o1A7QQAAAAJ&cstart=100&pagesize=100&citation_for_view=7o1A7QQAAAAJ:zzCxg_vo7cAC",86,15,7688,7695,77,8.56,11,7,9,"","",""
75,"B Murali, HK Kolli, J Yin, R Ketavath, OM Bakr, OF Mohammed","Single crystals: the next big wave of perovskite optoelectronics",2019,"ACS Materials Letters","","","https://scholar.google.com/scholar?oi=bibs&hl=en&cites=15578212011905709008",115,"2023-03-01 18:38:55","Journal article","","","https://scholar.google.com/citations?view_op=view_citation&hl=en&user=7o1A7QQAAAAJ&cstart=100&pagesize=100&citation_for_view=7o1A7QQAAAAJ:ibZ2AwG9z6wC",2,2,184,214,75,18.75,13,6,4,"","",""
73,"J Yin, P Maity, R Naphade, B Cheng, JH He, OM Bakr, JL Brédas, ...","Tuning Hot Carrier Cooling Dynamics by Dielectric Confinement in Two-Dimensional Hybrid Perovskite Crystals",2019,"ACS nano","","","https://scholar.google.com/scholar?oi=bibs&hl=en&cites=12486729395681330088",116,"2023-03-01 18:38:55","","","","https://scholar.google.com/citations?view_op=view_citation&hl=en&user=7o1A7QQAAAAJ&cstart=100&pagesize=100&citation_for_view=7o1A7QQAAAAJ:j6V8Syvup0UC",,,,,73,18.25,9,8,4,"","",""
73,"M Pelton, Y Tang, OM Bakr, F Stellacci","Long-lived charge-separated states in ligand-stabilized silver clusters",2012,"Journal of the American Chemical Society","","","https://scholar.google.com/scholar?oi=bibs&hl=en&cites=7663479361274776829",117,"2023-03-01 18:38:55","Journal article","","","https://scholar.google.com/citations?view_op=view_citation&hl=en&user=7o1A7QQAAAAJ&cstart=100&pagesize=100&citation_for_view=7o1A7QQAAAAJ:W7OEmFMy1HYC",134,29,11856,11859,73,6.64,18,4,11,"","",""
71,"B Turedi, KJ Lee, I Dursun, B Alamer, Z Wu, E Alarousu, OF Mohammed, ...","Water-induced dimensionality reduction in metal-halide perovskites",2018,"The Journal of Physical Chemistry C","","","https://scholar.google.com/scholar?oi=bibs&hl=en&cites=2736757334253375888",118,"2023-03-01 18:38:55","Journal article","","","https://scholar.google.com/citations?view_op=view_citation&hl=en&user=7o1A7QQAAAAJ&cstart=100&pagesize=100&citation_for_view=7o1A7QQAAAAJ:gkldIfsazJcC",122,25,14128,14134,71,14.20,9,8,5,"","",""
70,"I Dursun, Y Zheng, T Guo, M De Bastiani, B Turedi, L Sinatra, MA Haque, ...","Efficient photon recycling and radiation trapping in cesium lead halide perovskite waveguides",2018,"ACS Energy Letters","","","https://scholar.google.com/scholar?oi=bibs&hl=en&cites=15788726154111730570",119,"2023-03-01 18:38:55","Journal article","","","https://scholar.google.com/citations?view_op=view_citation&hl=en&user=7o1A7QQAAAAJ&cstart=100&pagesize=100&citation_for_view=7o1A7QQAAAAJ:Mx5hWS9ctUkC",3,7,1492,1498,70,14.00,9,8,5,"","",""
70,"KS Joya, L Sinatra, LG AbdulHalim, CP Joshi, MN Hedhili, OM Bakr, ...","Atomically monodisperse nickel nanoclusters as highly active electrocatalysts for water oxidation",2016,"Nanoscale","","","https://scholar.google.com/scholar?oi=bibs&hl=en&cites=4279781677704330266",120,"2023-03-01 18:38:55","Journal article","","","https://scholar.google.com/citations?view_op=view_citation&hl=en&user=7o1A7QQAAAAJ&cstart=100&pagesize=100&citation_for_view=7o1A7QQAAAAJ:cdwqcPQS8ssC",8,18,9695,9703,70,10.00,10,7,7,"","",""
69,"AO El-Ballouli, OM Bakr, OF Mohammed","Compositional, Processing, and Interfacial Engineering of Nanocrystal- and Quantum-Dot-Based Perovskite Solar Cells",2019,"Chemistry of Materials","","","https://scholar.google.com/scholar?oi=bibs&hl=en&cites=13598267004732781951",121,"2023-03-01 18:38:55","","","","https://scholar.google.com/citations?view_op=view_citation&hl=en&user=7o1A7QQAAAAJ&cstart=100&pagesize=100&citation_for_view=7o1A7QQAAAAJ:J6OZcwVsj5AC",,,,,69,17.25,23,3,4,"","",""
69,"K Katsiev, AH Ip, A Fischer, I Tanabe, X Zhang, AR Kirmani, O Voznyy, ...","The complete in‐gap electronic structure of colloidal quantum dot solids and its correlation with electronic transport and photovoltaic performance",2014,"Advanced Materials","","","https://scholar.google.com/scholar?oi=bibs&hl=en&cites=5029604142097589217,9186401650552802766",122,"2023-03-01 18:38:55","Journal article","","","https://scholar.google.com/citations?view_op=view_citation&hl=en&user=7o1A7QQAAAAJ&cstart=100&pagesize=100&citation_for_view=7o1A7QQAAAAJ:8RAEygVn5_EC",26,6,937,942,69,7.67,9,8,9,"","",""
68,"SP Sarmah, VM Burlakov, E Yengel, B Murali, E Alarousu, AM El-Zohry, ...","Double charged surface layers in lead halide perovskite crystals",2017,"Nano Letters","","","https://scholar.google.com/scholar?oi=bibs&hl=en&cites=7224013814939812722",123,"2023-03-01 18:38:55","Journal article","","","https://scholar.google.com/citations?view_op=view_citation&hl=en&user=7o1A7QQAAAAJ&cstart=100&pagesize=100&citation_for_view=7o1A7QQAAAAJ:gFrPXmx1TSsC",17,3,2021,2027,68,11.33,10,7,6,"","",""
67,"JP Ma, YM Chen, LM Zhang, SQ Guo, JD Liu, H Li, BJ Ye, ZY Li, Y Zhou, ...","Insights into the local structure of dopants, doping efficiency, and luminescence properties of lanthanide-doped CsPbCl 3 perovskite nanocrystals",2019,"Journal of Materials Chemistry C","","","https://scholar.google.com/scholar?oi=bibs&hl=en&cites=16897090975906457174",124,"2023-03-01 18:38:55","Journal article","","","https://scholar.google.com/citations?view_op=view_citation&hl=en&user=7o1A7QQAAAAJ&cstart=100&pagesize=100&citation_for_view=7o1A7QQAAAAJ:r56sNq9gaawC",7,10,3037,3048,67,16.75,7,10,4,"","",""
64,"K Schötz, AM Askar, W Peng, D Seeberger, TP Gujar, M Thelakkat, ...","Double peak emission in lead halide perovskites by self-absorption",2020,"Journal of Materials Chemistry C","","","https://scholar.google.com/scholar?oi=bibs&hl=en&cites=1098504442360538651",125,"2023-03-01 18:38:55","Journal article","","","https://scholar.google.com/citations?view_op=view_citation&hl=en&user=7o1A7QQAAAAJ&cstart=100&pagesize=100&citation_for_view=7o1A7QQAAAAJ:puFLaqDw8dcC",8,7,2289,2300,64,21.33,9,7,3,"","",""
63,"Y Zhang, L Sinatra, E Alarousu, J Yin, AM El-Zohry, OM Bakr, ...","Ligand-Free Nanocrystals of Highly Emissive Cs4PbBr6 Perovskite",2018,"The Journal of Physical Chemistry C","","","https://scholar.google.com/scholar?oi=bibs&hl=en&cites=13032792153240007009",126,"2023-03-01 18:38:55","Journal article","","","https://scholar.google.com/citations?view_op=view_citation&hl=en&user=7o1A7QQAAAAJ&cstart=100&pagesize=100&citation_for_view=7o1A7QQAAAAJ:6pF0wJmtdfAC",122,11,6493,6498,63,12.60,9,7,5,"","",""
63,"T Komesu, X Huang, TR Paudel, YB Losovyj, X Zhang, EF Schwier, ...","Surface electronic structure of hybrid organo lead bromide perovskite single crystals",2016,"The Journal of Physical Chemistry C","","","https://scholar.google.com/scholar?oi=bibs&hl=en&cites=9054474275179853037",127,"2023-03-01 18:38:55","Journal article","","","https://scholar.google.com/citations?view_op=view_citation&hl=en&user=7o1A7QQAAAAJ&cstart=100&pagesize=100&citation_for_view=7o1A7QQAAAAJ:_IsBomjs8bsC",120,38,21710,21715,63,9.00,9,7,7,"","",""
63,"MS Bootharaju, L Sinatra, OM Bakr","Distinct metal-exchange pathways of doped Ag25 nanoclusters",2016,"Nanoscale","","","https://scholar.google.com/scholar?oi=bibs&hl=en&cites=16126130749629202525",128,"2023-03-01 18:38:55","Journal article","","","https://scholar.google.com/citations?view_op=view_citation&hl=en&user=7o1A7QQAAAAJ&cstart=100&pagesize=100&citation_for_view=7o1A7QQAAAAJ:feST4K8J0scC",8,39,17333,17339,63,9.00,21,3,7,"","",""
62,"MS Bootharaju, CP Joshi, MJ Alhilaly, OM Bakr","Switching a nanocluster core from hollow to nonhollow",2016,"Chemistry of Materials","","","https://scholar.google.com/scholar?oi=bibs&hl=en&cites=14624462874641490256",129,"2023-03-01 18:38:55","Journal article","","","https://scholar.google.com/citations?view_op=view_citation&hl=en&user=7o1A7QQAAAAJ&cstart=100&pagesize=100&citation_for_view=7o1A7QQAAAAJ:xa5BkEQK8BgC",28,10,3292,3297,62,8.86,16,4,7,"","",""
61,"J Almutlaq, WJ Mir, L Gutiérrez-Arzaluz, J Yin, S Vasylevskyi, P Maity, ...","CsMnBr3: Lead-Free Nanocrystals with High Photoluminescence Quantum Yield and Picosecond Radiative Lifetime",2021,"ACS Materials Letters","","","https://scholar.google.com/scholar?oi=bibs&hl=en&cites=12027489859806859029",130,"2023-03-01 18:38:55","Journal article","","","https://scholar.google.com/citations?view_op=view_citation&hl=en&user=7o1A7QQAAAAJ&cstart=100&pagesize=100&citation_for_view=7o1A7QQAAAAJ:jPVjDSAV6m0C",3,3,290,297,61,30.50,9,7,2,"","",""
60,"AO El-Ballouli, E Alarousu, A Usman, J Pan, OM Bakr, OF Mohammed","Real-time observation of ultrafast intraband relaxation and exciton multiplication in PbS quantum dots",2014,"Acs Photonics","","","https://scholar.google.com/scholar?oi=bibs&hl=en&cites=15551714555422312991",131,"2023-03-01 18:38:55","Journal article","","","https://scholar.google.com/citations?view_op=view_citation&hl=en&user=7o1A7QQAAAAJ&cstart=100&pagesize=100&citation_for_view=7o1A7QQAAAAJ:DIubQTN3OvUC",1,3,285,292,60,6.67,10,6,9,"","",""
59,"MS Bootharaju, SM Kozlov, Z Cao, A Shkurenko, AM El-Zohry, ...","Tailoring the crystal structure of nanoclusters unveiled high photoluminescence via ion pairing",2018,"Chemistry of Materials","","","https://scholar.google.com/scholar?oi=bibs&hl=en&cites=5697908084616204918",132,"2023-03-01 18:38:55","Journal article","","","https://scholar.google.com/citations?view_op=view_citation&hl=en&user=7o1A7QQAAAAJ&cstart=100&pagesize=100&citation_for_view=7o1A7QQAAAAJ:qSd0DAb9jMoC",30,8,2719,2725,59,11.80,10,6,5,"","",""
59,"B Murali, MI Saidaminov, AL Abdelhady, W Peng, J Liu, J Pan, OM Bakr, ...","Robust and air-stable sandwiched organo-lead halide perovskites for photodetector applications",2016,"Journal of Materials Chemistry C","","","https://scholar.google.com/scholar?oi=bibs&hl=en&cites=6132610448108637131",133,"2023-03-01 18:38:55","Journal article","","","https://scholar.google.com/citations?view_op=view_citation&hl=en&user=7o1A7QQAAAAJ&cstart=100&pagesize=100&citation_for_view=7o1A7QQAAAAJ:urP0JZOBBUsC",4,13,2545,2552,59,8.43,7,8,7,"","",""
58,"GH Ahmed, J Yin, OM Bakr, OF Mohammed","Successes and challenges of core/shell lead halide perovskite nanocrystals",2021,"ACS Energy Letters","","","https://scholar.google.com/scholar?oi=bibs&hl=en&cites=7301235402215118115",134,"2023-03-01 18:38:55","Journal article","","","https://scholar.google.com/citations?view_op=view_citation&hl=en&user=7o1A7QQAAAAJ&cstart=100&pagesize=100&citation_for_view=7o1A7QQAAAAJ:1YatL4jblGcC",6,4,1340,1357,58,29.00,15,4,2,"","",""
57,"MA Reyes‐Martinez, AL Abdelhady, MI Saidaminov, DY Chung, OM Bakr, ...","Time‐Dependent Mechanical Response of APbX3 (A = Cs, CH3NH3; X = I, Br) Single Crystals",2017,"Advanced Materials","","","https://scholar.google.com/scholar?oi=bibs&hl=en&cites=8540730518362778554",135,"2023-03-01 18:38:55","Journal article","","","https://scholar.google.com/citations?view_op=view_citation&hl=en&user=7o1A7QQAAAAJ&cstart=100&pagesize=100&citation_for_view=7o1A7QQAAAAJ:jKT558fuBk8C",29,24,1606556,1606556,57,9.50,10,6,6,"","",""
56,"D Ju, X Zheng, J Liu, Y Chen, J Zhang, B Cao, H Xiao, OF Mohammed, ...","Reversible Band Gap Narrowing of Sn‐Based Hybrid Perovskite Single Crystal with Excellent Phase Stability",2018,"Angewandte Chemie International Edition","","","https://scholar.google.com/scholar?oi=bibs&hl=en&cites=15829894161757357800",136,"2023-03-01 18:38:55","Journal article","","","https://scholar.google.com/citations?view_op=view_citation&hl=en&user=7o1A7QQAAAAJ&cstart=100&pagesize=100&citation_for_view=7o1A7QQAAAAJ:DPO9WFcz7UcC",57,45,14868,14872,56,11.20,6,9,5,"","",""
54,"J Yin, R Naphade, L Gutiérrez Arzaluz, JL Brédas, OM Bakr, ...","Modulation of broadband emissions in two-dimensional⟨ 100⟩-oriented ruddlesden–popper hybrid perovskites",2020,"ACS Energy Letters","","","https://scholar.google.com/scholar?oi=bibs&hl=en&cites=15205815270348277907",137,"2023-03-01 18:38:55","Journal article","","","https://scholar.google.com/citations?view_op=view_citation&hl=en&user=7o1A7QQAAAAJ&cstart=100&pagesize=100&citation_for_view=7o1A7QQAAAAJ:RdUpO4xyVKMC",5,7,2149,2155,54,18.00,9,6,3,"","",""
52,"MS Alias, I Dursun, D Shi, MI Saidaminov, EM Diallo, D Priante, TK Ng, ...","Focused-ion beam patterning of organolead trihalide perovskite for subwavelength grating nanophotonic applications",2015,"Journal of Vacuum Science &Technology B, Nanotechnology and …","","","https://scholar.google.com/scholar?oi=bibs&hl=en&cites=11035383535384098618",138,"2023-03-01 18:38:55","Journal article","","","https://scholar.google.com/citations?view_op=view_citation&hl=en&user=7o1A7QQAAAAJ&cstart=100&pagesize=100&citation_for_view=7o1A7QQAAAAJ:GJVTs2krol4C",,,,,52,6.50,7,8,8,"","",""
51,"J Pan, X Li, X Gong, J Yin, D Zhou, L Sinatra, R Huang, J Liu, J Chen, ...","Halogen Vacancies Enable Ligand‐Assisted Self‐assembly of Perovskite Quantum Dots into Nanowires",2019,"Angewandte Chemie","","","https://scholar.google.com/scholar?oi=bibs&hl=en&cites=1169842551697227540",139,"2023-03-01 18:38:55","","","","https://scholar.google.com/citations?view_op=view_citation&hl=en&user=7o1A7QQAAAAJ&cstart=100&pagesize=100&citation_for_view=7o1A7QQAAAAJ:Dmoar05iI2YC",,,,,51,12.75,5,10,4,"","",""
50,"Z Chen, C Li, AA Zhumekenov, X Zheng, C Yang, H Yang, Y He, B Turedi, ...","Solution‐processed visible‐blind ultraviolet photodetectors with nanosecond response time and high detectivity",2019,"Advanced Optical Materials","","","https://scholar.google.com/scholar?oi=bibs&hl=en&cites=7778234429827954640",140,"2023-03-01 18:38:55","Journal article","","","https://scholar.google.com/citations?view_op=view_citation&hl=en&user=7o1A7QQAAAAJ&cstart=100&pagesize=100&citation_for_view=7o1A7QQAAAAJ:3WNXLiBY60kC",7,19,1900506,1900506,50,12.50,6,9,4,"","",""
50,"MS Bootharaju, SM Kozlov, Z Cao, M Harb, MR Parida, MN Hedhili, ...","Direct versus ligand-exchange synthesis of [PtAg 28 (BDT) 12 (TPP) 4] 4− nanoclusters: effect of a single-atom dopant on the optoelectronic and chemical properties",2017,"Nanoscale","","","https://scholar.google.com/scholar?oi=bibs&hl=en&cites=2653963011506960090",141,"2023-03-01 18:38:55","Journal article","","","https://scholar.google.com/citations?view_op=view_citation&hl=en&user=7o1A7QQAAAAJ&cstart=100&pagesize=100&citation_for_view=7o1A7QQAAAAJ:g30IDTdgJMgC",9,27,9529,9536,50,8.33,7,7,6,"","",""
50,"NM AlYami, AP LaGrow, KS Joya, J Hwang, K Katsiev, DH Anjum, ...","Tailoring ruthenium exposure to enhance the performance of fcc platinum@ ruthenium core–shell electrocatalysts in the oxygen evolution reaction",2016,"Physical Chemistry Chemical Physics","","","https://scholar.google.com/scholar?oi=bibs&hl=en&cites=17800801110335267355",142,"2023-03-01 18:38:55","Journal article","","","https://scholar.google.com/citations?view_op=view_citation&hl=en&user=7o1A7QQAAAAJ&cstart=100&pagesize=100&citation_for_view=7o1A7QQAAAAJ:rpSJNIKeXWsC",18,24,16169,16178,50,7.14,7,7,7,"","",""
49,"J Chen, J Yin, X Zheng, H Ait Ahsaine, Y Zhou, C Dong, OF Mohammed, ...","Compositionally Screened Eutectic Catalytic Coatings on Halide Perovskite Photocathode for Photo-Assisted Selective CO2 Reduction",2019,"ACS Energy Letters","","","https://scholar.google.com/scholar?oi=bibs&hl=en&cites=10674025742186354357",143,"2023-03-01 18:38:55","Journal article","","","https://scholar.google.com/citations?view_op=view_citation&hl=en&user=7o1A7QQAAAAJ&cstart=100&pagesize=100&citation_for_view=7o1A7QQAAAAJ:DwWRdx-KAo4C",,,,,49,12.25,6,8,4,"","",""
48,"JX Wang, X Wang, J Yin, L Gutiérrez-Arzaluz, T He, C Chen, Y Han, ...","Perovskite-nanosheet sensitizer for highly efficient organic X-ray imaging scintillator",2021,"ACS Energy Letters","","","https://scholar.google.com/scholar?oi=bibs&hl=en&cites=9547765059384665984",144,"2023-03-01 18:38:55","Journal article","","","https://scholar.google.com/citations?view_op=view_citation&hl=en&user=7o1A7QQAAAAJ&cstart=100&pagesize=100&citation_for_view=7o1A7QQAAAAJ:pwA0zy_liR0C",7,1,10,16,48,24.00,6,8,2,"","",""
48,"RW Huang, J Yin, C Dong, A Ghosh, MJ Alhilaly, X Dong, MN Hedhili, ...","[Cu81(PhS)46(tBuNH2)10(H)32]3+ Reveals the Coexistence of Large Planar Cores and Hemispherical Shells in High-Nuclearity Copper Nanoclusters",2020,"Journal of the American Chemical Society","","","https://scholar.google.com/scholar?oi=bibs&hl=en&cites=12240345440274385039,15333404379924607918",145,"2023-03-01 18:38:55","Journal article","","","https://scholar.google.com/citations?view_op=view_citation&hl=en&user=7o1A7QQAAAAJ&cstart=100&pagesize=100&citation_for_view=7o1A7QQAAAAJ:HoDPlbN_d1QC",142,19,8696,8705,48,16.00,6,8,3,"","",""
48,"J áFraser Stoddart","Porphyrinic supramolecular daisy chains incorporating pillar [5] arene–viologen host–guest interactions",2015,"Chemical Communications","","","https://scholar.google.com/scholar?oi=bibs&hl=en&cites=15514144170117549479",146,"2023-03-01 18:38:55","Journal article","","","https://scholar.google.com/citations?view_op=view_citation&hl=en&user=7o1A7QQAAAAJ&cstart=100&pagesize=100&citation_for_view=7o1A7QQAAAAJ:QKtdBID3u5MC",51,52,10455,10458,48,6.00,48,1,8,"","",""
46,"J Liu, E Aydin, J Yin, M De Bastiani, FH Isikgor, AU Rehman, E Yengel, ...","28.2%-efficient, outdoor-stable perovskite/silicon tandem solar cell",2021,"Joule","","","https://scholar.google.com/scholar?oi=bibs&hl=en&cites=10253422601734685072",147,"2023-03-01 18:38:55","Journal article","","","https://scholar.google.com/citations?view_op=view_citation&hl=en&user=7o1A7QQAAAAJ&cstart=100&pagesize=100&citation_for_view=7o1A7QQAAAAJ:xckinRaLORAC",5,12,3169,3186,46,23.00,6,8,2,"","",""
46,"B Turedi, V Yeddu, X Zheng, DY Kim, OM Bakr, MI Saidaminov","Perovskite Single-Crystal Solar Cells: Going Forward",2021,"ACS Energy Letters","","","https://scholar.google.com/scholar?oi=bibs&hl=en&cites=6594191300434272480",148,"2023-03-01 18:38:55","Journal article","","","https://scholar.google.com/citations?view_op=view_citation&hl=en&user=7o1A7QQAAAAJ&cstart=100&pagesize=100&citation_for_view=7o1A7QQAAAAJ:4Wrxgq2JVp0C",6,,631,642,46,23.00,8,6,2,"","",""
46,"R Bose, GH Ahmed, E Alarousu, MR Parida, AL Abdelhady, OM Bakr, ...","Direct femtosecond observation of charge carrier recombination in ternary semiconductor nanocrystals: the effect of composition and shelling",2015,"The Journal of Physical Chemistry C","","","https://scholar.google.com/scholar?oi=bibs&hl=en&cites=160427912699718204",149,"2023-03-01 18:38:55","Journal article","","","https://scholar.google.com/citations?view_op=view_citation&hl=en&user=7o1A7QQAAAAJ&cstart=100&pagesize=100&citation_for_view=7o1A7QQAAAAJ:AFXcoJnoRH0C",119,6,3439,3446,46,5.75,7,7,8,"","",""
45,"J Jia, L Gutiérrez-Arzaluz, O Shekhah, N Alsadun, J Czaban-Jóźwiak, ...","Access to highly efficient energy transfer in metal–organic frameworks via mixed linkers approach",2020,"Journal of the American Chemical Society","","","https://scholar.google.com/scholar?oi=bibs&hl=en&cites=3928911513702029605",150,"2023-03-01 18:38:55","Journal article","","","https://scholar.google.com/citations?view_op=view_citation&hl=en&user=7o1A7QQAAAAJ&cstart=100&pagesize=100&citation_for_view=7o1A7QQAAAAJ:-BKJ5vZJwzMC",142,19,8580,8584,45,15.00,8,6,3,"","",""
45,"JP Ma, J Yin, YM Chen, Q Zhao, Y Zhou, H Li, Y Kuroiwa, C Moriyoshi, ...","Defect-triggered phase transition in cesium lead halide perovskite nanocrystals",2019,"ACS Materials Letters","","","https://scholar.google.com/scholar?oi=bibs&hl=en&cites=5923846523240177234",151,"2023-03-01 18:38:55","Journal article","","","https://scholar.google.com/citations?view_op=view_citation&hl=en&user=7o1A7QQAAAAJ&cstart=100&pagesize=100&citation_for_view=7o1A7QQAAAAJ:T_0gP6tLVL0C",1,1,185,191,45,11.25,5,9,4,"","",""
45,"D Ju, X Zheng, J Yin, Z Qiu, B Türedi, X Liu, Y Dang, B Cao, ...","Tellurium-Based Double Perovskites A2TeX6 with Tunable Band Gap and Long Carrier Diffusion Length for Optoelectronic Applications",2018,"ACS Energy Letters","","","https://scholar.google.com/scholar?oi=bibs&hl=en&cites=6251683490426275515",152,"2023-03-01 18:38:55","Journal article","","","https://scholar.google.com/citations?view_op=view_citation&hl=en&user=7o1A7QQAAAAJ&cstart=100&pagesize=100&citation_for_view=7o1A7QQAAAAJ:LlXTz_FrCmAC",4,1,228,234,45,9.00,5,9,5,"","",""
45,"C Stavrakas, AA Zhumekenov, R Brenes, M Abdi-Jalebi, V Bulović, ...","Probing buried recombination pathways in perovskite structures using 3D photoluminescence tomography",2018,"Energy &Environmental Science","","","https://scholar.google.com/scholar?oi=bibs&hl=en&cites=15350904001444738823",153,"2023-03-01 18:38:55","Journal article","","","https://scholar.google.com/citations?view_op=view_citation&hl=en&user=7o1A7QQAAAAJ&cstart=100&pagesize=100&citation_for_view=7o1A7QQAAAAJ:e9bUPLv0EjcC",11,10,2846,2852,45,9.00,8,6,5,"","",""
45,"SM Aly, LG AbdulHalim, TMD Besong, G Soldan, OM Bakr, ...","Ultrafast static and diffusion-controlled electron transfer at Ag 29 nanocluster/molecular acceptor interfaces",2016,"Nanoscale","","","https://scholar.google.com/scholar?oi=bibs&hl=en&cites=7047561856715710934",154,"2023-03-01 18:38:55","Journal article","","","https://scholar.google.com/citations?view_op=view_citation&hl=en&user=7o1A7QQAAAAJ&cstart=100&pagesize=100&citation_for_view=7o1A7QQAAAAJ:IHkkN1K1AlAC",8,10,5412,5416,45,6.43,8,6,7,"","",""
44,"Z Li, A Johnston, M Wei, MI Saidaminov, JM de Pina, X Zheng, J Liu, Y Liu, ...","Solvent-solute coordination engineering for efficient perovskite luminescent solar concentrators",2020,"Joule","","","https://scholar.google.com/scholar?oi=bibs&hl=en&cites=15299257224128007294",155,"2023-03-01 18:38:55","Journal article","","","https://scholar.google.com/citations?view_op=view_citation&hl=en&user=7o1A7QQAAAAJ&cstart=100&pagesize=100&citation_for_view=7o1A7QQAAAAJ:DwFgw5hZUzMC",4,3,631,643,44,14.67,5,9,3,"","",""
44,"JI Khan, A Adhikari, J Sun, D Priante, R Bose, BS Shaheen, TK Ng, ...","Enhanced Optoelectronic Performance of a Passivated Nanowire‐Based Device: Key Information from Real‐Space Imaging Using 4D Electron Microscopy",2016,"Small","","","https://scholar.google.com/scholar?oi=bibs&hl=en&cites=3037698536937624441",156,"2023-03-01 18:38:55","Journal article","","","https://scholar.google.com/citations?view_op=view_citation&hl=en&user=7o1A7QQAAAAJ&cstart=100&pagesize=100&citation_for_view=7o1A7QQAAAAJ:nU66GSXDKhoC",12,17,2313,2320,44,6.29,6,8,7,"","",""
44,"AP LaGrow, KR Knudsen, NM AlYami, DH Anjum, OM Bakr","Effect of precursor ligands and oxidation state in the synthesis of bimetallic nano-alloys",2015,"Chemistry of Materials","","","https://scholar.google.com/scholar?oi=bibs&hl=en&cites=8912027006221623132",157,"2023-03-01 18:38:55","Journal article","","","https://scholar.google.com/citations?view_op=view_citation&hl=en&user=7o1A7QQAAAAJ&cstart=100&pagesize=100&citation_for_view=7o1A7QQAAAAJ:Gb6Hms-Uo9kC",27,11,4134,4141,44,5.50,9,5,8,"","",""
43,"GH Ahmed, J Liu, MR Parida, B Murali, R Bose, NM AlYami, MN Hedhili, ...","Shape-tunable charge carrier dynamics at the interfaces between perovskite nanocrystals and molecular acceptors",2016,"The journal of physical chemistry letters","","","https://scholar.google.com/scholar?oi=bibs&hl=en&cites=12159161596507746706",158,"2023-03-01 18:38:55","Journal article","","","https://scholar.google.com/citations?view_op=view_citation&hl=en&user=7o1A7QQAAAAJ&cstart=100&pagesize=100&citation_for_view=7o1A7QQAAAAJ:KqnX2w3egDsC",7,19,3913,3919,43,6.14,5,8,7,"","",""
42,"I Dursun, P Maity, J Yin, B Turedi, AA Zhumekenov, KJ Lee, ...","Why are Hot Holes Easier to Extract than Hot Electrons from Methylammonium Lead Iodide Perovskite?",2019,"Advanced Energy Materials","","","https://scholar.google.com/scholar?oi=bibs&hl=en&cites=4639625552875764037",159,"2023-03-01 18:38:55","Journal article","","","https://scholar.google.com/citations?view_op=view_citation&hl=en&user=7o1A7QQAAAAJ&cstart=100&pagesize=100&citation_for_view=7o1A7QQAAAAJ:lPDSu1ZU3VAC",1900084,,,,42,10.50,6,7,4,"","",""
41,"MN An, S Park, R Brescia, M Lutfullin, L Sinatra, OM Bakr, L De Trizio, ...","Low-Temperature Molten Salts Synthesis: CsPbBr3 Nanocrystals with High Photoluminescence Emission Buried in Mesoporous SiO2",2021,"ACS Energy Letters","","","https://scholar.google.com/scholar?oi=bibs&hl=en&cites=16129506127678883102",160,"2023-03-01 18:38:55","Journal article","","","https://scholar.google.com/citations?view_op=view_citation&hl=en&user=7o1A7QQAAAAJ&cstart=100&pagesize=100&citation_for_view=7o1A7QQAAAAJ:bxPAEoiBajcC",6,3,900,907,41,20.50,5,8,2,"","",""
41,"X Zheng, AY Alsalloum, Y Hou, EH Sargent, OM Bakr","All-perovskite tandem solar cells: A roadmap to uniting high efficiency with high stability",2020,"Accounts of Materials Research","","","https://scholar.google.com/scholar?oi=bibs&hl=en&cites=14789180915649265845",161,"2023-03-01 18:38:55","Journal article","","","https://scholar.google.com/citations?view_op=view_citation&hl=en&user=7o1A7QQAAAAJ&cstart=100&pagesize=100&citation_for_view=7o1A7QQAAAAJ:JhbybO29vGQC",1,1,63,76,41,13.67,8,5,3,"","",""
40,"JP Ma, JK Chen, J Yin, BB Zhang, Q Zhao, Y Kuroiwa, C Moriyoshi, L Hu, ...","Doping induces structural phase transitions in all-inorganic lead halide perovskite nanocrystals",2020,"ACS Materials Letters","","","https://scholar.google.com/scholar?oi=bibs&hl=en&cites=8804140411745008051",162,"2023-03-01 18:38:55","Journal article","","","https://scholar.google.com/citations?view_op=view_citation&hl=en&user=7o1A7QQAAAAJ&cstart=100&pagesize=100&citation_for_view=7o1A7QQAAAAJ:jtOrAYjvdewC",2,4,367,375,40,13.33,4,9,3,"","",""
39,"J Chen, Y Zhou, Y Fu, J Pan, OF Mohammed, OM Bakr","Oriented Halide Perovskite Nanostructures and Thin Films for Optoelectronics",2021,"Chemical Reviews","","","https://scholar.google.com/scholar?oi=bibs&hl=en&cites=14716619313666729515",163,"2023-03-01 18:38:55","Journal article","","","https://scholar.google.com/citations?view_op=view_citation&hl=en&user=7o1A7QQAAAAJ&cstart=100&pagesize=100&citation_for_view=7o1A7QQAAAAJ:KKBjqD86ppkC",121,20,12112,12180,39,19.50,7,6,2,"","",""
39,"A Feng, X Jiang, X Zhang, X Zheng, W Zheng, OF Mohammed, Z Chen, ...","Shape control of metal halide perovskite single crystals: from bulk to nanoscale",2020,"Chemistry of Materials","","","https://scholar.google.com/scholar?oi=bibs&hl=en&cites=17090745315920893115",164,"2023-03-01 18:38:55","Journal article","","","https://scholar.google.com/citations?view_op=view_citation&hl=en&user=7o1A7QQAAAAJ&cstart=100&pagesize=100&citation_for_view=7o1A7QQAAAAJ:gL9scSG3K_gC",32,18,7602,7617,39,13.00,5,8,3,"","",""
38,"GH Ahmed, J Yin, OM Bakr, OF Mohammed","Near-unity photoluminescence quantum yield in inorganic perovskite nanocrystals by metal-ion doping",2020,"The Journal of chemical physics","","","https://scholar.google.com/scholar?oi=bibs&hl=en&cites=944248338612354494",165,"2023-03-01 18:38:55","Journal article","","","https://scholar.google.com/citations?view_op=view_citation&hl=en&user=7o1A7QQAAAAJ&cstart=100&pagesize=100&citation_for_view=7o1A7QQAAAAJ:-qpA3cGbmHsC",152,2,20902,20902,38,12.67,10,4,3,"","",""
38,"AP LaGrow, L Sinatra, A Elshewy, KW Huang, K Katsiev, AR Kirmani, ...","Synthesis of copper hydroxide branched nanocages and their transformation to copper oxide",2014,"The Journal of Physical Chemistry C","","","https://scholar.google.com/scholar?oi=bibs&hl=en&cites=2757339234914379971",166,"2023-03-01 18:38:55","Journal article","","","https://scholar.google.com/citations?view_op=view_citation&hl=en&user=7o1A7QQAAAAJ&cstart=100&pagesize=100&citation_for_view=7o1A7QQAAAAJ:1EqfMoDn7-AC",118,33,19374,19379,38,4.22,5,7,9,"","",""
37,"JX Wang, J Yin, O Shekhah, OM Bakr, M Eddaoudi, OF Mohammed","Energy Transfer in Metal–Organic Frameworks for Fluorescence Sensing",2022,"ACS Applied Materials &Interfaces","","","https://scholar.google.com/scholar?oi=bibs&hl=en&cites=4421765369443548641",167,"2023-03-01 18:38:55","Journal article","","","https://scholar.google.com/citations?view_op=view_citation&hl=en&user=7o1A7QQAAAAJ&cstart=100&pagesize=100&citation_for_view=7o1A7QQAAAAJ:M7C5BM2v8n8C",14,8,9970,9986,37,37.00,6,6,1,"","",""
37,"MA Haque, JL Li, AL Abdelhady, MI Saidaminov, D Baran, OM Bakr, ...","Transition from positive to negative photoconductance in doped hybrid perovskite semiconductors",2019,"Advanced Optical Materials","","","https://scholar.google.com/scholar?oi=bibs&hl=en&cites=16542267343302856400",168,"2023-03-01 18:38:55","Journal article","","","https://scholar.google.com/citations?view_op=view_citation&hl=en&user=7o1A7QQAAAAJ&cstart=100&pagesize=100&citation_for_view=7o1A7QQAAAAJ:WHBERAHVdrEC",7,22,1900865,1900865,37,9.25,5,7,4,"","",""
37,"C Yang, JK El-Demellawi, J Yin, DB Velusamy, AHM Emwas, AM El-Zohry, ...","MAPbI3 Single Crystals Free from Hole-Trapping Centers for Enhanced Photodetectivity",2019,"ACS Energy Letters","","","https://scholar.google.com/scholar?oi=bibs&hl=en&cites=4887265714902969654",169,"2023-03-01 18:38:55","Journal article","","","https://scholar.google.com/citations?view_op=view_citation&hl=en&user=7o1A7QQAAAAJ&cstart=100&pagesize=100&citation_for_view=7o1A7QQAAAAJ:i8eIfGGcn98C",4,11,2579,2584,37,9.25,5,7,4,"","",""
37,"B Murali, E Yengel, W Peng, Z Chen, MS Alias, E Alarousu, BS Ooi, ...","Temperature-induced lattice relaxation of perovskite crystal enhances optoelectronic properties and solar cell performance",2017,"The Journal of Physical Chemistry Letters","","","https://scholar.google.com/scholar?oi=bibs&hl=en&cites=592494934448621546",170,"2023-03-01 18:38:55","Journal article","","","https://scholar.google.com/citations?view_op=view_citation&hl=en&user=7o1A7QQAAAAJ&cstart=100&pagesize=100&citation_for_view=7o1A7QQAAAAJ:RJNGbXJAtMsC",8,1,137,143,37,6.17,5,8,6,"","",""
37,"H Mehenni, S Lutfan, R Mahfouz, K Katsiev, OM Bakr","Rapid continuous flow synthesis of high-quality silver nanocubes and nanospheres",2013,"RSC Advances","","","https://scholar.google.com/scholar?oi=bibs&hl=en&cites=12557793030779392514",171,"2023-03-01 18:38:55","","","","https://scholar.google.com/citations?view_op=view_citation&hl=en&user=7o1A7QQAAAAJ&cstart=100&pagesize=100&citation_for_view=7o1A7QQAAAAJ:Se3iqnhoufwC",,,,,37,3.70,7,5,10,"","",""
36,"AO El-Ballouli, OM Bakr, OF Mohammed","Structurally tunable two-dimensional layered perovskites: from confinement and enhanced charge transport to prolonged hot carrier cooling dynamics",2020,"The journal of physical chemistry letters","","","https://scholar.google.com/scholar?oi=bibs&hl=en&cites=3872693801884835415",172,"2023-03-01 18:38:55","Journal article","","","https://scholar.google.com/citations?view_op=view_citation&hl=en&user=7o1A7QQAAAAJ&cstart=100&pagesize=100&citation_for_view=7o1A7QQAAAAJ:_TjUWtciUekC",11,14,5705,5718,36,12.00,12,3,3,"","",""
36,"J Yin, JL Brédas, OM Bakr, OF Mohammed","Boosting self-trapped emissions in zero-dimensional perovskite heterostructures",2020,"Chemistry of Materials","","","https://scholar.google.com/scholar?oi=bibs&hl=en&cites=13578026307807792642",173,"2023-03-01 18:38:55","Journal article","","","https://scholar.google.com/citations?view_op=view_citation&hl=en&user=7o1A7QQAAAAJ&cstart=100&pagesize=100&citation_for_view=7o1A7QQAAAAJ:nj26e0utjpAC",32,12,5036,5043,36,12.00,9,4,3,"","",""
34,"Y Zhou, X Wang, T He, H Yang, C Yang, B Shao, L Gutiérrez-Arzaluz, ...","Large-area perovskite-related copper halide film for high-resolution flexible X-ray imaging scintillation screens",2022,"ACS Energy Letters","","","https://scholar.google.com/scholar?oi=bibs&hl=en&cites=13515444436010634377",174,"2023-03-01 18:38:55","Journal article","","","https://scholar.google.com/citations?view_op=view_citation&hl=en&user=7o1A7QQAAAAJ&cstart=100&pagesize=100&citation_for_view=7o1A7QQAAAAJ:aVq8r21TQD4C",7,2,844,846,34,34.00,4,8,1,"","",""
34,"P Maity, J Yin, B Cheng, JH He, OM Bakr, OF Mohammed","Layer-dependent coherent acoustic phonons in two-dimensional Ruddlesden–Popper perovskite crystals",2019,"The journal of physical chemistry letters","","","https://scholar.google.com/scholar?oi=bibs&hl=en&cites=7028153956631094375",175,"2023-03-01 18:38:55","Journal article","","","https://scholar.google.com/citations?view_op=view_citation&hl=en&user=7o1A7QQAAAAJ&cstart=100&pagesize=100&citation_for_view=7o1A7QQAAAAJ:CLhUwle04lcC",10,17,5259,5264,34,8.50,6,6,4,"","",""
34,"Y Zhang, T Guo, H Yang, R Bose, L Liu, J Yin, Y Han, OM Bakr, ...","Emergence of multiple fluorophores in individual cesium lead bromide nanocrystals",2019,"Nature Communications","","","https://scholar.google.com/scholar?oi=bibs&hl=en&cites=13954966222131619302",176,"2023-03-01 18:38:55","Journal article","","","https://scholar.google.com/citations?view_op=view_citation&hl=en&user=7o1A7QQAAAAJ&cstart=100&pagesize=100&citation_for_view=7o1A7QQAAAAJ:Kv9jytqXTosC",10,1,2930,2930,34,8.50,4,9,4,"","",""
33,"C Stavrakas, G Delport, AA Zhumekenov, M Anaya, R Chahbazian, ...","Visualizing buried local carrier diffusion in halide perovskite crystals via two-photon microscopy",2019,"ACS energy letters","","","https://scholar.google.com/scholar?oi=bibs&hl=en&cites=345795404094345067",177,"2023-03-01 18:38:55","Journal article","","","https://scholar.google.com/citations?view_op=view_citation&hl=en&user=7o1A7QQAAAAJ&cstart=100&pagesize=100&citation_for_view=7o1A7QQAAAAJ:oE_QS-WwsdAC",5,1,117,123,33,8.25,6,6,4,"","",""
32,"R Bose, J Sun, JI Khan, BS Shaheen, A Adhikari, TK Ng, VM Burlakov, ...","Real‐Space Visualization of Energy Loss and Carrier Diffusion in a Semiconductor Nanowire Array Using 4D Electron Microscopy",2016,"Advanced Materials","","","https://scholar.google.com/scholar?oi=bibs&hl=en&cites=17267289142990461808",178,"2023-03-01 18:38:55","Journal article","","","https://scholar.google.com/citations?view_op=view_citation&hl=en&user=7o1A7QQAAAAJ&cstart=100&pagesize=100&citation_for_view=7o1A7QQAAAAJ:nOiSByfp82kC",28,25,5106,5111,32,4.57,4,8,7,"","",""
31,"Z Liu, Y Zhu, JK El-Demellawi, DB Velusamy, AM El-Zohry, OM Bakr, ...","Metal Halide Perovskite and Phosphorus Doped g-C3N4 Bulk Heterojunctions for Air-Stable Photodetectors",2019,"ACS Energy Letters","","","https://scholar.google.com/scholar?oi=bibs&hl=en&cites=16985288376408130100",179,"2023-03-01 18:38:55","Journal article","","","https://scholar.google.com/citations?view_op=view_citation&hl=en&user=7o1A7QQAAAAJ&cstart=100&pagesize=100&citation_for_view=7o1A7QQAAAAJ:ZOYfmFL0FrgC",4,9,2315,2322,31,7.75,4,7,4,"","",""
31,"M Eita, A Usman, AO El‐Ballouli, E Alarousu, OM Bakr, OF Mohammed","A Layer‐by‐Layer ZnO Nanoparticle–PbS Quantum Dot Self‐Assembly Platform for Ultrafast Interfacial Electron Injection",2015,"Small","","","https://scholar.google.com/scholar?oi=bibs&hl=en&cites=18107703244005036409",180,"2023-03-01 18:38:55","Journal article","","","https://scholar.google.com/citations?view_op=view_citation&hl=en&user=7o1A7QQAAAAJ&cstart=100&pagesize=100&citation_for_view=7o1A7QQAAAAJ:NtGNdKbuCngC",11,1,112,118,31,3.88,5,6,8,"","",""
30,"S Yuan, LS Cui, L Dai, Y Liu, QW Liu, YQ Sun, F Auras, M Anaya, X Zheng, ...","Efficient and spectrally stable blue perovskite light‐emitting diodes employing a cationic π‐conjugated polymer",2021,"Advanced Materials","","","https://scholar.google.com/scholar?oi=bibs&hl=en&cites=4890244656616853938",181,"2023-03-01 18:38:55","Journal article","","","https://scholar.google.com/citations?view_op=view_citation&hl=en&user=7o1A7QQAAAAJ&cstart=100&pagesize=100&citation_for_view=7o1A7QQAAAAJ:2SFquFhkCoYC",33,45,2103640,2103640,30,15.00,3,10,2,"","",""
30,"Q Liu, J Yin, BB Zhang, JK Chen, Y Zhou, LM Zhang, LM Wang, Q Zhao, ...","Theory-guided synthesis of highly luminescent colloidal cesium tin halide perovskite nanocrystals",2021,"Journal of the American Chemical Society","","","https://scholar.google.com/scholar?oi=bibs&hl=en&cites=4909360982549272344",182,"2023-03-01 18:38:55","Journal article","","","https://scholar.google.com/citations?view_op=view_citation&hl=en&user=7o1A7QQAAAAJ&cstart=100&pagesize=100&citation_for_view=7o1A7QQAAAAJ:OlbiQ0ttILcC",143,14,5470,5480,30,15.00,3,9,2,"","",""
30,"V Liberman, M Rothschild, OM Bakr, F Stellacci","Optical limiting with complex plasmonic nanoparticles",2010,"Journal of Optics","","","https://scholar.google.com/scholar?oi=bibs&hl=en&cites=6219996406216840009",183,"2023-03-01 18:38:55","Journal article","","","https://scholar.google.com/citations?view_op=view_citation&hl=en&user=7o1A7QQAAAAJ&cstart=100&pagesize=100&citation_for_view=7o1A7QQAAAAJ:UeHWp8X0CEIC",12,6,65001,65001,30,2.31,8,4,13,"","",""
29,"JX Wang, L Gutierrez-Arzaluz, X Wang, M Almalki, J Yin, ...","Nearly 100% energy transfer at the interface of metal-organic frameworks for X-ray imaging scintillators",2022,"Matter","","","https://scholar.google.com/scholar?oi=bibs&hl=en&cites=2883716103134563246",184,"2023-03-01 18:38:55","Journal article","","","https://scholar.google.com/citations?view_op=view_citation&hl=en&user=7o1A7QQAAAAJ&cstart=100&pagesize=100&citation_for_view=7o1A7QQAAAAJ:43LB_KcVqeAC",5,1,253,265,29,29.00,5,6,1,"","",""
29,"Y Zou, P Teng, W Xu, G Zheng, W Lin, J Yin, L Kobera, S Abbrent, X Li, ...","Manipulating crystallization dynamics through chelating molecules for bright perovskite emitters",2021,"Nature Communications","","","https://scholar.google.com/scholar?oi=bibs&hl=en&cites=9609562357079603652",185,"2023-03-01 18:38:55","Journal article","","","https://scholar.google.com/citations?view_op=view_citation&hl=en&user=7o1A7QQAAAAJ&cstart=100&pagesize=100&citation_for_view=7o1A7QQAAAAJ:kiex5tMzGo8C",12,1,4831,4831,29,14.50,3,10,2,"","",""
29,"R Bose, A Bera, MR Parida, A Adhikari, BS Shaheen, E Alarousu, J Sun, ...","Real-space mapping of surface trap states in CIGSe nanocrystals using 4D electron microscopy",2016,"Nano Letters","","","https://scholar.google.com/scholar?oi=bibs&hl=en&cites=239102178142106870",186,"2023-03-01 18:38:55","Journal article","","","https://scholar.google.com/citations?view_op=view_citation&hl=en&user=7o1A7QQAAAAJ&cstart=100&pagesize=100&citation_for_view=7o1A7QQAAAAJ:cF7EPgIk0B4C",16,7,4417,4423,29,4.14,4,8,7,"","",""
29,"W Peng, R Mahfouz, J Pan, Y Hou, PM Beaujuge, OM Bakr","Gram-scale fractionation of nanodiamonds by density gradient ultracentrifugation",2013,"Nanoscale","","","https://scholar.google.com/scholar?oi=bibs&hl=en&cites=16536016872964068803,3997798610344948954",187,"2023-03-01 18:38:55","Journal article","","","https://scholar.google.com/citations?view_op=view_citation&hl=en&user=7o1A7QQAAAAJ&cstart=100&pagesize=100&citation_for_view=7o1A7QQAAAAJ:YsMSGLbcyi4C",5,11,5017,5026,29,2.90,5,6,10,"","",""
28,"AA Zhumekenov, MI Saidaminov, OF Mohammed, OM Bakr","Stimuli-responsive switchable halide perovskites: Taking advantage of instability",2021,"Joule","","","https://scholar.google.com/scholar?oi=bibs&hl=en&cites=6256833709024486799",188,"2023-03-01 18:38:55","Journal article","","","https://scholar.google.com/citations?view_op=view_citation&hl=en&user=7o1A7QQAAAAJ&cstart=100&pagesize=100&citation_for_view=7o1A7QQAAAAJ:Q_E8KsG3g9MC",5,8,2027,2046,28,14.00,7,4,2,"","",""
27,"T Guo, R Bose, X Zhou, YN Gartstein, H Yang, S Kwon, MJ Kim, ...","Delayed Photoluminescence and Modified Blinking Statistics in Alumina Encapsulated Zero-Dimensional Inorganic Perovskite Nanocrystals",2019,"The Journal of Physical Chemistry Letters","","","https://scholar.google.com/scholar?oi=bibs&hl=en&cites=6430197155577883871",189,"2023-03-01 18:38:55","Journal article","","","https://scholar.google.com/citations?view_op=view_citation&hl=en&user=7o1A7QQAAAAJ&cstart=100&pagesize=100&citation_for_view=7o1A7QQAAAAJ:0Kh4an1R61UC",,,,,27,6.75,3,8,4,"","",""
27,"MA Khan, L Sinatra, M Oufi, OM Bakr, H Idriss","Evidence of Plasmonic Induced Photocatalytic Hydrogen Production on Pd/TiO2 Upon Deposition on Thin Films of Gold",2017,"Catalysis Letters","","","https://scholar.google.com/scholar?oi=bibs&hl=en&cites=3013325108463226494",190,"2023-03-01 18:38:55","Journal article","","","https://scholar.google.com/citations?view_op=view_citation&hl=en&user=7o1A7QQAAAAJ&cstart=100&pagesize=100&citation_for_view=7o1A7QQAAAAJ:GUYAmugLYisC",147,,811,820,27,4.50,5,5,6,"","",""
27,"OM Bakr, OF Mohammed","Powering up perovskite photoresponse",2017,"Science","","","https://scholar.google.com/scholar?oi=bibs&hl=en&cites=12355659491082764641",191,"2023-03-01 18:38:55","Journal article","","","https://scholar.google.com/citations?view_op=view_citation&hl=en&user=7o1A7QQAAAAJ&cstart=100&pagesize=100&citation_for_view=7o1A7QQAAAAJ:-vzq6BoH5oUC",355,6331,1260,1261,27,4.50,14,2,6,"","",""
25,"S Nematulloev, RW Huang, J Yin, A Shkurenko, C Dong, A Ghosh, ...","[Cu15(PPh3)6(PET)13]2+: a Copper Nanocluster with Crystallization Enhanced Photoluminescence",2021,"Small","","","https://scholar.google.com/scholar?oi=bibs&hl=en&cites=9829723118363321288",192,"2023-03-01 18:38:55","","","","https://scholar.google.com/citations?view_op=view_citation&hl=en&user=7o1A7QQAAAAJ&cstart=100&pagesize=100&citation_for_view=7o1A7QQAAAAJ:zGWyAL6qfKUC",,,,,25,12.50,4,7,2,"","",""
25,"M Abulikemu, S Del Gobbo, DH Anjum, MA Malik, OM Bakr","Colloidal Sb 2 S 3 nanocrystals: synthesis, characterization and fabrication of solid-state semiconductor sensitized solar cells",2016,"Journal of Materials Chemistry A","","","https://scholar.google.com/scholar?oi=bibs&hl=en&cites=16894512748893517371",193,"2023-03-01 18:38:55","Journal article","","","https://scholar.google.com/citations?view_op=view_citation&hl=en&user=7o1A7QQAAAAJ&cstart=100&pagesize=100&citation_for_view=7o1A7QQAAAAJ:SWgZeABleR0C",4,18,6809,6814,25,3.57,5,5,7,"","",""
24,"KJ Lee, B Turedi, L Sinatra, AA Zhumekenov, P Maity, I Dursun, ...","Perovskite-based artificial multiple quantum wells",2019,"Nano Letters","","","https://scholar.google.com/scholar?oi=bibs&hl=en&cites=14885704268792056380",194,"2023-03-01 18:38:55","Journal article","","","https://scholar.google.com/citations?view_op=view_citation&hl=en&user=7o1A7QQAAAAJ&cstart=100&pagesize=100&citation_for_view=7o1A7QQAAAAJ:JTtNqH-x4gYC",19,6,3535,3542,24,6.00,3,7,4,"","",""
24,"O El Tall, Y Hou, E Abou-Hamad, IU Raja, MN Hedhili, W Peng, ...","Direct functionalization of nanodiamonds with maleimide",2014,"Chemistry of Materials","","","https://scholar.google.com/scholar?oi=bibs&hl=en&cites=12451868170629689488",195,"2023-03-01 18:38:55","Journal article","","","https://scholar.google.com/citations?view_op=view_citation&hl=en&user=7o1A7QQAAAAJ&cstart=100&pagesize=100&citation_for_view=7o1A7QQAAAAJ:sJK75vZXtG0C",26,9,2766,2769,24,2.67,3,7,9,"","",""
24,"R Mahfouz, DL Floyd, W Peng, JT Choy, M Loncar, OM Bakr","Size-controlled fluorescent nanodiamonds: a facile method of fabrication and color-center counting",2013,"Nanoscale","","","https://scholar.google.com/scholar?oi=bibs&hl=en&cites=16112246951985449456",196,"2023-03-01 18:38:55","Journal article","","","https://scholar.google.com/citations?view_op=view_citation&hl=en&user=7o1A7QQAAAAJ&cstart=100&pagesize=100&citation_for_view=7o1A7QQAAAAJ:kO05sadLmrgC",5,23,11776,11782,24,2.40,4,6,10,"","",""
23,"JW Choi, N Cho, HC Woo, BM Oh, J Almutlaq, OM Bakr, SH Kim, CL Lee, ...","Investigation of high contrast and reversible luminescence thermochromism of the quantum confined Cs 4 PbBr 6 perovskite solid",2019,"Nanoscale","","","https://scholar.google.com/scholar?oi=bibs&hl=en&cites=10330779997959542150,7301694248318646861",197,"2023-03-01 18:38:55","Journal article","","","https://scholar.google.com/citations?view_op=view_citation&hl=en&user=7o1A7QQAAAAJ&cstart=100&pagesize=100&citation_for_view=7o1A7QQAAAAJ:CMPXdcK5v8EC",11,12,5754,5759,23,5.75,3,9,4,"","",""
22,"J Yin, R Naphade, P Maity, L Gutiérrez-Arzaluz, D Almalawi, IS Roqan, ...","Manipulation of hot carrier cooling dynamics in two-dimensional Dion–Jacobson hybrid perovskites via Rashba band splitting",2021,"Nature Communications","","","https://scholar.google.com/scholar?oi=bibs&hl=en&cites=7266738020944467594",198,"2023-03-01 18:38:55","Journal article","","","https://scholar.google.com/citations?view_op=view_citation&hl=en&user=7o1A7QQAAAAJ&cstart=100&pagesize=100&citation_for_view=7o1A7QQAAAAJ:it4f3qIuXWYC",12,1,3995,3995,22,11.00,3,7,2,"","",""
22,"V Amendola, I Fortunati, C Marega, AL Abdelhady, MI Saidaminov, ...","High‐Purity Hybrid Organolead Halide Perovskite Nanoparticles Obtained by Pulsed‐Laser Irradiation in Liquid",2017,"ChemPhysChem","","","https://scholar.google.com/scholar?oi=bibs&hl=en&cites=3671766184198282539",199,"2023-03-01 18:38:55","Journal article","","","https://scholar.google.com/citations?view_op=view_citation&hl=en&user=7o1A7QQAAAAJ&cstart=100&pagesize=100&citation_for_view=7o1A7QQAAAAJ:IyxfXMz2bNAC",18,9,1047,1054,22,3.67,4,6,6,"","",""
22,"AO El‐Ballouli, E Alarousu, AR Kirmani, A Amassian, OM Bakr, ...","Overcoming the Cut‐Off Charge Transfer Bandgaps at the PbS Quantum Dot Interface",2015,"Advanced Functional Materials","","","https://scholar.google.com/scholar?oi=bibs&hl=en&cites=6225934097360225386,1185845395615531446",200,"2023-03-01 18:38:55","Journal article","","","https://scholar.google.com/citations?view_op=view_citation&hl=en&user=7o1A7QQAAAAJ&cstart=100&pagesize=100&citation_for_view=7o1A7QQAAAAJ:It0W0vAlS5QC",25,48,7435,7441,22,2.75,4,6,8,"","",""
21,"AP LaGrow, TMD Besong, NM AlYami, K Katsiev, DH Anjum, ...","Trapping shape-controlled nanoparticle nucleation and growth stages via continuous-flow chemistry",2017,"Chemical Communications","","","https://scholar.google.com/scholar?oi=bibs&hl=en&cites=8305217876439838527",201,"2023-03-01 18:38:55","Journal article","","","https://scholar.google.com/citations?view_op=view_citation&hl=en&user=7o1A7QQAAAAJ&cstart=200&pagesize=100&citation_for_view=7o1A7QQAAAAJ:Q3-QASNKTMEC",53,16,2495,2498,21,3.50,4,6,6,"","",""
20,"AA Zhumekenov, MA Haque, J Yin, AM El-Zohry, KJ Lee, I Dursun, ...","Reduced ion migration and enhanced photoresponse in cuboid crystals of methylammonium lead iodide perovskite",2018,"Journal of Physics D: Applied Physics","","","https://scholar.google.com/scholar?oi=bibs&hl=en&cites=3185228482816187646",202,"2023-03-01 18:38:55","Journal article","","","https://scholar.google.com/citations?view_op=view_citation&hl=en&user=7o1A7QQAAAAJ&cstart=200&pagesize=100&citation_for_view=7o1A7QQAAAAJ:_AkkBXT-jcoC",52,5,54001,54001,20,4.00,3,7,5,"","",""
20,"NM Alyami, AP LaGrow, DH Anjum, C Guan, X Miao, L Sinatra, DJ Yuan, ...","Synthesis and Characterization of Branched fcc/hcp Ruthenium Nanostructures and Their Catalytic Activity in Ammonia Borane Hydrolysis",2018,"Crystal Growth &Design","","","https://scholar.google.com/scholar?oi=bibs&hl=en&cites=16038134452188549754",203,"2023-03-01 18:38:55","Journal article","","","https://scholar.google.com/citations?view_op=view_citation&hl=en&user=7o1A7QQAAAAJ&cstart=200&pagesize=100&citation_for_view=7o1A7QQAAAAJ:RVqaWcrwK10C",18,3,1509,1516,20,4.00,3,8,5,"","",""
19,"J Yin, H Yang, L Gutiérrez-Arzaluz, Y Zhou, JL Brédas, OM Bakr, ...","Luminescence and stability enhancement of inorganic perovskite nanocrystals via selective surface ligand binding",2021,"ACS nano","","","https://scholar.google.com/scholar?oi=bibs&hl=en&cites=7205323234955842934",204,"2023-03-01 18:38:55","Journal article","","","https://scholar.google.com/citations?view_op=view_citation&hl=en&user=7o1A7QQAAAAJ&cstart=200&pagesize=100&citation_for_view=7o1A7QQAAAAJ:TewouNez5YAC",15,11,17998,18005,19,9.50,3,7,2,"","",""
19,"Q Wei, J Yin, OM Bakr, Z Wang, C Wang, OF Mohammed, M Li, G Xing","Effect of Zinc‐doping on the Reduction of the Hot‐carrier Cooling Rate in Halide Perovskites",2021,"Angewandte Chemie International Edition","","","https://scholar.google.com/scholar?oi=bibs&hl=en&cites=10029045310327278970",205,"2023-03-01 18:38:55","Journal article","","","https://scholar.google.com/citations?view_op=view_citation&hl=en&user=7o1A7QQAAAAJ&cstart=200&pagesize=100&citation_for_view=7o1A7QQAAAAJ:AkvegQHRDQ8C",60,19,10957,10963,19,9.50,2,8,2,"","",""
19,"AH Proppe, GW Walters, AY Alsalloum, AA Zhumekenov, E Mosconi, ...","Transition Dipole Moments of n = 1, 2, and 3 Perovskite Quantum Wells from the Optical Stark Effect and Many-Body Perturbation Theory",2020,"The Journal of Physical Chemistry Letters","","","https://scholar.google.com/scholar?oi=bibs&hl=en&cites=13140108176703394677",206,"2023-03-01 18:38:55","Journal article","","","https://scholar.google.com/citations?view_op=view_citation&hl=en&user=7o1A7QQAAAAJ&cstart=200&pagesize=100&citation_for_view=7o1A7QQAAAAJ:-LHtoeeytlUC",11,3,716,723,19,6.33,3,6,3,"","",""
19,"A Ghosh, RW Huang, B Alamer, E Abou-Hamad, MN Hedhili, ...","[Cu61(StBu)26S6Cl6H14]+: A Core–Shell Superatom Nanocluster with a Quasi-J36 Cu19 Core and an “18-Crown-6” Metal-Sulfide-like Stabilizing Belt",2019,"ACS Materials Letters","","","https://scholar.google.com/scholar?oi=bibs&hl=en&cites=8042563871128229551",207,"2023-03-01 18:38:55","Journal article","","","https://scholar.google.com/citations?view_op=view_citation&hl=en&user=7o1A7QQAAAAJ&cstart=200&pagesize=100&citation_for_view=7o1A7QQAAAAJ:CC3C2HR4nz8C",,,,,19,4.75,3,6,4,"","",""
19,"AM El-Zohry, BS Shaheen, VM Burlakov, J Yin, MN Hedhili, S Shikin, ...","Extraordinary carrier diffusion on CdTe surfaces uncovered by 4D electron microscopy",2019,"Chem","","","https://scholar.google.com/scholar?oi=bibs&hl=en&cites=16692499221697419809",208,"2023-03-01 18:38:55","Journal article","","","https://scholar.google.com/citations?view_op=view_citation&hl=en&user=7o1A7QQAAAAJ&cstart=200&pagesize=100&citation_for_view=7o1A7QQAAAAJ:aCwMkEyfDy8C",5,3,706,718,19,4.75,3,7,4,"","",""
19,"MA Aljuhani, MS Bootharaju, L Sinatra, JM Basset, OF Mohammed, ...","Synthesis and Optical Properties of a Dithiolate/Phosphine-Protected Au28 Nanocluster",2017,"The Journal of Physical Chemistry C","","","https://scholar.google.com/scholar?oi=bibs&hl=en&cites=18084693673887510260",209,"2023-03-01 18:38:55","Journal article","","","https://scholar.google.com/citations?view_op=view_citation&hl=en&user=7o1A7QQAAAAJ&cstart=200&pagesize=100&citation_for_view=7o1A7QQAAAAJ:pxXbYLTb8EgC",121,20,10681,10685,19,3.17,3,6,6,"","",""
18,"MA Reyes-Martinez, P Tan, A Kakekhani, S Banerjee, AA Zhumekenov, ...","Unraveling the elastic properties of (quasi) two-dimensional hybrid perovskites: A joint experimental and theoretical study",2020,"ACS applied materials &interfaces","","","https://scholar.google.com/scholar?oi=bibs&hl=en&cites=3966980349429696785",210,"2023-03-01 18:38:55","Journal article","","","https://scholar.google.com/citations?view_op=view_citation&hl=en&user=7o1A7QQAAAAJ&cstart=200&pagesize=100&citation_for_view=7o1A7QQAAAAJ:Y0RG-0fxPaAC",12,15,17881,17892,18,6.00,3,6,3,"","",""
17,"KJ Lee, JW Min, B Turedi, AY Alsalloum, JH Min, YJ Kim, YJ Yoo, S Oh, ...","Nanoporous GaN/n-type GaN: A Cathode Structure for ITO-Free Perovskite Solar Cells",2020,"ACS Energy Letters","","","https://scholar.google.com/scholar?oi=bibs&hl=en&cites=7699841918348086606",211,"2023-03-01 18:38:55","Journal article","","","https://scholar.google.com/citations?view_op=view_citation&hl=en&user=7o1A7QQAAAAJ&cstart=200&pagesize=100&citation_for_view=7o1A7QQAAAAJ:0paDrhnEFY0C",5,10,3295,3303,17,5.67,2,9,3,"","",""
17,"OM Bakr, OF Mohammed","Perovskite solar cells: Shedding light on film crystallization",2017,"Nature Materials","","","https://scholar.google.com/scholar?oi=bibs&hl=en&cites=15012561623152963053",212,"2023-03-01 18:38:55","Journal article","","","https://scholar.google.com/citations?view_op=view_citation&hl=en&user=7o1A7QQAAAAJ&cstart=200&pagesize=100&citation_for_view=7o1A7QQAAAAJ:DUFsPKDdMi0C",16,,601,602,17,2.83,9,2,6,"","",""
16,"J Liu, X Zheng, OF Mohammed, OM Bakr","Self-Assembly and Regrowth of Metal Halide Perovskite Nanocrystals for Optoelectronic Applications",2022,"Accounts of Chemical Research","","","https://scholar.google.com/scholar?oi=bibs&hl=en&cites=16990761397033114136",213,"2023-03-01 18:38:55","Journal article","","","https://scholar.google.com/citations?view_op=view_citation&hl=en&user=7o1A7QQAAAAJ&cstart=200&pagesize=100&citation_for_view=7o1A7QQAAAAJ:OqYjx1B7R3oC",55,3,262,274,16,16.00,4,4,1,"","",""
16,"C Zhou, J M. Pina, T Zhu, D H. Parmar, H Chang, J Yu, F Yuan, G Bappi, ...","Quantum Dot Self‐Assembly Enables Low‐Threshold Lasing",2021,"Advanced Science","","","https://scholar.google.com/scholar?oi=bibs&hl=en&cites=9551444593997833705",214,"2023-03-01 18:38:55","Journal article","","","https://scholar.google.com/citations?view_op=view_citation&hl=en&user=7o1A7QQAAAAJ&cstart=200&pagesize=100&citation_for_view=7o1A7QQAAAAJ:yL7DKRohVA8C",8,20,2101125,2101125,16,8.00,2,9,2,"","",""
16,"C Dong, RW Huang, C Chen, J Chen, S Nematulloev, X Guo, A Ghosh, ...","[Cu36H10(PET)24(PPh3)6Cl2] Reveals Surface Vacancy Defects in Ligand-Stabilized Metal Nanoclusters",2021,"Journal of the American Chemical Society","","","https://scholar.google.com/scholar?oi=bibs&hl=en&cites=12821633890743859364",215,"2023-03-01 18:38:55","Journal article","","","https://scholar.google.com/citations?view_op=view_citation&hl=en&user=7o1A7QQAAAAJ&cstart=200&pagesize=100&citation_for_view=7o1A7QQAAAAJ:XR3BWSlh_xcC",143,29,11026,11035,16,8.00,2,8,2,"","",""
16,"J Yin, Q Lei, Y Han, OM Bakr, OF Mohammed","Luminescent Copper (I) Halides for Optoelectronic Applications",2021,"physica status solidi (RRL)–Rapid Research Letters","","","https://scholar.google.com/scholar?oi=bibs&hl=en&cites=2969314084135812804",216,"2023-03-01 18:38:55","Journal article","","","https://scholar.google.com/citations?view_op=view_citation&hl=en&user=7o1A7QQAAAAJ&cstart=200&pagesize=100&citation_for_view=7o1A7QQAAAAJ:JaLtl8ASYokC",,,,,16,8.00,3,5,2,"","",""
14,"JK Chen, Q Zhao, N Shirahata, J Yin, OM Bakr, OF Mohammed, HT Sun","Shining Light on the Structure of Lead Halide Perovskite Nanocrystals",2021,"ACS Materials Letters","","","https://scholar.google.com/scholar?oi=bibs&hl=en&cites=7656256099762521074",217,"2023-03-01 18:38:55","Journal article","","","https://scholar.google.com/citations?view_op=view_citation&hl=en&user=7o1A7QQAAAAJ&cstart=200&pagesize=100&citation_for_view=7o1A7QQAAAAJ:G887dSk7Sz8C",3,6,845,861,14,7.00,2,7,2,"","",""
14,"L Sinatra, J Pan, OM Bakr","Methods of synthesizing monodisperse colloidal quantum dots",2017,"Material Matters","","","https://scholar.google.com/scholar?oi=bibs&hl=en&cites=4014877065294565694",218,"2023-03-01 18:38:55","Journal article","","","https://scholar.google.com/citations?view_op=view_citation&hl=en&user=7o1A7QQAAAAJ&cstart=200&pagesize=100&citation_for_view=7o1A7QQAAAAJ:onKP9CxGSkIC",12,,3,7,14,2.33,5,3,6,"","",""
13,"H Yang, L Gutiérrez-Arzaluz, P Maity, MA Abdulhamid, J Yin, Y Zhou, ...","Air-resistant lead halide perovskite nanocrystals embedded into polyimide of intrinsic microporosity",2021,"Energy Material Advances","","","https://scholar.google.com/scholar?oi=bibs&hl=en&cites=12793980880165921420",219,"2023-03-01 18:38:55","","","","https://scholar.google.com/citations?view_op=view_citation&hl=en&user=7o1A7QQAAAAJ&cstart=200&pagesize=100&citation_for_view=7o1A7QQAAAAJ:nbnL2fqDbzcC",,,,,13,6.50,2,7,2,"","",""
13,"R Bose, A Adhikari, VM Burlakov, G Liu, MA Haque, D Priante, MN Hedhili, ...","Imaging localized energy states in silicon-doped InGaN nanowires using 4D electron microscopy",2018,"ACS Energy Letters","","","https://scholar.google.com/scholar?oi=bibs&hl=en&cites=14550437406114739256",220,"2023-03-01 18:38:55","Journal article","","","https://scholar.google.com/citations?view_op=view_citation&hl=en&user=7o1A7QQAAAAJ&cstart=200&pagesize=100&citation_for_view=7o1A7QQAAAAJ:oXKBmVzQOggC",3,2,476,481,13,2.60,2,8,5,"","",""
12,"L Xu, D Wu, W Lv, Y Xiang, Y Liu, Y Tao, J Yin, M Qian, P Li, L Zhang, ...","Resonance‐Mediated Dynamic Modulation of Perovskite Crystallization for Efficient and Stable Solar Cells",2022,"Advanced Materials","","","https://scholar.google.com/scholar?oi=bibs&hl=en&cites=3908236823228786886",221,"2023-03-01 18:38:55","Journal article","","","https://scholar.google.com/citations?view_op=view_citation&hl=en&user=7o1A7QQAAAAJ&cstart=200&pagesize=100&citation_for_view=7o1A7QQAAAAJ:uoeYKOKFegwC",34,6,2107111,2107111,12,12.00,1,11,1,"","",""
12,"N Mondal, R Naphade, X Zhou, Y Zheng, K Lee, I Gereige, A Al-Saggaf, ...","Dynamical Interconversion between Excitons and Geminate Charge Pairs in Two-Dimensional Perovskite Layers Described by the Onsager–Braun Model",2020,"The Journal of Physical Chemistry Letters","","","https://scholar.google.com/scholar?oi=bibs&hl=en&cites=6155604810467241465",222,"2023-03-01 18:38:55","Journal article","","","https://scholar.google.com/citations?view_op=view_citation&hl=en&user=7o1A7QQAAAAJ&cstart=200&pagesize=100&citation_for_view=7o1A7QQAAAAJ:yNlG6JgpFqoC",11,3,1112,1119,12,4.00,2,8,3,"","",""
12,"AP Lagrow, NM AlYami, DC Lloyd, OM Bakr, ED Boyes, PL Gai","In situ oxidation and reduction of triangular nickel nanoplates via environmental transmission electron microscopy",2018,"Journal of Microscopy","","","https://scholar.google.com/scholar?oi=bibs&hl=en&cites=13744833415343935416",223,"2023-03-01 18:38:55","Journal article","","","https://scholar.google.com/citations?view_op=view_citation&hl=en&user=7o1A7QQAAAAJ&cstart=200&pagesize=100&citation_for_view=7o1A7QQAAAAJ:3x-KLxxGyuUC",269,2,161,167,12,2.40,2,6,5,"","",""
12,"GH Ahmed, MR Parida, A Tosato, LG AbdulHalim, A Usman, QA Alsulami, ...","The impact of electrostatic interactions on ultrafast charge transfer at Ag 29 nanoclusters–fullerene and CdTe quantum dots–fullerene interfaces",2016,"Journal of Materials Chemistry C","","","https://scholar.google.com/scholar?oi=bibs&hl=en&cites=7447365646350318973",224,"2023-03-01 18:38:55","Journal article","","","https://scholar.google.com/citations?view_op=view_citation&hl=en&user=7o1A7QQAAAAJ&cstart=200&pagesize=100&citation_for_view=7o1A7QQAAAAJ:yZoBfgUKqwcC",4,14,2894,2900,12,1.71,2,7,7,"","",""
11,"WJ Mir, A Alamoudi, J Yin, KE Yorov, P Maity, R Naphade, B Shao, ...","Lecithin Capping Ligands Enable Ultrastable Perovskite-Phase CsPbI3 Quantum Dots for Rec. 2020 Bright-Red Light-Emitting Diodes",2022,"Journal of the American Chemical Society","","","https://scholar.google.com/scholar?oi=bibs&hl=en&cites=14464377348898769362",225,"2023-03-01 18:38:55","Journal article","","","https://scholar.google.com/citations?view_op=view_citation&hl=en&user=7o1A7QQAAAAJ&cstart=200&pagesize=100&citation_for_view=7o1A7QQAAAAJ:l7iSsH4_Im4C",144,29,13302,13310,11,11.00,1,8,1,"","",""
11,"JK Chen, BB Zhang, Q Liu, N Shirahata, OF Mohammed, OM Bakr, ...","Advances and challenges in tin halide perovskite nanocrystals",2021,"ACS Materials Letters","","","https://scholar.google.com/scholar?oi=bibs&hl=en&cites=14010886863674789684",226,"2023-03-01 18:38:55","Journal article","","","https://scholar.google.com/citations?view_op=view_citation&hl=en&user=7o1A7QQAAAAJ&cstart=200&pagesize=100&citation_for_view=7o1A7QQAAAAJ:7nQzp1YiEc4C",3,11,1541,1557,11,5.50,2,7,2,"","",""
11,"I Dursun, C Shen, OM Bakr, TK Ng, B Ooi","Multifunctional light, data device, or combination and systems",2020,"US Patent 10,711,952","","","https://scholar.google.com/scholar?oi=bibs&hl=en&cites=481144591208664254",227,"2023-03-01 18:38:55","Patent","","","https://scholar.google.com/citations?view_op=view_citation&hl=en&user=7o1A7QQAAAAJ&cstart=200&pagesize=100&citation_for_view=7o1A7QQAAAAJ:yKzB5RS27GgC",,,,,11,3.67,2,5,3,"","",""
11,"R Bose, Y Zheng, T Guo, J Yin, MN Hedhili, X Zhou, JF Veyan, I Gereige, ...","Interface Matters: Enhanced Photoluminescence and Long-Term Stability of Zero-Dimensional Cesium Lead Bromide Nanocrystals via Gas-Phase Aluminum …",2020,"ACS applied materials &interfaces","","","https://scholar.google.com/scholar?oi=bibs&hl=en&cites=10398904153213187798",228,"2023-03-01 18:38:55","Journal article","","","https://scholar.google.com/citations?view_op=view_citation&hl=en&user=7o1A7QQAAAAJ&cstart=200&pagesize=100&citation_for_view=7o1A7QQAAAAJ:NKlx0PmyA3cC",12,31,35598,35605,11,3.67,1,9,3,"","",""
11,"LG AbdulHalim, Z Hooshmand, MR Parida, SM Aly, D Le, X Zhang, ...","pH-Induced Surface Modification of Atomically Precise Silver Nanoclusters: An Approach for Tunable Optical and Electronic Properties",2016,"Inorganic Chemistry","","","https://scholar.google.com/scholar?oi=bibs&hl=en&cites=823186757748963796",229,"2023-03-01 18:38:55","Journal article","","","https://scholar.google.com/citations?view_op=view_citation&hl=en&user=7o1A7QQAAAAJ&cstart=200&pagesize=100&citation_for_view=7o1A7QQAAAAJ:BCdnXsLIVDwC",55,21,11522,11528,11,1.57,2,7,7,"","",""
10,"T He, Y Zhou, X Wang, J Yin, L Gutiérrez-Arzaluz, JX Wang, Y Zhang, ...","High-Performance Copper-Doped Perovskite-Related Silver Halide X-ray Imaging Scintillator",2022,"ACS Energy Letters","","","https://scholar.google.com/scholar?oi=bibs&hl=en&cites=9712361635111888647",230,"2023-03-01 18:38:55","Journal article","","","https://scholar.google.com/citations?view_op=view_citation&hl=en&user=7o1A7QQAAAAJ&cstart=200&pagesize=100&citation_for_view=7o1A7QQAAAAJ:0kLwNjf3oFwC",7,8,2753,2760,10,10.00,1,8,1,"","",""
10,"A Sagadevan, A Ghosh, P Maity, OF Mohammed, OM Bakr, M Rueping","Visible-Light Copper Nanocluster Catalysis for the C–N Coupling of Aryl Chlorides at Room Temperature",2022,"Journal of the American Chemical Society","","","https://scholar.google.com/scholar?oi=bibs&hl=en&cites=9211948979330810707",231,"2023-03-01 18:38:55","Journal article","","","https://scholar.google.com/citations?view_op=view_citation&hl=en&user=7o1A7QQAAAAJ&cstart=200&pagesize=100&citation_for_view=7o1A7QQAAAAJ:4WewbtJKmRkC",144,27,12052,12061,10,10.00,2,6,1,"","",""
10,"C Yang, J Yin, H Li, K Almasabi, L Gutiérrez-Arzaluz, I Gereige, JL Brédas, ...","Engineering surface orientations for efficient and stable hybrid perovskite single-crystal solar cells",2022,"ACS Energy Letters","","","https://scholar.google.com/scholar?oi=bibs&hl=en&cites=2071301528169522589",232,"2023-03-01 18:38:55","Journal article","","","https://scholar.google.com/citations?view_op=view_citation&hl=en&user=7o1A7QQAAAAJ&cstart=200&pagesize=100&citation_for_view=7o1A7QQAAAAJ:JoHZYnTS1h4C",7,4,1544,1552,10,10.00,1,8,1,"","",""
9,"JX Wang, L Gutiérrez-Arzaluz, X Wang, T He, Y Zhang, M Eddaoudi, ...","Heavy-atom engineering of thermally activated delayed fluorophores for high-performance X-ray imaging scintillators",2022,"Nature Photonics","","","https://scholar.google.com/scholar?oi=bibs&hl=en&cites=10371182014778798911",233,"2023-03-01 18:38:55","Book chapter","","","https://scholar.google.com/citations?view_op=view_citation&hl=en&user=7o1A7QQAAAAJ&cstart=200&pagesize=100&citation_for_view=7o1A7QQAAAAJ:wE8AsS3ykUMC",,,1,7,9,9.00,1,7,1,"","",""
9,"JX Wang, Y Wang, I Nadinov, J Yin, L Gutiérrez-Arzaluz, G Healing, ...","Metal–organic frameworks in mixed-matrix membranes for high-speed visible-light communication",2022,"Journal of the American Chemical Society","","","https://scholar.google.com/scholar?oi=bibs&hl=en&cites=8457964574734160016",234,"2023-03-01 18:38:55","Journal article","","","https://scholar.google.com/citations?view_op=view_citation&hl=en&user=7o1A7QQAAAAJ&cstart=200&pagesize=100&citation_for_view=7o1A7QQAAAAJ:zaHkCSmj5XkC",144,15,6813,6820,9,9.00,1,7,1,"","",""
9,"L Gutiérrez-Arzaluz, J Jia, C Gu, J Czaban-Jozwiak, J Yin, O Shekhah, ...","Directional Exciton Migration in Benzoimidazole-Based Metal–Organic Frameworks",2021,"The Journal of Physical Chemistry Letters","","","https://scholar.google.com/scholar?oi=bibs&hl=en&cites=16454029267933538874",235,"2023-03-01 18:38:55","Journal article","","","https://scholar.google.com/citations?view_op=view_citation&hl=en&user=7o1A7QQAAAAJ&cstart=200&pagesize=100&citation_for_view=7o1A7QQAAAAJ:O0MA3yP7Y3UC",12,20,4917,4927,9,4.50,1,7,2,"","",""
9,"B Xin, Y Pak, M Shi, S Mitra, X Zheng, OM Bakr, IS Roqan","Micropump Fluidic Strategy for Fabricating Perovskite Microwire Array-Based Devices Embedded in Semiconductor Platform",2021,"Cell Reports Physical Science","","","https://scholar.google.com/scholar?oi=bibs&hl=en&cites=6506010512982005661",236,"2023-03-01 18:38:55","Journal article","","","https://scholar.google.com/citations?view_op=view_citation&hl=en&user=7o1A7QQAAAAJ&cstart=200&pagesize=100&citation_for_view=7o1A7QQAAAAJ:gI9wzKcniAoC",2,1,100304,100304,9,4.50,1,7,2,"","",""
9,"AA Almansaf, MR Parida, TMD Besong, P Maity, MS Bootharaju, OM Bakr, ...","The impact of Au doping on the charge carrier dynamics at the interfaces between cationic porphyrin and silver nanoclusters",2017,"Chemical Physics Letters","","","https://scholar.google.com/scholar?oi=bibs&hl=en&cites=14992831161308650357",237,"2023-03-01 18:38:55","Journal article","","","https://scholar.google.com/citations?view_op=view_citation&hl=en&user=7o1A7QQAAAAJ&cstart=200&pagesize=100&citation_for_view=7o1A7QQAAAAJ:j2GSQqY3pL0C",683,,393,397,9,1.50,1,7,6,"","",""
9,"VM Burlakov, MS Bootharaju, TMD Besong, OM Bakr, A Goriely","Reversing Ostwald Ripening",2014,"arXiv preprint arXiv:1412.","","","https://scholar.google.com/scholar?oi=bibs&hl=en&cites=11556325523698201209",238,"2023-03-01 18:38:55","Preprint","","","https://scholar.google.com/citations?view_op=view_citation&hl=en&user=7o1A7QQAAAAJ&cstart=200&pagesize=100&citation_for_view=7o1A7QQAAAAJ:M0j1y4EgrScC",6280,,,,9,1.00,2,5,9,"","",""
8,"J Zhou, N Wei, D Zhang, Y Wang, J Li, X Zheng, J Wang, AY Alsalloum, ...","Cryogenic focused ion beam enables atomic-resolution imaging of local structures in highly sensitive bulk crystals and devices",2022,"Journal of the American Chemical Society","","","https://scholar.google.com/scholar?oi=bibs&hl=en&cites=16888498370771776512",239,"2023-03-01 18:38:55","Journal article","","","https://scholar.google.com/citations?view_op=view_citation&hl=en&user=7o1A7QQAAAAJ&cstart=200&pagesize=100&citation_for_view=7o1A7QQAAAAJ:dT4-KZ621vcC",144,7,3182,3191,8,8.00,1,9,1,"","",""
8,"J Liu, K Song, X Zheng, J Yin, KX Yao, C Chen, H Yang, MN Hedhili, ...","Cyanamide passivation enables robust elemental imaging of metal halide perovskites at atomic resolution",2021,"The Journal of Physical Chemistry Letters","","","https://scholar.google.com/scholar?oi=bibs&hl=en&cites=4786621942632716009",240,"2023-03-01 18:38:55","Journal article","","","https://scholar.google.com/citations?view_op=view_citation&hl=en&user=7o1A7QQAAAAJ&cstart=200&pagesize=100&citation_for_view=7o1A7QQAAAAJ:URGbnSt0D2cC",12,42,10402,10409,8,4.00,1,9,2,"","",""
8,"KJ Lee, NA Merdad, P Maity, JKE Demellawi, Z Lui, L Sinatra, ...","Engineering Band‐Type Alignment in CsPbBr3 Perovskite‐Based Artificial Multiple Quantum Wells",2021,"Advanced Materials","","","https://scholar.google.com/scholar?oi=bibs&hl=en&cites=14970554059844595136",241,"2023-03-01 18:38:55","","","","https://scholar.google.com/citations?view_op=view_citation&hl=en&user=7o1A7QQAAAAJ&cstart=200&pagesize=100&citation_for_view=7o1A7QQAAAAJ:QI7uKX5mnFEC",,,,,8,4.00,1,7,2,"","",""
8,"AJ Popoola, MA Gondal, IK Popoola, LE Oloore, OM Bakr","Architectural modification coupled with MAI passivation of MAPbI3–MAPbI3 interface for fabrication of highly-responsive broadband bifacial perovskite photodetectors",2020,"Applied Materials Today","","","https://scholar.google.com/scholar?oi=bibs&hl=en&cites=11010075859615165950",242,"2023-03-01 18:38:55","Journal article","","","https://scholar.google.com/citations?view_op=view_citation&hl=en&user=7o1A7QQAAAAJ&cstart=200&pagesize=100&citation_for_view=7o1A7QQAAAAJ:5p9vMBpPSXYC",20,,100649,100649,8,2.67,2,5,3,"","",""
8,"L Sinatra, M Lutfullin, SL Mozo, J Pan, OM Bakr","P‐124: Perovskite Quantum Dots Display: Challenges and Opportunities",2019,"SID Symposium Digest of Technical Papers","","","https://scholar.google.com/scholar?oi=bibs&hl=en&cites=379094132949373755",243,"2023-03-01 18:38:55","Conference paper","","","https://scholar.google.com/citations?view_op=view_citation&hl=en&user=7o1A7QQAAAAJ&cstart=200&pagesize=100&citation_for_view=7o1A7QQAAAAJ:qYOp8iumCsAC",50,1,1712,1715,8,2.00,2,5,4,"","",""
8,"PE Evans, M Pink, AA Zhumekenov, G Hao, Y Losovyj, OM Bakr, ...","Rotationally Free and Rigid Sublattices of the Single Crystal Perovskite CH3NH3PbBr3 (001): The Case of the Lattice Polar Liquid",2018,"The Journal of Physical Chemistry C","","","https://scholar.google.com/scholar?oi=bibs&hl=en&cites=17995082770448064440",244,"2023-03-01 18:38:55","Journal article","","","https://scholar.google.com/citations?view_op=view_citation&hl=en&user=7o1A7QQAAAAJ&cstart=200&pagesize=100&citation_for_view=7o1A7QQAAAAJ:cx97FdCJQX8C",122,44,25506,25514,8,1.60,1,7,5,"","",""
8,"B Long, O Bakr, F Stellacci","Reversible aggregation of porphyrins in the solid state",2008,"Journal of Experimental Nanoscience","","","https://scholar.google.com/scholar?oi=bibs&hl=en&cites=8633342311983456424",245,"2023-03-01 18:38:55","Journal article","","","https://scholar.google.com/citations?view_op=view_citation&hl=en&user=7o1A7QQAAAAJ&cstart=200&pagesize=100&citation_for_view=7o1A7QQAAAAJ:IjCSPb-OGe4C",3,1,53,60,8,0.53,3,3,15,"","",""
7,"CH Kang, O Alkhazragi, L Sinatra, S Alshaibani, Y Wang, KH Li, M Kong, ...","All-inorganic halide-perovskite polymer-fiber-photodetector for high-speed optical wireless communication",2022,"Optics Express","","","https://scholar.google.com/scholar?oi=bibs&hl=en&cites=7411038828339960516",246,"2023-03-01 18:38:55","Journal article","","","https://scholar.google.com/citations?view_op=view_citation&hl=en&user=7o1A7QQAAAAJ&cstart=200&pagesize=100&citation_for_view=7o1A7QQAAAAJ:dj1AAMDQi3QC",30,6,9823,9840,7,7.00,1,8,1,"","",""
7,"BJ Alamer, MS Bootharaju, SM Kozlov, Z Cao, A Shkurenko, ...","[Ag9(1,2-BDT)6]3–: How Square-Pyramidal Building Blocks Self-Assemble into the Smallest Silver Nanocluster",2021,"Inorganic Chemistry","","","https://scholar.google.com/scholar?oi=bibs&hl=en&cites=7959644605980232449",247,"2023-03-01 18:38:55","","","","https://scholar.google.com/citations?view_op=view_citation&hl=en&user=7o1A7QQAAAAJ&cstart=200&pagesize=100&citation_for_view=7o1A7QQAAAAJ:h-xndbdg2koC",,,,,7,3.50,1,6,2,"","",""
7,"R Bose, J Yin, Y Zheng, C Yang, YN Gartstein, OM Bakr, AV Malko, ...","Gentle Materials Need Gentle Fabrication: Encapsulation of Perovskites by Gas-Phase Alumina Deposition",2021,"The Journal of Physical Chemistry Letters","","","https://scholar.google.com/scholar?oi=bibs&hl=en&cites=6080592457247530279",248,"2023-03-01 18:38:55","Journal article","","","https://scholar.google.com/citations?view_op=view_citation&hl=en&user=7o1A7QQAAAAJ&cstart=200&pagesize=100&citation_for_view=7o1A7QQAAAAJ:tfDI-GPdlUQC",12,9,2348,2357,7,3.50,1,8,2,"","",""
7,"Y Zheng, R Naphade, N Mondal, OM Bakr, OF Mohammed, YN Gartstein, ...","Light Propagation and Radiative Exciton Transport in Two-Dimensional Layered Perovskite Microwires",2020,"ACS Photonics","","","https://scholar.google.com/scholar?oi=bibs&hl=en&cites=2239433394495498431",249,"2023-03-01 18:38:55","Journal article","","","https://scholar.google.com/citations?view_op=view_citation&hl=en&user=7o1A7QQAAAAJ&cstart=200&pagesize=100&citation_for_view=7o1A7QQAAAAJ:PazO6pb-sMwC",8,1,276,282,7,2.33,1,7,3,"","",""
7,"L Gutiérrez-Arzaluz, GH Ahmed, H Yang, S Shikin, OM Bakr, AV Malko, ...","Correlation of Photoluminescence and Structural Morphologies at the Individual Nanoparticle Level",2020,"The Journal of Physical Chemistry A","","","https://scholar.google.com/scholar?oi=bibs&hl=en&cites=3206979192603709741",250,"2023-03-01 18:38:55","Journal article","","","https://scholar.google.com/citations?view_op=view_citation&hl=en&user=7o1A7QQAAAAJ&cstart=200&pagesize=100&citation_for_view=7o1A7QQAAAAJ:eLRq4zTgah0C",124,23,4855,4860,7,2.33,1,7,3,"","",""
7,"B Osman, MI Saidaminov, AL Abdelhady, KR Knudsen","Methods of preparation of organometallic halide structures",2020,"US Patent 10,557,214","","","https://scholar.google.com/scholar?oi=bibs&hl=en&cites=797848886113240403",251,"2023-03-01 18:38:55","Patent","","","https://scholar.google.com/citations?view_op=view_citation&hl=en&user=7o1A7QQAAAAJ&cstart=200&pagesize=100&citation_for_view=7o1A7QQAAAAJ:j7XjBeKFbTsC",,,,,7,2.33,2,4,3,"","",""
7,"BS Shaheen, AM El-Zohry, J Zhao, J Yin, MN Hedhili, OM Bakr, ...","Real-space mapping of surface-oxygen defect states in photovoltaic materials using low-voltage scanning ultrafast electron microscopy",2020,"ACS applied materials &interfaces","","","https://scholar.google.com/scholar?oi=bibs&hl=en&cites=17736851278595196901",252,"2023-03-01 18:38:55","Journal article","","","https://scholar.google.com/citations?view_op=view_citation&hl=en&user=7o1A7QQAAAAJ&cstart=200&pagesize=100&citation_for_view=7o1A7QQAAAAJ:43B52WW2E64C",12,6,7760,7767,7,2.33,1,7,3,"","",""
7,"J Pan, ELB Ala'a, KR KNUDSEN, AL ABDELHADY","System and method for making quantum dots",2019,"US Patent 10,301,543","","","https://scholar.google.com/scholar?oi=bibs&hl=en&cites=2918210469672709920",253,"2023-03-01 18:38:55","Patent","","","https://scholar.google.com/citations?view_op=view_citation&hl=en&user=7o1A7QQAAAAJ&cstart=200&pagesize=100&citation_for_view=7o1A7QQAAAAJ:ZysSsiWj_g4C",,,,,7,1.75,2,4,4,"","",""
7,"ZP Guven, B Ustbas, KM Harkness, H Coskun, CP Joshi, TMD Besong, ...","Synthesis and characterization of mixed ligand chiral nanoclusters",2016,"Dalton Transactions","","","https://scholar.google.com/scholar?oi=bibs&hl=en&cites=17345431667562533423",254,"2023-03-01 18:38:55","Journal article","","","https://scholar.google.com/citations?view_op=view_citation&hl=en&user=7o1A7QQAAAAJ&cstart=200&pagesize=100&citation_for_view=7o1A7QQAAAAJ:v_xunPV0uK0C",45,28,11297,11300,7,1.00,1,7,7,"","",""
7,"B Murali, AE Labban, J Eid, E Alarousu, D Shi, Q Zhang, X Zhang, ...","The impact of grain alignment of the electron transporting layer on the performance of inverted bulk heterojunction solar cells",2015,"small","","","https://scholar.google.com/scholar?oi=bibs&hl=en&cites=13473227916104671548",255,"2023-03-01 18:38:55","Journal article","","","https://scholar.google.com/citations?view_op=view_citation&hl=en&user=7o1A7QQAAAAJ&cstart=200&pagesize=100&citation_for_view=7o1A7QQAAAAJ:mVC4hKzE2FoC",11,39,5272,5279,7,0.88,1,8,8,"","",""
6,"Y Chen, J Yin, Q Wei, C Wang, X Wang, H Ren, SF Yu, OM Bakr, ...","Multiple exciton generation in tin–lead halide perovskite nanocrystals for photocurrent quantum efficiency enhancement",2022,"Nature Photonics","","","https://scholar.google.com/scholar?oi=bibs&hl=en&cites=12265271113996630083",256,"2023-03-01 18:38:55","Journal article","","","https://scholar.google.com/citations?view_op=view_citation&hl=en&user=7o1A7QQAAAAJ&cstart=200&pagesize=100&citation_for_view=7o1A7QQAAAAJ:FtNbRaqWXr4C",16,7,485,490,6,6.00,1,9,1,"","",""
6,"S Yuan, X Zheng, WS Shen, J Liu, LS Cui, C Zhang, QS Tian, JJ Wu, ...","Overcoming Degradation Pathways to Achieve Stable Blue Perovskite Light-Emitting Diodes",2022,"ACS Energy Letters","","","https://scholar.google.com/scholar?oi=bibs&hl=en&cites=17203717726005513832",257,"2023-03-01 18:38:55","Journal article","","","https://scholar.google.com/citations?view_op=view_citation&hl=en&user=7o1A7QQAAAAJ&cstart=200&pagesize=100&citation_for_view=7o1A7QQAAAAJ:v7SMsomtfXcC",7,4,1348,1354,6,6.00,1,9,1,"","",""
6,"KJ Lee, B Turedi, A Giugni, MN Lintangpradipto, AA Zhumekenov, ...","Domain‐Size‐Dependent Residual Stress Governs the Phase‐Transition and Photoluminescence Behavior of Methylammonium Lead Iodide",2021,"Advanced Functional Materials","","","https://scholar.google.com/scholar?oi=bibs&hl=en&cites=3128824296402205844",258,"2023-03-01 18:38:55","Journal article","","","https://scholar.google.com/citations?view_op=view_citation&hl=en&user=7o1A7QQAAAAJ&cstart=200&pagesize=100&citation_for_view=7o1A7QQAAAAJ:ZpgFv6i7Z4gC",31,15,2008088,2008088,6,3.00,1,6,2,"","",""
6,"RW Huang, J Yin, C Dong, P Maity, MN Hedhili, S Nematulloev, B Alamer, ...","[Cu23(PhSe)16(Ph3P)8(H)6]·BF4: Atomic-Level Insights into Cuboidal Polyhydrido Copper Nanoclusters and Their Quasi-simple Cubic Self-Assembly",2020,"ACS Materials Letters","","","https://scholar.google.com/scholar?oi=bibs&hl=en&cites=8394629998897026928",259,"2023-03-01 18:38:55","Journal article","","","https://scholar.google.com/citations?view_op=view_citation&hl=en&user=7o1A7QQAAAAJ&cstart=200&pagesize=100&citation_for_view=7o1A7QQAAAAJ:mS4qin7VKjkC",3,,90,99,6,2.00,1,8,3,"","",""
6,"J Pan, SP Sarmah, OF Mohammed","Air-stable surface-passivated perovskite quantum dots (qds), methods of making these qds, and methods of using these qds",2017,"","","","https://scholar.google.com/scholar?oi=bibs&hl=en&cites=10315993436428010859",260,"2023-03-01 18:38:55","","","","https://scholar.google.com/citations?view_op=view_citation&hl=en&user=7o1A7QQAAAAJ&cstart=200&pagesize=100&citation_for_view=7o1A7QQAAAAJ:9VeumLvkZSQC",,,,,6,1.00,2,3,6,"","",""
6,"N Cho, J Diekhans, M Steward, OM Bakr, S Choi","A facile micropatterning method for a highly flexible PEDOT: PSS on SU-8",2016,"Organic Electronics","","","https://scholar.google.com/scholar?oi=bibs&hl=en&cites=9677943058842778099",261,"2023-03-01 18:38:55","Journal article","","","https://scholar.google.com/citations?view_op=view_citation&hl=en&user=7o1A7QQAAAAJ&cstart=200&pagesize=100&citation_for_view=7o1A7QQAAAAJ:Cvh0bltMcLgC",34,,75,78,6,0.86,1,5,7,"","",""
5,"B Turedi, MN Lintangpradipto, OJ Sandberg, A Yazmaciyan, GJ Matt, ...","Single‐Crystal Perovskite Solar Cells Exhibit Close to Half A Millimeter Electron‐Diffusion Length",2022,"Advanced Materials","","","https://scholar.google.com/scholar?oi=bibs&hl=en&cites=9899228270548425869",262,"2023-03-01 18:38:55","Journal article","","","https://scholar.google.com/citations?view_op=view_citation&hl=en&user=7o1A7QQAAAAJ&cstart=200&pagesize=100&citation_for_view=7o1A7QQAAAAJ:2u1QkWOsl3MC",34,47,2202390,2202390,5,5.00,1,6,1,"","",""
5,"X Zheng, J Liu, T Liu, E Aydin, M Chen, W Yan, M De Bastiani, TG Allen, ...","Photoactivated p-Doping of Organic Interlayer Enables Efficient Perovskite/Silicon Tandem Solar Cells",2022,"ACS Energy Letters","","","https://scholar.google.com/scholar?oi=bibs&hl=en&cites=14342405095413994040",263,"2023-03-01 18:38:55","Journal article","","","https://scholar.google.com/citations?view_op=view_citation&hl=en&user=7o1A7QQAAAAJ&cstart=200&pagesize=100&citation_for_view=7o1A7QQAAAAJ:f13iAvnbnnYC",7,6,1987,1993,5,5.00,1,9,1,"","",""
5,"Z Liu, JK El-Demellawi, OM Bakr, BS Ooi, HN Alshareef","Plasmonic Nb2CTx MXene-MAPbI3 Heterostructure for Self-Powered Visible-NIR Photodiodes",2022,"ACS nano","","","https://scholar.google.com/scholar?oi=bibs&hl=en&cites=3267798903897310190",264,"2023-03-01 18:38:55","Journal article","","","https://scholar.google.com/citations?view_op=view_citation&hl=en&user=7o1A7QQAAAAJ&cstart=200&pagesize=100&citation_for_view=7o1A7QQAAAAJ:S_fw-_riRmcC",16,5,7904,7914,5,5.00,1,5,1,"","",""
5,"P Maity, NA Merdad, J Yin, KJ Lee, L Sinatra, OM Bakr, OF Mohammed","Cascade Electron Transfer Induces Slow Hot Carrier Relaxation in CsPbBr3 Asymmetric Quantum Wells",2021,"ACS Energy Letters","","","https://scholar.google.com/scholar?oi=bibs&hl=en&cites=6129694390099126836",265,"2023-03-01 18:38:55","Journal article","","","https://scholar.google.com/citations?view_op=view_citation&hl=en&user=7o1A7QQAAAAJ&cstart=200&pagesize=100&citation_for_view=7o1A7QQAAAAJ:plAW456RD7MC",6,7,2602,2609,5,2.50,1,7,2,"","",""
5,"D Shi","Organometallic halide perovskite single crystals having low defect density and methods of preparation thereof",2019,"US Patent 10,483,046","","","https://scholar.google.com/scholar?oi=bibs&hl=en&cites=1987877796051584676,14738503166279316516",266,"2023-03-01 18:38:55","Patent","","","https://scholar.google.com/citations?view_op=view_citation&hl=en&user=7o1A7QQAAAAJ&cstart=200&pagesize=100&citation_for_view=7o1A7QQAAAAJ:eIKNFFVQvJAC",,,,,5,1.25,5,1,4,"","",""
5,"BS Shaheen, AM El-Zohry, J Yin, M De Bastiani, S De Wolf, OM Bakr, ...","Visualization of Charge Carrier Trapping in Silicon at the Atomic Surface Level Using 4D Electron Imaging",2019,"The journal of physical chemistry letters","","","https://scholar.google.com/scholar?oi=bibs&hl=en&cites=17876452298933143239",267,"2023-03-01 18:38:55","Journal article","","","https://scholar.google.com/citations?view_op=view_citation&hl=en&user=7o1A7QQAAAAJ&cstart=200&pagesize=100&citation_for_view=7o1A7QQAAAAJ:RJujIP1NYNUC",,,,,5,1.25,1,7,4,"","",""
5,"L Sinatra, M Lutfullin, AS Abbas, J Pan, OM Bakr","P‐203: Late‐News Poster: Novel Techniques for Highly Stable Luminescent Perovskite Halide Quantum Dots",2018,"SID Symposium Digest of Technical Papers","","","https://scholar.google.com/scholar?oi=bibs&hl=en&cites=16858269273309307421",268,"2023-03-01 18:38:55","Conference paper","","","https://scholar.google.com/citations?view_op=view_citation&hl=en&user=7o1A7QQAAAAJ&cstart=200&pagesize=100&citation_for_view=7o1A7QQAAAAJ:4tNoA7Af41QC",49,1,1681,1684,5,1.00,1,5,5,"","",""
4,"R Bose, X Zhou, T Guo, H Yang, J Yin, A Mishra, JD Slinker, OM Bakr, ...","Single-particle spectroscopy as a versatile tool to explore lower-dimensional structures of inorganic perovskites",2021,"ACS Energy Letters","","","https://scholar.google.com/scholar?oi=bibs&hl=en&cites=6387010299841884664",269,"2023-03-01 18:38:55","Journal article","","","https://scholar.google.com/citations?view_op=view_citation&hl=en&user=7o1A7QQAAAAJ&cstart=200&pagesize=100&citation_for_view=7o1A7QQAAAAJ:pYRxIbzCxX0C",6,10,3695,3708,4,2.00,0,9,2,"","",""
4,"J Zhao, R Nughays, OM Bakr, OF Mohammed","Access to ultrafast surface and interface carrier dynamics simultaneously in space and time",2021,"The Journal of Physical Chemistry C","","","https://scholar.google.com/scholar?oi=bibs&hl=en&cites=14170870670341094731",270,"2023-03-01 18:38:55","Journal article","","","https://scholar.google.com/citations?view_op=view_citation&hl=en&user=7o1A7QQAAAAJ&cstart=200&pagesize=100&citation_for_view=7o1A7QQAAAAJ:lOG7zRu2uA8C",125,27,14495,14516,4,2.00,1,4,2,"","",""
4,"J Yin, OM Bakr, OF Mohammed","Intriguing Ultrafast Charge Carrier Dynamics in Two-Dimensional Ruddlesden–Popper Hybrid Perovskites",2021,"The Journal of Physical Chemistry C","","","https://scholar.google.com/scholar?oi=bibs&hl=en&cites=2627666116165153488",271,"2023-03-01 18:38:55","Journal article","","","https://scholar.google.com/citations?view_op=view_citation&hl=en&user=7o1A7QQAAAAJ&cstart=200&pagesize=100&citation_for_view=7o1A7QQAAAAJ:rp474-M6Y4oC",125,18,9630,9637,4,2.00,1,3,2,"","",""
4,"L Sinatra, M Lutfullin, S Lentijo-Mozo, OM Bakr","16‐5: Late‐News Paper: High Flux Stable Perovskite Quantum Dots‐Polymer Composite for Down‐Converting Applications",2020,"SID Symposium Digest of Technical Papers","","","https://scholar.google.com/scholar?oi=bibs&hl=en&cites=11855407486548065824",272,"2023-03-01 18:38:55","Conference paper","","","https://scholar.google.com/citations?view_op=view_citation&hl=en&user=7o1A7QQAAAAJ&cstart=200&pagesize=100&citation_for_view=7o1A7QQAAAAJ:3pYxbvHKFu8C",51,1,222,223,4,1.33,1,4,3,"","",""
4,"AA Alatawi, JA Holguin-Lerma, CH Kang, C Shen, I Dursun, L Sinatra, ...","Blue superluminescent diodes with GHz bandwidth exciting perovskite nanocrystals for high CRI white lighting and high-speed VLC",2019,"CLEO: Science and Innovations, SM3N.","","","https://scholar.google.com/scholar?oi=bibs&hl=en&cites=8738061390897066750",273,"2023-03-01 18:38:55","Journal article","","","https://scholar.google.com/citations?view_op=view_citation&hl=en&user=7o1A7QQAAAAJ&cstart=200&pagesize=100&citation_for_view=7o1A7QQAAAAJ:anDooRL1HQEC",4,,,,4,1.00,1,7,4,"","",""
4,"G Meizyte, R Bose, A Adhikari, J Yin, MA Haque, MR Parida, MN Hedhili, ...","Imaging the reduction of electron trap states in shelled copper indium gallium selenide nanocrystals using ultrafast electron microscopy",2018,"The Journal of Physical Chemistry C","","","https://scholar.google.com/scholar?oi=bibs&hl=en&cites=17736847744865847534",274,"2023-03-01 18:38:55","Journal article","","","https://scholar.google.com/citations?view_op=view_citation&hl=en&user=7o1A7QQAAAAJ&cstart=200&pagesize=100&citation_for_view=7o1A7QQAAAAJ:ZqLB7dQ1iF4C",122,26,15010,15016,4,0.80,1,8,5,"","",""
4,"H Mehenni, OM Bakr","Synthesis of novel bis (perfluorophenyl azides) coupling agents: Evaluation of their performance by crosslinking of poly (ethylene oxide)",2011,"Reactive and Functional Polymers","","","https://scholar.google.com/scholar?oi=bibs&hl=en&cites=860922849088304578",275,"2023-03-01 18:38:55","Journal article","","","https://scholar.google.com/citations?view_op=view_citation&hl=en&user=7o1A7QQAAAAJ&cstart=200&pagesize=100&citation_for_view=7o1A7QQAAAAJ:zYLM7Y9cAGgC",71,11,1110,1117,4,0.33,2,2,12,"","",""
3,"L Manna, OM Bakr, S Brovelli, H Li","Perovskite semiconductor nanocrystals",2022,"Energy Material Advances","","","https://scholar.google.com/scholar?oi=bibs&hl=en&cites=13196564411951256989",276,"2023-03-01 18:38:55","Journal article","","","https://scholar.google.com/citations?view_op=view_citation&hl=en&user=7o1A7QQAAAAJ&cstart=200&pagesize=100&citation_for_view=7o1A7QQAAAAJ:pe4chHNxNLUC",2022,,,,3,3.00,1,4,1,"","",""
3,"LM Wang, JK Chen, BB Zhang, Q Liu, Y Zhou, J Shu, Z Wang, ...","Phosphatidylcholine-mediated regulation of growth kinetics for colloidal synthesis of cesium tin halide nanocrystals",2021,"Nanoscale","","","https://scholar.google.com/scholar?oi=bibs&hl=en&cites=345819893079420664",277,"2023-03-01 18:38:55","Journal article","","","https://scholar.google.com/citations?view_op=view_citation&hl=en&user=7o1A7QQAAAAJ&cstart=200&pagesize=100&citation_for_view=7o1A7QQAAAAJ:dJ_BR67V0s4C",13,39,16726,16733,3,1.50,0,8,2,"","",""
3,"OM Bakr, M Leite, N Pradhan","Energy Spotlight: New Advances in Metal Halide Perovskites",2020,"ACS Energy Letters","","","https://scholar.google.com/scholar?oi=bibs&hl=en&cites=14367617774198880",278,"2023-03-01 18:38:55","Journal article","","","https://scholar.google.com/citations?view_op=view_citation&hl=en&user=7o1A7QQAAAAJ&cstart=200&pagesize=100&citation_for_view=7o1A7QQAAAAJ:WTQy_8Ay2UsC",5,4,1328,1329,3,1.00,1,3,3,"","",""
3,"J Zhao, OM Bakr, OF Mohammed","Ultrafast electron imaging of surface charge carrier dynamics at low voltage",2020,"Structural Dynamics","","","https://scholar.google.com/scholar?oi=bibs&hl=en&cites=14558419019400066629",279,"2023-03-01 18:38:55","Journal article","","","https://scholar.google.com/citations?view_op=view_citation&hl=en&user=7o1A7QQAAAAJ&cstart=200&pagesize=100&citation_for_view=7o1A7QQAAAAJ:jMZTt8odoasC",7,2,21001,21001,3,1.00,1,3,3,"","",""
3,"M Saliba, OM Bakr, N Pradhan, M Kuno, PV Kamat","Energy Spotlight: New Inroads in Metal Halide Perovskite Research",2019,"ACS Energy Letters","","","https://scholar.google.com/scholar?oi=bibs&hl=en&cites=8422870906793200881",280,"2023-03-01 18:38:55","Journal article","","","https://scholar.google.com/citations?view_op=view_citation&hl=en&user=7o1A7QQAAAAJ&cstart=200&pagesize=100&citation_for_view=7o1A7QQAAAAJ:WgvcDLhf7hwC",4,12,3036,3038,3,0.75,1,5,4,"","",""
3,"AA Zhumekenov, MI Saidaminov, OM Bakr","Perovskite single crystals: synthesis, properties and devices",2018,"Mater. Energy","","","https://scholar.google.com/scholar?oi=bibs&hl=en&cites=16078826126164652951",281,"2023-03-01 18:38:55","Journal article","","","https://scholar.google.com/citations?view_op=view_citation&hl=en&user=7o1A7QQAAAAJ&cstart=200&pagesize=100&citation_for_view=7o1A7QQAAAAJ:Lo8V22OuN40C",1,,241,283,3,0.60,1,3,5,"","",""
3,"N Revaprasadu, OM Bakr, K Ramasamy, MA Malik","Nanomaterials for solar energy",2013,"Nanoscience","","","https://scholar.google.com/scholar?oi=bibs&hl=en&cites=13950685011922424729",282,"2023-03-01 18:38:55","Book chapter","","","https://scholar.google.com/citations?view_op=view_citation&hl=en&user=7o1A7QQAAAAJ&cstart=200&pagesize=100&citation_for_view=7o1A7QQAAAAJ:tSVUDDkujAIC",,,23,57,3,0.30,1,4,10,"","",""
2,"KE Yorov, WJ Mir, X Song, L Gutiérrez-Arzaluz, R Naphade, ...","Mn4+-Doped Fluoride Nanocrystals Enable High-Resolution Red-Emitting X-ray Imaging Screens",2022,"ACS Materials Letters","","","https://scholar.google.com/scholar?oi=bibs&hl=en&cites=18373468029053842989",283,"2023-03-01 18:38:55","Journal article","","","https://scholar.google.com/citations?view_op=view_citation&hl=en&user=7o1A7QQAAAAJ&cstart=200&pagesize=100&citation_for_view=7o1A7QQAAAAJ:Np1obAXpBq8C",4,11,2273,2281,2,2.00,0,6,1,"","",""
2,"JX Wang, OM Bakr, OF Mohammed","Transparent X-ray imaging scintillators",2022,"Matter","","","https://scholar.google.com/scholar?oi=bibs&hl=en&cites=13988929120319316800,6049914523397877672",284,"2023-03-01 18:38:55","Journal article","","","https://scholar.google.com/citations?view_op=view_citation&hl=en&user=7o1A7QQAAAAJ&cstart=200&pagesize=100&citation_for_view=7o1A7QQAAAAJ:MtS25d97-7AC",5,8,2547,2549,2,2.00,1,3,1,"","",""
2,"JX Wang, Y Wang, I Nadinov, J Yin, L Gutiérrez-Arzaluz, O Alkhazragi, ...","Aggregation-Induced Fluorescence Enhancement for Efficient X-ray Imaging Scintillators and High-Speed Optical Wireless Communication",2022,"ACS Materials Letters","","","https://scholar.google.com/scholar?oi=bibs&hl=en&cites=6145022569091155287",285,"2023-03-01 18:38:55","Journal article","","","https://scholar.google.com/citations?view_op=view_citation&hl=en&user=7o1A7QQAAAAJ&cstart=200&pagesize=100&citation_for_view=7o1A7QQAAAAJ:qOpkhvVCMvUC",4,9,1668,1675,2,2.00,0,7,1,"","",""
2,"AM El-Zohry, B Turedi, A Alsalloum, P Maity, OM Bakr, BS Ooi, ...","Ultrafast transient infrared spectroscopy for probing trapping states in hybrid perovskite films",2022,"Communications Chemistry","","","https://scholar.google.com/scholar?oi=bibs&hl=en&cites=10773585105795420599",286,"2023-03-01 18:38:55","Journal article","","","https://scholar.google.com/citations?view_op=view_citation&hl=en&user=7o1A7QQAAAAJ&cstart=200&pagesize=100&citation_for_view=7o1A7QQAAAAJ:HmWvvuJwtxYC",5,1,67,67,2,2.00,0,7,1,"","",""
2,"A Tankimanova, CH Kang, O Alkhazragi, H Tang, M Kong, L Sinatra, ...","Colloidal PbS quantum dots for visible-to-near-infrared optical Internet of Things",2021,"IEEE Photonics Journal","","","https://scholar.google.com/scholar?oi=bibs&hl=en&cites=13440646211482941214",287,"2023-03-01 18:38:55","Journal article","","","https://scholar.google.com/citations?view_op=view_citation&hl=en&user=7o1A7QQAAAAJ&cstart=200&pagesize=100&citation_for_view=7o1A7QQAAAAJ:S0CDQJw8Yr4C",13,2,1,11,2,1.00,0,7,2,"","",""
2,"N Pradhan, OM Bakr, M Leite","Energy Spotlight New Advances in Metal Halide Perovskites",2020,"ACS ENERGY LETTERS","","","https://scholar.google.com/scholar?oi=bibs&hl=en&cites=7777371523153512861",288,"2023-03-01 18:38:55","Journal article","","","https://scholar.google.com/citations?view_op=view_citation&hl=en&user=7o1A7QQAAAAJ&cstart=200&pagesize=100&citation_for_view=7o1A7QQAAAAJ:TY5xIG7f_2sC",5,4,1328,1329,2,0.67,1,3,3,"","",""
2,"KR KNUDSEN, A LAGROW, NM ALYAMI, H MEHENNI","Scalable shape-and size-controlled synthesis of metal nano-alloys",2019,"US Patent 10,493,533","","","https://scholar.google.com/scholar?oi=bibs&hl=en&cites=15309937141961317598",289,"2023-03-01 18:38:55","Patent","","","https://scholar.google.com/citations?view_op=view_citation&hl=en&user=7o1A7QQAAAAJ&cstart=200&pagesize=100&citation_for_view=7o1A7QQAAAAJ:o9ULDYDKYbIC",,,,,2,0.50,1,4,4,"","",""
2,"A Al-Ameer, H Katsiev, L Sinatra, I Hussein, OM Bakr","Gold nanoparticle growth control-implementing a novel wet chemistry method on silicon substrates",2013,"Electronics, Communications and Photonics Conference (SIECPC), 2013 Saudi …","","","https://scholar.google.com/scholar?oi=bibs&hl=en&cites=18376675738215557927",290,"2023-03-01 18:38:55","Conference paper","","","https://scholar.google.com/citations?view_op=view_citation&hl=en&user=7o1A7QQAAAAJ&cstart=200&pagesize=100&citation_for_view=7o1A7QQAAAAJ:LkGwnXOMwfcC",,,,,2,0.20,0,5,10,"","",""
1,"JK El-Demellawi, AE Mansour, AM El-Zohry, MN Hedhili, J Yin, ...","Tuning the Work Function of Ti3C2Tx MXene by Molecular Doping without Changing its Surface Functional Groups",2022,"ACS Materials Letters","","","https://scholar.google.com/scholar?oi=bibs&hl=en&cites=10688822799496725298",291,"2023-03-01 18:38:55","Journal article","","","https://scholar.google.com/citations?view_op=view_citation&hl=en&user=7o1A7QQAAAAJ&cstart=200&pagesize=100&citation_for_view=7o1A7QQAAAAJ:INdAjOZKYREC",4,12,2480,2490,1,1.00,0,6,1,"","",""
1,"JX Wang, L Gutiérrez‐Arzaluz, J Yin, P Maity, Y Zhou, C Chen, Y Han, ...","Interface Engineering of Bi‐Fluorescence Molecules for High‐Performance Data Encryption and Ultralow UV‐Light Detection",2022,"Advanced Optical Materials","","","https://scholar.google.com/scholar?oi=bibs&hl=en&cites=8430639362627190272",292,"2023-03-01 18:38:55","Journal article","","","https://scholar.google.com/citations?view_op=view_citation&hl=en&user=7o1A7QQAAAAJ&cstart=200&pagesize=100&citation_for_view=7o1A7QQAAAAJ:RZBefGmQYygC",10,12,2200417,2200417,1,1.00,0,8,1,"","",""
1,"Z Wu, AY Alsalloum, OF Mohammed, OM Bakr","Soft perovskites stabilized by robust heterojunctions",2022,"Joule","","","https://scholar.google.com/scholar?oi=bibs&hl=en&cites=13429997252267247014",293,"2023-03-01 18:38:55","Journal article","","","https://scholar.google.com/citations?view_op=view_citation&hl=en&user=7o1A7QQAAAAJ&cstart=200&pagesize=100&citation_for_view=7o1A7QQAAAAJ:ExNiBuTMO9IC",6,5,951,952,1,1.00,0,4,1,"","",""
1,"AG Volosniev, AS Kumar, D Lorenc, Y Ashourishokri, AA Zhumekenov, ...","Effective model for studying optical properties of lead-halide perovskites",2022,"arXiv preprint arXiv:2204.","","","https://scholar.google.com/scholar?oi=bibs&hl=en&cites=13253922877102663832",294,"2023-03-01 18:38:55","Preprint","","","https://scholar.google.com/citations?view_op=view_citation&hl=en&user=7o1A7QQAAAAJ&cstart=200&pagesize=100&citation_for_view=7o1A7QQAAAAJ:PQY3Tb_h0-cC",4022,,,,1,1.00,0,6,1,"","",""
1,"AG Volosniev, AS Kumar, D Lorenc, Y Ashourishokri, AA Zhumekenov, ...","Spin-Electric Coupling in Lead Halide Perovskites",2022,"arXiv preprint arXiv:2203.","","","https://scholar.google.com/scholar?oi=bibs&hl=en&cites=16673841609444310072",295,"2023-03-01 18:38:55","Preprint","","","https://scholar.google.com/citations?view_op=view_citation&hl=en&user=7o1A7QQAAAAJ&cstart=200&pagesize=100&citation_for_view=7o1A7QQAAAAJ:H-3wYkpcA84C",9443,,,,1,1.00,0,6,1,"","",""
1,"AM El-Zohry, B Türedir, A Alsalloum, P Maity, O Bakr, BS Ooi, ...","Ultrafast Transient Infrared For Probing Trapping States In Hybrid Perovskite Films",2022,"Research Square Platform LLC","","","https://scholar.google.com/scholar?oi=bibs&hl=en&cites=805423932944729768",296,"2023-03-01 18:38:55","","","","https://scholar.google.com/citations?view_op=view_citation&hl=en&user=7o1A7QQAAAAJ&cstart=200&pagesize=100&citation_for_view=7o1A7QQAAAAJ:3jqAvCjcdfEC",,,,,1,1.00,0,7,1,"","",""
1,"M Kovalenko, K Sakhatskyi, B Turedi, G Matt, M Lintangpradipto, ...","Stable near-to-ideal performance of a solution-grown single-crystal perovskite X-ray detector",2021,"","","","https://scholar.google.com/scholar?oi=bibs&hl=en&cites=15990877300015903045",297,"2023-03-01 18:38:55","","","","https://scholar.google.com/citations?view_op=view_citation&hl=en&user=7o1A7QQAAAAJ&cstart=200&pagesize=100&citation_for_view=7o1A7QQAAAAJ:mnAcAzq93VMC",,,,,1,0.50,0,6,2,"","",""
1,"CH Kang, O Alkhazragi, L Sinatra, S Alshaibani, KH Li, M Kong, ...","All-inorganic halide-perovskite-polymer luminescent fibers for high-bitrate ultraviolet free-space optical communication",2021,"2021 IEEE Photonics Conference (IPC)","","","https://scholar.google.com/scholar?oi=bibs&hl=en&cites=3370908858778009228",298,"2023-03-01 18:38:55","Conference paper","","","https://scholar.google.com/citations?view_op=view_citation&hl=en&user=7o1A7QQAAAAJ&cstart=200&pagesize=100&citation_for_view=7o1A7QQAAAAJ:P2d6BWbXU0IC",,,1,2,1,0.50,0,7,2,"","",""
1,"M Saidaminov, OM Bakr, M De Bastiani","Energy storage by reversible inverse crystallization",2021,"US Patent 11,105,563","","","https://scholar.google.com/scholar?oi=bibs&hl=en&cites=10493649204404391084",299,"2023-03-01 18:38:55","Patent","","","https://scholar.google.com/citations?view_op=view_citation&hl=en&user=7o1A7QQAAAAJ&cstart=200&pagesize=100&citation_for_view=7o1A7QQAAAAJ:JqN3CTdJtl0C",,,,,1,0.50,0,3,2,"","",""
1,"W Peng, W Lingfei","Solar cells, structures including organometallic halide perovskite monocrystalline films, and methods of preparation thereof",2021,"US Patent 10,971,690","","","https://scholar.google.com/scholar?oi=bibs&hl=en&cites=6739916068221844463",300,"2023-03-01 18:38:55","Patent","","","https://scholar.google.com/citations?view_op=view_citation&hl=en&user=7o1A7QQAAAAJ&cstart=200&pagesize=100&citation_for_view=7o1A7QQAAAAJ:YGhAHpnIhDoC",,,,,1,0.50,1,2,2,"","",""
1,"MI Saidaminov","Multifunctional optoelectronic devices based on perovskites",2019,"US Patent 10,504,659","","","https://scholar.google.com/scholar?oi=bibs&hl=en&cites=11313248458440721758",301,"2023-03-01 18:38:55","Patent","","","https://scholar.google.com/citations?view_op=view_citation&hl=en&user=7o1A7QQAAAAJ&cstart=300&pagesize=100&citation_for_view=7o1A7QQAAAAJ:ovGv7akYl-cC",,,,,1,0.25,1,1,4,"","",""
1,"CH Kang, I Dursun, G Liu, L Sinatra, X Sun, M Kong, J Pan, P Maity, ...","High-Speed Ultraviolet-C Photodetector Based on Frequency Down-Converting CsPbBr3 Perovskite Nanocrystals on Silicon Platform",2019,"2019 IEEE Photonics Conference (IPC)","","","https://scholar.google.com/scholar?oi=bibs&hl=en&cites=16515166598380675193",302,"2023-03-01 18:38:55","Conference paper","","","https://scholar.google.com/citations?view_op=view_citation&hl=en&user=7o1A7QQAAAAJ&cstart=300&pagesize=100&citation_for_view=7o1A7QQAAAAJ:hrkNWuzUpWwC",,,1,2,1,0.25,0,9,4,"","",""
1,"MI SAIDAMINOV","Multifunctional optoelectronic devices based on perovskites",2017,"","","","https://scholar.google.com/scholar?oi=bibs&hl=en&cites=3368836620951719984",303,"2023-03-01 18:38:55","","","","https://scholar.google.com/citations?view_op=view_citation&hl=en&user=7o1A7QQAAAAJ&cstart=300&pagesize=100&citation_for_view=7o1A7QQAAAAJ:E2bRg1zSkIsC",,,,,1,0.17,1,1,6,"","",""
1,"J Pan, L Sinatra, M Lutfullin, I Dursun, OM Bakr","8‐2: Invited Paper: A New Generation of Luminescent Materials Based on Low‐Dimensional Perovskites",2017,"SID Symposium Digest of Technical Papers","","","https://scholar.google.com/scholar?oi=bibs&hl=en&cites=9308379692205456084",304,"2023-03-01 18:38:55","Conference paper","","","https://scholar.google.com/citations?view_op=view_citation&hl=en&user=7o1A7QQAAAAJ&cstart=300&pagesize=100&citation_for_view=7o1A7QQAAAAJ:BFa5h04uPMwC",48,1,83,86,1,0.17,0,5,6,"","",""
1,"AA Alsam, A Adhikari, MR Parida, SM Aly, OM Bakr, OF Mohammed","Bane of Hydrogen-Bond Formation on the Photoinduced Charge-Transfer Process in Donor–Acceptor Systems",2017,"The Journal of Physical Chemistry C","","","https://scholar.google.com/scholar?oi=bibs&hl=en&cites=15387256564873336835",305,"2023-03-01 18:38:55","Journal article","","","https://scholar.google.com/citations?view_op=view_citation&hl=en&user=7o1A7QQAAAAJ&cstart=300&pagesize=100&citation_for_view=7o1A7QQAAAAJ:KIRwYnRZzWQC",121,14,7837,7843,1,0.17,0,6,6,"","",""
1,"JI Khan, A Adhikari, J Sun, D Priante, R Bose, BS Shaheen, TK Ng, ...","Nanowires: Enhanced Optoelectronic Performance of a Passivated Nanowire‐Based Device: Key Information from Real‐Space Imaging Using 4D Electron Microscopy (Small 17/2016)",2016,"Small","","","https://scholar.google.com/scholar?oi=bibs&hl=en&cites=5315626804711579033",306,"2023-03-01 18:38:55","Journal article","","","https://scholar.google.com/citations?view_op=view_citation&hl=en&user=7o1A7QQAAAAJ&cstart=300&pagesize=100&citation_for_view=7o1A7QQAAAAJ:u_mOZUIutIEC",12,17,2312,2312,1,0.14,0,8,7,"","",""
1,"M Lutfullin, L Sinatra, OM Bakr","Quantum dots for electronics and energy applications",,"King Abdullah University of Science and Technology, Thuwal, Saudi Arabia,","","","https://scholar.google.com/scholar?oi=bibs&hl=en&cites=16685907904663252284",307,"2023-03-01 18:38:55","","","","https://scholar.google.com/citations?view_op=view_citation&hl=en&user=7o1A7QQAAAAJ&cstart=300&pagesize=100&citation_for_view=7o1A7QQAAAAJ:UarirCmVI0EC",,,,,1,0.00,0,3,,"","",""
0,"X Yao, Q Cheng, Y Attada, S Ould-Chikh, A Ramirez, X Bai, HO Mohamed, ...","Atypical Stability of Exsolved Ni-Fe Alloy Nanoparticles on Double Layered Perovskite for CO2 Dry Reforming of Methane",2023,"Applied Catalysis B: Environmental","","","https://scholar.google.com",308,"2023-03-01 18:38:55","Journal article","","","https://scholar.google.com/citations?view_op=view_citation&hl=en&user=7o1A7QQAAAAJ&cstart=300&pagesize=100&citation_for_view=7o1A7QQAAAAJ:tBp-nognM3UC",122479,,,,0,0.00,0,8,1,"","",""
0,"V Yeddu, P Moazzezi, B Turedi, MN Lintangpradipto, D Zhang, S Kundu, ...","Slow Spontaneous Efficiency Enhancement of Single-Crystal Perovskite Solar Cells Due to Trapped Solvent",2023,"ACS Applied Energy Materials","","","https://scholar.google.com",309,"2023-03-01 18:38:55","","","","https://scholar.google.com/citations?view_op=view_citation&hl=en&user=7o1A7QQAAAAJ&cstart=300&pagesize=100&citation_for_view=7o1A7QQAAAAJ:mu2_AnMl8iYC",,,,,0,0.00,0,7,1,"","",""
0,"T He, Y Zhou, P Yuan, J Yin, L Gutiérrez-Arzaluz, S Chen, JX Wang, ...","Copper Iodide Inks for High-Resolution X-ray Imaging Screens",2023,"ACS Energy Letters","","","https://scholar.google.com",310,"2023-03-01 18:38:55","Journal article","","","https://scholar.google.com/citations?view_op=view_citation&hl=en&user=7o1A7QQAAAAJ&cstart=300&pagesize=100&citation_for_view=7o1A7QQAAAAJ:S0RksyIsHSIC",8,,1362,1370,0,0.00,0,8,1,"","",""
0,"J Xu, J Wang, OM Bakr, N Hadjichristidis","Controlling the fluorescence performance of AIE polymers by controlling the polymer microstructure",2023,"Angewandte Chemie International Edition","","","https://scholar.google.com",311,"2023-03-01 18:38:55","","","","https://scholar.google.com/citations?view_op=view_citation&hl=en&user=7o1A7QQAAAAJ&cstart=300&pagesize=100&citation_for_view=7o1A7QQAAAAJ:CB6W3GmKGOEC",,,,,0,0.00,0,4,1,"","",""
0,"K Almasabi, X Zheng, B Turedi, AY Alsalloum, MN Lintangpradipto, J Yin, ...","Hole-Transporting Self-Assembled Monolayer Enables Efficient Single-Crystal Perovskite Solar Cells with Enhanced Stability",2023,"ACS Energy Letters","","","https://scholar.google.com",312,"2023-03-01 18:38:55","Journal article","","","https://scholar.google.com/citations?view_op=view_citation&hl=en&user=7o1A7QQAAAAJ&cstart=300&pagesize=100&citation_for_view=7o1A7QQAAAAJ:KYgttONoxcsC",8,,950,956,0,0.00,0,7,1,"","",""
0,"I Dursun, C Shen, TK Ng, B Ooi","Multifunctional light, data device, or combination and systems",2022,"US Patent App. 17/879,156","","","https://scholar.google.com",313,"2023-03-01 18:38:55","Patent","","","https://scholar.google.com/citations?view_op=view_citation&hl=en&user=7o1A7QQAAAAJ&cstart=300&pagesize=100&citation_for_view=7o1A7QQAAAAJ:qwOXE0mbtu4C",,,,,0,0.00,0,4,1,"","",""
0,"Z Tian, J Yin, T Guo, Z Zhao, Y Zhu, Y Wang, J Yin, Y Zou, Y Lei, J Ming, ...","A Sustainable NH4+ Ion Battery by Electrolyte Engineering",2022,"Angewandte Chemie International Edition","","","https://scholar.google.com",314,"2023-03-01 18:38:55","Book chapter","","","https://scholar.google.com/citations?view_op=view_citation&hl=en&user=7o1A7QQAAAAJ&cstart=300&pagesize=100&citation_for_view=7o1A7QQAAAAJ:qQc65DSaYXMC",,,202213757,,0,0.00,0,11,1,"","",""
0,"H Lu, O Alkhazragi, B Hasanov, R Naphade, TK Ng, OM Bakr, ...","Lead-free Perovskite for Ultraviolet micro-LEDs based White-Light Communication",2022,"2022 IEEE Photonics Conference (IPC)","","","https://scholar.google.com",315,"2023-03-01 18:38:55","Conference paper","","","https://scholar.google.com/citations?view_op=view_citation&hl=en&user=7o1A7QQAAAAJ&cstart=300&pagesize=100&citation_for_view=7o1A7QQAAAAJ:Gs1AF5H0x94C",,,1,2,0,0.00,0,7,1,"","",""
0,"S Zhang, L Gutiérrez-Arzaluz, J Yin, N Wehbe, B Shao, R Naphade, T He, ...","Ultra-Efficient Optical Gain and Lasing in MDACl2-Doped Perovskite Thin Films",2022,"Chemistry of Materials","","","https://scholar.google.com",316,"2023-03-01 18:38:55","Journal article","","","https://scholar.google.com/citations?view_op=view_citation&hl=en&user=7o1A7QQAAAAJ&cstart=300&pagesize=100&citation_for_view=7o1A7QQAAAAJ:DrOLxFoABAwC",34,21,9786,9794,0,0.00,0,8,1,"","",""
0,"P Maity, NA Merdad, JK El-Demellawi, L Gutiérrez-Arzaluz, Z Liu, ...","Quantum Tunneling Effect in CsPbBr3 Multiple Quantum Wells",2022,"Nano Letters","","","https://scholar.google.com",317,"2023-03-01 18:38:55","Journal article","","","https://scholar.google.com/citations?view_op=view_citation&hl=en&user=7o1A7QQAAAAJ&cstart=300&pagesize=100&citation_for_view=7o1A7QQAAAAJ:uGrg30pLAbkC",22,19,7936,7943,0,0.00,0,6,1,"","",""
0,"R Brenes, DW deQuilettes, R Swartwout, AY Alsalloum, OM Bakr, ...","Mapping the Diffusion Tensor in Microstructured Perovskites",2022,"arXiv preprint arXiv:2209.","","","https://scholar.google.com",318,"2023-03-01 18:38:55","Preprint","","","https://scholar.google.com/citations?view_op=view_citation&hl=en&user=7o1A7QQAAAAJ&cstart=300&pagesize=100&citation_for_view=7o1A7QQAAAAJ:pZ2CosqRuhkC",8684,,,,0,0.00,0,6,1,"","",""
0,"J Pan, SP Sarmah, OF Mohammed","Air-stable surface-passivated perovskite quantum dots (QDS), methods of making these QDS, and methods of using these QDS",2022,"US Patent 11,390,802","","","https://scholar.google.com",319,"2023-03-01 18:38:55","Patent","","","https://scholar.google.com/citations?view_op=view_citation&hl=en&user=7o1A7QQAAAAJ&cstart=300&pagesize=100&citation_for_view=7o1A7QQAAAAJ:LNjCCq68lIgC",,,,,0,0.00,0,3,1,"","",""
0,"CH Kang, O Alkhazragi, L Sinatra, S Alshaibani, Y Wang, KH Li, M Kong, ...","Wide-field-of-view Perovskite Quantum-dots Fibers Array for Easing Pointing, Acquisition and Tracking in Underwater Wireless Optical Communication",2022,"2022 Optical Fiber Communications Conference and Exhibition (OFC)","","","https://scholar.google.com",320,"2023-03-01 18:38:55","Conference paper","","","https://scholar.google.com/citations?view_op=view_citation&hl=en&user=7o1A7QQAAAAJ&cstart=300&pagesize=100&citation_for_view=7o1A7QQAAAAJ:6ScxedgR18sC",,,1,3,0,0.00,0,8,1,"","",""
0,"L Sinatra, M Lutfullin, OM Bakr","Stabilized perovskite quantum dot material",2022,"US Patent App. 17/463,298","","","https://scholar.google.com",321,"2023-03-01 18:38:55","Patent","","","https://scholar.google.com/citations?view_op=view_citation&hl=en&user=7o1A7QQAAAAJ&cstart=300&pagesize=100&citation_for_view=7o1A7QQAAAAJ:UEFpDhwOD2kC",,,,,0,0.00,0,3,1,"","",""
0,"WJ Mir, A Alamoudi, J Yin, KE Yorov, P Maity, R Naphade, B Shao, ...","Lecithin Capping Ligands Enable Ultrastable Perovskite-Phase CsPbI₃ Quantum Dots for Rec. 2020 Bright-Red Light-Emitting Diodes",2022,"","","","https://scholar.google.com",322,"2023-03-01 18:38:55","","","","https://scholar.google.com/citations?view_op=view_citation&hl=en&user=7o1A7QQAAAAJ&cstart=300&pagesize=100&citation_for_view=7o1A7QQAAAAJ:KPAPMsW7zc0C",,,,,0,0.00,0,8,1,"","",""
0,"Z Alpichshev, D Lorenc, A Zhumekenov, O Bakr, A Volosniev, ...","The role of lattice degrees of freedom in the ultrafast optical response of lead-halide perovskites (A) PbBr3",2022,"APS March Meeting Abstracts 2022, G69.","","","https://scholar.google.com",323,"2023-03-01 18:38:55","Abstract","","","https://scholar.google.com/citations?view_op=view_citation&hl=en&user=7o1A7QQAAAAJ&cstart=300&pagesize=100&citation_for_view=7o1A7QQAAAAJ:ZJ-noXUx9mkC",9,,,,0,0.00,0,6,1,"","",""
0,"M Saidaminov, Y Zhang, J Pan, I Dursun, OM Abdelsaboor, B Osman","Light converting luminescent composite material",2021,"US Patent 11,180,693","","","https://scholar.google.com",324,"2023-03-01 18:38:55","Patent","","","https://scholar.google.com/citations?view_op=view_citation&hl=en&user=7o1A7QQAAAAJ&cstart=300&pagesize=100&citation_for_view=7o1A7QQAAAAJ:q09DtPQ_434C",,,,,0,0.00,0,6,2,"","",""
0,"C Dong, R Huang, C Chen, J Chen, S Nematulloev, X Guo, A Ghosh, ...","CCDC 2055315: Experimental Crystal Structure Determination: tetracosakis (mu-phenylethanethiolato)-bis (mu-chloro)-decakis (hydrido)-hexakis (triphenylphosphine)-hexatriaconta …",2021,"","Cambridge Crystallographic Data Centre","","https://scholar.google.com",325,"2023-03-01 18:38:55","Book","","","https://scholar.google.com/citations?view_op=view_citation&hl=en&user=7o1A7QQAAAAJ&cstart=300&pagesize=100&citation_for_view=7o1A7QQAAAAJ:FKYJxdYMdFIC",,,,,0,0.00,0,8,2,"","",""
0,"R Huang, J Yin, C Dong, P Maity, MN Hedhili, S Nematulloev, BJ Alamer, ...","CCDC 1996052: Experimental Crystal Structure Determination: hexadecakis (mu-benzeneselenolato)-hexakis (mu-hydrido)-octakis (triphenylphosphine)-tricosa-copper (i …",2021,"","Cambridge Crystallographic Data Centre","","https://scholar.google.com",326,"2023-03-01 18:38:55","Book","","","https://scholar.google.com/citations?view_op=view_citation&hl=en&user=7o1A7QQAAAAJ&cstart=300&pagesize=100&citation_for_view=7o1A7QQAAAAJ:o0eFlWRwRSUC",,,,,0,0.00,0,8,2,"","",""
0,"NP Dasgupta, JJ Berry, O Bakr, P Christopher","Energy Spotlight",2021,"American Chemical Society (ACS)","","","https://scholar.google.com",327,"2023-03-01 18:38:55","","","","https://scholar.google.com/citations?view_op=view_citation&hl=en&user=7o1A7QQAAAAJ&cstart=300&pagesize=100&citation_for_view=7o1A7QQAAAAJ:k6nH7jlkaTkC",,,,,0,0.00,0,4,2,"","",""
0,"NP Dasgupta, JJ Berry, OM Bakr, P Christopher","Energy Spotlight: Insights into Lithium Metal Batteries, 2D Perovskite Solar Cells, and Plasma-Driven Catalytic Ammonia Synthesis",2021,"ACS Energy Letters","","","https://scholar.google.com",328,"2023-03-01 18:38:55","Journal article","","","https://scholar.google.com/citations?view_op=view_citation&hl=en&user=7o1A7QQAAAAJ&cstart=300&pagesize=100&citation_for_view=7o1A7QQAAAAJ:pbQCAAeKvsAC",6,6,2359,2361,0,0.00,0,4,2,"","",""
0,"B Osman, MI Saidaminov, AL Abdelhady, KR Knudsen","Methods of preparation of organometallic halide structures",2021,"US Patent 11,001,939","","","https://scholar.google.com",329,"2023-03-01 18:38:55","Patent","","","https://scholar.google.com/citations?view_op=view_citation&hl=en&user=7o1A7QQAAAAJ&cstart=300&pagesize=100&citation_for_view=7o1A7QQAAAAJ:MnogvFdIBdwC",,,,,0,0.00,0,4,2,"","",""
0,"L Sinatra, M Lutfullin, S Lentijo-Mozo, OM Bakr","62‐8: Invited Paper: High Color Gamut QDot™ LCD Displays with Perovskite Quantum Dots: Devices Architecture, Performance and Reliability",2021,"SID Symposium Digest of Technical Papers","","","https://scholar.google.com",330,"2023-03-01 18:38:55","Conference paper","","","https://scholar.google.com/citations?view_op=view_citation&hl=en&user=7o1A7QQAAAAJ&cstart=300&pagesize=100&citation_for_view=7o1A7QQAAAAJ:VHM5RxzNINsC",52,1,909,911,0,0.00,0,4,2,"","",""
0,"S Nematulloev, R Huang, J Yin, A Shkurenko, C Dong, A Ghosh, ...","CCDC 1999570: Experimental Crystal Structure Determination: tridecakis (mu-2-phenylethane-1-thiolato)-hexakis (triphenylphosphine)-pentadeca-copper bis (tetrafluoroborate …",2021,"","Cambridge Crystallographic Data Centre","","https://scholar.google.com",331,"2023-03-01 18:38:55","Book","","","https://scholar.google.com/citations?view_op=view_citation&hl=en&user=7o1A7QQAAAAJ&cstart=300&pagesize=100&citation_for_view=7o1A7QQAAAAJ:wH03y5nBhxsC",,,,,0,0.00,0,7,2,"","",""
0,"B Alamer, MS Bootharaju, SM Kozlov, Z Cao, A Shkurenko, ...","CCDC 2045979: Experimental Crystal Structure Determination: tris (tetra-n-octylammonium) hexakis (mu-benzene-1, 2-bis (thiolato))-nona-silver (i)",2021,"","Cambridge Crystallographic Data Centre","","https://scholar.google.com",332,"2023-03-01 18:38:55","Book","","","https://scholar.google.com/citations?view_op=view_citation&hl=en&user=7o1A7QQAAAAJ&cstart=300&pagesize=100&citation_for_view=7o1A7QQAAAAJ:q7LczdTNAjsC",,,,,0,0.00,0,6,2,"","",""
0,"BJ Alamer, MS Bootharaju, SM Kozlov, Z Cao, A Shkurenko, ...","3-: How Square-Pyramidal Building Blocks Self-Assemble into the Smallest Silver Nanocluster",2021,"American Chemical Society","","","https://scholar.google.com",333,"2023-03-01 18:38:55","","","","https://scholar.google.com/citations?view_op=view_citation&hl=en&user=7o1A7QQAAAAJ&cstart=300&pagesize=100&citation_for_view=7o1A7QQAAAAJ:_u2aKJ9e-CoC",,,,,0,0.00,0,6,2,"","",""
0,"J Almutlaq, WJ Mir, L Gutierrez Arzaluz, J Yin, S Vasylevskyi, P Maity, ...","CSD 2067543: Experimental Crystal Structure Determination",2021,"FIZ Karlsruhe-Leibniz Institute for Information Infrastructure","","","https://scholar.google.com",334,"2023-03-01 18:38:55","","","","https://scholar.google.com/citations?view_op=view_citation&hl=en&user=7o1A7QQAAAAJ&cstart=300&pagesize=100&citation_for_view=7o1A7QQAAAAJ:peNFRSk4lDYC",,,,,0,0.00,0,7,2,"","",""
0,"C Dong, RW Huang, C Chen, J Chen, S Nematulloev, X Guo, A Ghosh, ...","[Cu₃₆H₁₀ (PET) ₂₄ (PPh₃) ₆Cl₂] Reveals Surface Vacancy Defects in Ligand-Stabilized Metal Nanoclusters",2021,"","","","https://scholar.google.com",335,"2023-03-01 18:38:55","","","","https://scholar.google.com/citations?view_op=view_citation&hl=en&user=7o1A7QQAAAAJ&cstart=300&pagesize=100&citation_for_view=7o1A7QQAAAAJ:OkrdTXRNpVkC",,,,,0,0.00,0,8,2,"","",""
0,"S NEMATULLOEV, B ALAMER, A GHOSH, OF MOHAMMED, OM BAKR, ...","HUANG RW 1, 2, YIN J. 1, DONG C. 1, 2, MAITY P. 1",2021,"ACS MATERIALS LETTERS","","","https://scholar.google.com",336,"2023-03-01 18:38:55","Journal article","","","https://scholar.google.com/citations?view_op=view_citation&hl=en&user=7o1A7QQAAAAJ&cstart=300&pagesize=100&citation_for_view=7o1A7QQAAAAJ:Wqn_fehR_TUC",3,1,90,99,0,0.00,0,6,2,"","",""
0,"L Sinatra, M Lutfullin, S Lentijo-Mozo, O Bakr","High flux stable perovskite quantum dots-polymer composite for down-converting applications",2020,"","Wiley","","https://scholar.google.com",337,"2023-03-01 18:38:55","Book","","","https://scholar.google.com/citations?view_op=view_citation&hl=en&user=7o1A7QQAAAAJ&cstart=300&pagesize=100&citation_for_view=7o1A7QQAAAAJ:P-MJmu9ZMwQC",,,,,0,0.00,0,4,3,"","",""
0,"R Huang, J Yin, C Dong, A Ghosh, MJ Alhilaly, X Dong, MN Hedhili, ...","CCDC 1944717: Experimental Crystal Structure Determination: hexatetracontakis (mu-benzenethiolato)-ddotriacontakis (mu-hydrido)-decakis (2-methylpropan-2-amine)-henoctaconta …",2020,"","Cambridge Crystallographic Data Centre","","https://scholar.google.com",338,"2023-03-01 18:38:55","Book","","","https://scholar.google.com/citations?view_op=view_citation&hl=en&user=7o1A7QQAAAAJ&cstart=300&pagesize=100&citation_for_view=7o1A7QQAAAAJ:djft3U1LymYC",,,,,0,0.00,0,8,3,"","",""
0,"J Chen, C Dong, H Idriss, OF Mohammed, OM Bakr","Halide Perovskites: Metal Halide Perovskites for Solar‐to‐Chemical Fuel Conversion (Adv. Energy Mater. 13/2020)",2020,"Advanced Energy Materials","","","https://scholar.google.com",339,"2023-03-01 18:38:55","Journal article","","","https://scholar.google.com/citations?view_op=view_citation&hl=en&user=7o1A7QQAAAAJ&cstart=300&pagesize=100&citation_for_view=7o1A7QQAAAAJ:654Jc7Ppz2kC",10,13,2070059,2070059,0,0.00,0,5,3,"","",""
0,"M Reyes-Martinez, P Tan, A Kakekhani, S Banerjee, AA Zhumekenov, ...","Unraveling the elastic properties of (quasi) 2D hybrid perovskites: A joint experimental and theoretical study",2020,"American Chemical Society (ACS)","","","https://scholar.google.com",340,"2023-03-01 18:38:55","","","","https://scholar.google.com/citations?view_op=view_citation&hl=en&user=7o1A7QQAAAAJ&cstart=300&pagesize=100&citation_for_view=7o1A7QQAAAAJ:0qX8s2k1IRwC",,,,,0,0.00,0,6,3,"","",""
0,"SS Harmalkar, SN Dhuri, BR Srinivasan","CCDC 1976176: Experimental Crystal Structure Determination",2020,"","Cambridge Crystallographic Data Centre","","https://scholar.google.com",341,"2023-03-01 18:38:55","Book","","","https://scholar.google.com/citations?view_op=view_citation&hl=en&user=7o1A7QQAAAAJ&cstart=300&pagesize=100&citation_for_view=7o1A7QQAAAAJ:G7txJ4jiatkC",,,,,0,0.00,0,3,3,"","",""
0,"M Banavoth, HK Kolli, J Yin, R Ketavath, O Bakr, OF Mohammed","Single Crystals: The Next Big Wave of Perovskite Optoelectronics",2019,"American Chemical Society (ACS)","","","https://scholar.google.com",342,"2023-03-01 18:38:55","","","","https://scholar.google.com/citations?view_op=view_citation&hl=en&user=7o1A7QQAAAAJ&cstart=300&pagesize=100&citation_for_view=7o1A7QQAAAAJ:n1qY4L4uFdgC",,,,,0,0.00,0,6,4,"","",""
0,"A Ghosh, R Huang, E Abou-Hamad, MN Hedhili, OF Mohammed, O Bakr, ...","CCDC 1902584: Experimental Crystal Structure Determination: hexakis (mu-sulfido)-hexacosakis (mu-t-butyl-thiolato)-hexakis (mu-chloro)-henhexaconta-copper chloroform solvate",2019,"","Cambridge Crystallographic Data Centre","","https://scholar.google.com",343,"2023-03-01 18:38:55","Book","","","https://scholar.google.com/citations?view_op=view_citation&hl=en&user=7o1A7QQAAAAJ&cstart=300&pagesize=100&citation_for_view=7o1A7QQAAAAJ:PcT55Ow6fAIC",,,,,0,0.00,0,7,4,"","",""
0,"L SINATRA, SM BASHIR, K KATSIEV, H Idriss","Catalytic structures and methods of generating hydrogen gas",2019,"US Patent 10,413,883","","","https://scholar.google.com",344,"2023-03-01 18:38:55","Patent","","","https://scholar.google.com/citations?view_op=view_citation&hl=en&user=7o1A7QQAAAAJ&cstart=300&pagesize=100&citation_for_view=7o1A7QQAAAAJ:NnTm98qLMbgC",,,,,0,0.00,0,4,4,"","",""
0,"MJ Alhilaly, R Huang, R Naphade, BJ Alamer, MN Hedhili, AHM Emwas, ...","CCDC 1893798: Experimental Crystal Structure Determination: catena-((mu-chloro)-octakis (mu-t-butylsulfido)-tetrakis (mu-trifluoroacetato)-bis (mu-4, 4'-bipyridine)-bis …",2019,"","Cambridge Crystallographic Data Centre","","https://scholar.google.com",345,"2023-03-01 18:38:55","Book","","","https://scholar.google.com/citations?view_op=view_citation&hl=en&user=7o1A7QQAAAAJ&cstart=300&pagesize=100&citation_for_view=7o1A7QQAAAAJ:beqBT5984LEC",,,,,0,0.00,0,7,4,"","",""
0,"MJ Alhilaly, R Huang, R Naphade, BJ Alamer, MN Hedhili, AHM Emwas, ...","CCDC 1893797: Experimental Crystal Structure Determination: octakis (mu-t-butylsulfido)-(mu-chloro)-bis (mu-dimethylformamide)-heptakis (mu-trifluoroacetato)-aqua-bis …",2019,"","Cambridge Crystallographic Data Centre","","https://scholar.google.com",346,"2023-03-01 18:38:55","Book","","","https://scholar.google.com/citations?view_op=view_citation&hl=en&user=7o1A7QQAAAAJ&cstart=300&pagesize=100&citation_for_view=7o1A7QQAAAAJ:Amrzk_ktLr0C",,,,,0,0.00,0,7,4,"","",""
0,"MJ Alhilaly, R Huang, R Naphade, B Alamer, MN Hedhili, AHM Emwas, ...","CCDC 1893799: Experimental Crystal Structure Determination: catena-(tetrakis (mu-4, 4'-bipyridine)-bis (mu-chloro)-octakis (mu-t-butylsulfido)-hexakis (mu-trifluoroacetato)-bis …",2019,"","Cambridge Crystallographic Data Centre","","https://scholar.google.com",347,"2023-03-01 18:38:55","Book","","","https://scholar.google.com/citations?view_op=view_citation&hl=en&user=7o1A7QQAAAAJ&cstart=300&pagesize=100&citation_for_view=7o1A7QQAAAAJ:-ZoC36zw86wC",,,,,0,0.00,0,7,4,"","",""
0,"JW Choi, N Cho, HC Woo, BM Oh, J Almutlaq, OM Bakr, SH Kim, CL Lee, ...","Investigation of high contrast and reversible luminescence thermochromism of the quantum confined Cs4PbBr6 perovskite solid (vol 11, pg 5754, 2019)",2019,"Nanoscale","","","https://scholar.google.com",348,"2023-03-01 18:38:55","Journal article","","","https://scholar.google.com/citations?view_op=view_citation&hl=en&user=7o1A7QQAAAAJ&cstart=300&pagesize=100&citation_for_view=7o1A7QQAAAAJ:qt-6tCTBDsQC",11,12,5770,5770,0,0.00,0,9,4,"","",""
0,"AV Malko, I Dursun, Y Zheng, T Guo, M deBastiani, B Turedi, L Sinatra, ...","Efficient photon recycling and radiation trapping in cesium lead halide perovskite waveguides (Conference Presentation)",2019,"Physics, Simulation, and Photonic Engineering of Photovoltaic Devices VIII …","","","https://scholar.google.com",349,"2023-03-01 18:38:55","","","","https://scholar.google.com/citations?view_op=view_citation&hl=en&user=7o1A7QQAAAAJ&cstart=300&pagesize=100&citation_for_view=7o1A7QQAAAAJ:09LM3QYkMKUC",,,,,0,0.00,0,8,4,"","",""
0,"Y Gartstein, I Dursun, Y Zheng, O Bakr, OF Mohammed, A Malko","Direct Time-Resolved Spectroscopic Probes of Photon Reabsorption in Lead Halide Perovskite Microwires",2018,"Fundació Scito","","","https://scholar.google.com",350,"2023-03-01 18:38:55","","","","https://scholar.google.com/citations?view_op=view_citation&hl=en&user=7o1A7QQAAAAJ&cstart=300&pagesize=100&citation_for_view=7o1A7QQAAAAJ:g9YHGIZn7mcC",,,,,0,0.00,0,6,5,"","",""
0,"D Ju, X Zheng, J Liu, Y Chen, J Zhang, B Cao, H Xiao, OF Mohammed, ...","CCDC 1854327: Experimental Crystal Structure Determination: catena-(dimethylammonium (mu-iodo)-bis (iodo)-tin)",2018,"","Cambridge Crystallographic Data Centre","","https://scholar.google.com",351,"2023-03-01 18:38:55","Book","","","https://scholar.google.com/citations?view_op=view_citation&hl=en&user=7o1A7QQAAAAJ&cstart=300&pagesize=100&citation_for_view=7o1A7QQAAAAJ:xm1hsP5ya-EC",,,,,0,0.00,0,9,5,"","",""
0,"OF Mohammed, A Oranskaia, J Yin, OM Bakr, JL Brédas","Halogen migration and surface degradation in hybrid perovskites (Conference Presentation)",2018,"Organic, Hybrid, and Perovskite Photovoltaics XIX 10737, 107370Z","","","https://scholar.google.com",352,"2023-03-01 18:38:55","","","","https://scholar.google.com/citations?view_op=view_citation&hl=en&user=7o1A7QQAAAAJ&cstart=300&pagesize=100&citation_for_view=7o1A7QQAAAAJ:-fu4zM_6qcIC",,,,,0,0.00,0,5,5,"","",""
0,"AM Alfaraidi, B Turedi, MN Lintangpradipto, AY Alsalloum, E Di Fabrizio, ...","Thin Single Crystal Perovskite Heterostructure Film By Gas-Phase Halide Exchange Reaction",2018,"","","","https://scholar.google.com",353,"2023-03-01 18:38:55","","","","https://scholar.google.com/citations?view_op=view_citation&hl=en&user=7o1A7QQAAAAJ&cstart=300&pagesize=100&citation_for_view=7o1A7QQAAAAJ:uQVPmWFBlwUC",,,,,0,0.00,0,6,5,"","",""
0,"M SAIDAMINOV, Y Zhang, J Pan, I DURSUN, OM ABDELSABOOR, ...","Light converting luminescent composite materials",2018,"","","","https://scholar.google.com",354,"2023-03-01 18:38:55","","","","https://scholar.google.com/citations?view_op=view_citation&hl=en&user=7o1A7QQAAAAJ&cstart=300&pagesize=100&citation_for_view=7o1A7QQAAAAJ:7XUxBq3GufIC",,,,,0,0.00,0,6,5,"","",""
0,"B Hehlen, B Ruffle, A da Cunha Ferreira, P Bourges, A Létoublon, ...","Low-frequency Raman spectroscopy and elastic softness of hybrid lead halide perovskites",2018,"4è Journées Pérovskites Halogénées (JPH 2018)","","","https://scholar.google.com",355,"2023-03-01 18:38:55","Journal article","","","https://scholar.google.com/citations?view_op=view_citation&hl=en&user=7o1A7QQAAAAJ&cstart=300&pagesize=100&citation_for_view=7o1A7QQAAAAJ:UKB2i6g6GNMC",29,,,,0,0.00,0,6,5,"","",""
0,"MS Bootharaju, S Kozlov, Z Cao, A Shkurenko, A El-Zohry, ...","CCDC 1581284: Experimental Crystal Structure Determination: tetrakis (tetra-n-octylammonium) dodecakis (mu-benzene-1, 3-dithiolato)-tetrakis (triphenylphosphine)-octacosakis …",2018,"","Cambridge Crystallographic Data Centre","","https://scholar.google.com",356,"2023-03-01 18:38:55","Book","","","https://scholar.google.com/citations?view_op=view_citation&hl=en&user=7o1A7QQAAAAJ&cstart=300&pagesize=100&citation_for_view=7o1A7QQAAAAJ:V63Ir2N1OTwC",,,,,0,0.00,0,6,5,"","",""
0,"J Yin, P Maity, M De Bastiani, I Dursun, O Bakr, JL Bredas, ...","Small polaron in zero-dimensional perovskite Cs4PbBr6",2018,"AMER CHEMICAL SOC","","","https://scholar.google.com",357,"2023-03-01 18:38:55","","","","https://scholar.google.com/citations?view_op=view_citation&hl=en&user=7o1A7QQAAAAJ&cstart=300&pagesize=100&citation_for_view=7o1A7QQAAAAJ:6IBXqrN-DEwC",,,,,0,0.00,0,7,5,"","",""
0,"E Alarousu, A El-Zohry, K Lee, B Turedi, I Dursun, J Yin, A Zhumekenov, ...","Understanding the origins of ultralong radiative states in metal halide perovskite crystals",2018,"AMER CHEMICAL SOC","","","https://scholar.google.com",358,"2023-03-01 18:38:55","","","","https://scholar.google.com/citations?view_op=view_citation&hl=en&user=7o1A7QQAAAAJ&cstart=300&pagesize=100&citation_for_view=7o1A7QQAAAAJ:k8to_Y4Q4_EC",,,,,0,0.00,0,8,5,"","",""
0,"G Meizyte, R Bose, A Adhikari, J Yin, M Haque, MR Parida, MN Hedhili, ...","Imaging the Reduction of Electron Trap States in Shelled CIGSe Nanocrystals Using Ultrafast Electron Microscopy",2018,"American Chemical Society (ACS)","","","https://scholar.google.com",359,"2023-03-01 18:38:55","","","","https://scholar.google.com/citations?view_op=view_citation&hl=en&user=7o1A7QQAAAAJ&cstart=300&pagesize=100&citation_for_view=7o1A7QQAAAAJ:DOLguN9Lh8sC",,,,,0,0.00,0,8,5,"","",""
0,"L SINATRA, M LUTFULLIN, M MAHMUD, J PAN, O BAKR","Perovskite Quantum Dots with Enhanced Thermal Stability for Display Application",2018,"Proceedings of the International Display Workshops (CD-ROM)","","","https://scholar.google.com",360,"2023-03-01 18:38:55","Conference paper","","","https://scholar.google.com/citations?view_op=view_citation&hl=en&user=7o1A7QQAAAAJ&cstart=300&pagesize=100&citation_for_view=7o1A7QQAAAAJ:MSzX15-gZgkC",25,,6,5,0,0.00,0,5,5,"","",""
0,"OM Bakr","Lead halide perovskites of different dimensionalities: growth, properties, and applications in optoelectronics (Conference Presentation)",2017,"Organic, Hybrid, and Perovskite Photovoltaics XVIII 10363, 103631D","","","https://scholar.google.com",361,"2023-03-01 18:38:55","","","","https://scholar.google.com/citations?view_op=view_citation&hl=en&user=7o1A7QQAAAAJ&cstart=300&pagesize=100&citation_for_view=7o1A7QQAAAAJ:qCaWouos7ogC",,,,,0,0.00,0,1,6,"","",""
0,"J Pan, R Begum, L Quan, I Dursun, BOE Sargent, OF Mohammed, O Bakr","Metal halide perovskite nanocrystals: Doping and surface-engineering for efficient optoelectronics",2017,"AMER CHEMICAL SOC","","","https://scholar.google.com",362,"2023-03-01 18:38:55","","","","https://scholar.google.com/citations?view_op=view_citation&hl=en&user=7o1A7QQAAAAJ&cstart=300&pagesize=100&citation_for_view=7o1A7QQAAAAJ:ZYsTHYU9jrMC",,,,,0,0.00,0,7,6,"","",""
0,"MS Bootharaju, S Kozlov, Z Cao, M Harb, N Maity, A Shkurenko, ...","CCDC 1567162: Experimental Crystal Structure Determination: pentakis (mu-chloro)-dichloro-decakis (triphenylphosphine)-di-platinum-tricosa-silver unknown solvate",2017,"","Cambridge Crystallographic Data Centre","","https://scholar.google.com",363,"2023-03-01 18:38:55","Book","","","https://scholar.google.com/citations?view_op=view_citation&hl=en&user=7o1A7QQAAAAJ&cstart=300&pagesize=100&citation_for_view=7o1A7QQAAAAJ:w5CyTnyFq80C",,,,,0,0.00,0,7,6,"","",""
0,"J Pan, L Sinatra, M Lutfullin, I Dursun, O Bakr","A New Generation of Luminescent Materials Based on Low-Dimensional Perovskites",2017,"","Wiley","","https://scholar.google.com",364,"2023-03-01 18:38:55","Book","","","https://scholar.google.com/citations?view_op=view_citation&hl=en&user=7o1A7QQAAAAJ&cstart=300&pagesize=100&citation_for_view=7o1A7QQAAAAJ:i6LplTXqhpIC",,,,,0,0.00,0,5,6,"","",""
0,"M Banavoth, E Yengel, C Yang, W Peng, E Alarousu, O Bakr, ...","The Surface of Hybrid Perovskite Crystals: A Boon or Bane",2017,"American Chemical Society (ACS)","","","https://scholar.google.com",365,"2023-03-01 18:38:55","","","","https://scholar.google.com/citations?view_op=view_citation&hl=en&user=7o1A7QQAAAAJ&cstart=300&pagesize=100&citation_for_view=7o1A7QQAAAAJ:bFuYayV9R1gC",,,,,0,0.00,0,7,6,"","",""
0,"M Reyes-Martinez, A Abdelhady, M Saidaminov, DY Chung, O Bakr, ...","Dynamic elasto-plastic behavior of lead-halide perovskite single crystals",2017,"APS March Meeting Abstracts 2017, E34.","","","https://scholar.google.com",366,"2023-03-01 18:38:55","Abstract","","","https://scholar.google.com/citations?view_op=view_citation&hl=en&user=7o1A7QQAAAAJ&cstart=300&pagesize=100&citation_for_view=7o1A7QQAAAAJ:cww_0JKUTDwC",3,,,,0,0.00,0,6,6,"","",""
0,"R Begum, MR Parida, AL Abdelhady, B Murali, NM Alyami, GH Ahmed, ...","Engineering interfacial charge transfer in CsPbBr< inf> 3</inf> perovskite nanocrystals by heterovalent doping",2017,"","","","https://scholar.google.com",367,"2023-03-01 18:38:55","","","","https://scholar.google.com/citations?view_op=view_citation&hl=en&user=7o1A7QQAAAAJ&cstart=300&pagesize=100&citation_for_view=7o1A7QQAAAAJ:rAN7mHg6NlYC",,,,,0,0.00,0,7,6,"","",""
0,"T Komesu, X Huang, TR Paudel, YB Losovyj, X Zhang, EF Schwier, ...","The Surface Electronic Structure of Hybrid Organo-Lead Bromide Perovskite Single Crystals",2017,"日本物理学会講演概要集 72","","","https://scholar.google.com",368,"2023-03-01 18:38:55","Journal article","","","https://scholar.google.com/citations?view_op=view_citation&hl=en&user=7o1A7QQAAAAJ&cstart=300&pagesize=100&citation_for_view=7o1A7QQAAAAJ:wlzmIqt2EaEC",1,,1854,1854,0,0.00,0,7,6,"","",""
0,"M Banavoth, E Yengel, W Peng, Z Chen, MS Alias, E Alarousu, BS Ooi, ...","Temperature-Induced Lattice Relaxation of Perovskite Crystal Enhances Optoelectronic Properties and Solar Cell Performance",2016,"American Chemical Society (ACS)","","","https://scholar.google.com",369,"2023-03-01 18:38:55","","","","https://scholar.google.com/citations?view_op=view_citation&hl=en&user=7o1A7QQAAAAJ&cstart=300&pagesize=100&citation_for_view=7o1A7QQAAAAJ:BKYZGPsuSFYC",,,,,0,0.00,0,8,7,"","",""
0,"MJ Alhilaly, MS Bootharaju, CP Joshi, T Besong, AHM Emwas, ...","CCDC 1521591: Experimental Crystal Structure Determination: dotriacontakis (mu-2, 4-dimethylbenzenethiolato)-octakis (triphenylphosphine)-heptahexaconta-silver tris …",2016,"","Cambridge Crystallographic Data Centre","","https://scholar.google.com",370,"2023-03-01 18:38:55","Book","","","https://scholar.google.com/citations?view_op=view_citation&hl=en&user=7o1A7QQAAAAJ&cstart=300&pagesize=100&citation_for_view=7o1A7QQAAAAJ:o-PowTg_VKEC",,,,,0,0.00,0,6,7,"","",""
0,"M Banavoth, S Dey, AL Abdelhady, W Peng, E Alarousu, AR Kirmani, ...","Surface Restructuring of Hybrid Perovskite Crystals",2016,"American Chemical Society (ACS)","","","https://scholar.google.com",371,"2023-03-01 18:38:55","","","","https://scholar.google.com/citations?view_op=view_citation&hl=en&user=7o1A7QQAAAAJ&cstart=300&pagesize=100&citation_for_view=7o1A7QQAAAAJ:WTSGYGHz1bkC",,,,,0,0.00,0,7,7,"","",""
0,"W Peng, X Miao, V Adinolfi, E Alarousu, O El Tall, AH Emwas, C Zhao, ...","Engineering of CH< inf> 3</inf> NH< inf> 3</inf> PbI< inf> 3</inf> Perovskite Crystals by Alloying Large Organic Cations for Enhanced Thermal Stability and Transport Properties",2016,"","","","https://scholar.google.com",372,"2023-03-01 18:38:55","","","","https://scholar.google.com/citations?view_op=view_citation&hl=en&user=7o1A7QQAAAAJ&cstart=300&pagesize=100&citation_for_view=7o1A7QQAAAAJ:0iM-huCvmk0C",,,,,0,0.00,0,8,7,"","",""
0,"O Bakr","Atomically precise doping and size control of silver nanoclusters",2016,"AMER CHEMICAL SOC","","","https://scholar.google.com",373,"2023-03-01 18:38:55","","","","https://scholar.google.com/citations?view_op=view_citation&hl=en&user=7o1A7QQAAAAJ&cstart=300&pagesize=100&citation_for_view=7o1A7QQAAAAJ:8JTMrWI6FdcC",,,,,0,0.00,0,1,7,"","",""
0,"MS Alias, I Dursun, D Priante, MI Saidaminov, TK Ng, OM Bakr, BS Ooi","Hybrid perovskites: Approaches towards light-emitting devices",2016,"2016 IEEE International Conference on Semiconductor Electronics (ICSE)","","","https://scholar.google.com",374,"2023-03-01 18:38:55","Conference paper","","","https://scholar.google.com/citations?view_op=view_citation&hl=en&user=7o1A7QQAAAAJ&cstart=300&pagesize=100&citation_for_view=7o1A7QQAAAAJ:ehoypfNsBj8C",,,248,251,0,0.00,0,7,7,"","",""
0,"KS Joya, L Sinatra, LG AbdulHalim, CP Joshi, MN Hedhili, O Bakr, ...","CCDC 1419754: Experimental Crystal Structure Determination: octakis (mu2-2-phenylethanethiolato)-tetra-nickel",2016,"","Cambridge Crystallographic Data Centre","","https://scholar.google.com",375,"2023-03-01 18:38:55","Book","","","https://scholar.google.com/citations?view_op=view_citation&hl=en&user=7o1A7QQAAAAJ&cstart=300&pagesize=100&citation_for_view=7o1A7QQAAAAJ:h1pkognVyKwC",,,,,0,0.00,0,7,7,"","",""
0,"D Shi, X Qin, Y Li, Y He, C Zhong, J Pan, H Dong, W Xu, T Li, W Hu, ...","CCDC 1475944: Experimental Crystal Structure Determination: N, N, N', N', N'', N'', N''', N'''-octakis (4-Methoxyphenyl)-9, 9'-spirobi [fluorene]-2, 2', 7, 7'-tetramine",2016,"","Cambridge Crystallographic Data Centre","","https://scholar.google.com",376,"2023-03-01 18:38:55","Book","","","https://scholar.google.com/citations?view_op=view_citation&hl=en&user=7o1A7QQAAAAJ&cstart=300&pagesize=100&citation_for_view=7o1A7QQAAAAJ:5F1dSjz1ScoC",,,,,0,0.00,0,11,7,"","",""
0,"GH Ahmed, MR Parida, A Tosato, LG Abdulhalim, A Usman, QA Alsulami, ...","The impact of electrostatic interactions on ultrafast charge transfer at Ag< inf> 29</inf> nanoclusters-fullerene and CdTe quantum dots-fullerene interfaces",2016,"","","","https://scholar.google.com",377,"2023-03-01 18:38:55","","","","https://scholar.google.com/citations?view_op=view_citation&hl=en&user=7o1A7QQAAAAJ&cstart=300&pagesize=100&citation_for_view=7o1A7QQAAAAJ:2mikiJ1VBVsC",,,,,0,0.00,0,7,7,"","",""
0,"G Soldan, MA Aljuhani, MS Bootharaju, LG AbdulHalim, MR Parida, ...","CCDC 1440203: Experimental Crystal Structure Determination: dodecakis (mu-benzene-1, 3-dithiolato)-tetrakis (triphenylphosphine)-gold-octacosa-silver",2016,"","Cambridge Crystallographic Data Centre","","https://scholar.google.com",378,"2023-03-01 18:38:55","Book","","","https://scholar.google.com/citations?view_op=view_citation&hl=en&user=7o1A7QQAAAAJ&cstart=300&pagesize=100&citation_for_view=7o1A7QQAAAAJ:1_W9tMSvGuwC",,,,,0,0.00,0,6,7,"","",""
0,"OM Bakr, OF Mohammed","www. rsc. org/nanoscale",2016,"nanoscale","","","https://scholar.google.com",379,"2023-03-01 18:38:55","Journal article","","","https://scholar.google.com/citations?view_op=view_citation&hl=en&user=7o1A7QQAAAAJ&cstart=300&pagesize=100&citation_for_view=7o1A7QQAAAAJ:yeKNu01O_4gC",8,10,5391,5794,0,0.00,0,2,7,"","",""
0,"O Bakr","Tuning the properties of atomically precise silver nanoclusters",2016,"AMER CHEMICAL SOC","","","https://scholar.google.com",380,"2023-03-01 18:38:55","","","","https://scholar.google.com/citations?view_op=view_citation&hl=en&user=7o1A7QQAAAAJ&cstart=300&pagesize=100&citation_for_view=7o1A7QQAAAAJ:SgM-ki2adj0C",,,,,0,0.00,0,1,7,"","",""
0,"L Sinatra, LG AbdulHalim, CP Joshi, MN Hedhili, O Bakr, I Hussain","Atomically Monodisperse Nickel Nanoclusters as Highly Active Electrocatalysts for Water Oxidation",2016,"Royal Society of Chemistry (RSC)","","","https://scholar.google.com",381,"2023-03-01 18:38:55","","","","https://scholar.google.com/citations?view_op=view_citation&hl=en&user=7o1A7QQAAAAJ&cstart=300&pagesize=100&citation_for_view=7o1A7QQAAAAJ:Cy13deThEpcC",,,,,0,0.00,0,6,7,"","",""
0,"OF Mohammed, M Banavoth, MI Saidaminov, AL Abdelhady, J Pan, J Liu, ...","Robust and Air-Stable Sandwiched Organo-Lead Halide Perovskites for Photodetector Applications",2016,"Royal Society of Chemistry (RSC)","","","https://scholar.google.com",382,"2023-03-01 18:38:55","","","","https://scholar.google.com/citations?view_op=view_citation&hl=en&user=7o1A7QQAAAAJ&cstart=300&pagesize=100&citation_for_view=7o1A7QQAAAAJ:PuYkdpj8xa4C",,,,,0,0.00,0,7,7,"","",""
0,"MS Bootharaju, CP Joshi, MR Parida, OF Mohammed, O Bakr","CCDC 1429347: Experimental Crystal Structure Determination: tetraphenylphosphonium octadecakis (mu-2, 4-dimethylbenzenethiolato)-gold-tetracosa-silver hexane solvate",2015,"","Cambridge Crystallographic Data Centre","","https://scholar.google.com",383,"2023-03-01 18:38:55","Book","","","https://scholar.google.com/citations?view_op=view_citation&hl=en&user=7o1A7QQAAAAJ&cstart=300&pagesize=100&citation_for_view=7o1A7QQAAAAJ:QtA78RmWg5MC",,,,,0,0.00,0,5,8,"","",""
0,"LG AbdulHalim, MS Bootharaju, Q Tang, S Del Gobbo, R AbdulHalim, ...","CCDC 1056509: Experimental Crystal Structure Determination: dodecakis (mu5-Benzene-1, 3-dithiolato)-tetrakis (triphenylphosphine)-nonacosa-silver N, N-dimethylformamide solvate",2015,"","Cambridge Crystallographic Data Centre","","https://scholar.google.com",384,"2023-03-01 18:38:55","Book","","","https://scholar.google.com/citations?view_op=view_citation&hl=en&user=7o1A7QQAAAAJ&cstart=300&pagesize=100&citation_for_view=7o1A7QQAAAAJ:37Fl7vPTsUIC",,,,,0,0.00,0,6,8,"","",""
0,"G Maculan, AD Sheikh, AL Abdelhady, MI Saidaminov, MA Haque, ...","CH< inf> 3</inf> NH< inf> 3</inf> PbCl< inf> 3</inf> Single Crystals: Inverse Temperature Crystallization and Visible-Blind UV-Photodetector",2015,"","","","https://scholar.google.com",385,"2023-03-01 18:38:55","","","","https://scholar.google.com/citations?view_op=view_citation&hl=en&user=7o1A7QQAAAAJ&cstart=300&pagesize=100&citation_for_view=7o1A7QQAAAAJ:PPrs6GlykQcC",,,,,0,0.00,0,6,8,"","",""
0,"M Banavoth, A El Labban, J Eid, E Alarousu, D Shi, Q Zhang, X Zhang, ...","The Impact of Grain Alignment of the Electron Transporting Layer on the Performance of Inverted Bulk Heterojunction Solar Cells",2015,"","Wiley","","https://scholar.google.com",386,"2023-03-01 18:38:55","Book","","","https://scholar.google.com/citations?view_op=view_citation&hl=en&user=7o1A7QQAAAAJ&cstart=300&pagesize=100&citation_for_view=7o1A7QQAAAAJ:LzOrNEA7mwcC",,,,,0,0.00,0,8,8,"","",""
0,"O Bakr, J Pan, AO El-Ballouli, KR Knudsen, AL Abdelhady, KSC KSC","System and method for making quantum dots",2015,"WO Patent 2015075564A","","","https://scholar.google.com",387,"2023-03-01 18:38:55","Patent","","","https://scholar.google.com/citations?view_op=view_citation&hl=en&user=7o1A7QQAAAAJ&cstart=300&pagesize=100&citation_for_view=7o1A7QQAAAAJ:e0LTWoPxLYMC",3,,,,0,0.00,0,6,8,"","",""
0,"O Bakr, W Peng","Gram-scale fractionation of nanodiamonds by density gradient ultracentrifugation",2015,"WO Patent 2015036868A","","","https://scholar.google.com",388,"2023-03-01 18:38:55","Patent","","","https://scholar.google.com/citations?view_op=view_citation&hl=en&user=7o1A7QQAAAAJ&cstart=300&pagesize=100&citation_for_view=7o1A7QQAAAAJ:8rLWgkbgOXQC",3,,,,0,0.00,0,2,8,"","",""
0,"Y Oaki, H Imai","www. rsc. org/nanoscale",2015,"nanoscale","","","https://scholar.google.com",389,"2023-03-01 18:38:55","Journal article","","","https://scholar.google.com/citations?view_op=view_citation&hl=en&user=7o1A7QQAAAAJ&cstart=300&pagesize=100&citation_for_view=7o1A7QQAAAAJ:tFzHCjejgA0C",7,8,3321,3788,0,0.00,0,2,8,"","",""
0,"O Bakr","Dual-stage flow reactors: A platform for the rapid optimization and scale-up of high-quality nanocrystals",2014,"ABSTRACTS OF PAPERS OF THE AMERICAN CHEMICAL SOCIETY","","","https://scholar.google.com",390,"2023-03-01 18:38:55","Abstract","","","https://scholar.google.com/citations?view_op=view_citation&hl=en&user=7o1A7QQAAAAJ&cstart=300&pagesize=100&citation_for_view=7o1A7QQAAAAJ:_mQi-xiA4oYC",247,,,,0,0.00,0,1,9,"","",""
0,"H Idriss, G Waterhouse, J LLorca, O Bakr, S Bashir, K Wahab, O Maher, ...","Hydrogen production from water over metal supported on titania: The role of plasmonics and polymorphisms",2014,"ABSTRACTS OF PAPERS OF THE AMERICAN CHEMICAL SOCIETY","","","https://scholar.google.com",391,"2023-03-01 18:38:55","Abstract","","","https://scholar.google.com/citations?view_op=view_citation&hl=en&user=7o1A7QQAAAAJ&cstart=300&pagesize=100&citation_for_view=7o1A7QQAAAAJ:5LPo_wSKItgC",247,,,,0,0.00,0,8,9,"","",""
0,"SG Rao, L Sinatra, Y Hou, O Bakr","Dewetting based directed assembly of nanostructure with and without self-assembled monolayer patterns",2014,"ABSTRACTS OF PAPERS OF THE AMERICAN CHEMICAL SOCIETY","","","https://scholar.google.com",392,"2023-03-01 18:38:55","Abstract","","","https://scholar.google.com/citations?view_op=view_citation&hl=en&user=7o1A7QQAAAAJ&cstart=300&pagesize=100&citation_for_view=7o1A7QQAAAAJ:oldoQiaHq2UC",247,,,,0,0.00,0,4,9,"","",""
0,"O Ala’a, E Alarousu, A Usman, J Pan, OM Bakr, OF Mohammed","Real-Time Observation of Ultrafast Intraband Relaxation and Exciton Multiplication in PbS Quantum Dots",2014,"","","","https://scholar.google.com",393,"2023-03-01 18:38:55","","","","https://scholar.google.com/citations?view_op=view_citation&hl=en&user=7o1A7QQAAAAJ&cstart=300&pagesize=100&citation_for_view=7o1A7QQAAAAJ:MvIMIWP2nqIC",,,,,0,0.00,0,6,9,"","",""
0,"LG AbdulHalim, S Ashraf, K Katsiev, AR Kirmani, N Kothalawala, ...","Chemistry A",2013,"","","","https://scholar.google.com",394,"2023-03-01 18:38:55","","","","https://scholar.google.com/citations?view_op=view_citation&hl=en&user=7o1A7QQAAAAJ&cstart=300&pagesize=100&citation_for_view=7o1A7QQAAAAJ:HKviVsUxM5wC",,,,,0,0.00,0,6,10,"","",""
0,"OM Bakr","Monolayer Protected Noble Metal Nanocrystals: Controlling Their Optical Properties Though Surface Chemistry and Morphology",2009,"","Harvard University","","https://scholar.google.com",395,"2023-03-01 18:38:55","Book","","","https://scholar.google.com/citations?view_op=view_citation&hl=en&user=7o1A7QQAAAAJ&cstart=300&pagesize=100&citation_for_view=7o1A7QQAAAAJ:PZE8UkGerEcC",,,,,0,0.00,0,1,14,"","",""
0,"M Ahmed, B Türedir, A Alsalloum, P Maity, OM Bakr, BS Ooi, ...","Ultrafast Transient Infrared for Probing Trapping States in Hybrid Perovskite Films",,"","","","https://scholar.google.com",396,"2023-03-01 18:38:55","","","","https://scholar.google.com/citations?view_op=view_citation&hl=en&user=7o1A7QQAAAAJ&cstart=300&pagesize=100&citation_for_view=7o1A7QQAAAAJ:5UUbrqTvKfUC",,,,,0,0.00,0,7,,"","",""
0,"L Manna, OM Bakr, S Brovelli, H Li","MAIN TEXT 20",,"world 21, 22,","","","https://scholar.google.com",397,"2023-03-01 18:38:55","","","","https://scholar.google.com/citations?view_op=view_citation&hl=en&user=7o1A7QQAAAAJ&cstart=300&pagesize=100&citation_for_view=7o1A7QQAAAAJ:1l3MdapXzAoC",,,,,0,0.00,0,4,,"","",""
0,"J Liu, E Aydin, J Yin, M De Bastiani, FH Isikgor, A ur Rehman, E Yengel, ...","28.2%-efficient, outdoor-stable perovskite/silicon tandem solar cells via improved phase stability",,"","","","https://scholar.google.com",398,"2023-03-01 18:38:55","","","","https://scholar.google.com/citations?view_op=view_citation&hl=en&user=7o1A7QQAAAAJ&cstart=300&pagesize=100&citation_for_view=7o1A7QQAAAAJ:ZZwcLRaXOV4C",,,,,0,0.00,0,8,,"","",""
0,"J Wang, Y Zhou, J Yin, L Gutierrez-Arzaluz, P Maity, C Chen, Y Han, ...","Interface Engineering of Lead-Free Perovskite Quantum Dots for High-Performance Data Encryption and Ultralow UV-Light Detection",,"Available at SSRN 3883597,","","","https://scholar.google.com",399,"2023-03-01 18:38:55","","","","https://scholar.google.com/citations?view_op=view_citation&hl=en&user=7o1A7QQAAAAJ&cstart=300&pagesize=100&citation_for_view=7o1A7QQAAAAJ:GdZ7R06HQM4C",,,,,0,0.00,0,8,,"","",""
0,"R Bose, A Bera, MR Parida, A Adhikari, BS Shaheen, E Alarousu, J Sun, ...","Supporting Information Real-Space Mapping of Surface Trap States in CIGSe Nanocrystals Using 4D Electron Microscopy",,"","","","https://scholar.google.com",400,"2023-03-01 18:38:55","","","","https://scholar.google.com/citations?view_op=view_citation&hl=en&user=7o1A7QQAAAAJ&cstart=300&pagesize=100&citation_for_view=7o1A7QQAAAAJ:RmcNAhKkducC",,,,,0,0.00,0,8,,"","",""
0,"OM Bakr","Chakra P. Joshi, Megalamane S. Bootharaju, Mohammad J. Alhilaly, and",,"","","","https://scholar.google.com",401,"2023-03-01 18:38:55","","","","https://scholar.google.com/citations?view_op=view_citation&hl=en&user=7o1A7QQAAAAJ&cstart=400&pagesize=100&citation_for_view=7o1A7QQAAAAJ:QYmifXMdJWgC",,,,,0,0.00,0,1,,"","",""
0,"O Ala’a, E Alarousu, M Bernardi, SM Aly, AP Lagrow, OM Bakr, ...","Quantum Confinement-Tunable Ultrafast Charge Transfer at the PbS Quantum Dot and PCBM Fullerene Interface",,"","","","https://scholar.google.com",402,"2023-03-01 18:38:55","","","","https://scholar.google.com/citations?view_op=view_citation&hl=en&user=7o1A7QQAAAAJ&cstart=400&pagesize=100&citation_for_view=7o1A7QQAAAAJ:C5mqfHIFIucC",,,,,0,0.00,0,7,,"","",""
0,"W Peng, J Yin, KT Ho, O Ouellette, M De Bastiani, B Murali, O El Tall, ...","Ultralow Self-Doping in 2D Hybrid Perovskite Single Crystals",,"","","","https://scholar.google.com",403,"2023-03-01 18:38:55","","","","https://scholar.google.com/citations?view_op=view_citation&hl=en&user=7o1A7QQAAAAJ&cstart=400&pagesize=100&citation_for_view=7o1A7QQAAAAJ:WGv8Og3F3KgC",,,,,0,0.00,0,8,,"","",""
0,"C Stavrakas, AA Zhumekenov, R Brenes, M Abdi-Jalebi, V Bulovic, ...","Electronic Supplementary Information Probing Buried Recombination Pathways in Perovskite Structures using 3D Photoluminescence Tomography",,"","","","https://scholar.google.com",404,"2023-03-01 18:38:55","","","","https://scholar.google.com/citations?view_op=view_citation&hl=en&user=7o1A7QQAAAAJ&cstart=400&pagesize=100&citation_for_view=7o1A7QQAAAAJ:v6PuF9mNY3oC",,,,,0,0.00,0,6,,"","",""
0,"Y Shang, J Pan, O Bakr, Z Ning","Inorganic Perovskite Light-Emittng Diodes with Enhanced Stability and Efficiency",,"","","","https://scholar.google.com",405,"2023-03-01 18:38:55","","","","https://scholar.google.com/citations?view_op=view_citation&hl=en&user=7o1A7QQAAAAJ&cstart=400&pagesize=100&citation_for_view=7o1A7QQAAAAJ:oYwriLWYh5YC",,,,,0,0.00,0,4,,"","",""
0,"A Amassian, OM Bakr, OF Mohammed","Overcoming the Cut-Off Charge Transfer Bandgaps at the PbS Quantum Dot Interface Ala’a O. El-Ballouli, Erkki Alarousu, Ahmad R. Kirmani",,"","","","https://scholar.google.com",406,"2023-03-01 18:38:55","","","","https://scholar.google.com/citations?view_op=view_citation&hl=en&user=7o1A7QQAAAAJ&cstart=400&pagesize=100&citation_for_view=7o1A7QQAAAAJ:dhpJJ7xvgBgC",,,,,0,0.00,0,3,,"","",""
0,"W Peng, X Miao, V Adinolfi, E Alarousu, O El Tall, AH Emwas, C Zhao, ...","Engineering of CH3NH3PbI3 Perovskite Crystals via Alloying Large Organic Cations for Enhanced Thermal Stability and Transport Properties",,"","","","https://scholar.google.com",407,"2023-03-01 18:38:55","","","","https://scholar.google.com/citations?view_op=view_citation&hl=en&user=7o1A7QQAAAAJ&cstart=400&pagesize=100&citation_for_view=7o1A7QQAAAAJ:RgznTc0nqo4C",,,,,0,0.00,0,8,,"","",""
0,"AA Zhumekenov, MI Saidaminov, MA Haque, E Alarousu, SP Sarmah, ...","Enhanced Carrier Transport in Formamidinium Lead Halide Perovskite Single Crystals",,"","","","https://scholar.google.com",408,"2023-03-01 18:38:55","","","","https://scholar.google.com/citations?view_op=view_citation&hl=en&user=7o1A7QQAAAAJ&cstart=400&pagesize=100&citation_for_view=7o1A7QQAAAAJ:yCjxvIMm6_oC",,,,,0,0.00,0,6,,"","",""
