Cites,Authors,Title,Year,Source,Publisher,ArticleURL,CitesURL,GSRank,QueryDate,Type,DOI,ISSN,CitationURL,Volume,Issue,StartPage,EndPage,ECC,CitesPerYear,CitesPerAuthor,AuthorCount,Age,Abstract,FullTextURL,RelatedURL
994,"D Neher","Polyfluorene homopolymers: conjugated liquid‐crystalline polymers for bright blue emission and polarized electroluminescence",2001,"Macromolecular Rapid Communications","","","https://scholar.google.com/scholar?oi=bibs&hl=en&cites=15273498740984230426",1,"2023-03-01 18:45:02","Journal article","","","https://scholar.google.com/citations?view_op=view_citation&hl=en&user=jAKnshoAAAAJ&pagesize=100&citation_for_view=jAKnshoAAAAJ:4X0JR2_MtJMC",22,17,1365,1385,994,45.18,994,1,22,"","",""
813,"A Zen, J Pflaum, S Hirschmann, W Zhuang, F Jaiser, U Asawapirom, ...","Effect of molecular weight and annealing of poly (3‐hexylthiophene) s on the performance of organic field‐effect transistors",2004,"Advanced Functional Materials","","","https://scholar.google.com/scholar?oi=bibs&hl=en&cites=4427304112948500718",2,"2023-03-01 18:45:02","Journal article","","","https://scholar.google.com/citations?view_op=view_citation&hl=en&user=jAKnshoAAAAJ&pagesize=100&citation_for_view=jAKnshoAAAAJ:zA6iFVUQeVQC",14,8,757,764,813,42.79,116,7,19,"","",""
784,"K Vandewal, S Albrecht, ET Hoke, KR Graham, J Widmer, JD Douglas, ...","Efficient charge generation by relaxed charge-transfer states at organic interfaces",2014,"Nature materials","","","https://scholar.google.com/scholar?oi=bibs&hl=en&cites=17648274034680029513",3,"2023-03-01 18:45:02","Journal article","","","https://scholar.google.com/citations?view_op=view_citation&hl=en&user=jAKnshoAAAAJ&pagesize=100&citation_for_view=jAKnshoAAAAJ:WC9gN4BGCRcC",13,1,63,68,784,87.11,112,7,9,"","",""
764,"A Al-Ashouri, E Köhnen, B Li, A Magomedov, H Hempel, P Caprioglio, ...","Monolithic perovskite/silicon tandem solar cell with> 29% efficiency by enhanced hole extraction",2020,"Science","","","https://scholar.google.com/scholar?oi=bibs&hl=en&cites=5532543159095314408",4,"2023-03-01 18:45:02","Journal article","","","https://scholar.google.com/citations?view_op=view_citation&hl=en&user=jAKnshoAAAAJ&pagesize=100&citation_for_view=jAKnshoAAAAJ:Xz60mAmATU4C",370,6522,1300,1309,764,254.67,109,7,3,"","",""
748,"M Shalom, S Inal, C Fettkenhauer, D Neher, M Antonietti","Improving carbon nitride photocatalysis by supramolecular preorganization of monomers",2013,"Journal of the American Chemical Society","","","https://scholar.google.com/scholar?oi=bibs&hl=en&cites=6684929026502458208",5,"2023-03-01 18:45:02","Journal article","","","https://scholar.google.com/citations?view_op=view_citation&hl=en&user=jAKnshoAAAAJ&pagesize=100&citation_for_view=jAKnshoAAAAJ:eMMeJKvmdy0C",135,19,7118,7121,748,74.80,150,5,10,"","",""
704,"M Gross, DC Müller, HG Nothofer, U Scherf, D Neher, C Bräuchle, ...","Improving the performance of doped π-conjugated polymers for use in organic light-emitting diodes",2000,"Nature","","","https://scholar.google.com/scholar?oi=bibs&hl=en&cites=5474928658975312348",6,"2023-03-01 18:45:02","Journal article","","","https://scholar.google.com/citations?view_op=view_citation&hl=en&user=jAKnshoAAAAJ&pagesize=100&citation_for_view=jAKnshoAAAAJ:OU6Ihb5iCvQC",405,6787,661,665,704,30.61,101,7,23,"","",""
654,"M Stolterfoht, CM Wolff, JA Márquez, S Zhang, CJ Hages, D Rothhardt, ...","Visualization and suppression of interfacial recombination for high-efficiency large-area pin perovskite solar cells",2018,"Nature Energy","","","https://scholar.google.com/scholar?oi=bibs&hl=en&cites=15052730269337244758",7,"2023-03-01 18:45:02","Journal article","","","https://scholar.google.com/citations?view_op=view_citation&hl=en&user=jAKnshoAAAAJ&pagesize=100&citation_for_view=jAKnshoAAAAJ:tH6gc1N1XXoC",3,10,847,854,654,130.80,93,7,5,"","",""
579,"D Bartesaghi, IDC Pérez, J Kniepert, S Roland, M Turbiez, D Neher, ...","Competition between recombination and extraction of free charges determines the fill factor of organic solar cells",2015,"Nature communications","","","https://scholar.google.com/scholar?oi=bibs&hl=en&cites=11989541797391706837",8,"2023-03-01 18:45:02","Journal article","","","https://scholar.google.com/citations?view_op=view_citation&hl=en&user=jAKnshoAAAAJ&pagesize=100&citation_for_view=jAKnshoAAAAJ:Ri6SYOTghG4C",6,1,7083,7083,579,72.38,83,7,8,"","",""
551,"M Grell, W Knoll, D Lupo, A Meisel, T Miteva, D Neher, HG Nothofer, ...","Blue polarized electroluminescence from a liquid crystalline polyfluorene",1999,"Advanced Materials","","","https://scholar.google.com/scholar?oi=bibs&hl=en&cites=3529145655702490508",9,"2023-03-01 18:45:02","Journal article","","","https://scholar.google.com/citations?view_op=view_citation&hl=en&user=jAKnshoAAAAJ&pagesize=100&citation_for_view=jAKnshoAAAAJ:ns9cj8rnVeAC",11,8,671,675,551,22.96,69,8,24,"","",""
530,"M Saliba, JP Correa-Baena, CM Wolff, M Stolterfoht, N Phung, S Albrecht, ...","How to Make over 20% Efficient Perovskite Solar Cells in Regular (n–i–p) and Inverted (p–i–n) Architectures",2018,"Chemistry of Materials","","","https://scholar.google.com/scholar?oi=bibs&hl=en&cites=10440833610692368212,11644926892169276774",10,"2023-03-01 18:45:02","Journal article","","","https://scholar.google.com/citations?view_op=view_citation&hl=en&user=jAKnshoAAAAJ&pagesize=100&citation_for_view=jAKnshoAAAAJ:KbBQZpvPDL4C",30,13,4193,4201,530,106.00,76,7,5,"","",""
483,"J Benduhn, K Tvingstedt, F Piersimoni, S Ullbrich, Y Fan, M Tropiano, ...","Intrinsic non-radiative voltage losses in fullerene-based organic solar cells",2017,"Nature Energy","","","https://scholar.google.com/scholar?oi=bibs&hl=en&cites=7638863269017495964",11,"2023-03-01 18:45:02","Journal article","","","https://scholar.google.com/citations?view_op=view_citation&hl=en&user=jAKnshoAAAAJ&pagesize=100&citation_for_view=jAKnshoAAAAJ:UHK10RUVsp4C",2,6,1,6,483,80.50,69,7,6,"","",""
481,"T Kietzke, D Neher, K Landfester, R Montenegro, R Güntner, U Scherf","Novel approaches to polymer blends based on polymer nanoparticles",2003,"Nature materials","","","https://scholar.google.com/scholar?oi=bibs&hl=en&cites=13049354035683846619",12,"2023-03-01 18:45:02","Journal article","","","https://scholar.google.com/citations?view_op=view_citation&hl=en&user=jAKnshoAAAAJ&pagesize=100&citation_for_view=jAKnshoAAAAJ:QYdC8u9Cj1oC",2,6,408,412,481,24.05,80,6,20,"","",""
464,"M Stolterfoht, P Caprioglio, CM Wolff, JA Márquez, J Nordmann, S Zhang, ...","The impact of energy alignment and interfacial recombination on the internal and external open-circuit voltage of perovskite solar cells",2019,"Energy &environmental science","","","https://scholar.google.com/scholar?oi=bibs&hl=en&cites=16109835468198650377",13,"2023-03-01 18:45:02","Journal article","","","https://scholar.google.com/citations?view_op=view_citation&hl=en&user=jAKnshoAAAAJ&pagesize=100&citation_for_view=jAKnshoAAAAJ:3bvyWxjaHKcC",12,9,2778,2788,464,116.00,66,7,4,"","",""
461,"T Miteva, A Meisel, W Knoll, HG Nothofer, U Scherf, DC Müller, ...","Improving the performance of polyfluorene‐based organic light‐emitting diodes via end‐capping",2001,"Advanced Materials","","","https://scholar.google.com/scholar?oi=bibs&hl=en&cites=11504790614987877431",14,"2023-03-01 18:45:02","Journal article","","","https://scholar.google.com/citations?view_op=view_citation&hl=en&user=jAKnshoAAAAJ&pagesize=100&citation_for_view=jAKnshoAAAAJ:5qfkUJPXOUwC",13,8,565,570,461,20.95,66,7,22,"","",""
453,"A Zen, M Saphiannikova, D Neher, J Grenzer, S Grigorian, U Pietsch, ...","Effect of molecular weight on the structure and crystallinity of poly (3-hexylthiophene)",2006,"Macromolecules","","","https://scholar.google.com/scholar?oi=bibs&hl=en&cites=15282980290497217156",15,"2023-03-01 18:45:02","Journal article","","","https://scholar.google.com/citations?view_op=view_citation&hl=en&user=jAKnshoAAAAJ&pagesize=100&citation_for_view=jAKnshoAAAAJ:6yz0xqPARnAC",39,6,2162,2171,453,26.65,65,7,17,"","",""
440,"K Landfester, R Montenegro, U Scherf, R Güntner, U Asawapirom, S Patil, ...","Semiconducting polymer nanospheres in aqueous dispersion prepared by a miniemulsion process",2002,"Advanced Materials","","","https://scholar.google.com/scholar?oi=bibs&hl=en&cites=11059748394565086796",16,"2023-03-01 18:45:02","Journal article","","","https://scholar.google.com/citations?view_op=view_citation&hl=en&user=jAKnshoAAAAJ&pagesize=100&citation_for_view=jAKnshoAAAAJ:q3CdL3IzO_QC",14,9,651,655,440,20.95,63,7,21,"","",""
421,"JC Blakesley, D Neher","Relationship between energetic disorder and open-circuit voltage in bulk heterojunction organic solar cells",2011,"Physical Review B","","","https://scholar.google.com/scholar?oi=bibs&hl=en&cites=14272021948445516191",17,"2023-03-01 18:45:02","Journal article","","","https://scholar.google.com/citations?view_op=view_citation&hl=en&user=jAKnshoAAAAJ&pagesize=100&citation_for_view=jAKnshoAAAAJ:8xutWZnSdmoC",84,7,75210,75210,421,35.08,211,2,12,"","",""
420,"S Albrecht, S Janietz, W Schindler, J Frisch, J Kurpiers, J Kniepert, S Inal, ...","Fluorinated copolymer PCPDTBT with enhanced open-circuit voltage and reduced recombination for highly efficient polymer solar cells",2012,"Journal of the American Chemical Society","","","https://scholar.google.com/scholar?oi=bibs&hl=en&cites=16239799185718185716",18,"2023-03-01 18:45:02","Journal article","","","https://scholar.google.com/citations?view_op=view_citation&hl=en&user=jAKnshoAAAAJ&pagesize=100&citation_for_view=jAKnshoAAAAJ:cK4Rrx0J3m0C",134,36,14932,14944,420,38.18,53,8,11,"","",""
389,"R Steyrleuthner, M Schubert, I Howard, B Klaumünzer, K Schilling, ...","Aggregation in a high-mobility n-type low-bandgap copolymer with implications on semicrystalline morphology",2012,"Journal of the American Chemical Society","","","https://scholar.google.com/scholar?oi=bibs&hl=en&cites=9697719792829996831",19,"2023-03-01 18:45:02","Journal article","","","https://scholar.google.com/citations?view_op=view_citation&hl=en&user=jAKnshoAAAAJ&pagesize=100&citation_for_view=jAKnshoAAAAJ:g3aElNc5_aQC",134,44,18303,18317,389,35.36,65,6,11,"","",""
381,"X Yang, DC Müller, D Neher, K Meerholz","Highly efficient polymeric electrophosphorescent diodes",2006,"Advanced Materials","","","https://scholar.google.com/scholar?oi=bibs&hl=en&cites=15413584563687967086",20,"2023-03-01 18:45:02","Journal article","","","https://scholar.google.com/citations?view_op=view_citation&hl=en&user=jAKnshoAAAAJ&pagesize=100&citation_for_view=jAKnshoAAAAJ:0CzhzZyukY4C",18,7,948,954,381,22.41,95,4,17,"","",""
369,"P Pingel, D Neher","Comprehensive picture of -type doping of P3HT with the molecular acceptor FTCNQ",2013,"Physical Review B","","","https://scholar.google.com/scholar?oi=bibs&hl=en&cites=6718579491391623083",21,"2023-03-01 18:45:02","Journal article","","","https://scholar.google.com/citations?view_op=view_citation&hl=en&user=jAKnshoAAAAJ&pagesize=100&citation_for_view=jAKnshoAAAAJ:_B80troHkn4C",87,11,115209,115209,369,36.90,185,2,10,"","",""
349,"M Schubert, D Dolfen, J Frisch, S Roland, R Steyrleuthner, B Stiller, ...","Influence of aggregation on the performance of all‐polymer solar cells containing low‐bandgap naphthalenediimide copolymers",2012,"Advanced Energy Materials","","","https://scholar.google.com/scholar?oi=bibs&hl=en&cites=12606853371297852160",22,"2023-03-01 18:45:02","Journal article","","","https://scholar.google.com/citations?view_op=view_citation&hl=en&user=jAKnshoAAAAJ&pagesize=100&citation_for_view=jAKnshoAAAAJ:XvxMoLDsR5gC",2,3,369,380,349,31.73,50,7,11,"","",""
336,"V Cimrová, M Remmers, D Neher, G Wegner","Polarized light emission from LEDs prepared by the Langmuir‐Blodgett technique",1996,"Advanced Materials","","","https://scholar.google.com/scholar?oi=bibs&hl=en&cites=6522437310225714738",23,"2023-03-01 18:45:02","Journal article","","","https://scholar.google.com/citations?view_op=view_citation&hl=en&user=jAKnshoAAAAJ&pagesize=100&citation_for_view=jAKnshoAAAAJ:XiVPGOgt02cC",8,2,146,149,336,12.44,84,4,27,"","",""
326,"CM Wolff, P Caprioglio, M Stolterfoht, D Neher","Nonradiative recombination in perovskite solar cells: the role of interfaces",2019,"Advanced Materials","","","https://scholar.google.com/scholar?oi=bibs&hl=en&cites=2481640435083268464",24,"2023-03-01 18:45:02","Journal article","","","https://scholar.google.com/citations?view_op=view_citation&hl=en&user=jAKnshoAAAAJ&pagesize=100&citation_for_view=jAKnshoAAAAJ:mUJArPsKIAAC",31,52,1902762,1902762,326,81.50,82,4,4,"","",""
326,"M Oda, HG Nothofer, G Lieser, U Scherf, SCJ Meskers, D Neher","Circularly polarized electroluminescence from liquid‐crystalline chiral polyfluorenes",2000,"Advanced Materials","","","https://scholar.google.com/scholar?oi=bibs&hl=en&cites=8795823093836242609",25,"2023-03-01 18:45:02","Journal article","","","https://scholar.google.com/citations?view_op=view_citation&hl=en&user=jAKnshoAAAAJ&pagesize=100&citation_for_view=jAKnshoAAAAJ:0KyAp5RtaNEC",12,5,362,365,326,14.17,54,6,23,"","",""
321,"M Stolterfoht, CM Wolff, Y Amir, A Paulke, L Perdigón-Toro, P Caprioglio, ...","Approaching the fill factor Shockley–Queisser limit in stable, dopant-free triple cation perovskite solar cells",2017,"Energy &Environmental Science","","","https://scholar.google.com/scholar?oi=bibs&hl=en&cites=10489485750352413691",26,"2023-03-01 18:45:02","Journal article","","","https://scholar.google.com/citations?view_op=view_citation&hl=en&user=jAKnshoAAAAJ&pagesize=100&citation_for_view=jAKnshoAAAAJ:S16KYo8Pm5AC",10,6,1530,1539,321,53.50,46,7,6,"","",""
307,"J Rivnay, R Steyrleuthner, LH Jimison, A Casadei, Z Chen, MF Toney, ...","Drastic control of texture in a high performance n-type polymeric semiconductor and implications for charge transport",2011,"Macromolecules","","","https://scholar.google.com/scholar?oi=bibs&hl=en&cites=14037015535073345582",27,"2023-03-01 18:45:02","Journal article","","","https://scholar.google.com/citations?view_op=view_citation&hl=en&user=jAKnshoAAAAJ&pagesize=100&citation_for_view=jAKnshoAAAAJ:LhH-TYMQEocC",44,13,5246,5255,307,25.58,44,7,12,"","",""
293,"P Karageorgiev, D Neher, B Schulz, B Stiller, U Pietsch, M Giersig, ...","From anisotropic photo-fluidity towards nanomanipulation in the optical near-field",2005,"Nature materials","","","https://scholar.google.com/scholar?oi=bibs&hl=en&cites=3163100776065176155",28,"2023-03-01 18:45:02","Journal article","","","https://scholar.google.com/citations?view_op=view_citation&hl=en&user=jAKnshoAAAAJ&pagesize=100&citation_for_view=jAKnshoAAAAJ:maZDTaKrznsC",4,9,699,703,293,16.28,42,7,18,"","",""
289,"CM Proctor, C Kim, D Neher, TQ Nguyen","Nongeminate recombination and charge transport limitations in diketopyrrolopyrrole‐based solution‐processed small molecule solar cells",2013,"Advanced Functional Materials","","","https://scholar.google.com/scholar?oi=bibs&hl=en&cites=9751085678042774048",29,"2023-03-01 18:45:02","Journal article","","","https://scholar.google.com/citations?view_op=view_citation&hl=en&user=jAKnshoAAAAJ&pagesize=100&citation_for_view=jAKnshoAAAAJ:KUbvn5osdkgC",23,28,3584,3594,289,28.90,72,4,10,"","",""
288,"U Würfel, D Neher, A Spies, S Albrecht","Impact of charge transport on current–voltage characteristics and power-conversion efficiency of organic solar cells",2015,"Nature communications","","","https://scholar.google.com/scholar?oi=bibs&hl=en&cites=17000768466307492983",30,"2023-03-01 18:45:02","Journal article","","","https://scholar.google.com/citations?view_op=view_citation&hl=en&user=jAKnshoAAAAJ&pagesize=100&citation_for_view=jAKnshoAAAAJ:CB2v5VPnA5kC",6,1,6951,6951,288,36.00,72,4,8,"","",""
282,"T Kietzke, HH Hörhold, D Neher","Efficient polymer solar cells based on M3EH− PPV",2005,"Chemistry of Materials","","","https://scholar.google.com/scholar?oi=bibs&hl=en&cites=3848744835855681575",31,"2023-03-01 18:45:02","Journal article","","","https://scholar.google.com/citations?view_op=view_citation&hl=en&user=jAKnshoAAAAJ&pagesize=100&citation_for_view=jAKnshoAAAAJ:lSLTfruPkqcC",17,26,6532,6537,282,15.67,94,3,18,"","",""
281,"W Li, S Albrecht, L Yang, S Roland, JR Tumbleston, T McAfee, L Yan, ...","Mobility-controlled performance of thick solar cells based on fluorinated copolymers",2014,"Journal of the American Chemical Society","","","https://scholar.google.com/scholar?oi=bibs&hl=en&cites=1896093174501125601",32,"2023-03-01 18:45:02","Journal article","","","https://scholar.google.com/citations?view_op=view_citation&hl=en&user=jAKnshoAAAAJ&pagesize=100&citation_for_view=jAKnshoAAAAJ:4DMP91E08xMC",136,44,15566,15576,281,31.22,35,8,9,"","",""
281,"G Lu, J Blakesley, S Himmelberger, P Pingel, J Frisch, I Lieberwirth, ...","Moderate doping leads to high performance of semiconductor/insulator polymer blend transistors",2013,"Nature communications","","","https://scholar.google.com/scholar?oi=bibs&hl=en&cites=9611096610115803343",33,"2023-03-01 18:45:02","Journal article","","","https://scholar.google.com/citations?view_op=view_citation&hl=en&user=jAKnshoAAAAJ&pagesize=100&citation_for_view=jAKnshoAAAAJ:ILKRHgRFtOwC",4,1,1588,1588,281,28.10,40,7,10,"","",""
255,"C Scharsich, RH Lohwasser, M Sommer, U Asawapirom, U Scherf, ...","Control of aggregate formation in poly (3‐hexylthiophene) by solvent, molecular weight, and synthetic method",2012,"Journal of Polymer Science Part B: Polymer Physics","","","https://scholar.google.com/scholar?oi=bibs&hl=en&cites=2804635131892278391",34,"2023-03-01 18:45:02","Journal article","","","https://scholar.google.com/citations?view_op=view_citation&hl=en&user=jAKnshoAAAAJ&pagesize=100&citation_for_view=jAKnshoAAAAJ:TQgYirikUcIC",50,6,442,453,255,23.18,43,6,11,"","",""
255,"X Yang, D Neher, D Hertel, TK Däubler","Highly efficient single‐layer polymer electrophosphorescent devices",2004,"Advanced Materials","","","https://scholar.google.com/scholar?oi=bibs&hl=en&cites=3893322667468831311",35,"2023-03-01 18:45:02","Journal article","","","https://scholar.google.com/citations?view_op=view_citation&hl=en&user=jAKnshoAAAAJ&pagesize=100&citation_for_view=jAKnshoAAAAJ:35N4QoGY0k4C",16,2,161,166,255,13.42,64,4,19,"","",""
254,"D Sainova, T Miteva, HG Nothofer, U Scherf, I Glowacki, J Ulanski, ...","Control of color and efficiency of light-emitting diodes based on polyfluorenes blended with hole-transporting molecules",2000,"Applied Physics Letters","","","https://scholar.google.com/scholar?oi=bibs&hl=en&cites=10898795861655624744",36,"2023-03-01 18:45:02","Journal article","","","https://scholar.google.com/citations?view_op=view_citation&hl=en&user=jAKnshoAAAAJ&pagesize=100&citation_for_view=jAKnshoAAAAJ:HbR8gkJAVGIC",76,14,1810,1812,254,11.04,36,7,23,"","",""
253,"A Armin, W Li, OJ Sandberg, Z Xiao, L Ding, J Nelson, D Neher, ...","A history and perspective of non‐fullerene electron acceptors for organic solar cells",2021,"Advanced Energy Materials","","","https://scholar.google.com/scholar?oi=bibs&hl=en&cites=10702139490072856259",37,"2023-03-01 18:45:02","Journal article","","","https://scholar.google.com/citations?view_op=view_citation&hl=en&user=jAKnshoAAAAJ&pagesize=100&citation_for_view=jAKnshoAAAAJ:X9ykpCP0fEIC",11,15,2003570,2003570,253,126.50,32,8,2,"","",""
244,"J Kniepert, M Schubert, JC Blakesley, D Neher","Photogeneration and recombination in P3HT/PCBM solar cells probed by time-delayed collection field experiments",2011,"The Journal of Physical Chemistry Letters","","","https://scholar.google.com/scholar?oi=bibs&hl=en&cites=11891502714151454956",38,"2023-03-01 18:45:02","Journal article","","","https://scholar.google.com/citations?view_op=view_citation&hl=en&user=jAKnshoAAAAJ&pagesize=100&citation_for_view=jAKnshoAAAAJ:YohjEiUPhakC",2,7,700,705,244,20.33,61,4,12,"","",""
236,"R Steyrleuthner, R Di Pietro, BA Collins, F Polzer, S Himmelberger, ...","The role of regioregularity, crystallinity, and chain orientation on electron transport in a high-mobility n-type copolymer",2014,"Journal of the American Chemical Society","","","https://scholar.google.com/scholar?oi=bibs&hl=en&cites=9570268849611604305",39,"2023-03-01 18:45:02","Journal article","","","https://scholar.google.com/citations?view_op=view_citation&hl=en&user=jAKnshoAAAAJ&pagesize=100&citation_for_view=jAKnshoAAAAJ:L7CI7m0gUJcC",136,11,4245,4256,236,26.22,39,6,9,"","",""
235,"I Lange, JC Blakesley, J Frisch, A Vollmer, N Koch, D Neher","Band bending in conjugated polymer layers",2011,"Physical Review Letters","","","https://scholar.google.com/scholar?oi=bibs&hl=en&cites=12648587951029521271",40,"2023-03-01 18:45:02","Journal article","","","https://scholar.google.com/citations?view_op=view_citation&hl=en&user=jAKnshoAAAAJ&pagesize=100&citation_for_view=jAKnshoAAAAJ:sNmaIFBj_lkC",106,21,216402,216402,235,19.58,39,6,12,"","",""
235,"T Miteva, L Palmer, L Kloppenburg, D Neher, UHF Bunz","Interplay of Thermochromicity and Liquid Crystalline Behavior in Poly(p-phenyleneethynylene)s:  π−π Interactions or Planarization of the Conjugated Backbone?",2000,"Macromolecules","","","https://scholar.google.com/scholar?oi=bibs&hl=en&cites=14197135338446691750",41,"2023-03-01 18:45:02","Journal article","","","https://scholar.google.com/citations?view_op=view_citation&hl=en&user=jAKnshoAAAAJ&pagesize=100&citation_for_view=jAKnshoAAAAJ:nZcligLrVowC",33,3,652,654,235,10.22,47,5,23,"","",""
221,"J Xu, TJK Brenner, L Chabanne, D Neher, M Antonietti, M Shalom","Liquid-Based Growth of Polymeric Carbon Nitride Layers and Their Use in a Mesostructured Polymer Solar Cell with Voc Exceeding 1 V",2014,"Journal of the American Chemical Society","","","https://scholar.google.com/scholar?oi=bibs&hl=en&cites=12901542869054615605",42,"2023-03-01 18:45:02","Journal article","","","https://scholar.google.com/citations?view_op=view_citation&hl=en&user=jAKnshoAAAAJ&pagesize=100&citation_for_view=jAKnshoAAAAJ:mlAyqtXpCwEC",136,39,13486,13489,221,24.56,37,6,9,"","",""
217,"L Perdigón‐Toro, H Zhang, A Markina, J Yuan, SM Hosseini, CM Wolff, ...","Barrierless free charge generation in the high‐performance PM6: Y6 bulk heterojunction non‐fullerene solar cell",2020,"Advanced Materials","","","https://scholar.google.com/scholar?oi=bibs&hl=en&cites=10207875435481253765",43,"2023-03-01 18:45:02","Journal article","","","https://scholar.google.com/citations?view_op=view_citation&hl=en&user=jAKnshoAAAAJ&pagesize=100&citation_for_view=jAKnshoAAAAJ:mWEH9CqjF64C",32,9,1906763,1906763,217,72.33,31,7,3,"","",""
215,"CM Wolff, F Zu, A Paulke, LP Toro, N Koch, D Neher","Reduced Interface‐Mediated Recombination for High Open‐Circuit Voltages in CH3NH3PbI3 Solar Cells",2017,"Advanced materials","","","https://scholar.google.com/scholar?oi=bibs&hl=en&cites=16222984225515110510",44,"2023-03-01 18:45:02","Journal article","","","https://scholar.google.com/citations?view_op=view_citation&hl=en&user=jAKnshoAAAAJ&pagesize=100&citation_for_view=jAKnshoAAAAJ:kVjdVfd2voEC",29,28,1700159,1700159,215,35.83,36,6,6,"","",""
214,"P Caprioglio, M Stolterfoht, CM Wolff, T Unold, B Rech, S Albrecht, ...","On the relation between the open‐circuit voltage and quasi‐Fermi level splitting in efficient perovskite solar cells",2019,"Advanced Energy Materials","","","https://scholar.google.com/scholar?oi=bibs&hl=en&cites=4504312949778514348",45,"2023-03-01 18:45:02","Journal article","","","https://scholar.google.com/citations?view_op=view_citation&hl=en&user=jAKnshoAAAAJ&pagesize=100&citation_for_view=jAKnshoAAAAJ:VN7nJs4JPk0C",9,33,1901631,1901631,214,53.50,31,7,4,"","",""
209,"D Neher, A Wolf, C Bubeck, G Wegner","Third-harmonic generation in polyphenylacetylene: Exact determination of nonlinear optical susceptibilities in ultrathin films",1989,"Chemical physics letters 163 (2-3)","","","https://scholar.google.com/scholar?oi=bibs&hl=en&cites=1140060329146075047",46,"2023-03-01 18:45:02","Journal article","","","https://scholar.google.com/citations?view_op=view_citation&hl=en&user=jAKnshoAAAAJ&pagesize=100&citation_for_view=jAKnshoAAAAJ:kNdYIx-mwKoC",,,116,122,209,6.15,52,4,34,"","",""
207,"NA Ran, S Roland, JA Love, V Savikhin, CJ Takacs, YT Fu, H Li, ...","Impact of interfacial molecular orientation on radiative recombination and charge generation efficiency",2017,"Nature communications","","","https://scholar.google.com/scholar?oi=bibs&hl=en&cites=12003625787302718847",47,"2023-03-01 18:45:02","Journal article","","","https://scholar.google.com/citations?view_op=view_citation&hl=en&user=jAKnshoAAAAJ&pagesize=100&citation_for_view=jAKnshoAAAAJ:bz8QjSJIRt4C",8,1,79,79,207,34.50,26,8,6,"","",""
206,"XH Yang, D Neher","Polymer electrophosphorescence devices with high power conversion efficiencies",2004,"Applied Physics Letters","","","https://scholar.google.com/scholar?oi=bibs&hl=en&cites=15150243938407493589",48,"2023-03-01 18:45:02","Journal article","","","https://scholar.google.com/citations?view_op=view_citation&hl=en&user=jAKnshoAAAAJ&pagesize=100&citation_for_view=jAKnshoAAAAJ:Bg7qf7VwUHIC",84,14,2476,2478,206,10.84,103,2,19,"","",""
205,"S Albrecht, W Schindler, J Kurpiers, J Kniepert, JC Blakesley, I Dumsch, ...","On the Field Dependence of Free Charge Carrier Generation and Recombination in Blends of PCPDTBT/PC70BM: Influence of Solvent Additives",2012,"The Journal of Physical Chemistry Letters","","","https://scholar.google.com/scholar?oi=bibs&hl=en&cites=16510677034722701531",49,"2023-03-01 18:45:02","Journal article","","","https://scholar.google.com/citations?view_op=view_citation&hl=en&user=jAKnshoAAAAJ&pagesize=100&citation_for_view=jAKnshoAAAAJ:j7_hQOaDUrUC",3,5,640,645,205,18.64,29,7,11,"","",""
199,"EF Aziz, A Vollmer, S Eisebitt, W Eberhardt, P Pingel, D Neher, N Koch","Localized charge transfer in a molecularly doped conducting polymer",2007,"Advanced Materials","","","https://scholar.google.com/scholar?oi=bibs&hl=en&cites=8568753338891243507",50,"2023-03-01 18:45:02","Journal article","","","https://scholar.google.com/citations?view_op=view_citation&hl=en&user=jAKnshoAAAAJ&pagesize=100&citation_for_view=jAKnshoAAAAJ:z_wVstp3MssC",19,20,3257,3260,199,12.44,28,7,16,"","",""
194,"T Kietzke, D Neher, M Kumke, R Montenegro, K Landfester, U Scherf","A nanoparticle approach to control the phase separation in polyfluorene photovoltaic devices",2004,"Macromolecules","","","https://scholar.google.com/scholar?oi=bibs&hl=en&cites=654755314112215500",51,"2023-03-01 18:45:02","Journal article","","","https://scholar.google.com/citations?view_op=view_citation&hl=en&user=jAKnshoAAAAJ&pagesize=100&citation_for_view=jAKnshoAAAAJ:LkGwnXOMwfcC",37,13,4882,4890,194,10.21,32,6,19,"","",""
189,"M Shalom, M Guttentag, C Fettkenhauer, S Inal, D Neher, A Llobet, ...","In Situ Formation of Heterojunctions in Modified Graphitic Carbon Nitride: Synthesis and Noble Metal Free Photocatalysis",2014,"Chemistry of Materials","","","https://scholar.google.com/scholar?oi=bibs&hl=en&cites=14025434790031198642",52,"2023-03-01 18:45:02","Journal article","","","https://scholar.google.com/citations?view_op=view_citation&hl=en&user=jAKnshoAAAAJ&pagesize=100&citation_for_view=jAKnshoAAAAJ:yqoGN6RLRZoC",26,19,5812,5818,189,21.00,27,7,9,"","",""
185,"ST Turner, P Pingel, R Steyrleuthner, EJW Crossland, S Ludwigs, ...","Quantitative analysis of bulk heterojunction films using linear absorption spectroscopy and solar cell performance",2011,"Advanced Functional Materials","","","https://scholar.google.com/scholar?oi=bibs&hl=en&cites=3045084431685499025",53,"2023-03-01 18:45:02","Journal article","","","https://scholar.google.com/citations?view_op=view_citation&hl=en&user=jAKnshoAAAAJ&pagesize=100&citation_for_view=jAKnshoAAAAJ:bEWYMUwI8FkC",21,24,4640,4652,185,15.42,31,6,12,"","",""
177,"G Lieser, M Oda, T Miteva, A Meisel, HG Nothofer, U Scherf, D Neher","Ordering, graphoepitaxial orientation, and conformation of a polyfluorene derivative of the “hairy-rod” type on an oriented substrate of polyimide",2000,"Macromolecules","","","https://scholar.google.com/scholar?oi=bibs&hl=en&cites=12551420848846845331",54,"2023-03-01 18:45:02","Journal article","","","https://scholar.google.com/citations?view_op=view_citation&hl=en&user=jAKnshoAAAAJ&pagesize=100&citation_for_view=jAKnshoAAAAJ:4hFrxpcac9AC",33,12,4490,4495,177,7.70,25,7,23,"","",""
174,"M Oda, HG Nothofer, U Scherf, V Šunjić, D Richter, W Regenstein, ...","Chiroptical properties of chiral substituted polyfluorenes",2002,"Macromolecules","","","https://scholar.google.com/scholar?oi=bibs&hl=en&cites=5500565525316572617",55,"2023-03-01 18:45:02","Journal article","","","https://scholar.google.com/citations?view_op=view_citation&hl=en&user=jAKnshoAAAAJ&pagesize=100&citation_for_view=jAKnshoAAAAJ:XiSMed-E-HIC",35,18,6792,6798,174,8.29,25,7,21,"","",""
169,"T Jaworek, D Neher, G Wegner, RH Wieringa, AJ Schouten","Electromechanical properties of an ultrathin layer of directionally aligned helical polypeptides",1998,"Science","","","https://scholar.google.com/scholar?oi=bibs&hl=en&cites=17788981130857292355",56,"2023-03-01 18:45:02","Journal article","","","https://scholar.google.com/citations?view_op=view_citation&hl=en&user=jAKnshoAAAAJ&pagesize=100&citation_for_view=jAKnshoAAAAJ:DBa1UEJaJKAC",279,5347,57,60,169,6.76,34,5,25,"","",""
166,"JN Wilson, W Steffen, TG McKenzie, G Lieser, M Oda, D Neher, UHF Bunz","Chiroptical Properties of Poly(p-phenyleneethynylene) Copolymers in Thin Films:  Large g-Values",2002,"Journal of the American Chemical Society","","","https://scholar.google.com/scholar?oi=bibs&hl=en&cites=10785507998942453130",57,"2023-03-01 18:45:02","Journal article","","","https://scholar.google.com/citations?view_op=view_citation&hl=en&user=jAKnshoAAAAJ&pagesize=100&citation_for_view=jAKnshoAAAAJ:xtoqd-5pKcoC",124,24,6830,6831,166,7.90,24,7,21,"","",""
164,"A Foertig, J Kniepert, M Gluecker, T Brenner, V Dyakonov, D Neher, ...","Nongeminate and geminate recombination in PTB7: PCBM solar cells",2014,"Advanced Functional Materials","","","https://scholar.google.com/scholar?oi=bibs&hl=en&cites=12363208913234383436",58,"2023-03-01 18:45:02","Journal article","","","https://scholar.google.com/citations?view_op=view_citation&hl=en&user=jAKnshoAAAAJ&pagesize=100&citation_for_view=jAKnshoAAAAJ:LO7wyVUgiFcC",24,9,1306,1311,164,18.22,23,7,9,"","",""
164,"R Steyrleuthner, M Schubert, F Jaiser, JC Blakesley, Z Chen, A Facchetti, ...","Bulk Electron Transport and Charge Injection in a High Mobility n‐Type Semiconducting Polymer",2010,"Advanced Materials","","","https://scholar.google.com/scholar?oi=bibs&hl=en&cites=6070915014588593239",59,"2023-03-01 18:45:02","Journal article","","","https://scholar.google.com/citations?view_op=view_citation&hl=en&user=jAKnshoAAAAJ&pagesize=100&citation_for_view=jAKnshoAAAAJ:fQNAKQ3IYiAC",22,25,2799,2803,164,12.62,23,7,13,"","",""
160,"P Pingel, A Zen, RD Abellón, FC Grozema, LDA Siebbeles, D Neher","Temperature‐resolved local and macroscopic charge carrier transport in thin P3HT layers",2010,"Advanced Functional Materials","","","https://scholar.google.com/scholar?oi=bibs&hl=en&cites=6667781071727245462",60,"2023-03-01 18:45:02","Journal article","","","https://scholar.google.com/citations?view_op=view_citation&hl=en&user=jAKnshoAAAAJ&pagesize=100&citation_for_view=jAKnshoAAAAJ:WA5NYHcadZ8C",20,14,2286,2295,160,12.31,27,6,13,"","",""
157,"I Lange, S Reiter, M Pätzel, A Zykov, A Nefedov, J Hildebrandt, S Hecht, ...","Tuning the Work Function of Polar Zinc Oxide Surfaces using Modified Phosphonic Acid Self‐Assembled Monolayers",2014,"Advanced Functional Materials","","","https://scholar.google.com/scholar?oi=bibs&hl=en&cites=15634634993949027267",61,"2023-03-01 18:45:02","Journal article","","","https://scholar.google.com/citations?view_op=view_citation&hl=en&user=jAKnshoAAAAJ&pagesize=100&citation_for_view=jAKnshoAAAAJ:wMgC3FpKEyYC",24,44,7014,7024,157,17.44,20,8,9,"","",""
154,"Z Chen, A Savateev, S Pronkin, V Papaefthimiou, C Wolff, MG Willinger, ...","“The easier the better” preparation of efficient photocatalysts—metastable poly (heptazine imide) salts",2017,"Advanced Materials","","","https://scholar.google.com/scholar?oi=bibs&hl=en&cites=4964290057963420279",62,"2023-03-01 18:45:02","Journal article","","","https://scholar.google.com/citations?view_op=view_citation&hl=en&user=jAKnshoAAAAJ&pagesize=100&citation_for_view=jAKnshoAAAAJ:pyW8ca7W8N0C",29,32,1700555,1700555,154,25.67,22,7,6,"","",""
154,"M Schubert, BA Collins, H Mangold, IA Howard, W Schindler, K Vandewal, ...","Correlated Donor/Acceptor Crystal Orientation Controls Photocurrent Generation in All‐Polymer Solar Cells",2014,"Advanced Functional Materials","","","https://scholar.google.com/scholar?oi=bibs&hl=en&cites=5881829495138922451",63,"2023-03-01 18:45:02","Journal article","","","https://scholar.google.com/citations?view_op=view_citation&hl=en&user=jAKnshoAAAAJ&pagesize=100&citation_for_view=jAKnshoAAAAJ:B3FOqHPlNUQC",24,26,4068,4081,154,17.11,22,7,9,"","",""
151,"T Piok, S Gamerith, C Gadermaier, H Plank, FP Wenzl, S Patil, ...","Organic light‐emitting devices fabricated from semiconducting nanospheres",2003,"Advanced Materials","","","https://scholar.google.com/scholar?oi=bibs&hl=en&cites=15899392970926826751",64,"2023-03-01 18:45:02","Journal article","","","https://scholar.google.com/citations?view_op=view_citation&hl=en&user=jAKnshoAAAAJ&pagesize=100&citation_for_view=jAKnshoAAAAJ:ubry08Y2EpUC",15,10,800,804,151,7.55,22,7,20,"","",""
148,"P Pingel, R Schwarzl, D Neher","Effect of molecular p-doping on hole density and mobility in poly (3-hexylthiophene)",2012,"Applied physics letters","","","https://scholar.google.com/scholar?oi=bibs&hl=en&cites=5501123602252253500",65,"2023-03-01 18:45:02","Journal article","","","https://scholar.google.com/citations?view_op=view_citation&hl=en&user=jAKnshoAAAAJ&pagesize=100&citation_for_view=jAKnshoAAAAJ:Tiz5es2fbqcC",100,14,87,87,148,13.45,49,3,11,"","",""
147,"S Joshi, S Grigorian, U Pietsch, P Pingel, A Zen, D Neher, U Scherf","Thickness dependence of the crystalline structure and hole mobility in thin films of low molecular weight poly (3-hexylthiophene)",2008,"Macromolecules","","","https://scholar.google.com/scholar?oi=bibs&hl=en&cites=13528089068721791665",66,"2023-03-01 18:45:02","Journal article","","","https://scholar.google.com/citations?view_op=view_citation&hl=en&user=jAKnshoAAAAJ&pagesize=100&citation_for_view=jAKnshoAAAAJ:ODE9OILHJdcC",41,18,6800,6808,147,9.80,21,7,15,"","",""
138,"J Qu, J Zhang, AC Grimsdale, K Müllen, F Jaiser, X Yang, D Neher","Dendronized perylene diimide emitters: synthesis, luminescence, and electron and energy transfer studies",2004,"Macromolecules","","","https://scholar.google.com/scholar?oi=bibs&hl=en&cites=5498004663493098221",67,"2023-03-01 18:45:02","Journal article","","","https://scholar.google.com/citations?view_op=view_citation&hl=en&user=jAKnshoAAAAJ&pagesize=100&citation_for_view=jAKnshoAAAAJ:u9iWguZQMMsC",37,22,8297,8306,138,7.26,20,7,19,"","",""
136,"WE Torruellas, D Neher, R Zanoni, GI Stegeman, F Kajzar, M Leclerc","Dispersion measurements of the third-order nonlinear susceptibility of polythiophene thin films",1990,"Chemical physics letters 175 (1-2)","","","https://scholar.google.com/scholar?oi=bibs&hl=en&cites=6245880543642002745",68,"2023-03-01 18:45:02","Journal article","","","https://scholar.google.com/citations?view_op=view_citation&hl=en&user=jAKnshoAAAAJ&pagesize=100&citation_for_view=jAKnshoAAAAJ:q3oQSFYPqjQC",,,11,16,136,4.12,23,6,33,"","",""
135,"FI Wu, XH Yang, D Neher, R Dodda, YH Tseng, CF Shu","Efficient White‐Electrophosphorescent Devices Based on a Single Polyfluorene Copolymer",2007,"Advanced Functional Materials","","","https://scholar.google.com/scholar?oi=bibs&hl=en&cites=9518458560165905158",69,"2023-03-01 18:45:02","Journal article","","","https://scholar.google.com/citations?view_op=view_citation&hl=en&user=jAKnshoAAAAJ&pagesize=100&citation_for_view=jAKnshoAAAAJ:BwyfMAYsbu0C",17,7,1085,1092,135,8.44,23,6,16,"","",""
133,"A Savateev, S Pronkin, JD Epping, MG Willinger, C Wolff, D Neher, ...","Potassium poly (heptazine imides) from aminotetrazoles: shifting band gaps of carbon nitride‐like materials for more efficient solar hydrogen and oxygen evolution",2017,"ChemCatChem","","","https://scholar.google.com/scholar?oi=bibs&hl=en&cites=5208472732009891893",70,"2023-03-01 18:45:02","Journal article","","","https://scholar.google.com/citations?view_op=view_citation&hl=en&user=jAKnshoAAAAJ&pagesize=100&citation_for_view=jAKnshoAAAAJ:NhqRSupF_l8C",9,1,167,174,133,22.17,19,7,6,"","",""
132,"A Zen, A Bilge, F Galbrecht, R Alle, K Meerholz, J Grenzer, D Neher, ...","Solution Processable Organic Field-Effect Transistors Utilizing an α, α ‘-Dihexylpentathiophene-Based Swivel Cruciform",2006,"Journal of the American Chemical Society","","","https://scholar.google.com/scholar?oi=bibs&hl=en&cites=1627920040060660780",71,"2023-03-01 18:45:02","Journal article","","","https://scholar.google.com/citations?view_op=view_citation&hl=en&user=jAKnshoAAAAJ&pagesize=100&citation_for_view=jAKnshoAAAAJ:M3ejUd6NZC8C",128,12,3914,3915,132,7.76,17,8,17,"","",""
131,"L Kegelmann, CM Wolff, C Awino, F Lang, EL Unger, L Korte, T Dittrich, ...","It Takes Two to Tango Double-Layer Selective Contacts in Perovskite Solar Cells for Improved Device Performance and Reduced Hysteresis",2017,"ACS applied materials &interfaces","","","https://scholar.google.com/scholar?oi=bibs&hl=en&cites=5248819866693916983",72,"2023-03-01 18:45:02","Journal article","","","https://scholar.google.com/citations?view_op=view_citation&hl=en&user=jAKnshoAAAAJ&pagesize=100&citation_for_view=jAKnshoAAAAJ:P5F9QuxV20EC",9,20,17245,17255,131,21.83,16,8,6,"","",""
131,"G Fraenkel","Observations and Experiments on the Blow-fly (Calliphora erythrocephala) during the first Day after Emergence.",1936,"Proc. zool. Soc. Lond. 1935.","","","https://scholar.google.com/scholar?oi=bibs&hl=en&cites=12744102849026189551,4520622133832695633",73,"2023-03-01 18:45:02","Conference paper","","","https://scholar.google.com/citations?view_op=view_citation&hl=en&user=jAKnshoAAAAJ&pagesize=100&citation_for_view=jAKnshoAAAAJ:fPk4N6BV_jEC",,,893,904,131,1.51,131,1,87,"","",""
130,"S Albrecht, K Vandewal, JR Tumbleston, FSU Fischer, JD Douglas, ...","On the efficiency of charge transfer state splitting in polymer: fullerene solar cells",2014,"Advanced Materials","","","https://scholar.google.com/scholar?oi=bibs&hl=en&cites=8569023229169167884",74,"2023-03-01 18:45:02","Journal article","","","https://scholar.google.com/citations?view_op=view_citation&hl=en&user=jAKnshoAAAAJ&pagesize=100&citation_for_view=jAKnshoAAAAJ:t7zJ5fGR-2UC",26,16,2533,2539,130,14.44,22,6,9,"","",""
130,"S Joshi, P Pingel, S Grigorian, T Panzner, U Pietsch, D Neher, M Forster, ...","Bimodal temperature behavior of structure and mobility in high molecular weight P3HT thin films",2009,"Macromolecules","","","https://scholar.google.com/scholar?oi=bibs&hl=en&cites=643454249889773617",75,"2023-03-01 18:45:02","Journal article","","","https://scholar.google.com/citations?view_op=view_citation&hl=en&user=jAKnshoAAAAJ&pagesize=100&citation_for_view=jAKnshoAAAAJ:_FxGoFyzp5QC",42,13,4651,4660,130,9.29,16,8,14,"","",""
129,"VC Nikolis, J Benduhn, F Holzmueller, F Piersimoni, M Lau, O Zeika, ...","Reducing voltage losses in cascade organic solar cells while maintaining high external quantum efficiencies",2017,"Advanced Energy Materials","","","https://scholar.google.com/scholar?oi=bibs&hl=en&cites=16566208583313937560",76,"2023-03-01 18:45:02","Journal article","","","https://scholar.google.com/citations?view_op=view_citation&hl=en&user=jAKnshoAAAAJ&pagesize=100&citation_for_view=jAKnshoAAAAJ:IaI1MmNe2tcC",7,21,1700855,1700855,129,21.50,18,7,6,"","",""
126,"P Caprioglio, CM Wolff, OJ Sandberg, A Armin, B Rech, S Albrecht, ...","On the origin of the ideality factor in perovskite solar cells",2020,"Advanced Energy Materials","","","https://scholar.google.com/scholar?oi=bibs&hl=en&cites=4887706135596818385",77,"2023-03-01 18:45:02","Journal article","","","https://scholar.google.com/citations?view_op=view_citation&hl=en&user=jAKnshoAAAAJ&pagesize=100&citation_for_view=jAKnshoAAAAJ:zGdJYJv2LkUC",10,27,2000502,2000502,126,42.00,18,7,3,"","",""
123,"J Kniepert, I Lange, NJ Van Der Kaap, LJA Koster, D Neher","A conclusive view on charge generation, recombination, and extraction in as‐prepared and annealed P3HT: PCBM blends: combined experimental and simulation work",2014,"Advanced Energy Materials","","","https://scholar.google.com/scholar?oi=bibs&hl=en&cites=2730539774438231791",78,"2023-03-01 18:45:02","Journal article","","","https://scholar.google.com/citations?view_op=view_citation&hl=en&user=jAKnshoAAAAJ&pagesize=100&citation_for_view=jAKnshoAAAAJ:hFOr9nPyWt4C",4,7,1301401,1301401,123,13.67,25,5,9,"","",""
123,"C Yin, T Kietzke, D Neher, HH Hörhold","Photovoltaic properties and exciplex emission of polyphenylenevinylene-based blend solar cells",2007,"Applied Physics Letters","","","https://scholar.google.com/scholar?oi=bibs&hl=en&cites=10075458267941023300",79,"2023-03-01 18:45:02","Journal article","","","https://scholar.google.com/citations?view_op=view_citation&hl=en&user=jAKnshoAAAAJ&pagesize=100&citation_for_view=jAKnshoAAAAJ:MLfJN-KU85MC",90,9,92117,92117,123,7.69,31,4,16,"","",""
123,"D Sainova, A Zen, HG Nothofer, U Asawapirom, U Scherf, R Hagen, ...","Photoaddressable alignment layers for fluorescent polymers in polarized electroluminescence devices",2002,"Advanced Functional Materials","","","https://scholar.google.com/scholar?oi=bibs&hl=en&cites=5831091786788172887",80,"2023-03-01 18:45:02","Journal article","","","https://scholar.google.com/citations?view_op=view_citation&hl=en&user=jAKnshoAAAAJ&pagesize=100&citation_for_view=jAKnshoAAAAJ:4fKUyHm3Qg0C",12,1,49,57,123,5.86,18,7,21,"","",""
122,"S Ullbrich, J Benduhn, X Jia, VC Nikolis, K Tvingstedt, F Piersimoni, ...","Emissive and charge-generating donor–acceptor interfaces for organic optoelectronics with low voltage losses",2019,"Nature materials","","","https://scholar.google.com/scholar?oi=bibs&hl=en&cites=1785836635854754422",81,"2023-03-01 18:45:02","Journal article","","","https://scholar.google.com/citations?view_op=view_citation&hl=en&user=jAKnshoAAAAJ&pagesize=100&citation_for_view=jAKnshoAAAAJ:sszUF3NjhM4C",18,5,459,464,122,30.50,17,7,4,"","",""
121,"K Tremel, FSU Fischer, N Kayunkid, RD Pietro, R Tkachov, A Kiriy, ...","Charge Transport Anisotropy in Highly Oriented Thin Films of the Acceptor Polymer P (NDI2OD‐T2)",2014,"Advanced Energy Materials","","","https://scholar.google.com/scholar?oi=bibs&hl=en&cites=2842612114886709252",82,"2023-03-01 18:45:02","Journal article","","","https://scholar.google.com/citations?view_op=view_citation&hl=en&user=jAKnshoAAAAJ&pagesize=100&citation_for_view=jAKnshoAAAAJ:R3hNpaxXUhUC",4,10,1301659,1301659,121,13.44,17,7,9,"","",""
120,"M Remmers, D Neher, J Grüner, RH Friend, GH Gelinck, JM Warman, ...","The Optical, Electronic, and Electroluminescent Properties of Novel Poly(p-phenylene)-Related Polymers",1996,"Macromolecules","","","https://scholar.google.com/scholar?oi=bibs&hl=en&cites=624596923653029748",83,"2023-03-01 18:45:02","Journal article","","","https://scholar.google.com/citations?view_op=view_citation&hl=en&user=jAKnshoAAAAJ&pagesize=100&citation_for_view=jAKnshoAAAAJ:ufrVoPGSRksC",29,23,7432,7445,120,4.44,17,7,27,"","",""
119,"J Kurpiers, T Ferron, S Roland, M Jakoby, T Thiede, F Jaiser, S Albrecht, ...","Probing the pathways of free charge generation in organic bulk heterojunction solar cells",2018,"Nature communications","","","https://scholar.google.com/scholar?oi=bibs&hl=en&cites=17781802971732775178",84,"2023-03-01 18:45:02","Journal article","","","https://scholar.google.com/citations?view_op=view_citation&hl=en&user=jAKnshoAAAAJ&pagesize=100&citation_for_view=jAKnshoAAAAJ:rHJHxKgnXwkC",9,1,2038,2038,119,23.80,15,8,5,"","",""
119,"V Cimrova, W Schmidt, R Rulkens, M Schulze, W Meyer, D Neher","Efficient blue light emitting devices based on rigid‐rod polyelectrolytes",1996,"Advanced Materials","","","https://scholar.google.com/scholar?oi=bibs&hl=en&cites=2193221682621525322",85,"2023-03-01 18:45:02","Journal article","","","https://scholar.google.com/citations?view_op=view_citation&hl=en&user=jAKnshoAAAAJ&pagesize=100&citation_for_view=jAKnshoAAAAJ:7PzlFSSx8tAC",8,7,585,588,119,4.41,20,6,27,"","",""
118,"T Kietzke, DAM Egbe, HH Hörhold, D Neher","Comparative study of M3EH− PPV-based bilayer photovoltaic devices",2006,"Macromolecules","","","https://scholar.google.com/scholar?oi=bibs&hl=en&cites=6685185510013547090",86,"2023-03-01 18:45:02","Journal article","","","https://scholar.google.com/citations?view_op=view_citation&hl=en&user=jAKnshoAAAAJ&pagesize=100&citation_for_view=jAKnshoAAAAJ:Y5dfb0dijaUC",39,12,4018,4022,118,6.94,30,4,17,"","",""
115,"FW Embs, G Wegner, D Neher, P Albouy, RD Miller, CG Willson, ...","Preparation of oriented multilayers of poly (silanes) by the Langmuir-Blodgett technique",1991,"Macromolecules","","","https://scholar.google.com/scholar?oi=bibs&hl=en&cites=6436097728035636876",87,"2023-03-01 18:45:02","Journal article","","","https://scholar.google.com/citations?view_op=view_citation&hl=en&user=jAKnshoAAAAJ&pagesize=100&citation_for_view=jAKnshoAAAAJ:J-pR_7NvFogC",24,18,5068,5075,115,3.59,16,7,32,"","",""
114,"M Grell, M Oda, KS Whitehead, A Asimakis, D Neher, DDC Bradley","A compact device for the efficient, electrically driven generation of highly circularly polarized light",2001,"Advanced Materials","","","https://scholar.google.com/scholar?oi=bibs&hl=en&cites=15705099805818351483",88,"2023-03-01 18:45:02","Journal article","","","https://scholar.google.com/citations?view_op=view_citation&hl=en&user=jAKnshoAAAAJ&pagesize=100&citation_for_view=jAKnshoAAAAJ:buQ7SEKw-1sC",13,8,577,580,114,5.18,19,6,22,"","",""
113,"J Kniepert, I Lange, J Heidbrink, J Kurpiers, TJK Brenner, LJA Koster, ...","Effect of solvent additive on generation, recombination, and extraction in PTB7: PCBM solar cells: A conclusive experimental and numerical simulation study",2015,"The Journal of Physical Chemistry C","","","https://scholar.google.com/scholar?oi=bibs&hl=en&cites=172779648741783903",89,"2023-03-01 18:45:02","Journal article","","","https://scholar.google.com/citations?view_op=view_citation&hl=en&user=jAKnshoAAAAJ&pagesize=100&citation_for_view=jAKnshoAAAAJ:UeHWp8X0CEIC",119,15,8310,8320,113,14.13,16,7,8,"","",""
113,"XH Yang, F Jaiser, S Klinger, D Neher","Blue polymer electrophosphorescent devices with different electron-transporting oxadiazoles",2006,"Applied physics letters","","","https://scholar.google.com/scholar?oi=bibs&hl=en&cites=15744719623515030096",90,"2023-03-01 18:45:02","Journal article","","","https://scholar.google.com/citations?view_op=view_citation&hl=en&user=jAKnshoAAAAJ&pagesize=100&citation_for_view=jAKnshoAAAAJ:48xauSegjOkC",88,2,21107,21107,113,6.65,28,4,17,"","",""
112,"T Kietzke, D Neher, M Kumke, O Ghazy, U Ziener, K Landfester","Phase separation of binary blends in polymer nanoparticles",2007,"Small","","","https://scholar.google.com/scholar?oi=bibs&hl=en&cites=14878844920368628760",91,"2023-03-01 18:45:02","Journal article","","","https://scholar.google.com/citations?view_op=view_citation&hl=en&user=jAKnshoAAAAJ&pagesize=100&citation_for_view=jAKnshoAAAAJ:gVv57TyPmFsC",3,6,1041,1048,112,7.00,19,6,16,"","",""
112,"A Bilge, A Zen, M Forster, H Li, F Galbrecht, BS Nehls, T Farrell, D Neher, ...","Swivel-cruciform oligothiophene dimers",2006,"Journal of Materials Chemistry","","","https://scholar.google.com/scholar?oi=bibs&hl=en&cites=7192171909079111990",92,"2023-03-01 18:45:02","Journal article","","","https://scholar.google.com/citations?view_op=view_citation&hl=en&user=jAKnshoAAAAJ&pagesize=100&citation_for_view=jAKnshoAAAAJ:VL0QpB8kHFEC",16,31,3177,3182,112,6.59,12,9,17,"","",""
112,"D Neher, GI Stegeman, FA Tinker, N Peyghambarian","Nonlinear optical response of C60 and C70",1992,"Optics letters","","","https://scholar.google.com/scholar?oi=bibs&hl=en&cites=6500012489692417384",93,"2023-03-01 18:45:02","Journal article","","","https://scholar.google.com/citations?view_op=view_citation&hl=en&user=jAKnshoAAAAJ&pagesize=100&citation_for_view=jAKnshoAAAAJ:bnK-pcrLprsC",17,21,1491,1493,112,3.61,28,4,31,"","",""
111,"J Xu, M Shalom, F Piersimoni, M Antonietti, D Neher, TJK Brenner","Color‐tunable photoluminescence and NIR electroluminescence in carbon nitride thin films and light‐emitting diodes",2015,"Advanced Optical Materials","","","https://scholar.google.com/scholar?oi=bibs&hl=en&cites=11317391114880154808",94,"2023-03-01 18:45:02","Journal article","","","https://scholar.google.com/citations?view_op=view_citation&hl=en&user=jAKnshoAAAAJ&pagesize=100&citation_for_view=jAKnshoAAAAJ:0N-VGjzr574C",3,7,913,917,111,13.88,19,6,8,"","",""
107,"J Xu, TJK Brenner, Z Chen, D Neher, M Antonietti, M Shalom","Upconversion-Agent Induced Improvement of g-C3N4 Photocatalyst under Visible Light",2014,"ACS applied materials &interfaces","","","https://scholar.google.com/scholar?oi=bibs&hl=en&cites=9827291938876246509",95,"2023-03-01 18:45:02","Journal article","","","https://scholar.google.com/citations?view_op=view_citation&hl=en&user=jAKnshoAAAAJ&pagesize=100&citation_for_view=jAKnshoAAAAJ:gsN89kCJA0AC",6,19,16481,16486,107,11.89,18,6,9,"","",""
106,"M Jost, S Albrecht, L Kegelmann, CM Wolff, F Lang, B Lipovsek, J Krc, ...","Efficient light management by textured nanoimprinted layers for perovskite solar cells",2017,"ACS Photonics","","","https://scholar.google.com/scholar?oi=bibs&hl=en&cites=7704434332357736285",96,"2023-03-01 18:45:02","Journal article","","","https://scholar.google.com/citations?view_op=view_citation&hl=en&user=jAKnshoAAAAJ&pagesize=100&citation_for_view=jAKnshoAAAAJ:uLbwQdceFCQC",4,5,1232,1239,106,17.67,13,8,6,"","",""
106,"S Albrecht, JR Tumbleston, S Janietz, I Dumsch, S Allard, U Scherf, H Ade, ...","Quantifying charge extraction in organic solar cells: the case of fluorinated PCPDTBT",2014,"The journal of physical chemistry letters","","","https://scholar.google.com/scholar?oi=bibs&hl=en&cites=12982817636017983531",97,"2023-03-01 18:45:02","Journal article","","","https://scholar.google.com/citations?view_op=view_citation&hl=en&user=jAKnshoAAAAJ&pagesize=100&citation_for_view=jAKnshoAAAAJ:9c2xU6iGI7YC",5,7,1131,1138,106,11.78,13,8,9,"","",""
105,"Y Zhong, M Causa’, GJ Moore, P Krauspe, B Xiao, F Günther, J Kublitski, ...","Sub-picosecond charge-transfer at near-zero driving force in polymer: non-fullerene acceptor blends and bilayers",2020,"Nature communications","","","https://scholar.google.com/scholar?oi=bibs&hl=en&cites=3667568302182497251",98,"2023-03-01 18:45:02","Journal article","","","https://scholar.google.com/citations?view_op=view_citation&hl=en&user=jAKnshoAAAAJ&pagesize=100&citation_for_view=jAKnshoAAAAJ:69ZgNCALVd0C",11,1,833,833,105,35.00,13,8,3,"","",""
105,"D Neher, J Kniepert, A Elimelech, LJA Koster","A new figure of merit for organic solar cells with transport-limited photocurrents",2016,"Scientific reports","","","https://scholar.google.com/scholar?oi=bibs&hl=en&cites=1826537964258357040",99,"2023-03-01 18:45:02","Journal article","","","https://scholar.google.com/citations?view_op=view_citation&hl=en&user=jAKnshoAAAAJ&pagesize=100&citation_for_view=jAKnshoAAAAJ:aqlVkmm33-oC",6,1,24861,24861,105,15.00,26,4,7,"","",""
105,"S Albrecht, S Schäfer, I Lange, S Yilmaz, I Dumsch, S Allard, U Scherf, ...","Light management in PCPDTBT: PC70BM solar cells: A comparison of standard and inverted device structures",2012,"Organic Electronics","","","https://scholar.google.com/scholar?oi=bibs&hl=en&cites=3238542841088062292",100,"2023-03-01 18:45:02","Journal article","","","https://scholar.google.com/citations?view_op=view_citation&hl=en&user=jAKnshoAAAAJ&pagesize=100&citation_for_view=jAKnshoAAAAJ:JV2RwH3_ST0C",13,4,615,622,105,9.55,13,8,11,"","",""
101,"S Bange, M Schubert, D Neher","Charge mobility determination by current extraction under linear increasing voltages: Case of nonequilibrium charges and field-dependent mobilities",2010,"Physical Review B","","","https://scholar.google.com/scholar?oi=bibs&hl=en&cites=12228129579960264097",101,"2023-03-01 18:45:02","Journal article","","","https://scholar.google.com/citations?view_op=view_citation&hl=en&user=jAKnshoAAAAJ&cstart=100&pagesize=100&citation_for_view=jAKnshoAAAAJ:8d8msizDQcsC",81,3,35209,35209,101,7.77,34,3,13,"","",""
101,"D Neher","Substituted Rigid Rod‐Like Polymers—Building Blocks for Photonic Devices",1995,"Advanced Materials","","","https://scholar.google.com/scholar?oi=bibs&hl=en&cites=10517743674492183716",102,"2023-03-01 18:45:02","Journal article","","","https://scholar.google.com/citations?view_op=view_citation&hl=en&user=jAKnshoAAAAJ&cstart=100&pagesize=100&citation_for_view=jAKnshoAAAAJ:SpbeaW3--B0C",7,8,691,702,101,3.61,101,1,28,"","",""
100,"M Stolterfoht, M Grischek, P Caprioglio, CM Wolff, E Gutierrez‐Partida, ...","How to quantify the efficiency potential of neat perovskite films: Perovskite semiconductors with an implied efficiency exceeding 28%",2020,"Advanced Materials","","","https://scholar.google.com/scholar?oi=bibs&hl=en&cites=8537734133184653418",103,"2023-03-01 18:45:02","Journal article","","","https://scholar.google.com/citations?view_op=view_citation&hl=en&user=jAKnshoAAAAJ&cstart=100&pagesize=100&citation_for_view=jAKnshoAAAAJ:HJSXoJQnj-YC",32,17,2000080,2000080,100,33.33,17,6,3,"","",""
100,"V Cimrova, D Neher","Microcavity effects in single‐layer light‐emitting devices based on poly(p‐phenylene vinylene)",1996,"Journal of applied physics","","","https://scholar.google.com/scholar?oi=bibs&hl=en&cites=7874804213362586937",104,"2023-03-01 18:45:02","Journal article","","","https://scholar.google.com/citations?view_op=view_citation&hl=en&user=jAKnshoAAAAJ&cstart=100&pagesize=100&citation_for_view=jAKnshoAAAAJ:7T2F9Uy0os0C",79,6,3299,3306,100,3.70,50,2,27,"","",""
99,"V Cimrova, D Neher, S Kostromine, T Bieringer","Optical anisotropy in films of photoaddressable polymers",1999,"Macromolecules","","","https://scholar.google.com/scholar?oi=bibs&hl=en&cites=7047945372797363935",105,"2023-03-01 18:45:02","Journal article","","","https://scholar.google.com/citations?view_op=view_citation&hl=en&user=jAKnshoAAAAJ&cstart=100&pagesize=100&citation_for_view=jAKnshoAAAAJ:WqliGbK-hY8C",32,25,8496,8503,99,4.13,25,4,24,"","",""
98,"M Saliba, M Stolterfoht, CM Wolff, D Neher, A Abate","Measuring aging stability of perovskite solar cells",2018,"Joule","","","https://scholar.google.com/scholar?oi=bibs&hl=en&cites=8589074113121602365",106,"2023-03-01 18:45:02","Journal article","","","https://scholar.google.com/citations?view_op=view_citation&hl=en&user=jAKnshoAAAAJ&cstart=100&pagesize=100&citation_for_view=jAKnshoAAAAJ:XD-gHx7UXLsC",2,6,1019,1024,98,19.60,20,5,5,"","",""
98,"TK Däubler, R Bittner, K Meerholz, V Cimrová, D Neher","Charge carrier photogeneration, trapping, and space-charge field formation in PVK-based photorefractive materials",2000,"Physical Review B","","","https://scholar.google.com/scholar?oi=bibs&hl=en&cites=7904826095424807529",107,"2023-03-01 18:45:02","Journal article","","","https://scholar.google.com/citations?view_op=view_citation&hl=en&user=jAKnshoAAAAJ&cstart=100&pagesize=100&citation_for_view=jAKnshoAAAAJ:tKAzc9rXhukC",61,20,13515,13515,98,4.26,20,5,23,"","",""
97,"P Pingel, M Arvind, L Kölln, R Steyrleuthner, F Kraffert, J Behrends, ...","p‐type doping of poly (3‐hexylthiophene) with the strong Lewis acid tris (pentafluorophenyl) borane",2016,"Advanced Electronic Materials","","","https://scholar.google.com/scholar?oi=bibs&hl=en&cites=10360651768267244645",108,"2023-03-01 18:45:02","Journal article","","","https://scholar.google.com/citations?view_op=view_citation&hl=en&user=jAKnshoAAAAJ&cstart=100&pagesize=100&citation_for_view=jAKnshoAAAAJ:M7yex6snE4oC",2,10,1600204,1600204,97,13.86,14,7,7,"","",""
97,"NG Pschirer, T Miteva, U Evans, RS Roberts, AR Marshall, D Neher, ...","Blue Solid-State Photoluminescence and Electroluminescence from Novel Poly(para-phenyleneethynylene) Copolymers",2001,"Chemistry of materials","","","https://scholar.google.com/scholar?oi=bibs&hl=en&cites=16825382666082390806",109,"2023-03-01 18:45:02","Journal article","","","https://scholar.google.com/citations?view_op=view_citation&hl=en&user=jAKnshoAAAAJ&cstart=100&pagesize=100&citation_for_view=jAKnshoAAAAJ:7H_MAutzIkAC",13,8,2691,2696,97,4.41,14,7,22,"","",""
97,"GH Gelinck, JM Warman, M Remmers, D Neher","Narrow-band emissions from conjugated-polymer films",1997,"Chemical physics letters 265 (3-5)","","","https://scholar.google.com/scholar?oi=bibs&hl=en&cites=8222671940935641742",110,"2023-03-01 18:45:02","Journal article","","","https://scholar.google.com/citations?view_op=view_citation&hl=en&user=jAKnshoAAAAJ&cstart=100&pagesize=100&citation_for_view=jAKnshoAAAAJ:tzM49s52ZIMC",,,320,326,97,3.73,24,4,26,"","",""
95,"J Grüner, M Remmers, D Neher","Direct determination of the emission zone in a polymer light‐emitting diode",1997,"Advanced Materials","","","https://scholar.google.com/scholar?oi=bibs&hl=en&cites=6526978172690208777",111,"2023-03-01 18:45:02","Journal article","","","https://scholar.google.com/citations?view_op=view_citation&hl=en&user=jAKnshoAAAAJ&cstart=100&pagesize=100&citation_for_view=jAKnshoAAAAJ:olpn-zPbct0C",9,12,964,968,95,3.65,32,3,26,"","",""
94,"C Bauer, R Böhmer, S Moreno-Flores, R Richert, H Sillescu, D Neher","Capacitive scanning dilatometry and frequency-dependent thermal expansion of polymer films",2000,"Physical Review E","","","https://scholar.google.com/scholar?oi=bibs&hl=en&cites=7117352716142931955",112,"2023-03-01 18:45:02","Journal article","","","https://scholar.google.com/citations?view_op=view_citation&hl=en&user=jAKnshoAAAAJ&cstart=100&pagesize=100&citation_for_view=jAKnshoAAAAJ:LjlpjdlvIbIC",61,2,1755,1755,94,4.09,16,6,23,"","",""
94,"J Spatz, S Mößmer, M Möller, M Kocher, D Neher, G Wegner","Controlled mineralization and assembly of hydrolysis‐based nanoparticles in organic solvents combining polymer micelles and microwave techniques",1998,"Advanced Materials","","","https://scholar.google.com/scholar?oi=bibs&hl=en&cites=1076278559230949954",113,"2023-03-01 18:45:02","Journal article","","","https://scholar.google.com/citations?view_op=view_citation&hl=en&user=jAKnshoAAAAJ&cstart=100&pagesize=100&citation_for_view=jAKnshoAAAAJ:3fE2CSJIrl8C",10,6,473,475,94,3.76,16,6,25,"","",""
92,"CM Proctor, S Albrecht, M Kuik, D Neher, TQ Nguyen","Overcoming Geminate Recombination and Enhancing Extraction in Solution‐Processed Small Molecule Solar Cells",2014,"Advanced Energy Materials","","","https://scholar.google.com/scholar?oi=bibs&hl=en&cites=3530206345362469266",114,"2023-03-01 18:45:02","Journal article","","","https://scholar.google.com/citations?view_op=view_citation&hl=en&user=jAKnshoAAAAJ&cstart=100&pagesize=100&citation_for_view=jAKnshoAAAAJ:RGFaLdJalmkC",4,10,1400230,1400230,92,10.22,18,5,9,"","",""
91,"CM Wolff, L Canil, C Rehermann, N Ngoc Linh, F Zu, M Ralaiarisoa, ...","Perfluorinated self-assembled monolayers enhance the stability and efficiency of inverted perovskite solar cells",2020,"ACS nano","","","https://scholar.google.com/scholar?oi=bibs&hl=en&cites=550942513482127492,3592920942794898981",115,"2023-03-01 18:45:02","Journal article","","","https://scholar.google.com/citations?view_op=view_citation&hl=en&user=jAKnshoAAAAJ&cstart=100&pagesize=100&citation_for_view=jAKnshoAAAAJ:2l5NCbZemmgC",14,2,1445,1456,91,30.33,13,7,3,"","",""
91,"VM Le Corre, M Stolterfoht, L Perdigon Toro, M Feuerstein, C Wolff, ...","Charge transport layers limiting the efficiency of perovskite solar cells: how to optimize conductivity, doping, and thickness",2019,"ACS Applied Energy Materials","","","https://scholar.google.com/scholar?oi=bibs&hl=en&cites=1884620929017966274",116,"2023-03-01 18:45:02","Journal article","","","https://scholar.google.com/citations?view_op=view_citation&hl=en&user=jAKnshoAAAAJ&cstart=100&pagesize=100&citation_for_view=jAKnshoAAAAJ:HhcuHIWmDEUC",2,9,6280,6287,91,22.75,15,6,4,"","",""
89,"M Schwarze, KS Schellhammer, K Ortstein, J Benduhn, C Gaul, ...","Impact of molecular quadrupole moments on the energy levels at organic heterojunctions",2019,"Nature communications","","","https://scholar.google.com/scholar?oi=bibs&hl=en&cites=2746096698355720557",117,"2023-03-01 18:45:02","Journal article","","","https://scholar.google.com/citations?view_op=view_citation&hl=en&user=jAKnshoAAAAJ&cstart=100&pagesize=100&citation_for_view=jAKnshoAAAAJ:kWvqk_afx_IC",10,1,2466,2466,89,22.25,15,6,4,"","",""
88,"S Zhang, M Stolterfoht, A Armin, Q Lin, F Zu, J Sobus, H Jin, N Koch, ...","Interface engineering of solution-processed hybrid organohalide perovskite solar cells",2018,"ACS applied materials &interfaces","","","https://scholar.google.com/scholar?oi=bibs&hl=en&cites=15110705235990696725",118,"2023-03-01 18:45:02","Journal article","","","https://scholar.google.com/citations?view_op=view_citation&hl=en&user=jAKnshoAAAAJ&cstart=100&pagesize=100&citation_for_view=jAKnshoAAAAJ:vDZJ-YLwNdEC",10,25,21681,21687,88,17.60,10,9,5,"","",""
86,"R Steyrleuthner, S Bange, D Neher","Reliable electron-only devices and electron transport in -type polymers",2009,"Journal of Applied Physics","","","https://scholar.google.com/scholar?oi=bibs&hl=en&cites=18324537855970341432",119,"2023-03-01 18:45:02","Journal article","","","https://scholar.google.com/citations?view_op=view_citation&hl=en&user=jAKnshoAAAAJ&cstart=100&pagesize=100&citation_for_view=jAKnshoAAAAJ:jFemdcug13IC",105,6,64509,64509,86,6.14,29,3,14,"","",""
86,"V Cimrová, U Scherf, D Neher","Microcavity devices based on a ladder‐type poly(p‐phenylene) emitting blue, green, and red light",1996,"Applied physics letters","","","https://scholar.google.com/scholar?oi=bibs&hl=en&cites=4653589289443746752",120,"2023-03-01 18:45:02","Journal article","","","https://scholar.google.com/citations?view_op=view_citation&hl=en&user=jAKnshoAAAAJ&cstart=100&pagesize=100&citation_for_view=jAKnshoAAAAJ:cFHS6HbyZ2cC",69,5,608,610,86,3.19,29,3,27,"","",""
85,"M Saphiannikova, D Neher","Thermodynamic theory of light-induced material transport in amorphous azobenzene polymer films",2005,"The Journal of Physical Chemistry B","","","https://scholar.google.com/scholar?oi=bibs&hl=en&cites=4145125899044922803",121,"2023-03-01 18:45:02","Journal article","","","https://scholar.google.com/citations?view_op=view_citation&hl=en&user=jAKnshoAAAAJ&cstart=100&pagesize=100&citation_for_view=jAKnshoAAAAJ:pqnbT2bcN3wC",109,41,19428,19436,85,4.72,43,2,18,"","",""
85,"A Zen, M Saphiannikova, D Neher, U Asawapirom, U Scherf","Comparative study of the field-effect mobility of a copolymer and a binary blend based on poly (3-alkylthiophene) s",2005,"Chemistry of materials","","","https://scholar.google.com/scholar?oi=bibs&hl=en&cites=16841817429512466503",122,"2023-03-01 18:45:02","Journal article","","","https://scholar.google.com/citations?view_op=view_citation&hl=en&user=jAKnshoAAAAJ&cstart=100&pagesize=100&citation_for_view=jAKnshoAAAAJ:wKETBy42zhYC",17,4,781,786,85,4.72,17,5,18,"","",""
84,"A Lange, M Wegener, C Boeffel, B Fischer, A Wedel, D Neher","A new approach to the solvent system for inkjet-printed P3HT: PCBM solar cells and its use in devices with printed passive and active layers",2010,"Solar energy materials and solar cells","","","https://scholar.google.com/scholar?oi=bibs&hl=en&cites=18396687277455482990",123,"2023-03-01 18:45:02","Journal article","","","https://scholar.google.com/citations?view_op=view_citation&hl=en&user=jAKnshoAAAAJ&cstart=100&pagesize=100&citation_for_view=jAKnshoAAAAJ:1Ye0OR6EYb4C",94,10,1816,1821,84,6.46,14,6,13,"","",""
82,"I Lange, J Kniepert, P Pingel, I Dumsch, S Allard, S Janietz, U Scherf, ...","Correlation between the open circuit voltage and the energetics of organic bulk heterojunction solar cells",2013,"The Journal of Physical Chemistry Letters","","","https://scholar.google.com/scholar?oi=bibs&hl=en&cites=6099736288568574468",124,"2023-03-01 18:45:02","Journal article","","","https://scholar.google.com/citations?view_op=view_citation&hl=en&user=jAKnshoAAAAJ&cstart=100&pagesize=100&citation_for_view=jAKnshoAAAAJ:eJXPG6dFmWUC",4,22,3865,3871,82,8.20,10,8,10,"","",""
82,"X Yang, DC Muller, D Neher, K Meerholz","Adv. Mater.(Weinheim, Ger.)",2006,"","","","https://scholar.google.com/scholar?oi=bibs&hl=en&cites=17928300216855821678",125,"2023-03-01 18:45:02","","","","https://scholar.google.com/citations?view_op=view_citation&hl=en&user=jAKnshoAAAAJ&cstart=100&pagesize=100&citation_for_view=jAKnshoAAAAJ:z8nqeaKD1nsC",,,,,82,4.82,21,4,17,"","",""
81,"N Mechau, M Saphiannikova, D Neher","Dielectric and mechanical properties of azobenzene polymer layers under visible and ultraviolet irradiation",2005,"Macromolecules","","","https://scholar.google.com/scholar?oi=bibs&hl=en&cites=3428388561296907667",126,"2023-03-01 18:45:02","Journal article","","","https://scholar.google.com/citations?view_op=view_citation&hl=en&user=jAKnshoAAAAJ&cstart=100&pagesize=100&citation_for_view=jAKnshoAAAAJ:YFjsv_pBGBYC",38,9,3894,3902,81,4.50,27,3,18,"","",""
79,"K Vandewal, J Benduhn, KS Schellhammer, T Vangerven, JE Rückert, ...","Absorption Tails of Donor:C60 Blends Provide Insight into Thermally Activated Charge-Transfer Processes and Polaron Relaxation",2017,"Journal of the American Chemical Society","","","https://scholar.google.com/scholar?oi=bibs&hl=en&cites=10163499912132379858",127,"2023-03-01 18:45:02","Journal article","","","https://scholar.google.com/citations?view_op=view_citation&hl=en&user=jAKnshoAAAAJ&cstart=100&pagesize=100&citation_for_view=jAKnshoAAAAJ:LI9QrySNdTsC",139,4,1699,1704,79,13.17,13,6,6,"","",""
79,"E Da Como, K Becker, JM Lupton","Single molecule spectroscopy of polyfluorenes",2008,"Polyfluorenes","","","https://scholar.google.com/scholar?oi=bibs&hl=en&cites=8398401004289241253",128,"2023-03-01 18:45:02","Book chapter","","","https://scholar.google.com/citations?view_op=view_citation&hl=en&user=jAKnshoAAAAJ&cstart=100&pagesize=100&citation_for_view=jAKnshoAAAAJ:P7Ujq4OLJYoC",,,293,318,79,5.27,26,3,15,"","",""
79,"XH Yang, F Jaiser, B Stiller, D Neher, F Galbrecht, U Scherf","Efficient polymer electrophosphorescent devices with interfacial layers",2006,"Advanced Functional Materials","","","https://scholar.google.com/scholar?oi=bibs&hl=en&cites=3477701235114839283",129,"2023-03-01 18:45:02","Journal article","","","https://scholar.google.com/citations?view_op=view_citation&hl=en&user=jAKnshoAAAAJ&cstart=100&pagesize=100&citation_for_view=jAKnshoAAAAJ:GnPB-g6toBAC",16,16,2156,2162,79,4.65,13,6,17,"","",""
77,"DAM Egbe, T Kietzke, B Carbonnier, D Mühlbacher, HH Hörhold, D Neher, ...","Synthesis, characterization, and photophysical, electrochemical, electroluminescent, and photovoltaic properties of Yne-containing CN− PPVs",2004,"Macromolecules","","","https://scholar.google.com/scholar?oi=bibs&hl=en&cites=12845172596898635948",130,"2023-03-01 18:45:02","Journal article","","","https://scholar.google.com/citations?view_op=view_citation&hl=en&user=jAKnshoAAAAJ&cstart=100&pagesize=100&citation_for_view=jAKnshoAAAAJ:2VqYfGB8ITEC",37,24,8863,8873,77,4.05,11,7,19,"","",""
76,"L Oddos-Marcel, F Madeore, A Bock, D Neher, A Ferencz, H Rengel, ...","Electronic states and relaxation dynamics of silicon phthalocyanine dimers",1996,"The Journal of Physical Chemistry","","","https://scholar.google.com/scholar?oi=bibs&hl=en&cites=3787389851700405427",131,"2023-03-01 18:45:02","Journal article","","","https://scholar.google.com/citations?view_op=view_citation&hl=en&user=jAKnshoAAAAJ&cstart=100&pagesize=100&citation_for_view=jAKnshoAAAAJ:RYcK_YlVTxYC",100,29,11850,11856,76,2.81,11,7,27,"","",""
75,"F Peña-Camargo, P Caprioglio, F Zu, E Gutierrez-Partida, CM Wolff, ...","Halide segregation versus interfacial recombination in bromide-rich wide-gap perovskite solar cells",2020,"ACS Energy Letters","","","https://scholar.google.com/scholar?oi=bibs&hl=en&cites=3344127977121484412",132,"2023-03-01 18:45:02","Journal article","","","https://scholar.google.com/citations?view_op=view_citation&hl=en&user=jAKnshoAAAAJ&cstart=100&pagesize=100&citation_for_view=jAKnshoAAAAJ:aIdbFUkbNIkC",5,8,2728,2736,75,25.00,13,6,3,"","",""
75,"F Zu, P Amsalem, DA Egger, R Wang, CM Wolff, H Fang, MA Loi, D Neher, ...","Constructing the Electronic Structure of CH3NH3PbI3 and CH3NH3PbBr3 Perovskite Thin Films from Single-Crystal Band Structure Measurements",2019,"The journal of physical chemistry letters","","","https://scholar.google.com/scholar?oi=bibs&hl=en&cites=14745123440848660665",133,"2023-03-01 18:45:02","Journal article","","","https://scholar.google.com/citations?view_op=view_citation&hl=en&user=jAKnshoAAAAJ&cstart=100&pagesize=100&citation_for_view=jAKnshoAAAAJ:1yWc8FF-_SYC",10,3,601,609,75,18.75,8,9,4,"","",""
73,"L Müller, D Nanova, T Glaser, S Beck, A Pucci, AK Kast, RR Schröder, ...","Charge-transfer–solvent interaction predefines doping efficiency in p-doped P3HT films",2016,"Chemistry of Materials","","","https://scholar.google.com/scholar?oi=bibs&hl=en&cites=12915533402150847556",134,"2023-03-01 18:45:02","Journal article","","","https://scholar.google.com/citations?view_op=view_citation&hl=en&user=jAKnshoAAAAJ&cstart=100&pagesize=100&citation_for_view=jAKnshoAAAAJ:IUKN3-7HHlwC",28,12,4432,4439,73,10.43,9,8,7,"","",""
72,"FSU Fischer, D Trefz, J Back, N Kayunkid, B Tornow, S Albrecht, ...","Highly Crystalline Films of PCPDTBT with Branched Side Chains by Solvent Vapor Crystallization: Influence on Opto‐Electronic Properties",2015,"Advanced materials","","","https://scholar.google.com/scholar?oi=bibs&hl=en&cites=3693398984863314196",135,"2023-03-01 18:45:02","Journal article","","","https://scholar.google.com/citations?view_op=view_citation&hl=en&user=jAKnshoAAAAJ&cstart=100&pagesize=100&citation_for_view=jAKnshoAAAAJ:NaGl4SEjCO4C",27,7,1223,1228,72,9.00,10,7,8,"","",""
71,"T Srikhirin, A Laschitsch, D Neher, D Johannsmann","Light-induced softening of azobenzene dye-doped polymer films probed with quartz crystal resonators",2000,"Applied Physics Letters","","","https://scholar.google.com/scholar?oi=bibs&hl=en&cites=7541017020550010049",136,"2023-03-01 18:45:02","Journal article","","","https://scholar.google.com/citations?view_op=view_citation&hl=en&user=jAKnshoAAAAJ&cstart=100&pagesize=100&citation_for_view=jAKnshoAAAAJ:hkOj_22Ku90C",77,7,963,965,71,3.09,18,4,23,"","",""
70,"PSC Schulze, AJ Bett, M Bivour, P Caprioglio, FM Gerspacher, ...","25.1% high‐efficiency monolithic perovskite silicon tandem solar cell with a high bandgap perovskite absorber",2020,"Solar RRL","","","https://scholar.google.com/scholar?oi=bibs&hl=en&cites=15455022885510184195",137,"2023-03-01 18:45:02","Journal article","","","https://scholar.google.com/citations?view_op=view_citation&hl=en&user=jAKnshoAAAAJ&cstart=100&pagesize=100&citation_for_view=jAKnshoAAAAJ:IsPWOBWtZBwC",4,7,2000152,2000152,70,23.33,12,6,3,"","",""
70,"M Stolterfoht, VM Le Corre, M Feuerstein, P Caprioglio, LJA Koster, ...","Voltage-dependent photoluminescence and how it correlates with the fill factor and open-circuit voltage in perovskite solar cells",2019,"ACS Energy Letters","","","https://scholar.google.com/scholar?oi=bibs&hl=en&cites=12434480231044526854",138,"2023-03-01 18:45:02","Journal article","","","https://scholar.google.com/citations?view_op=view_citation&hl=en&user=jAKnshoAAAAJ&cstart=100&pagesize=100&citation_for_view=jAKnshoAAAAJ:WAzi4Gm8nLoC",4,12,2887,2892,70,17.50,12,6,4,"","",""
70,"S Shoaee, M Stolterfoht, D Neher","The Role of Mobility on Charge Generation, Recombination, and Extraction in Polymer‐Based Solar Cells",2018,"Advanced Energy Materials","","","https://scholar.google.com/scholar?oi=bibs&hl=en&cites=5114144676868714189",139,"2023-03-01 18:45:02","Journal article","","","https://scholar.google.com/citations?view_op=view_citation&hl=en&user=jAKnshoAAAAJ&cstart=100&pagesize=100&citation_for_view=jAKnshoAAAAJ:EUQCXRtRnyEC",8,28,1703355,1703355,70,14.00,23,3,5,"","",""
70,"F Kraffert, R Steyrleuthner, S Albrecht, D Neher, MC Scharber, R Bittl, ...","Charge separation in PCPDTBT: PCBM blends from an EPR perspective",2014,"The Journal of Physical Chemistry C","","","https://scholar.google.com/scholar?oi=bibs&hl=en&cites=6672618276835188743",140,"2023-03-01 18:45:02","Journal article","","","https://scholar.google.com/citations?view_op=view_citation&hl=en&user=jAKnshoAAAAJ&cstart=100&pagesize=100&citation_for_view=jAKnshoAAAAJ:Mojj43d5GZwC",118,49,28482,28493,70,7.78,10,7,9,"","",""
70,"K Urayama, M Tsuji, D Neher","Layer-thinning effects on ferroelectricity and the ferroelectric-to-paraelectric phase transition of vinylidene fluoride− trifluoroethylene copolymer layers",2000,"Macromolecules","","","https://scholar.google.com/scholar?oi=bibs&hl=en&cites=12674738276086313833",141,"2023-03-01 18:45:02","Journal article","","","https://scholar.google.com/citations?view_op=view_citation&hl=en&user=jAKnshoAAAAJ&cstart=100&pagesize=100&citation_for_view=jAKnshoAAAAJ:DUooU5lO8OsC",33,22,8269,8279,70,3.04,23,3,23,"","",""
69,"N Tokmoldin, SM Hosseini, M Raoufi, OJ Sandberg, H Guan, Y Zou, ...","Extraordinarily long diffusion length in PM6: Y6 organic solar cells",2020,"Journal of materials chemistry A","","","https://scholar.google.com/scholar?oi=bibs&hl=en&cites=8678947033274435318",142,"2023-03-01 18:45:02","Journal article","","","https://scholar.google.com/citations?view_op=view_citation&hl=en&user=jAKnshoAAAAJ&cstart=100&pagesize=100&citation_for_view=jAKnshoAAAAJ:PkcyUWeTMh0C",8,16,7854,7860,69,23.00,10,7,3,"","",""
69,"R Bittner, TK Däubler, D Neher, K Meerholz","Influence of Glass‐Transition Temperature and Chromophore Content on the Steady‐State Performance of Poly(N‐vinylcarbazole)‐Based Photorefractive Polymers",1999,"Advanced Materials","","","https://scholar.google.com/scholar?oi=bibs&hl=en&cites=15443366436774803462",143,"2023-03-01 18:45:02","Journal article","","","https://scholar.google.com/citations?view_op=view_citation&hl=en&user=jAKnshoAAAAJ&cstart=100&pagesize=100&citation_for_view=jAKnshoAAAAJ:PVgj2kMGcgYC",11,2,123,127,69,2.88,17,4,24,"","",""
69,"C Bubeck, A Laschewsky, D Lupo, D Neher, P Ottenbreit, W Paulus, ...","Amphiphilic dyes for nonlinear optics: dependence of second harmonic generation on functional group substitution",1991,"Advanced Materials","","","https://scholar.google.com/scholar?oi=bibs&hl=en&cites=9827605963511672824",144,"2023-03-01 18:45:02","Journal article","","","https://scholar.google.com/citations?view_op=view_citation&hl=en&user=jAKnshoAAAAJ&cstart=100&pagesize=100&citation_for_view=jAKnshoAAAAJ:kuK5TVdYjLIC",3,1,54,58,69,2.16,10,7,32,"","",""
67,"JM Ilnytskyi, D Neher, M Saphiannikova","Opposite photo-induced deformations in azobenzene-containing polymers with different molecular architecture: Molecular dynamics study",2011,"The Journal of chemical physics","","","https://scholar.google.com/scholar?oi=bibs&hl=en&cites=2646302359966467472",145,"2023-03-01 18:45:02","Journal article","","","https://scholar.google.com/citations?view_op=view_citation&hl=en&user=jAKnshoAAAAJ&cstart=100&pagesize=100&citation_for_view=jAKnshoAAAAJ:hC7cP41nSMkC",135,4,44901,44901,67,5.58,22,3,12,"","",""
66,"KO Brinkmann, T Becker, F Zimmermann, C Kreusel, T Gahlmann, ...","Perovskite–organic tandem solar cells with indium oxide interconnect",2022,"Nature","","","https://scholar.google.com/scholar?oi=bibs&hl=en&cites=16390236565948657298",146,"2023-03-01 18:45:02","Journal article","","","https://scholar.google.com/citations?view_op=view_citation&hl=en&user=jAKnshoAAAAJ&cstart=100&pagesize=100&citation_for_view=jAKnshoAAAAJ:4aZ_i-5WJEQC",604,7905,280,286,66,66.00,11,6,1,"","",""
66,"H Li, SS Babu, ST Turner, D Neher, MJ Hollamby, T Seki, S Yagai, ...","Alkylated-C 60 based soft materials: regulation of self-assembly and optoelectronic properties by chain branching",2013,"Journal of Materials Chemistry C","","","https://scholar.google.com/scholar?oi=bibs&hl=en&cites=17294663716128503011",149,"2023-03-01 18:45:02","Journal article","","","https://scholar.google.com/citations?view_op=view_citation&hl=en&user=jAKnshoAAAAJ&cstart=100&pagesize=100&citation_for_view=jAKnshoAAAAJ:bKqednn6t2AC",1,10,1943,1951,66,6.60,8,8,10,"","",""
65,"L Schmidt-Mende, V Dyakonov, S Olthof, F Ünlü, KMT Lê, S Mathur, ...","Roadmap on organic–inorganic hybrid perovskite semiconductors and devices",2021,"Apl Materials","","","https://scholar.google.com/scholar?oi=bibs&hl=en&cites=13033273468956089729",150,"2023-03-01 18:45:02","Journal article","","","https://scholar.google.com/citations?view_op=view_citation&hl=en&user=jAKnshoAAAAJ&cstart=100&pagesize=100&citation_for_view=jAKnshoAAAAJ:c1e4I3QdEKYC",9,10,109202,109202,65,32.50,9,7,2,"","",""
64,"M Schubert, E Preis, JC Blakesley, P Pingel, U Scherf, D Neher","Mobility relaxation and electron trapping in a donor/acceptor copolymer",2013,"Physical Review B","","","https://scholar.google.com/scholar?oi=bibs&hl=en&cites=2001225534262660027",151,"2023-03-01 18:45:02","Journal article","","","https://scholar.google.com/citations?view_op=view_citation&hl=en&user=jAKnshoAAAAJ&cstart=100&pagesize=100&citation_for_view=jAKnshoAAAAJ:9ZlFYXVOiuMC",87,2,24203,24203,64,6.40,11,6,10,"","",""
64,"HG Nothofer, A Meisel, T Miteva, D Neher, M Forster, M Oda, G Lieser, ...","Liquid crystalline polyfluorenes for blue polarized electroluminescence",2000,"Macromolecular Symposia","","","https://scholar.google.com/scholar?oi=bibs&hl=en&cites=15419093891720750135",152,"2023-03-01 18:45:02","Journal article","","","https://scholar.google.com/citations?view_op=view_citation&hl=en&user=jAKnshoAAAAJ&cstart=100&pagesize=100&citation_for_view=jAKnshoAAAAJ:NyGDZy8z5eUC",154,1,139,148,64,2.78,8,8,23,"","",""
64,"HJ Winkelhahn, HH Winter, D Neher","Piezoelectricity and electrostriction of dye‐doped polymer electrets",1994,"Applied physics letters","","","https://scholar.google.com/scholar?oi=bibs&hl=en&cites=17455467309314378485",153,"2023-03-01 18:45:02","Journal article","","","https://scholar.google.com/citations?view_op=view_citation&hl=en&user=jAKnshoAAAAJ&cstart=100&pagesize=100&citation_for_view=jAKnshoAAAAJ:hsZV8lGYWTMC",64,11,1347,1349,64,2.21,21,3,29,"","",""
63,"AA Sutanto, P Caprioglio, N Drigo, YJ Hofstetter, I Garcia-Benito, ...","2D/3D perovskite engineering eliminates interfacial recombination losses in hybrid perovskite solar cells",2021,"Chem","","","https://scholar.google.com/scholar?oi=bibs&hl=en&cites=13917069591226857272",154,"2023-03-01 18:45:02","Journal article","","","https://scholar.google.com/citations?view_op=view_citation&hl=en&user=jAKnshoAAAAJ&cstart=100&pagesize=100&citation_for_view=jAKnshoAAAAJ:silx2ntsSuwC",7,7,1903,1916,63,31.50,11,6,2,"","",""
63,"XH Yang, F Jaiser, D Neher, PV Lawson, JL Brédas, E Zojer, R Güntner, ...","Suppression of the Keto‐Emission in Polyfluorene Light‐Emitting Diodes: Experiments and Models",2004,"Advanced Functional Materials","","","https://scholar.google.com/scholar?oi=bibs&hl=en&cites=3155761074603607151",155,"2023-03-01 18:45:02","Journal article","","","https://scholar.google.com/citations?view_op=view_citation&hl=en&user=jAKnshoAAAAJ&cstart=100&pagesize=100&citation_for_view=jAKnshoAAAAJ:k_IJM867U9cC",14,11,1097,1104,63,3.32,8,8,19,"","",""
62,"VC Nikolis, A Mischok, B Siegmund, J Kublitski, X Jia, J Benduhn, ...","Strong light-matter coupling for reduced photon energy losses in organic photovoltaics",2019,"Nature Communications","","","https://scholar.google.com/scholar?oi=bibs&hl=en&cites=4278209536601168054",156,"2023-03-01 18:45:02","Journal article","","","https://scholar.google.com/citations?view_op=view_citation&hl=en&user=jAKnshoAAAAJ&cstart=100&pagesize=100&citation_for_view=jAKnshoAAAAJ:F2UWTTQJPOcC",10,1,3706,3706,62,15.50,9,7,4,"","",""
62,"A Ferencz, D Neher, M Schulze, G Wegner, L Viaene, FC De Schryver","Synthesis and spectroscopic properties of phthalocyanine dimers in solution",1995,"Chemical physics letters","","","https://scholar.google.com/scholar?oi=bibs&hl=en&cites=13700026174353840978",157,"2023-03-01 18:45:02","Journal article","","","https://scholar.google.com/citations?view_op=view_citation&hl=en&user=jAKnshoAAAAJ&cstart=100&pagesize=100&citation_for_view=jAKnshoAAAAJ:fFSKOagxvKUC",245,1,23,29,62,2.21,10,6,28,"","",""
61,"L Canil, T Cramer, B Fraboni, D Ricciarelli, D Meggiolaro, A Singh, M Liu, ...","Tuning halide perovskite energy levels",2021,"Energy &Environmental Science","","","https://scholar.google.com/scholar?oi=bibs&hl=en&cites=12007094043018826164",158,"2023-03-01 18:45:02","Journal article","","","https://scholar.google.com/citations?view_op=view_citation&hl=en&user=jAKnshoAAAAJ&cstart=100&pagesize=100&citation_for_view=jAKnshoAAAAJ:2v_ZtQDX9iAC",14,3,1429,1438,61,30.50,8,8,2,"","",""
61,"OJ Sandberg, J Kurpiers, M Stolterfoht, D Neher, P Meredith, S Shoaee, ...","On the Question of the Need for a Built‐In Potential in Perovskite Solar Cells",2020,"Advanced Materials Interfaces","","","https://scholar.google.com/scholar?oi=bibs&hl=en&cites=4005761671960269970",159,"2023-03-01 18:45:02","Journal article","","","https://scholar.google.com/citations?view_op=view_citation&hl=en&user=jAKnshoAAAAJ&cstart=100&pagesize=100&citation_for_view=jAKnshoAAAAJ:wvYxNZNCP7wC",7,10,2000041,2000041,61,20.33,9,7,3,"","",""
60,"NA Ran, JA Love, MC Heiber, X Jiao, MP Hughes, A Karki, M Wang, ...","Charge generation and recombination in an organic solar cell with low energetic offsets",2018,"Advanced Energy Materials","","","https://scholar.google.com/scholar?oi=bibs&hl=en&cites=5244973417078700577",160,"2023-03-01 18:45:02","Journal article","","","https://scholar.google.com/citations?view_op=view_citation&hl=en&user=jAKnshoAAAAJ&cstart=100&pagesize=100&citation_for_view=jAKnshoAAAAJ:1sJd4Hv_s6UC",8,5,1701073,1701073,60,12.00,8,8,5,"","",""
59,"F Galbrecht, XH Yang, BS Nehls, D Neher, T Farrell, U Scherf","Semiconducting polyfluorenes with electrophosphorescent on-chain platinum–salen chromophores",2005,"Chemical communications","","","https://scholar.google.com/scholar?oi=bibs&hl=en&cites=3868493592310488086",161,"2023-03-01 18:45:02","Book chapter","","","https://scholar.google.com/citations?view_op=view_citation&hl=en&user=jAKnshoAAAAJ&cstart=100&pagesize=100&citation_for_view=jAKnshoAAAAJ:vV6vV6tmYwMC",,,2378,2380,59,3.28,10,6,18,"","",""
59,"D Neher, A Kaltbeitzel, A Wolf, C Bubeck, G Wegner","Linear and non-linear optical properties of substituted polyphenylacetylene thin films",1991,"Journal of Physics D: Applied Physics","","","https://scholar.google.com/scholar?oi=bibs&hl=en&cites=8755068473815773050",162,"2023-03-01 18:45:02","Journal article","","","https://scholar.google.com/citations?view_op=view_citation&hl=en&user=jAKnshoAAAAJ&cstart=100&pagesize=100&citation_for_view=jAKnshoAAAAJ:yB1At4FlUx8C",24,7,1193,1193,59,1.84,12,5,32,"","",""
58,"P Caprioglio, F Zu, CM Wolff, JAM Prieto, M Stolterfoht, P Becker, N Koch, ...","High open circuit voltages in pin-type perovskite solar cells through strontium addition",2019,"Sustainable Energy &Fuels","","","https://scholar.google.com/scholar?oi=bibs&hl=en&cites=5338335152726941197",163,"2023-03-01 18:45:02","Journal article","","","https://scholar.google.com/citations?view_op=view_citation&hl=en&user=jAKnshoAAAAJ&cstart=100&pagesize=100&citation_for_view=jAKnshoAAAAJ:dshw04ExmUIC",3,2,550,563,58,14.50,7,8,4,"","",""
58,"J Kurpiers, D Neher","Dispersive non-geminate recombination in an amorphous polymer: fullerene blend",2016,"Scientific reports","","","https://scholar.google.com/scholar?oi=bibs&hl=en&cites=8535455904837773723",164,"2023-03-01 18:45:02","Journal article","","","https://scholar.google.com/citations?view_op=view_citation&hl=en&user=jAKnshoAAAAJ&cstart=100&pagesize=100&citation_for_view=jAKnshoAAAAJ:fEOibwPWpKIC",6,1,1,10,58,8.29,29,2,7,"","",""
58,"ST Hoffmann, F Jaiser, A Hayer, H Bässler, T Unger, S Athanasopoulos, ...","How do disorder, reorganization, and localization influence the hole mobility in conjugated copolymers?",2013,"Journal of the American Chemical Society","","","https://scholar.google.com/scholar?oi=bibs&hl=en&cites=10696225053047558820",165,"2023-03-01 18:45:02","Journal article","","","https://scholar.google.com/citations?view_op=view_citation&hl=en&user=jAKnshoAAAAJ&cstart=100&pagesize=100&citation_for_view=jAKnshoAAAAJ:PoWvk5oyLR8C",135,5,1772,1782,58,5.80,8,7,10,"","",""
58,"XH Yang, FI Wu, D Neher, CH Chien, CF Shu","Efficient red-emitting electrophosphorescent polymers",2008,"Chemistry of Materials","","","https://scholar.google.com/scholar?oi=bibs&hl=en&cites=234147621851798144",166,"2023-03-01 18:45:02","Journal article","","","https://scholar.google.com/citations?view_op=view_citation&hl=en&user=jAKnshoAAAAJ&cstart=100&pagesize=100&citation_for_view=jAKnshoAAAAJ:IjCSPb-OGe4C",20,4,1629,1635,58,3.87,12,5,15,"","",""
58,"MU Pralle, K Urayama, GN Tew, D Neher, G Wegner, SI Stupp","Piezoelectricity in polar supramolecular materials",2000,"Angewandte Chemie","","","https://scholar.google.com/scholar?oi=bibs&hl=en&cites=5972169571239188922",167,"2023-03-01 18:45:02","Journal article","","","https://scholar.google.com/citations?view_op=view_citation&hl=en&user=jAKnshoAAAAJ&cstart=100&pagesize=100&citation_for_view=jAKnshoAAAAJ:5Ul4iDaHHb8C",112,8,1546,1549,58,2.52,10,6,23,"","",""
58,"M Kocher, TK Däubler, E Harth, U Scherf, A Gügel, D Neher","Photoconductivity of an inorganic/organic composite containing dye-sensitized nanocrystalline titanium dioxide",1998,"Applied Physics Letters","","","https://scholar.google.com/scholar?oi=bibs&hl=en&cites=6385757210246314951",168,"2023-03-01 18:45:02","Journal article","","","https://scholar.google.com/citations?view_op=view_citation&hl=en&user=jAKnshoAAAAJ&cstart=100&pagesize=100&citation_for_view=jAKnshoAAAAJ:V3AGJWp-ZtQC",72,6,650,652,58,2.32,10,6,25,"","",""
57,"F Ghani, A Opitz, P Pingel, G Heimel, I Salzmann, J Frisch, D Neher, ...","Charge transfer in and conductivity of molecularly doped thiophene‐based copolymers",2015,"Journal of Polymer Science Part B: Polymer Physics","","","https://scholar.google.com/scholar?oi=bibs&hl=en&cites=18178106001975466639",169,"2023-03-01 18:45:02","Journal article","","","https://scholar.google.com/citations?view_op=view_citation&hl=en&user=jAKnshoAAAAJ&cstart=100&pagesize=100&citation_for_view=jAKnshoAAAAJ:AXkvAH5U_nMC",53,1,58,63,57,7.13,7,8,8,"","",""
56,"S Roland, S Neubert, S Albrecht, B Stannowski, M Seger, A Facchetti, ...","Hybrid Organic/Inorganic Thin‐Film Multijunction Solar Cells Exceeding 11% Power Conversion Efficiency",2015,"Advanced Materials","","","https://scholar.google.com/scholar?oi=bibs&hl=en&cites=2086982413747923297",170,"2023-03-01 18:45:02","Journal article","","","https://scholar.google.com/citations?view_op=view_citation&hl=en&user=jAKnshoAAAAJ&cstart=100&pagesize=100&citation_for_view=jAKnshoAAAAJ:QIV2ME_5wuYC",27,7,1262,1267,56,7.00,8,7,8,"","",""
56,"M Shalom, S Inal, D Neher, M Antonietti","SiO2/carbon nitride composite materials: The role of surfaces for enhanced photocatalysis",2014,"Catalysis Today","","","https://scholar.google.com/scholar?oi=bibs&hl=en&cites=16780469224833985663",171,"2023-03-01 18:45:02","Journal article","","","https://scholar.google.com/citations?view_op=view_citation&hl=en&user=jAKnshoAAAAJ&cstart=100&pagesize=100&citation_for_view=jAKnshoAAAAJ:kw52XkFRtyQC",225,,185,190,56,6.22,14,4,9,"","",""
56,"A Tsami, XH Yang, T Farrell, D Neher, E Holder","Alternating fluorene‐di(thiophene)quinoxaline copolymers via microwave‐supported suzuki cross‐coupling reactions",2008,"Journal of Polymer Science Part A: Polymer Chemistry","","","https://scholar.google.com/scholar?oi=bibs&hl=en&cites=12910586799852208828",172,"2023-03-01 18:45:02","Journal article","","","https://scholar.google.com/citations?view_op=view_citation&hl=en&user=jAKnshoAAAAJ&cstart=100&pagesize=100&citation_for_view=jAKnshoAAAAJ:OTTXONDVkokC",46,23,7794,7808,56,3.73,11,5,15,"","",""
55,"A Paulke, SD Stranks, J Kniepert, J Kurpiers, CM Wolff, N Schön, ...","Charge carrier recombination dynamics in perovskite and polymer solar cells",2016,"Applied Physics Letters","","","https://scholar.google.com/scholar?oi=bibs&hl=en&cites=8546822550149612711",173,"2023-03-01 18:45:02","Journal article","","","https://scholar.google.com/citations?view_op=view_citation&hl=en&user=jAKnshoAAAAJ&cstart=100&pagesize=100&citation_for_view=jAKnshoAAAAJ:uJ-U7cs_P_0C",108,11,113505,113505,55,7.86,8,7,7,"","",""
55,"T Miteva, A Meisel, M Grell, HG Nothofer, D Lupo, A Yasuda, W Knoll, ...","Polarized electroluminescence from highly aligned liquid crystalline polymers",2000,"Synthetic Metals","","","https://scholar.google.com/scholar?oi=bibs&hl=en&cites=16825148181712362128",174,"2023-03-01 18:45:02","Journal article","","","https://scholar.google.com/citations?view_op=view_citation&hl=en&user=jAKnshoAAAAJ&cstart=100&pagesize=100&citation_for_view=jAKnshoAAAAJ:WC23djZS0W4C",111,,173,176,55,2.39,7,8,23,"","",""
55,"TK Däubler, D Neher, H Rost, HH Hörhold","Efficient bulk photogeneration of charge carriers and photoconductivity gain in arylamino-PPV polymer sandwich cells",1999,"Physical Review B","","","https://scholar.google.com/scholar?oi=bibs&hl=en&cites=7239155925901826160",175,"2023-03-01 18:45:02","Journal article","","","https://scholar.google.com/citations?view_op=view_citation&hl=en&user=jAKnshoAAAAJ&cstart=100&pagesize=100&citation_for_view=jAKnshoAAAAJ:N5tVd3kTz84C",59,3,1964,1964,55,2.29,14,4,24,"","",""
53,"E Collado-Fregoso, SN Pugliese, M Wojcik, J Benduhn, E Bar-Or, ...","Energy-gap law for photocurrent generation in fullerene-based organic solar cells: the case of low-donor-content blends",2019,"Journal of the American Chemical Society","","","https://scholar.google.com/scholar?oi=bibs&hl=en&cites=12399508623753374532",176,"2023-03-01 18:45:02","Journal article","","","https://scholar.google.com/citations?view_op=view_citation&hl=en&user=jAKnshoAAAAJ&cstart=100&pagesize=100&citation_for_view=jAKnshoAAAAJ:anf4URPfarAC",141,6,2329,2341,53,13.25,9,6,4,"","",""
53,"M Schubert, C Yin, M Castellani, S Bange, TL Tam, A Sellinger, ...","Heterojunction topology versus fill factor correlations in novel hybrid small-molecular/polymeric solar cells",2009,"The Journal of chemical physics","","","https://scholar.google.com/scholar?oi=bibs&hl=en&cites=18099197571315162613",177,"2023-03-01 18:45:02","Journal article","","","https://scholar.google.com/citations?view_op=view_citation&hl=en&user=jAKnshoAAAAJ&cstart=100&pagesize=100&citation_for_view=jAKnshoAAAAJ:q-HalDI95KYC",130,9,94703,94703,53,3.79,8,7,14,"","",""
53,"V Cimrová, D Neher","Anomalous electrical characteristics, memory phenomena and microcavity effects in polymeric light-emitting diodes",1996,"Synthetic metals 76 (1-3)","","","https://scholar.google.com/scholar?oi=bibs&hl=en&cites=9070144829728096087",178,"2023-03-01 18:45:02","Book chapter","","","https://scholar.google.com/citations?view_op=view_citation&hl=en&user=jAKnshoAAAAJ&cstart=100&pagesize=100&citation_for_view=jAKnshoAAAAJ:ipzZ9siozwsC",,,125,128,53,1.96,27,2,27,"","",""
52,"G Sini, M Schubert, C Risko, S Roland, OP Lee, Z Chen, TV Richter, ...","On the molecular origin of charge separation at the donor–acceptor interface",2018,"Advanced Energy Materials","","","https://scholar.google.com/scholar?oi=bibs&hl=en&cites=15490556481584512278",179,"2023-03-01 18:45:02","Journal article","","","https://scholar.google.com/citations?view_op=view_citation&hl=en&user=jAKnshoAAAAJ&cstart=100&pagesize=100&citation_for_view=jAKnshoAAAAJ:uDGL6kOW6j0C",8,12,1702232,1702232,52,10.40,7,8,5,"","",""
52,"W Liu, R Tkachov, H Komber, V Senkovskyy, M Schubert, Z Wei, ...","Chain-growth polycondensation of perylene diimide-based copolymers: a new route to regio-regular perylene diimide-based acceptors for all-polymer solar cells and n-type transistors",2014,"Polymer Chemistry","","","https://scholar.google.com/scholar?oi=bibs&hl=en&cites=4533586502061454637",180,"2023-03-01 18:45:02","Journal article","","","https://scholar.google.com/citations?view_op=view_citation&hl=en&user=jAKnshoAAAAJ&cstart=100&pagesize=100&citation_for_view=jAKnshoAAAAJ:4OULZ7Gr8RgC",5,10,3404,3411,52,5.78,7,7,9,"","",""
52,"B Luszczynska, E Dobruchowska, I Glowacki, J Ulanski, F Jaiser, X Yang, ...","Poly(-vinylcarbazole) doped with a pyrazoloquinoline dye: A deep blue light-emitting composite for light-emitting diode applications",2006,"Journal of applied physics","","","https://scholar.google.com/scholar?oi=bibs&hl=en&cites=9083566624945700101",181,"2023-03-01 18:45:02","Journal article","","","https://scholar.google.com/citations?view_op=view_citation&hl=en&user=jAKnshoAAAAJ&cstart=100&pagesize=100&citation_for_view=jAKnshoAAAAJ:EkHepimYqZsC",99,2,24505,24505,52,3.06,7,7,17,"","",""
52,"DAM Egbe, C Ulbricht, T Orgis, B Carbonnier, T Kietzke, M Peip, ...","Odd− even effects and the influence of length and specific positioning of alkoxy side chains on the optical properties of PPE− PPV polymers",2005,"Chemistry of materials","","","https://scholar.google.com/scholar?oi=bibs&hl=en&cites=8316049782532173818",182,"2023-03-01 18:45:02","Journal article","","","https://scholar.google.com/citations?view_op=view_citation&hl=en&user=jAKnshoAAAAJ&cstart=100&pagesize=100&citation_for_view=jAKnshoAAAAJ:35r97b3x0nAC",17,24,6022,6032,52,2.89,7,7,18,"","",""
52,"N Mechau, D Neher, V Börger, H Menzel, K Urayama","Optically driven diffusion and mechanical softening in azobenzene polymer layers",2002,"Applied physics letters","","","https://scholar.google.com/scholar?oi=bibs&hl=en&cites=145245739047979465",183,"2023-03-01 18:45:02","Journal article","","","https://scholar.google.com/citations?view_op=view_citation&hl=en&user=jAKnshoAAAAJ&cstart=100&pagesize=100&citation_for_view=jAKnshoAAAAJ:9yKSN-GCB0IC",81,25,4715,4717,52,2.48,10,5,21,"","",""
51,"S Inal, M Schubert, A Sellinger, D Neher","The relationship between the electric field-induced dissociation of charge transfer excitons and the photocurrent in small molecular/polymeric solar cells",2010,"The Journal of Physical Chemistry Letters","","","https://scholar.google.com/scholar?oi=bibs&hl=en&cites=12712891772671402686",184,"2023-03-01 18:45:02","Journal article","","","https://scholar.google.com/citations?view_op=view_citation&hl=en&user=jAKnshoAAAAJ&cstart=100&pagesize=100&citation_for_view=jAKnshoAAAAJ:6ZxmRoH8BuwC",1,6,982,986,51,3.92,13,4,13,"","",""
51,"K Urayama, S Yamamoto, Y Tsujii, T Fukuda, D Neher","Elastic properties of well-defined, high-density poly (methyl methacrylate) brushes studied by electromechanical interferometry",2002,"Macromolecules","","","https://scholar.google.com/scholar?oi=bibs&hl=en&cites=1264871702637544428",185,"2023-03-01 18:45:02","Journal article","","","https://scholar.google.com/citations?view_op=view_citation&hl=en&user=jAKnshoAAAAJ&cstart=100&pagesize=100&citation_for_view=jAKnshoAAAAJ:ULOm3_A8WrAC",35,25,9459,9465,51,2.43,10,5,21,"","",""
50,"S Braunger, LE Mundt, CM Wolff, M Mews, C Rehermann, M Jošt, ...","CsxFA1–xPb(I1–yBry)3 Perovskite Compositions: the Appearance of Wrinkled Morphology and its Impact on Solar Cell Performance",2018,"The Journal of Physical Chemistry C","","","https://scholar.google.com/scholar?oi=bibs&hl=en&cites=8541906169466391252",186,"2023-03-01 18:45:02","Journal article","","","https://scholar.google.com/citations?view_op=view_citation&hl=en&user=jAKnshoAAAAJ&cstart=100&pagesize=100&citation_for_view=jAKnshoAAAAJ:j8SEvjWlNXcC",122,30,17123,17135,50,10.00,7,7,5,"","",""
50,"S Roland, M Schubert, BA Collins, J Kurpiers, Z Chen, A Facchetti, H Ade, ...","Fullerene-free polymer solar cells with highly reduced bimolecular recombination and field-independent charge carrier generation",2014,"The journal of physical chemistry letters","","","https://scholar.google.com/scholar?oi=bibs&hl=en&cites=12131739111081746078",187,"2023-03-01 18:45:02","Journal article","","","https://scholar.google.com/citations?view_op=view_citation&hl=en&user=jAKnshoAAAAJ&cstart=100&pagesize=100&citation_for_view=jAKnshoAAAAJ:FAceZFleit8C",5,16,2815,2822,50,5.56,6,8,9,"","",""
50,"J Ilnytskyi, M Saphiannikova, D Neher","Photo-induced deformations in azobenzene-containing side-chain polymers: molecular dynamics study",2006,"Condensed Matter Physics","","","https://scholar.google.com/scholar?oi=bibs&hl=en&cites=10424202695118542743",188,"2023-03-01 18:45:02","","","","https://scholar.google.com/citations?view_op=view_citation&hl=en&user=jAKnshoAAAAJ&cstart=100&pagesize=100&citation_for_view=jAKnshoAAAAJ:-FonjvnnhkoC",,,,,50,2.94,17,3,17,"","",""
49,"Q Wang, E Mosconi, C Wolff, J Li, D Neher, F De Angelis, GP Suranna, ...","Rationalizing the Molecular Design of Hole‐Selective Contacts to Improve Charge Extraction in Perovskite Solar Cells",2019,"Advanced Energy Materials","","","https://scholar.google.com/scholar?oi=bibs&hl=en&cites=16953627677574618378",189,"2023-03-01 18:45:02","Journal article","","","https://scholar.google.com/citations?view_op=view_citation&hl=en&user=jAKnshoAAAAJ&cstart=100&pagesize=100&citation_for_view=jAKnshoAAAAJ:KNjnJ3z-R6IC",9,28,1900990,1900990,49,12.25,6,8,4,"","",""
49,"S Zhang, SM Hosseini, R Gunder, A Petsiuk, P Caprioglio, CM Wolff, ...","The role of bulk and interface recombination in high‐efficiency low‐dimensional perovskite solar cells",2019,"Advanced Materials","","","https://scholar.google.com/scholar?oi=bibs&hl=en&cites=8590785233362504231",190,"2023-03-01 18:45:02","Journal article","","","https://scholar.google.com/citations?view_op=view_citation&hl=en&user=jAKnshoAAAAJ&cstart=100&pagesize=100&citation_for_view=jAKnshoAAAAJ:1DsIQWDZLl8C",31,30,1901090,1901090,49,12.25,7,7,4,"","",""
49,"F Zu, CM Wolff, M Ralaiarisoa, P Amsalem, D Neher, N Koch","Unraveling the electronic properties of lead halide perovskites with surface photovoltage in photoemission studies",2019,"ACS applied materials &interfaces","","","https://scholar.google.com/scholar?oi=bibs&hl=en&cites=3137670581150941910",191,"2023-03-01 18:45:02","Journal article","","","https://scholar.google.com/citations?view_op=view_citation&hl=en&user=jAKnshoAAAAJ&cstart=100&pagesize=100&citation_for_view=jAKnshoAAAAJ:RoXSNcbkSzsC",11,24,21578,21583,49,12.25,8,6,4,"","",""
47,"F Piersimoni, R Schlesinger, J Benduhn, D Spoltore, S Reiter, I Lange, ...","Charge transfer absorption and emission at ZnO/organic interfaces",2015,"The Journal of Physical Chemistry Letters","","","https://scholar.google.com/scholar?oi=bibs&hl=en&cites=15264828263389277699",192,"2023-03-01 18:45:02","Journal article","","","https://scholar.google.com/citations?view_op=view_citation&hl=en&user=jAKnshoAAAAJ&cstart=100&pagesize=100&citation_for_view=jAKnshoAAAAJ:sJsF-0ZLhtgC",6,3,500,504,47,5.88,7,7,8,"","",""
47,"XH Yang, D Neher, S Lucht, H Nothofer, R Güntner, U Scherf, R Hagen, ...","Efficient polarized light-emitting diodes utilizing ultrathin photoaddressable alignment layers",2002,"Applied physics letters","","","https://scholar.google.com/scholar?oi=bibs&hl=en&cites=1217178380977485297",193,"2023-03-01 18:45:02","Journal article","","","https://scholar.google.com/citations?view_op=view_citation&hl=en&user=jAKnshoAAAAJ&cstart=100&pagesize=100&citation_for_view=jAKnshoAAAAJ:KlAtU1dfN6UC",81,13,2319,2321,47,2.24,6,8,21,"","",""
47,"D Neher, A Wolf, M Leclerc, A Kaltbeitzel, C Bubeck, G Wegner","Optical third-harmonic generation in substituted poly (phenylacetylenes) and poly (3-decylthiophenes)",1990,"Synthetic metals 37 (1-3)","","","https://scholar.google.com/scholar?oi=bibs&hl=en&cites=9500616582181427007",194,"2023-03-01 18:45:02","Book chapter","","","https://scholar.google.com/citations?view_op=view_citation&hl=en&user=jAKnshoAAAAJ&cstart=100&pagesize=100&citation_for_view=jAKnshoAAAAJ:4MWp96NkSFoC",,,249,253,47,1.42,8,6,33,"","",""
46,"O Alqahtani, M Babics, J Gorenflot, V Savikhin, T Ferron, AH Balawi, ...","Mixed Domains Enhance Charge Generation and Extraction in Bulk‐Heterojunction Solar Cells with Small‐Molecule Donors",2018,"Advanced Energy Materials","","","https://scholar.google.com/scholar?oi=bibs&hl=en&cites=7028326590559377360",195,"2023-03-01 18:45:02","Journal article","","","https://scholar.google.com/citations?view_op=view_citation&hl=en&user=jAKnshoAAAAJ&cstart=100&pagesize=100&citation_for_view=jAKnshoAAAAJ:5awf1xo2G04C",8,19,1702941,1702941,46,9.20,7,7,5,"","",""
46,"TK Däubler, I Glowacki, U Scherf, J Ulanski, HH Hörhold, D Neher","Photogeneration and transport of charge carriers in hybrid materials of conjugated polymers and dye-sensitized ",1999,"Journal of Applied Physics","","","https://scholar.google.com/scholar?oi=bibs&hl=en&cites=11374404216105511492",196,"2023-03-01 18:45:02","Journal article","","","https://scholar.google.com/citations?view_op=view_citation&hl=en&user=jAKnshoAAAAJ&cstart=100&pagesize=100&citation_for_view=jAKnshoAAAAJ:hCrLmN-GePgC",86,12,6915,6923,46,1.92,8,6,24,"","",""
45,"C Yin, B Pieper, B Stiller, T Kietzke, D Neher","Charge carrier generation and electron blocking at interlayers in polymer solar cells",2007,"Applied physics letters","","","https://scholar.google.com/scholar?oi=bibs&hl=en&cites=15841818761908979529",197,"2023-03-01 18:45:02","Journal article","","","https://scholar.google.com/citations?view_op=view_citation&hl=en&user=jAKnshoAAAAJ&cstart=100&pagesize=100&citation_for_view=jAKnshoAAAAJ:ALROH1vI_8AC",90,13,133502,133502,45,2.81,9,5,16,"","",""
45,"D Sainova, D Neher, E Dobruchowska, B Luszczynska, I Glowacki, ...","Thermoluminescence and electroluminescence of annealed polyfluorene layers",2003,"Chemical physics letters 371 (1-2)","","","https://scholar.google.com/scholar?oi=bibs&hl=en&cites=5908509083039722169",198,"2023-03-01 18:45:02","Journal article","","","https://scholar.google.com/citations?view_op=view_citation&hl=en&user=jAKnshoAAAAJ&cstart=100&pagesize=100&citation_for_view=jAKnshoAAAAJ:sSrBHYA8nusC",,,15,22,45,2.25,8,6,20,"","",""
45,"M Levitus, G Glasser, D Neher, PF Aramendía","Direct measurement of the dipole moment of a metastable merocyanine by electromechanical interferometry",1997,"Chemical physics letters 277 (1-3)","","","https://scholar.google.com/scholar?oi=bibs&hl=en&cites=8068840974478346704",199,"2023-03-01 18:45:02","Journal article","","","https://scholar.google.com/citations?view_op=view_citation&hl=en&user=jAKnshoAAAAJ&cstart=100&pagesize=100&citation_for_view=jAKnshoAAAAJ:ZfRJV9d4-WMC",,,118,124,45,1.73,11,4,26,"","",""
44,"J Benduhn, F Piersimoni, G Londi, A Kirch, J Widmer, C Koerner, ...","Impact of Triplet Excited States on the Open‐Circuit Voltage of Organic Solar Cells",2018,"Advanced Energy Materials","","","https://scholar.google.com/scholar?oi=bibs&hl=en&cites=9173923707725812073",200,"2023-03-01 18:45:02","Journal article","","","https://scholar.google.com/citations?view_op=view_citation&hl=en&user=jAKnshoAAAAJ&cstart=100&pagesize=100&citation_for_view=jAKnshoAAAAJ:epqYDVWIO7EC",8,21,1800451,1800451,44,8.80,6,7,5,"","",""
44,"R Di Pietro, T Erdmann, JH Carpenter, N Wang, RR Shivhare, ...","Synthesis of high-crystallinity DPP polymers with balanced electron and hole mobility",2017,"Chemistry of Materials","","","https://scholar.google.com/scholar?oi=bibs&hl=en&cites=3992983542265381166",201,"2023-03-01 18:45:02","Journal article","","","https://scholar.google.com/citations?view_op=view_citation&hl=en&user=jAKnshoAAAAJ&cstart=200&pagesize=100&citation_for_view=jAKnshoAAAAJ:2P1L_qKh6hAC",29,23,10220,10232,44,7.33,7,6,6,"","",""
44,"V Cimrová, D Neher, M Remmers, I Kmínek","Blue Light‐Emitting Devices Based on Novel Polymer Blends",1998,"Advanced Materials","","","https://scholar.google.com/scholar?oi=bibs&hl=en&cites=8710706365237912190",202,"2023-03-01 18:45:02","Journal article","","","https://scholar.google.com/citations?view_op=view_citation&hl=en&user=jAKnshoAAAAJ&cstart=200&pagesize=100&citation_for_view=jAKnshoAAAAJ:nrtMV_XWKgEC",10,9,676,680,44,1.76,11,4,25,"","",""
43,"E Köhnen, P Wagner, F Lang, A Cruz, B Li, M Roß, M Jošt, ...","27.9% efficient monolithic perovskite/silicon tandem solar cells on industry compatible bottom cells",2021,"Solar RRL","","","https://scholar.google.com/scholar?oi=bibs&hl=en&cites=5057959027887612140",203,"2023-03-01 18:45:02","Journal article","","","https://scholar.google.com/citations?view_op=view_citation&hl=en&user=jAKnshoAAAAJ&cstart=200&pagesize=100&citation_for_view=jAKnshoAAAAJ:RJOyoaXV5v8C",5,7,2100244,2100244,43,21.50,5,8,2,"","",""
43,"M Stolterfoht, A Armin, B Philippa, D Neher","The role of space charge effects on the competition between recombination and extraction in solar cells with low-mobility photoactive layers",2016,"The journal of physical chemistry letters","","","https://scholar.google.com/scholar?oi=bibs&hl=en&cites=156146205820493394",204,"2023-03-01 18:45:02","Journal article","","","https://scholar.google.com/citations?view_op=view_citation&hl=en&user=jAKnshoAAAAJ&cstart=200&pagesize=100&citation_for_view=jAKnshoAAAAJ:2osOgNQ5qMEC",7,22,4716,4721,43,6.14,11,4,7,"","",""
43,"T Hahn, S Tscheuschner, C Saller, P Strohriegl, P Boregowda, ...","Role of Intrinsic Photogeneration in Single Layer and Bilayer Solar Cells with C60 and PCBM",2016,"The Journal of Physical Chemistry C","","","https://scholar.google.com/scholar?oi=bibs&hl=en&cites=18252736816258948840",205,"2023-03-01 18:45:02","Journal article","","","https://scholar.google.com/citations?view_op=view_citation&hl=en&user=jAKnshoAAAAJ&cstart=200&pagesize=100&citation_for_view=jAKnshoAAAAJ:6_hjMsCP8ZoC",120,43,25083,25091,43,6.14,7,6,7,"","",""
43,"J Frisch, M Schubert, E Preis, JP Rabe, D Neher, U Scherf, N Koch","Full electronic structure across a polymer heterojunction solar cell",2012,"Journal of Materials Chemistry","","","https://scholar.google.com/scholar?oi=bibs&hl=en&cites=5601220486526240783",206,"2023-03-01 18:45:02","Journal article","","","https://scholar.google.com/citations?view_op=view_citation&hl=en&user=jAKnshoAAAAJ&cstart=200&pagesize=100&citation_for_view=jAKnshoAAAAJ:tOudhMTPpwUC",22,10,4418,4424,43,3.91,6,7,11,"","",""
43,"XH Yang, D Neher, U Scherf, SA Bagnich, H Bässler","Polymer electrophosphorescent devices utilizing a ladder-type poly (para-phenylene) host",2003,"Journal of applied physics","","","https://scholar.google.com/scholar?oi=bibs&hl=en&cites=2794889134719748223",207,"2023-03-01 18:45:02","Journal article","","","https://scholar.google.com/citations?view_op=view_citation&hl=en&user=jAKnshoAAAAJ&cstart=200&pagesize=100&citation_for_view=jAKnshoAAAAJ:HDshCWvjkbEC",93,8,4413,4419,43,2.15,9,5,20,"","",""
43,"N Pfeffer, D Neher, M Remmers, C Poga, M Hopmeier, R Mahrt","Electric field-induced fluorescence quenching and transient fluorescence studies in poly (p-terphenylene vinylene) related polymers",1998,"Chemical physics 227 (1-2)","","","https://scholar.google.com/scholar?oi=bibs&hl=en&cites=9212475026478062451",208,"2023-03-01 18:45:02","Book chapter","","","https://scholar.google.com/citations?view_op=view_citation&hl=en&user=jAKnshoAAAAJ&cstart=200&pagesize=100&citation_for_view=jAKnshoAAAAJ:AvfA0Oy_GE0C",,,167,178,43,1.72,7,6,25,"","",""
43,"SE Burns, N Pfeffer, J Grüner, M Remmers, T Javoreck, D Neher, ...","Measurements of optical electric field intensities in microcavities using thin emissive polymer films",1997,"Advanced Materials","","","https://scholar.google.com/scholar?oi=bibs&hl=en&cites=14754308308692881404",209,"2023-03-01 18:45:02","Journal article","","","https://scholar.google.com/citations?view_op=view_citation&hl=en&user=jAKnshoAAAAJ&cstart=200&pagesize=100&citation_for_view=jAKnshoAAAAJ:lvd772isFD0C",9,5,395,398,43,1.65,6,7,26,"","",""
43,"D Guo, S Mazumdar, GI Stegeman, M Cha, D Neher, S Aramaki, ...","Nonlinear optics of linear conjugated polymers",1992,"MRS Online Proceedings Library (OPL)","","","https://scholar.google.com/scholar?oi=bibs&hl=en&cites=13190407304424286139",210,"2023-03-01 18:45:02","Conference paper","","","https://scholar.google.com/citations?view_op=view_citation&hl=en&user=jAKnshoAAAAJ&cstart=200&pagesize=100&citation_for_view=jAKnshoAAAAJ:4vMrXwiscB8C",247,,151,151,43,1.39,6,7,31,"","",""
42,"M Arvind, CE Tait, M Guerrini, J Krumland, AM Valencia, C Cocchi, ...","Quantitative analysis of doping-induced polarons and charge-transfer complexes of poly (3-hexylthiophene) in solution",2020,"The Journal of Physical Chemistry B","","","https://scholar.google.com/scholar?oi=bibs&hl=en&cites=6484871565898684225",211,"2023-03-01 18:45:02","Journal article","","","https://scholar.google.com/citations?view_op=view_citation&hl=en&user=jAKnshoAAAAJ&cstart=200&pagesize=100&citation_for_view=jAKnshoAAAAJ:LXmCCkuhhTsC",124,35,7694,7708,42,14.00,6,7,3,"","",""
42,"DW Gehrig, S Roland, IA Howard, V Kamm, H Mangold, D Neher, ...","Efficiency-limiting processes in low-bandgap polymer: perylene diimide photovoltaic blends",2014,"The Journal of Physical Chemistry C","","","https://scholar.google.com/scholar?oi=bibs&hl=en&cites=9211299471133574757",212,"2023-03-01 18:45:02","Journal article","","","https://scholar.google.com/citations?view_op=view_citation&hl=en&user=jAKnshoAAAAJ&cstart=200&pagesize=100&citation_for_view=jAKnshoAAAAJ:URolC5Kub84C",118,35,20077,20085,42,4.67,6,7,9,"","",""
42,"C Yin, M Schubert, S Bange, B Stiller, M Castellani, D Neher, M Kumke, ...","Tuning of the excited-state properties and photovoltaic performance in PPV-based polymer blends",2008,"The journal of physical chemistry C","","","https://scholar.google.com/scholar?oi=bibs&hl=en&cites=14921507515509177080",213,"2023-03-01 18:45:02","Journal article","","","https://scholar.google.com/citations?view_op=view_citation&hl=en&user=jAKnshoAAAAJ&cstart=200&pagesize=100&citation_for_view=jAKnshoAAAAJ:5icHVeHT4IsC",112,37,14607,14617,42,2.80,5,8,15,"","",""
42,"V Cimrová, D Neher, R Hildebrandt, M Hegelich, A von der Lieth, ...","Comparison of the birefringence in an azobenzene-side-chain copolymer induced by pulsed and continuous-wave irradiation",2002,"Applied physics letters","","","https://scholar.google.com/scholar?oi=bibs&hl=en&cites=15190636793681477800",214,"2023-03-01 18:45:02","Journal article","","","https://scholar.google.com/citations?view_op=view_citation&hl=en&user=jAKnshoAAAAJ&cstart=200&pagesize=100&citation_for_view=jAKnshoAAAAJ:F1b5ZUV5XREC",81,7,1228,1230,42,2.00,7,6,21,"","",""
41,"S Shoaee, A Armin, M Stolterfoht, SM Hosseini, J Kurpiers, D Neher","Decoding charge recombination through charge generation in organic solar cells",2019,"Solar RRL","","","https://scholar.google.com/scholar?oi=bibs&hl=en&cites=12514555205514382738",215,"2023-03-01 18:45:02","Journal article","","","https://scholar.google.com/citations?view_op=view_citation&hl=en&user=jAKnshoAAAAJ&cstart=200&pagesize=100&citation_for_view=jAKnshoAAAAJ:-nhnvRiOwuoC",3,11,1900184,1900184,41,10.25,7,6,4,"","",""
41,"FC Grozema, TJ Savenije, MJW Vermeulen, LDA Siebbeles, JM Warman, ...","Electrodeless Measurement of the In‐Plane Anisotropy in the Photoconductivity of an Aligned Polyfluorene Film",2001,"Advanced Materials","","","https://scholar.google.com/scholar?oi=bibs&hl=en&cites=15155640928104112888",216,"2023-03-01 18:45:02","Journal article","","","https://scholar.google.com/citations?view_op=view_citation&hl=en&user=jAKnshoAAAAJ&cstart=200&pagesize=100&citation_for_view=jAKnshoAAAAJ:Ak0FvsSvgGUC",13,21,1627,1630,41,1.86,7,6,22,"","",""
41,"D Neher, J Grüner, V Cimrová, W Schmidt, R Rulkens, U Lauter","Light‐emitting devices based on solid electrolytes and polyelectrolytes",1998,"Polymers for Advanced Technologies","","","https://scholar.google.com/scholar?oi=bibs&hl=en&cites=960210586614571983",217,"2023-03-01 18:45:02","Journal article","","","https://scholar.google.com/citations?view_op=view_citation&hl=en&user=jAKnshoAAAAJ&cstart=200&pagesize=100&citation_for_view=jAKnshoAAAAJ:8k81kl-MbHgC",9,7,461,475,41,1.64,7,6,25,"","",""
41,"JA Stephens, RH Friend, M Remmers, D Neher","Electronic properties of soluble poly (paraphenylene) derivatives",1997,"Synthetic metals 84 (1-3)","","","https://scholar.google.com/scholar?oi=bibs&hl=en&cites=15143353959472191033",218,"2023-03-01 18:45:02","Book chapter","","","https://scholar.google.com/citations?view_op=view_citation&hl=en&user=jAKnshoAAAAJ&cstart=200&pagesize=100&citation_for_view=jAKnshoAAAAJ:BJbdYPG6LGMC",,,645,646,41,1.58,10,4,26,"","",""
40,"E Gutierrez-Partida, H Hempel, S Caicedo-Davila, M Raoufi, ...","Large-grain double cation perovskites with 18 μs lifetime and high luminescence yield for efficient inverted perovskite solar cells",2021,"ACS Energy Letters","","","https://scholar.google.com/scholar?oi=bibs&hl=en&cites=11658379984493752323",219,"2023-03-01 18:45:02","Journal article","","","https://scholar.google.com/citations?view_op=view_citation&hl=en&user=jAKnshoAAAAJ&cstart=200&pagesize=100&citation_for_view=jAKnshoAAAAJ:eGYfIraVYiQC",6,3,1045,1054,40,20.00,8,5,2,"","",""
40,"P Caprioglio, DS Cruz, S Caicedo-Dávila, F Zu, AA Sutanto, ...","Bi-functional interfaces by poly (ionic liquid) treatment in efficient pin and nip perovskite solar cells",2021,"Energy &environmental science","","","https://scholar.google.com/scholar?oi=bibs&hl=en&cites=126662874692637420",220,"2023-03-01 18:45:02","Journal article","","","https://scholar.google.com/citations?view_op=view_citation&hl=en&user=jAKnshoAAAAJ&cstart=200&pagesize=100&citation_for_view=jAKnshoAAAAJ:C33y2ycGS3YC",14,8,4508,4522,40,20.00,7,6,2,"","",""
39,"SM Hosseini, N Tokmoldin, YW Lee, Y Zou, HY Woo, D Neher, S Shoaee","Putting order into PM6: Y6 solar cells to reduce the Langevin recombination in 400 nm thick junction",2020,"Solar RRL","","","https://scholar.google.com/scholar?oi=bibs&hl=en&cites=14061423812011916865",221,"2023-03-01 18:45:02","Journal article","","","https://scholar.google.com/citations?view_op=view_citation&hl=en&user=jAKnshoAAAAJ&cstart=200&pagesize=100&citation_for_view=jAKnshoAAAAJ:sA9dB-pw3HoC",4,11,2000498,2000498,39,13.00,6,7,3,"","",""
39,"R Di Pietro, D Venkateshvaran, A Klug, EJW List-Kratochvil, A Facchetti, ...","Simultaneous extraction of charge density dependent mobility and variable contact resistance from thin film transistors",2014,"Applied Physics Letters","","","https://scholar.google.com/scholar?oi=bibs&hl=en&cites=2270121429993745201",222,"2023-03-01 18:45:02","Journal article","","","https://scholar.google.com/citations?view_op=view_citation&hl=en&user=jAKnshoAAAAJ&cstart=200&pagesize=100&citation_for_view=jAKnshoAAAAJ:L8Ckcad2t8MC",104,19,193501,193501,39,4.33,7,6,9,"","",""
39,"S Inal, JD Kölsch, L Chiappisi, D Janietz, M Gradzielski, A Laschewsky, ...","Structure-related differences in the temperature-regulated fluorescence response of LCST type polymers",2013,"Journal of Materials Chemistry C","","","https://scholar.google.com/scholar?oi=bibs&hl=en&cites=7764884682391799888",223,"2023-03-01 18:45:02","Journal article","","","https://scholar.google.com/citations?view_op=view_citation&hl=en&user=jAKnshoAAAAJ&cstart=200&pagesize=100&citation_for_view=jAKnshoAAAAJ:kzcrU_BdoSEC",1,40,6603,6612,39,3.90,6,7,10,"","",""
39,"P Pingel, A Zen, D Neher, I Lieberwirth, G Wegner, S Allard, U Scherf","Unexpectedly high field-effect mobility of a soluble, low molecular weight oligoquaterthiophene fraction with low polydispersity",2009,"Applied Physics A","","","https://scholar.google.com/scholar?oi=bibs&hl=en&cites=6096810066088821887",224,"2023-03-01 18:45:02","Journal article","","","https://scholar.google.com/citations?view_op=view_citation&hl=en&user=jAKnshoAAAAJ&cstart=200&pagesize=100&citation_for_view=jAKnshoAAAAJ:VOx2b1Wkg3QC",95,,67,72,39,2.79,6,7,14,"","",""
39,"A Yasuda, W Knoll, A Meisel, T Miteva, D Meher, HG Nothofer, U Scherf","End-capped polyfluorenes, films and devices based thereon",2004,"US Patent 6,777,531","","","https://scholar.google.com/scholar?oi=bibs&hl=en&cites=7673814459093266004",225,"2023-03-01 18:45:02","Patent","","","https://scholar.google.com/citations?view_op=view_citation&hl=en&user=jAKnshoAAAAJ&cstart=200&pagesize=100&citation_for_view=jAKnshoAAAAJ:OBSaB-F7qqsC",,,,,39,2.05,6,7,19,"","",""
39,"R Fiesel, D Neher, U Scherf","On the solid state aggregation of chiral substituted poly (para-phenylene) s (PPPs)",1999,"Synthetic metals 102 (1-3)","","","https://scholar.google.com/scholar?oi=bibs&hl=en&cites=12489557928006124271",226,"2023-03-01 18:45:02","Book chapter","","","https://scholar.google.com/citations?view_op=view_citation&hl=en&user=jAKnshoAAAAJ&cstart=200&pagesize=100&citation_for_view=jAKnshoAAAAJ:HtEfBTGE9r8C",,,1457,1458,39,1.63,13,3,24,"","",""
39,"TM Lee, S Mittler-Neher, D Neher, GI Stegeman, C Roux, M Leclerc, ...","Side-chain dilution effects on the optical properties of poly [3-alkylthiophene] s",1992,"Optical Materials","","","https://scholar.google.com/scholar?oi=bibs&hl=en&cites=11036897041029499338",227,"2023-03-01 18:45:02","Journal article","","","https://scholar.google.com/citations?view_op=view_citation&hl=en&user=jAKnshoAAAAJ&cstart=200&pagesize=100&citation_for_view=jAKnshoAAAAJ:foquWX3nUaYC",1,2,65,70,39,1.26,6,7,31,"","",""
38,"L Perdigon-Toro, LQ Phuong, S Zeiske, K Vandewal, A Armin, S Shoaee, ...","Excitons dominate the emission from PM6: Y6 solar cells, but this does not help the open-circuit voltage of the device",2021,"ACS Energy Letters","","","https://scholar.google.com/scholar?oi=bibs&hl=en&cites=11151992900158705921",228,"2023-03-01 18:45:02","Journal article","","","https://scholar.google.com/citations?view_op=view_citation&hl=en&user=jAKnshoAAAAJ&cstart=200&pagesize=100&citation_for_view=jAKnshoAAAAJ:zdjWy_NXXwUC",6,2,557,564,38,19.00,5,7,2,"","",""
38,"XH Yang, D Neher, C Spitz, E Zojer, JL Brédas, R Güntner, U Scherf","On the polarization of the green emission of polyfluorenes",2003,"The Journal of chemical physics","","","https://scholar.google.com/scholar?oi=bibs&hl=en&cites=12535907661871293650",229,"2023-03-01 18:45:02","Journal article","","","https://scholar.google.com/citations?view_op=view_citation&hl=en&user=jAKnshoAAAAJ&cstart=200&pagesize=100&citation_for_view=jAKnshoAAAAJ:a9-T7VOCCH8C",119,13,6832,6839,38,1.90,5,7,20,"","",""
37,"S Inal, JD Kölsch, F Sellrie, JA Schenk, E Wischerhoff, A Laschewsky, ...","A water soluble fluorescent polymer as a dual colour sensor for temperature and a specific protein",2013,"Journal of Materials Chemistry B","","","https://scholar.google.com/scholar?oi=bibs&hl=en&cites=4806190576381292748",230,"2023-03-01 18:45:02","Journal article","","","https://scholar.google.com/citations?view_op=view_citation&hl=en&user=jAKnshoAAAAJ&cstart=200&pagesize=100&citation_for_view=jAKnshoAAAAJ:a0OBvERweLwC",1,46,6373,6381,37,3.70,5,7,10,"","",""
37,"JC Blakesley, M Schubert, R Steyrleuthner, Z Chen, A Facchetti, D Neher","Time-of-flight measurements and vertical transport in a high electron-mobility polymer",2011,"Applied physics letters","","","https://scholar.google.com/scholar?oi=bibs&hl=en&cites=13636497805183825384",231,"2023-03-01 18:45:02","Journal article","","","https://scholar.google.com/citations?view_op=view_citation&hl=en&user=jAKnshoAAAAJ&cstart=200&pagesize=100&citation_for_view=jAKnshoAAAAJ:3htObqc8RwsC",99,18,245,245,37,3.08,6,6,12,"","",""
37,"A Zen, P Pingel, F Jaiser, D Neher, J Grenzer, W Zhuang, JP Rabe, ...","Organic field-effect transistors utilizing solution-deposited oligothiophene-based swivel cruciforms",2007,"Chemistry of materials","","","https://scholar.google.com/scholar?oi=bibs&hl=en&cites=13363653858138389889",232,"2023-03-01 18:45:02","Journal article","","","https://scholar.google.com/citations?view_op=view_citation&hl=en&user=jAKnshoAAAAJ&cstart=200&pagesize=100&citation_for_view=jAKnshoAAAAJ:DJbcl8HfkQkC",19,6,1267,1276,37,2.31,5,8,16,"","",""
35,"L Kegelmann, P Tockhorn, CM Wolff, JA Márquez, S Caicedo-Dávila, ...","Mixtures of dopant-free spiro-OMeTAD and water-free PEDOT as a passivating hole contact in perovskite solar cells",2019,"ACS applied materials &interfaces","","","https://scholar.google.com/scholar?oi=bibs&hl=en&cites=1878052612332129459",233,"2023-03-01 18:45:02","Journal article","","","https://scholar.google.com/citations?view_op=view_citation&hl=en&user=jAKnshoAAAAJ&cstart=200&pagesize=100&citation_for_view=jAKnshoAAAAJ:-7ulzOJl1JYC",11,9,9172,9181,35,8.75,6,6,4,"","",""
35,"S Bange, A Kuksov, D Neher, A Vollmer, N Koch, A Ludemann, S Heun","The role of poly (3, 4-ethylenedioxythiophene): poly (styrenesulphonate) as a hole injection layer in a blue-emitting polymer light-emitting diode",2008,"Journal of Applied Physics","","","https://scholar.google.com/scholar?oi=bibs&hl=en&cites=6796348982988493496",234,"2023-03-01 18:45:02","Journal article","","","https://scholar.google.com/citations?view_op=view_citation&hl=en&user=jAKnshoAAAAJ&cstart=200&pagesize=100&citation_for_view=jAKnshoAAAAJ:dTyEYWd-f8wC",104,10,104506,104506,35,2.33,5,7,15,"","",""
35,"SA Bagnich, C Im, H Bässler, D Neher, U Scherf","Energy transfer in a ladder-type methyl-poly (para-phenylene) doped by Pt (II) octaethylporphyrin",2004,"Chemical physics","","","https://scholar.google.com/scholar?oi=bibs&hl=en&cites=16438851078424680898",235,"2023-03-01 18:45:02","Journal article","","","https://scholar.google.com/citations?view_op=view_citation&hl=en&user=jAKnshoAAAAJ&cstart=200&pagesize=100&citation_for_view=jAKnshoAAAAJ:7BrZ7Jt4UNcC",299,1,11,16,35,1.84,7,5,19,"","",""
35,"P Gattinger, H Rengel, D Neher, M Gurka, M Buck, AM Van de Craats, ...","Mechanism of charge transport in anisotropic layers of a phthalocyanine polymer",1999,"The Journal of Physical Chemistry B","","","https://scholar.google.com/scholar?oi=bibs&hl=en&cites=14546298179133222776",236,"2023-03-01 18:45:02","Journal article","","","https://scholar.google.com/citations?view_op=view_citation&hl=en&user=jAKnshoAAAAJ&cstart=200&pagesize=100&citation_for_view=jAKnshoAAAAJ:Aul-kAQHnToC",103,16,3179,3186,35,1.46,5,7,24,"","",""
34,"A Zen, D Neher, C Bauer, U Asawapirom, U Scherf, R Hagen, ...","Polarization-sensitive photoconductivity in aligned polyfluorene layers",2002,"Applied physics letters","","","https://scholar.google.com/scholar?oi=bibs&hl=en&cites=1680510831973476802",237,"2023-03-01 18:45:02","Journal article","","","https://scholar.google.com/citations?view_op=view_citation&hl=en&user=jAKnshoAAAAJ&cstart=200&pagesize=100&citation_for_view=jAKnshoAAAAJ:qxL8FJ1GzNcC",80,25,4699,4701,34,1.62,5,7,21,"","",""
33,"J Warby, F Zu, S Zeiske, E Gutierrez‐Partida, L Frohloff, S Kahmann, ...","Understanding Performance Limiting Interfacial Recombination in pin Perovskite Solar Cells",2022,"Advanced Energy Materials","","","https://scholar.google.com/scholar?oi=bibs&hl=en&cites=17738780145467064110",238,"2023-03-01 18:45:02","Journal article","","","https://scholar.google.com/citations?view_op=view_citation&hl=en&user=jAKnshoAAAAJ&cstart=200&pagesize=100&citation_for_view=jAKnshoAAAAJ:-uzm3Y7AvW0C",12,12,2103567,2103567,33,33.00,5,7,1,"","",""
33,"A Zen, D Neher, K Silmy, A Holländer, U Asawapirom, U Scherf","Improving the performance of organic field effect transistor by optimizing the gate insulator surface",2005,"Japanese journal of applied physics 44 (6R)","","","https://scholar.google.com/scholar?oi=bibs&hl=en&cites=14077822451081099688",239,"2023-03-01 18:45:02","Journal article","","","https://scholar.google.com/citations?view_op=view_citation&hl=en&user=jAKnshoAAAAJ&cstart=200&pagesize=100&citation_for_view=jAKnshoAAAAJ:a3BOlSfXSfwC",3721,,,,33,1.83,6,6,18,"","",""
33,"L Kulikovsky, D Neher, E Mecher, K Meerholz, HH Hörhold, ...","Photocurrent dynamics in a poly (phenylene vinylene)-based photorefractive composite",2004,"Physical Review B","","","https://scholar.google.com/scholar?oi=bibs&hl=en&cites=11116626005210989407",240,"2023-03-01 18:45:02","Journal article","","","https://scholar.google.com/citations?view_op=view_citation&hl=en&user=jAKnshoAAAAJ&cstart=200&pagesize=100&citation_for_view=jAKnshoAAAAJ:ruyezt5ZtCIC",69,12,125216,125216,33,1.74,6,6,19,"","",""
33,"CS Kang, HJ Winkelhahn, M Schulze, D Neher, G Wegner","Synthesis and properties of aromatic main-chain polyesters having disperse red 1 nonlinear optical chromophores in the side chain",1994,"Chemistry of materials","","","https://scholar.google.com/scholar?oi=bibs&hl=en&cites=102388697813171170",241,"2023-03-01 18:45:02","Journal article","","","https://scholar.google.com/citations?view_op=view_citation&hl=en&user=jAKnshoAAAAJ&cstart=200&pagesize=100&citation_for_view=jAKnshoAAAAJ:u5HHmVD_uO8C",6,11,2159,2166,33,1.14,7,5,29,"","",""
32,"L Canil, J Salunke, Q Wang, M Liu, H Köbler, M Flatken, L Gregori, ...","Halogen‐Bonded Hole‐Transport Material Suppresses Charge Recombination and Enhances Stability of Perovskite Solar Cells",2021,"Advanced Energy Materials","","","https://scholar.google.com/scholar?oi=bibs&hl=en&cites=14708549314610367628",242,"2023-03-01 18:45:02","Journal article","","","https://scholar.google.com/citations?view_op=view_citation&hl=en&user=jAKnshoAAAAJ&cstart=200&pagesize=100&citation_for_view=jAKnshoAAAAJ:z6xuaG2dYH0C",11,35,2101553,2101553,32,16.00,4,8,2,"","",""
32,"S Albrecht, B Grootoonk, S Neubert, S Roland, J Wördenweber, M Meier, ...","Efficient hybrid inorganic/organic tandem solar cells with tailored recombination contacts",2014,"Solar energy materials and solar cells","","","https://scholar.google.com/scholar?oi=bibs&hl=en&cites=13080094758810256904",243,"2023-03-01 18:45:02","Journal article","","","https://scholar.google.com/citations?view_op=view_citation&hl=en&user=jAKnshoAAAAJ&cstart=200&pagesize=100&citation_for_view=jAKnshoAAAAJ:dBIO0h50nwkC",127,,157,162,32,3.56,5,7,9,"","",""
32,"N Mechau, M Saphiannikova, D Neher","Molecular tracer diffusion in thin azobenzene polymer layers",2006,"Applied physics letters","","","https://scholar.google.com/scholar?oi=bibs&hl=en&cites=17115421851479033444",244,"2023-03-01 18:45:02","Journal article","","","https://scholar.google.com/citations?view_op=view_citation&hl=en&user=jAKnshoAAAAJ&cstart=200&pagesize=100&citation_for_view=jAKnshoAAAAJ:jU7OWUQzBzMC",89,25,251902,251902,32,1.88,11,3,17,"","",""
32,"TK Däubler, V Cimrova, S Pfeiffer, HH Hörhold, D Neher","Electric Field and Wavelength Dependence of Charge Carrier Photogeneration in Soluble Poly(p‐phenylenevinylene) Derivatives",1999,"Advanced Materials","","","https://scholar.google.com/scholar?oi=bibs&hl=en&cites=4097942924061545398",245,"2023-03-01 18:45:02","Journal article","","","https://scholar.google.com/citations?view_op=view_citation&hl=en&user=jAKnshoAAAAJ&cstart=200&pagesize=100&citation_for_view=jAKnshoAAAAJ:M05iB0D1s5AC",11,15,1274,1277,32,1.33,6,5,24,"","",""
31,"J Diekmann, P Caprioglio, MH Futscher, VM Le Corre, S Reichert, ...","Pathways toward 30% efficient single‐junction perovskite solar cells and the role of mobile ions",2021,"Solar RRL","","","https://scholar.google.com/scholar?oi=bibs&hl=en&cites=4260553797481027422",246,"2023-03-01 18:45:02","Journal article","","","https://scholar.google.com/citations?view_op=view_citation&hl=en&user=jAKnshoAAAAJ&cstart=200&pagesize=100&citation_for_view=jAKnshoAAAAJ:AYInfyleIOsC",5,8,2100219,2100219,31,15.50,5,6,2,"","",""
31,"I Lange, S Reiter, J Kniepert, F Piersimoni, M Pätzel, J Hildebrandt, ...","Zinc oxide modified with benzylphosphonic acids as transparent electrodes in regular and inverted organic solar cell structures",2015,"Applied Physics Letters 106 (11), 32_","","","https://scholar.google.com/scholar?oi=bibs&hl=en&cites=12754344363858373589",247,"2023-03-01 18:45:02","Journal article","","","https://scholar.google.com/citations?view_op=view_citation&hl=en&user=jAKnshoAAAAJ&cstart=200&pagesize=100&citation_for_view=jAKnshoAAAAJ:_5tno0g5mFcC",1,,,,31,3.88,4,7,8,"","",""
31,"R Šilerová (Bac, L Kalvoda, D Neher, A Ferencz, J Wu, G Wegner","Electrical Conductivity of Highly Organized Langmuir− Blodgett Films of Phthalocyaninato-Polysiloxane",1998,"Chemistry of materials","","","https://scholar.google.com/scholar?oi=bibs&hl=en&cites=3342587739472073137",248,"2023-03-01 18:45:02","Journal article","","","https://scholar.google.com/citations?view_op=view_citation&hl=en&user=jAKnshoAAAAJ&cstart=200&pagesize=100&citation_for_view=jAKnshoAAAAJ:NMxIlDl6LWMC",10,8,2284,2292,31,1.24,5,6,25,"","",""
31,"MA Keegstra, V Cimrová, D Neher, U Scherf","Synthesis and electroluminescent properties of quaterphenyl and sexiphenyl containing copolymers",1996,"Macromolecular Chemistry and Physics","","","https://scholar.google.com/scholar?oi=bibs&hl=en&cites=11654265148206783057",249,"2023-03-01 18:45:02","Journal article","","","https://scholar.google.com/citations?view_op=view_citation&hl=en&user=jAKnshoAAAAJ&cstart=200&pagesize=100&citation_for_view=jAKnshoAAAAJ:PVjk1bu6vJQC",197,8,2511,2519,31,1.15,8,4,27,"","",""
30,"M Stolterfoht, P Caprioglio, CM Wolff, JA Márquez, J Nordmann, S Zhang, ...","The perovskite/transport layer interfaces dominate non-radiative recombination in efficient perovskite solar cells",2018,"arXiv preprint arXiv:1810.","","","https://scholar.google.com/scholar?oi=bibs&hl=en&cites=13254163533822523429",250,"2023-03-01 18:45:02","Preprint","","","https://scholar.google.com/citations?view_op=view_citation&hl=en&user=jAKnshoAAAAJ&cstart=200&pagesize=100&citation_for_view=jAKnshoAAAAJ:mNrWkgRL2YcC",1333,,,,30,6.00,4,7,5,"","",""
30,"J Gorenflot, A Paulke, F Piersimoni, J Wolf, Z Kan, F Cruciani, AE Labban, ...","From Recombination Dynamics to Device Performance: Quantifying the Efficiency of Exciton Dissociation, Charge Separation, and Extraction in Bulk Heterojunction Solar Cells with …",2018,"Advanced Energy Materials","","","https://scholar.google.com/scholar?oi=bibs&hl=en&cites=607462429281357783",251,"2023-03-01 18:45:02","Journal article","","","https://scholar.google.com/citations?view_op=view_citation&hl=en&user=jAKnshoAAAAJ&cstart=200&pagesize=100&citation_for_view=jAKnshoAAAAJ:YsMSGLbcyi4C",8,4,1701678,1701678,30,6.00,4,8,5,"","",""
30,"JM Ilnytskyi, M Saphiannikova, D Neher, MP Allen","Modelling elasticity and memory effects in liquid crystalline elastomers by molecular dynamics simulations",2012,"Soft Matter","","","https://scholar.google.com/scholar?oi=bibs&hl=en&cites=14383649621432572713",252,"2023-03-01 18:45:02","Journal article","","","https://scholar.google.com/citations?view_op=view_citation&hl=en&user=jAKnshoAAAAJ&cstart=200&pagesize=100&citation_for_view=jAKnshoAAAAJ:ZzlSgRqYykMC",8,43,11123,11134,30,2.73,8,4,11,"","",""
30,"DAM Egbe, B Carbonnier, EL Paul, D Mühlbacher, T Kietzke, E Birckner, ...","Diyne-containing PPVs: solid-state properties and comparison of their photophysical and electrochemical properties with those of their yne-containing counterparts",2005,"Macromolecules","","","https://scholar.google.com/scholar?oi=bibs&hl=en&cites=6460638294529329905",253,"2023-03-01 18:45:02","Journal article","","","https://scholar.google.com/citations?view_op=view_citation&hl=en&user=jAKnshoAAAAJ&cstart=200&pagesize=100&citation_for_view=jAKnshoAAAAJ:5ugPr518TE4C",38,15,6269,6275,30,1.67,4,7,18,"","",""
29,"AE Mansour, D Lungwitz, T Schultz, M Arvind, AM Valencia, C Cocchi, ...","The optical signatures of molecular-doping induced polarons in poly (3-hexylthiophene-2, 5-diyl): individual polymer chains versus aggregates",2020,"Journal of Materials Chemistry C","","","https://scholar.google.com/scholar?oi=bibs&hl=en&cites=10766185945453802924",254,"2023-03-01 18:45:02","Journal article","","","https://scholar.google.com/citations?view_op=view_citation&hl=en&user=jAKnshoAAAAJ&cstart=200&pagesize=100&citation_for_view=jAKnshoAAAAJ:QUX0mv85b1cC",8,8,2870,2879,29,9.67,4,7,3,"","",""
29,"L Lysyakova, N Lomadze, D Neher, K Maximova, AV Kabashin, S Santer","Light-tunable plasmonic nanoarchitectures using gold nanoparticle–azobenzene-containing cationic surfactant complexes",2015,"The Journal of Physical Chemistry C","","","https://scholar.google.com/scholar?oi=bibs&hl=en&cites=2704631250502293685",255,"2023-03-01 18:45:02","Journal article","","","https://scholar.google.com/citations?view_op=view_citation&hl=en&user=jAKnshoAAAAJ&cstart=200&pagesize=100&citation_for_view=jAKnshoAAAAJ:-f6ydRqryjwC",119,7,3762,3770,29,3.63,5,6,8,"","",""
28,"MA Kelly, S Roland, Q Zhang, Y Lee, B Kabius, Q Wang, ED Gomez, ...","Incorporating fluorine substitution into conjugated polymers for solar cells: three different means, same results",2017,"The Journal of Physical Chemistry C","","","https://scholar.google.com/scholar?oi=bibs&hl=en&cites=14702775614225226442",256,"2023-03-01 18:45:02","Journal article","","","https://scholar.google.com/citations?view_op=view_citation&hl=en&user=jAKnshoAAAAJ&cstart=200&pagesize=100&citation_for_view=jAKnshoAAAAJ:5MTHONV0fEkC",121,4,2059,2068,28,4.67,4,8,6,"","",""
28,"F Laquai, D Andrienko, C Deibel, D Neher","Charge carrier generation, recombination, and extraction in polymer–fullerene bulk heterojunction organic solar cells",2017,"Elementary Processes in Organic Photovoltaics","","","https://scholar.google.com/scholar?oi=bibs&hl=en&cites=13384862513096962190",257,"2023-03-01 18:45:02","Book chapter","","","https://scholar.google.com/citations?view_op=view_citation&hl=en&user=jAKnshoAAAAJ&cstart=200&pagesize=100&citation_for_view=jAKnshoAAAAJ:HtS1dXgVpQUC",,,267,291,28,4.67,7,4,6,"","",""
28,"JM Warman, GH Gelinck, JJ Piet, JWA Suykerbuyk, MP de Haas, ...","Time-resolved microwave measurements of the polarizability of photoexcitons on conjugated polymer chains",1997,"Optical Probes of Conjugated Polymers","","","https://scholar.google.com/scholar?oi=bibs&hl=en&cites=2612073345055626623",258,"2023-03-01 18:45:02","Journal article","","","https://scholar.google.com/citations?view_op=view_citation&hl=en&user=jAKnshoAAAAJ&cstart=200&pagesize=100&citation_for_view=jAKnshoAAAAJ:qUcmZB5y_30C",3145,,142,149,28,1.08,5,6,26,"","",""
28,"M Remmers, D Neher, G Wegner","Photo‐cross‐linkable poly(p‐phenylene)s. Synthesis, Langmuir‐Blodgett multilayer film properties and pattern formation",1997,"Macromolecular Chemistry and Physics","","","https://scholar.google.com/scholar?oi=bibs&hl=en&cites=5950126892574655842",259,"2023-03-01 18:45:02","Journal article","","","https://scholar.google.com/citations?view_op=view_citation&hl=en&user=jAKnshoAAAAJ&cstart=200&pagesize=100&citation_for_view=jAKnshoAAAAJ:geHnlv5EZngC",198,8,2551,2561,28,1.08,9,3,26,"","",""
27,"U Würfel, L Perdigón-Toro, J Kurpiers, CM Wolff, P Caprioglio, JJ Rech, ...","Recombination between photogenerated and electrode-induced charges dominates the fill factor losses in optimized organic solar cells",2019,"The Journal of Physical Chemistry Letters","","","https://scholar.google.com/scholar?oi=bibs&hl=en&cites=11289537370628556331",260,"2023-03-01 18:45:02","Journal article","","","https://scholar.google.com/citations?view_op=view_citation&hl=en&user=jAKnshoAAAAJ&cstart=200&pagesize=100&citation_for_view=jAKnshoAAAAJ:ce2CqMG-AY4C",10,12,3473,3480,27,6.75,4,7,4,"","",""
27,"T Li, J Benduhn, Z Qiao, Y Liu, Y Li, R Shivhare, F Jaiser, P Wang, J Ma, ...","Effect of H-and J-Aggregation on the Photophysical and Voltage Loss of Boron Dipyrromethene Small Molecules in Vacuum-Deposited Organic Solar Cells",2019,"The journal of physical chemistry letters","","","https://scholar.google.com/scholar?oi=bibs&hl=en&cites=10230469535816827104",261,"2023-03-01 18:45:02","Journal article","","","https://scholar.google.com/citations?view_op=view_citation&hl=en&user=jAKnshoAAAAJ&cstart=200&pagesize=100&citation_for_view=jAKnshoAAAAJ:mKu_rENv82IC",10,11,2684,2691,27,6.75,3,10,4,"","",""
27,"JM Ilnytskyi, D Neher","Structure and internal dynamics of a side chain liquid crystalline polymer in various phases by molecular dynamics simulations: A step towards coarse graining",2007,"The Journal of chemical physics","","","https://scholar.google.com/scholar?oi=bibs&hl=en&cites=4352857782942899684",262,"2023-03-01 18:45:02","Journal article","","","https://scholar.google.com/citations?view_op=view_citation&hl=en&user=jAKnshoAAAAJ&cstart=200&pagesize=100&citation_for_view=jAKnshoAAAAJ:3s1wT3WcHBgC",126,17,174905,174905,27,1.69,14,2,16,"","",""
27,"HJ Winkelhahn, T Pakula, D Neher","Investigations of the viscoelastic properties of thin polymer films by electromechanical interferometry",1996,"Macromolecules","","","https://scholar.google.com/scholar?oi=bibs&hl=en&cites=866809476786198075",263,"2023-03-01 18:45:02","Journal article","","","https://scholar.google.com/citations?view_op=view_citation&hl=en&user=jAKnshoAAAAJ&cstart=200&pagesize=100&citation_for_view=jAKnshoAAAAJ:hqOjcs7Dif8C",29,21,6865,6871,27,1.00,9,3,27,"","",""
26,"RDJ Oliver, P Caprioglio, F Peña-Camargo, LRV Buizza, F Zu, ...","Understanding and suppressing non-radiative losses in methylammonium-free wide-bandgap perovskite solar cells",2022,"Energy &Environmental Science","","","https://scholar.google.com/scholar?oi=bibs&hl=en&cites=6519852275813070106",264,"2023-03-01 18:45:02","Journal article","","","https://scholar.google.com/citations?view_op=view_citation&hl=en&user=jAKnshoAAAAJ&cstart=200&pagesize=100&citation_for_view=jAKnshoAAAAJ:EsEWqaRxkBgC",15,2,714,726,26,26.00,4,6,1,"","",""
26,"T Li, J Benduhn, Y Li, F Jaiser, D Spoltore, O Zeika, Z Ma, D Neher, ...","Boron dipyrromethene (BODIPY) with meso-perfluorinated alkyl substituents as near infrared donors in organic solar cells",2018,"Journal of Materials Chemistry A","","","https://scholar.google.com/scholar?oi=bibs&hl=en&cites=1286045171906059784",265,"2023-03-01 18:45:02","Journal article","","","https://scholar.google.com/citations?view_op=view_citation&hl=en&user=jAKnshoAAAAJ&cstart=200&pagesize=100&citation_for_view=jAKnshoAAAAJ:YOwf2qJgpHMC",6,38,18583,18591,26,5.20,3,9,5,"","",""
26,"R Di Pietro, I Nasrallah, J Carpenter, E Gann, LS Kölln, L Thomsen, ...","Coulomb enhanced charge transport in semicrystalline polymer semiconductors",2016,"Advanced Functional Materials","","","https://scholar.google.com/scholar?oi=bibs&hl=en&cites=5088150046891096792",266,"2023-03-01 18:45:02","Journal article","","","https://scholar.google.com/citations?view_op=view_citation&hl=en&user=jAKnshoAAAAJ&cstart=200&pagesize=100&citation_for_view=jAKnshoAAAAJ:_xSYboBqXhAC",26,44,8011,8022,26,3.71,4,7,7,"","",""
26,"C Bauer, G Urbasch, H Giessen, A Meisel, HG Nothofer, D Neher, ...","Polarized photoluminescence and spectral narrowing in an oriented polyfluorene thin film",2000,"ChemPhysChem","","","https://scholar.google.com/scholar?oi=bibs&hl=en&cites=6342333770688693859",267,"2023-03-01 18:45:02","Journal article","","","https://scholar.google.com/citations?view_op=view_citation&hl=en&user=jAKnshoAAAAJ&cstart=200&pagesize=100&citation_for_view=jAKnshoAAAAJ:kRWSkSYxWN8C",1,3,142,146,26,1.13,4,7,23,"","",""
26,"M Oda, SCJ Meskers, HG Nothofer, U Scherf, D Neher","Chiroptical properties of chiral-substituted polyfluorenes",2000,"Synthetic metals","","","https://scholar.google.com/scholar?oi=bibs&hl=en&cites=3103745447189915985",268,"2023-03-01 18:45:02","Journal article","","","https://scholar.google.com/citations?view_op=view_citation&hl=en&user=jAKnshoAAAAJ&cstart=200&pagesize=100&citation_for_view=jAKnshoAAAAJ:TFP_iSt0sucC",111,,575,577,26,1.13,5,5,23,"","",""
25,"P Tockhorn, J Sutter, A Cruz, P Wagner, K Jäger, D Yoo, F Lang, ...","Nano-optical designs for high-efficiency monolithic perovskite–silicon tandem solar cells",2022,"Nature Nanotechnology","","","https://scholar.google.com/scholar?oi=bibs&hl=en&cites=14917855510056694492",269,"2023-03-01 18:45:02","Book chapter","","","https://scholar.google.com/citations?view_op=view_citation&hl=en&user=jAKnshoAAAAJ&cstart=200&pagesize=100&citation_for_view=jAKnshoAAAAJ:KWzIFqRkAKkC",,,1,8,25,25.00,3,8,1,"","",""
25,"J Thiesbrummel, VM Le Corre, F Peña‐Camargo, L Perdigón‐Toro, ...","Universal current losses in perovskite solar cells due to mobile ions",2021,"Advanced Energy Materials","","","https://scholar.google.com/scholar?oi=bibs&hl=en&cites=7013116100211261856",270,"2023-03-01 18:45:02","Journal article","","","https://scholar.google.com/citations?view_op=view_citation&hl=en&user=jAKnshoAAAAJ&cstart=200&pagesize=100&citation_for_view=jAKnshoAAAAJ:T_ojBgVMvoEC",11,34,2101447,2101447,25,12.50,5,5,2,"","",""
25,"A Hofacker, D Neher","Dispersive and steady-state recombination in organic disordered semiconductors",2017,"Physical Review B","","","https://scholar.google.com/scholar?oi=bibs&hl=en&cites=13548724252449395237",271,"2023-03-01 18:45:02","Journal article","","","https://scholar.google.com/citations?view_op=view_citation&hl=en&user=jAKnshoAAAAJ&cstart=200&pagesize=100&citation_for_view=jAKnshoAAAAJ:OR75R8vi5nAC",96,24,245204,245204,25,4.17,13,2,6,"","",""
25,"CS Kang, C Heldmann, HJ Winkelhahn, M Schulze, D Neher, G Wegner, ...","Rigid rodlike main chain polymers with conformationally restricted nonlinear optical chromophores: synthesis and properties",1994,"Macromolecules","","","https://scholar.google.com/scholar?oi=bibs&hl=en&cites=2850774613968927833",272,"2023-03-01 18:45:02","Journal article","","","https://scholar.google.com/citations?view_op=view_citation&hl=en&user=jAKnshoAAAAJ&cstart=200&pagesize=100&citation_for_view=jAKnshoAAAAJ:e5wmG9Sq2KIC",27,21,6156,6162,25,0.86,4,7,29,"","",""
24,"S Zhang, PE Shaw, G Zhang, H Jin, M Tai, H Lin, P Meredith, PL Burn, ...","Defect/Interface Recombination Limited Quasi-Fermi Level Splitting and Open-Circuit Voltage in Mono-and Triple-Cation Perovskite Solar Cells",2020,"ACS applied materials &interfaces","","","https://scholar.google.com/scholar?oi=bibs&hl=en&cites=13708638426949905757",273,"2023-03-01 18:45:02","Journal article","","","https://scholar.google.com/citations?view_op=view_citation&hl=en&user=jAKnshoAAAAJ&cstart=200&pagesize=100&citation_for_view=jAKnshoAAAAJ:Xl6nMSl579sC",12,33,37647,37656,24,8.00,3,9,3,"","",""
24,"SM Hosseini, S Roland, J Kurpiers, Z Chen, K Zhang, F Huang, A Armin, ...","Impact of bimolecular recombination on the fill factor of fullerene and nonfullerene-based solar cells: A comparative study of charge generation and extraction",2019,"The Journal of Physical Chemistry C","","","https://scholar.google.com/scholar?oi=bibs&hl=en&cites=665198813125396240",274,"2023-03-01 18:45:02","Journal article","","","https://scholar.google.com/citations?view_op=view_citation&hl=en&user=jAKnshoAAAAJ&cstart=200&pagesize=100&citation_for_view=jAKnshoAAAAJ:PyEswDtIyv0C",123,11,6823,6830,24,6.00,3,8,4,"","",""
24,"S Schattauer, B Reinhold, S Albrecht, C Fahrenson, M Schubert, S Janietz, ...","Influence of sintering on the structural and electronic properties of TiO2 nanoporous layers prepared via a non-sol–gel approach",2012,"Colloid and Polymer Science","","","https://scholar.google.com/scholar?oi=bibs&hl=en&cites=6546574011470108721",275,"2023-03-01 18:45:02","Journal article","","","https://scholar.google.com/citations?view_op=view_citation&hl=en&user=jAKnshoAAAAJ&cstart=200&pagesize=100&citation_for_view=jAKnshoAAAAJ:t6usbXjVLHcC",290,,1843,1854,24,2.18,3,7,11,"","",""
24,"HJ Winkelhahn, TK Servay, D Neher","A Novel Concept for Modeling the Time‐Temperature Dependence of Polar Order Relaxation in Nonlinear Optical Active Polymers",1996,"Berichte der Bunsengesellschaft für physikalische Chemie","","","https://scholar.google.com/scholar?oi=bibs&hl=en&cites=15914035158755818501",276,"2023-03-01 18:45:02","Journal article","","","https://scholar.google.com/citations?view_op=view_citation&hl=en&user=jAKnshoAAAAJ&cstart=200&pagesize=100&citation_for_view=jAKnshoAAAAJ:jgBuDB5drN8C",100,2,123,133,24,0.89,8,3,27,"","",""
24,"HJ Winkelhahn, S Schrader, D Neher, G Wegner","Relaxation of polar order in poled polymer systems: A comparison between an isothermal and a thermally stimulated experiment",1995,"Macromolecules","","","https://scholar.google.com/scholar?oi=bibs&hl=en&cites=10364176733478136829",277,"2023-03-01 18:45:02","Journal article","","","https://scholar.google.com/citations?view_op=view_citation&hl=en&user=jAKnshoAAAAJ&cstart=200&pagesize=100&citation_for_view=jAKnshoAAAAJ:oNZyr7d5Mn4C",28,8,2882,2885,24,0.86,6,4,28,"","",""
24,"G Markert, H Pennewis, K Ross, D Neher","Process for preparing solid watersoluble cationic polymers",1972,"US Patent 3,661,880","","","https://scholar.google.com/scholar?oi=bibs&hl=en&cites=3282290821995182521",278,"2023-03-01 18:45:02","Patent","","","https://scholar.google.com/citations?view_op=view_citation&hl=en&user=jAKnshoAAAAJ&cstart=200&pagesize=100&citation_for_view=jAKnshoAAAAJ:hMod-77fHWUC",,,,,24,0.47,6,4,51,"","",""
23,"G Lu, N Koch, D Neher","In-situ tuning threshold voltage of field-effect transistors based on blends of poly(3-hexylthiophene) with an insulator electret",2015,"Applied Physics Letters 107 (6), 79_","","","https://scholar.google.com/scholar?oi=bibs&hl=en&cites=9321188566086495509",279,"2023-03-01 18:45:02","Journal article","","","https://scholar.google.com/citations?view_op=view_citation&hl=en&user=jAKnshoAAAAJ&cstart=200&pagesize=100&citation_for_view=jAKnshoAAAAJ:Z5m8FVwuT1cC",1,,,,23,2.88,8,3,8,"","",""
23,"F Jaiser, D Neher, A Meisel, HG Nothofer, T Miteva, A Herrmann, K Müllen, ...","Energy and charge transfer in blends of dendronized perylenes with polyfluorene",2008,"The Journal of chemical physics","","","https://scholar.google.com/scholar?oi=bibs&hl=en&cites=17399496430253562561",280,"2023-03-01 18:45:02","Journal article","","","https://scholar.google.com/citations?view_op=view_citation&hl=en&user=jAKnshoAAAAJ&cstart=200&pagesize=100&citation_for_view=jAKnshoAAAAJ:Br1UauaknNIC",129,11,114901,114901,23,1.53,3,8,15,"","",""
23,"A Meisel, T Miteva, G Glaser, V Scheumann, D Neher","Influence of the dopant concentration on the morphology of hole-transporting alignment layers based on a polyimide matrix",2002,"Polymer","","","https://scholar.google.com/scholar?oi=bibs&hl=en&cites=601288790056988949",281,"2023-03-01 18:45:02","Journal article","","","https://scholar.google.com/citations?view_op=view_citation&hl=en&user=jAKnshoAAAAJ&cstart=200&pagesize=100&citation_for_view=jAKnshoAAAAJ:W7OEmFMy1HYC",43,19,5235,5242,23,1.10,5,5,21,"","",""
22,"P Caprioglio, S Caicedo-Dávila, TCJ Yang, CM Wolff, F Peña-Camargo, ...","Nano-emitting heterostructures violate optical reciprocity and enable efficient photoluminescence in halide-segregated methylammonium-free wide bandgap perovskites",2021,"ACS Energy Letters","","","https://scholar.google.com/scholar?oi=bibs&hl=en&cites=7729182935901951247",282,"2023-03-01 18:45:02","Journal article","","","https://scholar.google.com/citations?view_op=view_citation&hl=en&user=jAKnshoAAAAJ&cstart=200&pagesize=100&citation_for_view=jAKnshoAAAAJ:qwy9JoKyICEC",6,2,419,428,22,11.00,4,6,2,"","",""
22,"S Roland, J Kniepert, JA Love, V Negi, F Liu, P Bobbert, A Melianas, ...","Equilibrated charge carrier populations govern steady-state nongeminate recombination in disordered organic solar cells",2019,"The Journal of Physical Chemistry Letters","","","https://scholar.google.com/scholar?oi=bibs&hl=en&cites=2229226664178252046",283,"2023-03-01 18:45:02","Journal article","","","https://scholar.google.com/citations?view_op=view_citation&hl=en&user=jAKnshoAAAAJ&cstart=200&pagesize=100&citation_for_view=jAKnshoAAAAJ:NDuN12AVoxsC",10,6,1374,1381,22,5.50,3,8,4,"","",""
22,"S Kuehn, P Pingel, M Breusing, T Fischer, J Stumpe, D Neher, ...","High‐resolution near‐field optical investigation of crystalline domains in oligomeric PQT‐12 thin films",2011,"Advanced Functional Materials","","","https://scholar.google.com/scholar?oi=bibs&hl=en&cites=9638524228642483660",284,"2023-03-01 18:45:02","Journal article","","","https://scholar.google.com/citations?view_op=view_citation&hl=en&user=jAKnshoAAAAJ&cstart=200&pagesize=100&citation_for_view=jAKnshoAAAAJ:hMsQuOkrut0C",21,5,860,868,22,1.83,3,7,12,"","",""
22,"JM Ilnytskyi, D Neher, M Saphiannikova, MR Wilson, LM Stimson","Molecular dynamics simulations of various branched polymeric liquid crystals",2008,"Molecular Crystals and Liquid Crystals","","","https://scholar.google.com/scholar?oi=bibs&hl=en&cites=14647794401957413604",285,"2023-03-01 18:45:02","Journal article","","","https://scholar.google.com/citations?view_op=view_citation&hl=en&user=jAKnshoAAAAJ&cstart=200&pagesize=100&citation_for_view=jAKnshoAAAAJ:fbc8zXXH2BUC",496,1,186,201,22,1.47,4,5,15,"","",""
22,"T Kietzke, B Stiller, K Landfester, R Montenegro, D Neher","Probing the local optical properties of layers prepared from polymer nanoparticles",2005,"Synthetic metals 152 (1-3)","","","https://scholar.google.com/scholar?oi=bibs&hl=en&cites=4977886699784128905",286,"2023-03-01 18:45:02","Book chapter","","","https://scholar.google.com/citations?view_op=view_citation&hl=en&user=jAKnshoAAAAJ&cstart=200&pagesize=100&citation_for_view=jAKnshoAAAAJ:f2IySw72cVMC",,,101,104,22,1.22,4,5,18,"","",""
21,"AM Anton, R Steyrleuthner, W Kossack, D Neher, F Kremer","Infrared transition moment orientational analysis on the structural organization of the distinct molecular subunits in thin layers of a high mobility n-type copolymer",2015,"Journal of the American Chemical Society","","","https://scholar.google.com/scholar?oi=bibs&hl=en&cites=10508119562959815579",287,"2023-03-01 18:45:02","Journal article","","","https://scholar.google.com/citations?view_op=view_citation&hl=en&user=jAKnshoAAAAJ&cstart=200&pagesize=100&citation_for_view=jAKnshoAAAAJ:i2xiXl-TujoC",137,18,6034,6043,21,2.63,4,5,8,"","",""
21,"S Marder, D Neher","Photoresponsive polymers I",2008,"","Springer Science &Business Media","","https://scholar.google.com/scholar?oi=bibs&hl=en&cites=610696755410736769",288,"2023-03-01 18:45:02","Book","","","https://scholar.google.com/citations?view_op=view_citation&hl=en&user=jAKnshoAAAAJ&cstart=200&pagesize=100&citation_for_view=jAKnshoAAAAJ:eQOLeE2rZwMC",,,,,21,1.40,11,2,15,"","",""
21,"C Yin, T Kietzke, M Kumke, D Neher, HH Hörhold","Relation between exciplex formation and photovoltaic properties of PPV polymer-based blends",2007,"Solar energy materials and solar cells","","","https://scholar.google.com/scholar?oi=bibs&hl=en&cites=5259616923060982856",289,"2023-03-01 18:45:02","Journal article","","","https://scholar.google.com/citations?view_op=view_citation&hl=en&user=jAKnshoAAAAJ&cstart=200&pagesize=100&citation_for_view=jAKnshoAAAAJ:nb7KW1ujOQ8C",91,5,411,415,21,1.31,4,5,16,"","",""
21,"F Effenberger, CP Niesert, L Häußling, H Ringsdorf, C Bubeck, D Neher","Donor–acceptor substituted polyenes: Orientation in mono‐and multilayers",1992,"Advanced Materials","","","https://scholar.google.com/scholar?oi=bibs&hl=en&cites=7491997058461788245",290,"2023-03-01 18:45:02","Journal article","","","https://scholar.google.com/citations?view_op=view_citation&hl=en&user=jAKnshoAAAAJ&cstart=200&pagesize=100&citation_for_view=jAKnshoAAAAJ:PR6Y55bgFSsC",4,6,413,416,21,0.68,4,6,31,"","",""
20,"G Lu, RD Pietro, LS Kölln, I Nasrallah, L Zhou, S Mollinger, ...","Dual‐Characteristic Transistors Based on Semiconducting Polymer Blends",2016,"Advanced Electronic Materials","","","https://scholar.google.com/scholar?oi=bibs&hl=en&cites=12031766577449470542",291,"2023-03-01 18:45:02","Journal article","","","https://scholar.google.com/citations?view_op=view_citation&hl=en&user=jAKnshoAAAAJ&cstart=200&pagesize=100&citation_for_view=jAKnshoAAAAJ:4fGpz3EwCPoC",2,10,1600267,1600267,20,2.86,3,7,7,"","",""
20,"TK Däubler, L Kulikovsky, D Neher, V Cimrová, JC Hummelen, E Mecher, ...","Photoconductivity and charge-carrier photogeneration in photorefractive polymers",2002,"Nonlinear Optical Transmission Processes and Organic Photorefractive …","","","https://scholar.google.com/scholar?oi=bibs&hl=en&cites=7664056665732803199",292,"2023-03-01 18:45:02","","","","https://scholar.google.com/citations?view_op=view_citation&hl=en&user=jAKnshoAAAAJ&cstart=200&pagesize=100&citation_for_view=jAKnshoAAAAJ:JQOojiI6XY0C",,,,,20,0.95,3,7,21,"","",""
20,"K Urayama, O Kircher, R Böhmer, D Neher","Investigations of ferroelectric-to-paraelectric phase transition of vinylidenefluoride trifluoroethylene copolymer thin films by electromechanical interferometry",1999,"Journal of applied physics","","","https://scholar.google.com/scholar?oi=bibs&hl=en&cites=4027821655348160074",293,"2023-03-01 18:45:02","Journal article","","","https://scholar.google.com/citations?view_op=view_citation&hl=en&user=jAKnshoAAAAJ&cstart=200&pagesize=100&citation_for_view=jAKnshoAAAAJ:ldfaerwXgEUC",86,11,6367,6375,20,0.83,5,4,24,"","",""
19,"LQ Phuong, SM Hosseini, OJ Sandberg, Y Zou, HY Woo, D Neher, ...","Quantifying Quasi‐Fermi Level Splitting and Open‐Circuit Voltage Losses in Highly Efficient Nonfullerene Organic Solar Cells",2021,"Solar RRL","","","https://scholar.google.com/scholar?oi=bibs&hl=en&cites=7881385513054404637",294,"2023-03-01 18:45:02","Journal article","","","https://scholar.google.com/citations?view_op=view_citation&hl=en&user=jAKnshoAAAAJ&cstart=200&pagesize=100&citation_for_view=jAKnshoAAAAJ:DyXnQzXoVgIC",5,1,2000649,2000649,19,9.50,3,7,2,"","",""
19,"C Heldmann, L Brombacher, D Neher, M Graf","Dispersion of the electro-optical response in poled polymer films determined by Stark spectroscopy",1995,"Thin Solid Films 261 (1-2)","","","https://scholar.google.com/scholar?oi=bibs&hl=en&cites=575167427441265937",295,"2023-03-01 18:45:02","Book chapter","","","https://scholar.google.com/citations?view_op=view_citation&hl=en&user=jAKnshoAAAAJ&cstart=200&pagesize=100&citation_for_view=jAKnshoAAAAJ:Y0pCki6q_DkC",,,241,247,19,0.68,5,4,28,"","",""
19,"G Wegner, D Neher, C Heldmann, TK Servay, HJ Winkelhahn, M Schulze, ...","Molecular composites based on rigid rod polymers for electrooptical applications",1993,"MRS Online Proceedings Library (OPL)","","","https://scholar.google.com/scholar?oi=bibs&hl=en&cites=5364611056789468982",296,"2023-03-01 18:45:02","Conference paper","","","https://scholar.google.com/citations?view_op=view_citation&hl=en&user=jAKnshoAAAAJ&cstart=200&pagesize=100&citation_for_view=jAKnshoAAAAJ:SP6oXDckpogC",328,,15,15,19,0.63,3,7,30,"","",""
18,"F Deschler, D Neher, L Schmidt-Mende","Perovskite semiconductors for next generation optoelectronic applications",2019,"APL Materials","","","https://scholar.google.com/scholar?oi=bibs&hl=en&cites=13656869570553090872",297,"2023-03-01 18:45:02","Journal article","","","https://scholar.google.com/citations?view_op=view_citation&hl=en&user=jAKnshoAAAAJ&cstart=200&pagesize=100&citation_for_view=jAKnshoAAAAJ:w0F2JDEymm0C",7,8,80401,80401,18,4.50,6,3,4,"","",""
18,"E Collado-Fregoso, SN Hood, S Shoaee, BC Schroeder, I McCulloch, ...","Intercalated vs nonintercalated morphologies in donor–acceptor bulk heterojunction solar cells: PBTTT: fullerene charge generation and recombination revisited",2017,"The journal of physical chemistry letters","","","https://scholar.google.com/scholar?oi=bibs&hl=en&cites=10148981665164207811",298,"2023-03-01 18:45:02","Journal article","","","https://scholar.google.com/citations?view_op=view_citation&hl=en&user=jAKnshoAAAAJ&cstart=200&pagesize=100&citation_for_view=jAKnshoAAAAJ:lmc2jWPfTJgC",8,17,4061,4068,18,3.00,3,6,6,"","",""
18,"U Asawapirom, F Bulut, T Farrell, C Gadermaier, S Gamerith, R Güntner, ...","Materials for polymer electronics applications–semiconducting polymer thin films and nanoparticles",2004,"Macromolecular Symposia","","","https://scholar.google.com/scholar?oi=bibs&hl=en&cites=9147335216571938535",299,"2023-03-01 18:45:02","Journal article","","","https://scholar.google.com/citations?view_op=view_citation&hl=en&user=jAKnshoAAAAJ&cstart=200&pagesize=100&citation_for_view=jAKnshoAAAAJ:zLWjf1WUPmwC",212,1,83,92,18,0.95,3,7,19,"","",""
18,"TK Servay, HJ Winkelhahn, M Schulze, C Boeffel, D Neher, G Wegner, ...","Properties and Design Criteria of Second‐order Nonlinear Optical Materials Based on Side Chain Polyesters with an Aromatic Main Chain",1993,"Berichte der Bunsengesellschaft für physikalische Chemie","","","https://scholar.google.com/scholar?oi=bibs&hl=en&cites=2946579860742899594",300,"2023-03-01 18:45:02","Journal article","","","https://scholar.google.com/citations?view_op=view_citation&hl=en&user=jAKnshoAAAAJ&cstart=200&pagesize=100&citation_for_view=jAKnshoAAAAJ:r0BpntZqJG4C",97,10,1272,1280,18,0.60,3,7,30,"","",""
17,"Q Wang, F Zu, P Caprioglio, CM Wolff, M Stolterfoht, M Li, SH Turren-Cruz, ...","Large conduction band energy offset is critical for high fill factors in inorganic perovskite solar cells",2020,"ACS Energy Letters","","","https://scholar.google.com/scholar?oi=bibs&hl=en&cites=6987630506374200355",301,"2023-03-01 18:45:02","Journal article","","","https://scholar.google.com/citations?view_op=view_citation&hl=en&user=jAKnshoAAAAJ&cstart=300&pagesize=100&citation_for_view=jAKnshoAAAAJ:k_7cPK9k7w8C",5,7,2343,2348,17,5.67,2,8,3,"","",""
17,"AJL Hofmann, S Züfle, K Shimizu, M Schmid, V Wessels, L Jäger, ...","Dipolar doping of organic semiconductors to enhance carrier injection",2019,"Physical Review Applied","","","https://scholar.google.com/scholar?oi=bibs&hl=en&cites=1068318986699027253",302,"2023-03-01 18:45:02","Journal article","","","https://scholar.google.com/citations?view_op=view_citation&hl=en&user=jAKnshoAAAAJ&cstart=300&pagesize=100&citation_for_view=jAKnshoAAAAJ:kzcSZmkxUKAC",12,6,64052,64052,17,4.25,2,7,4,"","",""
17,"M Al‐Sa'di, F Jaiser, S Bagnich, T Unger, J Blakesley, A Wilke, D Neher","Electrical and optical simulations of a polymer‐based phosphorescent organic light‐emitting diode with high efficiency",2012,"Journal of polymer science part b: polymer physics","","","https://scholar.google.com/scholar?oi=bibs&hl=en&cites=9982914482755554016",303,"2023-03-01 18:45:02","Journal article","","","https://scholar.google.com/citations?view_op=view_citation&hl=en&user=jAKnshoAAAAJ&cstart=300&pagesize=100&citation_for_view=jAKnshoAAAAJ:b1wdh0AR-JQC",50,22,1567,1576,17,1.55,2,7,11,"","",""
17,"U Scherf, D Neher","Polyfluorenes: Advances in Polymer Science",2008,"","Springer, Berlin Davies ML, Burrows HD, Morán MC et al (2009) Cationic …","","https://scholar.google.com/scholar?oi=bibs&hl=en&cites=13867409642760161604",304,"2023-03-01 18:45:02","Book","","","https://scholar.google.com/citations?view_op=view_citation&hl=en&user=jAKnshoAAAAJ&cstart=300&pagesize=100&citation_for_view=jAKnshoAAAAJ:AzKEL7Gb_04C",,,,,17,1.13,9,2,15,"","",""
17,"XH Yang, F Jaiser, D Neher, PV Lawson, JL Brédas, E Zojer, R Güntner","Scanduicci de Freitas, P.; Forster, M.; Scherf, U",2004,"Adv. Funct. Mater","","","https://scholar.google.com/scholar?oi=bibs&hl=en&cites=4920028702057638192",305,"2023-03-01 18:45:02","Journal article","","","https://scholar.google.com/citations?view_op=view_citation&hl=en&user=jAKnshoAAAAJ&cstart=300&pagesize=100&citation_for_view=jAKnshoAAAAJ:eflP2zaiRacC",14,,1097,1097,17,0.89,2,7,19,"","",""
17,"HJ Winkelhahn, TK Servay, L Kalvoda, M Schulze, D Neher, G Wegner","Electrooptical Properties of Liquid‐Crystalline Rigid Rod‐Like Polymers with NLO‐Active Sidegroups",1993,"Berichte der Bunsengesellschaft für physikalische Chemie","","","https://scholar.google.com/scholar?oi=bibs&hl=en&cites=9793210594116302423",306,"2023-03-01 18:45:02","Journal article","","","https://scholar.google.com/citations?view_op=view_citation&hl=en&user=jAKnshoAAAAJ&cstart=300&pagesize=100&citation_for_view=jAKnshoAAAAJ:tYavs44e6CUC",97,10,1287,1293,17,0.57,3,6,30,"","",""
16,"U Hörmann, S Zeiske, F Piersimoni, L Hoffmann, R Schlesinger, N Koch, ...","Stark effect of hybrid charge transfer states at planar ZnO/organic interfaces",2018,"Physical Review B","","","https://scholar.google.com/scholar?oi=bibs&hl=en&cites=10768048420681124462",307,"2023-03-01 18:45:02","Journal article","","","https://scholar.google.com/citations?view_op=view_citation&hl=en&user=jAKnshoAAAAJ&cstart=300&pagesize=100&citation_for_view=jAKnshoAAAAJ:Dip1O2bNi0gC",98,15,155312,155312,16,3.20,2,7,5,"","",""
16,"M Zerson, M Neumann, R Steyrleuthner, D Neher, R Magerle","Surface structure of semicrystalline naphthalene diimide–bithiophene copolymer films studied with atomic force microscopy",2016,"Macromolecules","","","https://scholar.google.com/scholar?oi=bibs&hl=en&cites=1025680875296300004",308,"2023-03-01 18:45:02","Journal article","","","https://scholar.google.com/citations?view_op=view_citation&hl=en&user=jAKnshoAAAAJ&cstart=300&pagesize=100&citation_for_view=jAKnshoAAAAJ:MXK_kJrjxJIC",49,17,6549,6557,16,2.29,3,5,7,"","",""
16,"S Inal, JD Kölsch, L Chiappisi, M Kraft, A Gutacker, D Janietz, U Scherf, ...","Temperature‐Regulated Fluorescence Characteristics of Supramolecular Assemblies Formed By a Smart Polymer and a Conjugated Polyelectrolyte",2013,"Macromolecular Chemistry and Physics","","","https://scholar.google.com/scholar?oi=bibs&hl=en&cites=13104879472982701214",309,"2023-03-01 18:45:02","Journal article","","","https://scholar.google.com/citations?view_op=view_citation&hl=en&user=jAKnshoAAAAJ&cstart=300&pagesize=100&citation_for_view=jAKnshoAAAAJ:HIFyuExEbWQC",214,4,435,445,16,1.60,2,8,10,"","",""
16,"P Gattinger, H Rengel, D Neher","Photoconductivity in Langmuir—Blodgett multilayer structures of phthalocyaninato-polysiloxane",1996,"Synthetic metals","","","https://scholar.google.com/scholar?oi=bibs&hl=en&cites=17217251609868266447",310,"2023-03-01 18:45:02","Journal article","","","https://scholar.google.com/citations?view_op=view_citation&hl=en&user=jAKnshoAAAAJ&cstart=300&pagesize=100&citation_for_view=jAKnshoAAAAJ:prdVHNxh-e8C",83,3,245,247,16,0.59,5,3,27,"","",""
15,"CM Wolff, SA Bourelle, LQ Phuong, J Kurpiers, S Feldmann, P Caprioglio, ...","Orders of Recombination in Complete Perovskite Solar Cells–Linking Time‐Resolved and Steady‐State Measurements",2021,"Advanced Energy Materials","","","https://scholar.google.com/scholar?oi=bibs&hl=en&cites=15773977813057824289",311,"2023-03-01 18:45:02","Journal article","","","https://scholar.google.com/citations?view_op=view_citation&hl=en&user=jAKnshoAAAAJ&cstart=300&pagesize=100&citation_for_view=jAKnshoAAAAJ:__bU50VfleQC",11,45,2101823,2101823,15,7.50,2,7,2,"","",""
15,"JC Brauer, D Tsokkou, S Sanchez, N Droseros, B Roose, E Mosconi, ...","Comparing the excited-state properties of a mixed-cation–mixed-halide perovskite to methylammonium lead iodide",2020,"The journal of chemical physics","","","https://scholar.google.com/scholar?oi=bibs&hl=en&cites=460649628885637172",312,"2023-03-01 18:45:02","Journal article","","","https://scholar.google.com/citations?view_op=view_citation&hl=en&user=jAKnshoAAAAJ&cstart=300&pagesize=100&citation_for_view=jAKnshoAAAAJ:DrR-2ekChdkC",152,10,104703,104703,15,5.00,2,7,3,"","",""
15,"S Pisoni, M Stolterfoht, J Löckinger, T Moser, Y Jiang, P Caprioglio, ...","On the origin of open-circuit voltage losses in flexible n-i-p perovskite solar cells",2019,"Science and technology of advanced materials","","","https://scholar.google.com/scholar?oi=bibs&hl=en&cites=15058889739562658438",313,"2023-03-01 18:45:02","Journal article","","","https://scholar.google.com/citations?view_op=view_citation&hl=en&user=jAKnshoAAAAJ&cstart=300&pagesize=100&citation_for_view=jAKnshoAAAAJ:uVUOdF_882EC",20,1,786,795,15,3.75,2,7,4,"","",""
15,"J Kniepert, A Paulke, L Perdigón-Toro, J Kurpiers, H Zhang, F Gao, ...","Reliability of charge carrier recombination data determined with charge extraction methods",2019,"Journal of Applied Physics","","","https://scholar.google.com/scholar?oi=bibs&hl=en&cites=14016858198253379533",314,"2023-03-01 18:45:02","Journal article","","","https://scholar.google.com/citations?view_op=view_citation&hl=en&user=jAKnshoAAAAJ&cstart=300&pagesize=100&citation_for_view=jAKnshoAAAAJ:BrOSOlqYqPUC",126,20,205501,205501,15,3.75,2,7,4,"","",""
15,"J Kurpiers, DM Balazs, A Paulke, S Albrecht, I Lange, L Protesescu, ...","Free carrier generation and recombination in PbS quantum dot solar cells",2016,"Applied Physics Letters","","","https://scholar.google.com/scholar?oi=bibs&hl=en&cites=5957689697393223218",315,"2023-03-01 18:45:02","Journal article","","","https://scholar.google.com/citations?view_op=view_citation&hl=en&user=jAKnshoAAAAJ&cstart=300&pagesize=100&citation_for_view=jAKnshoAAAAJ:8AbLer7MMksC",108,10,103102,103102,15,2.14,2,7,7,"","",""
15,"R Di Pietro, T Erdmann, N Wang, X Liu, D Gräfe, J Lenz, J Brandt, ...","The impact of molecular weight, air exposure and molecular doping on the charge transport properties and electronic defects in dithienyl-diketopyrrolopyrrole-thieno [3, 2-b …",2016,"Journal of Materials Chemistry C","","","https://scholar.google.com/scholar?oi=bibs&hl=en&cites=10336740051407431944",316,"2023-03-01 18:45:02","Journal article","","","https://scholar.google.com/citations?view_op=view_citation&hl=en&user=jAKnshoAAAAJ&cstart=300&pagesize=100&citation_for_view=jAKnshoAAAAJ:kz9GbA2Ns4gC",4,46,10827,10838,15,2.14,2,8,7,"","",""
15,"S Bange, A Kuksov, D Neher","Sensing electron transport in a blue-emitting copolymer by transient electroluminescence",2007,"Applied Physics Letters","","","https://scholar.google.com/scholar?oi=bibs&hl=en&cites=17552770922272448729",317,"2023-03-01 18:45:02","Journal article","","","https://scholar.google.com/citations?view_op=view_citation&hl=en&user=jAKnshoAAAAJ&cstart=300&pagesize=100&citation_for_view=jAKnshoAAAAJ:CdxZDUztZiMC",91,14,143516,143516,15,0.94,5,3,16,"","",""
15,"S Mittler-Neher, D Neher, GI Stegeman, FW Embs, G Wegner","Polarization dependent resonant THG on Langmuir—Blodgett multilayers of rod-like polysilanes during annealing",1992,"Chemical physics 161 (1-2)","","","https://scholar.google.com/scholar?oi=bibs&hl=en&cites=2100208702466101421",318,"2023-03-01 18:45:02","Book chapter","","","https://scholar.google.com/citations?view_op=view_citation&hl=en&user=jAKnshoAAAAJ&cstart=300&pagesize=100&citation_for_view=jAKnshoAAAAJ:dhFuZR0502QC",,,289,297,15,0.48,3,5,31,"","",""
14,"VM Le Corre, J Diekmann, F Pena-Camargo, J Thiesbrummel, ...","Quantification of efficiency losses due to mobile ions in perovskite solar cells via fast hysteresis measurements",2022,"Solar RRL","","","https://scholar.google.com/scholar?oi=bibs&hl=en&cites=535055230251207972",319,"2023-03-01 18:45:02","Journal article","","","https://scholar.google.com/citations?view_op=view_citation&hl=en&user=jAKnshoAAAAJ&cstart=300&pagesize=100&citation_for_view=jAKnshoAAAAJ:-yGd096yOn8C",6,4,2100772,2100772,14,14.00,3,5,1,"","",""
14,"N Tokmoldin, J Vollbrecht, SM Hosseini, B Sun, L Perdigón‐Toro, ...","Explaining the fill‐factor and photocurrent losses of nonfullerene acceptor‐based solar cells by probing the long‐range charge carrier diffusion and drift lengths",2021,"Advanced Energy Materials","","","https://scholar.google.com/scholar?oi=bibs&hl=en&cites=3958011343914356750",320,"2023-03-01 18:45:02","Journal article","","","https://scholar.google.com/citations?view_op=view_citation&hl=en&user=jAKnshoAAAAJ&cstart=300&pagesize=100&citation_for_view=jAKnshoAAAAJ:eAlLMO4JVmQC",11,22,2100804,2100804,14,7.00,2,6,2,"","",""
14,"S Roland, L Yan, Q Zhang, X Jiao, A Hunt, M Ghasemi, H Ade, W You, ...","Charge generation and mobility-limited performance of bulk heterojunction solar cells with a higher adduct fullerene",2017,"The Journal of Physical Chemistry C","","","https://scholar.google.com/scholar?oi=bibs&hl=en&cites=8549093411210022282",321,"2023-03-01 18:45:02","Journal article","","","https://scholar.google.com/citations?view_op=view_citation&hl=en&user=jAKnshoAAAAJ&cstart=300&pagesize=100&citation_for_view=jAKnshoAAAAJ:VLnqNzywnoUC",121,19,10305,10316,14,2.33,2,9,6,"","",""
14,"AJ Moulé, D Neher, ST Turner","P3HT-based solar cells: structural properties and photovoltaic performance",2014,"P3HT Revisited–From Molecular Scale to Solar Cell Devices","","","https://scholar.google.com/scholar?oi=bibs&hl=en&cites=3967879473333738451",322,"2023-03-01 18:45:02","Book chapter","","","https://scholar.google.com/citations?view_op=view_citation&hl=en&user=jAKnshoAAAAJ&cstart=300&pagesize=100&citation_for_view=jAKnshoAAAAJ:70eg2SAEIzsC",,,181,232,14,1.56,5,3,9,"","",""
14,"B Stiller, M Saphiannikova, K Morawetz, J Ilnytskyi, D Neher, I Muzikante, ...","Polymers films with indandione derivatives as alternatives to azobenzene polymers for optical patterning",2008,"Thin Solid Films","","","https://scholar.google.com/scholar?oi=bibs&hl=en&cites=15886452592471844221",323,"2023-03-01 18:45:02","Journal article","","","https://scholar.google.com/citations?view_op=view_citation&hl=en&user=jAKnshoAAAAJ&cstart=300&pagesize=100&citation_for_view=jAKnshoAAAAJ:1lhNe0rCu4AC",516,24,8893,8898,14,0.93,2,7,15,"","",""
14,"X Yang, D Neher","Polymer electrophosphorescence devices",2005,"Organic Light Emitting Devices: Synthesis, Properties and Applications","","","https://scholar.google.com/scholar?oi=bibs&hl=en&cites=13521269294106639894",324,"2023-03-01 18:45:02","Book chapter","","","https://scholar.google.com/citations?view_op=view_citation&hl=en&user=jAKnshoAAAAJ&cstart=300&pagesize=100&citation_for_view=jAKnshoAAAAJ:yFnVuubrUp4C",,,333,367,14,0.78,7,2,18,"","",""
13,"J Yuan, C Zhang, B Qiu, W Liu, SK So, M Mainville, M Leclerc, S Shoaee, ...","Effects of energetic disorder in bulk heterojunction organic solar cells",2022,"Energy &Environmental Science","","","https://scholar.google.com/scholar?oi=bibs&hl=en&cites=13384020778558556410",325,"2023-03-01 18:45:02","Journal article","","","https://scholar.google.com/citations?view_op=view_citation&hl=en&user=jAKnshoAAAAJ&cstart=300&pagesize=100&citation_for_view=jAKnshoAAAAJ:8dzOF9BpDQoC",15,7,2806,2818,13,13.00,1,9,1,"","",""
13,"N Gasparini, FVA Camargo, S Frühwald, T Nagahara, A Classen, ...","Adjusting the energy of interfacial states in organic photovoltaics for maximum efficiency",2021,"Nature Communications","","","https://scholar.google.com/scholar?oi=bibs&hl=en&cites=14935599053414124443",326,"2023-03-01 18:45:02","Journal article","","","https://scholar.google.com/citations?view_op=view_citation&hl=en&user=jAKnshoAAAAJ&cstart=300&pagesize=100&citation_for_view=jAKnshoAAAAJ:2ywjKiB__4kC",12,1,1772,1772,13,6.50,2,6,2,"","",""
13,"R Shivhare, T Erdmann, U Hörmann, E Collado-Fregoso, S Zeiske, ...","Alkyl branching position in diketopyrrolopyrrole polymers: Interplay between fibrillar morphology and crystallinity and their effect on photogeneration and recombination in …",2018,"Chemistry of Materials","","","https://scholar.google.com/scholar?oi=bibs&hl=en&cites=5804381427791909683",327,"2023-03-01 18:45:02","Journal article","","","https://scholar.google.com/citations?view_op=view_citation&hl=en&user=jAKnshoAAAAJ&cstart=300&pagesize=100&citation_for_view=jAKnshoAAAAJ:tS2w5q8j5-wC",30,19,6801,6809,13,2.60,2,6,5,"","",""
13,"AM Anton, R Steyrleuthner, W Kossack, D Neher, F Kremer","Spatial orientation and order of structure-defining subunits in thin films of a high mobility n-type copolymer",2016,"Macromolecules","","","https://scholar.google.com/scholar?oi=bibs&hl=en&cites=169466326402447584",328,"2023-03-01 18:45:02","Journal article","","","https://scholar.google.com/citations?view_op=view_citation&hl=en&user=jAKnshoAAAAJ&cstart=300&pagesize=100&citation_for_view=jAKnshoAAAAJ:qjMakFHDy7sC",49,5,1798,1806,13,1.86,3,5,7,"","",""
13,"M Schubert, R Steyrleuthner, S Bange, A Sellinger, D Neher","Charge transport and recombination in bulk heterojunction solar cells containing a dicyanoimidazole‐based molecular acceptor",2009,"physica status solidi (a)","","","https://scholar.google.com/scholar?oi=bibs&hl=en&cites=6791932111378063410",329,"2023-03-01 18:45:02","Journal article","","","https://scholar.google.com/citations?view_op=view_citation&hl=en&user=jAKnshoAAAAJ&cstart=300&pagesize=100&citation_for_view=jAKnshoAAAAJ:JoZmwDi-zQgC",206,12,2743,2749,13,0.93,3,5,14,"","",""
13,"S Inal, M Castellani, A Sellinger, D Neher","Relationship of Photophysical Properties and the Device Performance of Novel Hybrid Small‐Molecular/Polymeric Solar Cells",2009,"Macromolecular rapid communications","","","https://scholar.google.com/scholar?oi=bibs&hl=en&cites=2771654019408324660",330,"2023-03-01 18:45:02","Journal article","","","https://scholar.google.com/citations?view_op=view_citation&hl=en&user=jAKnshoAAAAJ&cstart=300&pagesize=100&citation_for_view=jAKnshoAAAAJ:mB3voiENLucC",30,14,1263,1268,13,0.93,3,4,14,"","",""
13,"SA Bagnich, H Bässler, D Neher","Sensitized phosphorescence of benzil-doped ladder-type methyl-poly (para-phenylene)",2004,"The Journal of chemical physics","","","https://scholar.google.com/scholar?oi=bibs&hl=en&cites=5581708540005276726",331,"2023-03-01 18:45:02","Journal article","","","https://scholar.google.com/citations?view_op=view_citation&hl=en&user=jAKnshoAAAAJ&cstart=300&pagesize=100&citation_for_view=jAKnshoAAAAJ:l7t_Zn2s7bgC",121,18,9178,9183,13,0.68,4,3,19,"","",""
13,"S Lucht, D Neher, T Miteva, G Nelles, A Yasuda, R Hagen, S Kostromine","Photoaddressable polymers for liquid crystal alignment",2003,"Liquid crystals","","","https://scholar.google.com/scholar?oi=bibs&hl=en&cites=6251976171292434369",332,"2023-03-01 18:45:02","Journal article","","","https://scholar.google.com/citations?view_op=view_citation&hl=en&user=jAKnshoAAAAJ&cstart=300&pagesize=100&citation_for_view=jAKnshoAAAAJ:mvPsJ3kp5DgC",30,3,337,344,13,0.65,2,7,20,"","",""
13,"C Heldmann, D Neher, HJ Winkelhahn, G Wegner","Rigid-rod-like main chain polymers with rigidly attached chromophores: A novel structural concept for electrooptical materials. 2. Theory and electrooptical measurements",1996,"Macromolecules","","","https://scholar.google.com/scholar?oi=bibs&hl=en&cites=11831573142014414878",333,"2023-03-01 18:45:02","Journal article","","","https://scholar.google.com/citations?view_op=view_citation&hl=en&user=jAKnshoAAAAJ&cstart=300&pagesize=100&citation_for_view=jAKnshoAAAAJ:_axFR9aDTf0C",29,13,4697,4705,13,0.48,3,4,27,"","",""
13,"G Wegner, D Neher, M Remmers, V Cimrova, M Schulze","Materials engineering for polarized light emitting diodes",1995,"MRS Online Proceedings Library (OPL)","","","https://scholar.google.com/scholar?oi=bibs&hl=en&cites=14154262445205056786",334,"2023-03-01 18:45:02","Conference paper","","","https://scholar.google.com/citations?view_op=view_citation&hl=en&user=jAKnshoAAAAJ&cstart=300&pagesize=100&citation_for_view=jAKnshoAAAAJ:F9fV5C73w3QC",413,,23,23,13,0.46,3,5,28,"","",""
13,"L Kalvoda, R Back, A Ferencz, D Neher, G Wegner","Photoconductivity in sandwich cells with Langmuir-Blodgett films of phthalocyaninato-polysiloxanes",1994,"Molecular Crystals and Liquid Crystals Science and Technology","Section A …","","https://scholar.google.com/scholar?oi=bibs&hl=en&cites=9185151046007090065",335,"2023-03-01 18:45:02","","","","https://scholar.google.com/citations?view_op=view_citation&hl=en&user=jAKnshoAAAAJ&cstart=300&pagesize=100&citation_for_view=jAKnshoAAAAJ:vDijr-p_gm4C",,,,,13,0.45,3,5,29,"","",""
12,"L Perdigón‐Toro, LQ Phuong, F Eller, G Freychet, E Saglamkaya, JI Khan, ...","Understanding the Role of Order in Y‐Series Non‐Fullerene Solar Cells to Realize High Open‐Circuit Voltages",2022,"Advanced Energy Materials","","","https://scholar.google.com/scholar?oi=bibs&hl=en&cites=14045091970217663056",336,"2023-03-01 18:45:02","Journal article","","","https://scholar.google.com/citations?view_op=view_citation&hl=en&user=jAKnshoAAAAJ&cstart=300&pagesize=100&citation_for_view=jAKnshoAAAAJ:ZqE1mSdD_DYC",12,12,2103422,2103422,12,12.00,2,7,1,"","",""
12,"Q Wang, JA Smith, D Skroblin, JA Steele, CM Wolff, P Caprioglio, ...","Managing Phase Purities and Crystal Orientation for High‐Performance and Photostable Cesium Lead Halide Perovskite Solar Cells",2020,"Solar RRL","","","https://scholar.google.com/scholar?oi=bibs&hl=en&cites=13635562881823165012",337,"2023-03-01 18:45:02","Journal article","","","https://scholar.google.com/citations?view_op=view_citation&hl=en&user=jAKnshoAAAAJ&cstart=300&pagesize=100&citation_for_view=jAKnshoAAAAJ:jSAVyFp_754C",4,9,2000213,2000213,12,4.00,2,7,3,"","",""
12,"F Zu, T Schultz, CM Wolff, D Shin, L Frohloff, D Neher, P Amsalem, ...","Position-locking of volatile reaction products by atmosphere and capping layers slows down photodecomposition of methylammonium lead triiodide perovskite",2020,"RSC advances","","","https://scholar.google.com/scholar?oi=bibs&hl=en&cites=9525208067152775787",338,"2023-03-01 18:45:02","Journal article","","","https://scholar.google.com/citations?view_op=view_citation&hl=en&user=jAKnshoAAAAJ&cstart=300&pagesize=100&citation_for_view=jAKnshoAAAAJ:rbm3iO8VlycC",10,30,17534,17542,12,4.00,2,8,3,"","",""
12,"D Lupo, A Yasuda, M Grell, D Neher, T Miteva, A Meisel","Polyimide layer comprising functional material, device employing the same and method of manufacturing same device",2003,"US Patent 6,649,283","","","https://scholar.google.com/scholar?oi=bibs&hl=en&cites=3146500196211076539",339,"2023-03-01 18:45:02","Patent","","","https://scholar.google.com/citations?view_op=view_citation&hl=en&user=jAKnshoAAAAJ&cstart=300&pagesize=100&citation_for_view=jAKnshoAAAAJ:isC4tDSrTZIC",,,,,12,0.60,2,6,20,"","",""
11,"F Lang, E Köhnen, J Warby, K Xu, M Grischek, P Wagner, D Neher, ...","Revealing fundamental efficiency limits of monolithic perovskite/Silicon tandem photovoltaics through Subcell characterization",2021,"ACS Energy Letters","","","https://scholar.google.com/scholar?oi=bibs&hl=en&cites=8675747955845264573",340,"2023-03-01 18:45:02","Journal article","","","https://scholar.google.com/citations?view_op=view_citation&hl=en&user=jAKnshoAAAAJ&cstart=300&pagesize=100&citation_for_view=jAKnshoAAAAJ:A8cqit5AE6sC",6,11,3982,3991,11,5.50,1,8,2,"","",""
11,"I García-Benito, C Quarti, VIE Queloz, YJ Hofstetter, D Becker-Koch, ...","Fluorination of Organic Spacer Impacts on the Structural and Optical Response of 2D Perovskites",2020,"Frontiers in chemistry","","","https://scholar.google.com/scholar?oi=bibs&hl=en&cites=796079044885921328",341,"2023-03-01 18:45:02","Journal article","","","https://scholar.google.com/citations?view_op=view_citation&hl=en&user=jAKnshoAAAAJ&cstart=300&pagesize=100&citation_for_view=jAKnshoAAAAJ:eO3_k5sD8BwC",7,,946,946,11,3.67,2,6,3,"","",""
11,"S Inal, L Chiappisi, JD Kölsch, M Kraft, MS Appavou, U Scherf, ...","Temperature-Regulated Fluorescence and Association of an Oligo (ethyleneglycol) methacrylate-Based Copolymer with a Conjugated Polyelectrolyte The Effect of Solution Ionic …",2013,"The Journal of Physical Chemistry B","","","https://scholar.google.com/scholar?oi=bibs&hl=en&cites=11353533802225507511",342,"2023-03-01 18:45:02","Journal article","","","https://scholar.google.com/citations?view_op=view_citation&hl=en&user=jAKnshoAAAAJ&cstart=300&pagesize=100&citation_for_view=jAKnshoAAAAJ:ClCfbGk0d_YC",117,46,14576,14587,11,1.10,2,7,10,"","",""
11,"T Srikhirin, V Cimrova, B Schiewe, M Tzolov, R Hagen, S Kostromine, ...","An Investigation of the Photoinduced Changes of Absorption of High‐Performance Photoaddressable Polymers",2002,"ChemPhysChem","","","https://scholar.google.com/scholar?oi=bibs&hl=en&cites=7734762836083952344",343,"2023-03-01 18:45:02","Journal article","","","https://scholar.google.com/citations?view_op=view_citation&hl=en&user=jAKnshoAAAAJ&cstart=300&pagesize=100&citation_for_view=jAKnshoAAAAJ:W5xh706n7nkC",3,4,335,342,11,0.52,2,7,21,"","",""
11,"G Assanto, D Neher, GI Stegeman, WE Torruellas, MB Marques, ...","Third-order nonlinearities in organic polymers and the role of microscopic cascading of second-order hyperpolarizabilities",1992,"Molecular Crystals and Liquid Crystals Science and Technology","Section A …","","https://scholar.google.com/scholar?oi=bibs&hl=en&cites=15009051847951167220",345,"2023-03-01 18:45:02","","","","https://scholar.google.com/citations?view_op=view_citation&hl=en&user=jAKnshoAAAAJ&cstart=300&pagesize=100&citation_for_view=jAKnshoAAAAJ:EYYDruWGBe4C",,,,,11,0.35,2,6,31,"","",""
10,"B Pradhan, S Albrecht, B Stiller, D Neher","Inverted organic solar cells comprising low-temperature-processed ZnO films",2014,"Applied Physics A","","","https://scholar.google.com/scholar?oi=bibs&hl=en&cites=3435218641946210518",346,"2023-03-01 18:45:02","Journal article","","","https://scholar.google.com/citations?view_op=view_citation&hl=en&user=jAKnshoAAAAJ&cstart=300&pagesize=100&citation_for_view=jAKnshoAAAAJ:BqipwSGYUEgC",115,,365,369,10,1.11,3,4,9,"","",""
10,"BCD Salert, H Krueger, SA Bagnich, T Unger, F Jaiser, M Al‐Sa'di, ...","New polymer matrix system for phosphorescent organic light‐emitting diodes and the role of the small molecular co‐host",2013,"Journal of Polymer Science Part A: Polymer Chemistry","","","https://scholar.google.com/scholar?oi=bibs&hl=en&cites=6672893280505842375",347,"2023-03-01 18:45:02","Journal article","","","https://scholar.google.com/citations?view_op=view_citation&hl=en&user=jAKnshoAAAAJ&cstart=300&pagesize=100&citation_for_view=jAKnshoAAAAJ:AXPGKjj_ei8C",51,3,601,613,10,1.00,1,7,10,"","",""
10,"S Albrecht, S Yilmaz, I Dumsch, S Allard, U Scherf, S Beaupré, M Leclerc, ...","Solution processed organic tandem solar cells",2012,"Energy Procedia","","","https://scholar.google.com/scholar?oi=bibs&hl=en&cites=6126679141916026829",348,"2023-03-01 18:45:02","Journal article","","","https://scholar.google.com/citations?view_op=view_citation&hl=en&user=jAKnshoAAAAJ&cstart=300&pagesize=100&citation_for_view=jAKnshoAAAAJ:D_sINldO8mEC",31,,159,166,10,0.91,1,8,11,"","",""
10,"W Kreuder, D Neher, M Remmers","Polymers comprising olig-p-phenylene units, a process for their preparation and their use",2000,"US Patent 6,114,490","","","https://scholar.google.com/scholar?oi=bibs&hl=en&cites=15735781649183964910",349,"2023-03-01 18:45:02","Patent","","","https://scholar.google.com/citations?view_op=view_citation&hl=en&user=jAKnshoAAAAJ&cstart=300&pagesize=100&citation_for_view=jAKnshoAAAAJ:CaZNVDsoPx4C",,,,,10,0.43,3,3,23,"","",""
10,"D Neher, WE Torruellas, KB Rochford, MB Marques, R Zanoni, G Assanto, ...","Nonlinear optical probes of conjugated polymers",1992,"Synthetic metals 49 (1-3)","","","https://scholar.google.com/scholar?oi=bibs&hl=en&cites=10252450753690564041",350,"2023-03-01 18:45:02","Book chapter","","","https://scholar.google.com/citations?view_op=view_citation&hl=en&user=jAKnshoAAAAJ&cstart=300&pagesize=100&citation_for_view=jAKnshoAAAAJ:VaXvl8Fpj5cC",,,21,35,10,0.32,1,7,31,"","",""
10,"C Bubeck, A Kaltbeitzel, RW Lenz, D Neher, JD Stenger-Smith, G Wegner","Nonlinear optical properties of poly (p-phenylene vinylene) thin films",1989,"Nonlinear Optical Effects in Organic Polymers","","","https://scholar.google.com/scholar?oi=bibs&hl=en&cites=2861547479187595277",351,"2023-03-01 18:45:02","Book chapter","","","https://scholar.google.com/citations?view_op=view_citation&hl=en&user=jAKnshoAAAAJ&cstart=300&pagesize=100&citation_for_view=jAKnshoAAAAJ:_Qo2XoVZTnwC",,,143,147,10,0.29,2,6,34,"","",""
9,"J Kniepert, D Neher","Effect of the RC time on photocurrent transients and determination of charge carrier mobilities",2017,"Journal of Applied Physics","","","https://scholar.google.com/scholar?oi=bibs&hl=en&cites=12426789269820981645",352,"2023-03-01 18:45:02","Journal article","","","https://scholar.google.com/citations?view_op=view_citation&hl=en&user=jAKnshoAAAAJ&cstart=300&pagesize=100&citation_for_view=jAKnshoAAAAJ:NXb4pA-qfm4C",122,19,195501,195501,9,1.50,5,2,6,"","",""
9,"U Scherf, D Neher","Advances in Polymer Science, Polyfluorenes",2008,"","Springer-Verlag, Berlin Heidelberg","","https://scholar.google.com/scholar?oi=bibs&hl=en&cites=4473169844467874340",353,"2023-03-01 18:45:02","Book","","","https://scholar.google.com/citations?view_op=view_citation&hl=en&user=jAKnshoAAAAJ&cstart=300&pagesize=100&citation_for_view=jAKnshoAAAAJ:HeT0ZceujKMC",,,,,9,0.60,5,2,15,"","",""
9,"SJ Tans, RG Miedema, LJ Geerligs, C Dekker, J Wu, D Neher, G Wegner","Electronic transport in monolayers of phthalocyanine polymers",2003,"Nanotechnology","","","https://scholar.google.com/scholar?oi=bibs&hl=en&cites=2902480937097006482",354,"2023-03-01 18:45:02","Journal article","","","https://scholar.google.com/citations?view_op=view_citation&hl=en&user=jAKnshoAAAAJ&cstart=300&pagesize=100&citation_for_view=jAKnshoAAAAJ:4JMBOYKVnBMC",14,9,1043,1043,9,0.45,1,7,20,"","",""
9,"C Former, H Wagner, R Richert, D Neher, K Müllen","Orientation and Dynamics of Chainlike Dipole Arrays: Donor− Acceptor-Substituted Oligophenylenevinylenes in a Polymer Matrix",1999,"Macromolecules","","","https://scholar.google.com/scholar?oi=bibs&hl=en&cites=13312803839055524550",355,"2023-03-01 18:45:02","Journal article","","","https://scholar.google.com/citations?view_op=view_citation&hl=en&user=jAKnshoAAAAJ&cstart=300&pagesize=100&citation_for_view=jAKnshoAAAAJ:cWzG1nlazyYC",32,25,8551,8559,9,0.38,2,5,24,"","",""
8,"A Zen, P Pingel, D Neher, U Scherf","Organic transistors utilising highly soluble swivel‐cruciform oligothiophenes",2008,"physica status solidi (a)","","","https://scholar.google.com/scholar?oi=bibs&hl=en&cites=3751784032940124827",356,"2023-03-01 18:45:02","Journal article","","","https://scholar.google.com/citations?view_op=view_citation&hl=en&user=jAKnshoAAAAJ&cstart=300&pagesize=100&citation_for_view=jAKnshoAAAAJ:J_g5lzvAfSwC",205,3,440,448,8,0.53,2,4,15,"","",""
8,"T Kietzke, D Neher, R Montenegro, K Landfester, U Scherf, HH Hoerhold","Nanostructured solar cells based on semiconducting polymer nanospheres (SPNs) of M3EH-PPV and CN-Ether-PPV",2004,"Organic Photovoltaics IV","","","https://scholar.google.com/scholar?oi=bibs&hl=en&cites=17534094490835083983",358,"2023-03-01 18:45:02","Journal article","","","https://scholar.google.com/citations?view_op=view_citation&hl=en&user=jAKnshoAAAAJ&cstart=300&pagesize=100&citation_for_view=jAKnshoAAAAJ:_OXeSy2IsFwC",5215,,206,210,8,0.42,1,6,19,"","",""
8,"D Lupo, M Remmers, D Neher","Electroluminescene device with emission of polarized light",2000,"US Patent 6,040,069","","","https://scholar.google.com/scholar?oi=bibs&hl=en&cites=6068750521398887446",359,"2023-03-01 18:45:02","Patent","","","https://scholar.google.com/citations?view_op=view_citation&hl=en&user=jAKnshoAAAAJ&cstart=300&pagesize=100&citation_for_view=jAKnshoAAAAJ:LPZeul_q3PIC",,,,,8,0.35,3,3,23,"","",""
8,"MU Pralle, K Urayama, GN Tew, D Neher, G Wegner, SI Stupp","ZUSCHRIFTEN-Piezoelectricity in Polar Supramolecular Materials",2000,"Angewandte Chemie-German Edition","","","https://scholar.google.com/scholar?oi=bibs&hl=en&cites=4308030109736365647",360,"2023-03-01 18:45:02","Journal article","","","https://scholar.google.com/citations?view_op=view_citation&hl=en&user=jAKnshoAAAAJ&cstart=300&pagesize=100&citation_for_view=jAKnshoAAAAJ:Dem6FJhTUoYC",112,8,1546,1548,8,0.35,1,6,23,"","",""
8,"T Miteva, A Meisel, HG Nothofer, U Scherf, W Knoll, D Neher, M Grell, ...","Polymeric light-emitting diodes with highly polarized blue emission",1999,"Organic Light-Emitting Materials and Devices III","","","https://scholar.google.com/scholar?oi=bibs&hl=en&cites=16389032346967566712",361,"2023-03-01 18:45:02","Journal article","","","https://scholar.google.com/citations?view_op=view_citation&hl=en&user=jAKnshoAAAAJ&cstart=300&pagesize=100&citation_for_view=jAKnshoAAAAJ:PaBasH6fAo0C",3797,,231,236,8,0.33,1,8,24,"","",""
8,"R Šilerová, L Kalvoda, D Neher, A Ferencz, J Wu","Снемієткуої.",1998,"Chem. Mater","","","https://scholar.google.com/scholar?oi=bibs&hl=en&cites=5122177222960058146",362,"2023-03-01 18:45:02","Journal article","","","https://scholar.google.com/citations?view_op=view_citation&hl=en&user=jAKnshoAAAAJ&cstart=300&pagesize=100&citation_for_view=jAKnshoAAAAJ:b0M2c_1WBrUC",10,,2284,2292,8,0.32,2,5,25,"","",""
8,"A Laschewsky, W Paulus, H Ringsdorf, D Lupo, P Ottenbreit, W Prass, ...","Amphiphilic dyes for NLO in LB‐films",1991,"Makromolekulare Chemie. Macromolecular Symposia","","","https://scholar.google.com/scholar?oi=bibs&hl=en&cites=12416357285434971399",363,"2023-03-01 18:45:02","Journal article","","","https://scholar.google.com/citations?view_op=view_citation&hl=en&user=jAKnshoAAAAJ&cstart=300&pagesize=100&citation_for_view=jAKnshoAAAAJ:0izLItjtcgwC",46,1,205,210,8,0.25,1,7,32,"","",""
8,"C Bubeck, D Neher, A Kaltbeitzel, G Duda, T Arndt, T Sauer, G Wegner","Langmuir-Blodgett films of rigid rod polymers with controlled lateral orientation",1989,"Nonlinear Optical Effects in Organic Polymers","","","https://scholar.google.com/scholar?oi=bibs&hl=en&cites=16671199389536077672",364,"2023-03-01 18:45:02","Book chapter","","","https://scholar.google.com/citations?view_op=view_citation&hl=en&user=jAKnshoAAAAJ&cstart=300&pagesize=100&citation_for_view=jAKnshoAAAAJ:1taIhTC69MYC",,,185,193,8,0.24,1,7,34,"","",""
7,"CE Tait, A Reckwitz, M Arvind, D Neher, R Bittl, J Behrends","Spin–spin interactions and spin delocalisation in a doped organic semiconductor probed by EPR spectroscopy",2021,"Physical Chemistry Chemical Physics","","","https://scholar.google.com/scholar?oi=bibs&hl=en&cites=17931090827304068293",365,"2023-03-01 18:45:02","Journal article","","","https://scholar.google.com/citations?view_op=view_citation&hl=en&user=jAKnshoAAAAJ&cstart=300&pagesize=100&citation_for_view=jAKnshoAAAAJ:qE4H1tSSYIIC",23,25,13827,13841,7,3.50,1,6,2,"","",""
7,"M Raoufi, U Hörmann, G Ligorio, J Hildebrandt, M Pätzel, T Schultz, ...","Simultaneous Effect of Ultraviolet Radiation and Surface Modification on the Work Function and Hole Injection Properties of ZnO Thin Films",2020,"physica status solidi (a)","","","https://scholar.google.com/scholar?oi=bibs&hl=en&cites=3028784398143063891",366,"2023-03-01 18:45:02","Journal article","","","https://scholar.google.com/citations?view_op=view_citation&hl=en&user=jAKnshoAAAAJ&cstart=300&pagesize=100&citation_for_view=jAKnshoAAAAJ:SGW5VrABaM0C",217,5,1900876,1900876,7,2.33,1,7,3,"","",""
7,"J Diekmann, P Caprioglio, D Rothhardt, M Arvind, T Unold, T Kirchartz, ...","Pathways towards 30% efficient perovskite solar cells",2019,"arXiv preprint arXiv:1910.","","","https://scholar.google.com/scholar?oi=bibs&hl=en&cites=9672680416028056219",367,"2023-03-01 18:45:02","Preprint","","","https://scholar.google.com/citations?view_op=view_citation&hl=en&user=jAKnshoAAAAJ&cstart=300&pagesize=100&citation_for_view=jAKnshoAAAAJ:w1MjKQ0l0TYC",7422,,,,7,1.75,1,7,4,"","",""
7,"TA Trottier","LED lamp with fusible metal heat management elements",2019,"US Patent 10,168,030","","","https://scholar.google.com/scholar?oi=bibs&hl=en&cites=1235141907101116677,497912732082440208",368,"2023-03-01 18:45:02","Patent","","","https://scholar.google.com/citations?view_op=view_citation&hl=en&user=jAKnshoAAAAJ&cstart=300&pagesize=100&citation_for_view=jAKnshoAAAAJ:zYLM7Y9cAGgC",,,,,7,1.75,7,1,4,"","",""
7,"XH Yang, F Jaiser, D Neher","Physical processes in polymer-based electrophosphorescent devices",2008,"Highly efficient OLEDs with phosphorescent materials","","","https://scholar.google.com/scholar?oi=bibs&hl=en&cites=1251447992331090539",369,"2023-03-01 18:45:02","Book chapter","","","https://scholar.google.com/citations?view_op=view_citation&hl=en&user=jAKnshoAAAAJ&cstart=300&pagesize=100&citation_for_view=jAKnshoAAAAJ:Zph67rFs4hoC",,,221,58,7,0.47,2,3,15,"","",""
7,"B Stiller, P Karageorgiev, T Geue, K Morawetz, M Saphiannikova, ...","Optically induced mass transport studied by scanning near-field optical-and atomic force microscopy",2004,"PHYSICS OF LOW DIMENSIONAL STRUCTURES","","","https://scholar.google.com/scholar?oi=bibs&hl=en&cites=15256242779337706199",370,"2023-03-01 18:45:02","Book chapter","","","https://scholar.google.com/citations?view_op=view_citation&hl=en&user=jAKnshoAAAAJ&cstart=300&pagesize=100&citation_for_view=jAKnshoAAAAJ:2tRrZ1ZAMYUC",,,129,138,7,0.37,1,6,19,"","",""
7,"HG Nothofer, M Oda, D Neher, U Scherf","Chiral liquid-crystalline poly (9.9-dialkflourene) s for circularly polarized electroluminescence",2000,"Liquid Crystals IV","","","https://scholar.google.com/scholar?oi=bibs&hl=en&cites=9795154513287205319",371,"2023-03-01 18:45:02","Journal article","","","https://scholar.google.com/citations?view_op=view_citation&hl=en&user=jAKnshoAAAAJ&cstart=300&pagesize=100&citation_for_view=jAKnshoAAAAJ:TIZ-Mc8IlK0C",4107,,19,23,7,0.30,2,4,23,"","",""
7,"TK Däubler, S Pfeiffer, HH Hörhold, D Neher","Photogeneration of charge carriers in segmented arylamino-PPV derivatives",1999,"Optical Materials 12 (2-3)","","","https://scholar.google.com/scholar?oi=bibs&hl=en&cites=11991059463676989850",372,"2023-03-01 18:45:02","Book chapter","","","https://scholar.google.com/citations?view_op=view_citation&hl=en&user=jAKnshoAAAAJ&cstart=300&pagesize=100&citation_for_view=jAKnshoAAAAJ:kh2fBNsKQNwC",,,373,378,7,0.29,2,4,24,"","",""
7,"M Cha, D Neher, FW Embs, S Mittler-Neher, G Stegeman","Determination of the two first non-trivial orientational order parameters in LB films of rod-like molecules by third-order sum frequency mixing",1993,"Chemical physics letters 202 (1-2)","","","https://scholar.google.com/scholar?oi=bibs&hl=en&cites=1317417133178951720",373,"2023-03-01 18:45:02","Journal article","","","https://scholar.google.com/citations?view_op=view_citation&hl=en&user=jAKnshoAAAAJ&cstart=300&pagesize=100&citation_for_view=jAKnshoAAAAJ:_kc_bZDykSQC",,,44,50,7,0.23,1,5,30,"","",""
7,"D Neher, S Mittler-Neher, M Cha, GI Stegeman, FW Embs, G Wegner, ...","Determination of the orientational order parameters< P* 2>,< P* 4> in a polysilane LB film via polarization-dependent THG",1991,"Nonlinear Optical Properties of Organic Materials IV","","","https://scholar.google.com/scholar?oi=bibs&hl=en&cites=7186105895068378780",374,"2023-03-01 18:45:02","Journal article","","","https://scholar.google.com/citations?view_op=view_citation&hl=en&user=jAKnshoAAAAJ&cstart=300&pagesize=100&citation_for_view=jAKnshoAAAAJ:ye4kPcJQO24C",1560,,335,343,7,0.22,1,7,32,"","",""
7,"C Bubeck, A Kaltbeitzel, D Neher, JD Stenger-Smith, G Wegner, A Wolf","Nonlinear Optical Properties of Thin Films of Polymers with a One-Dimensional Conjugated Electron System",1989,"Electronic Properties of Conjugated Polymers III","","","https://scholar.google.com/scholar?oi=bibs&hl=en&cites=7085481895918780453",375,"2023-03-01 18:45:02","Journal article","","","https://scholar.google.com/citations?view_op=view_citation&hl=en&user=jAKnshoAAAAJ&cstart=300&pagesize=100&citation_for_view=jAKnshoAAAAJ:7wO8s98CvbsC",19,,214,219,7,0.21,1,6,34,"","",""
6,"J Yu, Y Xing, Z Shen, Y Zhu, D Neher, N Koch, G Lu","Infrared spectroscopy depth profiling of organic thin films",2021,"Materials Horizons","","","https://scholar.google.com/scholar?oi=bibs&hl=en&cites=4494752456522153659",376,"2023-03-01 18:45:02","Journal article","","","https://scholar.google.com/citations?view_op=view_citation&hl=en&user=jAKnshoAAAAJ&cstart=300&pagesize=100&citation_for_view=jAKnshoAAAAJ:1tZ8xJnm2c8C",8,5,1461,1471,6,3.00,1,7,2,"","",""
6,"S Samson, J Rech, L Perdigon-Toro, Z Peng, S Shoaee, H Ade, D Neher, ...","Organic Solar Cells with Large Insensitivity to Donor Polymer Molar Mass across All Acceptor Classes",2020,"ACS Applied Polymer Materials","","","https://scholar.google.com/scholar?oi=bibs&hl=en&cites=15390818448099228702",377,"2023-03-01 18:45:02","Journal article","","","https://scholar.google.com/citations?view_op=view_citation&hl=en&user=jAKnshoAAAAJ&cstart=300&pagesize=100&citation_for_view=jAKnshoAAAAJ:SIv7DqKytYAC",2,11,5300,5308,6,2.00,1,8,3,"","",""
6,"SA Bagnich, T Unger, F Jaiser, D Neher, MW Thesen, H Krueger","Efficient green electrophosphorescence based on ambipolar nonconjugated polymers: Evaluation of transport and emission properties",2011,"Journal of Applied Physics","","","https://scholar.google.com/scholar?oi=bibs&hl=en&cites=2897454893046738521",378,"2023-03-01 18:45:02","Journal article","","","https://scholar.google.com/citations?view_op=view_citation&hl=en&user=jAKnshoAAAAJ&cstart=300&pagesize=100&citation_for_view=jAKnshoAAAAJ:RHpTSmoSYBkC",110,3,33724,33724,6,0.50,1,6,12,"","",""
6,"D Sainova, H Fujikawa, U Scherf, D Neher","The effect of hole traps on the performance of single layer polymer light emitting diodes",1999,"Optical Materials 12 (2-3)","","","https://scholar.google.com/scholar?oi=bibs&hl=en&cites=9527961350221234855",379,"2023-03-01 18:45:02","Book chapter","","","https://scholar.google.com/citations?view_op=view_citation&hl=en&user=jAKnshoAAAAJ&cstart=300&pagesize=100&citation_for_view=jAKnshoAAAAJ:vbGhcppDl1QC",,,387,390,6,0.25,2,4,24,"","",""
6,"A DuChesne, A Bojkova, J Rottstegge, G Glasser, D Neher, S Krieger","Film formation of heterogeneous latex systems—a comparative study by mechanical testing, electron microscopy, interferometry and solid state NMR",1999,"Physical Chemistry Chemical Physics","","","https://scholar.google.com/scholar?oi=bibs&hl=en&cites=17486682417319116321",380,"2023-03-01 18:45:02","Journal article","","","https://scholar.google.com/citations?view_op=view_citation&hl=en&user=jAKnshoAAAAJ&cstart=300&pagesize=100&citation_for_view=jAKnshoAAAAJ:3NQIlFlcGxIC",1,17,3871,3878,6,0.25,1,6,24,"","",""
6,"P Gattinger, H Rengel, D Neher","Photogeneration of charge carriers in anisotropic multilayer structures of phthalocyaninato-polysiloxane",1998,"Journal of applied physics","","","https://scholar.google.com/scholar?oi=bibs&hl=en&cites=3194789983043893896",381,"2023-03-01 18:45:02","Journal article","","","https://scholar.google.com/citations?view_op=view_citation&hl=en&user=jAKnshoAAAAJ&cstart=300&pagesize=100&citation_for_view=jAKnshoAAAAJ:M3NEmzRMIkIC",84,7,3731,3740,6,0.24,2,3,25,"","",""
6,"SE Burns, N Pfeffer, J Grüner, D Neher, RH Friend","Microcavity optical mode structure measurements via absorption and emission of polymer thin films",1997,"Synthetic metals 84 (1-3)","","","https://scholar.google.com/scholar?oi=bibs&hl=en&cites=17694828155719105363",382,"2023-03-01 18:45:02","Book chapter","","","https://scholar.google.com/citations?view_op=view_citation&hl=en&user=jAKnshoAAAAJ&cstart=300&pagesize=100&citation_for_view=jAKnshoAAAAJ:SjuI4pbJlxcC",,,887,888,6,0.23,1,5,26,"","",""
5,"F Peña-Camargo, J Thiesbrummel, H Hempel, A Musiienko, VM Le Corre, ...","Revealing the doping density in perovskite solar cells and its impact on device performance",2022,"Applied Physics Reviews","","","https://scholar.google.com/scholar?oi=bibs&hl=en&cites=2029213018938060924",383,"2023-03-01 18:45:02","Journal article","","","https://scholar.google.com/citations?view_op=view_citation&hl=en&user=jAKnshoAAAAJ&cstart=300&pagesize=100&citation_for_view=jAKnshoAAAAJ:NxmKEeNBbOMC",9,2,21409,21409,5,5.00,1,6,1,"","",""
5,"JA Love, M Feuerstein, CM Wolff, A Facchetti, D Neher","Lead Halide Perovskites as Charge Generation Layers for Electron Mobility Measurement in Organic Semiconductors",2017,"ACS applied materials &interfaces","","","https://scholar.google.com/scholar?oi=bibs&hl=en&cites=5573140232649915698",384,"2023-03-01 18:45:02","Journal article","","","https://scholar.google.com/citations?view_op=view_citation&hl=en&user=jAKnshoAAAAJ&cstart=300&pagesize=100&citation_for_view=jAKnshoAAAAJ:K3LRdlH-MEoC",9,48,42011,42019,5,0.83,1,5,6,"","",""
5,"G Ligorio, MV Nardi, R Steyrleuthner, D Ihiawakrim, N Crespo-Monteiro, ...","Metal nanoparticle mediated space charge and its optical control in an organic hole-only device",2016,"Applied Physics Letters","","","https://scholar.google.com/scholar?oi=bibs&hl=en&cites=14847495566073962909",385,"2023-03-01 18:45:02","Journal article","","","https://scholar.google.com/citations?view_op=view_citation&hl=en&user=jAKnshoAAAAJ&cstart=300&pagesize=100&citation_for_view=jAKnshoAAAAJ:nVrZBo8bIpAC",108,15,153302,153302,5,0.71,1,6,7,"","",""
5,"SA Bagnich, H Bässler, D Neher","Exciton dynamics in ladder-type methyl-poly (para-phenylene) doped with phosphorescent dyes",2005,"Journal of luminescence 112 (1-4)","","","https://scholar.google.com/scholar?oi=bibs&hl=en&cites=14259714666391735827",386,"2023-03-01 18:45:02","Journal article","","","https://scholar.google.com/citations?view_op=view_citation&hl=en&user=jAKnshoAAAAJ&cstart=300&pagesize=100&citation_for_view=jAKnshoAAAAJ:Ehil0879vHcC",,,377,380,5,0.28,2,3,18,"","",""
5,"VN Bliznyuk, D Neher, II Ponomarev, VV Tsukruk","Structure-fluorescence properties of some naphthoylene-benzimidazole-based Langmuir-Blodgett films",1996,"Thin solid films 287 (1-2)","","","https://scholar.google.com/scholar?oi=bibs&hl=en&cites=15970967386399260112",387,"2023-03-01 18:45:02","Book chapter","","","https://scholar.google.com/citations?view_op=view_citation&hl=en&user=jAKnshoAAAAJ&cstart=300&pagesize=100&citation_for_view=jAKnshoAAAAJ:zCSUwVk65WsC",,,232,236,5,0.19,1,4,27,"","",""
5,"A Kaltbeitzel, D Neher, C Bubeck, T Sauer, G Wegner, W Caseri","Influence of the film preparation on the nonlinear optical properties of phthalocyanine films",1989,"Electronic Properties of Conjugated Polymers III","","","https://scholar.google.com/scholar?oi=bibs&hl=en&cites=11262859215315009859",388,"2023-03-01 18:45:02","Journal article","","","https://scholar.google.com/citations?view_op=view_citation&hl=en&user=jAKnshoAAAAJ&cstart=300&pagesize=100&citation_for_view=jAKnshoAAAAJ:Ug5p-4gJ2f0C",91,,220,224,5,0.15,1,6,34,"","",""
4,"M Pranav, J Benduhn, M Nyman, SM Hosseini, J Kublitski, S Shoaee, ...","Enhanced Charge Selectivity via Anodic-C60 Layer Reduces Nonradiative Losses in Organic Solar Cells",2021,"ACS Applied Materials &Interfaces","","","https://scholar.google.com/scholar?oi=bibs&hl=en&cites=14677404145335019827",389,"2023-03-01 18:45:02","Journal article","","","https://scholar.google.com/citations?view_op=view_citation&hl=en&user=jAKnshoAAAAJ&cstart=300&pagesize=100&citation_for_view=jAKnshoAAAAJ:0aBXIfxlw9sC",13,10,12603,12609,4,2.00,1,7,2,"","",""
4,"L Fang, F Holzmueller, T Matulaitis, A Baasner, C Hauenstein, J Benduhn, ...","Fluorine-containing low-energy-gap organic dyes with low voltage losses for organic solar cells",2016,"Synthetic Metals","","","https://scholar.google.com/scholar?oi=bibs&hl=en&cites=6909006205278639926",390,"2023-03-01 18:45:02","Journal article","","","https://scholar.google.com/citations?view_op=view_citation&hl=en&user=jAKnshoAAAAJ&cstart=300&pagesize=100&citation_for_view=jAKnshoAAAAJ:9vf0nzSNQJEC",222,,232,239,4,0.57,1,7,7,"","",""
4,"JM Ilnytskyi, M Saphiannikova, D Neher, MP Allen","Computer Simulation of Side-Chain Liquid Crystal Polymer Melts and Elastomers",2016,"Liquid Crystalline Polymers: Volume 1–Structure and Chemistry","","","https://scholar.google.com/scholar?oi=bibs&hl=en&cites=17176194608482362148",391,"2023-03-01 18:45:02","Book chapter","","","https://scholar.google.com/citations?view_op=view_citation&hl=en&user=jAKnshoAAAAJ&cstart=300&pagesize=100&citation_for_view=jAKnshoAAAAJ:L1USKYWJimsC",,,93,129,4,0.57,1,4,7,"","",""
4,"S Schaefer, S Albrecht, D Neher, TF Schulze, E Conrad, L Korte, B Rech, ...","Electric field distribution in hybrid solar cells comprising an organic donor polymer and amorphous silicon",2014,"Organic Photonics and Photovoltaics","","","https://scholar.google.com/scholar?oi=bibs&hl=en&cites=16784833040227386383",392,"2023-03-01 18:45:02","Journal article","","","https://scholar.google.com/citations?view_op=view_citation&hl=en&user=jAKnshoAAAAJ&cstart=300&pagesize=100&citation_for_view=jAKnshoAAAAJ:MhiOAD_qIWkC",2,1,4,4,4,0.44,1,8,9,"","",""
4,"T Miteva, G Nelles, A Yasuda, A Meisel, D Neher","Aligned emissive polymer blend, film and device based thereon",2007,"US Patent 7,232,593","","","https://scholar.google.com/scholar?oi=bibs&hl=en&cites=17624700943964753863",393,"2023-03-01 18:45:02","Patent","","","https://scholar.google.com/citations?view_op=view_citation&hl=en&user=jAKnshoAAAAJ&cstart=300&pagesize=100&citation_for_view=jAKnshoAAAAJ:6bLC7aUMtPcC",,,,,4,0.25,1,5,16,"","",""
4,"R Gerhard-Multhaupt, M Wegener, W Kunstler, W Wirges, T Gorne, ...","Inverse piezoelectricity of porous PTFE films with bipolar space charge",2000,"2000 Annual Report Conference on Electrical Insulation and Dielectric …","","","https://scholar.google.com/scholar?oi=bibs&hl=en&cites=16799402817821369582",394,"2023-03-01 18:45:02","Conference paper","","","https://scholar.google.com/citations?view_op=view_citation&hl=en&user=jAKnshoAAAAJ&cstart=300&pagesize=100&citation_for_view=jAKnshoAAAAJ:WHdLCjDvYFkC",,,,,4,0.17,1,6,23,"","",""
4,"HG Nothofer, T Miteva, A Meisel, D Neher, U Scherf, D Lupo, A Yasuda, ...","Poly (9, 9-dialkylfluorene) derivatives forming highly oriented films.",1999,"ABSTRACTS OF PAPERS OF THE AMERICAN CHEMICAL SOCIETY 218, U553-U","","","https://scholar.google.com/scholar?oi=bibs&hl=en&cites=7393486025923092821",395,"2023-03-01 18:45:02","Abstract","","","https://scholar.google.com/citations?view_op=view_citation&hl=en&user=jAKnshoAAAAJ&cstart=300&pagesize=100&citation_for_view=jAKnshoAAAAJ:ZuybSZzF8UAC",553,,,,4,0.17,1,8,24,"","",""
4,"H Rengel, P Gattinger, R Šilerová, D Neher","Conductivity Measurements of Electrochemically Oxidized Langmuir− Blodgett Films of Phthalocyaninato− Polysiloxane",1999,"The Journal of Physical Chemistry B","","","https://scholar.google.com/scholar?oi=bibs&hl=en&cites=8304762451836921704",396,"2023-03-01 18:45:02","Journal article","","","https://scholar.google.com/citations?view_op=view_citation&hl=en&user=jAKnshoAAAAJ&cstart=300&pagesize=100&citation_for_view=jAKnshoAAAAJ:evX43VCCuoAC",103,33,6858,6862,4,0.17,1,4,24,"","",""
4,"HJ Winkelhahn, D Neher","Electro-optical and electro-mechanical properties of poled polymer films",1994,"Nonlinear Optical Properties of Organic Materials VII","","","https://scholar.google.com/scholar?oi=bibs&hl=en&cites=16591032393587192751",397,"2023-03-01 18:45:02","Journal article","","","https://scholar.google.com/citations?view_op=view_citation&hl=en&user=jAKnshoAAAAJ&cstart=300&pagesize=100&citation_for_view=jAKnshoAAAAJ:FiytvqdAVhgC",2285,,41,48,4,0.14,2,2,29,"","",""
3,"P Trimby, A Bewick, D Abou-Ras, P Caprioglio, D Neher, L Otter","The Analysis of Sensitive Materials Using EBSD: The Importance of Beam Conditions and Detector Sensitivity",2019,"Microscopy and Microanalysis 25 (S2)","","","https://scholar.google.com/scholar?oi=bibs&hl=en&cites=4980273885761952176",398,"2023-03-01 18:45:02","Book chapter","","","https://scholar.google.com/citations?view_op=view_citation&hl=en&user=jAKnshoAAAAJ&cstart=300&pagesize=100&citation_for_view=jAKnshoAAAAJ:FiDNX6EVdGUC",,,2394,2395,3,0.75,1,6,4,"","",""
3,"U Hörmann, S Zeiske, S Park, T Schultz, S Kickhöfel, U Scherf, ...","Direct observation of state-filling at hybrid tin oxide/organic interfaces",2019,"Applied Physics Letters","","","https://scholar.google.com/scholar?oi=bibs&hl=en&cites=8377746898189772154",399,"2023-03-01 18:45:02","Journal article","","","https://scholar.google.com/citations?view_op=view_citation&hl=en&user=jAKnshoAAAAJ&cstart=300&pagesize=100&citation_for_view=jAKnshoAAAAJ:e_rmSamDkqQC",114,18,183301,183301,3,0.75,0,7,4,"","",""
3,"H Rengel, M Altmann, D Neher, BC Harrison, ML Myrick, UHF Bunz","Assignment of the Optical Transitions in 1, 3-Diethynylcyclobutadiene (cyclopentadienyl) cobalt Oligomers",1999,"The Journal of Physical Chemistry B","","","https://scholar.google.com/scholar?oi=bibs&hl=en&cites=7724071382802470487",400,"2023-03-01 18:45:02","Journal article","","","https://scholar.google.com/citations?view_op=view_citation&hl=en&user=jAKnshoAAAAJ&cstart=300&pagesize=100&citation_for_view=jAKnshoAAAAJ:_Ybze24A_UAC",103,47,10335,10337,3,0.13,1,6,24,"","",""
3,"C Bubeck, A Grund, A Kaltbeitzel, D Neher, A Mathy, G Wegner","Third Order Nonlinear Optical Effects in Conjugated Polymers and Dye Systems",1991,"Organic Molecules for Nonlinear Optics and Photonics","","","https://scholar.google.com/scholar?oi=bibs&hl=en&cites=16110586521782953036",401,"2023-03-01 18:45:02","Book chapter","","","https://scholar.google.com/citations?view_op=view_citation&hl=en&user=jAKnshoAAAAJ&cstart=400&pagesize=100&citation_for_view=jAKnshoAAAAJ:U4n9YNQMCAIC",,,335,343,3,0.09,1,6,32,"","",""
3,"D Neher, A Kaltbeitzel, A Wolf, C Bubeck, G Wegner","Nonlinear optical properties of ultrathin polymer films",1990,"Conjugated Polymeric Materials: Opportunities in Electronics …","","","https://scholar.google.com/scholar?oi=bibs&hl=en&cites=5678762058250434055",402,"2023-03-01 18:45:02","","","","https://scholar.google.com/citations?view_op=view_citation&hl=en&user=jAKnshoAAAAJ&cstart=400&pagesize=100&citation_for_view=jAKnshoAAAAJ:08ZZubdj9fEC",,,,,3,0.09,1,5,33,"","",""
2,"K Brinkmann, T Becker, F Zimmermann, T Gahlmann, M Theisen, ...","23.5% efficient monolithic perovskite/organic tandem solar cells based on an ultra-thin metal-like metal-oxide interconnect.",2020,"","","","https://scholar.google.com/scholar?oi=bibs&hl=en&cites=15218867304832231032",403,"2023-03-01 18:45:02","","","","https://scholar.google.com/citations?view_op=view_citation&hl=en&user=jAKnshoAAAAJ&cstart=400&pagesize=100&citation_for_view=jAKnshoAAAAJ:8Xgff_V0N9gC",,,,,2,0.67,0,6,3,"","",""
2,"J Diekmann, P Caprioglio, D Rothhardt, M Arvind, T Unold, T Kirchartz, ...","Pathways towards 30% efficient single-junction perovskite solar cells",2019,"ResearchGate preprint, Oct","","","https://scholar.google.com/scholar?oi=bibs&hl=en&cites=5281571736617185987",404,"2023-03-01 18:45:02","Preprint","","","https://scholar.google.com/citations?view_op=view_citation&hl=en&user=jAKnshoAAAAJ&cstart=400&pagesize=100&citation_for_view=jAKnshoAAAAJ:ziOE8S1-AIUC",,,,,2,0.50,0,7,4,"","",""
2,"JM Ilnytskyi, D Neher, M Saphiannikova","Molecular dynamics simulations of photo‐induced deformations in azobenzene‐containing polymers",2009,"AIP Conference Proceedings","","","https://scholar.google.com/scholar?oi=bibs&hl=en&cites=6454449995615433201",405,"2023-03-01 18:45:02","Conference paper","","","https://scholar.google.com/citations?view_op=view_citation&hl=en&user=jAKnshoAAAAJ&cstart=400&pagesize=100&citation_for_view=jAKnshoAAAAJ:wbdj-CoPYUoC",1091,1,253,255,2,0.14,1,3,14,"","",""
2,"XH Yang, T Kietzke, F Jaiser, D Neher","Polymer light emitting diodes based on LiF/Al composite cathode",2003,"Synthetic metals","","","https://scholar.google.com/scholar?oi=bibs&hl=en&cites=9315103646697473145",406,"2023-03-01 18:45:02","Journal article","","","https://scholar.google.com/citations?view_op=view_citation&hl=en&user=jAKnshoAAAAJ&cstart=400&pagesize=100&citation_for_view=jAKnshoAAAAJ:BUYA1_V_uYcC",1,137,1503,1504,2,0.10,1,4,20,"","",""
2,"T Jaworek, G Glasser, RH Wieringa, AJ Schouten, G Wegner, D Neher","Electromechanical properties of anisotrope ultrathin layers of polyglutamates",1998,"Second-Order Organic Nonlinear Optics","","","https://scholar.google.com/scholar?oi=bibs&hl=en&cites=16967074755398103616",407,"2023-03-01 18:45:02","Journal article","","","https://scholar.google.com/citations?view_op=view_citation&hl=en&user=jAKnshoAAAAJ&cstart=400&pagesize=100&citation_for_view=jAKnshoAAAAJ:PYBJJbyH-FwC",3474,,54,62,2,0.08,0,6,25,"","",""
2,"L Kalvoda, D Neher, A Ferencz, J Wu, G Wegner","Electrical Conductivity of Highly Organized Langmuir-Blodgett Films of Phthalocyaninato-Polysiloxane",1998,"Chemical Materials","","","https://scholar.google.com/scholar?oi=bibs&hl=en&cites=11944861250072990092",408,"2023-03-01 18:45:02","Journal article","","","https://scholar.google.com/citations?view_op=view_citation&hl=en&user=jAKnshoAAAAJ&cstart=400&pagesize=100&citation_for_view=jAKnshoAAAAJ:pS0ncopqnHgC",10,,2284,2292,2,0.08,0,5,25,"","",""
2,"C Bubeck, D Neher, A Kaltbeitzel","Nonlinear optical properties of thin organic films",1990,"Makromolekulare Chemie. Macromolecular Symposia","","","https://scholar.google.com/scholar?oi=bibs&hl=en&cites=15235383283150103681",409,"2023-03-01 18:45:02","Journal article","","","https://scholar.google.com/citations?view_op=view_citation&hl=en&user=jAKnshoAAAAJ&cstart=400&pagesize=100&citation_for_view=jAKnshoAAAAJ:AHdEip9mkN0C",37,1,239,245,2,0.06,1,3,33,"","",""
1,"J Thiesbrummel, F Peña‐Camargo, KO Brinkmann, E Gutierrez‐Partida, ...","Understanding and Minimizing VOC Losses in All‐Perovskite Tandem Photovoltaics",2023,"Advanced Energy Materials","","","https://scholar.google.com/scholar?oi=bibs&hl=en&cites=8360135509191341844",410,"2023-03-01 18:45:02","Journal article","","","https://scholar.google.com/citations?view_op=view_citation&hl=en&user=jAKnshoAAAAJ&cstart=400&pagesize=100&citation_for_view=jAKnshoAAAAJ:YB4bud6kWLwC",13,3,2202674,2202674,1,1.00,0,5,1,"","",""
1,"D Kroh, F Eller, K Schötz, S Wedler, L Perdigón‐Toro, G Freychet, Q Wei, ...","Identifying the Signatures of Intermolecular Interactions in Blends of PM6 with Y6 and N4 Using Absorption Spectroscopy",2022,"Advanced Functional Materials","","","https://scholar.google.com/scholar?oi=bibs&hl=en&cites=7527864377433174545",411,"2023-03-01 18:45:02","Journal article","","","https://scholar.google.com/citations?view_op=view_citation&hl=en&user=jAKnshoAAAAJ&cstart=400&pagesize=100&citation_for_view=jAKnshoAAAAJ:t-hv7AR41mYC",32,44,2205711,2205711,1,1.00,0,8,1,"","",""
1,"J Vollbrecht, N Tokmoldin, B Sun, VV Brus, S Shoaee, D Neher","Determination of the charge carrier density in organic solar cells: A tutorial",2022,"Journal of Applied Physics","","","https://scholar.google.com/scholar?oi=bibs&hl=en&cites=16132694805459984230",412,"2023-03-01 18:45:02","Journal article","","","https://scholar.google.com/citations?view_op=view_citation&hl=en&user=jAKnshoAAAAJ&cstart=400&pagesize=100&citation_for_view=jAKnshoAAAAJ:hvmnpdAuIbkC",131,22,221101,221101,1,1.00,0,6,1,"","",""
1,"D Neusser, B Sun, WL Tan, L Thomsen, T Schultz, L Perdigón-Toro, ...","Spectroelectrochemically determined energy levels of PM6: Y6 blends and their relevance to solar cell performance",2022,"Journal of Materials Chemistry C","","","https://scholar.google.com/scholar?oi=bibs&hl=en&cites=18325324021142254457",413,"2023-03-01 18:45:02","Journal article","","","https://scholar.google.com/citations?view_op=view_citation&hl=en&user=jAKnshoAAAAJ&cstart=400&pagesize=100&citation_for_view=jAKnshoAAAAJ:BJrgspguQaEC",10,32,11565,11578,1,1.00,0,7,1,"","",""
1,"G Zuo, S Shoaee, M Kemerink, D Neher","General Rules for the Impact of Energetic Disorder and Mobility on Nongeminate Recombination in Phase-Separated Organic Solar Cells",2021,"Physical Review Applied","","","https://scholar.google.com/scholar?oi=bibs&hl=en&cites=8400286441719960615",414,"2023-03-01 18:45:02","Journal article","","","https://scholar.google.com/citations?view_op=view_citation&hl=en&user=jAKnshoAAAAJ&cstart=400&pagesize=100&citation_for_view=jAKnshoAAAAJ:Wq2b2clWBLsC",16,3,34027,34027,1,0.50,0,4,2,"","",""
1,"HJ Winkelhahn, D Neher, TK Servay, H Rengel, M Pfaadt, C Böffel, ...","Relaxation and Aging in Poled Polymer Films",2020,"Poled Polymers and their Applications to SHG and EO Devices","","","https://scholar.google.com/scholar?oi=bibs&hl=en&cites=16099243594980660668",415,"2023-03-01 18:45:02","Book chapter","","","https://scholar.google.com/citations?view_op=view_citation&hl=en&user=jAKnshoAAAAJ&cstart=400&pagesize=100&citation_for_view=jAKnshoAAAAJ:FPJr55Dyh1AC",,,179,194,1,0.33,0,7,3,"","",""
1,"F Zu, P Amsalem, DA Egger, R Wang, CM Wolff, H Fang, M Loi, D Neher, ...","Constructing CH3NH3PbI3 and CH3NH3PbBr3 perovskite thin film electronic structure from single crystl band structure measurement",2019,"J. Phys. Chem. Lett","","","https://scholar.google.com/scholar?oi=bibs&hl=en&cites=1796598442923143954",416,"2023-03-01 18:45:02","Journal article","","","https://scholar.google.com/citations?view_op=view_citation&hl=en&user=jAKnshoAAAAJ&cstart=400&pagesize=100&citation_for_view=jAKnshoAAAAJ:-6RzNnnwWf8C",10,,601,601,1,0.25,0,9,4,"","",""
1,"M Schubert, J Frisch, S Allard, E Preis, U Scherf, N Koch, D Neher","Tuning Side Chain and Main Chain Order in a Prototypical Donor–Acceptor Copolymer: Implications for Optical, Electronic, and Photovoltaic Characteristics",2017,"Elementary Processes in Organic Photovoltaics","","","https://scholar.google.com/scholar?oi=bibs&hl=en&cites=2477040531738213541",417,"2023-03-01 18:45:02","Book chapter","","","https://scholar.google.com/citations?view_op=view_citation&hl=en&user=jAKnshoAAAAJ&cstart=400&pagesize=100&citation_for_view=jAKnshoAAAAJ:IWHjjKOFINEC",,,243,265,1,0.17,0,7,6,"","",""
1,"AE Pochtenny, AN Lappo, P Karageorgiev, D Neher, B Stiller, T Kietzke","Photoassisted scanning tunneling microscopy of Me-LPPP and MEH PPV based nanocomposite films",2009,"Physics, Chemistry And Application Of Nanostructures: Reviews and Short …","","","https://scholar.google.com/scholar?oi=bibs&hl=en&cites=7805279716505223941",418,"2023-03-01 18:45:02","Journal article","","","https://scholar.google.com/citations?view_op=view_citation&hl=en&user=jAKnshoAAAAJ&cstart=400&pagesize=100&citation_for_view=jAKnshoAAAAJ:NJ774b8OgUMC",,,,,1,0.07,0,6,14,"","",""
1,"I Muzikante, M Rutkis, E Fonavs, B Stiller, D Neher, V Kampars, P Pastors","Light induced processes in thin films of indandione type organic molecules",2007,"Organic Photonic Materials and Devices IX","","","https://scholar.google.com/scholar?oi=bibs&hl=en&cites=17185141693417598517",419,"2023-03-01 18:45:02","Journal article","","","https://scholar.google.com/citations?view_op=view_citation&hl=en&user=jAKnshoAAAAJ&cstart=400&pagesize=100&citation_for_view=jAKnshoAAAAJ:XUvXOeBm_78C",6470,,210,218,1,0.06,0,7,16,"","",""
1,"M Behl, R Zentel, A Zen, S Lucht, D Neher","4.4 Nanostructured Polytriarylamines: Orientation Layers for Polyfluorene",2004,"Synthese und Strukturierung von Polymeren Halbleitern: Triphenylamine und …","","","https://scholar.google.com/scholar?oi=bibs&hl=en&cites=16413387683902217323",420,"2023-03-01 18:45:02","","","","https://scholar.google.com/citations?view_op=view_citation&hl=en&user=jAKnshoAAAAJ&cstart=400&pagesize=100&citation_for_view=jAKnshoAAAAJ:nRpfm8aw39MC",,,,,1,0.05,0,5,19,"","",""
1,"A Rogalski","Applied Physics Reviews",2003,"JOURNAL OF APPLIED PHYSICS","","","https://scholar.google.com/scholar?oi=bibs&hl=en&cites=2598184429536256472",421,"2023-03-01 18:45:02","Journal article","","","https://scholar.google.com/citations?view_op=view_citation&hl=en&user=jAKnshoAAAAJ&cstart=400&pagesize=100&citation_for_view=jAKnshoAAAAJ:abG-DnoFyZgC",93,8,,,1,0.05,1,1,20,"","",""
1,"B Stiller, P Karageorgiev, T Geue, M Saphiannikova, N Mechau, D Neher","Investigations of Optically Induced Mass Transport by Scanning Near-field Optical-and Atomic Force Microscopy",2003,"Optical Materials","","","https://scholar.google.com/scholar?oi=bibs&hl=en&cites=6162478410336299862",422,"2023-03-01 18:45:02","Journal article","","","https://scholar.google.com/citations?view_op=view_citation&hl=en&user=jAKnshoAAAAJ&cstart=400&pagesize=100&citation_for_view=jAKnshoAAAAJ:BrmTIyaxlBUC",5122,,176,181,1,0.05,0,6,20,"","",""
1,"D Neher, M Remmers, V Cimrová","Electroluminescence in polymeric systems with defined chemical and morphological structure",1997,"Electrical and Related Properties of Organic Solids","","","https://scholar.google.com/scholar?oi=bibs&hl=en&cites=11284187099366717433",423,"2023-03-01 18:45:02","Book chapter","","","https://scholar.google.com/citations?view_op=view_citation&hl=en&user=jAKnshoAAAAJ&cstart=400&pagesize=100&citation_for_view=jAKnshoAAAAJ:edDO8Oi4QzsC",,,79,99,1,0.04,0,3,26,"","",""
1,"M Cha, D Neher, FW Embs, S Mittler-Neher, GI Stegeman","Determination of the orientational order parameters in polysilane LB-films by measuring third-order-susceptibility tensor components",1993,"Nonlinear Optical Properties of Advanced Materials","","","https://scholar.google.com/scholar?oi=bibs&hl=en&cites=8590047513690813384",424,"2023-03-01 18:45:02","Journal article","","","https://scholar.google.com/citations?view_op=view_citation&hl=en&user=jAKnshoAAAAJ&cstart=400&pagesize=100&citation_for_view=jAKnshoAAAAJ:9Nmd_mFXekcC",1852,,151,161,1,0.03,0,5,30,"","",""
1,"D Neher","Polymers for lightwave and integrated optics. Edited byLawrence A. Hornak, Marcel Dekker, New York 1992, xiv, 714 pp., hardcover, ISBN 0-8247-8697-1",1993,"Advanced Materials","","","https://scholar.google.com/scholar?oi=bibs&hl=en&cites=9310501199264835770",425,"2023-03-01 18:45:02","Journal article","","","https://scholar.google.com/citations?view_op=view_citation&hl=en&user=jAKnshoAAAAJ&cstart=400&pagesize=100&citation_for_view=jAKnshoAAAAJ:XoXfffV-tXoC",5,4,311,312,1,0.03,1,1,30,"","",""
1,"D Guo, S Mazumdar, D Neher, GI Stegeman, W Torruellas","A New Essential States Model for The Non-linear Optical Response of 1D Conjugated Organic Systems",1993,"Special Publications of the Royal Society of Chemistry","","","https://scholar.google.com/scholar?oi=bibs&hl=en&cites=723504338766445404",426,"2023-03-01 18:45:02","Journal article","","","https://scholar.google.com/citations?view_op=view_citation&hl=en&user=jAKnshoAAAAJ&cstart=400&pagesize=100&citation_for_view=jAKnshoAAAAJ:Se3iqnhoufwC",137,,13,18,1,0.03,0,5,30,"","",""
0,"H Li, SS Babu, ST Turner, D Neher, MJ Hollamby, T Seki, S Yagai, ...","Alkylated-C 60 based soft materials: regulation of self-assembly and optoelectronic properties by chain branching",2013,"Journal of Materials Chemistry C","","","https://scholar.google.com/scholar?oi=bibs&hl=en&cites=17294663716128503011",147,"2023-03-01 18:45:02","Journal article","","","https://scholar.google.com/citations?view_op=view_citation&hl=en&user=jAKnshoAAAAJ&cstart=100&pagesize=100&citation_for_view=jAKnshoAAAAJ:-mN3Mh-tlDkC",1,10,1943,1951,0,0.00,0,8,10,"","",""
0,"H Li, SS Babu, ST Turner, D Neher, MJ Hollamby, T Seki, S Yagai, ...","Alkylated-C 60 based soft materials: regulation of self-assembly and optoelectronic properties by chain branching",2013,"Journal of Materials Chemistry C","","","https://scholar.google.com/scholar?oi=bibs&hl=en&cites=17294663716128503011",148,"2023-03-01 18:45:02","Journal article","","","https://scholar.google.com/citations?view_op=view_citation&hl=en&user=jAKnshoAAAAJ&cstart=100&pagesize=100&citation_for_view=jAKnshoAAAAJ:4xDN1ZYqzskC",1,10,1943,1951,0,0.00,0,8,10,"","",""
0,"G Assanto, D Neher, GI Stegeman, WE Torruellas, MB Marques, ...","Third-order nonlinearities in organic polymers and the role of microscopic cascading of second-order hyperpolarizabilities",1992,"Molecular Crystals and Liquid Crystals Science and Technology","Section A …","","https://scholar.google.com/scholar?oi=bibs&hl=en&cites=15009051847951167220",344,"2023-03-01 18:45:02","","","","https://scholar.google.com/citations?view_op=view_citation&hl=en&user=jAKnshoAAAAJ&cstart=300&pagesize=100&citation_for_view=jAKnshoAAAAJ:gKiMpY-AVTkC",,,,,0,0.00,0,6,31,"","",""
0,"T Kietzke, D Neher, R Montenegro, K Landfester, U Scherf, HH Hoerhold","Nanostructured solar cells based on semiconducting polymer nanospheres (SPNs) of M3EH-PPV and CN-Ether-PPV",2004,"Organic Photovoltaics IV","","","https://scholar.google.com/scholar?oi=bibs&hl=en&cites=17534094490835083983",357,"2023-03-01 18:45:02","Journal article","","","https://scholar.google.com/citations?view_op=view_citation&hl=en&user=jAKnshoAAAAJ&cstart=300&pagesize=100&citation_for_view=jAKnshoAAAAJ:LPtt_HFRSbwC",5215,,206,210,0,0.00,0,6,19,"","",""
0,"P Caprioglio, JA Smith, RDJ Oliver, A Dasgupta, S Choudhary, MD Farrar, ...","Open-circuit and short-circuit loss management in wide-gap perovskite pin solar cells",2023,"Nature Communications","","","https://scholar.google.com",427,"2023-03-01 18:45:02","Journal article","","","https://scholar.google.com/citations?view_op=view_citation&hl=en&user=jAKnshoAAAAJ&cstart=400&pagesize=100&citation_for_view=jAKnshoAAAAJ:c_xDhezhKKUC",14,1,932,932,0,0.00,0,7,1,"","",""
0,"J Thiesbrummel, S Shah, E Gutierrez-Partida, F Zu, F Camargo, S Zeiske, ...","Ion induced field screening governs the early performance degradation of perovskite solar cells",2023,"","","","https://scholar.google.com",428,"2023-03-01 18:45:02","","","","https://scholar.google.com/citations?view_op=view_citation&hl=en&user=jAKnshoAAAAJ&cstart=400&pagesize=100&citation_for_view=jAKnshoAAAAJ:X0DADzN9RKwC",,,,,0,0.00,0,7,1,"","",""
0,"F Ye, S Zhang, J Warby, J Wu, E Gutierrez-Partida, F Lang, S Shah, ...","Overcoming C60-induced interfacial recombination in inverted perovskite solar cells by electron-transporting carborane",2022,"Nature Communications","","","https://scholar.google.com",429,"2023-03-01 18:45:02","Journal article","","","https://scholar.google.com/citations?view_op=view_citation&hl=en&user=jAKnshoAAAAJ&cstart=400&pagesize=100&citation_for_view=jAKnshoAAAAJ:_AeoHAGD03cC",13,1,7454,7454,0,0.00,0,8,1,"","",""
0,"C Poelking, J Benduhn, D Spoltore, M Schwarze, S Roland, F Piersimoni, ...","Open-circuit voltage of organic solar cells: interfacial roughness makes the difference",2022,"Communications Physics","","","https://scholar.google.com",430,"2023-03-01 18:45:02","Journal article","","","https://scholar.google.com/citations?view_op=view_citation&hl=en&user=jAKnshoAAAAJ&cstart=400&pagesize=100&citation_for_view=jAKnshoAAAAJ:s85pQhAUCrAC",5,1,307,307,0,0.00,0,7,1,"","",""
0,"X Jia, L Soprani, G Londi, SM Hosseini, F Talnack, S Mannsfeld, ...","Structural order promotes efficient separation of delocalized charges at molecular heterojunctions",2022,"arXiv preprint arXiv:2211.","","","https://scholar.google.com",431,"2023-03-01 18:45:02","Preprint","","","https://scholar.google.com/citations?view_op=view_citation&hl=en&user=jAKnshoAAAAJ&cstart=400&pagesize=100&citation_for_view=jAKnshoAAAAJ:LK8CI43ZvvMC",5679,,,,0,0.00,0,7,1,"","",""
0,"M Grischek, P Caprioglio, J Zhang, F Pena-Camargo, K Sveinbjörnsson, ...","Efficiency Potential and Voltage Loss of Inorganic CsPbI2Br Perovskite Solar Cells",2022,"Solar RRL","","","https://scholar.google.com",432,"2023-03-01 18:45:02","Journal article","","","https://scholar.google.com/citations?view_op=view_citation&hl=en&user=jAKnshoAAAAJ&cstart=400&pagesize=100&citation_for_view=jAKnshoAAAAJ:LGlY6t8CeOMC",6,11,2200690,2200690,0,0.00,0,6,1,"","",""
0,"M Odziomek, P Giusto, J Kossmann, NV Tarakina, J Heske, ...","“Red Carbon”: A Rediscovered Covalent Crystalline Semiconductor",2022,"Advanced Materials","","","https://scholar.google.com",433,"2023-03-01 18:45:02","Journal article","","","https://scholar.google.com/citations?view_op=view_citation&hl=en&user=jAKnshoAAAAJ&cstart=400&pagesize=100&citation_for_view=jAKnshoAAAAJ:BmWJbWwHJAwC",34,40,2206405,2206405,0,0.00,0,6,1,"","",""
0,"D Neher, S Ludwigs","Materials for optical, magnetic and electronic devices",2022,"","","","https://scholar.google.com",434,"2023-03-01 18:45:02","","","","https://scholar.google.com/citations?view_op=view_citation&hl=en&user=jAKnshoAAAAJ&cstart=400&pagesize=100&citation_for_view=jAKnshoAAAAJ:YTuZlYwrTOUC",,,,,0,0.00,0,2,1,"","",""
0,"T Fritsch, J Kurpiers, S Roland, N Tokmoldin, S Shoaee, T Ferron, ...","On the Interplay between CT and Singlet Exciton Emission in Organic Solar Cells with Small Driving Force and Its Impact on Voltage Loss",2022,"Advanced Energy Materials","","","https://scholar.google.com",435,"2023-03-01 18:45:02","Journal article","","","https://scholar.google.com/citations?view_op=view_citation&hl=en&user=jAKnshoAAAAJ&cstart=400&pagesize=100&citation_for_view=jAKnshoAAAAJ:s9ia6_kGH2AC",12,31,2200641,2200641,0,0.00,0,7,1,"","",""
0,"P Tockhorn, J Sutter, A Cruz, P Wagner, K Jäger, D Yoo, F Lang, ...","Nanooptically Enhanced Perovskite/Silicon Tandem Solar Cells with 29.80% Power Conversion Efficiency",2022,"Optical Devices and Materials for Solar Energy and Solid-state Lighting …","","","https://scholar.google.com",436,"2023-03-01 18:45:02","","","","https://scholar.google.com/citations?view_op=view_citation&hl=en&user=jAKnshoAAAAJ&cstart=400&pagesize=100&citation_for_view=jAKnshoAAAAJ:hQUaER0FWQ4C",,,,,0,0.00,0,8,1,"","",""
0,"F Lang, J Jarla Thiesbrummel, F Peña-Camargo, E Köhnen, G Eperon, ...","Identifying radiation damage, non-radiative losses, and efficiency potentials of perovskite based tandem PV via subcell characterization",2022,"Proceedings of New Generation Photovoltaics for Space (PVSPACE)","","","https://scholar.google.com",437,"2023-03-01 18:45:02","Conference paper","","","https://scholar.google.com/citations?view_op=view_citation&hl=en&user=jAKnshoAAAAJ&cstart=400&pagesize=100&citation_for_view=jAKnshoAAAAJ:mel-f30kHHgC",,,,,0,0.00,0,6,1,"","",""
0,"B Sun, OJ Sandberg, D Neher, A Armin, S Shoaee","Wave Optics of Differential Absorption Spectroscopy in Thick-Junction Organic Solar Cells: Optical Artifacts and Correction Strategies",2022,"Physical Review Applied","","","https://scholar.google.com",438,"2023-03-01 18:45:02","Journal article","","","https://scholar.google.com/citations?view_op=view_citation&hl=en&user=jAKnshoAAAAJ&cstart=400&pagesize=100&citation_for_view=jAKnshoAAAAJ:Zh0EY9V9P6UC",17,5,54016,54016,0,0.00,0,5,1,"","",""
0,"M Pranav, J Benduhn, M Nyman, SM Hosseini, J Kublitski, S Shoaee, ...","Reply to Comment on “Enhanced Charge Selectivity via Anodic-C60 Layer Reduces Nonradiative Losses in Organic Solar Cells”",2022,"ACS Applied Materials &Interfaces","","","https://scholar.google.com",439,"2023-03-01 18:45:02","Journal article","","","https://scholar.google.com/citations?view_op=view_citation&hl=en&user=jAKnshoAAAAJ&cstart=400&pagesize=100&citation_for_view=jAKnshoAAAAJ:NMlhSUseqAsC",14,6,7527,7530,0,0.00,0,7,1,"","",""
0,"Y Woo, Y Zou, D Neher, S Shoaee","Explaining the Fill-Factor and Photocurrent Losses of Nonfullerene Acceptor-Based Solar Cells by Probing the Long-Range Charge Carrier Diffusion and Drift Lengths Nurlan …",2021,"","","","https://scholar.google.com",440,"2023-03-01 18:45:02","","","","https://scholar.google.com/citations?view_op=view_citation&hl=en&user=jAKnshoAAAAJ&cstart=400&pagesize=100&citation_for_view=jAKnshoAAAAJ:hGdtkIFZdKAC",,,,,0,0.00,0,4,2,"","",""
0,"M Pranav, J Benduhn, M Nyman, SM Hosseini, J Kublitski, S Shoaee, ...","Enhanced Charge Selectivity via Anodic-C₆₀ Layer Reduces Nonradiative Losses in Organic Solar Cells",2021,"","","","https://scholar.google.com",441,"2023-03-01 18:45:02","","","","https://scholar.google.com/citations?view_op=view_citation&hl=en&user=jAKnshoAAAAJ&cstart=400&pagesize=100&citation_for_view=jAKnshoAAAAJ:MIg0yeAD4ggC",,,,,0,0.00,0,7,2,"","",""
0,"CM Wolff, L Canil, C Rehermann, NN Linh, F Zu, M Ralaiarisoa, ...","Perfluorinated Self-Assembled Monolayers Enhance the Stability and Efficiency of Inverted Perovskite Solar Cells (vol 14, pg 1445, 2020)",2020,"ACS NANO","","","https://scholar.google.com",442,"2023-03-01 18:45:02","Journal article","","","https://scholar.google.com/citations?view_op=view_citation&hl=en&user=jAKnshoAAAAJ&cstart=400&pagesize=100&citation_for_view=jAKnshoAAAAJ:nqdriD65xNoC",14,11,16156,16156,0,0.00,0,7,3,"","",""
0,"M Stolterfoht, P Caprioglio, CM Wolff, D Neher","The Efficiency Potential of Perovskite Solar Cells",2020,"Proceedings of Online International Conference on Hybrid and Organic …","","","https://scholar.google.com",443,"2023-03-01 18:45:02","Conference paper","","","https://scholar.google.com/citations?view_op=view_citation&hl=en&user=jAKnshoAAAAJ&cstart=400&pagesize=100&citation_for_view=jAKnshoAAAAJ:JP7YXuLIOvAC",,,,,0,0.00,0,4,3,"","",""
0,"J Brauer, D Tsokkou, S Sanchez, N Droseros, B Roose, E Mosconi, X Hua, ...","Data related to manuscript ['Comparing the Excited-State Properties of a Mixed-Cation-Mixed-Halide Perovskite to Methylammonium Lead Iodide', The Journal of Chemical Physics …",2020,"","","","https://scholar.google.com",444,"2023-03-01 18:45:02","","","","https://scholar.google.com/citations?view_op=view_citation&hl=en&user=jAKnshoAAAAJ&cstart=400&pagesize=100&citation_for_view=jAKnshoAAAAJ:D_tqNUsBuKoC",,,,,0,0.00,0,8,3,"","",""
0,"Y Zhong, M Causa, GJ Moore, PJ Krauspe, B Xiao, F Günther, J Kublitski, ...","Data related to"" Sub-picosecond charge-transfer at near-zero driving force in polymer: non-fullerene acceptor blends and bilayers"", Nature Communications (2020",2020,"","","","https://scholar.google.com",445,"2023-03-01 18:45:02","","","","https://scholar.google.com/citations?view_op=view_citation&hl=en&user=jAKnshoAAAAJ&cstart=400&pagesize=100&citation_for_view=jAKnshoAAAAJ:TlpoogIpr_IC",,,,,0,0.00,0,8,3,"","",""
0,"L Kegelmann, P Tockhorn, M Grischek, JA Márquez, T Unold, W Lövenich, ...","SpiDOT: mixtures of undoped Spiro-OMeTAD and PEDOT to reduce charge recombination and absorption losses in monolithic perovskite/silicon tandem solar cells",2020,"Proceedings of International Conference on Hybrid and Organic Photovoltaics …","","","https://scholar.google.com",446,"2023-03-01 18:45:02","Conference paper","","","https://scholar.google.com/citations?view_op=view_citation&hl=en&user=jAKnshoAAAAJ&cstart=400&pagesize=100&citation_for_view=jAKnshoAAAAJ:unp9ATQDT5gC",,,,,0,0.00,0,7,3,"","",""
0,"HY Woo, D Neher, S Shoaee","Quantifying Quasi-Fermi Level Splitting and Open–Circuit Voltage Losses in Highly Efficient Nonfullerene Organic Solar Cells",2020,"","","","https://scholar.google.com",447,"2023-03-01 18:45:02","","","","https://scholar.google.com/citations?view_op=view_citation&hl=en&user=jAKnshoAAAAJ&cstart=400&pagesize=100&citation_for_view=jAKnshoAAAAJ:CYCckWUYoCcC",,,,,0,0.00,0,3,3,"","",""
0,"J Gorenflot, A Paulke, F Piersimoni, J Wolf, Z Kan, F Cruciani, A El Labban, ...","From Recombination Dynamics to Device Performance: Quantifying the Efficiency of Exciton Dissociation, Charge Separation, and Extraction in Bulk Heterojunction Solar Cells with …",2019,"Advanced Energy Materials","","","https://scholar.google.com",448,"2023-03-01 18:45:02","Journal article","","","https://scholar.google.com/citations?view_op=view_citation&hl=en&user=jAKnshoAAAAJ&cstart=400&pagesize=100&citation_for_view=jAKnshoAAAAJ:An6A6Jpfc1oC",9,47,1903717,1903717,0,0.00,0,8,4,"","",""
0,"BA Collins, O Alqahtani, M Babics, J Gorenflot, V Savikhin, T Ferron, ...","Mixed domains enhance charge generation and extraction in small-molecule bulk heterojunction solar cells (Conference Presentation)",2018,"Organic, Hybrid, and Perovskite Photovoltaics XIX 10737, 107370F","","","https://scholar.google.com",449,"2023-03-01 18:45:02","","","","https://scholar.google.com/citations?view_op=view_citation&hl=en&user=jAKnshoAAAAJ&cstart=400&pagesize=100&citation_for_view=jAKnshoAAAAJ:GFxP56DSvIMC",,,,,0,0.00,0,7,5,"","",""
0,"A Hofacker, D Neher, K Leo","Nonequilibrium and equilibrium operation of organic disordered semiconductor devices (Conference Presentation)",2018,"Organic Electronics and Photonics: Fundamentals and Devices 10687, 106870G","","","https://scholar.google.com",450,"2023-03-01 18:45:02","","","","https://scholar.google.com/citations?view_op=view_citation&hl=en&user=jAKnshoAAAAJ&cstart=400&pagesize=100&citation_for_view=jAKnshoAAAAJ:xtRiw3GOFMkC",,,,,0,0.00,0,3,5,"","",""
0,"G Sini, M Schubert, C Risko, S Roland, OP Lee, Z Chen, TV Richter, ...","Data underpinning-"" On the Molecular Origin of Charge Separation at the Donor-Acceptor Interface""",2018,"University of St Andrews","","","https://scholar.google.com",451,"2023-03-01 18:45:02","","","","https://scholar.google.com/citations?view_op=view_citation&hl=en&user=jAKnshoAAAAJ&cstart=400&pagesize=100&citation_for_view=jAKnshoAAAAJ:JTqpx9DYBaYC",,,,,0,0.00,0,8,5,"","",""
0,"B Collins, O Alqahtani, M Babics, J Gorenflot, V Savikhin, T Ferron, ...","Mixed Domains Enhance Charge Generation and Extraction in Small-Molecule Bulk Heterojunction Solar Cells",2018,"APS March Meeting Abstracts 2018, K56.","","","https://scholar.google.com",452,"2023-03-01 18:45:02","Abstract","","","https://scholar.google.com/citations?view_op=view_citation&hl=en&user=jAKnshoAAAAJ&cstart=400&pagesize=100&citation_for_view=jAKnshoAAAAJ:Tyk-4Ss8FVUC",1,,,,0,0.00,0,7,5,"","",""
0,"J Benduhn, K Tvingstedt, F Piersimoni, S Ullbrich, D Neher, D Spoltore, ...","Origin of Non-Radiative Voltage Losses in Fullerene-Based Organic Solar Cells",2017,"APS March Meeting Abstracts 2017, H11.","","","https://scholar.google.com",453,"2023-03-01 18:45:02","Abstract","","","https://scholar.google.com/citations?view_op=view_citation&hl=en&user=jAKnshoAAAAJ&cstart=400&pagesize=100&citation_for_view=jAKnshoAAAAJ:QD3KBmkZPeQC",5,,,,0,0.00,0,7,6,"","",""
0,"I Kassal, E Collado-Fregoso, JR Durrant, SN Hood, I McCulloch, D Neher, ...","Intercalated vs nonintercalated morphologies in donor-acceptor bulk heterojunction solar cells: PBTTT: Fullerence charge generation and recombination revisited",2017,"American Chemical Society","","","https://scholar.google.com",454,"2023-03-01 18:45:02","","","","https://scholar.google.com/citations?view_op=view_citation&hl=en&user=jAKnshoAAAAJ&cstart=400&pagesize=100&citation_for_view=jAKnshoAAAAJ:oi2SiIJ9l4AC",,,,,0,0.00,0,7,6,"","",""
0,"M Arvind, P Pingel, S Janietz, D Neher","Molecular doping of conjugated polymers with the strong lewis acid Tris (pentafluorophenyl) borane",2016,"","","","https://scholar.google.com",455,"2023-03-01 18:45:02","","","","https://scholar.google.com/citations?view_op=view_citation&hl=en&user=jAKnshoAAAAJ&cstart=400&pagesize=100&citation_for_view=jAKnshoAAAAJ:RtRctb2lSbAC",,,,,0,0.00,0,4,7,"","",""
0,"G Ligorio, MV Nardi, M Brinkmann, D Neher, N Koch","Unraveling the role of space-charge switch mechanism in hybrid non-volatile memory devices (Presentation Recording)",2015,"Printed Memory and Circuits","","","https://scholar.google.com",456,"2023-03-01 18:45:02","Journal article","","","https://scholar.google.com/citations?view_op=view_citation&hl=en&user=jAKnshoAAAAJ&cstart=400&pagesize=100&citation_for_view=jAKnshoAAAAJ:-_dYPAW6P2MC",9569,,956903,956903,0,0.00,0,5,8,"","",""
0,"L Lysyakova, N Lomadze, D Neher, K Maximova, AV Kabashin, S Santer","Correction to “Light-Tunable Plasmonic Nanoarchitectures Using Gold Nanoparticle–Azobenzene-Containing Cationic Surfactant Complexes”",2015,"The Journal of Physical Chemistry C","","","https://scholar.google.com",457,"2023-03-01 18:45:02","Journal article","","","https://scholar.google.com/citations?view_op=view_citation&hl=en&user=jAKnshoAAAAJ&cstart=400&pagesize=100&citation_for_view=jAKnshoAAAAJ:lgwcVrK6X84C",119,19,10793,10793,0,0.00,0,6,8,"","",""
0,"S Roland, D Neher","Hybrid-Solar Cell with Record-Efficiency Additional Organic Layer also uses infrared Radiation",2015,"VAKUUM IN FORSCHUNG UND PRAXIS","","","https://scholar.google.com",458,"2023-03-01 18:45:02","Journal article","","","https://scholar.google.com/citations?view_op=view_citation&hl=en&user=jAKnshoAAAAJ&cstart=400&pagesize=100&citation_for_view=jAKnshoAAAAJ:yD5IFk8b50cC",27,1,13,13,0,0.00,0,2,8,"","",""
0,"S Albrecht, K Vandewal, JR Tumbleston, FSU Fischer, JD Douglas, ...","Organic Solar Cells: On the Efficiency of Charge Transfer State Splitting in Polymer: Fullerene Solar Cells (Adv. Mater. 16/2014)",2014,"Advanced Materials","","","https://scholar.google.com",459,"2023-03-01 18:45:02","Journal article","","","https://scholar.google.com/citations?view_op=view_citation&hl=en&user=jAKnshoAAAAJ&cstart=400&pagesize=100&citation_for_view=jAKnshoAAAAJ:UebtZRa9Y70C",26,16,2607,2607,0,0.00,0,6,9,"","",""
0,"BA Collins, M Schubert, S Roland, R Di Pietro, R Steyrleuthner, ...","Correlated molecular orientation in all-polymer solar cells and its role in free charge generation",2014,"APS March Meeting Abstracts 2014, B22.","","","https://scholar.google.com",460,"2023-03-01 18:45:02","Abstract","","","https://scholar.google.com/citations?view_op=view_citation&hl=en&user=jAKnshoAAAAJ&cstart=400&pagesize=100&citation_for_view=jAKnshoAAAAJ:WZBGuue-350C",8,,,,0,0.00,0,6,9,"","",""
0,"H Ade, B Collins, M Schubert, S Roland, R Steyrluethner, Z Chen, ...","The importance of domain purity for performance in P (NDI2OD-T2)-based all-polymer solar cells revealed by resonant x-ray scattering",2013,"APS March Meeting Abstracts 2013, Y33.","","","https://scholar.google.com",461,"2023-03-01 18:45:02","Abstract","","","https://scholar.google.com/citations?view_op=view_citation&hl=en&user=jAKnshoAAAAJ&cstart=400&pagesize=100&citation_for_view=jAKnshoAAAAJ:vRqMK49ujn8C",5,,,,0,0.00,0,7,10,"","",""
0,"S Inal, JD Kölsch, L Chiappisi, M Kraft, A Gutacker, D Janietz, U Scherf, ...","Macromol. Chem. Phys. 4/2013",2013,"Macromolecular Chemistry and Physics","","","https://scholar.google.com",462,"2023-03-01 18:45:02","Journal article","","","https://scholar.google.com/citations?view_op=view_citation&hl=en&user=jAKnshoAAAAJ&cstart=400&pagesize=100&citation_for_view=jAKnshoAAAAJ:u-x6o8ySG0sC",214,4,409,409,0,0.00,0,8,10,"","",""
0,"H Li, SS Babu, ST Turner, D Neher, MJ Hollamby, T Seki, S Yagai, ...","Alkylated-C60 based soft materials: regulation of self-assembly and optoelectronic properties by chain branching (vol 1, pg 1943, 2013)",2013,"JOURNAL OF MATERIALS CHEMISTRY C","","","https://scholar.google.com",463,"2023-03-01 18:45:02","Journal article","","","https://scholar.google.com/citations?view_op=view_citation&hl=en&user=jAKnshoAAAAJ&cstart=400&pagesize=100&citation_for_view=jAKnshoAAAAJ:rTD5ala9j4wC",1,48,8222,8222,0,0.00,0,8,10,"","",""
0,"C Bubeck, D Neher, A Kaltbeitzel, G Duda","T. Arndt, T. Sauer, G. Wegner",2012,"Nonlinear Optical Effects in Organic Polymers","","","https://scholar.google.com",464,"2023-03-01 18:45:02","Journal article","","","https://scholar.google.com/citations?view_op=view_citation&hl=en&user=jAKnshoAAAAJ&cstart=400&pagesize=100&citation_for_view=jAKnshoAAAAJ:2KloaMYe4IUC",162,,185,185,0,0.00,0,4,11,"","",""
0,"D NEHER, M REMMERS, V CIMROVA",""" Max-Planck Institut für Polymerforschung",2012,"Electrical and Related Properties of Organic Solids","","","https://scholar.google.com",465,"2023-03-01 18:45:02","Journal article","","","https://scholar.google.com/citations?view_op=view_citation&hl=en&user=jAKnshoAAAAJ&cstart=400&pagesize=100&citation_for_view=jAKnshoAAAAJ:d1gkVwhDpl0C",24,,79,79,0,0.00,0,3,11,"","",""
0,"ST Turner, P Pingel, R Steyrleuthner, D Neher","Quantitative analysis of optical spectra and solar cell performance of P3HT: PCBM blends",2011,"Verhandlungen der Deutschen Physikalischen Gesellschaft","","","https://scholar.google.com",466,"2023-03-01 18:45:02","","","","https://scholar.google.com/citations?view_op=view_citation&hl=en&user=jAKnshoAAAAJ&cstart=400&pagesize=100&citation_for_view=jAKnshoAAAAJ:O0nohqN1r9EC",,,,,0,0.00,0,4,12,"","",""
0,"C Fahrenson, S Paul, D Neher, M Schroeder, S Janietz","Low temperature sintering of thin film polymer/TiO2 solar cells",2011,"Verhandlungen der Deutschen Physikalischen Gesellschaft","","","https://scholar.google.com",467,"2023-03-01 18:45:02","","","","https://scholar.google.com/citations?view_op=view_citation&hl=en&user=jAKnshoAAAAJ&cstart=400&pagesize=100&citation_for_view=jAKnshoAAAAJ:-95Q15plzcUC",,,,,0,0.00,0,5,12,"","",""
0,"I Lange, J Blakesley, D Neher, J Frisch, N Koch","Band bending and energy-level alignment in organic semiconductors",2011,"Verhandlungen der Deutschen Physikalischen Gesellschaft","","","https://scholar.google.com",468,"2023-03-01 18:45:02","","","","https://scholar.google.com/citations?view_op=view_citation&hl=en&user=jAKnshoAAAAJ&cstart=400&pagesize=100&citation_for_view=jAKnshoAAAAJ:MpfHP-DdYjUC",,,,,0,0.00,0,5,12,"","",""
0,"M Schubert, D Neher, E Preis, U Scherf","Charge transport and electron trapping in a donor/acceptor-type copolymer",2011,"Verhandlungen der Deutschen Physikalischen Gesellschaft","","","https://scholar.google.com",469,"2023-03-01 18:45:02","","","","https://scholar.google.com/citations?view_op=view_citation&hl=en&user=jAKnshoAAAAJ&cstart=400&pagesize=100&citation_for_view=jAKnshoAAAAJ:BzfGm06jWhQC",,,,,0,0.00,0,4,12,"","",""
0,"J Kniepert, J Blakesley, D Neher","Investigation of field-dependent charge carrier generation and recombination in polymer based solar cells by transient extraction currents",2011,"Verhandlungen der Deutschen Physikalischen Gesellschaft","","","https://scholar.google.com",470,"2023-03-01 18:45:02","","","","https://scholar.google.com/citations?view_op=view_citation&hl=en&user=jAKnshoAAAAJ&cstart=400&pagesize=100&citation_for_view=jAKnshoAAAAJ:rmuvC79q63oC",,,,,0,0.00,0,3,12,"","",""
0,"JC Blakesley, I Lange, D Neher","The effect of energetic disorder on open-circuit voltage in organic photovoltaics",2011,"Verhandlungen der Deutschen Physikalischen Gesellschaft","","","https://scholar.google.com",471,"2023-03-01 18:45:02","","","","https://scholar.google.com/citations?view_op=view_citation&hl=en&user=jAKnshoAAAAJ&cstart=400&pagesize=100&citation_for_view=jAKnshoAAAAJ:1qzjygNMrQYC",,,,,0,0.00,0,3,12,"","",""
0,"S Schaefer, D Neher, T Schulze, L Korte","Charge transfer processes in hybrid solar cells composed of amorphous silicon and organic materials",2011,"Verhandlungen der Deutschen Physikalischen Gesellschaft","","","https://scholar.google.com",472,"2023-03-01 18:45:02","","","","https://scholar.google.com/citations?view_op=view_citation&hl=en&user=jAKnshoAAAAJ&cstart=400&pagesize=100&citation_for_view=jAKnshoAAAAJ:738O_yMBCRsC",,,,,0,0.00,0,4,12,"","",""
0,"R Steyrleuthner, M Schubert, D Neher, Z Chen, A Facchetti","Deep insight into the spectroscopic properties of a high mobility n-type conjugated polymer with implications on morphology and charge transport",2011,"Verhandlungen der Deutschen Physikalischen Gesellschaft","","","https://scholar.google.com",473,"2023-03-01 18:45:02","","","","https://scholar.google.com/citations?view_op=view_citation&hl=en&user=jAKnshoAAAAJ&cstart=400&pagesize=100&citation_for_view=jAKnshoAAAAJ:g5m5HwL7SMYC",,,,,0,0.00,0,5,12,"","",""
0,"S Albrecht, D Neher","Solution processed organic bulk heterojunction tandem solar cells",2011,"Verhandlungen der Deutschen Physikalischen Gesellschaft","","","https://scholar.google.com",474,"2023-03-01 18:45:02","","","","https://scholar.google.com/citations?view_op=view_citation&hl=en&user=jAKnshoAAAAJ&cstart=400&pagesize=100&citation_for_view=jAKnshoAAAAJ:0EnyYjriUFMC",,,,,0,0.00,0,2,12,"","",""
0,"D Neher","Morphology and Photovoltaic Properties of Polymer–Polymer Blends",2011,"Functional Supramolecular Architectures","","","https://scholar.google.com",475,"2023-03-01 18:45:02","Book chapter","","","https://scholar.google.com/citations?view_op=view_citation&hl=en&user=jAKnshoAAAAJ&cstart=400&pagesize=100&citation_for_view=jAKnshoAAAAJ:p__nRnzSRKYC",,,861,892,0,0.00,0,1,12,"","",""
0,"V Kuxhaus, F Jaiser, D Neher, F Voges","Influence of electron transport on the efficiency of polymer-based solar cells",2010,"Verhandlungen der Deutschen Physikalischen Gesellschaft","","","https://scholar.google.com",476,"2023-03-01 18:45:02","","","","https://scholar.google.com/citations?view_op=view_citation&hl=en&user=jAKnshoAAAAJ&cstart=400&pagesize=100&citation_for_view=jAKnshoAAAAJ:yMeIxYmEMEAC",,,,,0,0.00,0,4,13,"","",""
0,"S Inal, D Neher, A Sellinger","The relationship between the electric field induced dissociation of charge transfer (CT) excitons and the photocurrent in novel hybrid small molecular/polymeric solar cells",2010,"Verhandlungen der Deutschen Physikalischen Gesellschaft","","","https://scholar.google.com",477,"2023-03-01 18:45:02","","","","https://scholar.google.com/citations?view_op=view_citation&hl=en&user=jAKnshoAAAAJ&cstart=400&pagesize=100&citation_for_view=jAKnshoAAAAJ:k8Z6L05lTy4C",,,,,0,0.00,0,3,13,"","",""
0,"T Manicke, F Jaiser, S Bagnich, D Neher","Organic magnetoresistance effect in unipolar and bipolar devices of conjugated polymers",2010,"Verhandlungen der Deutschen Physikalischen Gesellschaft","","","https://scholar.google.com",478,"2023-03-01 18:45:02","","","","https://scholar.google.com/citations?view_op=view_citation&hl=en&user=jAKnshoAAAAJ&cstart=400&pagesize=100&citation_for_view=jAKnshoAAAAJ:O3NaXMp0MMsC",,,,,0,0.00,0,4,13,"","",""
0,"B Reinhold, S Paul, D Neher","Exciton dynamics in a hybrid TiO2-polymer bilayer structure",2009,"Verhandlungen der Deutschen Physikalischen Gesellschaft","","","https://scholar.google.com",479,"2023-03-01 18:45:02","","","","https://scholar.google.com/citations?view_op=view_citation&hl=en&user=jAKnshoAAAAJ&cstart=400&pagesize=100&citation_for_view=jAKnshoAAAAJ:QyXJ3EUuO1IC",,,,,0,0.00,0,3,14,"","",""
0,"S Inal, M Castellani, D Neher, A Sellinger","Photophysical properties of novel small acceptor molecules and their application in hybrid small-molecular/polymeric organic solar cells",2009,"Verhandlungen der Deutschen Physikalischen Gesellschaft","","","https://scholar.google.com",480,"2023-03-01 18:45:02","","","","https://scholar.google.com/citations?view_op=view_citation&hl=en&user=jAKnshoAAAAJ&cstart=400&pagesize=100&citation_for_view=jAKnshoAAAAJ:OP4eGU-M3BUC",,,,,0,0.00,0,4,14,"","",""
0,"M Schubert, C Yin, M Castellani, D Neher, A Sellinger","Effects of geminate and bimolecular recombination on the performance of polymeric-small molecular solar cells",2009,"Verhandlungen der Deutschen Physikalischen Gesellschaft","","","https://scholar.google.com",481,"2023-03-01 18:45:02","","","","https://scholar.google.com/citations?view_op=view_citation&hl=en&user=jAKnshoAAAAJ&cstart=400&pagesize=100&citation_for_view=jAKnshoAAAAJ:WJVC3Jt7v1AC",,,,,0,0.00,0,5,14,"","",""
0,"S Paul, D Neher","Study of the performance of hybrid solar cells incorporating dense TiO2 layers",2009,"Verhandlungen der Deutschen Physikalischen Gesellschaft","","","https://scholar.google.com",482,"2023-03-01 18:45:02","","","","https://scholar.google.com/citations?view_op=view_citation&hl=en&user=jAKnshoAAAAJ&cstart=400&pagesize=100&citation_for_view=jAKnshoAAAAJ:rO6llkc54NcC",,,,,0,0.00,0,2,14,"","",""
0,"A Zen, P Pingel, D Neher, U Scherf","Swivel-Cruciform Oligothiophenes",2009,"Physical and Chemical Aspects of Organic Electronics: From Fundamentals to …","","","https://scholar.google.com",483,"2023-03-01 18:45:02","","","","https://scholar.google.com/citations?view_op=view_citation&hl=en&user=jAKnshoAAAAJ&cstart=400&pagesize=100&citation_for_view=jAKnshoAAAAJ:owLR8QvbtFgC",,,,,0,0.00,0,4,14,"","",""
0,"J Ilnytskyi, D Neher, M Saphiannikova, MR Wilson","Morphological changes in polymer liquid crystal under external fields by computer simulations",2008,"","","","https://scholar.google.com",484,"2023-03-01 18:45:02","","","","https://scholar.google.com/citations?view_op=view_citation&hl=en&user=jAKnshoAAAAJ&cstart=400&pagesize=100&citation_for_view=jAKnshoAAAAJ:mVmsd5A6BfQC",,,,,0,0.00,0,4,15,"","",""
0,"D Neher, C Yin, X Yang, B Pieper, B Stiller, T Kietzke, HH Hoerhold","Polymer-based optoelectronic devices with interlayers",2007,"Verhandlungen der Deutschen Physikalischen Gesellschaft","","","https://scholar.google.com",485,"2023-03-01 18:45:02","Journal article","","","https://scholar.google.com/citations?view_op=view_citation&hl=en&user=jAKnshoAAAAJ&cstart=400&pagesize=100&citation_for_view=jAKnshoAAAAJ:27LrP4qxOz0C",42,,,,0,0.00,0,7,16,"","",""
0,"Y Chunhong, D Neher, T Kietzke, HH Hoerhold","Anticorrelation between exciplex emission and photovoltaic efficiency in PPV polymer based solar cells",2007,"Verhandlungen der Deutschen Physikalischen Gesellschaft","","","https://scholar.google.com",486,"2023-03-01 18:45:02","Journal article","","","https://scholar.google.com/citations?view_op=view_citation&hl=en&user=jAKnshoAAAAJ&cstart=400&pagesize=100&citation_for_view=jAKnshoAAAAJ:-DxkuPiZhfEC",42,,,,0,0.00,0,4,16,"","",""
0,"B Reinhold, M Niederberger, M Antonietti, D Neher","Hybrid solar cells based on crystalline TiO {sub 2} nanoparticles",2007,"Verhandlungen der Deutschen Physikalischen Gesellschaft","","","https://scholar.google.com",487,"2023-03-01 18:45:02","Journal article","","","https://scholar.google.com/citations?view_op=view_citation&hl=en&user=jAKnshoAAAAJ&cstart=400&pagesize=100&citation_for_view=jAKnshoAAAAJ:1yQoGdGgb4wC",42,,,,0,0.00,0,4,16,"","",""
0,"A Kuksov, X Yang, D Neher","Degradation of PVK-based electrophosphorescent devices",2007,"Verhandlungen der Deutschen Physikalischen Gesellschaft","","","https://scholar.google.com",488,"2023-03-01 18:45:02","Journal article","","","https://scholar.google.com/citations?view_op=view_citation&hl=en&user=jAKnshoAAAAJ&cstart=400&pagesize=100&citation_for_view=jAKnshoAAAAJ:dfsIfKJdRG4C",42,,,,0,0.00,0,3,16,"","",""
0,"P Karageorgiev, D Neher, B Schulz","Photo-fluids as optical sensors and data storage materials",2006,"Organic Optoelectronics and Photonics II","","","https://scholar.google.com",489,"2023-03-01 18:45:02","Journal article","","","https://scholar.google.com/citations?view_op=view_citation&hl=en&user=jAKnshoAAAAJ&cstart=400&pagesize=100&citation_for_view=jAKnshoAAAAJ:_Re3VWB3Y0AC",6192,,253,259,0,0.00,0,3,17,"","",""
0,"P Karageorgiev, B Schulz, D Neher","Solid-liquid phase transition activated by optically driven molecular motors",2006,"Nanophotonics","","","https://scholar.google.com",490,"2023-03-01 18:45:02","Journal article","","","https://scholar.google.com/citations?view_op=view_citation&hl=en&user=jAKnshoAAAAJ&cstart=400&pagesize=100&citation_for_view=jAKnshoAAAAJ:UxriW0iASnsC",6195,,326,333,0,0.00,0,3,17,"","",""
0,"P Karageorgiev, D Neher, B Schulz","Photo-fluid and anisotropic photo-fluidity",2006,"Nanomanipulation with Light II","","","https://scholar.google.com",491,"2023-03-01 18:45:02","Journal article","","","https://scholar.google.com/citations?view_op=view_citation&hl=en&user=jAKnshoAAAAJ&cstart=400&pagesize=100&citation_for_view=jAKnshoAAAAJ:otzGkya1bYkC",6131,,121,127,0,0.00,0,3,17,"","",""
0,"S Klinger, Y Xiao-Hui, F Jaiser, D Neher","Phosphorescence lifetime measurements of Ir-based phosphorescent dyes in PVK matrix",2005,"Verhandlungen der Deutschen Physikalischen Gesellschaft","","","https://scholar.google.com",492,"2023-03-01 18:45:02","Journal article","","","https://scholar.google.com/citations?view_op=view_citation&hl=en&user=jAKnshoAAAAJ&cstart=400&pagesize=100&citation_for_view=jAKnshoAAAAJ:r_AWSJRzSzQC",40,,,,0,0.00,0,4,18,"","",""
0,"T Kietzke, Y Chunhong, D Neher","Influence of the device geometry on the efficiency of polymer solar cells",2005,"Verhandlungen der Deutschen Physikalischen Gesellschaft","","","https://scholar.google.com",493,"2023-03-01 18:45:02","Journal article","","","https://scholar.google.com/citations?view_op=view_citation&hl=en&user=jAKnshoAAAAJ&cstart=400&pagesize=100&citation_for_view=jAKnshoAAAAJ:Fu2w8maKXqMC",40,,,,0,0.00,0,3,18,"","",""
0,"L Kulikovsky, F Jaiser, D Neher, S Koeber, K Meerholz","Experimental study of charge carrier trapping in PVK/TPD blends",2005,"Verhandlungen der Deutschen Physikalischen Gesellschaft","","","https://scholar.google.com",494,"2023-03-01 18:45:02","Journal article","","","https://scholar.google.com/citations?view_op=view_citation&hl=en&user=jAKnshoAAAAJ&cstart=400&pagesize=100&citation_for_view=jAKnshoAAAAJ:roLk4NBRz8UC",40,,,,0,0.00,0,5,18,"","",""
0,"R Zentel, M Behl, D Neher, A Zen, S Lucht","Nanostructured polytriarylamines: Orientation layers for polyfluorene.",2004,"ABSTRACTS OF PAPERS OF THE AMERICAN CHEMICAL SOCIETY 227, U517-U","","","https://scholar.google.com",495,"2023-03-01 18:45:02","Abstract","","","https://scholar.google.com/citations?view_op=view_citation&hl=en&user=jAKnshoAAAAJ&cstart=400&pagesize=100&citation_for_view=jAKnshoAAAAJ:ZHo1McVdvXMC",517,,,,0,0.00,0,5,19,"","",""
0,"F Jaiser, X Yang, D Neher, R Guentner, PS de Freitas, M Forster, U Scherf","Fluorenone defects in polyfluorene-based light-emitting diodes: emission properties and device performance",2004,"Organic Light-Emitting Materials and Devices VII","","","https://scholar.google.com",496,"2023-03-01 18:45:02","Journal article","","","https://scholar.google.com/citations?view_op=view_citation&hl=en&user=jAKnshoAAAAJ&cstart=400&pagesize=100&citation_for_view=jAKnshoAAAAJ:blknAaTinKkC",5214,,207,215,0,0.00,0,7,19,"","",""
0,"J Ulanski, I Glowacki, E Dobruchowska, B Luszczynska, D Sainova, ...","Thermoluminescence as a Tool for Investigations of Charge Carrier Trapping and Recombination in Electroluminescent and Photoconducting Polymers",2003,"Polymer Preprints, Japan 52nd SPSJ Symposium on Macromolecules","","","https://scholar.google.com",497,"2023-03-01 18:45:02","Conference paper","","","https://scholar.google.com/citations?view_op=view_citation&hl=en&user=jAKnshoAAAAJ&cstart=400&pagesize=100&citation_for_view=jAKnshoAAAAJ:WbkHhVStYXYC",3,,,,0,0.00,0,6,20,"","",""
0,"B Neumann, M Horstkemper, W Krüger, M Wilkens, A Bohlen, P Frübing, ...","Portal= Im Trend: Physiker und Chemiker erforschen"" Soft Matter"": Die Potsdamer Universitätszeitung",2002,"","","","https://scholar.google.com",498,"2023-03-01 18:45:02","","","","https://scholar.google.com/citations?view_op=view_citation&hl=en&user=jAKnshoAAAAJ&cstart=400&pagesize=100&citation_for_view=jAKnshoAAAAJ:TaaCk18tZOkC",,,,,0,0.00,0,7,21,"","",""
0,"T Piok, FP Wenzl, S Gamerith, C Gadermaier, S Patil, R Montenegro, ...","Organic Light Emitting Devices Fabricated from Semiconducting Nanospheres",2002,"MRS Online Proceedings Library (OPL)","","","https://scholar.google.com",499,"2023-03-01 18:45:02","Conference paper","","","https://scholar.google.com/citations?view_op=view_citation&hl=en&user=jAKnshoAAAAJ&cstart=400&pagesize=100&citation_for_view=jAKnshoAAAAJ:wE-fMHVdjMkC",738,,,,0,0.00,0,7,21,"","",""
0,"T KIETZKE, R MONTENEGRO, K LANDFESTER, U SCHERF, ...","Electroluminescence from polymer-nanosphere layers",2002,"11th international workshop on inorganic and organic electroluminescence …","","","https://scholar.google.com",500,"2023-03-01 18:45:02","Conference paper","","","https://scholar.google.com/citations?view_op=view_citation&hl=en&user=jAKnshoAAAAJ&cstart=400&pagesize=100&citation_for_view=jAKnshoAAAAJ:u_35RYKgDlwC",,,,,0,0.00,0,5,21,"","",""
0,"T Miteva, G Nelles, A Yasuda, A Meisel, HG Nothofer, U Scherf, W Knoll, ...","Highly Polarized Polymer Light Emitting Diodes",2001,"ITG FACHBERICHT","","","https://scholar.google.com",501,"2023-03-01 18:45:02","Book chapter","","","https://scholar.google.com/citations?view_op=view_citation&hl=en&user=jAKnshoAAAAJ&cstart=500&pagesize=100&citation_for_view=jAKnshoAAAAJ:7Hz3ACDFbsoC",,,17,22,0,0.00,0,8,22,"","",""
0,"TK Daubler, L Kulikovsky, D Neher, V Cimrova, JC Hummelen, E Mecher, ...","Photoconductivity and charge-carrier photogeneration in photorefractive polymers [4462-30]",2001,"PROCEEDINGS-SPIE THE INTERNATIONAL SOCIETY FOR OPTICAL ENGINEERING","","","https://scholar.google.com",502,"2023-03-01 18:45:02","Conference paper","","","https://scholar.google.com/citations?view_op=view_citation&hl=en&user=jAKnshoAAAAJ&cstart=500&pagesize=100&citation_for_view=jAKnshoAAAAJ:v1_lew4L6wgC",,,206,216,0,0.00,0,7,22,"","",""
0,"C Bauer, G Urbasch, H Giessen, A Meisel, HG Nothofer, D Neher, ...","Cover Picture",2000,"ChemPhysChem","","","https://scholar.google.com",503,"2023-03-01 18:45:02","Journal article","","","https://scholar.google.com/citations?view_op=view_citation&hl=en&user=jAKnshoAAAAJ&cstart=500&pagesize=100&citation_for_view=jAKnshoAAAAJ:ML0RJ9NH7IQC",1,3,109,109,0,0.00,0,7,23,"","",""
0,"R Böhmer, C Bauer, S Moreno-Flores, R Richert, H Sillescu, D Neher","Capacitive scanning dilatometry and frequency dependent thermal expansion of polymer films",2000,"The American Physical Society","","","https://scholar.google.com",504,"2023-03-01 18:45:02","","","","https://scholar.google.com/citations?view_op=view_citation&hl=en&user=jAKnshoAAAAJ&cstart=500&pagesize=100&citation_for_view=jAKnshoAAAAJ:L_l9e5I586QC",,,,,0,0.00,0,6,23,"","",""
0,"T Miteva, L Palmer, L Kloppenburg, D Neher, UHF Bunz","COMMUNICATIONS TO THE EDITOR-Interplay of Thermochromicity and Liquid Crystalline Behavior in Poly (p-phenyleneethynylene) s: pp Interactions or Planarization of the Conjugated …",2000,"Macromolecules","","","https://scholar.google.com",505,"2023-03-01 18:45:02","Journal article","","","https://scholar.google.com/citations?view_op=view_citation&hl=en&user=jAKnshoAAAAJ&cstart=500&pagesize=100&citation_for_view=jAKnshoAAAAJ:jE2MZjpN3IcC",33,3,652,654,0,0.00,0,5,23,"","",""
0,"J Ulanski, I Glowacki, E Dobruchowska, D Neher, D Sainova, TK Däubler, ...","A role of charge carriers trapping in photoconducting and electroluminescent polymers",2000,"","","","https://scholar.google.com",506,"2023-03-01 18:45:02","","","","https://scholar.google.com/citations?view_op=view_citation&hl=en&user=jAKnshoAAAAJ&cstart=500&pagesize=100&citation_for_view=jAKnshoAAAAJ:86PQX7AUzd4C",,,,,0,0.00,0,7,23,"","",""
0,"TK Daubler, R Bittner, K Meerholz, V Cimrova, D Neher","Electronic structure: Wide-band, narrow-band, and strongly correlated systems-Charge carrier photogeneration, trapping, and space-charge field formation in PVK-based …",2000,"Physical Review-Section B-Condensed Matter","","","https://scholar.google.com",507,"2023-03-01 18:45:02","Journal article","","","https://scholar.google.com/citations?view_op=view_citation&hl=en&user=jAKnshoAAAAJ&cstart=500&pagesize=100&citation_for_view=jAKnshoAAAAJ:PELIpwtuRlgC",61,20,13515,13527,0,0.00,0,5,23,"","",""
0,"T Srikhirin, A Laschitsch, D Neher, D Johannsmann","STRUCTURAL, MECHANICAL, THERMODYNAMIC, AND OPTICAL PROPERTIES OF CONDENSED MATTER-Light-induced softening of azobenzene dye-doped polymer films probed with quartz crystal …",2000,"Applied Physics Letters","","","https://scholar.google.com",508,"2023-03-01 18:45:02","Journal article","","","https://scholar.google.com/citations?view_op=view_citation&hl=en&user=jAKnshoAAAAJ&cstart=500&pagesize=100&citation_for_view=jAKnshoAAAAJ:SeFeTyx0c_EC",77,7,963,965,0,0.00,0,4,23,"","",""
0,"HG Nothofer, A Meisel, T Miteva, D Neher, M Forster, M Oda, G Lieser, ...","218th National ACS Meeting: International Symposium on Polymers in Display Applications-New Orleans/LA, USA, 1999-13. Liquid crystalline polyfluorenes for blue polarized …",2000,"Macromolecular Symposia","","","https://scholar.google.com",509,"2023-03-01 18:45:02","Book chapter","","","https://scholar.google.com/citations?view_op=view_citation&hl=en&user=jAKnshoAAAAJ&cstart=500&pagesize=100&citation_for_view=jAKnshoAAAAJ:ZeXyd9-uunAC",,,139,148,0,0.00,0,8,23,"","",""
0,"R Böhmer, K Urayama, O Kircher, D Neher","Investigations of the ferroelectric to paraelectric phase transition of vinyliden-fluoride trifluoroethylene copolymer thin films by electromechanical interferometry",1999,"American Institute of Physics","","","https://scholar.google.com",510,"2023-03-01 18:45:02","","","","https://scholar.google.com/citations?view_op=view_citation&hl=en&user=jAKnshoAAAAJ&cstart=500&pagesize=100&citation_for_view=jAKnshoAAAAJ:SdhP9T11ey4C",,,,,0,0.00,0,4,24,"","",""
0,"K Urayama, O Kircher, R Bohmer, D Neher","DIELECTRICS AND FERROELECTRICITY (PACS 77)-Investigations of ferroelectric-to-paraelectric phase transition of vinylidenefluoride trifluoroethylene copolymer thin films by …",1999,"Journal of Applied Physics","","","https://scholar.google.com",511,"2023-03-01 18:45:02","Journal article","","","https://scholar.google.com/citations?view_op=view_citation&hl=en&user=jAKnshoAAAAJ&cstart=500&pagesize=100&citation_for_view=jAKnshoAAAAJ:LgRImbQfgY4C",86,11,6367,6375,0,0.00,0,4,24,"","",""
0,"TK Däubler, D Neher, H Rost, HH Hörhold","Efficient bulk photogeneration of charge carriers in arylamino-PPV polymer sandwich cells",1999,"","","","https://scholar.google.com",512,"2023-03-01 18:45:02","","","","https://scholar.google.com/citations?view_op=view_citation&hl=en&user=jAKnshoAAAAJ&cstart=500&pagesize=100&citation_for_view=jAKnshoAAAAJ:umqufdRvDiIC",,,,,0,0.00,0,4,24,"","",""
0,"TK Daubler, I Glowacki, U Scherf, J Ulanski, HH Horhold, D Neher","ELECTRONIC STRUCTURE AND TRANSPORT (PACS 71-73)-Photogeneration and transport of charge carriers in hybrid materials of conjugated polymers and dye-sensitized TiO2",1999,"Journal of Applied Physics","","","https://scholar.google.com",513,"2023-03-01 18:45:02","Journal article","","","https://scholar.google.com/citations?view_op=view_citation&hl=en&user=jAKnshoAAAAJ&cstart=500&pagesize=100&citation_for_view=jAKnshoAAAAJ:_FM0Bhl9EiAC",86,12,6915,6923,0,0.00,0,6,24,"","",""
0,"H Rengel, P Gattinger, R Silerova Back, D Neher","PHYSICAL CHEMISTRY OF MATERIALS: FROM NANOPARTICLES TO MACROMOLECULES-Conductivity Measurements of Electrochemically Oxidized Langmuir--Blodgett Films of Phthalocyaninato--",1999,"Journal of Physical Chemistry B-Condensed Phase","","","https://scholar.google.com",514,"2023-03-01 18:45:02","Journal article","","","https://scholar.google.com/citations?view_op=view_citation&hl=en&user=jAKnshoAAAAJ&cstart=500&pagesize=100&citation_for_view=jAKnshoAAAAJ:9pM33mqn1YgC",103,33,6858,6862,0,0.00,0,4,24,"","",""
0,"TK Däubler, V Cimrova, S Pfeiffer, HH Hörhold, D Neher","Field and wavelength dependence of charge carrier photogeneration in soluble PPV derivatives",1999,"","","","https://scholar.google.com",515,"2023-03-01 18:45:02","","","","https://scholar.google.com/citations?view_op=view_citation&hl=en&user=jAKnshoAAAAJ&cstart=500&pagesize=100&citation_for_view=jAKnshoAAAAJ:dQ2og3OwTAUC",,,,,0,0.00,0,5,24,"","",""
0,"R Bittner, TK Däubler, D Neher, K Meerholz","Influence of the glass-transition and the chromophore content on the steady-state performance of PVK-based photorefractive polymers",1999,"","","","https://scholar.google.com",516,"2023-03-01 18:45:02","","","","https://scholar.google.com/citations?view_op=view_citation&hl=en&user=jAKnshoAAAAJ&cstart=500&pagesize=100&citation_for_view=jAKnshoAAAAJ:tkaPQYYpVKoC",,,,,0,0.00,0,4,24,"","",""
0,"A Valle, L Lefort, K Puech, GW Ross, YP Svirko, DC Hanna, W Shan, ...","FLUIDS, PLASMAS, AND ELECTRICAL DISCHARGES",1998,"Appl. Phys. Lett","","","https://scholar.google.com",517,"2023-03-01 18:45:02","Journal article","","","https://scholar.google.com/citations?view_op=view_citation&hl=en&user=jAKnshoAAAAJ&cstart=500&pagesize=100&citation_for_view=jAKnshoAAAAJ:Wp0gIr-vW9MC",73,12,,,0,0.00,0,8,25,"","",""
0,"P Gattinger, H Rengel, D Neher","CONDENSED MATTER: Electrical and Magnetic Properties (PACS 71-76)-Photogeneration of charge carriers in anisotropic multilayer structures of phthalocyaninato-polysiloxane",1998,"Journal of Applied Physics","","","https://scholar.google.com",518,"2023-03-01 18:45:02","Journal article","","","https://scholar.google.com/citations?view_op=view_citation&hl=en&user=jAKnshoAAAAJ&cstart=500&pagesize=100&citation_for_view=jAKnshoAAAAJ:GtLg2Ama23sC",84,7,3731,3740,0,0.00,0,3,25,"","",""
0,"HJ Winkelhahn, T Pakula, D Neher","Investigations of the Viscoelastic Properties of Thin Polymer Films by Electromechanical Interferometry. Volume 29, Number 21, October 7, 1996, pp 6865− 6871",1997,"Macromolecules","","","https://scholar.google.com",519,"2023-03-01 18:45:02","Journal article","","","https://scholar.google.com/citations?view_op=view_citation&hl=en&user=jAKnshoAAAAJ&cstart=500&pagesize=100&citation_for_view=jAKnshoAAAAJ:4TOpqqG69KYC",30,3,676,676,0,0.00,0,3,26,"","",""
0,"MRV Cimrova, M Schulze, D Neher, G Wegner","New Poly (p-phenylene) related Materials for Electroluminescence",1996,"El 96 Berlin","","","https://scholar.google.com",520,"2023-03-01 18:45:02","Journal article","","","https://scholar.google.com/citations?view_op=view_citation&hl=en&user=jAKnshoAAAAJ&cstart=500&pagesize=100&citation_for_view=jAKnshoAAAAJ:bFI3QPDXJZMC",133,,,,0,0.00,0,4,27,"","",""
0,"D Neher, HJ Winkelhahn, C Heldmann, TK Servay, CS Kang, A Godt, ...","ELECTROOPTICAL AND ELECTROMECHANICAL EFFECTS IN RIGID ROD-LIKE NLO POLYMERS",1994,"","","","https://scholar.google.com",521,"2023-03-01 18:45:02","","","","https://scholar.google.com/citations?view_op=view_citation&hl=en&user=jAKnshoAAAAJ&cstart=500&pagesize=100&citation_for_view=jAKnshoAAAAJ:yxmsSjX2EkcC",,,,,0,0.00,0,7,29,"","",""
0,"HJ Winkelhahn, D Neher","Electro-optical electromechanical properties of poled-polymer films (Invited Paper)[2285-09]",1994,"PROCEEDINGS-SPIE THE INTERNATIONAL SOCIETY FOR OPTICAL ENGINEERING","","","https://scholar.google.com",522,"2023-03-01 18:45:02","Conference paper","","","https://scholar.google.com/citations?view_op=view_citation&hl=en&user=jAKnshoAAAAJ&cstart=500&pagesize=100&citation_for_view=jAKnshoAAAAJ:OcBU2YAGkTUC",41,,,,0,0.00,0,2,29,"","",""
0,"M Cha, WE Torruellas, D Neher, GI Stegeman, M Leclerc","Measurement of chi (3)(-omega3; omega1, omega1,-omega2) spectra for poly [3-tetradecylthiophene]",1993,"Nonlinear Optical Properties of Advanced Materials","","","https://scholar.google.com",523,"2023-03-01 18:45:02","Journal article","","","https://scholar.google.com/citations?view_op=view_citation&hl=en&user=jAKnshoAAAAJ&cstart=500&pagesize=100&citation_for_view=jAKnshoAAAAJ:eq2jaN3J8jMC",1852,,106,112,0,0.00,0,5,30,"","",""
0,"M Cha, D Neher, FW Embs, S Mittler-Neher, G Stegeman","Carneiro, JWDM, PR Seidl, JGR Tastes, CA. Taft, BL Hammond, MM Soto and WA Lester Jr., The effects of lone pairs on charge distribution in the tetracyclic nor-bornyl …",1993,"Chemical Physics Letters","","","https://scholar.google.com",524,"2023-03-01 18:45:02","Journal article","","","https://scholar.google.com/citations?view_op=view_citation&hl=en&user=jAKnshoAAAAJ&cstart=500&pagesize=100&citation_for_view=jAKnshoAAAAJ:tuHXwOkdijsC",,,,,0,0.00,0,5,30,"","",""
0,"M Cha, WE Torruellas, D Neher, GI Stegeman","Measurement of chi^(^ 3^)(-omega~ 3; omega~ 1, omega~ 1,-omega~ 2) spectra for poly [3-tetradecylthiophene][1852-08]",1993,"PROCEEDINGS-SPIE THE INTERNATIONAL SOCIETY FOR OPTICAL ENGINEERING","","","https://scholar.google.com",525,"2023-03-01 18:45:02","Conference paper","","","https://scholar.google.com/citations?view_op=view_citation&hl=en&user=jAKnshoAAAAJ&cstart=500&pagesize=100&citation_for_view=jAKnshoAAAAJ:LdasjJ6CEcoC",106,,,,0,0.00,0,4,30,"","",""
0,"M Cha, D Neher, FW Embs, S Mittler-Neher","Determination of the orientational order parameters in polysilane LB-films by measuring third-order-susceptibility tensor components [1852-14]",1993,"PROCEEDINGS-SPIE THE INTERNATIONAL SOCIETY FOR OPTICAL ENGINEERING","","","https://scholar.google.com",526,"2023-03-01 18:45:02","Conference paper","","","https://scholar.google.com/citations?view_op=view_citation&hl=en&user=jAKnshoAAAAJ&cstart=500&pagesize=100&citation_for_view=jAKnshoAAAAJ:u-coK7KVo8oC",151,,,,0,0.00,0,4,30,"","",""
0,"GI Stegeman, D Neher, W Torruellas, S Aramaki","Role of Two Photon States in Conjugated Polymer Nonlinearities",1992,"International Quantum Electronics Conference, TuO","","","https://scholar.google.com",527,"2023-03-01 18:45:02","Conference paper","","","https://scholar.google.com/citations?view_op=view_citation&hl=en&user=jAKnshoAAAAJ&cstart=500&pagesize=100&citation_for_view=jAKnshoAAAAJ:zUl2_INMlC4C",2,,,,0,0.00,0,4,31,"","",""
0,"D Neher, S Mittler-Neher, M Cha, G Stegeman, FW Embs, G Wegner, ...","Determination of the Orientational Order Parameters< P* j>,< P* 4> in a Polysilane LB Film via Polarization Dependent THG",1991,"Nonlinear Optical Properties of Organic Materials","","","https://scholar.google.com",528,"2023-03-01 18:45:02","Journal article","","","https://scholar.google.com/citations?view_op=view_citation&hl=en&user=jAKnshoAAAAJ&cstart=500&pagesize=100&citation_for_view=jAKnshoAAAAJ:IRz6iEL74y4C",4,,335,335,0,0.00,0,7,32,"","",""
0,"D Lupo, P Ottenbreit, W PraB, C Bubeck, D Neher, G Wegner","INSTITUTE OF ORGANIC CHEMISTRY. UNIVERSITY OF MAINZ. D-6500 MAINZ. FEDERAL REPUBLIC OF GERMANY",1991,"Organic Materials for Non-linear Optics II","","","https://scholar.google.com",529,"2023-03-01 18:45:02","Journal article","","","https://scholar.google.com/citations?view_op=view_citation&hl=en&user=jAKnshoAAAAJ&cstart=500&pagesize=100&citation_for_view=jAKnshoAAAAJ:iH-uZ7U-co4C",91,,67,67,0,0.00,0,6,32,"","",""
0,"WE Torruellas, D Neher, GI Stegeman, F Kajzar","Third-order susceptibility dispersion of polythiophene thin films",1990,"OSA Annual Meeting, ThAA","","","https://scholar.google.com",530,"2023-03-01 18:45:02","Conference paper","","","https://scholar.google.com/citations?view_op=view_citation&hl=en&user=jAKnshoAAAAJ&cstart=500&pagesize=100&citation_for_view=jAKnshoAAAAJ:nPT8s1NX_-sC",3,,,,0,0.00,0,4,33,"","",""
0,"FW EMBS, D NEHER, G WEGNER, RD MILLER, R SOORIYAKUMARAN, ...","PREPARATION OF ORIENTED MONO AND MULTILAYERS OF POLY (BIS-BUTOXYPHENYL-SILANE) BY THE LANGMUIR-BLODGETT-TECHNIQUE",1990,"ABSTRACTS OF PAPERS OF THE AMERICAN CHEMICAL SOCIETY 200, 178-POLY","","","https://scholar.google.com",531,"2023-03-01 18:45:02","Abstract","","","https://scholar.google.com/citations?view_op=view_citation&hl=en&user=jAKnshoAAAAJ&cstart=500&pagesize=100&citation_for_view=jAKnshoAAAAJ:uWiczbcajpAC",,,,,0,0.00,0,6,33,"","",""
0,"J Hecht, YS Abu-Mostafa, D Psaltis, JL Horner, D Neher, A Wolf, ...","Computations Underlying the Execution of Movement: A Biological Perspective",1986,"J. Phys. Chem","","","https://scholar.google.com",532,"2023-03-01 18:45:02","Journal article","","","https://scholar.google.com/citations?view_op=view_citation&hl=en&user=jAKnshoAAAAJ&cstart=500&pagesize=100&citation_for_view=jAKnshoAAAAJ:-jrNzM816MMC",90,,5703,5703,0,0.00,0,7,37,"","",""
0,"A Laschewsky, W Paulus, H Ringsdorf","Amphiphilic Dyes for Non-linear Optics in Langmuir-Blodgett Films",1980,"Special Publication","","","https://scholar.google.com",533,"2023-03-01 18:45:02","Journal article","","","https://scholar.google.com/citations?view_op=view_citation&hl=en&user=jAKnshoAAAAJ&cstart=500&pagesize=100&citation_for_view=jAKnshoAAAAJ:CNPyR2KL9-0C",67,,,,0,0.00,0,3,43,"","",""
0,"A Grund, AMA Kaltbeitzel, D Neher, C Bubeck, G Wegner","Non-linear Optical Properties of Conjugated",1980,"Special Publication","","","https://scholar.google.com",534,"2023-03-01 18:45:02","Journal article","","","https://scholar.google.com/citations?view_op=view_citation&hl=en&user=jAKnshoAAAAJ&cstart=500&pagesize=100&citation_for_view=jAKnshoAAAAJ:HGTzPopzzJcC",288,,,,0,0.00,0,5,43,"","",""
0,"F Lang, G Eperon, J Thiesbrummel, E Köhnen, F Pena-Camargo, ...","Potential, Radiation Tolerance and Damage Mechanisms of Perovskite Multijunction-Based Space PV",,"","","","https://scholar.google.com",535,"2023-03-01 18:45:02","","","","https://scholar.google.com/citations?view_op=view_citation&hl=en&user=jAKnshoAAAAJ&cstart=500&pagesize=100&citation_for_view=jAKnshoAAAAJ:37UQlXuwjP4C",,,,,0,0.00,0,6,,"","",""
0,"T Hahn, S Tscheuschner, J Kahle, M Reichenberger, S Athanasopoulos, ...","3.3. Eigene Beiträge zu den Publikationen",,"Untersuchung der Ladungsträger-Dissoziation unter Berücksichtigung der …,","","","https://scholar.google.com",536,"2023-03-01 18:45:02","","","","https://scholar.google.com/citations?view_op=view_citation&hl=en&user=jAKnshoAAAAJ&cstart=500&pagesize=100&citation_for_view=jAKnshoAAAAJ:lYAcb2jw7qUC",,,,,0,0.00,0,6,,"","",""
0,"CM Wolff, P Caprioglio, M Stolterfoht, D Neher","Nonradiative Recombination in Perovskite Solar Cells",,"","","","https://scholar.google.com",537,"2023-03-01 18:45:02","","","","https://scholar.google.com/citations?view_op=view_citation&hl=en&user=jAKnshoAAAAJ&cstart=500&pagesize=100&citation_for_view=jAKnshoAAAAJ:jtI9f0ekYq0C",,,,,0,0.00,0,4,,"","",""
0,"L Kegelmann, C Wolff, CA Omondi, F Lang, E Unger, L Korte, T Dittrich, ...","It takes two to tango–double-layer selective contacts for improved device performance and reduced hysteresis in perovskite solar cells",,"","","","https://scholar.google.com",538,"2023-03-01 18:45:02","","","","https://scholar.google.com/citations?view_op=view_citation&hl=en&user=jAKnshoAAAAJ&cstart=500&pagesize=100&citation_for_view=jAKnshoAAAAJ:SxCCDk4iOpsC",,,,,0,0.00,0,8,,"","",""
0,"J Kublitski, R Shivhare, J Benduhn, E BarOr, S Mukherjee, KM Yallum, ...","Sub-picosecond charge-transfer at near-zero driving force in polymer: non-fullerene acceptor blends and bilayers",,"","","","https://scholar.google.com",539,"2023-03-01 18:45:02","","","","https://scholar.google.com/citations?view_op=view_citation&hl=en&user=jAKnshoAAAAJ&cstart=500&pagesize=100&citation_for_view=jAKnshoAAAAJ:SAZ1SQo2q1kC",,,,,0,0.00,0,7,,"","",""
0,"G Sini, M Schubert, C Risko, S Roland, OP Lee, Z Chen, TV Richter, ...","Article type: Full Paper",,"","","","https://scholar.google.com",540,"2023-03-01 18:45:02","","","","https://scholar.google.com/citations?view_op=view_citation&hl=en&user=jAKnshoAAAAJ&cstart=500&pagesize=100&citation_for_view=jAKnshoAAAAJ:YlPif8NxrbYC",,,,,0,0.00,0,8,,"","",""
0,"AK Kast, RR Schröder, E Mankel, P Pingel, D Neher, W Kowalsky, ...","Charge-Transfer–Solvent Interaction Predefines Doping Efficiency in p-Doped P3HT-Films",,"","","","https://scholar.google.com",541,"2023-03-01 18:45:02","","","","https://scholar.google.com/citations?view_op=view_citation&hl=en&user=jAKnshoAAAAJ&cstart=500&pagesize=100&citation_for_view=jAKnshoAAAAJ:65Yg0jNCQDAC",,,,,0,0.00,0,7,,"","",""
0,"M Stolterfoht, P Caprioglio, CM Wolff, JA Márquez, J Nordmann, S Zhang, ...","This journal is© The Royal Society of Chemistry 2019",,"","","","https://scholar.google.com",542,"2023-03-01 18:45:02","","","","https://scholar.google.com/citations?view_op=view_citation&hl=en&user=jAKnshoAAAAJ&cstart=500&pagesize=100&citation_for_view=jAKnshoAAAAJ:EPG8bYD4jVwC",,,,,0,0.00,0,7,,"","",""
0,"A Knorr, M Scheffler, P Rinke","Humboldt-Universität zu Berlin-Mathematisch-Naturwissenschaftliche Fakultät-SFB 951-HIOS",,"","","","https://scholar.google.com",543,"2023-03-01 18:45:02","","","","https://scholar.google.com/citations?view_op=view_citation&hl=en&user=jAKnshoAAAAJ&cstart=500&pagesize=100&citation_for_view=jAKnshoAAAAJ:raTqNPD5sRQC",,,,,0,0.00,0,3,,"","",""
0,"M Stolterfoht, P Caprioglio, CM Wolff, JA Márquez, J Nordmann, S Zhang, ...","The impact of energy alignment and interfacial recombination on the open-circuit voltage of perovskite solar cells",,"","","","https://scholar.google.com",544,"2023-03-01 18:45:02","","","","https://scholar.google.com/citations?view_op=view_citation&hl=en&user=jAKnshoAAAAJ&cstart=500&pagesize=100&citation_for_view=jAKnshoAAAAJ:pAkWuXOU-OoC",,,,,0,0.00,0,7,,"","",""
0,"L Kegelmann, CM Wolff, P Tockhorn, L Korte, D Neher, B Rech, ...","Mixtures of PEDOT and dopant-free Spiro-OMeTAD as hole selective contact in regular perovskite solar cells",,"","","","https://scholar.google.com",545,"2023-03-01 18:45:02","","","","https://scholar.google.com/citations?view_op=view_citation&hl=en&user=jAKnshoAAAAJ&cstart=500&pagesize=100&citation_for_view=jAKnshoAAAAJ:Ade32sEp0pkC",,,,,0,0.00,0,7,,"","",""
0,"CM Wolff, APF Zu, L Perdigon, N Koch, D Neher","Recombination in CH3NH3PbI3 Solar Cells with Varying All-Organic Transport Layers",,"","","","https://scholar.google.com",546,"2023-03-01 18:45:02","","","","https://scholar.google.com/citations?view_op=view_citation&hl=en&user=jAKnshoAAAAJ&cstart=500&pagesize=100&citation_for_view=jAKnshoAAAAJ:43bX7VzcjpAC",,,,,0,0.00,0,5,,"","",""
0,"SA Grigorian, O Henneberg, A Zen, D Neher, U Pietsch","X-ray Investigations of the Thin Regioregular Polymer Films",,"","","","https://scholar.google.com",547,"2023-03-01 18:45:02","","","","https://scholar.google.com/citations?view_op=view_citation&hl=en&user=jAKnshoAAAAJ&cstart=500&pagesize=100&citation_for_view=jAKnshoAAAAJ:jL-93Qbq4QoC",,,,,0,0.00,0,5,,"","",""
0,"E Holder, A Tsami, F Galbrecht, T Farrell, X Yang, D Neher, U Scherf","Donor-Acceptor Polymers for Potential Applications in Light-Emitting Devices",,"","","","https://scholar.google.com",548,"2023-03-01 18:45:02","","","","https://scholar.google.com/citations?view_op=view_citation&hl=en&user=jAKnshoAAAAJ&cstart=500&pagesize=100&citation_for_view=jAKnshoAAAAJ:artPoR2Yc-kC",,,,,0,0.00,0,7,,"","",""
0,"J Gorenflot, J Wolf, M Babics, Q Saleem, A Paulke, AE Balawi, D Neher, ...","Tuning of energy transfer and charge photogeneration in small molecule based bulk heterojunction via molecular engineering revealed by time-resolved spectroscopy.",,"","","","https://scholar.google.com",549,"2023-03-01 18:45:02","","","","https://scholar.google.com/citations?view_op=view_citation&hl=en&user=jAKnshoAAAAJ&cstart=500&pagesize=100&citation_for_view=jAKnshoAAAAJ:uc_IGeMz5qoC",,,,,0,0.00,0,8,,"","",""
0,"D Neher, J Kniepert, A Elimelech, LJA Koster","Derivation of Equation 7",,"","","","https://scholar.google.com",550,"2023-03-01 18:45:02","","","","https://scholar.google.com/citations?view_op=view_citation&hl=en&user=jAKnshoAAAAJ&cstart=500&pagesize=100&citation_for_view=jAKnshoAAAAJ:HE397vMXCloC",,,,,0,0.00,0,4,,"","",""
0,"W Liu, R Tkachov, H Komber, V Senkovskyy, M Schubert, Z Wei, ...","Chain-growth polycondensation of perylene diimide-based copolymers",,"","","","https://scholar.google.com",551,"2023-03-01 18:45:02","","","","https://scholar.google.com/citations?view_op=view_citation&hl=en&user=jAKnshoAAAAJ&cstart=500&pagesize=100&citation_for_view=jAKnshoAAAAJ:p2g8aNsByqUC",,,,,0,0.00,0,7,,"","",""
0,"E Preis, S Allard, U Scherf, M Schubert, D Neher","Tuning the Optical and Charge-Transporting Properties of the Electron-Accepting Phase in Polymer Solar Cells",,"","","","https://scholar.google.com",552,"2023-03-01 18:45:02","","","","https://scholar.google.com/citations?view_op=view_citation&hl=en&user=jAKnshoAAAAJ&cstart=500&pagesize=100&citation_for_view=jAKnshoAAAAJ:uWQEDVKXjbEC",,,,,0,0.00,0,5,,"","",""
0,"B Nickel, D Neher","Colloquium Announcement",,"","","","https://scholar.google.com",553,"2023-03-01 18:45:02","","","","https://scholar.google.com/citations?view_op=view_citation&hl=en&user=jAKnshoAAAAJ&cstart=500&pagesize=100&citation_for_view=jAKnshoAAAAJ:KxtntwgDAa4C",,,,,0,0.00,0,2,,"","",""
0,"J Ulanski, I Glowacki, E Dobruchowska, B Luszczynska, D Sainova, ...","Investigations of Charge Carrier Trapping and Recombination in Electroluminescent and Photoconducting Polymers by Means of Thermoluminescence",,"","","","https://scholar.google.com",554,"2023-03-01 18:45:02","","","","https://scholar.google.com/citations?view_op=view_citation&hl=en&user=jAKnshoAAAAJ&cstart=500&pagesize=100&citation_for_view=jAKnshoAAAAJ:CHSYGLWDkRkC",,,,,0,0.00,0,6,,"","",""
0,"M Schubert, E Preis, JC Blakesley, P Pingel, U Scherf, D Neher","Mobility relaxation and electron trapping in a donor/acceptor-type copolymer",,"","","","https://scholar.google.com",555,"2023-03-01 18:45:02","","","","https://scholar.google.com/citations?view_op=view_citation&hl=en&user=jAKnshoAAAAJ&cstart=500&pagesize=100&citation_for_view=jAKnshoAAAAJ:D03iK_w7-QYC",,,,,0,0.00,0,6,,"","",""
0,"M Schubert, D Dolfen, J Frisch, S Roland, R Steyrleuthner, B Stiller, ...","Article type: Full Paper Influence of aggregation on the performance of all-polymer solar cells containing low-bandgap naphthalenediimide-copolymers.",,"","","","https://scholar.google.com",556,"2023-03-01 18:45:02","","","","https://scholar.google.com/citations?view_op=view_citation&hl=en&user=jAKnshoAAAAJ&cstart=500&pagesize=100&citation_for_view=jAKnshoAAAAJ:HoB7MX3m0LUC",,,,,0,0.00,0,7,,"","",""
0,"HJ Winkelhahn, TK Servay, L Kalvoda, M Schulze, D Neher, G Wegner","Electrooptical Properties of Liquid-Crystalline Rigid Rod-Like Polymers",,"","","","https://scholar.google.com",557,"2023-03-01 18:45:02","","","","https://scholar.google.com/citations?view_op=view_citation&hl=en&user=jAKnshoAAAAJ&cstart=500&pagesize=100&citation_for_view=jAKnshoAAAAJ:j3f4tGmQtD8C",,,,,0,0.00,0,6,,"","",""
0,"U Asawapirom, JP Rabe, U Scherf, D Neher","Jens Pflaum",,"","","","https://scholar.google.com",558,"2023-03-01 18:45:02","","","","https://scholar.google.com/citations?view_op=view_citation&hl=en&user=jAKnshoAAAAJ&cstart=500&pagesize=100&citation_for_view=jAKnshoAAAAJ:5nxA0vEk-isC",,,,,0,0.00,0,4,,"","",""
0,"C Henkel, J Jelken, B Stiller, D Neher, T Papke, NS Yadavalli, S Santer","Photo-striction and reversible patterning of polymer-on-metal nanostructures with a plasmonic hologram",,"","","","https://scholar.google.com",559,"2023-03-01 18:45:02","","","","https://scholar.google.com/citations?view_op=view_citation&hl=en&user=jAKnshoAAAAJ&cstart=500&pagesize=100&citation_for_view=jAKnshoAAAAJ:WF5omc3nYNoC",,,,,0,0.00,0,7,,"","",""
