Cites,Authors,Title,Year,Source,Publisher,ArticleURL,CitesURL,GSRank,QueryDate,Type,DOI,ISSN,CitationURL,Volume,Issue,StartPage,EndPage,ECC,CitesPerYear,CitesPerAuthor,AuthorCount,Age,Abstract,FullTextURL,RelatedURL
2919,"J Rödel, W Jo, KTP Seifert, EM Anton, T Granzow, D Damjanovic","Perspective on the development of lead‐free piezoceramics",2009,"Journal of the American Ceramic Society","","","https://scholar.google.com/scholar?oi=bibs&hl=en&cites=11263314553031268435,14283977905346059124",1,"2023-03-01 18:54:13","Journal article","","","https://scholar.google.com/citations?view_op=view_citation&hl=en&user=aGW8lg8AAAAJ&pagesize=100&citation_for_view=aGW8lg8AAAAJ:4e5Qn2KL_jwC",92,6,1153,1177,2919,208.50,487,6,14,"","",""
2400,"D Damjanovic","Ferroelectric, dielectric and piezoelectric properties of ferroelectric thin films and ceramics",1998,"Reports on progress in physics","","","https://scholar.google.com/scholar?oi=bibs&hl=en&cites=17541925099291464498",2,"2023-03-01 18:54:13","Journal article","","","https://scholar.google.com/citations?view_op=view_citation&hl=en&user=aGW8lg8AAAAJ&pagesize=100&citation_for_view=aGW8lg8AAAAJ:u5HHmVD_uO8C",61,9,1267,1267,2400,96.00,2400,1,25,"","",""
2054,"N Setter, D Damjanovic, L Eng, G Fox, S Gevorgian, S Hong, A Kingon, ...","Ferroelectric thin films: Review of materials, properties, and applications",2006,"Journal of applied physics","","","https://scholar.google.com/scholar?oi=bibs&hl=en&cites=12282138093660775583",3,"2023-03-01 18:54:13","Journal article","","","https://scholar.google.com/citations?view_op=view_citation&hl=en&user=aGW8lg8AAAAJ&pagesize=100&citation_for_view=aGW8lg8AAAAJ:d1gkVwhDpl0C",100,5,51606,51606,2054,120.82,257,8,17,"","",""
1092,"J Rödel, KG Webber, R Dittmer, W Jo, M Kimura, D Damjanovic","Transferring lead-free piezoelectric ceramics into application",2015,"Journal of the European Ceramic Society","","","https://scholar.google.com/scholar?oi=bibs&hl=en&cites=11963006117163109985",4,"2023-03-01 18:54:13","Journal article","","","https://scholar.google.com/citations?view_op=view_citation&hl=en&user=aGW8lg8AAAAJ&pagesize=100&citation_for_view=aGW8lg8AAAAJ:XUvXOeBm_78C",35,,1659,1681,1092,136.50,182,6,8,"","",""
946,"E Hollenstein, M Davis, D Damjanovic, N Setter","Piezoelectric properties of Li-and Ta-modified (K0.5Na0.5)NbO3 ceramics",2005,"Applied Physics Letters","","","https://scholar.google.com/scholar?oi=bibs&hl=en&cites=13378665207548101247",5,"2023-03-01 18:54:13","Journal article","","","https://scholar.google.com/citations?view_op=view_citation&hl=en&user=aGW8lg8AAAAJ&pagesize=100&citation_for_view=aGW8lg8AAAAJ:u-x6o8ySG0sC",87,18,182905,182905,946,52.56,237,4,18,"","",""
816,"MD Maeder, D Damjanovic, N Setter","Lead free piezoelectric materials",2004,"Journal of Electroceramics","","","https://scholar.google.com/scholar?oi=bibs&hl=en&cites=14701275746524896167",6,"2023-03-01 18:54:13","Journal article","","","https://scholar.google.com/citations?view_op=view_citation&hl=en&user=aGW8lg8AAAAJ&pagesize=100&citation_for_view=aGW8lg8AAAAJ:2osOgNQ5qMEC",13,,385,392,816,42.95,272,3,19,"","",""
619,"D Damjanovic","Contributions to the piezoelectric effect in ferroelectric single crystals and ceramics",2005,"Journal of the American Ceramic society","","","https://scholar.google.com/scholar?oi=bibs&hl=en&cites=12663384939807642452",7,"2023-03-01 18:54:13","Journal article","","","https://scholar.google.com/citations?view_op=view_citation&hl=en&user=aGW8lg8AAAAJ&pagesize=100&citation_for_view=aGW8lg8AAAAJ:eQOLeE2rZwMC",88,10,2663,2676,619,34.39,619,1,18,"","",""
593,"W Jo, T Granzow, E Aulbach, J Rödel, D Damjanovic","Origin of the large strain response in (K0.5Na0.5)NbO3-modified (Bi0.5Na0.5)TiO3–BaTiO3 lead-free piezoceramics",2009,"Journal of Applied Physics","","","https://scholar.google.com/scholar?oi=bibs&hl=en&cites=9208345316802156355",8,"2023-03-01 18:54:13","Journal article","","","https://scholar.google.com/citations?view_op=view_citation&hl=en&user=aGW8lg8AAAAJ&pagesize=100&citation_for_view=aGW8lg8AAAAJ:_FxGoFyzp5QC",105,9,94102,94102,593,42.36,119,5,14,"","",""
584,"D Damjanovic","A morphotropic phase boundary system based on polarization rotation and polarization extension",2010,"Applied Physics Letters","","","https://scholar.google.com/scholar?oi=bibs&hl=en&cites=4761130859545575681",9,"2023-03-01 18:54:13","Journal article","","","https://scholar.google.com/citations?view_op=view_citation&hl=en&user=aGW8lg8AAAAJ&pagesize=100&citation_for_view=aGW8lg8AAAAJ:0EnyYjriUFMC",97,6,62906,62906,584,44.92,584,1,13,"","",""
504,"D Damjanovic","Materials for high temperature piezoelectric transducers",1998,"Current Opinion in Solid State and Materials Science","","","https://scholar.google.com/scholar?oi=bibs&hl=en&cites=18147853891468974852",10,"2023-03-01 18:54:13","Journal article","","","https://scholar.google.com/citations?view_op=view_citation&hl=en&user=aGW8lg8AAAAJ&pagesize=100&citation_for_view=aGW8lg8AAAAJ:IjCSPb-OGe4C",3,5,469,473,504,20.16,504,1,25,"","",""
495,"D Damjanovic","Stress and frequency dependence of the direct piezoelectric effect in ferroelectric ceramics",1997,"Journal of Applied Physics","","","https://scholar.google.com/scholar?oi=bibs&hl=en&cites=5483279765802547974",11,"2023-03-01 18:54:13","Journal article","","","https://scholar.google.com/citations?view_op=view_citation&hl=en&user=aGW8lg8AAAAJ&pagesize=100&citation_for_view=aGW8lg8AAAAJ:qjMakFHDy7sC",82,4,1788,1797,495,19.04,495,1,26,"","",""
486,"D Damjanovic","Hysteresis in piezoelectric and ferroelectric materials",2006,"Science of hysteresis","","","https://scholar.google.com/scholar?oi=bibs&hl=en&cites=5535387151376956973,2639589364827444278",12,"2023-03-01 18:54:13","Book chapter","","","https://scholar.google.com/citations?view_op=view_citation&hl=en&user=aGW8lg8AAAAJ&pagesize=100&citation_for_view=aGW8lg8AAAAJ:8k81kl-MbHgC",,,337,465,486,28.59,486,1,17,"","",""
462,"W Jo, JE Daniels, JL Jones, X Tan, PA Thomas, D Damjanovic, J Rödel","Evolving morphotropic phase boundary in lead-free (Bi1/2Na1/2)TiO3–BaTiO3 piezoceramics",2011,"Journal of applied physics","","","https://scholar.google.com/scholar?oi=bibs&hl=en&cites=1921243186297622428",13,"2023-03-01 18:54:13","Journal article","","","https://scholar.google.com/citations?view_op=view_citation&hl=en&user=aGW8lg8AAAAJ&pagesize=100&citation_for_view=aGW8lg8AAAAJ:kNdYIx-mwKoC",109,1,14110,14110,462,38.50,66,7,12,"","",""
395,"H Birol, D Damjanovic, N Setter","Preparation and characterization of (K0.5Na0.5)NbO3 ceramics",2006,"Journal of the European Ceramic Society","","","https://scholar.google.com/scholar?oi=bibs&hl=en&cites=15441528233583918627",14,"2023-03-01 18:54:13","Journal article","","","https://scholar.google.com/citations?view_op=view_citation&hl=en&user=aGW8lg8AAAAJ&pagesize=100&citation_for_view=aGW8lg8AAAAJ:VaXvl8Fpj5cC",26,6,861,866,395,23.24,132,3,17,"","",""
387,"T Rojac, A Bencan, B Malic, G Tutuncu, JL Jones, JE Daniels, ...","BiFeO3 Ceramics: Processing, Electrical, and Electromechanical Properties",2014,"Journal of the American Ceramic Society","","","https://scholar.google.com/scholar?oi=bibs&hl=en&cites=14568171445123491803",15,"2023-03-01 18:54:13","Journal article","","","https://scholar.google.com/citations?view_op=view_citation&hl=en&user=aGW8lg8AAAAJ&pagesize=100&citation_for_view=aGW8lg8AAAAJ:4vMrXwiscB8C",97,7,1993,2011,387,43.00,55,7,9,"","",""
371,"ST Zhang, AB Kounga, W Jo, C Jamin, K Seifert, T Granzow, J Rödel, ...","High‐strain lead‐free antiferroelectric electrostrictors",2009,"Advanced materials","","","https://scholar.google.com/scholar?oi=bibs&hl=en&cites=4460799090179891187",16,"2023-03-01 18:54:13","Journal article","","","https://scholar.google.com/citations?view_op=view_citation&hl=en&user=aGW8lg8AAAAJ&pagesize=100&citation_for_view=aGW8lg8AAAAJ:M3ejUd6NZC8C",21,46,4716,4720,371,26.50,46,8,14,"","",""
370,"D Damjanovic, M Demartin","Contribution of the irreversible displacement of domain walls to the piezoelectric effect in barium titanate and lead zirconate titanate ceramics",1997,"Journal of Physics: Condensed Matter","","","https://scholar.google.com/scholar?oi=bibs&hl=en&cites=1706728915584424179",17,"2023-03-01 18:54:13","Journal article","","","https://scholar.google.com/citations?view_op=view_citation&hl=en&user=aGW8lg8AAAAJ&pagesize=100&citation_for_view=aGW8lg8AAAAJ:Tyk-4Ss8FVUC",9,23,4943,4943,370,14.23,185,2,26,"","",""
367,"HS Shulman, M Testorf, D Damjanovic, N Setter","Microstructure, electrical conductivity, and piezoelectric properties of bismuth titanate",1996,"Journal of the American Ceramic Society","","","https://scholar.google.com/scholar?oi=bibs&hl=en&cites=7525689015993053521",18,"2023-03-01 18:54:13","Journal article","","","https://scholar.google.com/citations?view_op=view_citation&hl=en&user=aGW8lg8AAAAJ&pagesize=100&citation_for_view=aGW8lg8AAAAJ:UeHWp8X0CEIC",79,12,3124,3128,367,13.59,92,4,27,"","",""
362,"D Damjanovic, M Demartin","The Rayleigh law in piezoelectric ceramics",1996,"Journal of Physics D: Applied Physics","","","https://scholar.google.com/scholar?oi=bibs&hl=en&cites=9097804684544433027",19,"2023-03-01 18:54:13","Journal article","","","https://scholar.google.com/citations?view_op=view_citation&hl=en&user=aGW8lg8AAAAJ&pagesize=100&citation_for_view=aGW8lg8AAAAJ:WF5omc3nYNoC",29,7,2057,2057,362,13.41,181,2,27,"","",""
361,"D Damjanovic, N Klein, JIN Li, V Porokhonskyy","What can be expected from lead-free piezoelectric materials?",2010,"Functional Materials Letters","","","https://scholar.google.com/scholar?oi=bibs&hl=en&cites=5137444457478469254",20,"2023-03-01 18:54:13","Journal article","","","https://scholar.google.com/citations?view_op=view_citation&hl=en&user=aGW8lg8AAAAJ&pagesize=100&citation_for_view=aGW8lg8AAAAJ:k_IJM867U9cC",3,1,5,13,361,27.77,90,4,13,"","",""
353,"A Pramanick, D Damjanovic, JE Daniels, JC Nino, JL Jones","Origins of electro‐mechanical coupling in polycrystalline ferroelectrics during subcoercive electrical loading",2011,"Journal of the American Ceramic Society","","","https://scholar.google.com/scholar?oi=bibs&hl=en&cites=1945254177225158257",21,"2023-03-01 18:54:13","Journal article","","","https://scholar.google.com/citations?view_op=view_citation&hl=en&user=aGW8lg8AAAAJ&pagesize=100&citation_for_view=aGW8lg8AAAAJ:bEWYMUwI8FkC",94,2,293,309,353,29.42,71,5,12,"","",""
323,"I Katsouras, K Asadi, M Li, TB Van Driel, KS Kjær, D Zhao, T Lenz, Y Gu, ...","The negative piezoelectric effect of the ferroelectric polymer poly (vinylidene fluoride)",2015,"Nature materials","","","https://scholar.google.com/scholar?oi=bibs&hl=en&cites=11194482601122125429",22,"2023-03-01 18:54:13","Journal article","","","https://scholar.google.com/citations?view_op=view_citation&hl=en&user=aGW8lg8AAAAJ&pagesize=100&citation_for_view=aGW8lg8AAAAJ:LgRImbQfgY4C",15,,78,78,323,40.38,36,9,8,"","",""
315,"M Davis, D Damjanovic, N Setter","Electric-field-, temperature-, and stress-induced phase transitions in relaxor ferroelectric single crystals",2006,"Physical Review B","","","https://scholar.google.com/scholar?oi=bibs&hl=en&cites=10786627831055742681",23,"2023-03-01 18:54:13","Journal article","","","https://scholar.google.com/citations?view_op=view_citation&hl=en&user=aGW8lg8AAAAJ&pagesize=100&citation_for_view=aGW8lg8AAAAJ:ufrVoPGSRksC",73,1,14115,14115,315,18.53,105,3,17,"","",""
312,"HS Shulman, D Damjanovic, N Setter","Niobium doping and dielectric anomalies in bismuth titanate",2000,"Journal of the American Ceramic Society","","","https://scholar.google.com/scholar?oi=bibs&hl=en&cites=2140788701250783166",24,"2023-03-01 18:54:13","Journal article","","","https://scholar.google.com/citations?view_op=view_citation&hl=en&user=aGW8lg8AAAAJ&pagesize=100&citation_for_view=aGW8lg8AAAAJ:YsMSGLbcyi4C",83,3,528,532,312,13.57,104,3,23,"","",""
304,"T Sluka, AK Tagantsev, D Damjanovic, M Gureev, N Setter","Enhanced electromechanical response of ferroelectrics due to charged domain walls",2012,"Nature communications","","","https://scholar.google.com/scholar?oi=bibs&hl=en&cites=43761559535729267",25,"2023-03-01 18:54:13","Journal article","","","https://scholar.google.com/citations?view_op=view_citation&hl=en&user=aGW8lg8AAAAJ&pagesize=100&citation_for_view=aGW8lg8AAAAJ:M05iB0D1s5AC",3,1,748,748,304,27.64,61,5,11,"","",""
301,"EM Anton, W Jo, D Damjanovic, J Rodel","Determination of depolarization temperature of (Bi1/2Na1/2)TiO3-based lead-free piezoceramics",2011,"Journal of Applied Physics 110 (9), 094108-","","","https://scholar.google.com/scholar?oi=bibs&hl=en&cites=7759467088372094107",26,"2023-03-01 18:54:13","Journal article","","","https://scholar.google.com/citations?view_op=view_citation&hl=en&user=aGW8lg8AAAAJ&pagesize=100&citation_for_view=aGW8lg8AAAAJ:hMod-77fHWUC",,,94108,14,301,25.08,75,4,12,"","",""
298,"B Wylie-van Eerd, D Damjanovic, N Klein, N Setter, J Trodahl","Structural complexity of (Na0.5,Bi0.5)TiO3-BaTiO3 as revealed by Raman spectroscopy",2010,"Physical Review B","","","https://scholar.google.com/scholar?oi=bibs&hl=en&cites=7591102781712365120",27,"2023-03-01 18:54:13","Journal article","","","https://scholar.google.com/citations?view_op=view_citation&hl=en&user=aGW8lg8AAAAJ&pagesize=100&citation_for_view=aGW8lg8AAAAJ:QIV2ME_5wuYC",82,10,104112,104112,298,22.92,60,5,13,"","",""
294,"F Li, S Zhang, D Damjanovic, LQ Chen, TR Shrout","Local structural heterogeneity and electromechanical responses of ferroelectrics: learning from relaxor ferroelectrics",2018,"Advanced Functional Materials","","","https://scholar.google.com/scholar?oi=bibs&hl=en&cites=13166428054803464299,1458980227919308203",28,"2023-03-01 18:54:13","Journal article","","","https://scholar.google.com/citations?view_op=view_citation&hl=en&user=aGW8lg8AAAAJ&pagesize=100&citation_for_view=aGW8lg8AAAAJ:3bvyWxjaHKcC",28,37,1801504,1801504,294,58.80,59,5,5,"","",""
292,"T Rojac, M Kosec, B Budic, N Setter, D Damjanovic","Strong ferroelectric domain-wall pinning in BiFeO3 ceramics",2010,"Journal of Applied Physics","","","https://scholar.google.com/scholar?oi=bibs&hl=en&cites=8449988538566811191",29,"2023-03-01 18:54:13","Journal article","","","https://scholar.google.com/citations?view_op=view_citation&hl=en&user=aGW8lg8AAAAJ&pagesize=100&citation_for_view=aGW8lg8AAAAJ:O3NaXMp0MMsC",108,7,74107,74107,292,22.46,58,5,13,"","",""
290,"N Bassiri-Gharb, I Fujii, E Hong, S Trolier-McKinstry, DV Taylor, ...","Domain wall contributions to the properties of piezoelectric thin films",2007,"Journal of Electroceramics","","","https://scholar.google.com/scholar?oi=bibs&hl=en&cites=1514607295027081176",30,"2023-03-01 18:54:13","Journal article","","","https://scholar.google.com/citations?view_op=view_citation&hl=en&user=aGW8lg8AAAAJ&pagesize=100&citation_for_view=aGW8lg8AAAAJ:4TOpqqG69KYC",19,,49,67,290,18.13,48,6,16,"","",""
284,"T Rojac, A Bencan, G Drazic, N Sakamoto, H Ursic, B Jancar, G Tavcar, ...","Domain-wall conduction in ferroelectric BiFeO3 controlled by accumulation of charged defects",2017,"Nature Materials","","","https://scholar.google.com/scholar?oi=bibs&hl=en&cites=13123664500454466834",31,"2023-03-01 18:54:13","Journal article","","","https://scholar.google.com/citations?view_op=view_citation&hl=en&user=aGW8lg8AAAAJ&pagesize=100&citation_for_view=aGW8lg8AAAAJ:7Hz3ACDFbsoC",16,,322,322,284,47.33,36,8,6,"","",""
284,"DV Taylor, D Damjanovic","Evidence of domain wall contribution to the dielectric permittivity in PZT thin films at sub-switching fields",1997,"Journal of Applied Physics","","","https://scholar.google.com/scholar?oi=bibs&hl=en&cites=13868288530242764159",32,"2023-03-01 18:54:13","Journal article","","","https://scholar.google.com/citations?view_op=view_citation&hl=en&user=aGW8lg8AAAAJ&pagesize=100&citation_for_view=aGW8lg8AAAAJ:W7OEmFMy1HYC",82,4,1973,1975,284,10.92,142,2,26,"","",""
250,"DV Taylor, D Damjanovic","Piezoelectric properties of rhombohedral Pb(Zr,Ti)O3 thin films with (100), (111), and"" random"" crystallographic orientation",2000,"Applied Physics Letters","","","https://scholar.google.com/scholar?oi=bibs&hl=en&cites=7757496611136462434,10006479894547422893",33,"2023-03-01 18:54:13","Journal article","","","https://scholar.google.com/citations?view_op=view_citation&hl=en&user=aGW8lg8AAAAJ&pagesize=100&citation_for_view=aGW8lg8AAAAJ:zYLM7Y9cAGgC",76,,1615,1615,250,10.87,125,2,23,"","",""
237,"E Hollenstein, D Damjanovic, N Setter","Temperature stability of the piezoelectric properties of Li-modified KNN ceramics",2007,"Journal of the European Ceramic Society 27 (13-15)","","","https://scholar.google.com/scholar?oi=bibs&hl=en&cites=16563151826866341887",34,"2023-03-01 18:54:13","Journal article","","","https://scholar.google.com/citations?view_op=view_citation&hl=en&user=aGW8lg8AAAAJ&pagesize=100&citation_for_view=aGW8lg8AAAAJ:MXK_kJrjxJIC",,,4093,4097,237,14.81,79,3,16,"","",""
234,"M Davis, M Budimir, D Damjanovic, N Setter","Rotator and extender ferroelectrics: Importance of the shear coefficient to the piezoelectric properties of domain-engineered crystals and ceramics",2007,"Journal of Applied Physics","","","https://scholar.google.com/scholar?oi=bibs&hl=en&cites=11116638113262717547",35,"2023-03-01 18:54:13","Journal article","","","https://scholar.google.com/citations?view_op=view_citation&hl=en&user=aGW8lg8AAAAJ&pagesize=100&citation_for_view=aGW8lg8AAAAJ:9ZlFYXVOiuMC",101,5,54112,54112,234,14.63,59,4,16,"","",""
225,"D Damjanovic, RE Newnham","Electrostrictive and piezoelectric materials for actuator applications",1992,"Journal of intelligent material systems and structures","","","https://scholar.google.com/scholar?oi=bibs&hl=en&cites=2545888815794791014",36,"2023-03-01 18:54:13","Journal article","","","https://scholar.google.com/citations?view_op=view_citation&hl=en&user=aGW8lg8AAAAJ&pagesize=100&citation_for_view=aGW8lg8AAAAJ:Se3iqnhoufwC",3,2,190,208,225,7.26,113,2,31,"","",""
204,"N Klein, E Hollenstein, D Damjanovic, HJ Trodahl, N Setter, M Kuball","A study of the phase diagram of (K,Na,Li)NbO3 determined by dielectric and piezoelectric measurements, and Raman spectroscopy",2007,"Journal of Applied Physics","","","https://scholar.google.com/scholar?oi=bibs&hl=en&cites=7095254335771478758",37,"2023-03-01 18:54:13","Journal article","","","https://scholar.google.com/citations?view_op=view_citation&hl=en&user=aGW8lg8AAAAJ&pagesize=100&citation_for_view=aGW8lg8AAAAJ:YOwf2qJgpHMC",102,1,14112,14112,204,12.75,34,6,16,"","",""
201,"W Jo, J Daniels, D Damjanovic, W Kleemann, J Rödel","Two-stage processes of electrically induced-ferroelectric to relaxor transition in 0.94(Bi1/2Na1/2)TiO3-0.06BaTiO3",2013,"Applied Physics Letters","","","https://scholar.google.com/scholar?oi=bibs&hl=en&cites=5692808153362881886",38,"2023-03-01 18:54:13","Journal article","","","https://scholar.google.com/citations?view_op=view_citation&hl=en&user=aGW8lg8AAAAJ&pagesize=100&citation_for_view=aGW8lg8AAAAJ:ye4kPcJQO24C",102,19,192903,192903,201,20.10,40,5,10,"","",""
193,"D Damjanovic","Comments on origins of enhanced piezoelectric properties in ferroelectrics",2009,"IEEE transactions on ultrasonics, ferroelectrics, and frequency control 56 …","","","https://scholar.google.com/scholar?oi=bibs&hl=en&cites=14976972210497365766",39,"2023-03-01 18:54:13","Journal article","","","https://scholar.google.com/citations?view_op=view_citation&hl=en&user=aGW8lg8AAAAJ&pagesize=100&citation_for_view=aGW8lg8AAAAJ:4DMP91E08xMC",,,,,193,13.79,193,1,14,"","",""
191,"D Damjanovic","Logarithmic frequency dependence of the piezoelectric effect due to pinning of ferroelectric-ferroelastic domain walls",1997,"Physical Review B 55 (2), R","","","https://scholar.google.com/scholar?oi=bibs&hl=en&cites=12782780636385566794",40,"2023-03-01 18:54:13","Journal article","","","https://scholar.google.com/citations?view_op=view_citation&hl=en&user=aGW8lg8AAAAJ&pagesize=100&citation_for_view=aGW8lg8AAAAJ:roLk4NBRz8UC",649,,,,191,7.35,191,1,26,"","",""
190,"A Biancoli, CM Fancher, JL Jones, D Damjanovic","Breaking of macroscopic centric symmetry in paraelectric phases of ferroelectric materials and implications for flexoelectricity",2015,"Nature Materials","","","https://scholar.google.com/scholar?oi=bibs&hl=en&cites=8165767867093661010",41,"2023-03-01 18:54:13","Journal article","","","https://scholar.google.com/citations?view_op=view_citation&hl=en&user=aGW8lg8AAAAJ&pagesize=100&citation_for_view=aGW8lg8AAAAJ:LPtt_HFRSbwC",14,,224,224,190,23.75,48,4,8,"","",""
189,"D Damjanovic, A Biancoli, L Batooli, A Vahabzadeh, J Trodahl","Elastic, dielectric, and piezoelectric anomalies and Raman spectroscopy of 0.5Ba(Ti0.8Zr0.2)O3-0.5(Ba0.7Ca0.3)TiO3",2012,"Applied Physics Letters 100 (19), 192907-","","","https://scholar.google.com/scholar?oi=bibs&hl=en&cites=4708259536041445702",42,"2023-03-01 18:54:13","Journal article","","","https://scholar.google.com/citations?view_op=view_citation&hl=en&user=aGW8lg8AAAAJ&pagesize=100&citation_for_view=aGW8lg8AAAAJ:SP6oXDckpogC",,,192907,4,189,17.18,38,5,11,"","",""
188,"R Dittmer, W Jo, D Damjanovic, J Rödel","Lead-free high-temperature dielectrics with wide operational range",2011,"Journal of Applied Physics","","","https://scholar.google.com/scholar?oi=bibs&hl=en&cites=11845650251625335727",43,"2023-03-01 18:54:13","Journal article","","","https://scholar.google.com/citations?view_op=view_citation&hl=en&user=aGW8lg8AAAAJ&pagesize=100&citation_for_view=aGW8lg8AAAAJ:2P1L_qKh6hAC",109,3,34107,34107,188,15.67,47,4,12,"","",""
187,"E Aksel, JS Forrester, B Kowalski, M Deluca, D Damjanovic, JL Jones","Structure and properties of Fe-modified Na0.5Bi0.5TiO3 at ambient and elevated temperature",2012,"Physical Review B","","","https://scholar.google.com/scholar?oi=bibs&hl=en&cites=1573421688320353193",44,"2023-03-01 18:54:13","Journal article","","","https://scholar.google.com/citations?view_op=view_citation&hl=en&user=aGW8lg8AAAAJ&pagesize=100&citation_for_view=aGW8lg8AAAAJ:HoB7MX3m0LUC",85,2,24121,24121,187,17.00,31,6,11,"","",""
178,"M Demartin, D Damjanovic","Dependence of the direct piezoelectric effect in coarse and fine grain barium titanate ceramics on dynamic and static pressure",1996,"Applied physics letters","","","https://scholar.google.com/scholar?oi=bibs&hl=en&cites=140304265205239404",45,"2023-03-01 18:54:13","Journal article","","","https://scholar.google.com/citations?view_op=view_citation&hl=en&user=aGW8lg8AAAAJ&pagesize=100&citation_for_view=aGW8lg8AAAAJ:3fE2CSJIrl8C",68,21,3046,3048,178,6.59,89,2,27,"","",""
176,"MI Morozov, D Damjanovic","Charge migration in Pb(Zr,Ti)O3 ceramics and its relation to ageing, hardening, and softening",2010,"Journal of Applied Physics","","","https://scholar.google.com/scholar?oi=bibs&hl=en&cites=14187981313502263197",46,"2023-03-01 18:54:13","Journal article","","","https://scholar.google.com/citations?view_op=view_citation&hl=en&user=aGW8lg8AAAAJ&pagesize=100&citation_for_view=aGW8lg8AAAAJ:BqipwSGYUEgC",107,3,34106,34106,176,13.54,88,2,13,"","",""
171,"Y Wang, D Damjanovic, N Klein, E Hollenstein, N Setter","Compositional Inhomogeneity in Li‐ and Ta‐Modified (K, Na)NbO3 Ceramics",2007,"Journal of the American Ceramic Society","","","https://scholar.google.com/scholar?oi=bibs&hl=en&cites=7106334039537601869",47,"2023-03-01 18:54:13","Journal article","","","https://scholar.google.com/citations?view_op=view_citation&hl=en&user=aGW8lg8AAAAJ&pagesize=100&citation_for_view=aGW8lg8AAAAJ:ZeXyd9-uunAC",90,11,3485,3489,171,10.69,34,5,16,"","",""
170,"G Robert, D Damjanovic, N Setter, AV Turik","Preisach modeling of piezoelectric nonlinearity in ferroelectric ceramics",2001,"Journal of Applied Physics","","","https://scholar.google.com/scholar?oi=bibs&hl=en&cites=8357462746716260137",48,"2023-03-01 18:54:13","Journal article","","","https://scholar.google.com/citations?view_op=view_citation&hl=en&user=aGW8lg8AAAAJ&pagesize=100&citation_for_view=aGW8lg8AAAAJ:UebtZRa9Y70C",89,9,5067,5074,170,7.73,43,4,22,"","",""
167,"MI Morozov, D Damjanovic","Hardening-softening transition in Fe-doped Pb(Zr,Ti)O3 ceramics and evolution of the third harmonic of the polarization response",2008,"Journal of Applied Physics","","","https://scholar.google.com/scholar?oi=bibs&hl=en&cites=3129807728361837535",49,"2023-03-01 18:54:13","Journal article","","","https://scholar.google.com/citations?view_op=view_citation&hl=en&user=aGW8lg8AAAAJ&pagesize=100&citation_for_view=aGW8lg8AAAAJ:r0BpntZqJG4C",104,3,34107,34107,167,11.13,84,2,15,"","",""
160,"M Budimir, D Damjanovic, N Setter","Piezoelectric anisotropy–phase transition relations in perovskite single crystals",2003,"Journal of Applied Physics","","","https://scholar.google.com/scholar?oi=bibs&hl=en&cites=16803734273514789407",50,"2023-03-01 18:54:13","Journal article","","","https://scholar.google.com/citations?view_op=view_citation&hl=en&user=aGW8lg8AAAAJ&pagesize=100&citation_for_view=aGW8lg8AAAAJ:5nxA0vEk-isC",94,10,6753,6761,160,8.00,53,3,20,"","",""
157,"DV Taylor, D Damjanovic","Domain wall pinning contribution to the nonlinear dielectric permittivity in Pb(Zr,Ti)O3 thin films",1998,"Applied physics letters","","","https://scholar.google.com/scholar?oi=bibs&hl=en&cites=8466005548742709786",51,"2023-03-01 18:54:13","Journal article","","","https://scholar.google.com/citations?view_op=view_citation&hl=en&user=aGW8lg8AAAAJ&pagesize=100&citation_for_view=aGW8lg8AAAAJ:hqOjcs7Dif8C",73,14,2045,2047,157,6.28,79,2,25,"","",""
150,"F Vasquez‐Sancho, A Abdollahi, D Damjanovic, G Catalan","Flexoelectricity in bones",2018,"Advanced materials","","","https://scholar.google.com/scholar?oi=bibs&hl=en&cites=3148595155094058386",52,"2023-03-01 18:54:13","Journal article","","","https://scholar.google.com/citations?view_op=view_citation&hl=en&user=aGW8lg8AAAAJ&pagesize=100&citation_for_view=aGW8lg8AAAAJ:q-HalDI95KYC",30,9,1705316,1705316,150,30.00,38,4,5,"","",""
146,"AB Haugen, JS Forrester, D Damjanovic, B Li, KJ Bowman, JL Jones","Structure and phase transitions in 0.5(Ba0.7Ca0.3TiO3)-0.5(BaZr0.2Ti0.8O3) from − 100° C to 150° C",2013,"Journal of Applied Physics","","","https://scholar.google.com/scholar?oi=bibs&hl=en&cites=1621350897759918639,18077795158523727623,11846352635829617528",53,"2023-03-01 18:54:13","Journal article","","","https://scholar.google.com/citations?view_op=view_citation&hl=en&user=aGW8lg8AAAAJ&pagesize=100&citation_for_view=aGW8lg8AAAAJ:kRWSkSYxWN8C",113,1,14103,14103,146,14.60,24,6,10,"","",""
146,"D Damjanovic, TR Gururaja, LE Cross","Anisotropy in piezoelectric properties of modified lead titanate ceramics",1987,"American Ceramic Society Bulletin","","","https://scholar.google.com/scholar?oi=bibs&hl=en&cites=14186949757377076853",54,"2023-03-01 18:54:13","Journal article","","","https://scholar.google.com/citations?view_op=view_citation&hl=en&user=aGW8lg8AAAAJ&pagesize=100&citation_for_view=aGW8lg8AAAAJ:LkGwnXOMwfcC",66,4,699,703,146,4.06,49,3,36,"","",""
138,"Y Wang, D Damjanovic, N Klein, N Setter","High‐Temperature Instability of Li‐and Ta‐Modified (K,Na)NbO3 Piezoceramics",2008,"Journal of the American Ceramic Society","","","https://scholar.google.com/scholar?oi=bibs&hl=en&cites=6260299209630812167",55,"2023-03-01 18:54:13","Journal article","","","https://scholar.google.com/citations?view_op=view_citation&hl=en&user=aGW8lg8AAAAJ&pagesize=100&citation_for_view=aGW8lg8AAAAJ:L8Ckcad2t8MC",91,6,1962,1970,138,9.20,35,4,15,"","",""
134,"D Damjanovic, P Muralt, N Setter","Ferroelectric sensors",2001,"IEEE sensors journal","","","https://scholar.google.com/scholar?oi=bibs&hl=en&cites=13400595386480101950",56,"2023-03-01 18:54:13","Journal article","","","https://scholar.google.com/citations?view_op=view_citation&hl=en&user=aGW8lg8AAAAJ&pagesize=100&citation_for_view=aGW8lg8AAAAJ:_kc_bZDykSQC",1,3,191,206,134,6.09,45,3,22,"","",""
132,"M Budimir, D Damjanovic, N Setter","Piezoelectric response and free-energy instability in the perovskite crystals BaTiO3, PbTiO3, and Pb(Zr,Ti)O3",2006,"Physical Review B","","","https://scholar.google.com/scholar?oi=bibs&hl=en&cites=17564958958247081982,15170088131896006233",57,"2023-03-01 18:54:13","Journal article","","","https://scholar.google.com/citations?view_op=view_citation&hl=en&user=aGW8lg8AAAAJ&pagesize=100&citation_for_view=aGW8lg8AAAAJ:qxL8FJ1GzNcC",73,17,174106,174106,132,7.76,44,3,17,"","",""
129,"P Bintachitt, S Jesse, D Damjanovic, Y Han, IM Reaney, ...","Collective dynamics underpins Rayleigh behavior in disordered polycrystalline ferroelectrics",2010,"Proceedings of the National Academy of Sciences","","","https://scholar.google.com/scholar?oi=bibs&hl=en&cites=9237500504534637593",58,"2023-03-01 18:54:13","Journal article","","","https://scholar.google.com/citations?view_op=view_citation&hl=en&user=aGW8lg8AAAAJ&pagesize=100&citation_for_view=aGW8lg8AAAAJ:GnPB-g6toBAC",107,16,7219,7224,129,9.92,22,6,13,"","",""
125,"S Trolier-McKinstry, N Bassiri Gharb, D Damjanovic","Piezoelectric nonlinearity due to motion of 180 domain walls in ferroelectric materials at subcoercive fields: A dynamic poling model",2006,"Applied physics letters","","","https://scholar.google.com/scholar?oi=bibs&hl=en&cites=1321453439018577256",59,"2023-03-01 18:54:13","Journal article","","","https://scholar.google.com/citations?view_op=view_citation&hl=en&user=aGW8lg8AAAAJ&pagesize=100&citation_for_view=aGW8lg8AAAAJ:hC7cP41nSMkC",88,20,202901,202901,125,7.35,42,3,17,"","",""
122,"F Griggio, S Jesse, A Kumar, O Ovchinnikov, H Kim, TN Jackson, ...","Substrate clamping effects on irreversible domain wall dynamics in lead zirconate titanate thin films",2012,"Physical review letters","","","https://scholar.google.com/scholar?oi=bibs&hl=en&cites=2453680464968520702",60,"2023-03-01 18:54:13","Journal article","","","https://scholar.google.com/citations?view_op=view_citation&hl=en&user=aGW8lg8AAAAJ&pagesize=100&citation_for_view=aGW8lg8AAAAJ:738O_yMBCRsC",108,15,157604,157604,122,11.09,17,7,11,"","",""
122,"YL Wang, AK Tagantsev, D Damjanovic, N Setter, VK Yarmarkin, ...","Landau thermodynamic potential for BaTiO3",2007,"Journal of applied physics 101 (10), 104115-","","","https://scholar.google.com/scholar?oi=bibs&hl=en&cites=16521282425959970218",61,"2023-03-01 18:54:13","Journal article","","","https://scholar.google.com/citations?view_op=view_citation&hl=en&user=aGW8lg8AAAAJ&pagesize=100&citation_for_view=aGW8lg8AAAAJ:hFOr9nPyWt4C",,,,,122,7.63,20,6,16,"","",""
118,"H Birol, D Damjanovic, N Setter","Preparation and Characterization of KNbO3 Ceramics",2005,"Journal of the American Ceramic Society","","","https://scholar.google.com/scholar?oi=bibs&hl=en&cites=10206539796883692355",62,"2023-03-01 18:54:13","Journal article","","","https://scholar.google.com/citations?view_op=view_citation&hl=en&user=aGW8lg8AAAAJ&pagesize=100&citation_for_view=aGW8lg8AAAAJ:dhFuZR0502QC",88,7,1754,1759,118,6.56,39,3,18,"","",""
116,"L Jin, Z He, D Damjanovic","Nanodomains in -doped lead zirconate titanate ceramics at the morphotropic phase boundary do not correlate with high properties",2009,"Applied Physics Letters","","","https://scholar.google.com/scholar?oi=bibs&hl=en&cites=13547556759890283464",63,"2023-03-01 18:54:13","Journal article","","","https://scholar.google.com/citations?view_op=view_citation&hl=en&user=aGW8lg8AAAAJ&pagesize=100&citation_for_view=aGW8lg8AAAAJ:35N4QoGY0k4C",95,1,12905,12905,116,8.29,39,3,14,"","",""
115,"M Davis, D Damjanovic, D Hayem, N Setter","Domain engineering of the transverse piezoelectric coefficient in perovskite ferroelectrics",2005,"Journal of applied physics","","","https://scholar.google.com/scholar?oi=bibs&hl=en&cites=12204991440124237596",64,"2023-03-01 18:54:13","Journal article","","","https://scholar.google.com/citations?view_op=view_citation&hl=en&user=aGW8lg8AAAAJ&pagesize=100&citation_for_view=aGW8lg8AAAAJ:qUcmZB5y_30C",98,1,14102,14102,115,6.39,29,4,18,"","",""
114,"D Damjanovic, F Brem, N Setter","Crystal orientation dependence of the piezoelectric d33 coefficient in tetragonal BaTiO3 as a function of temperature",2002,"Applied physics letters","","","https://scholar.google.com/scholar?oi=bibs&hl=en&cites=12516705387268443916",65,"2023-03-01 18:54:13","Journal article","","","https://scholar.google.com/citations?view_op=view_citation&hl=en&user=aGW8lg8AAAAJ&pagesize=100&citation_for_view=aGW8lg8AAAAJ:mVmsd5A6BfQC",80,4,652,654,114,5.43,38,3,21,"","",""
110,"L Jin, V Porokhonskyy, D Damjanovic","Domain wall contributions in P(Zr,Ti)O3 ceramics at morphotropic phase boundary: A study of dielectric dispersion",2010,"Applied Physics Letters 96 (24), 242902-","","","https://scholar.google.com/scholar?oi=bibs&hl=en&cites=181456545564993800",66,"2023-03-01 18:54:13","Journal article","","","https://scholar.google.com/citations?view_op=view_citation&hl=en&user=aGW8lg8AAAAJ&pagesize=100&citation_for_view=aGW8lg8AAAAJ:dshw04ExmUIC",,,242902,3,110,8.46,37,3,13,"","",""
108,"SB Lang, HLW Chan, D Damjanovic, M Budimir, M Davis, N Setter","Piezoelectric anisotropy: Enhanced piezoelectric response along nonpolar directions in perovskite crystals",2007,"Frontiers of Ferroelectricity: A Special Issue of the Journal of Materials …","","","https://scholar.google.com/scholar?oi=bibs&hl=en&cites=16390918459561011338",67,"2023-03-01 18:54:13","Journal article","","","https://scholar.google.com/citations?view_op=view_citation&hl=en&user=aGW8lg8AAAAJ&pagesize=100&citation_for_view=aGW8lg8AAAAJ:aqlVkmm33-oC",,,,,108,6.75,18,6,16,"","",""
107,"D Damjanovic, M Budimir, M Davis, N Setter","Monodomain versus polydomain piezoelectric response of 0.67Pb(Mg1/3Nb2/3)O3–0.33PbTiO3 single crystals along nonpolar directions",2003,"Applied Physics Letters","","","https://scholar.google.com/scholar?oi=bibs&hl=en&cites=14664907858282197597",68,"2023-03-01 18:54:13","Journal article","","","https://scholar.google.com/citations?view_op=view_citation&hl=en&user=aGW8lg8AAAAJ&pagesize=100&citation_for_view=aGW8lg8AAAAJ:p2g8aNsByqUC",83,,527,527,107,5.35,27,4,20,"","",""
102,"A Chandrasekaran, D Damjanovic, N Setter, N Marzari","Defect ordering and defect–domain-wall interactions in PbTiO3: A first-principles study",2013,"Physical Review B","","","https://scholar.google.com/scholar?oi=bibs&hl=en&cites=7573585672899657725",69,"2023-03-01 18:54:13","Journal article","","","https://scholar.google.com/citations?view_op=view_citation&hl=en&user=aGW8lg8AAAAJ&pagesize=100&citation_for_view=aGW8lg8AAAAJ:Ug5p-4gJ2f0C",88,21,214116,214116,102,10.20,26,4,10,"","",""
101,"HJ Trodahl, N Klein, D Damjanovic, N Setter, B Ludbrook, D Rytz, ...","Raman spectroscopy of (K,Na)NbO3 and (K, Na)1-xLixNbO3",2008,"Applied Physics Letters 93 (26), 262901-","","","https://scholar.google.com/scholar?oi=bibs&hl=en&cites=2977159951128793849",70,"2023-03-01 18:54:13","Journal article","","","https://scholar.google.com/citations?view_op=view_citation&hl=en&user=aGW8lg8AAAAJ&pagesize=100&citation_for_view=aGW8lg8AAAAJ:70eg2SAEIzsC",,,262901,3,101,6.73,14,7,15,"","",""
98,"Z Kighelman, D Damjanovic, N Setter","Electromechanical properties and self-polarization in relaxor Pb (Mg1/3Nb2/3)O3 thin films",2001,"Journal of Applied Physics","","","https://scholar.google.com/scholar?oi=bibs&hl=en&cites=7754560326760794658",71,"2023-03-01 18:54:13","Journal article","","","https://scholar.google.com/citations?view_op=view_citation&hl=en&user=aGW8lg8AAAAJ&pagesize=100&citation_for_view=aGW8lg8AAAAJ:KlAtU1dfN6UC",89,2,1393,1401,98,4.45,33,3,22,"","",""
90,"M Davis, D Damjanovic, N Setter","Temperature dependence of the direct piezoelectric effect in relaxor-ferroelectric single crystals: intrinsic and extrinsic contributions",2006,"Journal of applied physics","","","https://scholar.google.com/scholar?oi=bibs&hl=en&cites=15211714575087951314",72,"2023-03-01 18:54:13","Journal article","","","https://scholar.google.com/citations?view_op=view_citation&hl=en&user=aGW8lg8AAAAJ&pagesize=100&citation_for_view=aGW8lg8AAAAJ:iH-uZ7U-co4C",100,8,84103,84103,90,5.29,30,3,17,"","",""
90,"D Damjanovic, M Demartin, HS Shulman, M Testorf, N Setter","Instabilities in the piezoelectric properties of ferroelectric ceramics",1996,"Sensors and actuators: Physical","","","https://scholar.google.com/scholar?oi=bibs&hl=en&cites=2886618572030903027,1350181569702019929",73,"2023-03-01 18:54:13","Journal article","","","https://scholar.google.com/citations?view_op=view_citation&hl=en&user=aGW8lg8AAAAJ&pagesize=100&citation_for_view=aGW8lg8AAAAJ:DUooU5lO8OsC",53,,353,360,90,3.33,18,5,27,"","",""
88,"PS Bednyakov, T Sluka, AK Tagantsev, D Damjanovic, N Setter","Formation of charged ferroelectric domain walls with controlled periodicity",2015,"Scientific reports","","","https://scholar.google.com/scholar?oi=bibs&hl=en&cites=13850311578348958834",74,"2023-03-01 18:54:13","Journal article","","","https://scholar.google.com/citations?view_op=view_citation&hl=en&user=aGW8lg8AAAAJ&pagesize=100&citation_for_view=aGW8lg8AAAAJ:2tRrZ1ZAMYUC",5,,15819,15819,88,11.00,18,5,8,"","",""
86,"W Jo, E Erdem, RA Eichel, J Glaum, T Granzow, D Damjanovic, J Rödel","Effect of Nb-donor and Fe-acceptor dopants in (Bi1/2Na1/2)TiO3-BaTiO3-(K0.5Na0.5)NbO3 lead-free piezoceramics",2010,"Journal of Applied Physics","","","https://scholar.google.com/scholar?oi=bibs&hl=en&cites=555226062274768123,9439320536521785662",75,"2023-03-01 18:54:13","Journal article","","","https://scholar.google.com/citations?view_op=view_citation&hl=en&user=aGW8lg8AAAAJ&pagesize=100&citation_for_view=aGW8lg8AAAAJ:Ak0FvsSvgGUC",108,,14110,14110,86,6.62,12,7,13,"","",""
84,"P Jakes, E Erdem, RA Eichel, L Jin, D Damjanovic","Position of defects with respect to domain walls in Fe3+-doped Pb[Zr0.52Ti0.48]O3 piezoelectric ceramics",2011,"Applied Physics Letters 98 (7), 072907-","","","https://scholar.google.com/scholar?oi=bibs&hl=en&cites=3930221383029431607",76,"2023-03-01 18:54:13","Journal article","","","https://scholar.google.com/citations?view_op=view_citation&hl=en&user=aGW8lg8AAAAJ&pagesize=100&citation_for_view=aGW8lg8AAAAJ:dfsIfKJdRG4C",,,72907,3,84,7.00,17,5,12,"","",""
83,"H Simons, AB Haugen, AC Jakobsen, S Schmidt, F Stöhr, M Majkut, ...","Long-range symmetry breaking in embedded ferroelectrics",2018,"Nature materials","","","https://scholar.google.com/scholar?oi=bibs&hl=en&cites=14824264688688980388",77,"2023-03-01 18:54:13","Journal article","","","https://scholar.google.com/citations?view_op=view_citation&hl=en&user=aGW8lg8AAAAJ&pagesize=100&citation_for_view=aGW8lg8AAAAJ:pAkWuXOU-OoC",17,9,814,819,83,16.60,12,7,5,"","",""
83,"SD Vacche, F Oliveira, Y Leterrier, V Michaud, D Damjanovic, ...","The effect of processing conditions on the morphology, thermomechanical, dielectric, and piezoelectric properties of P(VDF-TrFE)/BaTiO3 composites",2012,"Journal of Materials Science","","","https://scholar.google.com/scholar?oi=bibs&hl=en&cites=2639002606243019901",78,"2023-03-01 18:54:13","Journal article","","","https://scholar.google.com/citations?view_op=view_citation&hl=en&user=aGW8lg8AAAAJ&pagesize=100&citation_for_view=aGW8lg8AAAAJ:sSrBHYA8nusC",47,,4763,4774,83,7.55,14,6,11,"","",""
83,"T Rojac, M Kosec, D Damjanovic","Large Electric‐Field Induced Strain in BiFeO3 Ceramics",2011,"Journal of the American Ceramic Society","","","https://scholar.google.com/scholar?oi=bibs&hl=en&cites=6665053915467295319",79,"2023-03-01 18:54:13","Journal article","","","https://scholar.google.com/citations?view_op=view_citation&hl=en&user=aGW8lg8AAAAJ&pagesize=100&citation_for_view=aGW8lg8AAAAJ:Tiz5es2fbqcC",94,12,4108,4111,83,6.92,28,3,12,"","",""
82,"T Rojac, H Ursic, A Bencan, B Malic, D Damjanovic","Mobile domain walls as a bridge between nanoscale conductivity and macroscopic electromechanical response",2015,"Advanced functional materials","","","https://scholar.google.com/scholar?oi=bibs&hl=en&cites=8005790271670416128,8023200540487694227",80,"2023-03-01 18:54:13","Journal article","","","https://scholar.google.com/citations?view_op=view_citation&hl=en&user=aGW8lg8AAAAJ&pagesize=100&citation_for_view=aGW8lg8AAAAJ:_OXeSy2IsFwC",25,14,2099,2108,82,10.25,16,5,8,"","",""
81,"A Pramanick, D Damjanovic, JC Nino, JL Jones","Subcoercive cyclic electrical loading of lead zirconate titanate ceramics I: nonlinearities and losses in the converse piezoelectric effect",2009,"Journal of the American Ceramic Society","","","https://scholar.google.com/scholar?oi=bibs&hl=en&cites=10383170437976057984",81,"2023-03-01 18:54:13","Journal article","","","https://scholar.google.com/citations?view_op=view_citation&hl=en&user=aGW8lg8AAAAJ&pagesize=100&citation_for_view=aGW8lg8AAAAJ:fPk4N6BV_jEC",92,10,2291,2299,81,5.79,20,4,14,"","",""
80,"A Barzegar, D Damjanovic, N Ledermann, P Muralt","Piezoelectric response of thin films determined by charge integration technique: substrate bending effects",2003,"Journal of applied physics","","","https://scholar.google.com/scholar?oi=bibs&hl=en&cites=1592638273298623980",82,"2023-03-01 18:54:13","Journal article","","","https://scholar.google.com/citations?view_op=view_citation&hl=en&user=aGW8lg8AAAAJ&pagesize=100&citation_for_view=aGW8lg8AAAAJ:7PzlFSSx8tAC",93,8,4756,4760,80,4.00,20,4,20,"","",""
80,"Z Kighelman, D Damjanovic, A Seifert, L Sagalowicz, N Setter","Relaxor behavior and electromechanical properties of Pb(Mg1/3Nb2/3)O3 thin films",1998,"Applied Physics Letters","","","https://scholar.google.com/scholar?oi=bibs&hl=en&cites=8228726394464109411",83,"2023-03-01 18:54:13","Journal article","","","https://scholar.google.com/citations?view_op=view_citation&hl=en&user=aGW8lg8AAAAJ&pagesize=100&citation_for_view=aGW8lg8AAAAJ:UHK10RUVsp4C",73,16,2281,2283,80,3.20,16,5,25,"","",""
78,"M Morozov, D Damjanovic, N Setter","The nonlinearity and subswitching hysteresis in hard and soft PZT",2005,"Journal of the European Ceramic Society","","","https://scholar.google.com/scholar?oi=bibs&hl=en&cites=16255571955192982583",84,"2023-03-01 18:54:13","Journal article","","","https://scholar.google.com/citations?view_op=view_citation&hl=en&user=aGW8lg8AAAAJ&pagesize=100&citation_for_view=aGW8lg8AAAAJ:4JMBOYKVnBMC",25,12,2483,2486,78,4.33,26,3,18,"","",""
77,"E Buixaderas, D Nuzhnyy, J Petzelt, L Jin, D Damjanovic","Polar lattice vibrations and phase transition dynamics in Pb(Zr1–xTix)O3",2011,"Physical Review B","","","https://scholar.google.com/scholar?oi=bibs&hl=en&cites=12826785470082581951",85,"2023-03-01 18:54:13","Journal article","","","https://scholar.google.com/citations?view_op=view_citation&hl=en&user=aGW8lg8AAAAJ&pagesize=100&citation_for_view=aGW8lg8AAAAJ:KxtntwgDAa4C",84,18,184302,184302,77,6.42,15,5,12,"","",""
77,"D Damjanovic","Piezoelectric properties of perovskite ferroelectrics: unsolved problems and future research",2001,"Annales de Chimie Science des Materiaux","","","https://scholar.google.com/scholar?oi=bibs&hl=en&cites=4693748258416060314",86,"2023-03-01 18:54:13","Journal article","","","https://scholar.google.com/citations?view_op=view_citation&hl=en&user=aGW8lg8AAAAJ&pagesize=100&citation_for_view=aGW8lg8AAAAJ:e5wmG9Sq2KIC",26,1,99,106,77,3.50,77,1,22,"","",""
76,"D Zhao, T Lenz, GH Gelinck, P Groen, D Damjanovic, DM de Leeuw, ...","Depolarization of multidomain ferroelectric materials",2019,"Nature Communications","","","https://scholar.google.com/scholar?oi=bibs&hl=en&cites=14317239055356445771",87,"2023-03-01 18:54:13","Journal article","","","https://scholar.google.com/citations?view_op=view_citation&hl=en&user=aGW8lg8AAAAJ&pagesize=100&citation_for_view=aGW8lg8AAAAJ:Hck25ST_3aIC",10,1,2547,2547,76,19.00,11,7,4,"","",""
76,"M Budimir, D Damjanovic, N Setter","Enhancement of the piezoelectric response of tetragonal perovskite single crystals by uniaxial stress applied along the polar",2005,"Physical Review-Section B-Condensed Matter","","","https://scholar.google.com/scholar?oi=bibs&hl=en&cites=9295178713899806321,2697679662818519773",88,"2023-03-01 18:54:13","Journal article","","","https://scholar.google.com/citations?view_op=view_citation&hl=en&user=aGW8lg8AAAAJ&pagesize=100&citation_for_view=aGW8lg8AAAAJ:NJ774b8OgUMC",72,6,64107,64107,76,4.22,25,3,18,"","",""
75,"IM Reaney, D Damjanovic","Crystal structure and domain‐wall contributions to the piezoelectric properties of strontium bismuth titanate ceramics",1996,"Journal of applied physics","","","https://scholar.google.com/scholar?oi=bibs&hl=en&cites=5484007759232765029",89,"2023-03-01 18:54:13","Journal article","","","https://scholar.google.com/citations?view_op=view_citation&hl=en&user=aGW8lg8AAAAJ&pagesize=100&citation_for_view=aGW8lg8AAAAJ:HDshCWvjkbEC",80,7,4223,4225,75,2.78,38,2,27,"","",""
74,"ES Thiele, D Damjanovic, N Setter","Processing and Properties of Screen-Printed Lead Zirconate Titanate Piezoelectric Thick Films on Electroded Silicon",2001,"Journal of the American Ceramic Society","","","https://scholar.google.com/scholar?oi=bibs&hl=en&cites=8703821405377753395,2432227209581488789",90,"2023-03-01 18:54:13","Journal article","","","https://scholar.google.com/citations?view_op=view_citation&hl=en&user=aGW8lg8AAAAJ&pagesize=100&citation_for_view=aGW8lg8AAAAJ:z_wVstp3MssC",84,12,2863,2868,74,3.36,25,3,22,"","",""
70,"M Höfling, X Zhou, LM Riemer, E Bruder, B Liu, L Zhou, PB Groszewicz, ...","Control of polarization in bulk ferroelectrics by mechanical dislocation imprint",2021,"Science","","","https://scholar.google.com/scholar?oi=bibs&hl=en&cites=1678846596896033818",91,"2023-03-01 18:54:13","Journal article","","","https://scholar.google.com/citations?view_op=view_citation&hl=en&user=aGW8lg8AAAAJ&pagesize=100&citation_for_view=aGW8lg8AAAAJ:YB4bud6kWLwC",372,6545,961,964,70,35.00,9,8,2,"","",""
67,"Z Kighelman, D Damjanovic, N Setter","Dielectric and electromechanical properties of ferroelectric-relaxor 0.9Pb(Mg1/3Nb2/3)O3–0.1PbTiO3 thin films",2001,"Journal of Applied Physics","","","https://scholar.google.com/scholar?oi=bibs&hl=en&cites=9796098775197163200",92,"2023-03-01 18:54:13","Journal article","","","https://scholar.google.com/citations?view_op=view_citation&hl=en&user=aGW8lg8AAAAJ&pagesize=100&citation_for_view=aGW8lg8AAAAJ:mB3voiENLucC",90,9,4682,4689,67,3.05,22,3,22,"","",""
67,"G Robert, D Damjanovic, N Setter","Preisach modeling of ferroelectric pinched loops",2000,"Applied Physics Letters","","","https://scholar.google.com/scholar?oi=bibs&hl=en&cites=18105380460619552935",93,"2023-03-01 18:54:13","Journal article","","","https://scholar.google.com/citations?view_op=view_citation&hl=en&user=aGW8lg8AAAAJ&pagesize=100&citation_for_view=aGW8lg8AAAAJ:ns9cj8rnVeAC",77,26,4413,4415,67,2.91,22,3,23,"","",""
66,"AF Barzegar, D Damjanovic, N Setter","The effect of boundary conditions and sample aspect ratio on apparent d33 piezoelectric coefficient determined by direct quasistatic method",2004,"IEEE transactions on ultrasonics, ferroelectrics, and frequency control 51 …","","","https://scholar.google.com/scholar?oi=bibs&hl=en&cites=17257954908167585120",94,"2023-03-01 18:54:13","Journal article","","","https://scholar.google.com/citations?view_op=view_citation&hl=en&user=aGW8lg8AAAAJ&pagesize=100&citation_for_view=aGW8lg8AAAAJ:_Qo2XoVZTnwC",,,,,66,3.47,22,3,19,"","",""
65,"Z Kighelman, D Damjanovic, M Cantoni, N Setter","Properties of ferroelectric PbTiO3 thin films",2002,"Journal of applied physics","","","https://scholar.google.com/scholar?oi=bibs&hl=en&cites=1646906782069104608",95,"2023-03-01 18:54:13","Journal article","","","https://scholar.google.com/citations?view_op=view_citation&hl=en&user=aGW8lg8AAAAJ&pagesize=100&citation_for_view=aGW8lg8AAAAJ:j3f4tGmQtD8C",91,3,1495,1501,65,3.10,16,4,21,"","",""
64,"E Buixaderas, I Gregora, M Savinov, J Hlinka, L Jin, D Damjanovic, ...","Compositional behavior of Raman-active phonons in Pb(Zr1−xTix)O3 ceramics",2015,"Physical Review B","","","https://scholar.google.com/scholar?oi=bibs&hl=en&cites=10731374810826168694",96,"2023-03-01 18:54:13","Journal article","","","https://scholar.google.com/citations?view_op=view_citation&hl=en&user=aGW8lg8AAAAJ&pagesize=100&citation_for_view=aGW8lg8AAAAJ:Ehil0879vHcC",91,1,14104,14104,64,8.00,9,7,8,"","",""
63,"V Porokhonskyy, L Jin, D Damjanovic","Separation of piezoelectric grain resonance and domain wall dispersion in Pb(Zr,Ti)O3 ceramics",2009,"Applied Physics Letters","","","https://scholar.google.com/scholar?oi=bibs&hl=en&cites=8962579406223821367,4755626283787000420",97,"2023-03-01 18:54:13","Journal article","","","https://scholar.google.com/citations?view_op=view_citation&hl=en&user=aGW8lg8AAAAJ&pagesize=100&citation_for_view=aGW8lg8AAAAJ:f2IySw72cVMC",94,21,212906,212906,63,4.50,21,3,14,"","",""
60,"F Oliveira, Y Leterrier, JA Månson, O Sereda, A Neels, A Dommann, ...","Process influences on the structure, piezoelectric, and gas‐barrier properties of PVDF‐TrFE copolymer",2014,"Journal of Polymer Science Part B: Polymer Physics","","","https://scholar.google.com/scholar?oi=bibs&hl=en&cites=4988237392354067697",98,"2023-03-01 18:54:13","Journal article","","","https://scholar.google.com/citations?view_op=view_citation&hl=en&user=aGW8lg8AAAAJ&pagesize=100&citation_for_view=aGW8lg8AAAAJ:edDO8Oi4QzsC",52,7,496,506,60,6.67,9,7,9,"","",""
60,"D Damjanovic, M Demartin Maeder, P Duran Martin, C Voisard, N Setter","Maxwell–Wagner piezoelectric relaxation in ferroelectric heterostructures",2001,"Journal of Applied Physics","","","https://scholar.google.com/scholar?oi=bibs&hl=en&cites=7146286585586190485",99,"2023-03-01 18:54:13","Journal article","","","https://scholar.google.com/citations?view_op=view_citation&hl=en&user=aGW8lg8AAAAJ&pagesize=100&citation_for_view=aGW8lg8AAAAJ:YFjsv_pBGBYC",90,11,5708,5712,60,2.73,12,5,22,"","",""
59,"E Sapper, R Dittmer, D Damjanovic, E Erdem, DJ Keeble, W Jo, ...","Aging in the relaxor and ferroelectric state of Fe-doped (1-x)(Bi1/2Na1/2)TiO3-xBaTiO3 piezoelectric ceramics",2014,"Journal of Applied Physics","","","https://scholar.google.com/scholar?oi=bibs&hl=en&cites=8006574658049501536,14826193016066034266",100,"2023-03-01 18:54:13","Journal article","","","https://scholar.google.com/citations?view_op=view_citation&hl=en&user=aGW8lg8AAAAJ&pagesize=100&citation_for_view=aGW8lg8AAAAJ:yMeIxYmEMEAC",116,10,104102,104102,59,6.56,8,7,9,"","",""
59,"M Davis, D Damjanovic, N Setter","Pyroelectric properties of (1− x)Pb(Mg1/3Nb2/3)O3-xPbTiO3 and (1− x)Pb(Zn1/3Nb2/3)O3-xPbTiO3 single crystals measured using a dynamic method",2004,"Journal of Applied Physics","","","https://scholar.google.com/scholar?oi=bibs&hl=en&cites=15840515860541600918,7491237677259703912",101,"2023-03-01 18:54:13","Journal article","","","https://scholar.google.com/citations?view_op=view_citation&hl=en&user=aGW8lg8AAAAJ&cstart=100&pagesize=100&citation_for_view=aGW8lg8AAAAJ:maZDTaKrznsC",96,5,2811,2811,59,3.11,20,3,19,"","",""
58,"S Dalle Vacche, F Oliveira, Y Leterrier, V Michaud, D Damjanovic, ...","Effect of silane coupling agent on the morphology, structure, and properties of poly(vinylidene fluoride–trifluoroethylene)/BaTiO3 composites",2014,"Journal of Materials Science","","","https://scholar.google.com/scholar?oi=bibs&hl=en&cites=5381485937108421694",102,"2023-03-01 18:54:13","Journal article","","","https://scholar.google.com/citations?view_op=view_citation&hl=en&user=aGW8lg8AAAAJ&cstart=100&pagesize=100&citation_for_view=aGW8lg8AAAAJ:QYdC8u9Cj1oC",49,,4552,4564,58,6.44,10,6,9,"","",""
57,"G Tutuncu, D Damjanovic, J Chen, JL Jones","Deaging and asymmetric energy landscapes in electrically biased ferroelectrics",2012,"Physical review letters","","","https://scholar.google.com/scholar?oi=bibs&hl=en&cites=11563040417478732493",103,"2023-03-01 18:54:13","Journal article","","","https://scholar.google.com/citations?view_op=view_citation&hl=en&user=aGW8lg8AAAAJ&cstart=100&pagesize=100&citation_for_view=aGW8lg8AAAAJ:l7t_Zn2s7bgC",108,17,177601,177601,57,5.18,14,4,11,"","",""
57,"LE Cross, AS Bhalla, F Ainger, D Damjanovic, PR Corp., EJ Glick","Pyro-optic detector and imager",1991,"US Patent 4,994,672","","","https://scholar.google.com/scholar?oi=bibs&hl=en&cites=2274888507376293931",104,"2023-03-01 18:54:13","Patent","","","https://scholar.google.com/citations?view_op=view_citation&hl=en&user=aGW8lg8AAAAJ&cstart=100&pagesize=100&citation_for_view=aGW8lg8AAAAJ:Wp0gIr-vW9MC",,,,,57,1.78,10,6,32,"","",""
56,"DJ Keeble, S Singh, RA Mackie, M Morozov, S McGuire, D Damjanovic","Cation vacancies in ferroelectric PbTiO3 and Pb(Zr,Ti)O3: A positron annihilation lifetime spectroscopy study",2007,"Physical Review B","","","https://scholar.google.com/scholar?oi=bibs&hl=en&cites=17913619848541238203",105,"2023-03-01 18:54:13","Journal article","","","https://scholar.google.com/citations?view_op=view_citation&hl=en&user=aGW8lg8AAAAJ&cstart=100&pagesize=100&citation_for_view=aGW8lg8AAAAJ:zA6iFVUQeVQC",76,14,144109,144109,56,3.50,9,6,16,"","",""
56,"M Davis, D Damjanovic, N Setter","Direct piezoelectric effect in relaxor-ferroelectric single crystals",2004,"Journal of applied physics","","","https://scholar.google.com/scholar?oi=bibs&hl=en&cites=17793040663898896361",106,"2023-03-01 18:54:13","Journal article","","","https://scholar.google.com/citations?view_op=view_citation&hl=en&user=aGW8lg8AAAAJ&cstart=100&pagesize=100&citation_for_view=aGW8lg8AAAAJ:isC4tDSrTZIC",95,10,5679,5684,56,2.95,19,3,19,"","",""
56,"G Robert, D Damjanovic, N Setter","Preisach distribution function approach to piezoelectric nonlinearity and hysteresis",2001,"Journal of applied physics","","","https://scholar.google.com/scholar?oi=bibs&hl=en&cites=3512966324355853274",107,"2023-03-01 18:54:13","Journal article","","","https://scholar.google.com/citations?view_op=view_citation&hl=en&user=aGW8lg8AAAAJ&cstart=100&pagesize=100&citation_for_view=aGW8lg8AAAAJ:RHpTSmoSYBkC",90,5,2459,2464,56,2.55,19,3,22,"","",""
54,"T Rojac, S Drnovsek, A Bencan, B Malic, D Damjanovic","Role of charged defects on the electrical and electromechanical properties of rhombohedral Pb (Zr,Ti)O3 with oxygen octahedra tilts",2016,"Physical Review B","","","https://scholar.google.com/scholar?oi=bibs&hl=en&cites=6826621718971413164",108,"2023-03-01 18:54:13","Journal article","","","https://scholar.google.com/citations?view_op=view_citation&hl=en&user=aGW8lg8AAAAJ&cstart=100&pagesize=100&citation_for_view=aGW8lg8AAAAJ:PVgj2kMGcgYC",93,1,14102,14102,54,7.71,11,5,7,"","",""
54,"M Davis, N Klein, D Damjanovic, N Setter, A Gross, V Wesemann, ...","Large and stable thickness coupling coefficients of [001] C-oriented KNbO 3 and Li-modified (K,Na)NbO3 single crystals",2007,"Applied physics letters","","","https://scholar.google.com/scholar?oi=bibs&hl=en&cites=2288003339864676258",109,"2023-03-01 18:54:13","Journal article","","","https://scholar.google.com/citations?view_op=view_citation&hl=en&user=aGW8lg8AAAAJ&cstart=100&pagesize=100&citation_for_view=aGW8lg8AAAAJ:rO6llkc54NcC",90,6,62904,62904,54,3.38,8,7,16,"","",""
53,"T Sawada, A Ando, Y Sakabe, D Damjanovic, N Setter","Properties of the Elastic Anomaly in SrBi2Nb2O9-based Ceramics",2003,"Jpn J Appl Phys 42 (9B)","","","https://scholar.google.com/scholar?oi=bibs&hl=en&cites=17886764383681896517",110,"2023-03-01 18:54:13","Book chapter","","","https://scholar.google.com/citations?view_op=view_citation&hl=en&user=aGW8lg8AAAAJ&cstart=100&pagesize=100&citation_for_view=aGW8lg8AAAAJ:hsZV8lGYWTMC",,,6094,6098,53,2.65,11,5,20,"","",""
53,"C Voisard, D Damjanovic, N Setter","Electrical conductivity of strontium bismuth titanate under controlled oxygen partial pressure",1999,"Journal of the European Ceramic Society 19 (6-7)","","","https://scholar.google.com/scholar?oi=bibs&hl=en&cites=11163646096493021176",111,"2023-03-01 18:54:13","Journal article","","","https://scholar.google.com/citations?view_op=view_citation&hl=en&user=aGW8lg8AAAAJ&cstart=100&pagesize=100&citation_for_view=aGW8lg8AAAAJ:R3hNpaxXUhUC",,,1251,1254,53,2.21,18,3,24,"","",""
51,"E Aksel, JS Forrester, HM Foronda, R Dittmer, D Damjanovic, JL Jones","Structure and properties of La-modified Na0.5Bi0.5TiO3 at ambient and elevated temperatures",2012,"Journal of Applied Physics","","","https://scholar.google.com/scholar?oi=bibs&hl=en&cites=13080817118915051012",112,"2023-03-01 18:54:13","Journal article","","","https://scholar.google.com/citations?view_op=view_citation&hl=en&user=aGW8lg8AAAAJ&cstart=100&pagesize=100&citation_for_view=aGW8lg8AAAAJ:SdhP9T11ey4C",112,5,54111,54111,51,4.64,9,6,11,"","",""
51,"F Chu, D Damjanovic, O Steiner, N Setter","Piezoelectricity and phase transitions of the mixed-layer bismuth titanate niobate Bi7Ti4NbO21",1995,"Journal of the American Ceramic Society","","","https://scholar.google.com/scholar?oi=bibs&hl=en&cites=2830880677033351293",114,"2023-03-01 18:54:13","Journal article","","","https://scholar.google.com/citations?view_op=view_citation&hl=en&user=aGW8lg8AAAAJ&cstart=100&pagesize=100&citation_for_view=aGW8lg8AAAAJ:kz9GbA2Ns4gC",78,11,,,51,1.82,13,4,28,"","",""
50,"J Schultheiß, L Liu, H Kungl, M Weber, LK Venkataraman, S Checchia, ...","Revealing the sequence of switching mechanisms in polycrystalline ferroelectric/ferroelastic materials",2018,"Acta materialia","","","https://scholar.google.com/scholar?oi=bibs&hl=en&cites=9931489125182534442",115,"2023-03-01 18:54:13","Journal article","","","https://scholar.google.com/citations?view_op=view_citation&hl=en&user=aGW8lg8AAAAJ&cstart=100&pagesize=100&citation_for_view=aGW8lg8AAAAJ:w0F2JDEymm0C",157,,355,363,50,10.00,7,7,5,"","",""
49,"YL Wang, AK Tagantsev, D Damjanovic, N Setter","Giant domain wall contribution to the dielectric susceptibility in BaTiO3 single crystals",2007,"Applied Physics Letters","","","https://scholar.google.com/scholar?oi=bibs&hl=en&cites=11282309066343312486",116,"2023-03-01 18:54:13","Journal article","","","https://scholar.google.com/citations?view_op=view_citation&hl=en&user=aGW8lg8AAAAJ&cstart=100&pagesize=100&citation_for_view=aGW8lg8AAAAJ:4OULZ7Gr8RgC",91,6,62905,62905,49,3.06,12,4,16,"","",""
48,"T Rojac, A Bencan, G Drazic, M Kosec, D Damjanovic","Piezoelectric nonlinearity and frequency dispersion of the direct piezoelectric response of BiFeO3 ceramics",2012,"Journal of Applied Physics 112 (6), 064114-","","","https://scholar.google.com/scholar?oi=bibs&hl=en&cites=7998383674674546840",117,"2023-03-01 18:54:13","Journal article","","","https://scholar.google.com/citations?view_op=view_citation&hl=en&user=aGW8lg8AAAAJ&cstart=100&pagesize=100&citation_for_view=aGW8lg8AAAAJ:vDijr-p_gm4C",,,64114,12,48,4.36,10,5,11,"","",""
48,"JE Daniels, TR Finlayson, M Davis, D Damjanovic, AJ Studer, M Hoffman, ...","Neutron diffraction study of the polarization reversal mechanism in [111]c-oriented Pb(Zn1∕3Nb2∕3)O3− xPbTiO3",2007,"Journal of applied physics","","","https://scholar.google.com/scholar?oi=bibs&hl=en&cites=4055147382969558667",118,"2023-03-01 18:54:13","Journal article","","","https://scholar.google.com/citations?view_op=view_citation&hl=en&user=aGW8lg8AAAAJ&cstart=100&pagesize=100&citation_for_view=aGW8lg8AAAAJ:a0OBvERweLwC",101,10,104108,104108,48,3.00,7,7,16,"","",""
45,"G Robert, M Demartin, D Damjanovic","Phase diagram for the 0.4Pb(Ni1/3,Nb1/3)O3–0.6Pb(Zr,Ti)O3 solid solution in the vicinity of a morphotropic phase boundary",1998,"Journal of the American Ceramic Society","","","https://scholar.google.com/scholar?oi=bibs&hl=en&cites=17104919031776320887",119,"2023-03-01 18:54:13","Journal article","","","https://scholar.google.com/citations?view_op=view_citation&hl=en&user=aGW8lg8AAAAJ&cstart=100&pagesize=100&citation_for_view=aGW8lg8AAAAJ:TFP_iSt0sucC",81,3,749,753,45,1.80,15,3,25,"","",""
45,"D Damjanovic, TR Gururaja, SJ Jang, LE Cross","Temperature behavior of the complex piezoelectric d31 coefficient in modified lead titanate ceramics",1986,"Materials Letters","","","https://scholar.google.com/scholar?oi=bibs&hl=en&cites=17469730697423886642",120,"2023-03-01 18:54:13","Journal article","","","https://scholar.google.com/citations?view_op=view_citation&hl=en&user=aGW8lg8AAAAJ&cstart=100&pagesize=100&citation_for_view=aGW8lg8AAAAJ:RGFaLdJalmkC",4,10,414,419,45,1.22,11,4,37,"","",""
43,"MD Maeder, D Damjanovic, C Voisard, N Setter","Piezoelectric properties of SrBi4Ti4O15 ferroelectric ceramics",2002,"Journal of materials research","","","https://scholar.google.com/scholar?oi=bibs&hl=en&cites=3464709200580629825",121,"2023-03-01 18:54:13","Journal article","","","https://scholar.google.com/citations?view_op=view_citation&hl=en&user=aGW8lg8AAAAJ&cstart=100&pagesize=100&citation_for_view=aGW8lg8AAAAJ:J_g5lzvAfSwC",17,6,1376,1384,43,2.05,11,4,21,"","",""
42,"T Rojac, M Makarovic, J Walker, H Ursic, D Damjanovic, T Kos","Piezoelectric response of BiFeO3 ceramics at elevated temperatures",2016,"Applied Physics Letters","","","https://scholar.google.com/scholar?oi=bibs&hl=en&cites=13931066700096797116",122,"2023-03-01 18:54:13","Journal article","","","https://scholar.google.com/citations?view_op=view_citation&hl=en&user=aGW8lg8AAAAJ&cstart=100&pagesize=100&citation_for_view=aGW8lg8AAAAJ:lgwcVrK6X84C",109,4,42904,42904,42,6.00,7,6,7,"","",""
42,"YL Wang, AK Tagantsev, D Damjanovic, N Setter, VK Yarmarkin, ...","Anharmonicity of BaTiO3 single crystals",2006,"Physical Review B","","","https://scholar.google.com/scholar?oi=bibs&hl=en&cites=15309605176628356824",123,"2023-03-01 18:54:13","Journal article","","","https://scholar.google.com/citations?view_op=view_citation&hl=en&user=aGW8lg8AAAAJ&cstart=100&pagesize=100&citation_for_view=aGW8lg8AAAAJ:vV6vV6tmYwMC",73,13,132103,132103,42,2.47,7,6,17,"","",""
42,"LP Tran-Huu-Hue, F Levassort, N Felix, D Damjanovic, W Wolny, ...","Comparison of several methods to characterise the high frequency behaviour of piezoelectric ceramics for transducer applications",2000,"Ultrasonics 38 (1-8)","","","https://scholar.google.com/scholar?oi=bibs&hl=en&cites=10193299417748955443",124,"2023-03-01 18:54:13","Book chapter","","","https://scholar.google.com/citations?view_op=view_citation&hl=en&user=aGW8lg8AAAAJ&cstart=100&pagesize=100&citation_for_view=aGW8lg8AAAAJ:u_35RYKgDlwC",,,219,223,42,1.83,7,6,23,"","",""
41,"N Bassiri Gharb, S Trolier-McKinstry, D Damjanovic","Piezoelectric nonlinearity in ferroelectric thin films",2006,"Journal of applied physics","","","https://scholar.google.com/scholar?oi=bibs&hl=en&cites=4007507546032012127",125,"2023-03-01 18:54:13","Journal article","","","https://scholar.google.com/citations?view_op=view_citation&hl=en&user=aGW8lg8AAAAJ&cstart=100&pagesize=100&citation_for_view=aGW8lg8AAAAJ:g5m5HwL7SMYC",100,4,44107,44107,41,2.41,14,3,17,"","",""
41,"L Sagalowicz, F Chu, PD Martin, D Damjanovic","Microstructure, structural defects, and piezoelectric response of Bi4Ti3O12 modified by Bi3TiNbO9",2000,"Journal of Applied Physics","","","https://scholar.google.com/scholar?oi=bibs&hl=en&cites=10632931194554105979",126,"2023-03-01 18:54:13","Journal article","","","https://scholar.google.com/citations?view_op=view_citation&hl=en&user=aGW8lg8AAAAJ&cstart=100&pagesize=100&citation_for_view=aGW8lg8AAAAJ:M3NEmzRMIkIC",88,12,7258,7263,41,1.78,10,4,23,"","",""
41,"K Brooks, D Damjanovic, A Kholkin, I Reaney, N Setter, P Luginbuhl, ...","PZT films for micro-pumps",1995,"Integrated Ferroelectrics 8 (1-2)","","","https://scholar.google.com/scholar?oi=bibs&hl=en&cites=10474951035051809850",127,"2023-03-01 18:54:13","Book chapter","","","https://scholar.google.com/citations?view_op=view_citation&hl=en&user=aGW8lg8AAAAJ&cstart=100&pagesize=100&citation_for_view=aGW8lg8AAAAJ:blknAaTinKkC",,,13,23,41,1.46,6,7,28,"","",""
39,"A Bencan, E Oveisi, S Hashemizadeh, VK Veerapandiyan, T Hoshina, ...","Atomic scale symmetry and polar nanoclusters in the paraelectric phase of ferroelectric materials",2021,"Nature Communications","","","https://scholar.google.com/scholar?oi=bibs&hl=en&cites=17351809119595390953",128,"2023-03-01 18:54:13","Journal article","","","https://scholar.google.com/citations?view_op=view_citation&hl=en&user=aGW8lg8AAAAJ&cstart=100&pagesize=100&citation_for_view=aGW8lg8AAAAJ:A8cqit5AE6sC",12,,3509,3509,39,19.50,7,6,2,"","",""
39,"S Mantri, J Oddershede, D Damjanovic, JE Daniels","Ferroelectric domain continuity over grain boundaries",2017,"Acta Materialia","","","https://scholar.google.com/scholar?oi=bibs&hl=en&cites=15034374346797117671",129,"2023-03-01 18:54:13","Journal article","","","https://scholar.google.com/citations?view_op=view_citation&hl=en&user=aGW8lg8AAAAJ&cstart=100&pagesize=100&citation_for_view=aGW8lg8AAAAJ:WC23djZS0W4C",128,,400,405,39,6.50,10,4,6,"","",""
39,"MI Morozov, MA Einarsrud, JR Tolchard, PT Geiger, KG Webber, ...","In-situ structural investigations of ferroelasticity in soft and hard rhombohedral and tetragonal PZT",2015,"Journal of Applied Physics","","","https://scholar.google.com/scholar?oi=bibs&hl=en&cites=21485273058979611",130,"2023-03-01 18:54:13","Journal article","","","https://scholar.google.com/citations?view_op=view_citation&hl=en&user=aGW8lg8AAAAJ&cstart=100&pagesize=100&citation_for_view=aGW8lg8AAAAJ:AHdEip9mkN0C",118,16,164104,164104,39,4.88,7,6,8,"","",""
39,"EM Anton, W Jo, J Trodahl, D Damjanovic, J Rödel","Effect of K0.5Na0.5NbO3 on Properties at and off the Morphotropic Phase Boundary in Bi0.5Na0.5TiO3 – Bi0.5K0.5TiO3 Ceramics",2011,"Japanese Journal of Applied Physics 50 (5R)","","","https://scholar.google.com/scholar?oi=bibs&hl=en&cites=4076799023426018946",131,"2023-03-01 18:54:13","Journal article","","","https://scholar.google.com/citations?view_op=view_citation&hl=en&user=aGW8lg8AAAAJ&cstart=100&pagesize=100&citation_for_view=aGW8lg8AAAAJ:u9iWguZQMMsC",55802,,,,39,3.25,8,5,12,"","",""
38,"S Gentil, D Damjanovic, N Setter","Pb (Mg1/3Nb2/3)O3 and (1− x)Pb(Mg1/3Nb2/3)O3−xPbTiO3 Relaxor Ferroelectric Thick Films: Processing and Electrical Characterization",2004,"Journal of electroceramics","","","https://scholar.google.com/scholar?oi=bibs&hl=en&cites=4056374781819517353,2586894530973262365",132,"2023-03-01 18:54:13","Journal article","","","https://scholar.google.com/citations?view_op=view_citation&hl=en&user=aGW8lg8AAAAJ&cstart=100&pagesize=100&citation_for_view=aGW8lg8AAAAJ:pqnbT2bcN3wC",12,3,151,161,38,2.00,13,3,19,"","",""
37,"M Davis, D Damjanovic, N Setter","Electric-field-induced orthorhombic to rhombohedral phase transition in [111]C-oriented 0.92 Pb(Zn1∕3Nb2∕3)O3− 0.08 PbTiO3",2005,"Journal of applied physics","","","https://scholar.google.com/scholar?oi=bibs&hl=en&cites=13518957200274585340",133,"2023-03-01 18:54:13","Journal article","","","https://scholar.google.com/citations?view_op=view_citation&hl=en&user=aGW8lg8AAAAJ&cstart=100&pagesize=100&citation_for_view=aGW8lg8AAAAJ:RYcK_YlVTxYC",97,6,64101,64101,37,2.06,12,3,18,"","",""
36,"M Otoničar, A Bradeško, L Fulanović, T Kos, H Uršič, A Benčan, ...","Connecting the multiscale structure with macroscopic response of relaxor ferroelectrics",2020,"Advanced Functional Materials","","","https://scholar.google.com/scholar?oi=bibs&hl=en&cites=10712474470949497086",134,"2023-03-01 18:54:13","Journal article","","","https://scholar.google.com/citations?view_op=view_citation&hl=en&user=aGW8lg8AAAAJ&cstart=100&pagesize=100&citation_for_view=aGW8lg8AAAAJ:MIg0yeAD4ggC",30,52,2006823,2006823,36,12.00,5,7,3,"","",""
36,"SB Seshadri, AD Prewitt, AJ Studer, D Damjanovic, JL Jones","An in situ diffraction study of domain wall motion contributions to the frequency dispersion of the piezoelectric coefficient in lead zirconate titanate",2013,"Applied Physics Letters","","","https://scholar.google.com/scholar?oi=bibs&hl=en&cites=7188684007233931541,6121488778332658676",135,"2023-03-01 18:54:13","Journal article","","","https://scholar.google.com/citations?view_op=view_citation&hl=en&user=aGW8lg8AAAAJ&cstart=100&pagesize=100&citation_for_view=aGW8lg8AAAAJ:olpn-zPbct0C",102,4,42911,42911,36,3.60,7,5,10,"","",""
36,"MI Morozov, MA Einarsrud, T Grande, D Damjanovic","Lead-Free Relaxor-Like 0.75Bi0.5K0.5TiO3–0.25 BiFeO3 Ceramics with Large Electric Field-Induced Strain",2012,"Ferroelectrics","","","https://scholar.google.com/scholar?oi=bibs&hl=en&cites=9416474193094424851",136,"2023-03-01 18:54:13","Journal article","","","https://scholar.google.com/citations?view_op=view_citation&hl=en&user=aGW8lg8AAAAJ&cstart=100&pagesize=100&citation_for_view=aGW8lg8AAAAJ:eq2jaN3J8jMC",439,1,88,94,36,3.27,9,4,11,"","",""
35,"G Robert, D Damjanovic, N Setter","Piezoelectric hysteresis analysis and loss separation",2001,"Journal of Applied Physics","","","https://scholar.google.com/scholar?oi=bibs&hl=en&cites=11794942392327308870",137,"2023-03-01 18:54:13","Journal article","","","https://scholar.google.com/citations?view_op=view_citation&hl=en&user=aGW8lg8AAAAJ&cstart=100&pagesize=100&citation_for_view=aGW8lg8AAAAJ:NaGl4SEjCO4C",90,9,4668,4675,35,1.59,12,3,22,"","",""
35,"DV Taylor, D Damjanovic, N Setter","Nonlinear contributions to dielectric and piezoelectric properties in lead zirconate titanate thin films",1999,"Ferroelectrics","","","https://scholar.google.com/scholar?oi=bibs&hl=en&cites=8897164378923811514",138,"2023-03-01 18:54:13","Journal article","","","https://scholar.google.com/citations?view_op=view_citation&hl=en&user=aGW8lg8AAAAJ&cstart=100&pagesize=100&citation_for_view=aGW8lg8AAAAJ:D03iK_w7-QYC",224,1,299,306,35,1.46,12,3,24,"","",""
34,"A Benčan, B Malič, S Drnovšek, J Tellier, T Rojac, J Pavlič, M Kosec, ...","Structure and the Electrical Properties of Pb(Zr,Ti)O3 – Zirconia Composites",2012,"Journal of the American Ceramic Society","","","https://scholar.google.com/scholar?oi=bibs&hl=en&cites=6075910962440858216",139,"2023-03-01 18:54:13","Journal article","","","https://scholar.google.com/citations?view_op=view_citation&hl=en&user=aGW8lg8AAAAJ&cstart=100&pagesize=100&citation_for_view=aGW8lg8AAAAJ:-DxkuPiZhfEC",95,2,651,657,34,3.09,4,8,11,"","",""
34,"GR Fox, D Damjanovic","Electrical characterization of sputter-deposited ZnO coatings on optical fibers",1997,"Sensors and Actuators A: Physical","","","https://scholar.google.com/scholar?oi=bibs&hl=en&cites=16197729306225508730",140,"2023-03-01 18:54:13","Journal article","","","https://scholar.google.com/citations?view_op=view_citation&hl=en&user=aGW8lg8AAAAJ&cstart=100&pagesize=100&citation_for_view=aGW8lg8AAAAJ:yD5IFk8b50cC",63,2,153,160,34,1.31,17,2,26,"","",""
33,"M Budimir, D Damjanovic, N Setter","Large enhancement of the piezoelectric response in perovskite crystals by electric bias field antiparallel to polarization",2004,"Applied physics letters","","","https://scholar.google.com/scholar?oi=bibs&hl=en&cites=8154405580208033841",141,"2023-03-01 18:54:13","Journal article","","","https://scholar.google.com/citations?view_op=view_citation&hl=en&user=aGW8lg8AAAAJ&cstart=100&pagesize=100&citation_for_view=aGW8lg8AAAAJ:lSLTfruPkqcC",85,2890,,,33,1.74,11,3,19,"","",""
31,"D Damjanovic, SSN Bharadwaja, N Setter","Toward a unified description of nonlinearity and frequency dispersion of piezoelectric and dielectric responses in Pb(Zr,Ti)O3",2005,"Materials Science and Engineering: B","","","https://scholar.google.com/scholar?oi=bibs&hl=en&cites=10285783267537260279",142,"2023-03-01 18:54:13","Journal article","","","https://scholar.google.com/citations?view_op=view_citation&hl=en&user=aGW8lg8AAAAJ&cstart=100&pagesize=100&citation_for_view=aGW8lg8AAAAJ:ldfaerwXgEUC",120,1,170,174,31,1.72,10,3,18,"","",""
29,"YS Ko, FA Nüesch, D Damjanovic, DM Opris","An All‐Organic Elastomeric Electret Composite",2017,"Advanced Materials","","","https://scholar.google.com/scholar?oi=bibs&hl=en&cites=11377905760561624608",143,"2023-03-01 18:54:13","Journal article","","","https://scholar.google.com/citations?view_op=view_citation&hl=en&user=aGW8lg8AAAAJ&cstart=100&pagesize=100&citation_for_view=aGW8lg8AAAAJ:kVjdVfd2voEC",29,1,1603813,1603813,29,4.83,7,4,6,"","",""
29,"NH Khansur, T Rojac, D Damjanovic, C Reinhard, KG Webber, ...","Electric‐field‐induced domain switching and domain texture relaxations in bulk bismuth ferrite",2015,"Journal of the American Ceramic Society","","","https://scholar.google.com/scholar?oi=bibs&hl=en&cites=5739738402191410815",144,"2023-03-01 18:54:13","Journal article","","","https://scholar.google.com/citations?view_op=view_citation&hl=en&user=aGW8lg8AAAAJ&cstart=100&pagesize=100&citation_for_view=aGW8lg8AAAAJ:vDZJ-YLwNdEC",98,12,3884,3890,29,3.63,5,6,8,"","",""
29,"G Robert, MD Maeder, D Damjanovic, N Setter","Synthesis of Lead Nickel Niobate–Lead Zirconate Titanate Solid Solutions by a B‐site Precursor Method",2001,"Journal of the American Ceramic Society","","","https://scholar.google.com/scholar?oi=bibs&hl=en&cites=11830649688191371195",145,"2023-03-01 18:54:13","Journal article","","","https://scholar.google.com/citations?view_op=view_citation&hl=en&user=aGW8lg8AAAAJ&cstart=100&pagesize=100&citation_for_view=aGW8lg8AAAAJ:SeFeTyx0c_EC",84,12,2869,2872,29,1.32,7,4,22,"","",""
29,"D Damjanovic","An Equivalent Electric-Circuit of a Piezoelectric Bar Resonator with a Large Piezoelectric Phase-Angle",1990,"Ferroelectrics","","","https://scholar.google.com/scholar?oi=bibs&hl=en&cites=8371110148478656851",146,"2023-03-01 18:54:13","Journal article","","","https://scholar.google.com/citations?view_op=view_citation&hl=en&user=aGW8lg8AAAAJ&cstart=100&pagesize=100&citation_for_view=aGW8lg8AAAAJ:3s1wT3WcHBgC",110,,129,135,29,0.88,29,1,33,"","",""
27,"D Vriami, D Damjanovic, J Vleugels, O Van der Biest","Textured BaTiO3 by templated grain growth and electrophoretic deposition",2015,"Journal of materials science","","","https://scholar.google.com/scholar?oi=bibs&hl=en&cites=5173825274272485744",147,"2023-03-01 18:54:13","Journal article","","","https://scholar.google.com/citations?view_op=view_citation&hl=en&user=aGW8lg8AAAAJ&cstart=100&pagesize=100&citation_for_view=aGW8lg8AAAAJ:BJbdYPG6LGMC",50,,7896,7907,27,3.38,7,4,8,"","",""
27,"G Picht, KG Webber, Y Zhang, H Kungl, D Damjanovic, MJ Hoffmann","Critical mechanical and electrical transition behavior of BaTiO3: The observation of mechanical double loop behavior",2012,"Journal of Applied Physics","","","https://scholar.google.com/scholar?oi=bibs&hl=en&cites=4335850588909917210",148,"2023-03-01 18:54:13","Journal article","","","https://scholar.google.com/citations?view_op=view_citation&hl=en&user=aGW8lg8AAAAJ&cstart=100&pagesize=100&citation_for_view=aGW8lg8AAAAJ:XiVPGOgt02cC",112,12,124101,124101,27,2.45,5,6,11,"","",""
26,"L Liu, T Rojac, D Damjanovic, M Di Michiel, J Daniels","Frequency-dependent decoupling of domain-wall motion and lattice strain in bismuth ferrite",2018,"Nature Communications","","","https://scholar.google.com/scholar?oi=bibs&hl=en&cites=6941538567964915366",149,"2023-03-01 18:54:13","Journal article","","","https://scholar.google.com/citations?view_op=view_citation&hl=en&user=aGW8lg8AAAAJ&cstart=100&pagesize=100&citation_for_view=aGW8lg8AAAAJ:mUJArPsKIAAC",9,1,4928,4928,26,5.20,5,5,5,"","",""
26,"S Hashemizadeh, A Biancoli, D Damjanovic","Symmetry breaking in hexagonal and cubic polymorphs of BaTiO3",2016,"Journal of Applied Physics","","","https://scholar.google.com/scholar?oi=bibs&hl=en&cites=3085764655547465045",150,"2023-03-01 18:54:13","Journal article","","","https://scholar.google.com/citations?view_op=view_citation&hl=en&user=aGW8lg8AAAAJ&cstart=100&pagesize=100&citation_for_view=aGW8lg8AAAAJ:jL-93Qbq4QoC",119,9,94105,94105,26,3.71,9,3,7,"","",""
26,"PE Janolin, B Dkhil, M Davis, D Damjanovic, N Setter","Uniaxial-stress induced phase transitions in [001]c-poled 0.955Pb(Zn1/3Nb2/3)O3 – 0.045PbTiO3",2007,"Applied physics letters","","","https://scholar.google.com/scholar?oi=bibs&hl=en&cites=7102363988737973081",151,"2023-03-01 18:54:13","Journal article","","","https://scholar.google.com/citations?view_op=view_citation&hl=en&user=aGW8lg8AAAAJ&cstart=100&pagesize=100&citation_for_view=aGW8lg8AAAAJ:_xSYboBqXhAC",90,15,152907,152907,26,1.63,5,5,16,"","",""
25,"A Ghosh, D Damjanovic","Antiferroelectric–ferroelectric phase boundary enhances polarization extension in rhombohedral Pb(Zr,Ti)O3",2011,"Applied Physics Letters","","","https://scholar.google.com/scholar?oi=bibs&hl=en&cites=3909362337277658990",152,"2023-03-01 18:54:13","Journal article","","","https://scholar.google.com/citations?view_op=view_citation&hl=en&user=aGW8lg8AAAAJ&cstart=100&pagesize=100&citation_for_view=aGW8lg8AAAAJ:KUbvn5osdkgC",99,23,232906,232906,25,2.08,13,2,12,"","",""
24,"LJ McGilly, CS Sandu, L Feigl, D Damjanovic, N Setter","Nanoscale defect engineering and the resulting effects on domain wall dynamics in ferroelectric thin films",2017,"Advanced Functional Materials","","","https://scholar.google.com/scholar?oi=bibs&hl=en&cites=1479923673904598266",153,"2023-03-01 18:54:13","Journal article","","","https://scholar.google.com/citations?view_op=view_citation&hl=en&user=aGW8lg8AAAAJ&cstart=100&pagesize=100&citation_for_view=aGW8lg8AAAAJ:jU7OWUQzBzMC",27,15,1605196,1605196,24,4.00,5,5,6,"","",""
24,"A Chandrasekaran, XK Wei, L Feigl, D Damjanovic, N Setter, N Marzari","Asymmetric structure of 90° domain walls and interactions with defects in PbTiO3",2016,"Physical Review B","","","https://scholar.google.com/scholar?oi=bibs&hl=en&cites=12232293167844867631",154,"2023-03-01 18:54:13","Journal article","","","https://scholar.google.com/citations?view_op=view_citation&hl=en&user=aGW8lg8AAAAJ&cstart=100&pagesize=100&citation_for_view=aGW8lg8AAAAJ:wMgC3FpKEyYC",93,14,144102,144102,24,3.43,4,6,7,"","",""
24,"P Mokrý, Y Wang, AK Tagantsev, D Damjanovic, I Stolichnov, N Setter","Evidence for dielectric aging due to progressive 180° domain wall pinning in polydomain Pb(Zr0.45Ti0.55)O3 thin films",2009,"Physical Review B","","","https://scholar.google.com/scholar?oi=bibs&hl=en&cites=6998814619608386255,10772128374153108410",155,"2023-03-01 18:54:13","Journal article","","","https://scholar.google.com/citations?view_op=view_citation&hl=en&user=aGW8lg8AAAAJ&cstart=100&pagesize=100&citation_for_view=aGW8lg8AAAAJ:P5F9QuxV20EC",79,5,54104,54104,24,1.71,4,6,14,"","",""
23,"DS Park, M Hadad, LM Riemer, R Ignatans, D Spirito, V Esposito, V Tileli, ...","Induced giant piezoelectricity in centrosymmetric oxides",2022,"Science","","","https://scholar.google.com/scholar?oi=bibs&hl=en&cites=4882000423203520437",156,"2023-03-01 18:54:13","Journal article","","","https://scholar.google.com/citations?view_op=view_citation&hl=en&user=aGW8lg8AAAAJ&cstart=100&pagesize=100&citation_for_view=aGW8lg8AAAAJ:nPT8s1NX_-sC",375,6581,653,657,23,23.00,3,8,1,"","",""
23,"T Rojac, D Damjanovic","Domain walls and defects in ferroelectric materials",2017,"Japanese Journal of Applied Physics 56 (10S), 10PA","","","https://scholar.google.com/scholar?oi=bibs&hl=en&cites=1020544966024673862",157,"2023-03-01 18:54:13","Journal article","","","https://scholar.google.com/citations?view_op=view_citation&hl=en&user=aGW8lg8AAAAJ&cstart=100&pagesize=100&citation_for_view=aGW8lg8AAAAJ:Ade32sEp0pkC",1,,,,23,3.83,12,2,6,"","",""
23,"D Piazza, C Galassi, A Barzegar, D Damjanovic","Dielectric and piezoelectric properties of PZT ceramics with anisotropic porosity",2010,"Journal of electroceramics","","","https://scholar.google.com/scholar?oi=bibs&hl=en&cites=1555791793484550980",158,"2023-03-01 18:54:13","Journal article","","","https://scholar.google.com/citations?view_op=view_citation&hl=en&user=aGW8lg8AAAAJ&cstart=100&pagesize=100&citation_for_view=aGW8lg8AAAAJ:D_sINldO8mEC",24,3,170,176,23,1.77,6,4,13,"","",""
23,"D Damjanovic, DV Taylor","Contributions to the nonlinear dielectric and piezoelectric response of ferroelectric thin films and ceramics",1999,"Ferroelectrics","","","https://scholar.google.com/scholar?oi=bibs&hl=en&cites=16165817234816989598",159,"2023-03-01 18:54:13","Journal article","","","https://scholar.google.com/citations?view_op=view_citation&hl=en&user=aGW8lg8AAAAJ&cstart=100&pagesize=100&citation_for_view=aGW8lg8AAAAJ:uWQEDVKXjbEC",221,1,137,146,23,0.96,12,2,24,"","",""
22,"F Zhuo, D Damjanovic, Q Li, Y Zhou, Y Ji, Q Yan, Y Zhang, Y Zhou, X Chu","Giant shape memory and domain memory effects in antiferroelectric single crystals",2019,"Materials Horizons","","","https://scholar.google.com/scholar?oi=bibs&hl=en&cites=17090207844981341012",160,"2023-03-01 18:54:13","Journal article","","","https://scholar.google.com/citations?view_op=view_citation&hl=en&user=aGW8lg8AAAAJ&cstart=100&pagesize=100&citation_for_view=aGW8lg8AAAAJ:65Yg0jNCQDAC",6,8,1699,1706,22,5.50,2,9,4,"","",""
22,"MG Sahini, T Grande, B Fraygola, A Biancoli, D Damjanovic, N Setter","Solid solutions of lead metaniobate—Stabilization of the ferroelectric polymorph and the effect on the lattice parameters, dielectric, ferroelectric, and piezoelectric properties",2014,"Journal of the American Ceramic Society","","","https://scholar.google.com/scholar?oi=bibs&hl=en&cites=12754259735044795836",161,"2023-03-01 18:54:13","Journal article","","","https://scholar.google.com/citations?view_op=view_citation&hl=en&user=aGW8lg8AAAAJ&cstart=100&pagesize=100&citation_for_view=aGW8lg8AAAAJ:foquWX3nUaYC",97,1,220,227,22,2.44,4,6,9,"","",""
22,"D Damjanovic","Lead-Based Piezoelectric Materials",2008,"Piezoelectric and Acoustic Materials for Transducer Applications","","","https://scholar.google.com/scholar?oi=bibs&hl=en&cites=15218531994791471841",162,"2023-03-01 18:54:13","Book chapter","","","https://scholar.google.com/citations?view_op=view_citation&hl=en&user=aGW8lg8AAAAJ&cstart=100&pagesize=100&citation_for_view=aGW8lg8AAAAJ:PVjk1bu6vJQC",,,59,79,22,1.47,22,1,15,"","",""
22,"DJ Taylor, D Damjanovic, AS Bhalla","Pyroelectric and dielectric properties of pmn-based ceramics under dc bias",1991,"Ferroelectrics","","","https://scholar.google.com/scholar?oi=bibs&hl=en&cites=16830298015567374580",163,"2023-03-01 18:54:13","Journal article","","","https://scholar.google.com/citations?view_op=view_citation&hl=en&user=aGW8lg8AAAAJ&cstart=100&pagesize=100&citation_for_view=aGW8lg8AAAAJ:pyW8ca7W8N0C",118,1,143,155,22,0.69,7,3,32,"","",""
21,"JEQ Quinsaat, T de Wild, FA Nüesch, D Damjanovic, R Krämer, ...","Stretchable piezoelectric elastic composites for sensors and energy generators",2020,"Composites Part B: Engineering","","","https://scholar.google.com/scholar?oi=bibs&hl=en&cites=1769711483226926611",164,"2023-03-01 18:54:13","Journal article","","","https://scholar.google.com/citations?view_op=view_citation&hl=en&user=aGW8lg8AAAAJ&cstart=100&pagesize=100&citation_for_view=aGW8lg8AAAAJ:Wq2b2clWBLsC",198,,108211,108211,21,7.00,4,6,3,"","",""
21,"S Hashemizadeh, D Damjanovic","Nonlinear dynamics of polar regions in paraelectric phase of (Ba1-x,Srx)TiO3 ceramics",2017,"Applied Physics Letters","","","https://scholar.google.com/scholar?oi=bibs&hl=en&cites=4715121565634331510",165,"2023-03-01 18:54:13","Journal article","","","https://scholar.google.com/citations?view_op=view_citation&hl=en&user=aGW8lg8AAAAJ&cstart=100&pagesize=100&citation_for_view=aGW8lg8AAAAJ:-mN3Mh-tlDkC",110,19,192905,192905,21,3.50,11,2,6,"","",""
21,"N Bassiri-Gharb, S Trolier-McKinstry, D Damjanovic","Strain-modulated piezoelectric and electrostrictive nonlinearity in ferroelectric thin films without active ferroelastic domain walls",2011,"Journal of Applied Physics","","","https://scholar.google.com/scholar?oi=bibs&hl=en&cites=8014774591297832328",166,"2023-03-01 18:54:13","Journal article","","","https://scholar.google.com/citations?view_op=view_citation&hl=en&user=aGW8lg8AAAAJ&cstart=100&pagesize=100&citation_for_view=aGW8lg8AAAAJ:8AbLer7MMksC",110,12,124104,124104,21,1.75,7,3,12,"","",""
20,"P Bednyakov, T Sluka, A Tagantsev, D Damjanovic, N Setter","Free‐Carrier‐Compensated Charged Domain Walls Produced with Super‐Bandgap Illumination in Insulating Ferroelectrics",2016,"Advanced Materials","","","https://scholar.google.com/scholar?oi=bibs&hl=en&cites=3268900561210055408",167,"2023-03-01 18:54:13","Journal article","","","https://scholar.google.com/citations?view_op=view_citation&hl=en&user=aGW8lg8AAAAJ&cstart=100&pagesize=100&citation_for_view=aGW8lg8AAAAJ:ubry08Y2EpUC",28,43,9498,9503,20,2.86,4,5,7,"","",""
20,"DA Ochoa, JE García, I Tamayo, V Gomis, D Damjanovic, R Perez","Effect of uniaxial compressive stress on dielectric and piezoelectric responses in lead zirconate titanate based ceramics",2012,"Journal of the American Ceramic Society","","","https://scholar.google.com/scholar?oi=bibs&hl=en&cites=15728609785167852450,6440638881097864752",168,"2023-03-01 18:54:13","Journal article","","","https://scholar.google.com/citations?view_op=view_citation&hl=en&user=aGW8lg8AAAAJ&cstart=100&pagesize=100&citation_for_view=aGW8lg8AAAAJ:eMMeJKvmdy0C",95,5,1656,1660,20,1.82,3,6,11,"","",""
19,"LM Troilo, D Damjanovic, RE Newnham","Modified lead calcium titanate ceramics with a relatively large dielectric constant for hydrophone applications",1994,"Journal of the American Ceramic Society","","","https://scholar.google.com/scholar?oi=bibs&hl=en&cites=14178302751273113508",169,"2023-03-01 18:54:13","Journal article","","","https://scholar.google.com/citations?view_op=view_citation&hl=en&user=aGW8lg8AAAAJ&cstart=100&pagesize=100&citation_for_view=aGW8lg8AAAAJ:cFHS6HbyZ2cC",77,3,857,859,19,0.66,6,3,29,"","",""
18,"S Dalle Vacche, Y Leterrier, V Michaud, D Damjanovic, AB Aebersold, ...","Effect of interfacial interactions on the electromechanical response of poly (vinylidene fluoride-trifluoroethylene)/BaTiO3 composites and its time dependence after poling",2015,"Composites Science and Technology","","","https://scholar.google.com/scholar?oi=bibs&hl=en&cites=17856331122683546919",170,"2023-03-01 18:54:13","Journal article","","","https://scholar.google.com/citations?view_op=view_citation&hl=en&user=aGW8lg8AAAAJ&cstart=100&pagesize=100&citation_for_view=aGW8lg8AAAAJ:5MTHONV0fEkC",114,,103,109,18,2.25,3,6,8,"","",""
18,"T Sluka, KG Webber, E Colla, D Damjanovic","Phase field simulations of ferroelastic toughening: The influence of phase boundaries and domain structures",2012,"Acta materialia 60 (13-14)","","","https://scholar.google.com/scholar?oi=bibs&hl=en&cites=2964256527895825747",171,"2023-03-01 18:54:13","Journal article","","","https://scholar.google.com/citations?view_op=view_citation&hl=en&user=aGW8lg8AAAAJ&cstart=100&pagesize=100&citation_for_view=aGW8lg8AAAAJ:tKAzc9rXhukC",,,5172,5181,18,1.64,5,4,11,"","",""
18,"S Gentil, D Damjanovic, N Setter","Development of relaxor ferroelectric materials for screen-printing on alumina and silicon substrates",2005,"Journal of the European Ceramic Society","","","https://scholar.google.com/scholar?oi=bibs&hl=en&cites=11972697673509449957",172,"2023-03-01 18:54:13","Journal article","","","https://scholar.google.com/citations?view_op=view_citation&hl=en&user=aGW8lg8AAAAJ&cstart=100&pagesize=100&citation_for_view=aGW8lg8AAAAJ:abG-DnoFyZgC",25,12,2125,2128,18,1.00,6,3,18,"","",""
18,"DV Taylor, D Damjanovic, E Colla, N Setter","Fatigue and nonlinear dielectric response in sol-gel derived lead zirconate titanate thin films",1999,"Ferroelectrics","","","https://scholar.google.com/scholar?oi=bibs&hl=en&cites=7801247331685522258,15494442933884840051",173,"2023-03-01 18:54:13","Journal article","","","https://scholar.google.com/citations?view_op=view_citation&hl=en&user=aGW8lg8AAAAJ&cstart=100&pagesize=100&citation_for_view=aGW8lg8AAAAJ:EUQCXRtRnyEC",225,1,91,97,18,0.75,5,4,24,"","",""
18,"K Takeuchi, D Damjanovic, TR Gururaja, S Jiang, LE Cross","Electromechanical Properties of Calcium Modified Lead Titanate Ceramics",1986,"Sixth IEEE International Symposium on Applications of Ferroelectrics","","","https://scholar.google.com/scholar?oi=bibs&hl=en&cites=7713011943397732663",174,"2023-03-01 18:54:13","Conference paper","","","https://scholar.google.com/citations?view_op=view_citation&hl=en&user=aGW8lg8AAAAJ&cstart=100&pagesize=100&citation_for_view=aGW8lg8AAAAJ:xtRiw3GOFMkC",,,402,405,18,0.49,4,5,37,"","",""
17,"YL Wang, ZB He, D Damjanovic, AK Tagantsev, GC Deng, N Setter","Unusual dielectric behavior and domain structure in rhombohedral phase of BaTiO3 single crystals",2011,"Journal of Applied Physics","","","https://scholar.google.com/scholar?oi=bibs&hl=en&cites=1838162333160390395",175,"2023-03-01 18:54:13","Journal article","","","https://scholar.google.com/citations?view_op=view_citation&hl=en&user=aGW8lg8AAAAJ&cstart=100&pagesize=100&citation_for_view=aGW8lg8AAAAJ:1qzjygNMrQYC",110,1,14101,14101,17,1.42,3,6,12,"","",""
17,"G Feuillard, V Loyau, LPTH Hue, T Wurlitzer, E Ringgaard, W Wolny, ...","Comparative performances of new KNN lead-free piezoelectric materials and classical lead-based ceramics for ultrasonic transducer applications",2003,"IEEE Symposium on Ultrasonics, 2003","","","https://scholar.google.com/scholar?oi=bibs&hl=en&cites=7948747989278337383",176,"2023-03-01 18:54:13","Conference paper","","","https://scholar.google.com/citations?view_op=view_citation&hl=en&user=aGW8lg8AAAAJ&cstart=100&pagesize=100&citation_for_view=aGW8lg8AAAAJ:WbkHhVStYXYC",2,,1995,1998,17,0.85,2,7,20,"","",""
17,"D Damjanovic, KG Brooks, A Kholkin, M Kohli, T Maeder, P Muralt, ...","Properties of piezoelectric PZT thin films for microactuator applications",1994,"MRS Online Proceedings Library","","","https://scholar.google.com/scholar?oi=bibs&hl=en&cites=10146933496155150244",177,"2023-03-01 18:54:13","Conference paper","","","https://scholar.google.com/citations?view_op=view_citation&hl=en&user=aGW8lg8AAAAJ&cstart=100&pagesize=100&citation_for_view=aGW8lg8AAAAJ:5Ul4iDaHHb8C",360,,429,434,17,0.59,2,7,29,"","",""
16,"S Dalle Vacche, V Michaud, D Damjanovic, JAE Månson, Y Leterrier","Improved mechanical dispersion or use of coupling agents? Advantages and disadvantages for the properties of fluoropolymer/ceramic composites",2018,"Polymer","","","https://scholar.google.com/scholar?oi=bibs&hl=en&cites=10993926991555899009",178,"2023-03-01 18:54:13","Journal article","","","https://scholar.google.com/citations?view_op=view_citation&hl=en&user=aGW8lg8AAAAJ&cstart=100&pagesize=100&citation_for_view=aGW8lg8AAAAJ:-nhnvRiOwuoC",154,,8,16,16,3.20,3,5,5,"","",""
16,"D Damjanovic, GA Rossetti","Strain generation and energy-conversion mechanisms in lead-based and lead-free piezoceramics",2018,"MRS Bulletin","","","https://scholar.google.com/scholar?oi=bibs&hl=en&cites=7633113894949759152",179,"2023-03-01 18:54:13","Journal article","","","https://scholar.google.com/citations?view_op=view_citation&hl=en&user=aGW8lg8AAAAJ&cstart=100&pagesize=100&citation_for_view=aGW8lg8AAAAJ:F2UWTTQJPOcC",43,8,588,594,16,3.20,8,2,5,"","",""
16,"Z Kighelman, D Damjanovic, A Seifert, S Hiboux, L Sagalowicz, N Setter","Relaxor Pb(Mg1/3Nb2/3)O3 thin films and their electromechanical properties",1999,"Integrated Ferroelectrics 25 (LC-ARTICLE-1999-020)","","","https://scholar.google.com/scholar?oi=bibs&hl=en&cites=2117167093472661071,5598965453107505789",180,"2023-03-01 18:54:13","Book chapter","","","https://scholar.google.com/citations?view_op=view_citation&hl=en&user=aGW8lg8AAAAJ&cstart=100&pagesize=100&citation_for_view=aGW8lg8AAAAJ:08ZZubdj9fEC",,,465,473,16,0.67,3,6,24,"","",""
15,"G Robert, D Damjanovic, N Setter","Temperature dependence of piezoelectric properties for relaxor-ferroelectric solid solutions undergoing a rhombohedral to tetragonal phase transition",1999,"Ferroelectrics","","","https://scholar.google.com/scholar?oi=bibs&hl=en&cites=6038909492685108680",181,"2023-03-01 18:54:13","Journal article","","","https://scholar.google.com/citations?view_op=view_citation&hl=en&user=aGW8lg8AAAAJ&cstart=100&pagesize=100&citation_for_view=aGW8lg8AAAAJ:NhqRSupF_l8C",224,1,97,104,15,0.63,5,3,24,"","",""
14,"E Hollenstein","Preparation and properties of KNbO3-based piezoelectric ceramics",2007,"PhD thesis","","","https://scholar.google.com/scholar?oi=bibs&hl=en&cites=444162485730872463",182,"2023-03-01 18:54:13","","","","https://scholar.google.com/citations?view_op=view_citation&hl=en&user=aGW8lg8AAAAJ&cstart=100&pagesize=100&citation_for_view=aGW8lg8AAAAJ:mvPsJ3kp5DgC",,,,,14,0.88,14,1,16,"","",""
14,"SSN Bharadwaja, D Damjanovic, N Setter","Analysis of the non linear domain wall response in ferroelectric thin films",2004,"Ferroelectrics","","","https://scholar.google.com/scholar?oi=bibs&hl=en&cites=10927505639346285886",183,"2023-03-01 18:54:13","Journal article","","","https://scholar.google.com/citations?view_op=view_citation&hl=en&user=aGW8lg8AAAAJ&cstart=100&pagesize=100&citation_for_view=aGW8lg8AAAAJ:4fKUyHm3Qg0C",303,1,59,63,14,0.74,5,3,19,"","",""
14,"G Robert, D Damjanovic, N Setter","Separation of nonlinear and friction-like contributions to the piezoelectric hysteresis",2000,"ISAF 2000. Proceedings of the 2000 12th IEEE International Symposium on …","","","https://scholar.google.com/scholar?oi=bibs&hl=en&cites=8283737895058412931",184,"2023-03-01 18:54:13","Conference paper","","","https://scholar.google.com/citations?view_op=view_citation&hl=en&user=aGW8lg8AAAAJ&cstart=100&pagesize=100&citation_for_view=aGW8lg8AAAAJ:CHSYGLWDkRkC",,,,,14,0.61,5,3,23,"","",""
13,"LM Riemer, L Jin, H Uršič, M Otonicar, T Rojac, D Damjanovic","Dielectric and electro-mechanic nonlinearities in perovskite oxide ferroelectrics, relaxors, and relaxor ferroelectrics",2021,"Journal of Applied Physics","","","https://scholar.google.com/scholar?oi=bibs&hl=en&cites=6938078284411254985",185,"2023-03-01 18:54:13","Journal article","","","https://scholar.google.com/citations?view_op=view_citation&hl=en&user=aGW8lg8AAAAJ&cstart=100&pagesize=100&citation_for_view=aGW8lg8AAAAJ:KWzIFqRkAKkC",129,5,54101,54101,13,6.50,2,6,2,"","",""
13,"M Davis, D Damjanovic, N Setter","Correlation between dielectric anisotropy and positive or zero transverse piezoelectric coefficients in perovskite ferroelectric single crystals",2005,"Applied Physics Letters","","","https://scholar.google.com/scholar?oi=bibs&hl=en&cites=15019381217809461074",186,"2023-03-01 18:54:13","Journal article","","","https://scholar.google.com/citations?view_op=view_citation&hl=en&user=aGW8lg8AAAAJ&cstart=100&pagesize=100&citation_for_view=aGW8lg8AAAAJ:UxriW0iASnsC",87,10,102904,102904,13,0.72,4,3,18,"","",""
13,"D Damjanovic","Nonlinear piezoelectric response in ferroelectric ceramics",2000,"Piezoelectric Materials: Advances in Science, Technology and Applications 76 …","","","https://scholar.google.com/scholar?oi=bibs&hl=en&cites=17696029725057359599,15306944636453650799,17583455524717577155",187,"2023-03-01 18:54:13","","","","https://scholar.google.com/citations?view_op=view_citation&hl=en&user=aGW8lg8AAAAJ&cstart=100&pagesize=100&citation_for_view=aGW8lg8AAAAJ:c59VksA5Vz4C",,,,,13,0.57,13,1,23,"","",""
13,"D Damjanovic, W Wolny, H Engam, M Lethiecq, L Pardo","Properties and applications of modified lead titanate ceramics",1998,"Proceedings of the 1998 IEEE International Frequency Control Symposium (Cat …","","","https://scholar.google.com/scholar?oi=bibs&hl=en&cites=15601613610189148866",188,"2023-03-01 18:54:13","Conference paper","","","https://scholar.google.com/citations?view_op=view_citation&hl=en&user=aGW8lg8AAAAJ&cstart=100&pagesize=100&citation_for_view=aGW8lg8AAAAJ:1sJd4Hv_s6UC",,,,,13,0.52,3,5,25,"","",""
13,"D Damjanovic","Highly anisotropic electromechanical properties in modified lead-titanate ceramics",1987,"PhD thesis","","","https://scholar.google.com/scholar?oi=bibs&hl=en&cites=14434918681472731448",189,"2023-03-01 18:54:13","","","","https://scholar.google.com/citations?view_op=view_citation&hl=en&user=aGW8lg8AAAAJ&cstart=100&pagesize=100&citation_for_view=aGW8lg8AAAAJ:nb7KW1ujOQ8C",,,,,13,0.36,13,1,36,"","",""
12,"M Zhang, D Damjanovic","A quasi-Rayleigh model for modeling hysteresis of piezoelectric actuators",2020,"Smart Materials and Structures","","","https://scholar.google.com/scholar?oi=bibs&hl=en&cites=12614296677334597008",190,"2023-03-01 18:54:13","Journal article","","","https://scholar.google.com/citations?view_op=view_citation&hl=en&user=aGW8lg8AAAAJ&cstart=100&pagesize=100&citation_for_view=aGW8lg8AAAAJ:ghEM2AJqZyQC",29,7,75012,75012,12,4.00,6,2,3,"","",""
11,"E Khomyakova, M Sadl, H Uršič, J Daniels, B Malic, A Benčan, ...","Self-poling of BiFeO3 thick films",2016,"ACS Applied Materials &Interfaces","","","https://scholar.google.com/scholar?oi=bibs&hl=en&cites=14678869290490507435",191,"2023-03-01 18:54:13","Journal article","","","https://scholar.google.com/citations?view_op=view_citation&hl=en&user=aGW8lg8AAAAJ&cstart=100&pagesize=100&citation_for_view=aGW8lg8AAAAJ:otzGkya1bYkC",8,30,19626,19626,11,1.57,2,7,7,"","",""
11,"BJ Kuh, WK Choo, K Brinkman, D Damjanovic, N Setter","Dielectric and piezoelectric properties of relaxor Pb(Sc1/2Nb1/2)O3 thin films",2003,"Applied physics letters","","","https://scholar.google.com/scholar?oi=bibs&hl=en&cites=1478425398007843174",192,"2023-03-01 18:54:13","Journal article","","","https://scholar.google.com/citations?view_op=view_citation&hl=en&user=aGW8lg8AAAAJ&cstart=100&pagesize=100&citation_for_view=aGW8lg8AAAAJ:bFI3QPDXJZMC",83,8,1614,1616,11,0.55,2,5,20,"","",""
11,"HS Brooks, D Damjanovic","Microstructural control of bismuth titanate based ceramics",1993,"Third ECerS. Proc. 3 rd European Ceramic Society Conf.","","","https://scholar.google.com/scholar?oi=bibs&hl=en&cites=11888409325448195111",193,"2023-03-01 18:54:13","Conference paper","","","https://scholar.google.com/citations?view_op=view_citation&hl=en&user=aGW8lg8AAAAJ&cstart=100&pagesize=100&citation_for_view=aGW8lg8AAAAJ:b0M2c_1WBrUC",2,,199,204,11,0.37,6,2,30,"","",""
11,"DJ Taylor, D Damjanovic, AS Bhalla, LE Cross","Complex piezoelectric, elastic, and dielectric coefficients of La-Doped 0.9 Pb(Mg1/3Nb2/3)O3: 0.07PbTiO3 under DC bias",1990,"Ferroelectrics Letters Section","","","https://scholar.google.com/scholar?oi=bibs&hl=en&cites=12782500525238205679",194,"2023-03-01 18:54:13","Journal article","","","https://scholar.google.com/citations?view_op=view_citation&hl=en&user=aGW8lg8AAAAJ&cstart=100&pagesize=100&citation_for_view=aGW8lg8AAAAJ:B3FOqHPlNUQC",11,1,1,9,11,0.33,3,4,33,"","",""
10,"R Ignatans, D Damjanovic, V Tileli","Local hard and soft pinning of 180° domain walls in  probed by in situ transmission electron microscopy",2020,"Physical Review Materials","","","https://scholar.google.com/scholar?oi=bibs&hl=en&cites=105440496890473125,10800019707696966266",195,"2023-03-01 18:54:13","Journal article","","","https://scholar.google.com/citations?view_op=view_citation&hl=en&user=aGW8lg8AAAAJ&cstart=100&pagesize=100&citation_for_view=aGW8lg8AAAAJ:SAZ1SQo2q1kC",4,10,104403,104403,10,3.33,3,3,3,"","",""
10,"M Budimir, D Damjanovic, N Setter","Extension of the dielectric tunability range in ferroelectric materials by electric bias field antiparallel to polarization",2006,"Applied physics letters","","","https://scholar.google.com/scholar?oi=bibs&hl=en&cites=6918890832461407889",196,"2023-03-01 18:54:13","Journal article","","","https://scholar.google.com/citations?view_op=view_citation&hl=en&user=aGW8lg8AAAAJ&cstart=100&pagesize=100&citation_for_view=aGW8lg8AAAAJ:vRqMK49ujn8C",88,8,82903,82903,10,0.59,3,3,17,"","",""
10,"G Suyal, SSN Bharadwaja, M Cantoni, D Damjanovic, N Setter","Properties of Chemical Solution Deposited Polycrystalline Neodymium-Modified Bi4Ti3O12",2002,"Journal of electroceramics","","","https://scholar.google.com/scholar?oi=bibs&hl=en&cites=2587347611799053522",197,"2023-03-01 18:54:13","Journal article","","","https://scholar.google.com/citations?view_op=view_citation&hl=en&user=aGW8lg8AAAAJ&cstart=100&pagesize=100&citation_for_view=aGW8lg8AAAAJ:XiSMed-E-HIC",9,3,187,192,10,0.48,2,5,21,"","",""
10,"A Barzegar, D Damjanovic, N Setter","Study of size (aspect ratio) effect on longitudinal piezoelectric coefficient measured by quasistatic technique",2002,"2002 IEEE Ultrasonics Symposium, 2002. Proceedings.","","","https://scholar.google.com/scholar?oi=bibs&hl=en&cites=16823603147433391759",198,"2023-03-01 18:54:13","Conference paper","","","https://scholar.google.com/citations?view_op=view_citation&hl=en&user=aGW8lg8AAAAJ&cstart=100&pagesize=100&citation_for_view=aGW8lg8AAAAJ:OU6Ihb5iCvQC",2,,1185,1188,10,0.48,3,3,21,"","",""
10,"GR Fox, D Damjanovic, PA Danai, N Setter, HG Limberger, NH Ky","Piezoelectric fiber coatings and micro-tubes",1994,"MRS Online Proceedings Library","","","https://scholar.google.com/scholar?oi=bibs&hl=en&cites=14900205384950202994",199,"2023-03-01 18:54:13","Conference paper","","","https://scholar.google.com/citations?view_op=view_citation&hl=en&user=aGW8lg8AAAAJ&cstart=100&pagesize=100&citation_for_view=aGW8lg8AAAAJ:q3oQSFYPqjQC",360,,389,394,10,0.34,2,6,29,"","",""
10,"D Damjanovic, AS Bhalla, LE Cross","Dielectric and pyroelectric properties of triglycerol-gelatin films",1991,"IEEE transactions on ultrasonics, ferroelectrics, and frequency control 38 …","","","https://scholar.google.com/scholar?oi=bibs&hl=en&cites=4143626105157552700",200,"2023-03-01 18:54:13","Journal article","","","https://scholar.google.com/citations?view_op=view_citation&hl=en&user=aGW8lg8AAAAJ&cstart=100&pagesize=100&citation_for_view=aGW8lg8AAAAJ:bnK-pcrLprsC",,,,,10,0.31,3,3,32,"","",""
9,"D Damjanovic, M Budimir, M Davis, N Setter","Erratum:“Monodomain versus polydomain piezoelectric response of 0.67 Pb (Mg 1/3 Nb 2/3) O 3–0.33 PbTiO 3 single crystals along nonpolar directions”[Appl. Phys. Lett. 83, 527 …",2003,"Applied Physics Letters","","","https://scholar.google.com/scholar?oi=bibs&hl=en&cites=3919493442696000876",201,"2023-03-01 18:54:13","Journal article","","","https://scholar.google.com/citations?view_op=view_citation&hl=en&user=aGW8lg8AAAAJ&cstart=200&pagesize=100&citation_for_view=aGW8lg8AAAAJ:-jrNzM816MMC",83,12,2490,2490,9,0.45,2,4,20,"","",""
9,"DJ Taylor, D Damjanovic, AS Bhalla, LE Cross","Large hydrostatic piezoelectric coefficient in lead magnesium niobate: lead titanate ceramics",1991,"Journal of materials science letters","","","https://scholar.google.com/scholar?oi=bibs&hl=en&cites=7942668102344959660",202,"2023-03-01 18:54:13","Journal article","","","https://scholar.google.com/citations?view_op=view_citation&hl=en&user=aGW8lg8AAAAJ&cstart=200&pagesize=100&citation_for_view=aGW8lg8AAAAJ:tS2w5q8j5-wC",10,,668,670,9,0.28,2,4,32,"","",""
8,"H Uršič, D Damjanovic","Anelastic relaxor behavior of Pb(Mg1/3Nb2/3)O3",2013,"Applied Physics Letters","","","https://scholar.google.com/scholar?oi=bibs&hl=en&cites=9534901877686754726,15265904503371211702",203,"2023-03-01 18:54:13","Journal article","","","https://scholar.google.com/citations?view_op=view_citation&hl=en&user=aGW8lg8AAAAJ&cstart=200&pagesize=100&citation_for_view=aGW8lg8AAAAJ:LO7wyVUgiFcC",103,,72904,72904,8,0.80,4,2,10,"","",""
8,"D Damjanovic, M Davis, M Budimir","Enhancement of piezoelectric properties in perovskite crystals by thermally, compositionally, electric field and stress-induced instabilities",2008,"G. Ye (Woodhead, Cambridge, 2008)","","","https://scholar.google.com/scholar?oi=bibs&hl=en&cites=1710369385214236073",204,"2023-03-01 18:54:13","Journal article","","","https://scholar.google.com/citations?view_op=view_citation&hl=en&user=aGW8lg8AAAAJ&cstart=200&pagesize=100&citation_for_view=aGW8lg8AAAAJ:V3AGJWp-ZtQC",304,,,,8,0.53,3,3,15,"","",""
8,"A Barzegar, D Damjanovic, N Setter","Analytical modeling of the apparent d/sub 33/piezoelectric coefficient determined by the direct quasistatic method for different boundary conditions",2005,"IEEE transactions on ultrasonics, ferroelectrics, and frequency control 52 …","","","https://scholar.google.com/scholar?oi=bibs&hl=en&cites=15412510676169799577",205,"2023-03-01 18:54:13","Journal article","","","https://scholar.google.com/citations?view_op=view_citation&hl=en&user=aGW8lg8AAAAJ&cstart=200&pagesize=100&citation_for_view=aGW8lg8AAAAJ:AXPGKjj_ei8C",,,,,8,0.44,3,3,18,"","",""
8,"EL Colla, ES Thiele, D Damjanovic, N Setter","New high performance-Low cost monolithic bimorph piezoelectric actuators for applications requiring large displacements with significant forces",2000,"ISAF 2000. Proceedings of the 2000 12th IEEE International Symposium on …","","","https://scholar.google.com/scholar?oi=bibs&hl=en&cites=11119798347983900593",206,"2023-03-01 18:54:13","Conference paper","","","https://scholar.google.com/citations?view_op=view_citation&hl=en&user=aGW8lg8AAAAJ&cstart=200&pagesize=100&citation_for_view=aGW8lg8AAAAJ:K3LRdlH-MEoC",,,,,8,0.35,2,4,23,"","",""
8,"D Damjanovic","Crystal Structure and Texture Effects on Piezoelectric and Dielectric Properties of PZT Thin Films",1999,"MRS Proceedings","","","https://scholar.google.com/scholar?oi=bibs&hl=en&cites=10744393003769303276,6455768340330336477",207,"2023-03-01 18:54:13","Conference paper","","","https://scholar.google.com/citations?view_op=view_citation&hl=en&user=aGW8lg8AAAAJ&cstart=200&pagesize=100&citation_for_view=aGW8lg8AAAAJ:7H_MAutzIkAC",596,,529,529,8,0.33,8,1,24,"","",""
8,"P Duran-Martin, C Voisard, D Damjanovic, N Setter","Study and control of the conductivity of Nb-doped Bi4Ti3O12 for high temperature piezoelectric applications",1999,"Boletín de la Sociedad Española de Cerámica y Vidrio 38 (ARTICLE)","","","https://scholar.google.com/scholar?oi=bibs&hl=en&cites=7250970116969143244",208,"2023-03-01 18:54:13","Book chapter","","","https://scholar.google.com/citations?view_op=view_citation&hl=en&user=aGW8lg8AAAAJ&cstart=200&pagesize=100&citation_for_view=aGW8lg8AAAAJ:geHnlv5EZngC",,,582,586,8,0.33,2,4,24,"","",""
8,"KG Brooks, D Damjanovic, N Setter, P Luginbuhl, GA Racine, NF de Rooij","Piezoelectric response of PZT thin film actuated micromachined silicon cantilever beams",1994,"Applications of Ferroelectrics, 1994. ISAF'94., Proceedings of the Ninth …","","","https://scholar.google.com/scholar?oi=bibs&hl=en&cites=3697980851687982071",209,"2023-03-01 18:54:13","Conference paper","","","https://scholar.google.com/citations?view_op=view_citation&hl=en&user=aGW8lg8AAAAJ&cstart=200&pagesize=100&citation_for_view=aGW8lg8AAAAJ:BrmTIyaxlBUC",,,,,8,0.28,1,6,29,"","",""
7,"S Dalle Vacche, D Damjanovic, V Michaud, Y Leterrier","Interface-Dominated Time-Dependent Behavior of Poled Poly (Vinylidene Fluoride–Trifluoroethylene)/Barium Titanate Composites",2020,"Materials","","","https://scholar.google.com/scholar?oi=bibs&hl=en&cites=818834733611502343",210,"2023-03-01 18:54:13","Journal article","","","https://scholar.google.com/citations?view_op=view_citation&hl=en&user=aGW8lg8AAAAJ&cstart=200&pagesize=100&citation_for_view=aGW8lg8AAAAJ:CYCckWUYoCcC",13,1,225,225,7,2.33,2,4,3,"","",""
7,"M Budimir, D Damjanovic, N Setter","Qualitative distinction in enhancement of the piezoelectric response in PbTiO3 in proximity of coercive fields: 90° versus 180° switching",2007,"Journal of applied physics","","","https://scholar.google.com/scholar?oi=bibs&hl=en&cites=10788589412799309810",211,"2023-03-01 18:54:13","Journal article","","","https://scholar.google.com/citations?view_op=view_citation&hl=en&user=aGW8lg8AAAAJ&cstart=200&pagesize=100&citation_for_view=aGW8lg8AAAAJ:HE397vMXCloC",101,10,104119,104119,7,0.44,2,3,16,"","",""
7,"J Li, AS Bhalla, D Damjanovic, K Vedam, LE Cross, FW Ainger","Temperature dependence of optical constants of MoS2 for pyrooptical devices",1991,"Applied optics","","","https://scholar.google.com/scholar?oi=bibs&hl=en&cites=15099068556339707059",212,"2023-03-01 18:54:13","Journal article","","","https://scholar.google.com/citations?view_op=view_citation&hl=en&user=aGW8lg8AAAAJ&cstart=200&pagesize=100&citation_for_view=aGW8lg8AAAAJ:LPZeul_q3PIC",30,13,1583,1584,7,0.22,1,6,32,"","",""
6,"R Ignatans, D Damjanovic, V Tileli","Individual Barkhausen pulses of ferroelastic nanodomains",2021,"Physical Review Letters","","","https://scholar.google.com/scholar?oi=bibs&hl=en&cites=3892408155373086634",213,"2023-03-01 18:54:13","Journal article","","","https://scholar.google.com/citations?view_op=view_citation&hl=en&user=aGW8lg8AAAAJ&cstart=200&pagesize=100&citation_for_view=aGW8lg8AAAAJ:c1e4I3QdEKYC",127,16,167601,167601,6,3.00,2,3,2,"","",""
6,"AJ Bell, D Damjanovic","Balancing hyperbole and impact in research communications related to lead-free piezoelectric materials",2020,"Journal of Materials Science","","","https://scholar.google.com/scholar?oi=bibs&hl=en&cites=16519410997080519307,7982491862601799428,1630697204631416464,4881106343374086296",214,"2023-03-01 18:54:13","Journal article","","","https://scholar.google.com/citations?view_op=view_citation&hl=en&user=aGW8lg8AAAAJ&cstart=200&pagesize=100&citation_for_view=aGW8lg8AAAAJ:ZqE1mSdD_DYC",55,,10971,10974,6,2.00,3,2,3,"","",""
6,"U Salazar-Kuri, ME Mendoza, D Damjanovic, N Setter","Conductivity and Ferroelectric Hysteresis in Bi4Ti3O12 Single Crystals Around Room Temperature",2013,"Ferroelectrics","","","https://scholar.google.com/scholar?oi=bibs&hl=en&cites=6118932719889398929",215,"2023-03-01 18:54:13","Journal article","","","https://scholar.google.com/citations?view_op=view_citation&hl=en&user=aGW8lg8AAAAJ&cstart=200&pagesize=100&citation_for_view=aGW8lg8AAAAJ:xtoqd-5pKcoC",448,1,114,122,6,0.60,2,4,10,"","",""
6,"D Damjanovic","Piezoelectricity",2005,"Encyclopedia of Condensed Matter Physics","","","https://scholar.google.com/scholar?oi=bibs&hl=en&cites=208918558245843410",216,"2023-03-01 18:54:13","Book chapter","","","https://scholar.google.com/citations?view_op=view_citation&hl=en&user=aGW8lg8AAAAJ&cstart=200&pagesize=100&citation_for_view=aGW8lg8AAAAJ:AXkvAH5U_nMC",,,300,309,6,0.33,6,1,18,"","",""
6,"S Parola, R Khem, D Cornu, Z Kighelman, D Damjanovic, N Setter","New sol-gel route for processing of PMN thin films",2003,"Journal of sol-gel science and technology","","","https://scholar.google.com/scholar?oi=bibs&hl=en&cites=9822717761505876035",217,"2023-03-01 18:54:13","Journal article","","","https://scholar.google.com/citations?view_op=view_citation&hl=en&user=aGW8lg8AAAAJ&cstart=200&pagesize=100&citation_for_view=aGW8lg8AAAAJ:t6usbXjVLHcC",26,,1109,1112,6,0.30,1,6,20,"","",""
6,"D Damjanovic, F Chu","Engineering of piezoelectric properties in ferroelectric ceramics and thin films",1999,"Sociedad Española de Cerámica y Vidrio","","","https://scholar.google.com/scholar?oi=bibs&hl=en&cites=12205659174925177354",218,"2023-03-01 18:54:13","","","","https://scholar.google.com/citations?view_op=view_citation&hl=en&user=aGW8lg8AAAAJ&cstart=200&pagesize=100&citation_for_view=aGW8lg8AAAAJ:WA5NYHcadZ8C",,,,,6,0.25,3,2,24,"","",""
5,"H Zhang, N Pryds, DS Park, N Gauquelin, S Santucci, DV Christensen, ...","Atomically engineered interfaces yield extraordinary electrostriction",2022,"Nature","","","https://scholar.google.com/scholar?oi=bibs&hl=en&cites=5555407359657796468,14720046010077680921",219,"2023-03-01 18:54:13","Journal article","","","https://scholar.google.com/citations?view_op=view_citation&hl=en&user=aGW8lg8AAAAJ&cstart=200&pagesize=100&citation_for_view=aGW8lg8AAAAJ:1r-w4gtu6w8C",609,7928,695,700,5,5.00,1,7,1,"","",""
5,"EA Patterson, M Staruch, BR Matis, S Young, SE Lofland, L Antonelli, ...","Dynamic piezoelectric response of relaxor single crystal under electrically driven inter-ferroelectric phase transformations",2020,"Applied Physics Letters","","","https://scholar.google.com/scholar?oi=bibs&hl=en&cites=11687454339789438001",220,"2023-03-01 18:54:13","Journal article","","","https://scholar.google.com/citations?view_op=view_citation&hl=en&user=aGW8lg8AAAAJ&cstart=200&pagesize=100&citation_for_view=aGW8lg8AAAAJ:isU91gLudPYC",116,22,222903,222903,5,1.67,1,7,3,"","",""
5,"T Meurisse, D Damjanovic","Modeling losses of a piezoelectric resonator: Analytical vs finite elements analysis",2017,"2017 Joint IEEE International Symposium on Applications of Ferroelectrics","","","https://scholar.google.com/scholar?oi=bibs&hl=en&cites=11200674302799497485",221,"2023-03-01 18:54:13","Conference paper","","","https://scholar.google.com/citations?view_op=view_citation&hl=en&user=aGW8lg8AAAAJ&cstart=200&pagesize=100&citation_for_view=aGW8lg8AAAAJ:CdxZDUztZiMC",,,71,74,5,0.83,3,2,6,"","",""
5,"D Damjanovic, G Robert, J Muller, MD Maeder, DV Taylor, N Setter","From ferroelectric ceramics and single crystals to thick and thin films: how domain-wall processes control the piezoelectric and dielectric properties",2000,"ISAF 2000. Proceedings of the 2000 12th IEEE International Symposium on …","","","https://scholar.google.com/scholar?oi=bibs&hl=en&cites=15860938218465389055",222,"2023-03-01 18:54:13","Conference paper","","","https://scholar.google.com/citations?view_op=view_citation&hl=en&user=aGW8lg8AAAAJ&cstart=200&pagesize=100&citation_for_view=aGW8lg8AAAAJ:Y5dfb0dijaUC",,,,,5,0.22,1,6,23,"","",""
5,"D Damjanovic, M Demartin, F Chu, N Setter","Practical consequences of the extrinsic contributions to the properties of piezoelectric sensors and actuators",1996,"ISAF'96. Proceedings of the Tenth IEEE International Symposium on …","","","https://scholar.google.com/scholar?oi=bibs&hl=en&cites=315094965167366252",223,"2023-03-01 18:54:13","Conference paper","","","https://scholar.google.com/citations?view_op=view_citation&hl=en&user=aGW8lg8AAAAJ&cstart=200&pagesize=100&citation_for_view=aGW8lg8AAAAJ:VOx2b1Wkg3QC",,,,,5,0.19,1,4,27,"","",""
5,"D Damjanovic, TR Gururaja, SJ Jang, LE Cross","Possible mechanisms for the electromechanical anisotropy in modified lead titanate ceramics",1986,"IEEE 1986 Ultrasonics Symposium","","","https://scholar.google.com/scholar?oi=bibs&hl=en&cites=15356732955238351107",224,"2023-03-01 18:54:13","Conference paper","","","https://scholar.google.com/citations?view_op=view_citation&hl=en&user=aGW8lg8AAAAJ&cstart=200&pagesize=100&citation_for_view=aGW8lg8AAAAJ:kuK5TVdYjLIC",,,633,638,5,0.14,1,4,37,"","",""
4,"X Meng, C Hu, DS Park, L Riemer, K Chu, Z Zhou, D Damjanovic, H Tian","Ultra-high piezoresponse in tantalum doped potassium sodium niobate single crystal",2020,"Applied Physics Letters","","","https://scholar.google.com/scholar?oi=bibs&hl=en&cites=14176912075117985055",225,"2023-03-01 18:54:13","Journal article","","","https://scholar.google.com/citations?view_op=view_citation&hl=en&user=aGW8lg8AAAAJ&cstart=200&pagesize=100&citation_for_view=aGW8lg8AAAAJ:X9ykpCP0fEIC",116,11,112902,112902,4,1.33,1,8,3,"","",""
4,"BM Fraygola, A Chandrasekanar, D Bahati, U Salazar, A Biancoli, ...","Piezoelectric softening by Nb substitution in (Ba,Pb)ZrO3 ceramics",2017,"Journal of the American Ceramic Society","","","https://scholar.google.com/scholar?oi=bibs&hl=en&cites=16181069252401182634",226,"2023-03-01 18:54:13","Journal article","","","https://scholar.google.com/citations?view_op=view_citation&hl=en&user=aGW8lg8AAAAJ&cstart=200&pagesize=100&citation_for_view=aGW8lg8AAAAJ:owLR8QvbtFgC",100,5,1885,1895,4,0.67,1,6,6,"","",""
4,"L Jin","Broadband Dielectric Response in Hard and Soft PZT",2011,"PhD thesis","","","https://scholar.google.com/scholar?oi=bibs&hl=en&cites=8095589254788174523",227,"2023-03-01 18:54:13","","","","https://scholar.google.com/citations?view_op=view_citation&hl=en&user=aGW8lg8AAAAJ&cstart=200&pagesize=100&citation_for_view=aGW8lg8AAAAJ:5qfkUJPXOUwC",,,,,4,0.33,4,1,12,"","",""
4,"T Sluka, D Damjanovic, A Tagantsev, E Colla, M Mtebwa, N Setter","The stress-assisted enhancement of piezoelectric properties due to mechanically incompatible domain structures in BaTiO3",2010,"Applications of Ferroelectrics (ISAF), 2010 IEEE International Symposium on …","","","https://scholar.google.com/scholar?oi=bibs&hl=en&cites=4609950239803702427",228,"2023-03-01 18:54:13","Conference paper","","","https://scholar.google.com/citations?view_op=view_citation&hl=en&user=aGW8lg8AAAAJ&cstart=200&pagesize=100&citation_for_view=aGW8lg8AAAAJ:_B80troHkn4C",,,,,4,0.31,1,6,13,"","",""
4,"BJ Kuh, WK Choo, K Brinkman, JH Kim, D Damjanovic, N Setter","Sol-Gel Derived Pb (Sc0.5Nb0.5)O3 Thin Films: Processing and Dielctric Properties",2002,"Japanese journal of applied physics 41 (11S)","","","https://scholar.google.com/scholar?oi=bibs&hl=en&cites=6498043772880827687",229,"2023-03-01 18:54:13","Journal article","","","https://scholar.google.com/citations?view_op=view_citation&hl=en&user=aGW8lg8AAAAJ&cstart=200&pagesize=100&citation_for_view=aGW8lg8AAAAJ:VLnqNzywnoUC",6765,,,,4,0.19,1,6,21,"","",""
4,"Z Kighelman, D Damjanovic, A Seifert, L Sagalowicz, N Setter","Preparation and electromechanical properties of Pb (Mg1/3Nb2/3) O3 thin film",1999,"Ferroelectrics","","","https://scholar.google.com/scholar?oi=bibs&hl=en&cites=1120050028442295250",230,"2023-03-01 18:54:13","Journal article","","","https://scholar.google.com/citations?view_op=view_citation&hl=en&user=aGW8lg8AAAAJ&cstart=200&pagesize=100&citation_for_view=aGW8lg8AAAAJ:eJXPG6dFmWUC",224,1,291,298,4,0.17,1,5,24,"","",""
4,"P Duran-Martin, A Vazquez, D Damjanovic, N Setter","Production and characterisation of RAINBOW piezoelectric actuators. Advantages from other traditional devices",1999,"Boletin-Sociedad Espanola de ceramica y vidrio","","","https://scholar.google.com/scholar?oi=bibs&hl=en&cites=1068952243679689488,7605272580219960490",231,"2023-03-01 18:54:13","Journal article","","","https://scholar.google.com/citations?view_op=view_citation&hl=en&user=aGW8lg8AAAAJ&cstart=200&pagesize=100&citation_for_view=aGW8lg8AAAAJ:dQ2og3OwTAUC",38,6,662,666,4,0.17,1,4,24,"","",""
4,"D Damjanovic, AS Bhalla, LE Cross","Pyroelectric properties of synthetic polypeptide films",1990,"Ferroelectrics","","","https://scholar.google.com/scholar?oi=bibs&hl=en&cites=7479328253511896471",232,"2023-03-01 18:54:13","Journal article","","","https://scholar.google.com/citations?view_op=view_citation&hl=en&user=aGW8lg8AAAAJ&cstart=200&pagesize=100&citation_for_view=aGW8lg8AAAAJ:dTyEYWd-f8wC",109,1,333,338,4,0.12,1,3,33,"","",""
4,"D Damjanovic, AS Bhalla, LE Cross","Pyroelectric properties of a new family of synthetic polypeptide polymers",1990,"Ferroelectrics Letters Section","","","https://scholar.google.com/scholar?oi=bibs&hl=en&cites=5930220071674682431",233,"2023-03-01 18:54:13","Journal article","","","https://scholar.google.com/citations?view_op=view_citation&hl=en&user=aGW8lg8AAAAJ&cstart=200&pagesize=100&citation_for_view=aGW8lg8AAAAJ:JoZmwDi-zQgC",11,6,117,123,4,0.12,1,3,33,"","",""
4,"D Damjanovic, TR Gururaja, SJ Jang, LE Cross","Electromechanical anisotropy in modified lead titanate ceramics",1986,"Sixth IEEE International Symposium on Applications of Ferroelectrics","","","https://scholar.google.com/scholar?oi=bibs&hl=en&cites=939515392041704122",234,"2023-03-01 18:54:13","Conference paper","","","https://scholar.google.com/citations?view_op=view_citation&hl=en&user=aGW8lg8AAAAJ&cstart=200&pagesize=100&citation_for_view=aGW8lg8AAAAJ:wbdj-CoPYUoC",,,344,347,4,0.11,1,4,37,"","",""
3,"LM Riemer, K Chu, Y Li, H Uršič, AJ Bell, B Dkhil, D Damjanovic","Macroscopic polarization in the nominally ergodic relaxor state of lead magnesium niobate",2020,"Applied Physics Letters","","","https://scholar.google.com/scholar?oi=bibs&hl=en&cites=438072860862320954",235,"2023-03-01 18:54:13","Journal article","","","https://scholar.google.com/citations?view_op=view_citation&hl=en&user=aGW8lg8AAAAJ&cstart=200&pagesize=100&citation_for_view=aGW8lg8AAAAJ:D_tqNUsBuKoC",117,10,102901,102901,3,1.00,0,7,3,"","",""
3,"A Barzegar, D Damjanovic, MD Maeder, N Setter","Piezoelectric relaxation and large anisotropy of modified lead titanate ceramics",2004,"14th IEEE International Symposium on Applications of Ferroelectrics, 2004 …","","","https://scholar.google.com/scholar?oi=bibs&hl=en&cites=14181911122485783970",236,"2023-03-01 18:54:13","Conference paper","","","https://scholar.google.com/citations?view_op=view_citation&hl=en&user=aGW8lg8AAAAJ&cstart=200&pagesize=100&citation_for_view=aGW8lg8AAAAJ:Mojj43d5GZwC",,,,,3,0.16,1,4,19,"","",""
3,"Z Kighelman, D Damjanovic, A Seifert, S Gentil, S Hiboux, N Setter","Relaxor Pb(Mg1/3Nb2/3)O3 Thin Films: Processing, Dielectric and Electrostrictive Properties",2000,"MATERIALS RESEARCH SOCIETY SYMPOSIUM PROCEEDINGS","","","https://scholar.google.com/scholar?oi=bibs&hl=en&cites=13899225483101786651,6877486515295319017",237,"2023-03-01 18:54:13","Conference paper","","","https://scholar.google.com/citations?view_op=view_citation&hl=en&user=aGW8lg8AAAAJ&cstart=200&pagesize=100&citation_for_view=aGW8lg8AAAAJ:PELIpwtuRlgC",596,,523,528,3,0.13,1,6,23,"","",""
3,"D Taylor, D Damjanovic, AS Bhalla, LE Cross","Electric field dependence of dh in lead magnesium niobate-lead titanate ceramics",1990,"Applications of Ferroelectrics, 1990., IEEE 7th International Symposium on …","","","https://scholar.google.com/scholar?oi=bibs&hl=en&cites=18014345398061988101",238,"2023-03-01 18:54:13","Conference paper","","","https://scholar.google.com/citations?view_op=view_citation&hl=en&user=aGW8lg8AAAAJ&cstart=200&pagesize=100&citation_for_view=aGW8lg8AAAAJ:S16KYo8Pm5AC",,,,,3,0.09,1,4,33,"","",""
2,"EW Yap, N Kumar, D Damjanovic, RM Preston, JE Daniels","Pyroelectric material property considerations for x-ray generation",2022,"Journal of Applied Physics","","","https://scholar.google.com/scholar?oi=bibs&hl=en&cites=4811706176584355105",239,"2023-03-01 18:54:13","Journal article","","","https://scholar.google.com/citations?view_op=view_citation&hl=en&user=aGW8lg8AAAAJ&cstart=200&pagesize=100&citation_for_view=aGW8lg8AAAAJ:ijdKiLOsEJMC",131,11,114503,114503,2,2.00,0,5,1,"","",""
2,"R Hesterberg, M Bonin, M Sommer, M Burgener, B Trusch, D Damjanovic, ...","Vapour growth, morphology, absolute structure and pyroelectric coefficient of meta-nitroaniline single crystals",2019,"Journal of Applied Crystallography","","","https://scholar.google.com/scholar?oi=bibs&hl=en&cites=15679062413240028527",240,"2023-03-01 18:54:13","Journal article","","","https://scholar.google.com/citations?view_op=view_citation&hl=en&user=aGW8lg8AAAAJ&cstart=200&pagesize=100&citation_for_view=aGW8lg8AAAAJ:zGdJYJv2LkUC",52,3,564,570,2,0.50,0,7,4,"","",""
2,"A Bencan, G Drazic, H Ursic, N Sakamoto, B Jancar, N Wakiya, H Suzuki, ...","Local Domain Wall Structure in Polycrystalline BiFeO3",2015,"Microscopy and Microanalysis 21 (S3)","","","https://scholar.google.com/scholar?oi=bibs&hl=en&cites=649719662616153400",241,"2023-03-01 18:54:13","Book chapter","","","https://scholar.google.com/citations?view_op=view_citation&hl=en&user=aGW8lg8AAAAJ&cstart=200&pagesize=100&citation_for_view=aGW8lg8AAAAJ:Bg7qf7VwUHIC",,,783,784,2,0.25,0,8,8,"","",""
2,"B Fraygola, U Salazar, A Biancoli, D Damjanovic, N Setter","Effects of Nb doping in lead barium zirconate ceramics",2013,"IEEE International Symposium on Applications of Ferroelectric and Workshop …","","","https://scholar.google.com/scholar?oi=bibs&hl=en&cites=9157037068599874579",242,"2023-03-01 18:54:13","Conference paper","","","https://scholar.google.com/citations?view_op=view_citation&hl=en&user=aGW8lg8AAAAJ&cstart=200&pagesize=100&citation_for_view=aGW8lg8AAAAJ:gKiMpY-AVTkC",,,,,2,0.20,0,5,10,"","",""
2,"T Bove, D Damjanovic, K Liang, W Wolny","Piezoceramic materials for high-temperature &high-pressure applications in oilfield exploration &production",2013,"2013 IEEE ISAF","","","https://scholar.google.com/scholar?oi=bibs&hl=en&cites=6693766011207040896",243,"2023-03-01 18:54:13","Book chapter","","","https://scholar.google.com/citations?view_op=view_citation&hl=en&user=aGW8lg8AAAAJ&cstart=200&pagesize=100&citation_for_view=aGW8lg8AAAAJ:mlAyqtXpCwEC",,,62,65,2,0.20,1,4,10,"","",""
2,"A Eva-Maria, J Wook, T Joe, D Dragan, R Jürgen","Effect of K0.5Na0.5NbO3 on Properties at and off the Morphotropic Phase Boundary in Bi0.5Na0.5TiO3–Bi0.5K0.5TiO3 Ceramics",2011,"Japanese Journal of Applied Physics 50 (5R)","","","https://scholar.google.com/scholar?oi=bibs&hl=en&cites=1120772398895681136",244,"2023-03-01 18:54:13","Journal article","","","https://scholar.google.com/citations?view_op=view_citation&hl=en&user=aGW8lg8AAAAJ&cstart=200&pagesize=100&citation_for_view=aGW8lg8AAAAJ:NxmKEeNBbOMC",55802,,,,2,0.17,0,5,12,"","",""
2,"A Barzegar, D Damjanovic, N Setter","Analytical modeling of the variation in apparent d/sub 33/piezoelectric coefficient measured by the direct quasistatic method as a function of sample aspect ratio",2004,"14th IEEE International Symposium on Applications of Ferroelectrics, 2004 …","","","https://scholar.google.com/scholar?oi=bibs&hl=en&cites=1210709479637366501",245,"2023-03-01 18:54:13","Conference paper","","","https://scholar.google.com/citations?view_op=view_citation&hl=en&user=aGW8lg8AAAAJ&cstart=200&pagesize=100&citation_for_view=aGW8lg8AAAAJ:5awf1xo2G04C",,,,,2,0.11,1,3,19,"","",""
2,"BJ Kuh, K Brinkman, D Damjanovic, N Setter, WK Choo","Preparation and Dielectric Properties of Pb(Sc1/2Nb1/2)O3-PbTiO3 Thin Films Near MPB Compositions",2002,"Ferroelectrics","","","https://scholar.google.com/scholar?oi=bibs&hl=en&cites=17825667738285569213",246,"2023-03-01 18:54:13","Journal article","","","https://scholar.google.com/citations?view_op=view_citation&hl=en&user=aGW8lg8AAAAJ&cstart=200&pagesize=100&citation_for_view=aGW8lg8AAAAJ:tkaPQYYpVKoC",271,1,75,80,2,0.10,0,5,21,"","",""
2,"D Damjanovic, DV Taylor, AL Kholkin, M Demartin, KG Brooks, N Setter","Domain Wall Contributions to the Piezoelectric Properties of Ferroelectric Ceramics and Thin Films, and Their Significance in Sensor and Actuator Applications",1996,"MRS Online Proceedings Library (OPL)","","","https://scholar.google.com/scholar?oi=bibs&hl=en&cites=328692051718188941",247,"2023-03-01 18:54:13","Conference paper","","","https://scholar.google.com/citations?view_op=view_citation&hl=en&user=aGW8lg8AAAAJ&cstart=200&pagesize=100&citation_for_view=aGW8lg8AAAAJ:J-pR_7NvFogC",459,,15,15,2,0.07,0,6,27,"","",""
1,"F Zhuo, X Zhou, S Gao, M Höfling, F Dietrich, PB Groszewicz, L Fulanović, ...","Anisotropic dislocation-domain wall interactions in ferroelectrics",2022,"Nature Communications","","","https://scholar.google.com/scholar?oi=bibs&hl=en&cites=16514035121213235853",248,"2023-03-01 18:54:13","Journal article","","","https://scholar.google.com/citations?view_op=view_citation&hl=en&user=aGW8lg8AAAAJ&cstart=200&pagesize=100&citation_for_view=aGW8lg8AAAAJ:ymY9cBF3mdcC",13,1,6676,6676,1,1.00,0,8,1,"","",""
1,"L Liu, T Rojac, D Damjanovic, JF Li, M Di Michiel, J Daniels","Reduction of the lattice strain with increasing field amplitude in polycrystalline BiFeO3",2022,"Acta Materialia","","","https://scholar.google.com/scholar?oi=bibs&hl=en&cites=15335267599204513280",249,"2023-03-01 18:54:13","Journal article","","","https://scholar.google.com/citations?view_op=view_citation&hl=en&user=aGW8lg8AAAAJ&cstart=200&pagesize=100&citation_for_view=aGW8lg8AAAAJ:JWITY9-sCbMC",240,,118319,118319,1,1.00,0,6,1,"","",""
1,"M Vasiljevic, M Kollár, D Spirito, L Riemer, L Forró, E Horváth, S Gorfman, ...","“Forbidden” Polarisation and Extraordinary Piezoelectric Effect in Organometallic Lead Halide Perovskites",2022,"Advanced Functional Materials","","","https://scholar.google.com/scholar?oi=bibs&hl=en&cites=287697335342898315",250,"2023-03-01 18:54:13","Journal article","","","https://scholar.google.com/citations?view_op=view_citation&hl=en&user=aGW8lg8AAAAJ&cstart=200&pagesize=100&citation_for_view=aGW8lg8AAAAJ:WwIwg2wKZ0QC",32,40,2204898,2204898,1,1.00,0,8,1,"","",""
1,"V Djokić, M Kollár, A Ciers, A Arakcheeva, M Vasiljević, D Damjanović, ...","Fast Lead-Free Humidity Sensor Based on Hybrid Halide Perovskite",2022,"Crystals","","","https://scholar.google.com/scholar?oi=bibs&hl=en&cites=15134192920262584973",251,"2023-03-01 18:54:13","Journal article","","","https://scholar.google.com/citations?view_op=view_citation&hl=en&user=aGW8lg8AAAAJ&cstart=200&pagesize=100&citation_for_view=aGW8lg8AAAAJ:iyewoVqAXLQC",12,,547,547,1,1.00,0,7,1,"","",""
1,"MA Poothanari, V Michaud, D Damjanovic, Y Leterrier","Surface modified microfibrillated cellulose‐poly (vinylidene fluoride) composites: β‐phase formation, viscoelastic and dielectric performance",2021,"Polymer International","","","https://scholar.google.com/scholar?oi=bibs&hl=en&cites=9191247929470530134",252,"2023-03-01 18:54:13","Journal article","","","https://scholar.google.com/citations?view_op=view_citation&hl=en&user=aGW8lg8AAAAJ&cstart=200&pagesize=100&citation_for_view=aGW8lg8AAAAJ:Zh0EY9V9P6UC",70,9,1316,1328,1,0.50,0,4,2,"","",""
1,"T Meurisse, D Damjanovic","Investigating the effects of losses of a piezoelectric transducer in temperature varying environment through Finite Element Analysis",2018,"2018 IEEE ISAF-FMA-AMF-AMEC-PFM Joint Conference (IFAAP)","","","https://scholar.google.com/scholar?oi=bibs&hl=en&cites=11966741570377815084",253,"2023-03-01 18:54:13","Conference paper","","","https://scholar.google.com/citations?view_op=view_citation&hl=en&user=aGW8lg8AAAAJ&cstart=200&pagesize=100&citation_for_view=aGW8lg8AAAAJ:FiDNX6EVdGUC",,,1,4,1,0.20,1,2,5,"","",""
1,"S Dalle Vacche, F Oliveira, O Sereda, A Neels, A Dommann, ...","High diffusion barrier and piezoelectric nanocomposites based on polyvinylidene fluoride‐trifluoroethylene copolymer and hydrophobized clay",2017,"Journal of Polymer Science Part B: Polymer Physics","","","https://scholar.google.com/scholar?oi=bibs&hl=en&cites=4338175941060394344",254,"2023-03-01 18:54:13","Journal article","","","https://scholar.google.com/citations?view_op=view_citation&hl=en&user=aGW8lg8AAAAJ&cstart=200&pagesize=100&citation_for_view=aGW8lg8AAAAJ:SjuI4pbJlxcC",55,24,1828,1836,1,0.17,0,6,6,"","",""
1,"D Damjanovic","Secrets of PZT",2008,"2008 17th IEEE International Symposium on the Applications of Ferroelectrics …","","","https://scholar.google.com/scholar?oi=bibs&hl=en&cites=1415192698959513299",255,"2023-03-01 18:54:13","Conference paper","","","https://scholar.google.com/citations?view_op=view_citation&hl=en&user=aGW8lg8AAAAJ&cstart=200&pagesize=100&citation_for_view=aGW8lg8AAAAJ:86PQX7AUzd4C",,,,,1,0.07,1,1,15,"","",""
1,"MI Morozov, DC Lupascu, D Damjanovic","Mechanisms of aging in ferroelectrics: The orientation of dipoles versus the charge drift",2008,"2008 17th IEEE International Symposium on the Applications of Ferroelectrics …","","","https://scholar.google.com/scholar?oi=bibs&hl=en&cites=14875039151024856189",256,"2023-03-01 18:54:13","Conference paper","","","https://scholar.google.com/citations?view_op=view_citation&hl=en&user=aGW8lg8AAAAJ&cstart=200&pagesize=100&citation_for_view=aGW8lg8AAAAJ:tYavs44e6CUC",,,,,1,0.07,0,3,15,"","",""
1,"M Davis, D Damjanovic, N Setter","The direct piezoelectric effect in [001]/sub C/-poled relaxor-ferroelectric single crystals: contrasting longitudinal and transverse modes",2004,"14th IEEE International Symposium on Applications of Ferroelectrics, 2004 …","","","https://scholar.google.com/scholar?oi=bibs&hl=en&cites=6594808057664519345",257,"2023-03-01 18:54:13","Conference paper","","","https://scholar.google.com/citations?view_op=view_citation&hl=en&user=aGW8lg8AAAAJ&cstart=200&pagesize=100&citation_for_view=aGW8lg8AAAAJ:WZBGuue-350C",,,,,1,0.05,0,3,19,"","",""
1,"JL Santailler, B Ferrand, D Damjanovic, M Couchaud, P Dusserre, ...","Growth and characterisation of piezoelectric PZN-PT 91/9 and PMN-PT 66/34 single crystals for ultrasonic transducers",2002,"Proceedings of the 13th IEEE International Symposium on Applications of …","","","https://scholar.google.com/scholar?oi=bibs&hl=en&cites=14393854990032630996",258,"2023-03-01 18:54:13","Conference paper","","","https://scholar.google.com/citations?view_op=view_citation&hl=en&user=aGW8lg8AAAAJ&cstart=200&pagesize=100&citation_for_view=aGW8lg8AAAAJ:L7CI7m0gUJcC",,,,,1,0.05,0,6,21,"","",""
1,"MD Maeder, D Damjanovic, C Voisard, PD Martin, N Setter","Piezoelectric relaxation in bismuth titanate based ferroelectric ceramics",2000,"ISAF 2000. Proceedings of the 2000 12th IEEE International Symposium on …","","","https://scholar.google.com/scholar?oi=bibs&hl=en&cites=1808193073698410106",259,"2023-03-01 18:54:13","Conference paper","","","https://scholar.google.com/citations?view_op=view_citation&hl=en&user=aGW8lg8AAAAJ&cstart=200&pagesize=100&citation_for_view=aGW8lg8AAAAJ:W5xh706n7nkC",,,,,1,0.04,0,5,23,"","",""
1,"N Setter, E Colla, D Damjanovic","Electroceramics Vi'98, Montreux, Switzerland, 24-27 August 1998-Preface",1999,"Journal of the European Ceramic Society 19 (ARTICLE), Xiii-Xiv","","","https://scholar.google.com/scholar?oi=bibs&hl=en&cites=13808585685431376519,5209282708934770576",260,"2023-03-01 18:54:13","Journal article","","","https://scholar.google.com/citations?view_op=view_citation&hl=en&user=aGW8lg8AAAAJ&cstart=200&pagesize=100&citation_for_view=aGW8lg8AAAAJ:p__nRnzSRKYC",,,,,1,0.04,0,3,24,"","",""
1,"C Voisard, PD Martin, D Damjanovic, N Settier","Electrical Conductivity of Piezoelectric Strontium Bismuth Titanate Under Controlled Oxygen Partial Pressure",1999,"MRS Online Proceedings Library (OPL)","","","https://scholar.google.com/scholar?oi=bibs&hl=en&cites=1058719279155245533,6207274244776242809",261,"2023-03-01 18:54:13","Conference paper","","","https://scholar.google.com/citations?view_op=view_citation&hl=en&user=aGW8lg8AAAAJ&cstart=200&pagesize=100&citation_for_view=aGW8lg8AAAAJ:hkOj_22Ku90C",604,,,,1,0.04,0,4,24,"","",""
1,"K Takeuchi, D Damjanovic, SJ Jang","Lead calcium titanate piezoelectric ceramic element",1988,"US Patent 4,764,492","","","https://scholar.google.com/scholar?oi=bibs&hl=en&cites=13583366507894934573",262,"2023-03-01 18:54:13","Patent","","","https://scholar.google.com/citations?view_op=view_citation&hl=en&user=aGW8lg8AAAAJ&cstart=200&pagesize=100&citation_for_view=aGW8lg8AAAAJ:LjlpjdlvIbIC",,,,,1,0.03,0,3,35,"","",""
1,"K Takeuchi, D Damjanovic, TR Gururaja, SJ Jang, LE Cross","Electromechanical coupling properties of calcium doped lead titanate ceramics",1986,"IEEE Transactions on Ultrasonics Ferroelectrics and Frequency Control 33 (LC …","","","https://scholar.google.com/scholar?oi=bibs&hl=en&cites=11007126386222350446",263,"2023-03-01 18:54:13","Journal article","","","https://scholar.google.com/citations?view_op=view_citation&hl=en&user=aGW8lg8AAAAJ&cstart=200&pagesize=100&citation_for_view=aGW8lg8AAAAJ:PyEswDtIyv0C",,,,,1,0.03,0,5,37,"","",""
0,"F Chu, D Damjanovic, O Steiner, N Setter","Piezoelectricity and phase transitions of the mixed-layer bismuth titanate niobate Bi7Ti4NbO21",1995,"Journal of the American Ceramic Society","","","https://scholar.google.com/scholar?oi=bibs&hl=en&cites=2830880677033351293,16431936084508169273",113,"2023-03-01 18:54:13","Journal article","","","https://scholar.google.com/citations?view_op=view_citation&hl=en&user=aGW8lg8AAAAJ&cstart=100&pagesize=100&citation_for_view=aGW8lg8AAAAJ:DrR-2ekChdkC",78,11,,,0,0.00,0,4,28,"","",""
0,"S Kustov, JM Obrero, X Wang, D Damjanovic, EKH Salje","Phase transitions in the ferroelectric relaxor  close to the morphotropic phase boundary",2022,"Physical Review Materials","","","https://scholar.google.com",264,"2023-03-01 18:54:13","Journal article","","","https://scholar.google.com/citations?view_op=view_citation&hl=en&user=aGW8lg8AAAAJ&cstart=200&pagesize=100&citation_for_view=aGW8lg8AAAAJ:QsKbpXNoaWkC",6,12,124414,124414,0,0.00,0,5,1,"","",""
0,"O Condurache, G Dražić, T Rojac, H Uršič, B Dkhil, A Bradeško, ...","Atomic-Level Response of the Domain Walls in Bismuth Ferrite in a Subcoercive-Field Regime",2022,"Nano Letters","","","https://scholar.google.com",265,"2023-03-01 18:54:13","Journal article","","","https://scholar.google.com/citations?view_op=view_citation&hl=en&user=aGW8lg8AAAAJ&cstart=200&pagesize=100&citation_for_view=aGW8lg8AAAAJ:lg2tdxc6qMwC",,,,,0,0.00,0,7,1,"","",""
0,"F Li, A Bell, D Damjanovic, W Jo, ZG Ye, S Zhang","Recent Advances in Piezoelectric Materials for Electromechanical Transducer Applications",2022,"IEEE Transactions on Ultrasonics, Ferroelectrics, and Frequency Control 69 …","","","https://scholar.google.com",266,"2023-03-01 18:54:13","Journal article","","","https://scholar.google.com/citations?view_op=view_citation&hl=en&user=aGW8lg8AAAAJ&cstart=200&pagesize=100&citation_for_view=aGW8lg8AAAAJ:PQEM9vzQD9gC",,,,,0,0.00,0,6,1,"","",""
0,"P Moreno-Navarro, A Ibrahimbegovic, D Damjanovic","Multi-scale model for coupled piezoelectric-inelastic behavior",2021,"Coupled systems mechanics","","","https://scholar.google.com",267,"2023-03-01 18:54:13","Journal article","","","https://scholar.google.com/citations?view_op=view_citation&hl=en&user=aGW8lg8AAAAJ&cstart=200&pagesize=100&citation_for_view=aGW8lg8AAAAJ:nqdriD65xNoC",10,6,521,544,0,0.00,0,3,2,"","",""
0,"D Damjanovic","Introductory course: Piezoelectric materials, properties and devices",2020,"","https://www.youtube.com/watch?v=gBYg2l3cm_I&list …","","https://scholar.google.com",268,"2023-03-01 18:54:13","Online document","","","https://scholar.google.com/citations?view_op=view_citation&hl=en&user=aGW8lg8AAAAJ&cstart=200&pagesize=100&citation_for_view=aGW8lg8AAAAJ:JP7YXuLIOvAC",,,,,0,0.00,0,1,3,"","",""
0,"G Drazic, A Bencan, T Rojac, D Damjanovic","Direct Visualization of Polar Nanoregions in BaTiO3-based Ferroelectrics Above Curie Temperature",2019,"Microscopy and Microanalysis 25 (S2)","","","https://scholar.google.com",269,"2023-03-01 18:54:13","Book chapter","","","https://scholar.google.com/citations?view_op=view_citation&hl=en&user=aGW8lg8AAAAJ&cstart=200&pagesize=100&citation_for_view=aGW8lg8AAAAJ:QsaTk4IG4EwC",,,1910,1911,0,0.00,0,4,4,"","",""
0,"G Drazic, A Bencan, D Damjanovic, T Rojac","Atomic-Scale Investigations of Domain Walls in Polycrystalline BiFeO3",2017,"Microscopy and Microanalysis 23 (S1)","","","https://scholar.google.com",270,"2023-03-01 18:54:13","Book chapter","","","https://scholar.google.com/citations?view_op=view_citation&hl=en&user=aGW8lg8AAAAJ&cstart=200&pagesize=100&citation_for_view=aGW8lg8AAAAJ:WC9gN4BGCRcC",,,1618,1619,0,0.00,0,4,6,"","",""
0,"A Bencan, G Drazic, H Ursic, N Sakamoto, B Jancar, G Tavcar, ...","Atomically Resolved Local Structure of Conductive Domain Walls in Ferroelectric BiFeO3.",2016,"Microscopy and Microanalysis 22 (S3)","","","https://scholar.google.com",271,"2023-03-01 18:54:13","Book chapter","","","https://scholar.google.com/citations?view_op=view_citation&hl=en&user=aGW8lg8AAAAJ&cstart=200&pagesize=100&citation_for_view=aGW8lg8AAAAJ:48xauSegjOkC",,,1828,1829,0,0.00,0,7,7,"","",""
0,"U Salazar-Kuri, ME Mendoza, D Damjanovic, N Setter","Conductivity and optical absorption in Bi4Ti3O12 single crystals",2012,"2012 ISAF/ECAPD/PFM","","","https://scholar.google.com",272,"2023-03-01 18:54:13","","","","https://scholar.google.com/citations?view_op=view_citation&hl=en&user=aGW8lg8AAAAJ&cstart=200&pagesize=100&citation_for_view=aGW8lg8AAAAJ:AvfA0Oy_GE0C",,,,,0,0.00,0,4,11,"","",""
0,"A Bencan, T Rojac, G Drazic, M Kosec, D Damjanovic","Domain Structure of BiFeO3 Ceramics Determined by the Transmission Electron Microscopy",2011,"Microscopy and Microanalysis 17 (S2)","","","https://scholar.google.com",273,"2023-03-01 18:54:13","Book chapter","","","https://scholar.google.com/citations?view_op=view_citation&hl=en&user=aGW8lg8AAAAJ&cstart=200&pagesize=100&citation_for_view=aGW8lg8AAAAJ:35r97b3x0nAC",,,1892,1893,0,0.00,0,5,12,"","",""
0,"D Damjanovic","Piezoelectric materials: roads to enhanced properties (Invited Talk 1, Cosponsored by IEEE Ultrasonics, Ferroelectrics and Frequency Control Society Japan Chapter)",2010,"Proceedings of Symposium on Ultrasonic Electronics","","","https://scholar.google.com",274,"2023-03-01 18:54:13","Conference paper","","","https://scholar.google.com/citations?view_op=view_citation&hl=en&user=aGW8lg8AAAAJ&cstart=200&pagesize=100&citation_for_view=aGW8lg8AAAAJ:oi2SiIJ9l4AC",31,,423,424,0,0.00,0,1,13,"","",""
0,"M Mtebwa, E Colla, T Sluka, D Damjanovic, N Setter, L Gjødvad","PFM investigation of stress induced ferroelastic switching in piezoelectric bulk ceramics",2010,"2010 IEEE International Symposium on the Applications of Ferroelectrics …","","","https://scholar.google.com",275,"2023-03-01 18:54:13","Conference paper","","","https://scholar.google.com/citations?view_op=view_citation&hl=en&user=aGW8lg8AAAAJ&cstart=200&pagesize=100&citation_for_view=aGW8lg8AAAAJ:tuHXwOkdijsC",,,,,0,0.00,0,6,13,"","",""
0,"V Porokhonskyy, D Damjanovic","Broadband (10^(-2) - 2×10^(10) Hz) dielectric response in hard and soft PZT ceramics",2008,"2008 IEEE International Ultrasonics Symposium Abstract book","","","https://scholar.google.com",276,"2023-03-01 18:54:13","Abstract","","","https://scholar.google.com/citations?view_op=view_citation&hl=en&user=aGW8lg8AAAAJ&cstart=200&pagesize=100&citation_for_view=aGW8lg8AAAAJ:XD-gHx7UXLsC",,,,,0,0.00,0,2,15,"","",""
0,"YL Wang, AK Tagantsev, D Damjanovic, N Setter, VK Yarmarkin, ...","Dielectric nonlinearity and polarization anharmonicity of BaTiO3",2006,"Applications of ferroelectrics, 2006. isaf'06","15th ieee international …","","https://scholar.google.com",277,"2023-03-01 18:54:13","","","","https://scholar.google.com/citations?view_op=view_citation&hl=en&user=aGW8lg8AAAAJ&cstart=200&pagesize=100&citation_for_view=aGW8lg8AAAAJ:hMsQuOkrut0C",,,,,0,0.00,0,6,17,"","",""
0,"M Davis, M Budimir, D Damjanovic, N Setter","Importance of a High Shear Coefficient to the Piezoelectric Properties of Domain-Engineered Crystals and Ceramics",2006,"2006 15th ieee international symposium on the applications of ferroelectrics …","","","https://scholar.google.com",278,"2023-03-01 18:54:13","Conference paper","","","https://scholar.google.com/citations?view_op=view_citation&hl=en&user=aGW8lg8AAAAJ&cstart=200&pagesize=100&citation_for_view=aGW8lg8AAAAJ:ML0RJ9NH7IQC",,,,,0,0.00,0,4,17,"","",""
0,"M Davis, D Damjanovic, N Setter","Optimization of the transverse piezoelectric coefficient by domain engineering",2005,"IEEE Ultrasonics Symposium, 2005.","","","https://scholar.google.com",279,"2023-03-01 18:54:13","Conference paper","","","https://scholar.google.com/citations?view_op=view_citation&hl=en&user=aGW8lg8AAAAJ&cstart=200&pagesize=100&citation_for_view=aGW8lg8AAAAJ:VL0QpB8kHFEC",4,,1917,1920,0,0.00,0,3,18,"","",""
0,"M Davis, D Damjanovic, N Setter","The direct piezoelectric effect in [001] C-poled relaxor-ferroelectric single crystals: Contrasting longitudinal and transverse modes",2005,"IEEE International Symposium on Applications of Ferroelectrics","","","https://scholar.google.com",280,"2023-03-01 18:54:13","Conference paper","","","https://scholar.google.com/citations?view_op=view_citation&hl=en&user=aGW8lg8AAAAJ&cstart=200&pagesize=100&citation_for_view=aGW8lg8AAAAJ:JTqpx9DYBaYC",,,102,105,0,0.00,0,3,18,"","",""
0,"D Damjanovic","Piezoelectric Relaxation and Nonlinearity investigated by Optical Interferometry and Dynamic Press Technique",2005,"Polar Oxides","","","https://scholar.google.com",281,"2023-03-01 18:54:13","Journal article","","","https://scholar.google.com/citations?view_op=view_citation&hl=en&user=aGW8lg8AAAAJ&cstart=200&pagesize=100&citation_for_view=aGW8lg8AAAAJ:BUYA1_V_uYcC",251,,,,0,0.00,0,1,18,"","",""
0,"M Davis, D Damjanovic, N Setter","Pyroelectric properties and orthorhombic to rhombohedral electric field induced phase transition in relaxor-ferroelectric single crystals",2004,"14th IEEE International Symposium on Applications of Ferroelectrics, 2004 …","","","https://scholar.google.com",282,"2023-03-01 18:54:13","Conference paper","","","https://scholar.google.com/citations?view_op=view_citation&hl=en&user=aGW8lg8AAAAJ&cstart=200&pagesize=100&citation_for_view=aGW8lg8AAAAJ:ZuybSZzF8UAC",,,,,0,0.00,0,3,19,"","",""
0,"NJ Donnelly, G Catalan, C Morros, RM Bowman, JM Gregg, Z Kighelman, ...","PMN-PT thin films: Electromechanical behaviour, polarisability and microstructure",2002,"MRS Online Proceedings Library (OPL) 748, U14.","","","https://scholar.google.com",283,"2023-03-01 18:54:13","Conference paper","","","https://scholar.google.com/citations?view_op=view_citation&hl=en&user=aGW8lg8AAAAJ&cstart=200&pagesize=100&citation_for_view=aGW8lg8AAAAJ:e_rmSamDkqQC",4,,,,0,0.00,0,7,21,"","",""
0,"Z Kighelman, D Damjanovic, N Setter","Self polarization in relaxor Pb(Mg1/3/Nb2/3O3 thin films",2000,"Applications of Ferroelectrics, 2000. ISAF 2000. Proceedings of the 2000 …","","","https://scholar.google.com",284,"2023-03-01 18:54:13","Conference paper","","","https://scholar.google.com/citations?view_op=view_citation&hl=en&user=aGW8lg8AAAAJ&cstart=200&pagesize=100&citation_for_view=aGW8lg8AAAAJ:b1wdh0AR-JQC",,,,,0,0.00,0,3,23,"","",""
0,"P DURAN-MARTIN, C VOISARD, D DAMJANOVIC, N SETTER","Study and control of the conductivity of Nb-doped Bi",1999,"Boletín de la Sociedad Española de Cerámica y Vidrio","","","https://scholar.google.com",285,"2023-03-01 18:54:13","Journal article","","","https://scholar.google.com/citations?view_op=view_citation&hl=en&user=aGW8lg8AAAAJ&cstart=200&pagesize=100&citation_for_view=aGW8lg8AAAAJ:ipzZ9siozwsC",38,6,583,583,0,0.00,0,4,24,"","",""
0,"D Damjanovic, E Colla, N Setter","Proceedings of The Fourth European Conference on Applications of Polar Dielectrics (ECAPD-IV)-Part III of III-Montreux, Switzerland-August 24-27, 1998-Guest editorial",1999,"Ferroelectrics 225, XXV-XXV","","","https://scholar.google.com",286,"2023-03-01 18:54:13","","","","https://scholar.google.com/citations?view_op=view_citation&hl=en&user=aGW8lg8AAAAJ&cstart=200&pagesize=100&citation_for_view=aGW8lg8AAAAJ:zLWjf1WUPmwC",,,,,0,0.00,0,3,24,"","",""
0,"D Damjanovic, F Chu, DV Taylor, MD Maeder, L Sagalowicz, PD Martín, ...","Ingeniería de propiedades piezoeléctrias en cerámicas y láminas delgadas ferroeléctricas",1999,"Boletín de la Sociedad Española de Cerámica y Vidrio","","","https://scholar.google.com",287,"2023-03-01 18:54:13","Journal article","","","https://scholar.google.com/citations?view_op=view_citation&hl=en&user=aGW8lg8AAAAJ&cstart=200&pagesize=100&citation_for_view=aGW8lg8AAAAJ:0KyAp5RtaNEC",38,6,538,544,0,0.00,0,7,24,"","",""
0,"D Damjanovic, AS Bhalla, LE Cross, S Erhan, A Reddy","Dielectric and pyroelectric properties of a new family of modified polypeptide films",1990,"[Proceedings] 1990 IEEE 7th International Symposium on Applications of …","","","https://scholar.google.com",288,"2023-03-01 18:54:13","Conference paper","","","https://scholar.google.com/citations?view_op=view_citation&hl=en&user=aGW8lg8AAAAJ&cstart=200&pagesize=100&citation_for_view=aGW8lg8AAAAJ:vbGhcppDl1QC",,,,,0,0.00,0,5,33,"","",""
