Cites,Authors,Title,Year,Source,Publisher,ArticleURL,CitesURL,GSRank,QueryDate,Type,DOI,ISSN,CitationURL,Volume,Issue,StartPage,EndPage,ECC,CitesPerYear,CitesPerAuthor,AuthorCount,Age,Abstract,FullTextURL,RelatedURL
1205,"Q Wang, S Ito, M Grätzel, F Fabregat-Santiago, I Mora-Sero, J Bisquert, ...","Characteristics of high efficiency dye-sensitized solar cells",2006,"The Journal of Physical Chemistry B","","","https://scholar.google.com/scholar?oi=bibs&hl=en&cites=12137968097880975758",1,"2023-03-01 18:58:17","Journal article","","","https://scholar.google.com/citations?view_op=view_citation&hl=en&user=35ZnYEUAAAAJ&pagesize=100&citation_for_view=35ZnYEUAAAAJ:u5HHmVD_uO8C",110,50,25210,25221,1205,70.88,172,7,17,"","",""
1199,"F Fabregat-Santiago, G Garcia-Belmonte, I Mora-Sero, J Bisquert","Characterization of nanostructured hybrid and organic solar cells by impedance spectroscopy",2011,"Physical chemistry chemical physics","","","https://scholar.google.com/scholar?oi=bibs&hl=en&cites=6076860346961239654",2,"2023-03-01 18:58:17","Journal article","","","https://scholar.google.com/citations?view_op=view_citation&hl=en&user=35ZnYEUAAAAJ&pagesize=100&citation_for_view=35ZnYEUAAAAJ:zYLM7Y9cAGgC",13,20,9083,9118,1199,99.92,300,4,12,"","",""
1157,"JTW Wang, JM Ball, EM Barea, A Abate, JA Alexander-Webber, J Huang, ...","Low-Temperature Processed Electron Collection Layers of Graphene/TiO2 Nanocomposites in Thin Film Perovskite Solar Cells",2014,"Nano letters","","","https://scholar.google.com/scholar?oi=bibs&hl=en&cites=15149965561158808010",3,"2023-03-01 18:58:17","Journal article","","","https://scholar.google.com/citations?view_op=view_citation&hl=en&user=35ZnYEUAAAAJ&pagesize=100&citation_for_view=35ZnYEUAAAAJ:4OULZ7Gr8RgC",14,2,724,730,1157,128.56,165,7,9,"","",""
956,"J Bisquert, A Zaban, M Greenshtein, I Mora-Seró","Determination of rate constants for charge transfer and the distribution of semiconductor and electrolyte electronic energy levels in dye-sensitized solar cells by open-circuit …",2004,"Journal of the American Chemical Society","","","https://scholar.google.com/scholar?oi=bibs&hl=en&cites=10727998071996991129",4,"2023-03-01 18:58:17","Journal article","","","https://scholar.google.com/citations?view_op=view_citation&hl=en&user=35ZnYEUAAAAJ&pagesize=100&citation_for_view=35ZnYEUAAAAJ:u-x6o8ySG0sC",126,41,13550,13559,956,50.32,239,4,19,"","",""
906,"HS Kim, I Mora-Sero, V Gonzalez-Pedro, F Fabregat-Santiago, ...","Mechanism of carrier accumulation in perovskite thin-absorber solar cells",2013,"Nature communications","","","https://scholar.google.com/scholar?oi=bibs&hl=en&cites=2568494077973634073",5,"2023-03-01 18:58:17","Journal article","","","https://scholar.google.com/citations?view_op=view_citation&hl=en&user=35ZnYEUAAAAJ&pagesize=100&citation_for_view=35ZnYEUAAAAJ:RGFaLdJalmkC",4,1,2242,2242,906,90.60,181,5,10,"","",""
873,"V Gonzalez-Pedro, EJ Juarez-Perez, WS Arsyad, EM Barea, ...","General Working Principles of CH3NH3PbX3 Perovskite Solar Cells",2014,"Nano letters","","","https://scholar.google.com/scholar?oi=bibs&hl=en&cites=14614310408072145263",6,"2023-03-01 18:58:17","Journal article","","","https://scholar.google.com/citations?view_op=view_citation&hl=en&user=35ZnYEUAAAAJ&pagesize=100&citation_for_view=35ZnYEUAAAAJ:D03iK_w7-QYC",14,2,888,893,873,97.00,175,5,9,"","",""
825,"I Mora-Sero, S Giménez, F Fabregat-Santiago, R Gómez, Q Shen, ...","Recombination in quantum dot sensitized solar cells",2009,"Accounts of chemical research","","","https://scholar.google.com/scholar?oi=bibs&hl=en&cites=3249729275125586382",7,"2023-03-01 18:58:17","Journal article","","","https://scholar.google.com/citations?view_op=view_citation&hl=en&user=35ZnYEUAAAAJ&pagesize=100&citation_for_view=35ZnYEUAAAAJ:d1gkVwhDpl0C",42,11,1848,1857,825,58.93,138,6,14,"","",""
823,"J Bisquert, F Fabregat-Santiago, I Mora-Sero, G Garcia-Belmonte, ...","Electron lifetime in dye-sensitized solar cells: theory and interpretation of measurements",2009,"The Journal of Physical Chemistry C","","","https://scholar.google.com/scholar?oi=bibs&hl=en&cites=5406430202103513837",8,"2023-03-01 18:58:17","Journal article","","","https://scholar.google.com/citations?view_op=view_citation&hl=en&user=35ZnYEUAAAAJ&pagesize=100&citation_for_view=35ZnYEUAAAAJ:9yKSN-GCB0IC",113,40,17278,17290,823,58.79,165,5,14,"","",""
760,"Y Bai, I Mora-Sero, F De Angelis, J Bisquert, P Wang","Titanium dioxide nanomaterials for photovoltaic applications",2014,"Chemical reviews","","","https://scholar.google.com/scholar?oi=bibs&hl=en&cites=14098625210617024075",9,"2023-03-01 18:58:17","Journal article","","","https://scholar.google.com/citations?view_op=view_citation&hl=en&user=35ZnYEUAAAAJ&pagesize=100&citation_for_view=35ZnYEUAAAAJ:EUQCXRtRnyEC",114,19,10095,10130,760,84.44,152,5,9,"","",""
749,"EJ Juarez-Perez, RS Sanchez, L Badia, G Garcia-Belmonte, YS Kang, ...","Photoinduced giant dielectric constant in lead halide perovskite solar cells",2014,"The journal of physical chemistry letters","","","https://scholar.google.com/scholar?oi=bibs&hl=en&cites=173299885332839306",10,"2023-03-01 18:58:17","Journal article","","","https://scholar.google.com/citations?view_op=view_citation&hl=en&user=35ZnYEUAAAAJ&pagesize=100&citation_for_view=35ZnYEUAAAAJ:dshw04ExmUIC",5,13,2390,2394,749,83.22,125,6,9,"","",""
684,"RS Sanchez, V Gonzalez-Pedro, JW Lee, NG Park, YS Kang, I Mora-Sero, ...","Slow dynamic processes in lead halide perovskite solar cells. Characteristic times and hysteresis",2014,"The journal of physical chemistry letters","","","https://scholar.google.com/scholar?oi=bibs&hl=en&cites=7182367354463346827",11,"2023-03-01 18:58:17","Journal article","","","https://scholar.google.com/citations?view_op=view_citation&hl=en&user=35ZnYEUAAAAJ&pagesize=100&citation_for_view=35ZnYEUAAAAJ:KxtntwgDAa4C",5,13,2357,2363,684,76.00,98,7,9,"","",""
664,"V González-Pedro, X Xu, I Mora-Sero, J Bisquert","Modeling high-efficiency quantum dot sensitized solar cells",2010,"ACS nano","","","https://scholar.google.com/scholar?oi=bibs&hl=en&cites=8515583876888866944",12,"2023-03-01 18:58:17","Journal article","","","https://scholar.google.com/citations?view_op=view_citation&hl=en&user=35ZnYEUAAAAJ&pagesize=100&citation_for_view=35ZnYEUAAAAJ:UeHWp8X0CEIC",4,10,5783,5790,664,51.08,166,4,13,"","",""
637,"EJ Juarez-Perez, M Wuβler, F Fabregat-Santiago, K Lakus-Wollny, ...","Role of the selective contacts in the performance of lead halide perovskite solar cells",2014,"The journal of physical chemistry letters","","","https://scholar.google.com/scholar?oi=bibs&hl=en&cites=12557113671651666201",13,"2023-03-01 18:58:17","Journal article","","","https://scholar.google.com/citations?view_op=view_citation&hl=en&user=35ZnYEUAAAAJ&pagesize=100&citation_for_view=35ZnYEUAAAAJ:pyW8ca7W8N0C",5,4,680,685,637,70.78,127,5,9,"","",""
609,"Z Pan, I Mora-Seró, Q Shen, H Zhang, Y Li, K Zhao, J Wang, X Zhong, ...","High-efficiency “green” quantum dot solar cells",2014,"Journal of the American Chemical Society","","","https://scholar.google.com/scholar?oi=bibs&hl=en&cites=10642727368475302051,8703756315431901041",14,"2023-03-01 18:58:17","Journal article","","","https://scholar.google.com/citations?view_op=view_citation&hl=en&user=35ZnYEUAAAAJ&pagesize=100&citation_for_view=35ZnYEUAAAAJ:xtRiw3GOFMkC",136,25,9203,9210,609,67.67,68,9,9,"","",""
543,"I Mora-Seró, J Bisquert","Breakthroughs in the development of semiconductor-sensitized solar cells",2010,"The journal of physical chemistry letters","","","https://scholar.google.com/scholar?oi=bibs&hl=en&cites=8876782844738968522",15,"2023-03-01 18:58:17","Journal article","","","https://scholar.google.com/citations?view_op=view_citation&hl=en&user=35ZnYEUAAAAJ&pagesize=100&citation_for_view=35ZnYEUAAAAJ:2osOgNQ5qMEC",1,20,3046,3052,543,41.77,272,2,13,"","",""
475,"O Almora, I Zarazua, E Mas-Marza, I Mora-Sero, J Bisquert, ...","Capacitive dark currents, hysteresis, and electrode polarization in lead halide perovskite solar cells",2015,"The journal of physical chemistry letters","","","https://scholar.google.com/scholar?oi=bibs&hl=en&cites=5710665396851856181",16,"2023-03-01 18:58:17","Journal article","","","https://scholar.google.com/citations?view_op=view_citation&hl=en&user=35ZnYEUAAAAJ&pagesize=100&citation_for_view=35ZnYEUAAAAJ:sSrBHYA8nusC",6,9,1645,1652,475,59.38,79,6,8,"","",""
453,"B Suarez, V Gonzalez-Pedro, TS Ripolles, RS Sanchez, L Otero, ...","Recombination study of combined halides (Cl, Br, I) perovskite solar cells",2014,"The journal of physical chemistry letters","","","https://scholar.google.com/scholar?oi=bibs&hl=en&cites=15506999186805750937",17,"2023-03-01 18:58:17","Journal article","","","https://scholar.google.com/citations?view_op=view_citation&hl=en&user=35ZnYEUAAAAJ&pagesize=100&citation_for_view=35ZnYEUAAAAJ:abG-DnoFyZgC",5,10,1628,1635,453,50.33,76,6,9,"","",""
450,"S Giménez, I Mora-Seró, L Macor, N Guijarro, T Lana-Villarreal, R Gómez, ...","Improving the performance of colloidal quantum-dot-sensitized solar cells",2009,"Nanotechnology","","","https://scholar.google.com/scholar?oi=bibs&hl=en&cites=9626270777833805127",18,"2023-03-01 18:58:17","Journal article","","","https://scholar.google.com/citations?view_op=view_citation&hl=en&user=35ZnYEUAAAAJ&pagesize=100&citation_for_view=35ZnYEUAAAAJ:IjCSPb-OGe4C",20,29,295204,295204,450,32.14,64,7,14,"","",""
437,"J Wang, I Mora-Seró, Z Pan, K Zhao, H Zhang, Y Feng, G Yang, X Zhong, ...","Core/shell colloidal quantum dot exciplex states for the development of highly efficient quantum-dot-sensitized solar cells",2013,"Journal of the American Chemical Society","","","https://scholar.google.com/scholar?oi=bibs&hl=en&cites=11591987119691953098",19,"2023-03-01 18:58:17","Journal article","","","https://scholar.google.com/citations?view_op=view_citation&hl=en&user=35ZnYEUAAAAJ&pagesize=100&citation_for_view=35ZnYEUAAAAJ:zA6iFVUQeVQC",135,42,15913,15922,437,43.70,49,9,10,"","",""
428,"A Dey, J Ye, A De, E Debroye, SK Ha, E Bladt, AS Kshirsagar, Z Wang, ...","State of the art and prospects for halide perovskite nanocrystals",2021,"ACS nano","","","https://scholar.google.com/scholar?oi=bibs&hl=en&cites=1412199715287252572",20,"2023-03-01 18:58:17","Journal article","","","https://scholar.google.com/citations?view_op=view_citation&hl=en&user=35ZnYEUAAAAJ&pagesize=100&citation_for_view=35ZnYEUAAAAJ:BJbdYPG6LGMC",15,7,10775,10981,428,214.00,48,9,2,"","",""
418,"A Guerrero, G Garcia-Belmonte, I Mora-Sero, J Bisquert, YS Kang, ...","Properties of contact and bulk impedances in hybrid lead halide perovskite solar cells including inductive loop elements",2016,"The Journal of Physical Chemistry C","","","https://scholar.google.com/scholar?oi=bibs&hl=en&cites=17947990242680179721",21,"2023-03-01 18:58:17","Journal article","","","https://scholar.google.com/citations?view_op=view_citation&hl=en&user=35ZnYEUAAAAJ&pagesize=100&citation_for_view=35ZnYEUAAAAJ:eMMeJKvmdy0C",120,15,8023,8032,418,59.71,70,6,7,"","",""
415,"F Fabregat-Santiago, I Mora-Seró, G Garcia-Belmonte, J Bisquert","Cyclic voltammetry studies of nanoporous semiconductors. Capacitive and reactive properties of nanocrystalline TiO2 electrodes in aqueous electrolyte",2003,"The Journal of Physical Chemistry B","","","https://scholar.google.com/scholar?oi=bibs&hl=en&cites=2072228498825001065",22,"2023-03-01 18:58:17","Journal article","","","https://scholar.google.com/citations?view_op=view_citation&hl=en&user=35ZnYEUAAAAJ&pagesize=100&citation_for_view=35ZnYEUAAAAJ:qjMakFHDy7sC",107,3,758,768,415,20.75,104,4,20,"","",""
394,"K Zhao, Z Pan, I Mora-Seró, E Cánovas, H Wang, Y Song, X Gong, ...","Boosting power conversion efficiencies of quantum-dot-sensitized solar cells beyond 8% by recombination control",2015,"Journal of the American Chemical Society","","","https://scholar.google.com/scholar?oi=bibs&hl=en&cites=14140475158040200261",23,"2023-03-01 18:58:17","Journal article","","","https://scholar.google.com/citations?view_op=view_citation&hl=en&user=35ZnYEUAAAAJ&pagesize=100&citation_for_view=35ZnYEUAAAAJ:B3FOqHPlNUQC",137,16,5602,5609,394,49.25,49,8,8,"","",""
376,"N Guijarro, T Lana-Villarreal, I Mora-Seró, J Bisquert, R Gómez","CdSe Quantum Dot-Sensitized TiO2 Electrodes: Effect of Quantum Dot Coverage and Mode of Attachment",2009,"The Journal of Physical Chemistry C","","","https://scholar.google.com/scholar?oi=bibs&hl=en&cites=4836953421863238595",24,"2023-03-01 18:58:17","Journal article","","","https://scholar.google.com/citations?view_op=view_citation&hl=en&user=35ZnYEUAAAAJ&pagesize=100&citation_for_view=35ZnYEUAAAAJ:Tyk-4Ss8FVUC",113,10,4208,4214,376,26.86,75,5,14,"","",""
372,"I Zarazua, G Han, PP Boix, S Mhaisalkar, F Fabregat-Santiago, ...","Surface recombination and collection efficiency in perovskite solar cells from impedance analysis",2016,"The journal of physical chemistry letters","","","https://scholar.google.com/scholar?oi=bibs&hl=en&cites=3831253233786560453",25,"2023-03-01 18:58:17","Journal article","","","https://scholar.google.com/citations?view_op=view_citation&hl=en&user=35ZnYEUAAAAJ&pagesize=100&citation_for_view=35ZnYEUAAAAJ:1yQoGdGgb4wC",7,24,5105,5113,372,53.14,62,6,7,"","",""
353,"J Bisquert, I Mora-Seró","Simulation of steady-state characteristics of dye-sensitized solar cells and the interpretation of the diffusion length",2010,"The Journal of Physical Chemistry Letters","","","https://scholar.google.com/scholar?oi=bibs&hl=en&cites=17450865997297338571",26,"2023-03-01 18:58:17","Journal article","","","https://scholar.google.com/citations?view_op=view_citation&hl=en&user=35ZnYEUAAAAJ&pagesize=100&citation_for_view=35ZnYEUAAAAJ:Y0pCki6q_DkC",1,1,450,456,353,27.15,177,2,13,"","",""
344,"J Bisquert, F Fabregat-Santiago, I Mora-Seró, G Garcia-Belmonte, ...","A review of recent results on electrochemical determination of the density of electronic states of nanostructured metal-oxide semiconductors and organic hole conductors",2008,"Inorganica Chimica Acta","","","https://scholar.google.com/scholar?oi=bibs&hl=en&cites=14429160754480807097",27,"2023-03-01 18:58:17","Journal article","","","https://scholar.google.com/citations?view_op=view_citation&hl=en&user=35ZnYEUAAAAJ&pagesize=100&citation_for_view=35ZnYEUAAAAJ:YsMSGLbcyi4C",361,3,684,698,344,22.93,69,5,15,"","",""
315,"I Mora-Seró, F Fabregat-Santiago, B Denier, J Bisquert, R Tena-Zaera, ...","Determination of carrier density of ZnO nanowires by electrochemical techniques",2006,"Applied physics letters","","","https://scholar.google.com/scholar?oi=bibs&hl=en&cites=15844931497753476339",28,"2023-03-01 18:58:17","Journal article","","","https://scholar.google.com/citations?view_op=view_citation&hl=en&user=35ZnYEUAAAAJ&pagesize=100&citation_for_view=35ZnYEUAAAAJ:W7OEmFMy1HYC",89,20,203117,203117,315,18.53,53,6,17,"","",""
309,"Z Pan, H Rao, I Mora-Seró, J Bisquert, X Zhong","Quantum dot-sensitized solar cells",2018,"Chemical Society Reviews","","","https://scholar.google.com/scholar?oi=bibs&hl=en&cites=15182825697279271453",29,"2023-03-01 18:58:17","Journal article","","","https://scholar.google.com/citations?view_op=view_citation&hl=en&user=35ZnYEUAAAAJ&pagesize=100&citation_for_view=35ZnYEUAAAAJ:PoWvk5oyLR8C",47,20,7659,7702,309,61.80,62,5,5,"","",""
285,"I Mora-Seró, S Giménez, T Moehl, F Fabregat-Santiago, T Lana-Villareal, ...","Factors determining the photovoltaic performance of a CdSe quantum dot sensitized solar cell: the role of the linker molecule and of the counter electrode",2008,"Nanotechnology","","","https://scholar.google.com/scholar?oi=bibs&hl=en&cites=16399381408939717323",30,"2023-03-01 18:58:17","Journal article","","","https://scholar.google.com/citations?view_op=view_citation&hl=en&user=35ZnYEUAAAAJ&pagesize=100&citation_for_view=35ZnYEUAAAAJ:WF5omc3nYNoC",19,42,424007,424007,285,19.00,48,6,15,"","",""
283,"A Fakharuddin, L Schmidt‐Mende, G Garcia‐Belmonte, R Jose, ...","Interfaces in perovskite solar cells",2017,"Advanced Energy Materials","","","https://scholar.google.com/scholar?oi=bibs&hl=en&cites=17844719513217832023",31,"2023-03-01 18:58:17","Journal article","","","https://scholar.google.com/citations?view_op=view_citation&hl=en&user=35ZnYEUAAAAJ&pagesize=100&citation_for_view=35ZnYEUAAAAJ:0KyAp5RtaNEC",7,22,1700623,1700623,283,47.17,57,5,6,"","",""
283,"I Mora-Seró, J Bisquert, F Fabregat-Santiago, G Garcia-Belmonte, ...","Implications of the negative capacitance observed at forward bias in nanocomposite and polycrystalline solar cells",2006,"Nano Letters","","","https://scholar.google.com/scholar?oi=bibs&hl=en&cites=9542329893436219428",32,"2023-03-01 18:58:17","Journal article","","","https://scholar.google.com/citations?view_op=view_citation&hl=en&user=35ZnYEUAAAAJ&pagesize=100&citation_for_view=35ZnYEUAAAAJ:ufrVoPGSRksC",6,4,640,650,283,16.65,57,5,17,"","",""
279,"A Braga, S Giménez, I Concina, A Vomiero, I Mora-Seró","Panchromatic Sensitized Solar Cells Based on Metal Sulfide Quantum Dots Grown Directly on Nanostructured TiO2 Electrodes",2011,"The Journal of Physical Chemistry Letters","","","https://scholar.google.com/scholar?oi=bibs&hl=en&cites=2249685106239712220",33,"2023-03-01 18:58:17","Journal article","","","https://scholar.google.com/citations?view_op=view_citation&hl=en&user=35ZnYEUAAAAJ&pagesize=100&citation_for_view=35ZnYEUAAAAJ:_FxGoFyzp5QC",2,5,454,460,279,23.25,56,5,12,"","",""
275,"EM Barea, M Shalom, S Giménez, I Hod, I Mora-Seró, A Zaban, J Bisquert","Design of injection and recombination in quantum dot sensitized solar cells",2010,"Journal of the American Chemical Society","","","https://scholar.google.com/scholar?oi=bibs&hl=en&cites=10888340705827773299",34,"2023-03-01 18:58:17","Journal article","","","https://scholar.google.com/citations?view_op=view_citation&hl=en&user=35ZnYEUAAAAJ&pagesize=100&citation_for_view=35ZnYEUAAAAJ:eQOLeE2rZwMC",132,19,6834,6839,275,21.15,39,7,13,"","",""
267,"I Mora-Sero, G Garcia-Belmonte, PP Boix, MA Vazquez, J Bisquert","Impedance spectroscopy characterisation of highly efficient silicon solar cells under different light illumination intensities",2009,"Energy &Environmental Science","","","https://scholar.google.com/scholar?oi=bibs&hl=en&cites=4002591734987812773",35,"2023-03-01 18:58:17","Journal article","","","https://scholar.google.com/citations?view_op=view_citation&hl=en&user=35ZnYEUAAAAJ&pagesize=100&citation_for_view=35ZnYEUAAAAJ:MXK_kJrjxJIC",2,6,678,686,267,19.07,53,5,14,"","",""
259,"OA Jaramillo-Quintero, RS Sanchez, M Rincon, I Mora-Sero","Bright visible-infrared light emitting diodes based on hybrid halide perovskite with Spiro-OMeTAD as a hole-injecting layer",2015,"The journal of physical chemistry letters","","","https://scholar.google.com/scholar?oi=bibs&hl=en&cites=9766749639444773006",36,"2023-03-01 18:58:17","Journal article","","","https://scholar.google.com/citations?view_op=view_citation&hl=en&user=35ZnYEUAAAAJ&pagesize=100&citation_for_view=35ZnYEUAAAAJ:8AbLer7MMksC",6,10,1883,1890,259,32.38,65,4,8,"","",""
244,"S Jiao, Q Shen, I Mora-Sero, J Wang, Z Pan, K Zhao, Y Kuga, X Zhong, ...","Band engineering in core/shell ZnTe/CdSe for photovoltage and efficiency enhancement in exciplex quantum dot sensitized solar cells",2015,"ACS nano","","","https://scholar.google.com/scholar?oi=bibs&hl=en&cites=14409173418580246861",37,"2023-03-01 18:58:17","Journal article","","","https://scholar.google.com/citations?view_op=view_citation&hl=en&user=35ZnYEUAAAAJ&pagesize=100&citation_for_view=35ZnYEUAAAAJ:WbkHhVStYXYC",9,1,908,915,244,30.50,27,9,8,"","",""
235,"V Pfeifer, P Erhart, S Li, K Rachut, J Morasch, J Brötz, P Reckers, ...","Energy Band Alignment between Anatase and Rutile TiO2",2013,"The Journal of Physical Chemistry Letters","","","https://scholar.google.com/scholar?oi=bibs&hl=en&cites=6593923720656092152",38,"2023-03-01 18:58:17","Journal article","","","https://scholar.google.com/citations?view_op=view_citation&hl=en&user=35ZnYEUAAAAJ&pagesize=100&citation_for_view=35ZnYEUAAAAJ:u_35RYKgDlwC",4,23,4182,4187,235,23.50,29,8,10,"","",""
206,"A Guerrero, EJ Juarez-Perez, J Bisquert, I Mora-Sero, G Garcia-Belmonte","Electrical field profile and doping in planar lead halide perovskite solar cells",2014,"Applied Physics Letters","","","https://scholar.google.com/scholar?oi=bibs&hl=en&cites=9211031273422173879",39,"2023-03-01 18:58:17","Journal article","","","https://scholar.google.com/citations?view_op=view_citation&hl=en&user=35ZnYEUAAAAJ&pagesize=100&citation_for_view=35ZnYEUAAAAJ:p2g8aNsByqUC",105,13,133902,133902,206,22.89,41,5,9,"","",""
204,"S Chavhan, O Miguel, HJ Grande, V Gonzalez-Pedro, RS Sánchez, ...","Organo-metal halide perovskite-based solar cells with CuSCN as the inorganic hole selective contact",2014,"Journal of materials chemistry A","","","https://scholar.google.com/scholar?oi=bibs&hl=en&cites=10947710302010433297",40,"2023-03-01 18:58:17","Journal article","","","https://scholar.google.com/citations?view_op=view_citation&hl=en&user=35ZnYEUAAAAJ&pagesize=100&citation_for_view=35ZnYEUAAAAJ:CHSYGLWDkRkC",2,32,12754,12760,204,22.67,34,6,9,"","",""
203,"PP Boix, G Larramona, A Jacob, B Delatouche, I Mora-Sero, J Bisquert","Hole Transport and Recombination in All-Solid Sb2S3-Sensitized TiO2 Solar Cells Using CuSCN As Hole Transporter",2012,"The Journal of Physical Chemistry C","","","https://scholar.google.com/scholar?oi=bibs&hl=en&cites=6954055896108060839",41,"2023-03-01 18:58:17","Journal article","","","https://scholar.google.com/citations?view_op=view_citation&hl=en&user=35ZnYEUAAAAJ&pagesize=100&citation_for_view=35ZnYEUAAAAJ:4DMP91E08xMC",116,1,1579,1587,203,18.45,34,6,11,"","",""
202,"J Bisquert, L Bertoluzzi, I Mora-Sero, G Garcia-Belmonte","Theory of impedance and capacitance spectroscopy of solar cells with dielectric relaxation, drift-diffusion transport, and recombination",2014,"The Journal of Physical Chemistry C","","","https://scholar.google.com/scholar?oi=bibs&hl=en&cites=3706497535247394258",42,"2023-03-01 18:58:17","Journal article","","","https://scholar.google.com/citations?view_op=view_citation&hl=en&user=35ZnYEUAAAAJ&pagesize=100&citation_for_view=35ZnYEUAAAAJ:uWQEDVKXjbEC",118,33,18983,18991,202,22.44,51,4,9,"","",""
201,"Z Ren, J Wang, Z Pan, K Zhao, H Zhang, Y Li, Y Zhao, I Mora-Sero, ...","Amorphous TiO2 Buffer Layer Boosts Efficiency of Quantum Dot Sensitized Solar Cells to over 9%",2015,"Chemistry of Materials","","","https://scholar.google.com/scholar?oi=bibs&hl=en&cites=13279847787291695946",43,"2023-03-01 18:58:17","Journal article","","","https://scholar.google.com/citations?view_op=view_citation&hl=en&user=35ZnYEUAAAAJ&pagesize=100&citation_for_view=35ZnYEUAAAAJ:kRWSkSYxWN8C",27,24,8398,8405,201,25.13,22,9,8,"","",""
183,"PP Boix, YH Lee, F Fabregat-Santiago, SH Im, I Mora-Sero, J Bisquert, ...","From flat to nanostructured photovoltaics: balance between thickness of the absorber and charge screening in sensitized solar cells",2012,"ACS nano","","","https://scholar.google.com/scholar?oi=bibs&hl=en&cites=365847001812526258",44,"2023-03-01 18:58:17","Journal article","","","https://scholar.google.com/citations?view_op=view_citation&hl=en&user=35ZnYEUAAAAJ&pagesize=100&citation_for_view=35ZnYEUAAAAJ:dhFuZR0502QC",6,1,873,880,183,16.64,26,7,11,"","",""
176,"V Jovanovski, V González-Pedro, S Giménez, E Azaceta, G Cabañero, ...","A sulfide/polysulfide-based ionic liquid electrolyte for quantum dot-sensitized solar cells",2011,"Journal of the American Chemical Society","","","https://scholar.google.com/scholar?oi=bibs&hl=en&cites=8260453534114058462",45,"2023-03-01 18:58:17","Journal article","","","https://scholar.google.com/citations?view_op=view_citation&hl=en&user=35ZnYEUAAAAJ&pagesize=100&citation_for_view=35ZnYEUAAAAJ:4TOpqqG69KYC",133,50,20156,20159,176,14.67,29,6,12,"","",""
164,"R Trevisan, M Döbbelin, PP Boix, EM Barea, R Tena‐Zaera, I Mora‐Seró, ...","PEDOT nanotube arrays as high performing counter electrodes for dye sensitized solar cells. Study of the interactions among electrolytes and counter electrodes",2011,"Advanced Energy Materials","","","https://scholar.google.com/scholar?oi=bibs&hl=en&cites=9223270310454112018",46,"2023-03-01 18:58:17","Journal article","","","https://scholar.google.com/citations?view_op=view_citation&hl=en&user=35ZnYEUAAAAJ&pagesize=100&citation_for_view=35ZnYEUAAAAJ:KlAtU1dfN6UC",1,5,781,784,164,13.67,23,7,12,"","",""
161,"I Hod, V González-Pedro, Z Tachan, F Fabregat-Santiago, I Mora-Seró, ...","Dye versus quantum dots in sensitized solar cells: participation of quantum dot absorber in the recombination process",2011,"The Journal of Physical Chemistry Letters","","","https://scholar.google.com/scholar?oi=bibs&hl=en&cites=17218733998239304468",47,"2023-03-01 18:58:17","Journal article","","","https://scholar.google.com/citations?view_op=view_citation&hl=en&user=35ZnYEUAAAAJ&pagesize=100&citation_for_view=35ZnYEUAAAAJ:qxL8FJ1GzNcC",2,24,3032,3035,161,13.42,27,6,12,"","",""
159,"FK Aldibaja, L Badia, E Mas-Marzá, RS Sánchez, EM Barea, I Mora-Sero","Effect of different lead precursors on perovskite solar cell performance and stability",2015,"Journal of Materials Chemistry A","","","https://scholar.google.com/scholar?oi=bibs&hl=en&cites=1943018811470819384",48,"2023-03-01 18:58:17","Journal article","","","https://scholar.google.com/citations?view_op=view_citation&hl=en&user=35ZnYEUAAAAJ&pagesize=100&citation_for_view=35ZnYEUAAAAJ:XiSMed-E-HIC",3,17,9194,9200,159,19.88,27,6,8,"","",""
159,"I Mora-Seró, J Bisquert","Fermi Level of Surface States in TiO2 Nanoparticles",2003,"Nano Letters","","","https://scholar.google.com/scholar?oi=bibs&hl=en&cites=1504223286869067955",49,"2023-03-01 18:58:17","Journal article","","","https://scholar.google.com/citations?view_op=view_citation&hl=en&user=35ZnYEUAAAAJ&pagesize=100&citation_for_view=35ZnYEUAAAAJ:roLk4NBRz8UC",3,7,945,949,159,7.95,80,2,20,"","",""
158,"V González-Pedro, C Sima, G Marzari, PP Boix, S Giménez, Q Shen, ...","High performance PbS Quantum Dot Sensitized Solar Cells exceeding 4% efficiency: the role of metal precursors in the electron injection and charge separation",2013,"Physical Chemistry Chemical Physics","","","https://scholar.google.com/scholar?oi=bibs&hl=en&cites=2767360003668589993",50,"2023-03-01 18:58:17","Journal article","","","https://scholar.google.com/citations?view_op=view_citation&hl=en&user=35ZnYEUAAAAJ&pagesize=100&citation_for_view=35ZnYEUAAAAJ:NMxIlDl6LWMC",15,33,13835,13843,158,15.80,23,7,10,"","",""
143,"S Masi, AF Gualdrón-Reyes, I Mora-Sero","Stabilization of Black Perovskite Phase in FAPbI3 and CsPbI3",2020,"ACS Energy Letters","","","https://scholar.google.com/scholar?oi=bibs&hl=en&cites=2866948895434916166",51,"2023-03-01 18:58:17","Journal article","","","https://scholar.google.com/citations?view_op=view_citation&hl=en&user=35ZnYEUAAAAJ&pagesize=100&citation_for_view=35ZnYEUAAAAJ:QYdC8u9Cj1oC",5,6,1974,1985,143,47.67,48,3,3,"","",""
134,"D Gross, I Mora-Sero, T Dittrich, A Belaidi, C Mauser, AJ Houtepen, ...","Charge separation in type II tunneling multilayered structures of CdTe and CdSe nanocrystals directly proven by surface photovoltage spectroscopy",2010,"Journal of the American Chemical Society","","","https://scholar.google.com/scholar?oi=bibs&hl=en&cites=5640846444042589902",52,"2023-03-01 18:58:17","Journal article","","","https://scholar.google.com/citations?view_op=view_citation&hl=en&user=35ZnYEUAAAAJ&pagesize=100&citation_for_view=35ZnYEUAAAAJ:8k81kl-MbHgC",132,17,5981,5983,134,10.31,19,7,13,"","",""
128,"AF Gualdrón-Reyes, SJ Yoon, EM Barea, S Agouram, V Muñoz-Sanjosé, ...","Controlling the phase segregation in mixed halide perovskites through nanocrystal size",2018,"ACS Energy Letters","","","https://scholar.google.com/scholar?oi=bibs&hl=en&cites=9061053078291859225",53,"2023-03-01 18:58:17","Journal article","","","https://scholar.google.com/citations?view_op=view_citation&hl=en&user=35ZnYEUAAAAJ&pagesize=100&citation_for_view=35ZnYEUAAAAJ:i2xiXl-TujoC",4,1,54,62,128,25.60,21,6,5,"","",""
125,"T Kirchartz, J Bisquert, I Mora-Sero, G Garcia-Belmonte","Classification of solar cells according to mechanisms of charge separation and charge collection",2015,"Physical Chemistry Chemical Physics","","","https://scholar.google.com/scholar?oi=bibs&hl=en&cites=13597014380656321460",54,"2023-03-01 18:58:17","Journal article","","","https://scholar.google.com/citations?view_op=view_citation&hl=en&user=35ZnYEUAAAAJ&pagesize=100&citation_for_view=35ZnYEUAAAAJ:738O_yMBCRsC",17,6,4007,4014,125,15.63,31,4,8,"","",""
122,"J Bisquert, I Mora‐Sero, F Fabregat‐Santiago","Diffusion–recombination impedance model for solar cells with disorder and nonlinear recombination",2014,"ChemElectroChem","","","https://scholar.google.com/scholar?oi=bibs&hl=en&cites=13753905666621312383",55,"2023-03-01 18:58:17","Journal article","","","https://scholar.google.com/citations?view_op=view_citation&hl=en&user=35ZnYEUAAAAJ&pagesize=100&citation_for_view=35ZnYEUAAAAJ:rO6llkc54NcC",1,1,289,296,122,13.56,41,3,9,"","",""
119,"M Samadpour, PP Boix, S Gimenez, A Iraji Zad, N Taghavinia, ...","Fluorine Treatment of TiO2 for Enhancing Quantum Dot Sensitized Solar Cell Performance",2011,"The Journal of Physical Chemistry C","","","https://scholar.google.com/scholar?oi=bibs&hl=en&cites=9423817472893225542",56,"2023-03-01 18:58:17","Journal article","","","https://scholar.google.com/citations?view_op=view_citation&hl=en&user=35ZnYEUAAAAJ&pagesize=100&citation_for_view=35ZnYEUAAAAJ:Zph67rFs4hoC",115,29,14400,14407,119,9.92,20,6,12,"","",""
116,"L Bertoluzzi, RS Sanchez, L Liu, JW Lee, E Mas-Marza, H Han, NG Park, ...","Cooperative kinetics of depolarization in CH 3 NH 3 PbI 3 perovskite solar cells",2015,"Energy &Environmental Science","","","https://scholar.google.com/scholar?oi=bibs&hl=en&cites=11697311593056446545",57,"2023-03-01 18:58:17","Journal article","","","https://scholar.google.com/citations?view_op=view_citation&hl=en&user=35ZnYEUAAAAJ&pagesize=100&citation_for_view=35ZnYEUAAAAJ:K3LRdlH-MEoC",8,3,910,915,116,14.50,15,8,8,"","",""
114,"N Guijarro, Q Shen, S Giménez, I Mora-Seró, J Bisquert, T Lana-Villarreal, ...","Direct correlation between ultrafast injection and photoanode performance in quantum dot sensitized solar cells",2010,"The Journal of Physical Chemistry C","","","https://scholar.google.com/scholar?oi=bibs&hl=en&cites=14326596131679470918",58,"2023-03-01 18:58:17","Journal article","","","https://scholar.google.com/citations?view_op=view_citation&hl=en&user=35ZnYEUAAAAJ&pagesize=100&citation_for_view=35ZnYEUAAAAJ:hqOjcs7Dif8C",114,50,22352,22360,114,8.77,16,7,13,"","",""
112,"R Trevisan, P Rodenas, V Gonzalez-Pedro, C Sima, RS Sanchez, ...","Harnessing infrared photons for photoelectrochemical hydrogen generation. A PbS quantum dot based “quasi-artificial leaf”",2013,"The journal of physical chemistry letters","","","https://scholar.google.com/scholar?oi=bibs&hl=en&cites=10672392911505596230",59,"2023-03-01 18:58:17","Journal article","","","https://scholar.google.com/citations?view_op=view_citation&hl=en&user=35ZnYEUAAAAJ&pagesize=100&citation_for_view=35ZnYEUAAAAJ:GnPB-g6toBAC",4,1,141,146,112,11.20,19,6,10,"","",""
112,"I Mora-Sero, J Bisquert, T Dittrich, A Belaidi, AS Susha, AL Rogach","Photosensitization of TiO2 Layers with CdSe Quantum Dots:  Correlation between Light Absorption and Photoinjection",2007,"The Journal of Physical Chemistry C","","","https://scholar.google.com/scholar?oi=bibs&hl=en&cites=5299029039374804884",60,"2023-03-01 18:58:17","Journal article","","","https://scholar.google.com/citations?view_op=view_citation&hl=en&user=35ZnYEUAAAAJ&pagesize=100&citation_for_view=35ZnYEUAAAAJ:LkGwnXOMwfcC",111,40,14889,14892,112,7.00,19,6,16,"","",""
110,"L Contreras-Bernal, S Ramos-Terrón, A Riquelme, PP Boix, J Idígoras, ...","Impedance analysis of perovskite solar cells: a case study",2019,"Journal of Materials Chemistry A","","","https://scholar.google.com/scholar?oi=bibs&hl=en&cites=12851669146126685520",61,"2023-03-01 18:58:17","Journal article","","","https://scholar.google.com/citations?view_op=view_citation&hl=en&user=35ZnYEUAAAAJ&pagesize=100&citation_for_view=35ZnYEUAAAAJ:ClCfbGk0d_YC",7,19,12191,12200,110,27.50,18,6,4,"","",""
108,"MS de la Fuente, RS Sánchez, V González-Pedro, PP Boix, ...","Effect of organic and inorganic passivation in quantum-dot-sensitized solar cells",2013,"The journal of physical chemistry letters","","","https://scholar.google.com/scholar?oi=bibs&hl=en&cites=2891027367060232259",62,"2023-03-01 18:58:17","Journal article","","","https://scholar.google.com/citations?view_op=view_citation&hl=en&user=35ZnYEUAAAAJ&pagesize=100&citation_for_view=35ZnYEUAAAAJ:YFjsv_pBGBYC",4,9,1519,1525,108,10.80,22,5,10,"","",""
107,"J Zhang, EJ Juárez-Pérez, I Mora-Seró, B Viana, T Pauporté","Fast and low temperature growth of electron transport layers for efficient perovskite solar cells",2015,"Journal of Materials Chemistry A","","","https://scholar.google.com/scholar?oi=bibs&hl=en&cites=18304069752870552355",63,"2023-03-01 18:58:17","Journal article","","","https://scholar.google.com/citations?view_op=view_citation&hl=en&user=35ZnYEUAAAAJ&pagesize=100&citation_for_view=35ZnYEUAAAAJ:t7zJ5fGR-2UC",3,9,4909,4915,107,13.38,21,5,8,"","",""
105,"N Parsi Benehkohal, V González-Pedro, PP Boix, S Chavhan, ...","Colloidal PbS and PbSeS quantum dot sensitized solar cells prepared by electrophoretic deposition",2012,"The Journal of Physical Chemistry C","","","https://scholar.google.com/scholar?oi=bibs&hl=en&cites=11041838327020349124",64,"2023-03-01 18:58:17","Journal article","","","https://scholar.google.com/citations?view_op=view_citation&hl=en&user=35ZnYEUAAAAJ&pagesize=100&citation_for_view=35ZnYEUAAAAJ:TFP_iSt0sucC",116,31,16391,16397,105,9.55,21,5,11,"","",""
101,"P Rodenas, T Song, P Sudhagar, G Marzari, H Han, L Badia‐Bou, ...","Quantum dot based heterostructures for unassisted photoelectrochemical hydrogen generation",2013,"Advanced Energy Materials","","","https://scholar.google.com/scholar?oi=bibs&hl=en&cites=5956838666674462675",65,"2023-03-01 18:58:17","Journal article","","","https://scholar.google.com/citations?view_op=view_citation&hl=en&user=35ZnYEUAAAAJ&pagesize=100&citation_for_view=35ZnYEUAAAAJ:M3NEmzRMIkIC",3,2,176,182,101,10.10,14,7,10,"","",""
100,"D Cardenas-Morcoso, AF Gualdrón-Reyes, AB Ferreira Vitoreti, ...","Photocatalytic and photoelectrochemical degradation of organic compounds with all-inorganic metal halide perovskite quantum dots",2019,"The Journal of Physical Chemistry Letters","","","https://scholar.google.com/scholar?oi=bibs&hl=en&cites=11654333982653220400",66,"2023-03-01 18:58:17","Journal article","","","https://scholar.google.com/citations?view_op=view_citation&hl=en&user=35ZnYEUAAAAJ&pagesize=100&citation_for_view=35ZnYEUAAAAJ:HbR8gkJAVGIC",10,3,630,636,100,25.00,25,4,4,"","",""
99,"R Tena-Zaera, J Elias, C Lévy-Clément, C Bekeny, T Voss, I Mora-Seró, ...","Influence of the potassium chloride concentration on the physical properties of electrodeposited ZnO nanowire arrays",2008,"The Journal of Physical Chemistry C","","","https://scholar.google.com/scholar?oi=bibs&hl=en&cites=4882524678763143970",67,"2023-03-01 18:58:17","Journal article","","","https://scholar.google.com/citations?view_op=view_citation&hl=en&user=35ZnYEUAAAAJ&pagesize=100&citation_for_view=35ZnYEUAAAAJ:UebtZRa9Y70C",112,42,16318,16323,99,6.60,14,7,15,"","",""
98,"I Mora-Sero, TL Villarreal, J Bisquert, Á Pitarch, R Gomez, P Salvador","Photoelectrochemical Behavior of Nanostructured TiO2 Thin-Film Electrodes in Contact with Aqueous Electrolytes Containing Dissolved Pollutants:  A Model for …",2005,"The Journal of Physical Chemistry B","","","https://scholar.google.com/scholar?oi=bibs&hl=en&cites=12703073271059240319",68,"2023-03-01 18:58:17","Journal article","","","https://scholar.google.com/citations?view_op=view_citation&hl=en&user=35ZnYEUAAAAJ&pagesize=100&citation_for_view=35ZnYEUAAAAJ:Se3iqnhoufwC",109,8,3371,3380,98,5.44,16,6,18,"","",""
96,"I Suárez, EJ Juárez‐Pérez, J Bisquert, I Mora‐Seró, JP Martínez‐Pastor","Polymer/perovskite amplifying waveguides for active hybrid silicon photonics",2015,"Advanced materials","","","https://scholar.google.com/scholar?oi=bibs&hl=en&cites=1164971463289305458",69,"2023-03-01 18:58:17","Journal article","","","https://scholar.google.com/citations?view_op=view_citation&hl=en&user=35ZnYEUAAAAJ&pagesize=100&citation_for_view=35ZnYEUAAAAJ:eflP2zaiRacC",27,40,6157,6162,96,12.00,19,5,8,"","",""
95,"D Pitarch-Tena, TT Ngo, M Vallés-Pelarda, T Pauporté, I Mora-Sero","Impedance spectroscopy measurements in perovskite solar cells: device stability and noise reduction",2018,"ACS Energy Letters","","","https://scholar.google.com/scholar?oi=bibs&hl=en&cites=8664648435993623007",70,"2023-03-01 18:58:17","Journal article","","","https://scholar.google.com/citations?view_op=view_citation&hl=en&user=35ZnYEUAAAAJ&pagesize=100&citation_for_view=35ZnYEUAAAAJ:4MWp96NkSFoC",3,4,1044,1048,95,19.00,19,5,5,"","",""
93,"P Sudhagar, T Song, DH Lee, I Mora-Sero, J Bisquert, M Laudenslager, ...","High open circuit voltage quantum dot sensitized solar cells manufactured with ZnO nanowire arrays and Si/ZnO branched hierarchical structures",2011,"The Journal of Physical Chemistry Letters","","","https://scholar.google.com/scholar?oi=bibs&hl=en&cites=17923768701817102416",71,"2023-03-01 18:58:17","Journal article","","","https://scholar.google.com/citations?view_op=view_citation&hl=en&user=35ZnYEUAAAAJ&pagesize=100&citation_for_view=35ZnYEUAAAAJ:aqlVkmm33-oC",2,16,1984,1990,93,7.75,13,7,12,"","",""
93,"I Mora-Seró, Y Luo, G Garcia-Belmonte, J Bisquert, D Muñoz, C Voz, ...","Recombination rates in heterojunction silicon solar cells analyzed by impedance spectroscopy at forward bias and under illumination",2008,"Solar Energy Materials and Solar Cells","","","https://scholar.google.com/scholar?oi=bibs&hl=en&cites=15236741562828034021",72,"2023-03-01 18:58:17","Journal article","","","https://scholar.google.com/citations?view_op=view_citation&hl=en&user=35ZnYEUAAAAJ&pagesize=100&citation_for_view=35ZnYEUAAAAJ:9ZlFYXVOiuMC",92,4,505,509,93,6.20,13,7,15,"","",""
90,"A Listorti, EJ Juarez-Perez, C Frontera, V Roiati, L Garcia-Andrade, ...","Effect of mesostructured layer upon crystalline properties and device performance on perovskite solar cells",2015,"The Journal of Physical Chemistry Letters","","","https://scholar.google.com/scholar?oi=bibs&hl=en&cites=12097475114273017808",73,"2023-03-01 18:58:17","Journal article","","","https://scholar.google.com/citations?view_op=view_citation&hl=en&user=35ZnYEUAAAAJ&pagesize=100&citation_for_view=35ZnYEUAAAAJ:4fKUyHm3Qg0C",6,9,1628,1637,90,11.25,15,6,8,"","",""
88,"J Chang, Y Kuga, I Mora-Seró, T Toyoda, Y Ogomi, S Hayase, J Bisquert, ...","High reduction of interfacial charge recombination in colloidal quantum dot solar cells by metal oxide surface passivation",2015,"Nanoscale","","","https://scholar.google.com/scholar?oi=bibs&hl=en&cites=1151827937061121024",74,"2023-03-01 18:58:17","Journal article","","","https://scholar.google.com/citations?view_op=view_citation&hl=en&user=35ZnYEUAAAAJ&pagesize=100&citation_for_view=35ZnYEUAAAAJ:tOudhMTPpwUC",7,12,5446,5456,88,11.00,11,8,8,"","",""
86,"YY Proskuryakov, K Durose, MK Al Turkestani, I Mora-Seró, ...","Impedance spectroscopy of thin-film CdTe/CdS solar cells under varied illumination",2009,"Journal of Applied Physics","","","https://scholar.google.com/scholar?oi=bibs&hl=en&cites=17452582138054204438",75,"2023-03-01 18:58:17","Journal article","","","https://scholar.google.com/citations?view_op=view_citation&hl=en&user=35ZnYEUAAAAJ&pagesize=100&citation_for_view=35ZnYEUAAAAJ:TQgYirikUcIC",106,4,44507,44507,86,6.14,17,5,14,"","",""
84,"D Esparza, I Zarazúa, T López-Luke, A Cerdán-Pasarán, A Sánchez-Solís, ...","Effect of Different Sensitization Technique on the Photoconversion Efficiency of CdS Quantum Dot and CdSe Quantum Rod Sensitized TiO2 Solar Cells",2015,"The Journal of Physical Chemistry C","","","https://scholar.google.com/scholar?oi=bibs&hl=en&cites=14416734203053582779",76,"2023-03-01 18:58:17","Journal article","","","https://scholar.google.com/citations?view_op=view_citation&hl=en&user=35ZnYEUAAAAJ&pagesize=100&citation_for_view=35ZnYEUAAAAJ:eJXPG6dFmWUC",119,24,13394,13403,84,10.50,14,6,8,"","",""
84,"R Tena‐Zaera, J Elias, C Lévy‐Clément, I Mora‐Sero, Y Luo, J Bisquert","Electrodeposition and impedance spectroscopy characterization of ZnO nanowire arrays",2008,"physica status solidi (a)","","","https://scholar.google.com/scholar?oi=bibs&hl=en&cites=3119711587574993443",77,"2023-03-01 18:58:17","Journal article","","","https://scholar.google.com/citations?view_op=view_citation&hl=en&user=35ZnYEUAAAAJ&pagesize=100&citation_for_view=35ZnYEUAAAAJ:kNdYIx-mwKoC",205,10,2345,2350,84,5.60,14,6,15,"","",""
79,"JA Anta, I Mora-Sero, T Dittrich, J Bisquert","Dynamics of Charge Separation and Trap-Limited Electron Transport in TiO2 Nanostructures",2007,"The Journal of Physical Chemistry C","","","https://scholar.google.com/scholar?oi=bibs&hl=en&cites=18013675317190101053",78,"2023-03-01 18:58:17","Journal article","","","https://scholar.google.com/citations?view_op=view_citation&hl=en&user=35ZnYEUAAAAJ&pagesize=100&citation_for_view=35ZnYEUAAAAJ:5nxA0vEk-isC",111,37,13997,14000,79,4.94,20,4,16,"","",""
78,"I Mora-Sero, L Bertoluzzi, V Gonzalez-Pedro, S Gimenez, ...","Selective contacts drive charge extraction in quantum dot solids via asymmetry in carrier transfer kinetics",2013,"Nature communications","","","https://scholar.google.com/scholar?oi=bibs&hl=en&cites=7629859733125461186",79,"2023-03-01 18:58:17","Journal article","","","https://scholar.google.com/citations?view_op=view_citation&hl=en&user=35ZnYEUAAAAJ&pagesize=100&citation_for_view=35ZnYEUAAAAJ:3s1wT3WcHBgC",4,1,2272,2272,78,7.80,16,5,10,"","",""
76,"S Masi, C Echeverría-Arrondo, KMM Salim, TT Ngo, PF Mendez, ...","Chemi-structural stabilization of formamidinium lead iodide perovskite by using embedded quantum dots",2020,"ACS Energy Letters","","","https://scholar.google.com/scholar?oi=bibs&hl=en&cites=6956600082335657962",80,"2023-03-01 18:58:17","Journal article","","","https://scholar.google.com/citations?view_op=view_citation&hl=en&user=35ZnYEUAAAAJ&pagesize=100&citation_for_view=35ZnYEUAAAAJ:HtEfBTGE9r8C",5,2,418,427,76,25.33,13,6,3,"","",""
76,"Z Zolfaghari, E Hassanabadi, D Pitarch-Tena, SJ Yoon, Z Shariatinia, ...","Operation mechanism of perovskite quantum dot solar cells probed by impedance spectroscopy",2018,"ACS Energy Letters","","","https://scholar.google.com/scholar?oi=bibs&hl=en&cites=3057427706400790549",81,"2023-03-01 18:58:17","Journal article","","","https://scholar.google.com/citations?view_op=view_citation&hl=en&user=35ZnYEUAAAAJ&pagesize=100&citation_for_view=35ZnYEUAAAAJ:SpbeaW3--B0C",4,1,251,258,76,15.20,13,6,5,"","",""
76,"C Lévy-Clément, A Katty, S Bastide, F Zenia, I Mora, V Munoz-Sanjose","A new CdTe/ZnO columnar composite film for Eta-solar cells",2002,"Physica E: Low-dimensional Systems and Nanostructures 14 (1-2)","","","https://scholar.google.com/scholar?oi=bibs&hl=en&cites=5705318572348115136",82,"2023-03-01 18:58:17","Book chapter","","","https://scholar.google.com/citations?view_op=view_citation&hl=en&user=35ZnYEUAAAAJ&pagesize=100&citation_for_view=35ZnYEUAAAAJ:pqnbT2bcN3wC",,,229,232,76,3.62,13,6,21,"","",""
75,"M Valles-Pelarda, BC Hames, I García-Benito, O Almora, ...","Analysis of the hysteresis behavior of perovskite solar cells with interfacial fullerene self-assembled monolayers",2016,"The Journal of Physical Chemistry Letters","","","https://scholar.google.com/scholar?oi=bibs&hl=en&cites=1749140363306089601",83,"2023-03-01 18:58:17","Journal article","","","https://scholar.google.com/citations?view_op=view_citation&hl=en&user=35ZnYEUAAAAJ&pagesize=100&citation_for_view=35ZnYEUAAAAJ:N5tVd3kTz84C",7,22,4622,4628,75,10.71,15,5,7,"","",""
75,"P Sudhagar, I Herraiz-Cardona, H Park, T Song, SH Noh, S Gimenez, ...","Exploring graphene quantum dots/TiO2 interface in photoelectrochemical reactions: solar to fuel conversion",2016,"Electrochimica Acta","","","https://scholar.google.com/scholar?oi=bibs&hl=en&cites=15244305433389002506",84,"2023-03-01 18:58:17","Journal article","","","https://scholar.google.com/citations?view_op=view_citation&hl=en&user=35ZnYEUAAAAJ&pagesize=100&citation_for_view=35ZnYEUAAAAJ:BrmTIyaxlBUC",187,,249,255,75,10.71,11,7,7,"","",""
71,"Á Pitarch, G Garcia-Belmonte, I Mora-Seró, J Bisquert","Electrochemical impedance spectra for the complete equivalent circuit of diffusion and reaction under steady-state recombination current",2004,"Physical Chemistry Chemical Physics","","","https://scholar.google.com/scholar?oi=bibs&hl=en&cites=2728117741790057388",85,"2023-03-01 18:58:17","Journal article","","","https://scholar.google.com/citations?view_op=view_citation&hl=en&user=35ZnYEUAAAAJ&pagesize=100&citation_for_view=35ZnYEUAAAAJ:0EnyYjriUFMC",6,11,2983,2988,71,3.74,18,4,19,"","",""
70,"SM Yoo, SJ Yoon, JA Anta, HJ Lee, PP Boix, I Mora-Sero","An equivalent circuit for perovskite solar cell bridging sensitized to thin film architectures",2019,"Joule","","","https://scholar.google.com/scholar?oi=bibs&hl=en&cites=1308169260681078442",86,"2023-03-01 18:58:17","Journal article","","","https://scholar.google.com/citations?view_op=view_citation&hl=en&user=35ZnYEUAAAAJ&pagesize=100&citation_for_view=35ZnYEUAAAAJ:Ri6SYOTghG4C",3,10,2535,2549,70,17.50,12,6,4,"","",""
67,"R Vidal, JA Alberola-Borràs, SN Habisreutinger, JL Gimeno-Molina, ...","Assessing health and environmental impacts of solvents for producing perovskite solar cells",2021,"Nature Sustainability","","","https://scholar.google.com/scholar?oi=bibs&hl=en&cites=17706742506868049470",87,"2023-03-01 18:58:17","Journal article","","","https://scholar.google.com/citations?view_op=view_citation&hl=en&user=35ZnYEUAAAAJ&pagesize=100&citation_for_view=35ZnYEUAAAAJ:P7Ujq4OLJYoC",4,3,277,285,67,33.50,13,5,2,"","",""
67,"F Fabregat-Santiago, M Kulbak, A Zohar, M Vallés-Pelarda, G Hodes, ...","Deleterious effect of negative capacitance on the performance of halide perovskite solar cells",2017,"ACS Energy Letters","","","https://scholar.google.com/scholar?oi=bibs&hl=en&cites=10683711189009670306",88,"2023-03-01 18:58:17","Journal article","","","https://scholar.google.com/citations?view_op=view_citation&hl=en&user=35ZnYEUAAAAJ&pagesize=100&citation_for_view=35ZnYEUAAAAJ:nrtMV_XWKgEC",2,9,2007,2013,67,11.17,11,6,6,"","",""
67,"I Mora-Seró, T Dittrich, A Belaidi, G Garcia-Belmonte, J Bisquert","Observation of diffusion and tunneling recombination of dye-photoinjected electrons in ultrathin TiO2 layers by surface photovoltage transients",2005,"The Journal of Physical Chemistry B","","","https://scholar.google.com/scholar?oi=bibs&hl=en&cites=15746243374606874269",89,"2023-03-01 18:58:17","Journal article","","","https://scholar.google.com/citations?view_op=view_citation&hl=en&user=35ZnYEUAAAAJ&pagesize=100&citation_for_view=35ZnYEUAAAAJ:ULOm3_A8WrAC",109,31,14932,14938,67,3.72,13,5,18,"","",""
66,"I Zarazua, S Sidhik, T Lopez-Luke, D Esparza, E De la Rosa, ...","Operating Mechanisms of Mesoscopic Perovskite Solar Cells through Impedance Spectroscopy and J–V Modeling",2017,"The journal of physical chemistry letters","","","https://scholar.google.com/scholar?oi=bibs&hl=en&cites=6666615982632175578",90,"2023-03-01 18:58:17","Journal article","","","https://scholar.google.com/citations?view_op=view_citation&hl=en&user=35ZnYEUAAAAJ&pagesize=100&citation_for_view=35ZnYEUAAAAJ:zLWjf1WUPmwC",8,24,6073,6079,66,11.00,11,6,6,"","",""
66,"M Samadpour, S Gimenez, PP Boix, Q Shen, ME Calvo, N Taghavinia, ...","Effect of nanostructured electrode architecture and semiconductor deposition strategy on the photovoltaic performance of quantum dot sensitized solar cells",2012,"Electrochimica Acta","","","https://scholar.google.com/scholar?oi=bibs&hl=en&cites=5751364029814156404",91,"2023-03-01 18:58:17","Journal article","","","https://scholar.google.com/citations?view_op=view_citation&hl=en&user=35ZnYEUAAAAJ&pagesize=100&citation_for_view=35ZnYEUAAAAJ:r0BpntZqJG4C",75,,139,147,66,6.00,9,7,11,"","",""
66,"I Mora‐Seró, D Gross, T Mittereder, AA Lutich, AS Susha, T Dittrich, ...","Nanoscale interaction between CdSe or CdTe nanocrystals and molecular dyes fostering or hindering directional charge separation",2010,"Small","","","https://scholar.google.com/scholar?oi=bibs&hl=en&cites=11149331534901717420",92,"2023-03-01 18:58:17","Journal article","","","https://scholar.google.com/citations?view_op=view_citation&hl=en&user=35ZnYEUAAAAJ&pagesize=100&citation_for_view=35ZnYEUAAAAJ:Wp0gIr-vW9MC",6,2,221,225,66,5.08,9,7,13,"","",""
65,"L Badia, E Mas-Marzá, RS Sánchez, EM Barea, J Bisquert, I Mora-Seró","New iridium complex as additive to the spiro-OMeTAD in perovskite solar cells with enhanced stability",2014,"Apl Materials","","","https://scholar.google.com/scholar?oi=bibs&hl=en&cites=11530053439164653175",93,"2023-03-01 18:58:17","Journal article","","","https://scholar.google.com/citations?view_op=view_citation&hl=en&user=35ZnYEUAAAAJ&pagesize=100&citation_for_view=35ZnYEUAAAAJ:SP6oXDckpogC",2,8,81507,81507,65,7.22,11,6,9,"","",""
64,"T Dittrich, I Mora-Seró, G García-Belmonte, J Bisquert","Temperature dependent normal and anomalous electron diffusion in porous Ti O 2 studied by transient surface photovoltage",2006,"Physical Review B","","","https://scholar.google.com/scholar?oi=bibs&hl=en&cites=6256536655949796066",94,"2023-03-01 18:58:17","Journal article","","","https://scholar.google.com/citations?view_op=view_citation&hl=en&user=35ZnYEUAAAAJ&pagesize=100&citation_for_view=35ZnYEUAAAAJ:3fE2CSJIrl8C",73,4,45407,45407,64,3.76,16,4,17,"","",""
63,"M Anaya, W Zhang, BC Hames, Y Li, F Fabregat-Santiago, ME Calvo, ...","Electron injection and scaffold effects in perovskite solar cells",2017,"Journal of Materials Chemistry C","","","https://scholar.google.com/scholar?oi=bibs&hl=en&cites=13160264361510613255",95,"2023-03-01 18:58:17","Journal article","","","https://scholar.google.com/citations?view_op=view_citation&hl=en&user=35ZnYEUAAAAJ&pagesize=100&citation_for_view=35ZnYEUAAAAJ:dQ2og3OwTAUC",5,3,634,644,63,10.50,9,7,6,"","",""
63,"J Pascual, I Kosta, T Tuyen Ngo, A Chuvilin, G Cabanero, HJ Grande, ...","Electron Transport Layer‐Free Solar Cells Based on Perovskite–Fullerene Blend Films with Enhanced Performance and Stability",2016,"ChemSusChem","","","https://scholar.google.com/scholar?oi=bibs&hl=en&cites=12995321945474611577",96,"2023-03-01 18:58:17","Journal article","","","https://scholar.google.com/citations?view_op=view_citation&hl=en&user=35ZnYEUAAAAJ&pagesize=100&citation_for_view=35ZnYEUAAAAJ:VL0QpB8kHFEC",9,18,2679,2685,63,9.00,9,7,7,"","",""
63,"RS Sanchez, MS de la Fuente, I Suarez, G Muñoz-Matutano, ...","Tunable light emission by exciplex state formation between hybrid halide perovskite and core/shell quantum dots: Implications in advanced LEDs and photovoltaics",2016,"Science advances","","","https://scholar.google.com/scholar?oi=bibs&hl=en&cites=10973262421906754849",97,"2023-03-01 18:58:17","Journal article","","","https://scholar.google.com/citations?view_op=view_citation&hl=en&user=35ZnYEUAAAAJ&pagesize=100&citation_for_view=35ZnYEUAAAAJ:bnK-pcrLprsC",2,1,1501104,,63,9.00,13,5,7,"","",""
63,"JA Anta, I Mora-Seró, T Dittrich, J Bisquert","Interpretation of diffusion coefficients in nanostructured materials from random walk numerical simulation",2008,"Physical Chemistry Chemical Physics","","","https://scholar.google.com/scholar?oi=bibs&hl=en&cites=5359258475670087981",98,"2023-03-01 18:58:17","Journal article","","","https://scholar.google.com/citations?view_op=view_citation&hl=en&user=35ZnYEUAAAAJ&pagesize=100&citation_for_view=35ZnYEUAAAAJ:_kc_bZDykSQC",10,30,4478,4485,63,4.20,16,4,15,"","",""
60,"I Mora-Sero, S Gimenez, F Fabregat-Santiago, E Azaceta, R Tena-Zaera, ...","Modeling and characterization of extremely thin absorber (eta) solar cells based on ZnO nanowires",2011,"Physical Chemistry Chemical Physics","","","https://scholar.google.com/scholar?oi=bibs&hl=en&cites=1429426200409513943",99,"2023-03-01 18:58:17","Journal article","","","https://scholar.google.com/citations?view_op=view_citation&hl=en&user=35ZnYEUAAAAJ&pagesize=100&citation_for_view=35ZnYEUAAAAJ:hC7cP41nSMkC",13,15,7162,7169,60,5.00,10,6,12,"","",""
59,"TT Ngo, I Suarez, G Antonicelli, D Cortizo‐Lacalle, JP Martinez‐Pastor, ...","Enhancement of the performance of perovskite solar cells, LEDs, and optical amplifiers by anti‐solvent additive deposition",2017,"Advanced Materials","","","https://scholar.google.com/scholar?oi=bibs&hl=en&cites=7319724471448424147",100,"2023-03-01 18:58:17","Journal article","","","https://scholar.google.com/citations?view_op=view_citation&hl=en&user=35ZnYEUAAAAJ&pagesize=100&citation_for_view=35ZnYEUAAAAJ:UHK10RUVsp4C",29,7,1604056,1604056,59,9.83,10,6,6,"","",""
58,"S Sánchez, M Vallés-Pelarda, JA Alberola-Borràs, R Vidal, ...","Flash infrared annealing as a cost-effective and low environmental impact processing method for planar perovskite solar cells",2019,"Materials Today","","","https://scholar.google.com/scholar?oi=bibs&hl=en&cites=6717606316865295997",101,"2023-03-01 18:58:17","Journal article","","","https://scholar.google.com/citations?view_op=view_citation&hl=en&user=35ZnYEUAAAAJ&cstart=100&pagesize=100&citation_for_view=35ZnYEUAAAAJ:86PQX7AUzd4C",31,,39,46,58,14.50,12,5,4,"","",""
58,"I Mora-Seró, T Dittrich, G Garcia-Belmonte, J Bisquert","Determination of spatial charge separation of diffusing electrons by transient photovoltage measurements",2006,"Journal of applied physics","","","https://scholar.google.com/scholar?oi=bibs&hl=en&cites=8695959423218192071",102,"2023-03-01 18:58:17","Journal article","","","https://scholar.google.com/citations?view_op=view_citation&hl=en&user=35ZnYEUAAAAJ&cstart=100&pagesize=100&citation_for_view=35ZnYEUAAAAJ:QIV2ME_5wuYC",100,10,103705,103705,58,3.41,15,4,17,"","",""
56,"E Climent-Pascual, BC Hames, JS Moreno-Ramírez, AL Álvarez, ...","Influence of the substrate on the bulk properties of hybrid lead halide perovskite films",2016,"Journal of Materials Chemistry A","","","https://scholar.google.com/scholar?oi=bibs&hl=en&cites=6649204879851825752",103,"2023-03-01 18:58:17","Journal article","","","https://scholar.google.com/citations?view_op=view_citation&hl=en&user=35ZnYEUAAAAJ&cstart=100&pagesize=100&citation_for_view=35ZnYEUAAAAJ:hkOj_22Ku90C",4,46,18153,18163,56,8.00,11,5,7,"","",""
54,"H Han, P Sudhagar, T Song, Y Jeon, I Mora-Sero, F Fabregat-Santiago, ...","Three dimensional-TiO 2 nanotube array photoanode architectures assembled on a thin hollow nanofibrous backbone and their performance in quantum dot-sensitized solar cells",2013,"Chemical Communications","","","https://scholar.google.com/scholar?oi=bibs&hl=en&cites=3293552264110457851",104,"2023-03-01 18:58:17","Journal article","","","https://scholar.google.com/citations?view_op=view_citation&hl=en&user=35ZnYEUAAAAJ&cstart=100&pagesize=100&citation_for_view=35ZnYEUAAAAJ:RYcK_YlVTxYC",49,27,2810,2812,54,5.40,8,7,10,"","",""
54,"S Giménez, T Lana-Villarreal, R Gómez, S Agouram, V Muñoz-Sanjosé, ...","Determination of limiting factors of photovoltaic efficiency in quantum dot sensitized solar cells: Correlation between cell performance and structural properties",2010,"Journal of Applied Physics","","","https://scholar.google.com/scholar?oi=bibs&hl=en&cites=15136381709439724270",105,"2023-03-01 18:58:17","Journal article","","","https://scholar.google.com/citations?view_op=view_citation&hl=en&user=35ZnYEUAAAAJ&cstart=100&pagesize=100&citation_for_view=35ZnYEUAAAAJ:L8Ckcad2t8MC",108,6,64310,64310,54,4.15,9,6,13,"","",""
52,"JH Heo, SH Im, H Kim, PP Boix, SJ Lee, SI Seok, I Mora-Sero, J Bisquert","Sb2S3-Sensitized Photoelectrochemical Cells: Open Circuit Voltage Enhancement through the Introduction of Poly-3-hexylthiophene Interlayer",2012,"The Journal of Physical Chemistry C","","","https://scholar.google.com/scholar?oi=bibs&hl=en&cites=769199749480593049",106,"2023-03-01 18:58:17","Journal article","","","https://scholar.google.com/citations?view_op=view_citation&hl=en&user=35ZnYEUAAAAJ&cstart=100&pagesize=100&citation_for_view=35ZnYEUAAAAJ:k_IJM867U9cC",116,39,20717,20721,52,4.73,7,8,11,"","",""
52,"I Mora-Seró, T Dittrich, AS Susha, AL Rogach, J Bisquert","Large improvement of electron extraction from CdSe quantum dots into a TiO2 thin layer by N3 dye coabsorption",2008,"Thin Solid Films","","","https://scholar.google.com/scholar?oi=bibs&hl=en&cites=1356028523679117017",107,"2023-03-01 18:58:17","Journal article","","","https://scholar.google.com/citations?view_op=view_citation&hl=en&user=35ZnYEUAAAAJ&cstart=100&pagesize=100&citation_for_view=35ZnYEUAAAAJ:YOwf2qJgpHMC",516,20,6994,6998,52,3.47,10,5,15,"","",""
50,"E Martínez-Ferrero, IM Seró, J Albero, S Gimenez, J Bisquert, ...","Charge transfer kinetics in CdSe quantum dot sensitized solar cells",2010,"Physical Chemistry Chemical Physics","","","https://scholar.google.com/scholar?oi=bibs&hl=en&cites=15235548047895124972",108,"2023-03-01 18:58:17","Journal article","","","https://scholar.google.com/citations?view_op=view_citation&hl=en&user=35ZnYEUAAAAJ&cstart=100&pagesize=100&citation_for_view=35ZnYEUAAAAJ:g5m5HwL7SMYC",12,12,2819,2821,50,3.85,8,6,13,"","",""
49,"PF Méndez, SKM Muhammed, EM Barea, S Masi, I Mora-Sero","Analysis of the UV–Ozone‐Treated SnO2 Electron Transporting Layer in Planar Perovskite Solar Cells for High Performance and Reduced Hysteresis",2019,"Solar RRL","","","https://scholar.google.com/scholar?oi=bibs&hl=en&cites=14611778268888284789",109,"2023-03-01 18:58:17","Journal article","","","https://scholar.google.com/citations?view_op=view_citation&hl=en&user=35ZnYEUAAAAJ&cstart=100&pagesize=100&citation_for_view=35ZnYEUAAAAJ:YohjEiUPhakC",3,9,1900191,1900191,49,12.25,10,5,4,"","",""
49,"L Contreras-Bernal, C Aranda, M Valles-Pelarda, TT Ngo, ...","Homeopathic perovskite solar cells: effect of humidity during fabrication on the performance and stability of the device",2018,"The Journal of Physical Chemistry C","","","https://scholar.google.com/scholar?oi=bibs&hl=en&cites=5090033848108086145",110,"2023-03-01 18:58:17","Journal article","","","https://scholar.google.com/citations?view_op=view_citation&hl=en&user=35ZnYEUAAAAJ&cstart=100&pagesize=100&citation_for_view=35ZnYEUAAAAJ:BUYA1_V_uYcC",122,10,5341,5348,49,9.80,10,5,5,"","",""
49,"J Rodríguez-Romero, BC Hames, I Mora-Seró, EM Barea","Conjugated organic cations to improve the optoelectronic properties of 2D/3D perovskites",2017,"ACS Energy Letters","","","https://scholar.google.com/scholar?oi=bibs&hl=en&cites=10509918882511319490",111,"2023-03-01 18:58:17","Journal article","","","https://scholar.google.com/citations?view_op=view_citation&hl=en&user=35ZnYEUAAAAJ&cstart=100&pagesize=100&citation_for_view=35ZnYEUAAAAJ:yB1At4FlUx8C",2,9,1969,1970,49,8.17,12,4,6,"","",""
49,"N Aeineh, EM Barea, A Behjat, N Sharifi, I Mora-Seró","Inorganic surface engineering to enhance perovskite solar cell efficiency",2017,"ACS Applied Materials &Interfaces","","","https://scholar.google.com/scholar?oi=bibs&hl=en&cites=9877496506472268489",112,"2023-03-01 18:58:17","Journal article","","","https://scholar.google.com/citations?view_op=view_citation&hl=en&user=35ZnYEUAAAAJ&cstart=100&pagesize=100&citation_for_view=35ZnYEUAAAAJ:_Re3VWB3Y0AC",9,15,13181,13187,49,8.17,10,5,6,"","",""
49,"I Mora-Seró, V Likodimos, S Giménez, E Martinez-Ferrero, J Albero, ...","Fast Regeneration of CdSe Quantum Dots by Ru Dye in Sensitized TiO2 Electrodes",2010,"The Journal of Physical Chemistry C","","","https://scholar.google.com/scholar?oi=bibs&hl=en&cites=12031500261482933347",113,"2023-03-01 18:58:17","Journal article","","","https://scholar.google.com/citations?view_op=view_citation&hl=en&user=35ZnYEUAAAAJ&cstart=100&pagesize=100&citation_for_view=35ZnYEUAAAAJ:mVmsd5A6BfQC",114,14,6755,6761,49,3.77,8,6,13,"","",""
48,"S Sidhik, D Esparza, A Martínez-Benítez, T Lopez-Luke, R Carriles, ...","Enhanced Photovoltaic Performance of Mesoscopic Perovskite Solar Cells by Controlling the Interaction between CH3NH3PbI3 Films and CsPbX3 Perovskite …",2017,"The Journal of Physical Chemistry C","","","https://scholar.google.com/scholar?oi=bibs&hl=en&cites=18276385729139478816",114,"2023-03-01 18:58:17","Journal article","","","https://scholar.google.com/citations?view_op=view_citation&hl=en&user=35ZnYEUAAAAJ&cstart=100&pagesize=100&citation_for_view=35ZnYEUAAAAJ:kzcrU_BdoSEC",121,8,4239,4245,48,8.00,8,6,6,"","",""
48,"S Giménez, AL Rogach, AA Lutich, D Gross, A Poeschl, AS Susha, ...","Energy transfer versus charge separation in hybrid systems of semiconductor quantum dots and Ru-dyes as potential co-sensitizers of TiO2-based solar cells",2011,"Journal of applied physics","","","https://scholar.google.com/scholar?oi=bibs&hl=en&cites=6647312048241228726",115,"2023-03-01 18:58:17","Journal article","","","https://scholar.google.com/citations?view_op=view_citation&hl=en&user=35ZnYEUAAAAJ&cstart=100&pagesize=100&citation_for_view=35ZnYEUAAAAJ:hFOr9nPyWt4C",110,1,14314,14314,48,4.00,7,7,12,"","",""
45,"I Suárez, M Vallés-Pelarda, AF Gualdrón-Reyes, I Mora-Seró, A Ferrando, ...","Outstanding nonlinear optical properties of methylammonium- and Cs-PbX3 (X = Br, I, and Br–I) perovskites: Polycrystalline thin films and nanoparticles",2019,"APL Materials","","","https://scholar.google.com/scholar?oi=bibs&hl=en&cites=15294034359901780489",116,"2023-03-01 18:58:17","Journal article","","","https://scholar.google.com/citations?view_op=view_citation&hl=en&user=35ZnYEUAAAAJ&cstart=100&pagesize=100&citation_for_view=35ZnYEUAAAAJ:FPJr55Dyh1AC",7,4,41106,41106,45,11.25,8,6,4,"","",""
45,"A Fakharuddin, M Seybold, A Agresti, S Pescetelli, F Matteocci, MI Haider, ...","Perovskite-polymer blends influencing microstructures, nonradiative recombination pathways, and photovoltaic performance of perovskite solar cells",2018,"ACS applied materials &interfaces","","","https://scholar.google.com/scholar?oi=bibs&hl=en&cites=16567563426900764497",117,"2023-03-01 18:58:17","Journal article","","","https://scholar.google.com/citations?view_op=view_citation&hl=en&user=35ZnYEUAAAAJ&cstart=100&pagesize=100&citation_for_view=35ZnYEUAAAAJ:-FonjvnnhkoC",10,49,42542,42551,45,9.00,6,7,5,"","",""
44,"AF Gualdron-Reyes, J Rodriguez-Pereira, E Amado-Gonzalez, J Rueda-P, ...","Unravelling the photocatalytic behavior of all-inorganic mixed halide perovskites: The role of surface chemical states",2019,"ACS applied materials &interfaces","","","https://scholar.google.com/scholar?oi=bibs&hl=en&cites=8041004163546196736",118,"2023-03-01 18:58:17","Journal article","","","https://scholar.google.com/citations?view_op=view_citation&hl=en&user=35ZnYEUAAAAJ&cstart=100&pagesize=100&citation_for_view=35ZnYEUAAAAJ:LO7wyVUgiFcC",12,1,914,924,44,11.00,9,5,4,"","",""
43,"J Navarro-Arenas, I Suárez, VS Chirvony, AF Gualdrón-Reyes, ...","Single-Exciton Amplified Spontaneous Emission in Thin Films of CsPbX3 (X = Br, I) Perovskite Nanocrystals",2019,"The journal of physical chemistry letters","","","https://scholar.google.com/scholar?oi=bibs&hl=en&cites=9543680550636152094",119,"2023-03-01 18:58:17","Journal article","","","https://scholar.google.com/citations?view_op=view_citation&hl=en&user=35ZnYEUAAAAJ&cstart=100&pagesize=100&citation_for_view=35ZnYEUAAAAJ:4fGpz3EwCPoC",10,20,6389,6398,43,10.75,9,5,4,"","",""
41,"S Kim, SH Im, M Kang, JH Heo, SI Seok, SW Kim, I Mora-Sero, J Bisquert","Air-stable and efficient inorganic–organic heterojunction solar cells using PbS colloidal quantum dots co-capped by 1-dodecanethiol and oleic acid",2012,"Physical Chemistry Chemical Physics","","","https://scholar.google.com/scholar?oi=bibs&hl=en&cites=12235431867103392473",120,"2023-03-01 18:58:17","Journal article","","","https://scholar.google.com/citations?view_op=view_citation&hl=en&user=35ZnYEUAAAAJ&cstart=100&pagesize=100&citation_for_view=35ZnYEUAAAAJ:hMod-77fHWUC",14,43,14999,15002,41,3.73,5,8,11,"","",""
41,"M Samadpour, S Gimenez, AI Zad, N Taghavinia, I Mora-Sero","Easily manufactured TiO 2 hollow fibers for quantum dot sensitized solar cells",2012,"Physical Chemistry Chemical Physics","","","https://scholar.google.com/scholar?oi=bibs&hl=en&cites=12158367103437486108",121,"2023-03-01 18:58:17","Journal article","","","https://scholar.google.com/citations?view_op=view_citation&hl=en&user=35ZnYEUAAAAJ&cstart=100&pagesize=100&citation_for_view=35ZnYEUAAAAJ:j3f4tGmQtD8C",14,2,522,528,41,3.73,8,5,11,"","",""
40,"I Mora-Seró","How do perovskite solar cells work?",2018,"Joule","","","https://scholar.google.com/scholar?oi=bibs&hl=en&cites=7920815926598831561",122,"2023-03-01 18:58:17","Journal article","","","https://scholar.google.com/citations?view_op=view_citation&hl=en&user=35ZnYEUAAAAJ&cstart=100&pagesize=100&citation_for_view=35ZnYEUAAAAJ:vbGhcppDl1QC",2,4,585,587,40,8.00,40,1,5,"","",""
39,"JA Alberola-Borràs, JA Baker, F De Rossi, R Vidal, D Beynon, ...","Perovskite photovoltaic modules: life cycle assessment of pre-industrial production process",2018,"IScience","","","https://scholar.google.com/scholar?oi=bibs&hl=en&cites=3015830908840798737",123,"2023-03-01 18:58:17","Journal article","","","https://scholar.google.com/citations?view_op=view_citation&hl=en&user=35ZnYEUAAAAJ&cstart=100&pagesize=100&citation_for_view=35ZnYEUAAAAJ:WZBGuue-350C",9,,542,551,39,7.80,7,6,5,"","",""
39,"ABF Vitoreti, S Agouram, M Solis de la Fuente, V Muñoz-Sanjosé, ...","Study of the partial substitution of Pb by Sn in Cs–Pb–Sn–Br nanocrystals owing to obtaining stable nanoparticles with excellent optical properties",2018,"The Journal of Physical Chemistry C","","","https://scholar.google.com/scholar?oi=bibs&hl=en&cites=6004397323583565289",124,"2023-03-01 18:58:17","Journal article","","","https://scholar.google.com/citations?view_op=view_citation&hl=en&user=35ZnYEUAAAAJ&cstart=100&pagesize=100&citation_for_view=35ZnYEUAAAAJ:L7CI7m0gUJcC",122,25,14222,14231,39,7.80,8,5,5,"","",""
39,"F Gonell, M Haro, RS Sánchez, P Negro, I Mora-Seró, J Bisquert, ...","Photon Up-Conversion with Lanthanide-Doped Oxide Particles for Solar H2 Generation",2014,"The Journal of Physical Chemistry C","","","https://scholar.google.com/scholar?oi=bibs&hl=en&cites=8384117259831395450",125,"2023-03-01 18:58:17","Journal article","","","https://scholar.google.com/citations?view_op=view_citation&hl=en&user=35ZnYEUAAAAJ&cstart=100&pagesize=100&citation_for_view=35ZnYEUAAAAJ:NhqRSupF_l8C",118,21,11279,11284,39,4.33,6,7,9,"","",""
39,"P Sudhagar, V González-Pedro, I Mora-Seró, F Fabregat-Santiago, ...","Interfacial engineering of quantum dot-sensitized TiO 2 fibrous electrodes for futuristic photoanodes in photovoltaic applications",2012,"Journal of Materials Chemistry","","","https://scholar.google.com/scholar?oi=bibs&hl=en&cites=1681648963130379721",126,"2023-03-01 18:58:17","Journal article","","","https://scholar.google.com/citations?view_op=view_citation&hl=en&user=35ZnYEUAAAAJ&cstart=100&pagesize=100&citation_for_view=35ZnYEUAAAAJ:bEWYMUwI8FkC",22,28,14228,14235,39,3.55,8,5,11,"","",""
38,"Y Zhang, G Wu, I Mora-Seró, C Ding, F Liu, Q Huang, Y Ogomi, S Hayase, ...","Improvement of photovoltaic performance of colloidal quantum dot solar cells using organic small molecule as hole-selective layer",2017,"The Journal of Physical Chemistry Letters","","","https://scholar.google.com/scholar?oi=bibs&hl=en&cites=4733582626788754509",127,"2023-03-01 18:58:17","Journal article","","","https://scholar.google.com/citations?view_op=view_citation&hl=en&user=35ZnYEUAAAAJ&cstart=100&pagesize=100&citation_for_view=35ZnYEUAAAAJ:evX43VCCuoAC",8,10,2163,2169,38,6.33,4,9,6,"","",""
38,"RS Sanchez, E Binetti, JA Torre, G Garcia-Belmonte, M Striccoli, ...","All solution processed low turn-on voltage near infrared LEDs based on core–shell PbS–CdS quantum dots with inverted device structure",2014,"Nanoscale","","","https://scholar.google.com/scholar?oi=bibs&hl=en&cites=16575145346200055211",128,"2023-03-01 18:58:17","Journal article","","","https://scholar.google.com/citations?view_op=view_citation&hl=en&user=35ZnYEUAAAAJ&cstart=100&pagesize=100&citation_for_view=35ZnYEUAAAAJ:1sJd4Hv_s6UC",6,15,8551,8555,38,4.22,6,6,9,"","",""
37,"E Hassanabadi, M Latifi, AF Gualdrón-Reyes, S Masi, SJ Yoon, ...","Ligand &band gap engineering: Tailoring the protocol synthesis for achieving high-quality CsPbI 3 quantum dots",2020,"Nanoscale","","","https://scholar.google.com/scholar?oi=bibs&hl=en&cites=6000972332297892594",129,"2023-03-01 18:58:17","Journal article","","","https://scholar.google.com/citations?view_op=view_citation&hl=en&user=35ZnYEUAAAAJ&cstart=100&pagesize=100&citation_for_view=35ZnYEUAAAAJ:HtS1dXgVpQUC",12,26,14194,14203,37,12.33,6,6,3,"","",""
37,"MJ Romero, J van de Lagemaat, I Mora-Sero, G Rumbles, MM Al-Jassim","Imaging of resonant quenching of surface plasmons by quantum dots",2006,"Nano letters","","","https://scholar.google.com/scholar?oi=bibs&hl=en&cites=17062661482251752209",130,"2023-03-01 18:58:17","Journal article","","","https://scholar.google.com/citations?view_op=view_citation&hl=en&user=35ZnYEUAAAAJ&cstart=100&pagesize=100&citation_for_view=35ZnYEUAAAAJ:M3ejUd6NZC8C",6,12,2833,2837,37,2.18,7,5,17,"","",""
36,"TT Ngo, I Mora-Seró","Interaction between colloidal quantum dots and halide perovskites: looking for constructive synergies",2019,"The Journal of Physical Chemistry Letters","","","https://scholar.google.com/scholar?oi=bibs&hl=en&cites=1395296208673480156",131,"2023-03-01 18:58:17","Journal article","","","https://scholar.google.com/citations?view_op=view_citation&hl=en&user=35ZnYEUAAAAJ&cstart=100&pagesize=100&citation_for_view=35ZnYEUAAAAJ:edDO8Oi4QzsC",10,5,1099,1108,36,9.00,18,2,4,"","",""
36,"JA Alberola-Borràs, R Vidal, EJ Juárez-Pérez, E Mas-Marzá, A Guerrero, ...","Relative impacts of methylammonium lead triiodide perovskite solar cells based on life cycle assessment",2018,"Solar Energy Materials and Solar Cells","","","https://scholar.google.com/scholar?oi=bibs&hl=en&cites=4782231237321466245",132,"2023-03-01 18:58:17","Journal article","","","https://scholar.google.com/citations?view_op=view_citation&hl=en&user=35ZnYEUAAAAJ&cstart=100&pagesize=100&citation_for_view=35ZnYEUAAAAJ:EkHepimYqZsC",179,,169,177,36,7.20,6,6,5,"","",""
36,"D Esparza, T Lopez-Luke, J Oliva, A Cerdán-Pasarán, A Martínez-Benítez, ...","Enhancement of efficiency in quantum dot sensitized solar cells based on CdS/CdSe/CdSeTe heterostructure by improving the light absorption in the VIS-NIR region",2017,"Electrochimica Acta","","","https://scholar.google.com/scholar?oi=bibs&hl=en&cites=11831987559508246977",133,"2023-03-01 18:58:17","Journal article","","","https://scholar.google.com/citations?view_op=view_citation&hl=en&user=35ZnYEUAAAAJ&cstart=100&pagesize=100&citation_for_view=35ZnYEUAAAAJ:9Nmd_mFXekcC",247,,899,909,36,6.00,6,6,6,"","",""
36,"I Zarazúa, D Esparza, T López-Luke, A Ceja-Fdez, J Reyes-Gomez, ...","Effect of the electrophoretic deposition of Au NPs in the performance CdS QDs sensitized solar cells",2016,"Electrochimica Acta","","","https://scholar.google.com/scholar?oi=bibs&hl=en&cites=4662537608684896464",134,"2023-03-01 18:58:17","Journal article","","","https://scholar.google.com/citations?view_op=view_citation&hl=en&user=35ZnYEUAAAAJ&cstart=100&pagesize=100&citation_for_view=35ZnYEUAAAAJ:V3AGJWp-ZtQC",188,,710,717,36,5.14,6,6,7,"","",""
36,"T Voss, C Bekeny, J Gutowski, R Tena-Zaera, J Elias, C Lévy-Clément, ...","Localized versus delocalized states: Photoluminescence from electrochemically synthesized ZnO nanowires",2009,"Journal of Applied Physics","","","https://scholar.google.com/scholar?oi=bibs&hl=en&cites=17146858724575561399",135,"2023-03-01 18:58:17","Journal article","","","https://scholar.google.com/citations?view_op=view_citation&hl=en&user=35ZnYEUAAAAJ&cstart=100&pagesize=100&citation_for_view=35ZnYEUAAAAJ:7PzlFSSx8tAC",106,5,54304,54304,36,2.57,5,7,14,"","",""
34,"AF Gualdrón-Reyes, S Masi, I Mora-Seró","Progress in halide-perovskite nanocrystals with near-unity photoluminescence quantum yield",2021,"Trends in Chemistry","","","https://scholar.google.com/scholar?oi=bibs&hl=en&cites=6030250009900380124",136,"2023-03-01 18:58:17","Journal article","","","https://scholar.google.com/citations?view_op=view_citation&hl=en&user=35ZnYEUAAAAJ&cstart=100&pagesize=100&citation_for_view=35ZnYEUAAAAJ:tH6gc1N1XXoC",3,6,499,511,34,17.00,11,3,2,"","",""
33,"J Rodríguez-Romero, J Sanchez-Diaz, C Echeverría-Arrondo, S Masi, ...","Widening the 2D/3D perovskite family for efficient and thermal-resistant solar cells by the use of secondary ammonium cations",2020,"ACS Energy Letters","","","https://scholar.google.com/scholar?oi=bibs&hl=en&cites=4897792441231653500",137,"2023-03-01 18:58:17","Journal article","","","https://scholar.google.com/citations?view_op=view_citation&hl=en&user=35ZnYEUAAAAJ&cstart=100&pagesize=100&citation_for_view=35ZnYEUAAAAJ:_5tno0g5mFcC",5,4,1013,1021,33,11.00,7,5,3,"","",""
33,"K Zhu, T Miyasaka, JY Kim, I Mora-Seró","Trend of perovskite solar cells: dig deeper to build higher",2015,"The Journal of Physical Chemistry Letters","","","https://scholar.google.com/scholar?oi=bibs&hl=en&cites=10435416149967895239",138,"2023-03-01 18:58:17","Journal article","","","https://scholar.google.com/citations?view_op=view_citation&hl=en&user=35ZnYEUAAAAJ&cstart=100&pagesize=100&citation_for_view=35ZnYEUAAAAJ:D_sINldO8mEC",6,12,2315,2317,33,4.13,8,4,8,"","",""
32,"AF Gualdrón-Reyes, SJ Yoon, I Mora-Seró","Recent insights for achieving mixed halide perovskites without halide segregation",2018,"Current Opinion in Electrochemistry","","","https://scholar.google.com/scholar?oi=bibs&hl=en&cites=16974986720856408639",139,"2023-03-01 18:58:17","Journal article","","","https://scholar.google.com/citations?view_op=view_citation&hl=en&user=35ZnYEUAAAAJ&cstart=100&pagesize=100&citation_for_view=35ZnYEUAAAAJ:VaXvl8Fpj5cC",11,,84,90,32,6.40,11,3,5,"","",""
32,"OA Jaramillo-Quintero, MS de la Fuente, RS Sanchez, IB Recalde, ...","Recombination reduction on lead halide perovskite solar cells based on low temperature synthesized hierarchical TiO 2 nanorods",2016,"Nanoscale","","","https://scholar.google.com/scholar?oi=bibs&hl=en&cites=12759645654170994594",140,"2023-03-01 18:58:17","Journal article","","","https://scholar.google.com/citations?view_op=view_citation&hl=en&user=35ZnYEUAAAAJ&cstart=100&pagesize=100&citation_for_view=35ZnYEUAAAAJ:q3oQSFYPqjQC",8,12,6271,6277,32,4.57,6,5,7,"","",""
31,"J Sanchez-Diaz, RS Sánchez, S Masi, M Kreĉmarová, AO Alvarez, ...","Tin perovskite solar cells with> 1,300 h of operational stability in N2 through a synergistic chemical engineering approach",2022,"Joule","","","https://scholar.google.com/scholar?oi=bibs&hl=en&cites=2115070503857378419",141,"2023-03-01 18:58:17","Journal article","","","https://scholar.google.com/citations?view_op=view_citation&hl=en&user=35ZnYEUAAAAJ&cstart=100&pagesize=100&citation_for_view=35ZnYEUAAAAJ:MpfHP-DdYjUC",6,4,861,883,31,31.00,5,6,1,"","",""
31,"E Velilla, F Jaramillo, I Mora-Seró","High-throughput analysis of the ideality factor to evaluate the outdoor performance of perovskite solar minimodules",2021,"Nature Energy","","","https://scholar.google.com/scholar?oi=bibs&hl=en&cites=10903269126577818289",142,"2023-03-01 18:58:17","Journal article","","","https://scholar.google.com/citations?view_op=view_citation&hl=en&user=35ZnYEUAAAAJ&cstart=100&pagesize=100&citation_for_view=35ZnYEUAAAAJ:_OXeSy2IsFwC",6,1,54,62,31,15.50,10,3,2,"","",""
31,"VM Blas‐Ferrando, J Ortiz, V González‐Pedro, RS Sánchez, I Mora‐Seró, ...","Synergistic interaction of dyes and semiconductor quantum dots for advanced cascade cosensitized solar cells",2015,"Advanced Functional Materials","","","https://scholar.google.com/scholar?oi=bibs&hl=en&cites=7899547257269355523",143,"2023-03-01 18:58:17","Journal article","","","https://scholar.google.com/citations?view_op=view_citation&hl=en&user=35ZnYEUAAAAJ&cstart=100&pagesize=100&citation_for_view=35ZnYEUAAAAJ:geHnlv5EZngC",25,21,3220,3226,31,3.88,5,6,8,"","",""
31,"L Bertoluzzi, PP Boix, I Mora-Sero, J Bisquert","Theory of impedance spectroscopy of ambipolar solar cells with trap-mediated recombination",2014,"The Journal of Physical Chemistry C","","","https://scholar.google.com/scholar?oi=bibs&hl=en&cites=449863084175579362",144,"2023-03-01 18:58:17","Journal article","","","https://scholar.google.com/citations?view_op=view_citation&hl=en&user=35ZnYEUAAAAJ&cstart=100&pagesize=100&citation_for_view=35ZnYEUAAAAJ:yD5IFk8b50cC",118,30,16574,16580,31,3.44,8,4,9,"","",""
31,"X Xu, S Giménez, I Mora-Seró, A Abate, J Bisquert, G Xu","Influence of cysteine adsorption on the performance of CdSe quantum dots sensitized solar cells",2010,"Materials Chemistry and Physics","","","https://scholar.google.com/scholar?oi=bibs&hl=en&cites=7887938920953595710",145,"2023-03-01 18:58:17","Journal article","","","https://scholar.google.com/citations?view_op=view_citation&hl=en&user=35ZnYEUAAAAJ&cstart=100&pagesize=100&citation_for_view=35ZnYEUAAAAJ:_Qo2XoVZTnwC",124,1,709,712,31,2.38,5,6,13,"","",""
31,"G Garcia-Belmonte, J García-Cañadas, I Mora-Seró, J Bisquert, C Voz, ...","Effect of buffer layer on minority carrier lifetime and series resistance of bifacial heterojunction silicon solar cells analyzed by impedance spectroscopy",2006,"Thin Solid Films 514 (1-2)","","","https://scholar.google.com/scholar?oi=bibs&hl=en&cites=12920006977463287398",146,"2023-03-01 18:58:17","Book chapter","","","https://scholar.google.com/citations?view_op=view_citation&hl=en&user=35ZnYEUAAAAJ&cstart=100&pagesize=100&citation_for_view=35ZnYEUAAAAJ:HDshCWvjkbEC",,,254,257,31,1.82,5,6,17,"","",""
30,"I Mora‐Seró","Current challenges in the development of quantum dot sensitized solar cells",2020,"Advanced Energy Materials","","","https://scholar.google.com/scholar?oi=bibs&hl=en&cites=13299885918795208844",147,"2023-03-01 18:58:17","Journal article","","","https://scholar.google.com/citations?view_op=view_citation&hl=en&user=35ZnYEUAAAAJ&cstart=100&pagesize=100&citation_for_view=35ZnYEUAAAAJ:3htObqc8RwsC",10,33,2001774,2001774,30,10.00,30,1,3,"","",""
30,"TT Ngo, S Masi, PF Mendez, M Kazes, D Oron, IM Seró","PbS quantum dots as additives in methylammonium halide perovskite solar cells: the effect of quantum dot capping",2019,"Nanoscale Advances","","","https://scholar.google.com/scholar?oi=bibs&hl=en&cites=1600937903956075262",148,"2023-03-01 18:58:17","Journal article","","","https://scholar.google.com/citations?view_op=view_citation&hl=en&user=35ZnYEUAAAAJ&cstart=100&pagesize=100&citation_for_view=35ZnYEUAAAAJ:DJbcl8HfkQkC",1,10,4109,4118,30,7.50,5,6,4,"","",""
30,"JA Alberola-Borràs, R Vidal, I Mora-Sero","Evaluation of multiple cation/anion perovskite solar cells through life cycle assessment",2018,"Sustainable Energy &Fuels","","","https://scholar.google.com/scholar?oi=bibs&hl=en&cites=11921481346784200281",149,"2023-03-01 18:58:17","Journal article","","","https://scholar.google.com/citations?view_op=view_citation&hl=en&user=35ZnYEUAAAAJ&cstart=100&pagesize=100&citation_for_view=35ZnYEUAAAAJ:ILKRHgRFtOwC",2,7,1600,1609,30,6.00,10,3,5,"","",""
29,"R Triboulet, JM N'tep, M Barbe, P Lemasson, I Mora-Sero, V Munoz","Some fundamentals of the vapor and solution growth of ZnSe and ZnO",1999,"Journal of crystal growth","","","https://scholar.google.com/scholar?oi=bibs&hl=en&cites=1582504847962142132",150,"2023-03-01 18:58:17","Journal article","","","https://scholar.google.com/citations?view_op=view_citation&hl=en&user=35ZnYEUAAAAJ&cstart=100&pagesize=100&citation_for_view=35ZnYEUAAAAJ:-f6ydRqryjwC",198,,968,974,29,1.21,5,6,24,"","",""
28,"TT Ngo, I Suarez, RS Sanchez, JP Martinez-Pastor, I Mora-Sero","Single step deposition of an interacting layer of a perovskite matrix with embedded quantum dots",2016,"Nanoscale","","","https://scholar.google.com/scholar?oi=bibs&hl=en&cites=6116792678413053236",151,"2023-03-01 18:58:17","Journal article","","","https://scholar.google.com/citations?view_op=view_citation&hl=en&user=35ZnYEUAAAAJ&cstart=100&pagesize=100&citation_for_view=35ZnYEUAAAAJ:5awf1xo2G04C",8,30,14379,14383,28,4.00,6,5,7,"","",""
28,"VM Blas-Ferrando, J Ortiz, V González-Pedro, RS Sánchez, I Mora-Seró, ...","Efficient passivated phthalocyanine-quantum dot solar cells",2015,"Chemical Communications","","","https://scholar.google.com/scholar?oi=bibs&hl=en&cites=9390910578121690332",152,"2023-03-01 18:58:17","Journal article","","","https://scholar.google.com/citations?view_op=view_citation&hl=en&user=35ZnYEUAAAAJ&cstart=100&pagesize=100&citation_for_view=35ZnYEUAAAAJ:u9iWguZQMMsC",51,9,1732,1735,28,3.50,5,6,8,"","",""
28,"J Garcia-Cañadas, F Fabregat-Santiago, J Kapla, J Bisquert, ...","Dynamic behaviour of viologen-activated nanostructured TiO2: correlation between kinetics of charging and coloration",2004,"Electrochimica acta","","","https://scholar.google.com/scholar?oi=bibs&hl=en&cites=13194194706268770744",153,"2023-03-01 18:58:17","Journal article","","","https://scholar.google.com/citations?view_op=view_citation&hl=en&user=35ZnYEUAAAAJ&cstart=100&pagesize=100&citation_for_view=35ZnYEUAAAAJ:ZeXyd9-uunAC",49,5,745,752,28,1.47,6,5,19,"","",""
28,"I Mora-Seró, R Tena-Zaera, J González, V Muñoz-Sanjosé","MOCVD growth of CdTe on glass: analysis of in situ post-growth annealing",2004,"Journal of crystal growth 262 (1-4)","","","https://scholar.google.com/scholar?oi=bibs&hl=en&cites=17873108602284808293",154,"2023-03-01 18:58:17","Journal article","","","https://scholar.google.com/citations?view_op=view_citation&hl=en&user=35ZnYEUAAAAJ&cstart=100&pagesize=100&citation_for_view=35ZnYEUAAAAJ:RHpTSmoSYBkC",,,19,27,28,1.47,7,4,19,"","",""
27,"I Suárez, E Hassanabadi, A Maulu, N Carlino, CA Maestri, M Latifi, ...","Integrated Optical Amplifier–Photodetector on a Wearable Nanocellulose Substrate",2018,"Advanced Optical Materials","","","https://scholar.google.com/scholar?oi=bibs&hl=en&cites=6300774554735934825",155,"2023-03-01 18:58:17","Journal article","","","https://scholar.google.com/citations?view_op=view_citation&hl=en&user=35ZnYEUAAAAJ&cstart=100&pagesize=100&citation_for_view=35ZnYEUAAAAJ:BwyfMAYsbu0C",6,12,1800201,1800201,27,5.40,4,7,5,"","",""
27,"V González-Pedro, I Zarazua, EM Barea, F Fabregat-Santiago, ...","Panchromatic Solar-to-H2 Conversion by a Hybrid Quantum Dots–Dye Dual Absorber Tandem Device",2014,"The Journal of Physical Chemistry C","","","https://scholar.google.com/scholar?oi=bibs&hl=en&cites=2841223346431043098",156,"2023-03-01 18:58:17","Journal article","","","https://scholar.google.com/citations?view_op=view_citation&hl=en&user=35ZnYEUAAAAJ&cstart=100&pagesize=100&citation_for_view=35ZnYEUAAAAJ:dfsIfKJdRG4C",118,2,891,895,27,3.00,5,5,9,"","",""
26,"E Belarbi, M Vallés-Pelarda, BC Hames, RS Sanchez, EM Barea, ...","Transformation of PbI 2, PbBr 2 and PbCl 2 salts into MAPbBr 3 perovskite by halide exchange as an effective method for recombination reduction",2017,"Physical Chemistry Chemical Physics","","","https://scholar.google.com/scholar?oi=bibs&hl=en&cites=5862212468112860380",157,"2023-03-01 18:58:17","Journal article","","","https://scholar.google.com/citations?view_op=view_citation&hl=en&user=35ZnYEUAAAAJ&cstart=100&pagesize=100&citation_for_view=35ZnYEUAAAAJ:tzM49s52ZIMC",19,17,10913,10921,26,4.33,4,6,6,"","",""
26,"J Albero, EM Barea, J Xu, I Mora‐Seró, H Garcia, M Shalom","Toward efficient carbon nitride photoelectrochemical cells: understanding charge transfer processes",2017,"Advanced Materials Interfaces","","","https://scholar.google.com/scholar?oi=bibs&hl=en&cites=4089530787245005619",158,"2023-03-01 18:58:17","Journal article","","","https://scholar.google.com/citations?view_op=view_citation&hl=en&user=35ZnYEUAAAAJ&cstart=100&pagesize=100&citation_for_view=35ZnYEUAAAAJ:JoZmwDi-zQgC",4,1,1600265,1600265,26,4.33,4,6,6,"","",""
25,"JK Ling, PKK Kizhakkedath, TM Watson, I Mora-Seró, L Schmidt-Mende, ...","A perspective on the commercial viability of perovskite solar cells",2021,"Solar RRL","","","https://scholar.google.com/scholar?oi=bibs&hl=en&cites=16477642499349975766",159,"2023-03-01 18:58:17","Journal article","","","https://scholar.google.com/citations?view_op=view_citation&hl=en&user=35ZnYEUAAAAJ&cstart=100&pagesize=100&citation_for_view=35ZnYEUAAAAJ:4X0JR2_MtJMC",5,11,2100401,2100401,25,12.50,4,6,2,"","",""
25,"KMM Salim, S Masi, AF Gualdrón-Reyes, RS Sánchez, EM Barea, ...","Boosting long-term stability of pure formamidinium perovskite solar cells by ambient air additive assisted fabrication",2021,"ACS Energy Letters","","","https://scholar.google.com/scholar?oi=bibs&hl=en&cites=5342200429684657023",160,"2023-03-01 18:58:17","Journal article","","","https://scholar.google.com/citations?view_op=view_citation&hl=en&user=35ZnYEUAAAAJ&cstart=100&pagesize=100&citation_for_view=35ZnYEUAAAAJ:2tRrZ1ZAMYUC",6,10,3511,3521,25,12.50,4,6,2,"","",""
24,"VS Chirvony, KS Sekerbayev, HP Adl, I Suárez, YT Taurbayev, ...","Interpretation of the photoluminescence decay kinetics in metal halide perovskite nanocrystals and thin polycrystalline films",2020,"Journal of Luminescence","","","https://scholar.google.com/scholar?oi=bibs&hl=en&cites=505447975317409791",161,"2023-03-01 18:58:17","Journal article","","","https://scholar.google.com/citations?view_op=view_citation&hl=en&user=35ZnYEUAAAAJ&cstart=100&pagesize=100&citation_for_view=35ZnYEUAAAAJ:XvxMoLDsR5gC",221,,117092,117092,24,8.00,4,6,3,"","",""
24,"SF Völker, M Vallés‐Pelarda, J Pascual, S Collavini, F Ruiperez, ...","Fullerene‐Based Materials as Hole‐Transporting/Electron‐Blocking Layers: Applications in Perovskite Solar Cells",2018,"Chemistry–A European Journal","","","https://scholar.google.com/scholar?oi=bibs&hl=en&cites=4083121846314042442",162,"2023-03-01 18:58:17","Journal article","","","https://scholar.google.com/citations?view_op=view_citation&hl=en&user=35ZnYEUAAAAJ&cstart=100&pagesize=100&citation_for_view=35ZnYEUAAAAJ:ML0RJ9NH7IQC",24,34,8524,8529,24,4.80,4,6,5,"","",""
24,"I MORA-SERO","Characterization of capacitance, transport and recombination parameters in hybrid perovskite and organic solar cells",2016,"Unconventional Thin Film Photovoltaics: RSC Energy and Environment Series","","","https://scholar.google.com/scholar?oi=bibs&hl=en&cites=18420287333777801505",163,"2023-03-01 18:58:17","Journal article","","","https://scholar.google.com/citations?view_op=view_citation&hl=en&user=35ZnYEUAAAAJ&cstart=100&pagesize=100&citation_for_view=35ZnYEUAAAAJ:WqliGbK-hY8C",57,,,,24,3.43,24,1,7,"","",""
24,"V González-Pedro, Q Shen, V Jovanovski, S Giménez, R Tena-Zaera, ...","Ultrafast characterization of the electron injection from CdSe quantum dots and dye N719 co-sensitizers into TiO2 using sulfide based ionic liquid for enhanced long term stability",2013,"Electrochimica Acta","","","https://scholar.google.com/scholar?oi=bibs&hl=en&cites=4202288295187554155",164,"2023-03-01 18:58:17","Journal article","","","https://scholar.google.com/citations?view_op=view_citation&hl=en&user=35ZnYEUAAAAJ&cstart=100&pagesize=100&citation_for_view=35ZnYEUAAAAJ:70eg2SAEIzsC",100,,35,43,24,2.40,4,6,10,"","",""
24,"J García-Cañadas, I Mora-Seró, F Fabregat-Santiago, J Bisquert, ...","Analysis of cyclic voltammograms of electrochromic a-WO3 films from voltage-dependent equilibrium capacitance measurements",2004,"Journal of Electroanalytical Chemistry","","","https://scholar.google.com/scholar?oi=bibs&hl=en&cites=13269408299939192659",165,"2023-03-01 18:58:17","Journal article","","","https://scholar.google.com/citations?view_op=view_citation&hl=en&user=35ZnYEUAAAAJ&cstart=100&pagesize=100&citation_for_view=35ZnYEUAAAAJ:R3hNpaxXUhUC",565,2,329,334,24,1.26,5,5,19,"","",""
24,"S Gilliland, J González, HS Güder, A Segura, I Mora, V Muñoz","Pressure and temperature dependence of the band‐gap in CdTe",2003,"physica status solidi (b)","","","https://scholar.google.com/scholar?oi=bibs&hl=en&cites=8063595359972741558",166,"2023-03-01 18:58:17","Journal article","","","https://scholar.google.com/citations?view_op=view_citation&hl=en&user=35ZnYEUAAAAJ&cstart=100&pagesize=100&citation_for_view=35ZnYEUAAAAJ:SeFeTyx0c_EC",235,2,441,445,24,1.20,4,6,20,"","",""
23,"R Vidal, JA Alberola‐Borràs, N Sánchez‐Pantoja, I Mora‐Seró","Comparison of perovskite solar cells with other photovoltaics technologies from the point of view of life cycle assessment",2021,"Advanced Energy and Sustainability Research","","","https://scholar.google.com/scholar?oi=bibs&hl=en&cites=14670002314302088941",167,"2023-03-01 18:58:17","Journal article","","","https://scholar.google.com/citations?view_op=view_citation&hl=en&user=35ZnYEUAAAAJ&cstart=100&pagesize=100&citation_for_view=35ZnYEUAAAAJ:5icHVeHT4IsC",2,5,2000088,2000088,23,11.50,6,4,2,"","",""
23,"BC Hames, I Mora-Seró, RS Sánchez","Device performance and light characteristics stability of quantum-dot-based white-light-emitting diodes",2018,"Nano Research","","","https://scholar.google.com/scholar?oi=bibs&hl=en&cites=4486743511258886839",168,"2023-03-01 18:58:17","Journal article","","","https://scholar.google.com/citations?view_op=view_citation&hl=en&user=35ZnYEUAAAAJ&cstart=100&pagesize=100&citation_for_view=35ZnYEUAAAAJ:ipzZ9siozwsC",11,,1575,1588,23,4.60,8,3,5,"","",""
22,"P Galar, P Piatkowski, TT Ngo, M Gutiérrez, I Mora-Seró, A Douhal","Perovskite-quantum dots interface: Deciphering its ultrafast charge carrier dynamics",2018,"Nano Energy","","","https://scholar.google.com/scholar?oi=bibs&hl=en&cites=15407810103548664904",169,"2023-03-01 18:58:17","Journal article","","","https://scholar.google.com/citations?view_op=view_citation&hl=en&user=35ZnYEUAAAAJ&cstart=100&pagesize=100&citation_for_view=35ZnYEUAAAAJ:EYYDruWGBe4C",49,,471,480,22,4.40,4,6,5,"","",""
22,"K Majhi, L Bertoluzzi, DA Keller, HN Barad, A Ginsburg, AY Anderson, ...","Co3O4 Based All-Oxide PV: A Numerical Simulation Analyzed Combinatorial Material Science Study",2016,"The Journal of Physical Chemistry C","","","https://scholar.google.com/scholar?oi=bibs&hl=en&cites=18249402063574504602",170,"2023-03-01 18:58:17","Journal article","","","https://scholar.google.com/citations?view_op=view_citation&hl=en&user=35ZnYEUAAAAJ&cstart=100&pagesize=100&citation_for_view=35ZnYEUAAAAJ:Y5dfb0dijaUC",120,17,9053,9060,22,3.14,3,7,7,"","",""
21,"E López-Fraguas, S Masi, I Mora-Sero","Optical Characterization of Lead-Free Cs2SnI6 Double Perovskite Fabricated from Degraded and Reconstructed CsSnI3 Films",2019,"ACS Applied Energy Materials","","","https://scholar.google.com/scholar?oi=bibs&hl=en&cites=3729387695524699805",171,"2023-03-01 18:58:17","Journal article","","","https://scholar.google.com/citations?view_op=view_citation&hl=en&user=35ZnYEUAAAAJ&cstart=100&pagesize=100&citation_for_view=35ZnYEUAAAAJ:8d8msizDQcsC",2,12,8381,8387,21,5.25,7,3,4,"","",""
21,"J Gong, M Flatken, A Abate, JP Correa-Baena, I Mora-Seró, M Saliba, ...","The bloom of perovskite optoelectronics: Fundamental science matters",2019,"ACS Energy Letters","","","https://scholar.google.com/scholar?oi=bibs&hl=en&cites=8735958884416908257",172,"2023-03-01 18:58:17","Journal article","","","https://scholar.google.com/citations?view_op=view_citation&hl=en&user=35ZnYEUAAAAJ&cstart=100&pagesize=100&citation_for_view=35ZnYEUAAAAJ:0N-VGjzr574C",4,4,861,865,21,5.25,3,7,4,"","",""
21,"B Clasen Hames, R Sánchez Sánchez, A Fakharuddin, I Mora‐Seró","A Comparative Study of Light‐Emitting Diodes Based on All‐Inorganic Perovskite Nanoparticles (CsPbBr3) Synthesized at Room Temperature and by a Hot …",2018,"ChemPlusChem","","","https://scholar.google.com/scholar?oi=bibs&hl=en&cites=8940589210495232805",173,"2023-03-01 18:58:17","Journal article","","","https://scholar.google.com/citations?view_op=view_citation&hl=en&user=35ZnYEUAAAAJ&cstart=100&pagesize=100&citation_for_view=35ZnYEUAAAAJ:AvfA0Oy_GE0C",83,4,294,299,21,4.20,5,4,5,"","",""
21,"I Mora-Seró, JA Anta, T Dittrich, G Garcia-Belmonte, J Bisquert","Continuous time random walk simulation of short-range electron transport in TiO2 layers compared with transient surface photovoltage measurements",2006,"Journal of Photochemistry and Photobiology A: Chemistry","","","https://scholar.google.com/scholar?oi=bibs&hl=en&cites=16175054126389879247",174,"2023-03-01 18:58:17","Journal article","","","https://scholar.google.com/citations?view_op=view_citation&hl=en&user=35ZnYEUAAAAJ&cstart=100&pagesize=100&citation_for_view=35ZnYEUAAAAJ:IWHjjKOFINEC",182,3,280,287,21,1.24,4,5,17,"","",""
20,"T Lana-Villarreal, J Bisquert, I Mora-Seró, P Salvador","Experimental Evidence of a UV Light-Induced Long-Range Electric Field in Nanostructured TiO2 Thin Films in Contact with Aqueous Electrolytes",2005,"The Journal of Physical Chemistry B","","","https://scholar.google.com/scholar?oi=bibs&hl=en&cites=13892985847138235737",175,"2023-03-01 18:58:17","Journal article","","","https://scholar.google.com/citations?view_op=view_citation&hl=en&user=35ZnYEUAAAAJ&cstart=100&pagesize=100&citation_for_view=35ZnYEUAAAAJ:e5wmG9Sq2KIC",109,20,10355,10361,20,1.11,5,4,18,"","",""
19,"HE Sánchez‐Godoy, EA Erazo, AF Gualdrón‐Reyes, AH Khan, ...","Preferred growth direction by PbS nanoplatelets preserves perovskite infrared light harvesting for stable, reproducible, and efficient solar cells",2020,"Advanced Energy Materials","","","https://scholar.google.com/scholar?oi=bibs&hl=en&cites=17645257476298849645",176,"2023-03-01 18:58:17","Journal article","","","https://scholar.google.com/citations?view_op=view_citation&hl=en&user=35ZnYEUAAAAJ&cstart=100&pagesize=100&citation_for_view=35ZnYEUAAAAJ:LhH-TYMQEocC",10,46,2002422,2002422,19,6.33,4,5,3,"","",""
19,"HP Adl, S Gorji, MK Habil, I Suárez, VS Chirvony, AF Gualdrón-Reyes, ...","Purcell Enhancement and Wavelength Shift of Emitted Light by CsPbI3 Perovskite Nanocrystals Coupled to Hyperbolic Metamaterials",2020,"ACS photonics","","","https://scholar.google.com/scholar?oi=bibs&hl=en&cites=9912510185308681185",177,"2023-03-01 18:58:17","Journal article","","","https://scholar.google.com/citations?view_op=view_citation&hl=en&user=35ZnYEUAAAAJ&cstart=100&pagesize=100&citation_for_view=35ZnYEUAAAAJ:yqoGN6RLRZoC",7,11,3152,3160,19,6.33,3,7,3,"","",""
19,"KMM Salim, E Hassanabadi, S Masi, AF Gualdrón-Reyes, ...","Optimizing Performance and Operational Stability of CsPbI3 Quantum-Dot-Based Light-Emitting Diodes by Interface Engineering",2020,"ACS Applied Electronic Materials","","","https://scholar.google.com/scholar?oi=bibs&hl=en&cites=11825150073488514245",178,"2023-03-01 18:58:17","Journal article","","","https://scholar.google.com/citations?view_op=view_citation&hl=en&user=35ZnYEUAAAAJ&cstart=100&pagesize=100&citation_for_view=35ZnYEUAAAAJ:OcBU2YAGkTUC",2,8,2525,2534,19,6.33,4,5,3,"","",""
19,"J Rodríguez-Romero, BC Hames, P Galar, A Fakharuddin, I Suarez, ...","Tuning optical/electrical properties of 2D/3D perovskite by the inclusion of aromatic cation",2018,"Physical Chemistry Chemical Physics","","","https://scholar.google.com/scholar?oi=bibs&hl=en&cites=12964696655878573271",179,"2023-03-01 18:58:17","Journal article","","","https://scholar.google.com/citations?view_op=view_citation&hl=en&user=35ZnYEUAAAAJ&cstart=100&pagesize=100&citation_for_view=35ZnYEUAAAAJ:e_rmSamDkqQC",20,48,30189,30199,19,3.80,3,6,5,"","",""
19,"J Bisquert, J Garcia-Canadas, I Mora-Sero, E Palomares","Comparative analysis of photovoltaic principles governing dye-sensitized solar cells and pn junctions",2004,"Organic Photovoltaics IV","","","https://scholar.google.com/scholar?oi=bibs&hl=en&cites=10290969662630501772",180,"2023-03-01 18:58:17","Journal article","","","https://scholar.google.com/citations?view_op=view_citation&hl=en&user=35ZnYEUAAAAJ&cstart=100&pagesize=100&citation_for_view=35ZnYEUAAAAJ:mB3voiENLucC",5215,,49,59,19,1.00,5,4,19,"","",""
19,"I Mora-Seró, C Polop, C Ocal, M Aguiló, V Muñoz-Sanjosé","Influence of twinned structure on the morphology of CdTe (1 1 1) layers grown by MOCVD on GaAs (1 0 0) substrates",2003,"Journal of crystal growth 257 (1-2)","","","https://scholar.google.com/scholar?oi=bibs&hl=en&cites=15692178883499038832",181,"2023-03-01 18:58:17","Journal article","","","https://scholar.google.com/citations?view_op=view_citation&hl=en&user=35ZnYEUAAAAJ&cstart=100&pagesize=100&citation_for_view=35ZnYEUAAAAJ:qUcmZB5y_30C",,,60,68,19,0.95,4,5,20,"","",""
17,"N Aeineh, AF Castro-Méndez, PJ Rodriguez-Cantó, R Abargues, ...","Optical Optimization of the TiO2 Mesoporous Layer in Perovskite Solar Cells by the Addition of SiO2 Nanoparticles",2018,"ACS omega","","","https://scholar.google.com/scholar?oi=bibs&hl=en&cites=10137187331383367375",182,"2023-03-01 18:58:17","Journal article","","","https://scholar.google.com/citations?view_op=view_citation&hl=en&user=35ZnYEUAAAAJ&cstart=100&pagesize=100&citation_for_view=35ZnYEUAAAAJ:tuHXwOkdijsC",3,8,9798,9804,17,3.40,3,5,5,"","",""
17,"TT Ngo, EM Barea, R Tena-Zaera, I Mora-Seró","Spray-Pyrolyzed ZnO as Electron Selective Contact for Long-Term Stable Planar CH3NH3PbI3 Perovskite Solar Cells",2018,"ACS Applied Energy Materials","","","https://scholar.google.com/scholar?oi=bibs&hl=en&cites=15230726404218021050",183,"2023-03-01 18:58:17","Journal article","","","https://scholar.google.com/citations?view_op=view_citation&hl=en&user=35ZnYEUAAAAJ&cstart=100&pagesize=100&citation_for_view=35ZnYEUAAAAJ:TIZ-Mc8IlK0C",1,8,4057,4064,17,3.40,4,4,5,"","",""
16,"HP Adl, S Gorji, G Munoz-Matutano, RI Sánchez-Alarcón, R Abargues, ...","Homogeneous and inhomogeneous broadening in single perovskite nanocrystals investigated by micro-photoluminescence",2021,"Journal of Luminescence","","","https://scholar.google.com/scholar?oi=bibs&hl=en&cites=2516923265020131270",184,"2023-03-01 18:58:17","Journal article","","","https://scholar.google.com/citations?view_op=view_citation&hl=en&user=35ZnYEUAAAAJ&cstart=100&pagesize=100&citation_for_view=35ZnYEUAAAAJ:AHdEip9mkN0C",240,,118453,118453,16,8.00,3,6,2,"","",""
16,"AF Gualdrón-Reyes, DF Macias-Pinilla, S Masi, C Echeverría-Arrondo, ...","Engineering Sr-doping for enabling long-term stable FAPb 1− x Sr x I 3 quantum dots with 100% photoluminescence quantum yield",2021,"Journal of Materials Chemistry C","","","https://scholar.google.com/scholar?oi=bibs&hl=en&cites=16749125816985860382",185,"2023-03-01 18:58:17","Journal article","","","https://scholar.google.com/citations?view_op=view_citation&hl=en&user=35ZnYEUAAAAJ&cstart=100&pagesize=100&citation_for_view=35ZnYEUAAAAJ:lvd772isFD0C",9,5,1555,1566,16,8.00,3,5,2,"","",""
16,"S Ghosh, R Singh, AS Subbiah, PP Boix, I Mora Seró, SK Sarkar","Enhanced operational stability through interfacial modification by active encapsulation of perovskite solar cells",2020,"Applied Physics Letters","","","https://scholar.google.com/scholar?oi=bibs&hl=en&cites=5196386839832940248",186,"2023-03-01 18:58:17","Journal article","","","https://scholar.google.com/citations?view_op=view_citation&hl=en&user=35ZnYEUAAAAJ&cstart=100&pagesize=100&citation_for_view=35ZnYEUAAAAJ:2VqYfGB8ITEC",116,11,113502,113502,16,5.33,3,6,3,"","",""
16,"I Mora-Seró, J Bisquert","Effect of reduced selectivity of contacts on the current-potential characteristics and conversion performance of solar cells",2005,"Solar energy materials and solar cells","","","https://scholar.google.com/scholar?oi=bibs&hl=en&cites=1723679646743098156",187,"2023-03-01 18:58:17","Journal article","","","https://scholar.google.com/citations?view_op=view_citation&hl=en&user=35ZnYEUAAAAJ&cstart=100&pagesize=100&citation_for_view=35ZnYEUAAAAJ:4JMBOYKVnBMC",85,1,51,62,16,0.89,8,2,18,"","",""
15,"DF Macias-Pinilla, J Planelles, I Mora-Seró, JI Climente","Comparison between trion and exciton electronic properties in CdSe and PbS nanoplatelets",2021,"The Journal of Physical Chemistry C","","","https://scholar.google.com/scholar?oi=bibs&hl=en&cites=15720554225582980027",188,"2023-03-01 18:58:17","Journal article","","","https://scholar.google.com/citations?view_op=view_citation&hl=en&user=35ZnYEUAAAAJ&cstart=100&pagesize=100&citation_for_view=35ZnYEUAAAAJ:artPoR2Yc-kC",125,28,15614,15622,15,7.50,4,4,2,"","",""
14,"HS Güder, S Gilliland, JA Sans, A Segura, J González, I Mora, V Muñoz, ...","Electronic structure and optical properties of CdTe rock‐salt high pressure phase",2003,"physica status solidi (b)","","","https://scholar.google.com/scholar?oi=bibs&hl=en&cites=9243713753888277536",189,"2023-03-01 18:58:17","Journal article","","","https://scholar.google.com/citations?view_op=view_citation&hl=en&user=35ZnYEUAAAAJ&cstart=100&pagesize=100&citation_for_view=35ZnYEUAAAAJ:HoB7MX3m0LUC",235,2,509,513,14,0.70,2,8,20,"","",""
13,"SD Adhikari, C Echeverría-Arrondo, RS Sánchez, VS Chirvony, ...","White light emission from lead-free mixed-cation doped Cs 2 SnCl 6 nanocrystals",2022,"Nanoscale","","","https://scholar.google.com/scholar?oi=bibs&hl=en&cites=18327674922384153637",190,"2023-03-01 18:58:17","Journal article","","","https://scholar.google.com/citations?view_op=view_citation&hl=en&user=35ZnYEUAAAAJ&cstart=100&pagesize=100&citation_for_view=35ZnYEUAAAAJ:BzfGm06jWhQC",14,4,1468,1479,13,13.00,3,5,1,"","",""
13,"CH Lee, YJ Shin, A Villanueva-Antolí, S Das Adhikari, ...","Efficient and Stable Blue- and Red-Emitting Perovskite Nanocrystals through Defect Engineering: PbX2 Purification",2021,"Chemistry of Materials","","","https://scholar.google.com/scholar?oi=bibs&hl=en&cites=3977461783277003635",191,"2023-03-01 18:58:17","Journal article","","","https://scholar.google.com/citations?view_op=view_citation&hl=en&user=35ZnYEUAAAAJ&cstart=100&pagesize=100&citation_for_view=35ZnYEUAAAAJ:jL-93Qbq4QoC",33,22,8745,8757,13,6.50,3,5,2,"","",""
13,"I Suárez, T Wood, JPM Pastor, D Balestri, S Checcucci, T David, L Favre, ...","Enhanced nanoscopy of individual CsPbBr3 perovskite nanocrystals using dielectric sub-micrometric antennas",2020,"APL Materials","","","https://scholar.google.com/scholar?oi=bibs&hl=en&cites=7968800120671317368",192,"2023-03-01 18:58:17","Journal article","","","https://scholar.google.com/citations?view_op=view_citation&hl=en&user=35ZnYEUAAAAJ&cstart=100&pagesize=100&citation_for_view=35ZnYEUAAAAJ:sNmaIFBj_lkC",8,2,21109,21109,13,4.33,2,8,3,"","",""
13,"P Sudhagar, EJ Juárez-Pérez, YS Kang, I Mora-Seró","Quantum dot-sensitized solar cells",2014,"Low-cost Nanomaterials: Toward Greener and More Efficient Energy …","","","https://scholar.google.com/scholar?oi=bibs&hl=en&cites=16127167890213991186",193,"2023-03-01 18:58:17","","","","https://scholar.google.com/citations?view_op=view_citation&hl=en&user=35ZnYEUAAAAJ&cstart=100&pagesize=100&citation_for_view=35ZnYEUAAAAJ:UxriW0iASnsC",,,,,13,1.44,3,4,9,"","",""
12,"HJ Mandujano-Ramírez, JP González-Vázquez, G Oskam, T Dittrich, ...","Charge separation at disordered semiconductor heterojunctions from random walk numerical simulations",2014,"Physical Chemistry Chemical Physics","","","https://scholar.google.com/scholar?oi=bibs&hl=en&cites=13590283125565842271",194,"2023-03-01 18:58:17","Journal article","","","https://scholar.google.com/citations?view_op=view_citation&hl=en&user=35ZnYEUAAAAJ&cstart=100&pagesize=100&citation_for_view=35ZnYEUAAAAJ:cFHS6HbyZ2cC",16,9,4082,4091,12,1.33,2,5,9,"","",""
11,"RR Rad, AF Gualdrón‐Reyes, S Masi, BA Ganji, N Taghavinia, ...","Tunable Carbon–CsPbI3 Quantum Dots for White LEDs",2021,"Advanced Optical Materials","","","https://scholar.google.com/scholar?oi=bibs&hl=en&cites=18384890287492745056",195,"2023-03-01 18:58:17","Journal article","","","https://scholar.google.com/citations?view_op=view_citation&hl=en&user=35ZnYEUAAAAJ&cstart=100&pagesize=100&citation_for_view=35ZnYEUAAAAJ:OP4eGU-M3BUC",9,4,2001508,2001508,11,5.50,2,6,2,"","",""
11,"M Faizan, J Xie, G Murtaza, C Echeverría-Arrondo, T Alshahrani, ...","A first-principles study of the stability, electronic structure, and optical properties of halide double perovskite Rb 2 Sn 1− x Te x I 6 for solar cell applications",2021,"Physical Chemistry Chemical Physics","","","https://scholar.google.com/scholar?oi=bibs&hl=en&cites=3242150864822065282",196,"2023-03-01 18:58:17","Journal article","","","https://scholar.google.com/citations?view_op=view_citation&hl=en&user=35ZnYEUAAAAJ&cstart=100&pagesize=100&citation_for_view=35ZnYEUAAAAJ:u-coK7KVo8oC",23,8,4646,4657,11,5.50,2,6,2,"","",""
11,"S Rodríguez, I Mora, J Murrieta, BWV Morales","Peligros geológicos más frecuentes en el estado de Veracruz",2011,"Universidad Veracruzana Xalapa, Veracruz","","","https://scholar.google.com/scholar?oi=bibs&hl=en&cites=2686695330589834056",197,"2023-03-01 18:58:17","","","","https://scholar.google.com/citations?view_op=view_citation&hl=en&user=35ZnYEUAAAAJ&cstart=100&pagesize=100&citation_for_view=35ZnYEUAAAAJ:4hFrxpcac9AC",,,,,11,0.92,3,4,12,"","",""
11,"C Polop, I Mora-Sero, C Munuera, JG de Andres, V Munoz-Sanjose, ...","Twin coarsening in CdTe (1 1 1) films grown on GaAs (1 0 0)",2006,"Acta materialia","","","https://scholar.google.com/scholar?oi=bibs&hl=en&cites=13677196895550305891",198,"2023-03-01 18:58:17","Journal article","","","https://scholar.google.com/citations?view_op=view_citation&hl=en&user=35ZnYEUAAAAJ&cstart=100&pagesize=100&citation_for_view=35ZnYEUAAAAJ:JV2RwH3_ST0C",54,16,4285,4291,11,0.65,2,6,17,"","",""
10,"J Navarro-Arenas, I Suárez, JP Martínez-Pastor, A Ferrando, ...","Optical Amplification in Hollow-Core Negative-Curvature Fibers Doped with Perovskite CsPbBr3 Nanocrystals",2019,"Nanomaterials","","","https://scholar.google.com/scholar?oi=bibs&hl=en&cites=1994240868738515943",199,"2023-03-01 18:58:17","Journal article","","","https://scholar.google.com/citations?view_op=view_citation&hl=en&user=35ZnYEUAAAAJ&cstart=100&pagesize=100&citation_for_view=35ZnYEUAAAAJ:rmuvC79q63oC",9,6,868,868,10,2.50,2,5,4,"","",""
10,"N Fernández-Delgado, M Herrera, FJ Delgado, AH Tavabi, M Luysberg, ...","Structural characterization of bulk and nanoparticle lead halide perovskite thin films by (S) TEM techniques",2019,"Nanotechnology","","","https://scholar.google.com/scholar?oi=bibs&hl=en&cites=814677496864700529",200,"2023-03-01 18:58:17","Journal article","","","https://scholar.google.com/citations?view_op=view_citation&hl=en&user=35ZnYEUAAAAJ&cstart=100&pagesize=100&citation_for_view=35ZnYEUAAAAJ:xtoqd-5pKcoC",30,13,135701,135701,10,2.50,2,6,4,"","",""
9,"S Rakshit, P Piatkowski, I Mora‐Seró, A Douhal","Combining Perovskites and Quantum Dots: Synthesis, Characterization, and Applications in Solar Cells, LEDs, and Photodetectors",2022,"Advanced Optical Materials","","","https://scholar.google.com/scholar?oi=bibs&hl=en&cites=15525496446344158947",201,"2023-03-01 18:58:17","Journal article","","","https://scholar.google.com/citations?view_op=view_citation&hl=en&user=35ZnYEUAAAAJ&cstart=200&pagesize=100&citation_for_view=35ZnYEUAAAAJ:PaBasH6fAo0C",10,14,2102566,2102566,9,9.00,2,4,1,"","",""
8,"I Suárez, EJ Juárez-Pérez, VS Chirvony, I Mora-Sero, JP Martínez-Pastor","Mechanisms of Spontaneous and Amplified Spontaneous Emission in  Perovskite Thin Films Integrated in an Optical Waveguide",2020,"Physical Review Applied","","","https://scholar.google.com/scholar?oi=bibs&hl=en&cites=3156954007515012919",202,"2023-03-01 18:58:17","Journal article","","","https://scholar.google.com/citations?view_op=view_citation&hl=en&user=35ZnYEUAAAAJ&cstart=200&pagesize=100&citation_for_view=35ZnYEUAAAAJ:dBIO0h50nwkC",13,6,64071,64071,8,2.67,2,5,3,"","",""
8,"P Piatkowski, S Masi, P Galar, M Gutiérrez, TT Ngo, I Mora-Seró, ...","Deciphering the role of quantum dot size in the ultrafast charge carrier dynamics at the perovskite–quantum dot interface",2020,"Journal of Materials Chemistry C","","","https://scholar.google.com/scholar?oi=bibs&hl=en&cites=13149980731167133375",203,"2023-03-01 18:58:17","Journal article","","","https://scholar.google.com/citations?view_op=view_citation&hl=en&user=35ZnYEUAAAAJ&cstart=200&pagesize=100&citation_for_view=35ZnYEUAAAAJ:r_AWSJRzSzQC",8,42,14834,14844,8,2.67,1,7,3,"","",""
8,"HS Kim, IM Sero, VG Pedro, FF Santiago, EJ Perez","J.; Park, NG; Bisquert",2013,"J","Mechanism of carrier accumulation in perovskite thin-absorber solar cells …","","https://scholar.google.com/scholar?oi=bibs&hl=en&cites=10072619685908578550",204,"2023-03-01 18:58:17","","","","https://scholar.google.com/citations?view_op=view_citation&hl=en&user=35ZnYEUAAAAJ&cstart=200&pagesize=100&citation_for_view=35ZnYEUAAAAJ:F9fV5C73w3QC",,,,,8,0.80,2,5,10,"","",""
8,"R Tena-Zaera, I Mora-Sero, C Martinez-Tomas, V Munoz-Sanjose","Numerical study of the growth conditions in a MOCVD reactor: Application to the epitaxial growth of CdTe",2003,"Journal of Optoelectronics and Advanced Materials","","","https://scholar.google.com/scholar?oi=bibs&hl=en&cites=2280961299451284979",205,"2023-03-01 18:58:17","Journal article","","","https://scholar.google.com/citations?view_op=view_citation&hl=en&user=35ZnYEUAAAAJ&cstart=200&pagesize=100&citation_for_view=35ZnYEUAAAAJ:maZDTaKrznsC",5,1,97,108,8,0.40,2,4,20,"","",""
7,"AJ Riquelme, K Valadez-Villalobos, PP Boix, G Oskam, I Mora-Seró, ...","Understanding equivalent circuits in perovskite solar cells. Insights from drift-diffusion simulation",2022,"Physical Chemistry Chemical Physics","","","https://scholar.google.com/scholar?oi=bibs&hl=en&cites=12996397254433261151",206,"2023-03-01 18:58:17","Journal article","","","https://scholar.google.com/citations?view_op=view_citation&hl=en&user=35ZnYEUAAAAJ&cstart=200&pagesize=100&citation_for_view=35ZnYEUAAAAJ:7wO8s98CvbsC",24,26,15657,15671,7,7.00,1,6,1,"","",""
7,"SM Yoo, SY Lee, E Velilla Hernandez, M Kim, G Kim, T Shin, ...","Nanoscale perovskite‐sensitized solar cell revisited: dye‐cell or perovskite‐cell?",2020,"ChemSusChem","","","https://scholar.google.com/scholar?oi=bibs&hl=en&cites=11966331407010437265",207,"2023-03-01 18:58:17","Journal article","","","https://scholar.google.com/citations?view_op=view_citation&hl=en&user=35ZnYEUAAAAJ&cstart=200&pagesize=100&citation_for_view=35ZnYEUAAAAJ:WJVC3Jt7v1AC",13,10,2571,2576,7,2.33,1,7,3,"","",""
7,"I Mora-Seró, J Bisquert","Impedance characterization of quantum dot sensitized solar cells",2012,"Frontiers of Quantum Dot Solar Cells. CMC Publishing Co., Ltd, Japan","","","https://scholar.google.com/scholar?oi=bibs&hl=en&cites=16193347967037431634",208,"2023-03-01 18:58:17","Book chapter","","","https://scholar.google.com/citations?view_op=view_citation&hl=en&user=35ZnYEUAAAAJ&cstart=200&pagesize=100&citation_for_view=35ZnYEUAAAAJ:vV6vV6tmYwMC",,,162,175,7,0.64,4,2,11,"","",""
6,"J Navarro‐Arenas, I Suárez, AF Gualdrón‐Reyes, I Mora‐Seró, J Bisquert, ...","Recycled Photons Traveling Several Millimeters in Waveguides Based on CsPbBr3 Perovskite Nanocrystals",2021,"Advanced Optical Materials","","","https://scholar.google.com/scholar?oi=bibs&hl=en&cites=5002296905971468462",209,"2023-03-01 18:58:17","Journal article","","","https://scholar.google.com/citations?view_op=view_citation&hl=en&user=35ZnYEUAAAAJ&cstart=200&pagesize=100&citation_for_view=35ZnYEUAAAAJ:Ak0FvsSvgGUC",9,19,2100807,2100807,6,3.00,1,6,2,"","",""
6,"VS Chirvony, I Suárez, J Rodríguez-Romero, R Vázquez-Cárdenas, ...","Inhomogeneous Broadening of Photoluminescence Spectra and Kinetics of Nanometer-Thick (Phenethylammonium)2PbI4 Perovskite Thin Films: Implications for …",2021,"ACS Applied Nano Materials","","","https://scholar.google.com/scholar?oi=bibs&hl=en&cites=17328935221838140607",210,"2023-03-01 18:58:17","Journal article","","","https://scholar.google.com/citations?view_op=view_citation&hl=en&user=35ZnYEUAAAAJ&cstart=200&pagesize=100&citation_for_view=35ZnYEUAAAAJ:vDZJ-YLwNdEC",4,6,6170,6177,6,3.00,1,5,2,"","",""
6,"ZR Marand, A Kermanpur, F Karimzadeh, EM Barea, E Hassanabadi, ...","Structural and Electrical Investigation of Cobalt-Doped NiOx/Perovskite Interface for Efficient Inverted Solar Cells",2020,"Nanomaterials","","","https://scholar.google.com/scholar?oi=bibs&hl=en&cites=16920724086946265589",211,"2023-03-01 18:58:17","Journal article","","","https://scholar.google.com/citations?view_op=view_citation&hl=en&user=35ZnYEUAAAAJ&cstart=200&pagesize=100&citation_for_view=35ZnYEUAAAAJ:OTTXONDVkokC",10,5,872,872,6,2.00,1,6,3,"","",""
6,"I Mora-Seró, M Saliba, Y Zhou","Towards the next decade for perovskite solar cells",2020,"","Wiley","","https://scholar.google.com/scholar?oi=bibs&hl=en&cites=4291293684646677825",212,"2023-03-01 18:58:17","Book","","","https://scholar.google.com/citations?view_op=view_citation&hl=en&user=35ZnYEUAAAAJ&cstart=200&pagesize=100&citation_for_view=35ZnYEUAAAAJ:umqufdRvDiIC",,,,,6,2.00,2,3,3,"","",""
6,"H Tian, A Soto, B Xu, L Sun, A Hagfeldt, F Fabregat-Santiago, I Mora-Sero, ...","Effect of the chromophores structures on the performance of solid-state dye sensitized solar cells",2014,"Nano","","","https://scholar.google.com/scholar?oi=bibs&hl=en&cites=5172109501653675817",213,"2023-03-01 18:58:17","Journal article","","","https://scholar.google.com/citations?view_op=view_citation&hl=en&user=35ZnYEUAAAAJ&cstart=200&pagesize=100&citation_for_view=35ZnYEUAAAAJ:b0M2c_1WBrUC",9,5,1440005,1440005,6,0.67,1,8,9,"","",""
6,"R Tena-Zaera, I Mora-Seró, C Martı́nez-Tomás, V Muñoz-Sanjosé","Numerical study of the growth conditions in an MOCVD reactor: application to the epitaxial growth of HgTe",2002,"Journal of crystal growth 240 (1-2)","","","https://scholar.google.com/scholar?oi=bibs&hl=en&cites=16205503986407861264",214,"2023-03-01 18:58:17","Journal article","","","https://scholar.google.com/citations?view_op=view_citation&hl=en&user=35ZnYEUAAAAJ&cstart=200&pagesize=100&citation_for_view=35ZnYEUAAAAJ:isC4tDSrTZIC",,,124,134,6,0.29,2,4,21,"","",""
5,"G Vescio, JL Frieiro, AF Gualdrón‐Reyes, S Hernández, I Mora‐Seró, ...","High Quality Inkjet Printed‐Emissive Nanocrystalline Perovskite CsPbBr3 Layers for Color Conversion Layer and LEDs Applications",2022,"Advanced Materials Technologies","","","https://scholar.google.com/scholar?oi=bibs&hl=en&cites=15921545331086308822",215,"2023-03-01 18:58:17","Journal article","","","https://scholar.google.com/citations?view_op=view_citation&hl=en&user=35ZnYEUAAAAJ&cstart=200&pagesize=100&citation_for_view=35ZnYEUAAAAJ:v1_lew4L6wgC",7,7,2101525,2101525,5,5.00,1,6,1,"","",""
5,"R Vidal, JA Alberola-Borràs, I Mora-Seró","Abiotic depletion and the potential risk to the supply of cesium",2020,"Resources Policy","","","https://scholar.google.com/scholar?oi=bibs&hl=en&cites=4391415271028636956",216,"2023-03-01 18:58:17","Journal article","","","https://scholar.google.com/citations?view_op=view_citation&hl=en&user=35ZnYEUAAAAJ&cstart=200&pagesize=100&citation_for_view=35ZnYEUAAAAJ:yFnVuubrUp4C",68,,101792,101792,5,1.67,2,3,3,"","",""
5,"I Mora-Seró","Turn defects into strengths",2020,"Nature Energy","","","https://scholar.google.com/scholar?oi=bibs&hl=en&cites=1306476919241664178",217,"2023-03-01 18:58:17","Journal article","","","https://scholar.google.com/citations?view_op=view_citation&hl=en&user=35ZnYEUAAAAJ&cstart=200&pagesize=100&citation_for_view=35ZnYEUAAAAJ:HIFyuExEbWQC",5,5,363,364,5,1.67,5,1,3,"","",""
5,"NV Sochinskii, C Reig, I Mora-Seró, J Peraza, V Muñoz","Vapor growth of Hg1− xCdxI2 on glass using CdTe buffer",2001,"Thin solid films","","","https://scholar.google.com/scholar?oi=bibs&hl=en&cites=4965127499927865789",218,"2023-03-01 18:58:17","Journal article","","","https://scholar.google.com/citations?view_op=view_citation&hl=en&user=35ZnYEUAAAAJ&cstart=200&pagesize=100&citation_for_view=35ZnYEUAAAAJ:iH-uZ7U-co4C",381,1,48,51,5,0.23,1,5,22,"","",""
4,"C Redondo-Obispo, P Serafini, E Climent-Pascual, TS Ripolles, ...","Effect of pristine graphene on methylammonium lead iodide films and implications on solar cell performance",2021,"ACS Applied Energy Materials","","","https://scholar.google.com/scholar?oi=bibs&hl=en&cites=10247395121013088062",219,"2023-03-01 18:58:17","Journal article","","","https://scholar.google.com/citations?view_op=view_citation&hl=en&user=35ZnYEUAAAAJ&cstart=200&pagesize=100&citation_for_view=35ZnYEUAAAAJ:QD3KBmkZPeQC",4,12,13943,13951,4,2.00,1,5,2,"","",""
4,"S Das Adhikari, S Masi, C Echeverría‐Arrondo, S Miralles‐Comins, ...","Continuous‐Flow Synthesis of Orange Emitting Sn (II)‐Doped CsBr Materials",2021,"Advanced Optical Materials","","","https://scholar.google.com/scholar?oi=bibs&hl=en&cites=5345234882183226983",220,"2023-03-01 18:58:17","Journal article","","","https://scholar.google.com/citations?view_op=view_citation&hl=en&user=35ZnYEUAAAAJ&cstart=200&pagesize=100&citation_for_view=35ZnYEUAAAAJ:sJsF-0ZLhtgC",9,21,2101024,2101024,4,2.00,1,5,2,"","",""
4,"M Vallés‐Pelarda, AF Gualdrón‐Reyes, C Felip‐León, ...","High Optical Performance of Cyan‐Emissive CsPbBr3 Perovskite Quantum Dots Embedded in Molecular Organogels",2021,"Advanced Optical Materials","","","https://scholar.google.com/scholar?oi=bibs&hl=en&cites=9148816363986760920",221,"2023-03-01 18:58:17","Journal article","","","https://scholar.google.com/citations?view_op=view_citation&hl=en&user=35ZnYEUAAAAJ&cstart=200&pagesize=100&citation_for_view=35ZnYEUAAAAJ:nVrZBo8bIpAC",9,18,2001786,2001786,4,2.00,1,4,2,"","",""
4,"JP Martinez-Pastor, HP Adl, S Gorji, J Navarro-Arenas, ...","Lead halide perovskite nanocrystals: optical properties and nanophotonics",2021,"Low-Dimensional Materials and Devices 2021","","","https://scholar.google.com/scholar?oi=bibs&hl=en&cites=5925335047997497477",222,"2023-03-01 18:58:17","Journal article","","","https://scholar.google.com/citations?view_op=view_citation&hl=en&user=35ZnYEUAAAAJ&cstart=200&pagesize=100&citation_for_view=35ZnYEUAAAAJ:LgRImbQfgY4C",11800,,36,44,4,2.00,1,5,2,"","",""
4,"DF Macias-Pinilla, C Echeverría-Arrondo, AF Gualdron Reyes, ...","Morphology and band structure of orthorhombic PbS nanoplatelets: An indirect band gap material",2021,"Chemistry of Materials","","","https://scholar.google.com/scholar?oi=bibs&hl=en&cites=4805121570467705464",223,"2023-03-01 18:58:17","Journal article","","","https://scholar.google.com/citations?view_op=view_citation&hl=en&user=35ZnYEUAAAAJ&cstart=200&pagesize=100&citation_for_view=35ZnYEUAAAAJ:8xutWZnSdmoC",33,1,420,429,4,2.00,1,4,2,"","",""
4,"EA Erazo, HE Sánchez-Godoy, AF Gualdrón-Reyes, S Masi, I Mora-Seró","Photo-Induced Black Phase Stabilization of CsPbI3 QDs Films",2020,"Nanomaterials","","","https://scholar.google.com/scholar?oi=bibs&hl=en&cites=6335435615571015708",224,"2023-03-01 18:58:17","Journal article","","","https://scholar.google.com/citations?view_op=view_citation&hl=en&user=35ZnYEUAAAAJ&cstart=200&pagesize=100&citation_for_view=35ZnYEUAAAAJ:fFSKOagxvKUC",10,8,1586,1586,4,1.33,1,5,3,"","",""
4,"M Vallés-Pelarda, RS Sanchez, EM Barea, I Mora-Seró, B Julián-López","Up-Converting Lanthanide-Doped YAG Nanospheres",2020,"Frontiers in Materials","","","https://scholar.google.com/scholar?oi=bibs&hl=en&cites=110357095186315351",225,"2023-03-01 18:58:17","Journal article","","","https://scholar.google.com/citations?view_op=view_citation&hl=en&user=35ZnYEUAAAAJ&cstart=200&pagesize=100&citation_for_view=35ZnYEUAAAAJ:OR75R8vi5nAC",7,,273,273,4,1.33,1,5,3,"","",""
4,"C Levy-Clement, J Elias, R Tena-Zaera, I Mora-Sero, Y Luo, J Bisquert","Electrochemical deposition and characterization of ZnO nanowire arrays with tailored dimensions",2007,"ECS Transactions","","","https://scholar.google.com/scholar?oi=bibs&hl=en&cites=4301502294429236924",226,"2023-03-01 18:58:17","Journal article","","","https://scholar.google.com/citations?view_op=view_citation&hl=en&user=35ZnYEUAAAAJ&cstart=200&pagesize=100&citation_for_view=35ZnYEUAAAAJ:BqipwSGYUEgC",6,2,405,405,4,0.25,1,6,16,"","",""
4,"I Mora-Seró, V Munoz, M Barbe, R Triboulet","Study of the chemically activated sublimation of ZnSe",1999,"Journal of crystal growth","","","https://scholar.google.com/scholar?oi=bibs&hl=en&cites=3219897655571153212",227,"2023-03-01 18:58:17","Journal article","","","https://scholar.google.com/citations?view_op=view_citation&hl=en&user=35ZnYEUAAAAJ&cstart=200&pagesize=100&citation_for_view=35ZnYEUAAAAJ:blknAaTinKkC",197,3,497,503,4,0.17,1,4,24,"","",""
3,"I Suárez, VS Chirvony, J Sánchez‐Díaz, RS Sánchez, I Mora‐Seró, ...","Directional and Polarized Lasing Action on Pb‐free FASnI3 Integrated in Flexible Optical Waveguides",2022,"Advanced Optical Materials","","","https://scholar.google.com/scholar?oi=bibs&hl=en&cites=2757836301825074225",228,"2023-03-01 18:58:17","Journal article","","","https://scholar.google.com/citations?view_op=view_citation&hl=en&user=35ZnYEUAAAAJ&cstart=200&pagesize=100&citation_for_view=35ZnYEUAAAAJ:FiytvqdAVhgC",10,15,2200458,2200458,3,3.00,1,6,1,"","",""
3,"R Vázquez-Cárdenas, J Rodriguez-Romero, C Echeverría-Arrondo, ...","Suppressing the Formation of High n-Phase and 3D Perovskites in the Fabrication of Ruddlesden–Popper Perovskite Thin Films by Bulky Organic Cation …",2022,"Chemistry of Materials","","","https://scholar.google.com/scholar?oi=bibs&hl=en&cites=3719188933963304198",229,"2023-03-01 18:58:17","Journal article","","","https://scholar.google.com/citations?view_op=view_citation&hl=en&user=35ZnYEUAAAAJ&cstart=200&pagesize=100&citation_for_view=35ZnYEUAAAAJ:7BrZ7Jt4UNcC",34,7,3076,3088,3,3.00,1,4,1,"","",""
3,"R Fernández-Climent, AF Gualdrón-Reyes, M García-Tecedor, CA Mesa, ...","Switchable All Inorganic Halide Perovskite Nanocrystalline Photoelectrodes for Solar‐Driven Organic Transformations",2022,"Solar RRL","","","https://scholar.google.com/scholar?oi=bibs&hl=en&cites=5850707065892068039",230,"2023-03-01 18:58:17","Journal article","","","https://scholar.google.com/citations?view_op=view_citation&hl=en&user=35ZnYEUAAAAJ&cstart=200&pagesize=100&citation_for_view=35ZnYEUAAAAJ:4xDN1ZYqzskC",6,1,2100723,2100723,3,3.00,1,5,1,"","",""
3,"SM Yoo, SY Lee, G Kim, EV Hernandez, I Mora-Seró, SJ Yoon, T Shin, ...","Preparation of nanoscale inorganic CsPbIxBr3-x perovskite photosensitizers on the surface of mesoporous TiO2 film for solid-state sensitized solar cells",2021,"Applied Surface Science","","","https://scholar.google.com/scholar?oi=bibs&hl=en&cites=13129790104305205974",231,"2023-03-01 18:58:17","Journal article","","","https://scholar.google.com/citations?view_op=view_citation&hl=en&user=35ZnYEUAAAAJ&cstart=200&pagesize=100&citation_for_view=35ZnYEUAAAAJ:gVv57TyPmFsC",551,,149387,149387,3,1.50,0,8,2,"","",""
3,"S Sánchez, B Carlsen, V Škorjanc, N Flores, P Serafini, I Mora-Seró, ...","Thermodynamic stability screening of IR-photonic processed multication halide perovskite thin films",2021,"Journal of Materials Chemistry A","","","https://scholar.google.com/scholar?oi=bibs&hl=en&cites=2446198387878058221",232,"2023-03-01 18:58:17","Journal article","","","https://scholar.google.com/citations?view_op=view_citation&hl=en&user=35ZnYEUAAAAJ&cstart=200&pagesize=100&citation_for_view=35ZnYEUAAAAJ:wMgC3FpKEyYC",9,47,26885,26895,3,1.50,0,7,2,"","",""
3,"R Chuliá-Jordán, N Fernández-Delgado, EJ Juárez-Pérez, I Mora-Seró, ...","Inhibition of light emission from the metastable tetragonal phase at low temperatures in island-like films of lead iodide perovskites",2019,"Nanoscale","","","https://scholar.google.com/scholar?oi=bibs&hl=en&cites=4557750800017268501",233,"2023-03-01 18:58:17","Journal article","","","https://scholar.google.com/citations?view_op=view_citation&hl=en&user=35ZnYEUAAAAJ&cstart=200&pagesize=100&citation_for_view=35ZnYEUAAAAJ:FAceZFleit8C",11,46,22378,22386,3,0.75,1,5,4,"","",""
2,"S Gorji, M Krecmarova, A Molina, MC Asensio, AF Gualdrón-Reyes, ...","Donor-acceptor discrete optical emission in 2D perovskites",2022,"arXiv preprint arXiv:2204.","","","https://scholar.google.com/scholar?oi=bibs&hl=en&cites=1715010962973519375",234,"2023-03-01 18:58:17","Preprint","","","https://scholar.google.com/citations?view_op=view_citation&hl=en&user=35ZnYEUAAAAJ&cstart=200&pagesize=100&citation_for_view=35ZnYEUAAAAJ:j7_hQOaDUrUC",6400,,,,2,2.00,0,6,1,"","",""
2,"TS Ripolles, P Serafini, C Redondo-Obispo, E Climent-Pascual, S Masi, ...","Interface Engineering in Perovskite Solar Cells by Low Concentration of Phenylethyl Ammonium Iodide Solution in the Antisolvent Step",2022,"Energy Technology","","","https://scholar.google.com/scholar?oi=bibs&hl=en&cites=6398646661257940866",235,"2023-03-01 18:58:17","Journal article","","","https://scholar.google.com/citations?view_op=view_citation&hl=en&user=35ZnYEUAAAAJ&cstart=200&pagesize=100&citation_for_view=35ZnYEUAAAAJ:buQ7SEKw-1sC",10,3,2100890,2100890,2,2.00,0,6,1,"","",""
2,"D Ma, I Mora-Seró, M Saliba, L Etgar","Energy Spotlight: Stabilization of Perovskite Solar Cells",2021,"ACS Energy Letters","","","https://scholar.google.com/scholar?oi=bibs&hl=en&cites=3830533458890313355",236,"2023-03-01 18:58:17","Journal article","","","https://scholar.google.com/citations?view_op=view_citation&hl=en&user=35ZnYEUAAAAJ&cstart=200&pagesize=100&citation_for_view=35ZnYEUAAAAJ:NyGDZy8z5eUC",6,10,3750,3752,2,1.00,1,4,2,"","",""
2,"J Lu, D Ma, I Mora-Sero","Energy Spotlight: Advances in Lithium− Oxygen Batteries, Indoor Organic Photovoltaics, and Perovskite Photocatalysis",2020,"ACS Energy Letters","","","https://scholar.google.com/scholar?oi=bibs&hl=en&cites=16642486757796578151",237,"2023-03-01 18:58:17","Journal article","","","https://scholar.google.com/citations?view_op=view_citation&hl=en&user=35ZnYEUAAAAJ&cstart=200&pagesize=100&citation_for_view=35ZnYEUAAAAJ:mlAyqtXpCwEC",5,5,1662,1664,2,0.67,1,3,3,"","",""
2,"B Wenger, HJ Snaith, IH Sörensen, J Ripperger, S Kazim, S Ahmad, ...","Towards unification of perovskite stability and photovoltaic performance assessment",2020,"arXiv preprint arXiv:2004.","","","https://scholar.google.com/scholar?oi=bibs&hl=en&cites=13299983391564726020",238,"2023-03-01 18:58:17","Preprint","","","https://scholar.google.com/citations?view_op=view_citation&hl=en&user=35ZnYEUAAAAJ&cstart=200&pagesize=100&citation_for_view=35ZnYEUAAAAJ:IRz6iEL74y4C",11590,,,,2,0.67,0,7,3,"","",""
2,"Y Zhou, M Saliba, I Mora-Sero","Welcoming the First Decade of Perovskite Solar Cells",2019,"","Wiley","","https://scholar.google.com/scholar?oi=bibs&hl=en&cites=15119285437130994673",239,"2023-03-01 18:58:17","Book","","","https://scholar.google.com/citations?view_op=view_citation&hl=en&user=35ZnYEUAAAAJ&cstart=200&pagesize=100&citation_for_view=35ZnYEUAAAAJ:0izLItjtcgwC",,,,,2,0.50,1,3,4,"","",""
2,"CM Ruiz, V González-Pedro, A Moreau, J Le Rouzo, JJ Simon, ...","Using combined photoreflectance and photoluminescence for understanding optical transitions in perovskites",2015,"2015 IEEE 42nd Photovoltaic Specialist Conference (PVSC)","","","https://scholar.google.com/scholar?oi=bibs&hl=en&cites=6758272484985162118",240,"2023-03-01 18:58:17","Conference paper","","","https://scholar.google.com/citations?view_op=view_citation&hl=en&user=35ZnYEUAAAAJ&cstart=200&pagesize=100&citation_for_view=35ZnYEUAAAAJ:wbdj-CoPYUoC",,,1,4,2,0.25,0,6,8,"","",""
1,"G Vescio, J Sanchez-Diaz, JL Frieiro, RS Sánchez, S Hernández, ...","2D PEA2SnI4 Inkjet-Printed Halide Perovskite LEDs on Rigid and Flexible Substrates",2022,"ACS Energy Letters","","","https://scholar.google.com/scholar?oi=bibs&hl=en&cites=11285047530250377512",241,"2023-03-01 18:58:17","Journal article","","","https://scholar.google.com/citations?view_op=view_citation&hl=en&user=35ZnYEUAAAAJ&cstart=200&pagesize=100&citation_for_view=35ZnYEUAAAAJ:-mN3Mh-tlDkC",7,10,3653,3655,1,1.00,0,6,1,"","",""
1,"AF Gualdrón-Reyes, CA Mesa, S Giménez, I Mora-Seró","Application of Halide Perovskite Nanocrystals in Solar‐Driven Photo (electro) Catalysis",2022,"Solar RRL","","","https://scholar.google.com/scholar?oi=bibs&hl=en&cites=17107330233906292169",242,"2023-03-01 18:58:17","Journal article","","","https://scholar.google.com/citations?view_op=view_citation&hl=en&user=35ZnYEUAAAAJ&cstart=200&pagesize=100&citation_for_view=35ZnYEUAAAAJ:nRpfm8aw39MC",6,7,2200012,2200012,1,1.00,0,4,1,"","",""
1,"I Recalde, AF Gualdrón‐Reyes, C Echeverría‐Arrondo, ...","Vitamins as Active Agents for Highly Emissive and Stable Nanostructured Halide Perovskite Inks and 3D Composites Fabricated by Additive Manufacturing",2022,"Advanced Functional Materials","","","https://scholar.google.com/scholar?oi=bibs&hl=en&cites=13787610565549130678",243,"2023-03-01 18:58:17","Journal article","","","https://scholar.google.com/citations?view_op=view_citation&hl=en&user=35ZnYEUAAAAJ&cstart=200&pagesize=100&citation_for_view=35ZnYEUAAAAJ:WC9gN4BGCRcC",2210802,,,,1,1.00,0,4,1,"","",""
1,"CH Lee, SJ Lee, YJ Shin, Y Woo, SH Han, AF Gualdrón-Reyes, ...","Synthetic and Post-Synthetic Strategies to Improve Photoluminescence Quantum Yields in Perovskite Quantum Dots",2021,"Catalysts","","","https://scholar.google.com/scholar?oi=bibs&hl=en&cites=8372777403527271120",244,"2023-03-01 18:58:17","Journal article","","","https://scholar.google.com/citations?view_op=view_citation&hl=en&user=35ZnYEUAAAAJ&cstart=200&pagesize=100&citation_for_view=35ZnYEUAAAAJ:F1b5ZUV5XREC",11,8,957,957,1,0.50,0,7,2,"","",""
1,"J Navarro-Arenas, AF Gualdrón-Reyes, VS Chirvony, I Mora-Seró, ...","Amplified Spontaneous Emission in Thin Films of CsPbX3 Perovskite Nanocrystals",2019,"2019 21st International Conference on Transparent Optical Networks (ICTON)","","","https://scholar.google.com/scholar?oi=bibs&hl=en&cites=8189488767162218776",245,"2023-03-01 18:58:17","Conference paper","","","https://scholar.google.com/citations?view_op=view_citation&hl=en&user=35ZnYEUAAAAJ&cstart=200&pagesize=100&citation_for_view=35ZnYEUAAAAJ:GtLg2Ama23sC",,,1,4,1,0.25,0,5,4,"","",""
1,"I Suárez, EJ Juárez-Pérez, I Mora-Seró, J Bisquert, JP Martínez-Pastor","Halide perovskite amplifiers integrated in polymer waveguides",2016,"2016 18th International Conference on Transparent Optical Networks (ICTON)","","","https://scholar.google.com/scholar?oi=bibs&hl=en&cites=4029734601863911679",246,"2023-03-01 18:58:17","Conference paper","","","https://scholar.google.com/citations?view_op=view_citation&hl=en&user=35ZnYEUAAAAJ&cstart=200&pagesize=100&citation_for_view=35ZnYEUAAAAJ:ye4kPcJQO24C",,,1,3,1,0.14,0,5,7,"","",""
1,"D Gross, IM Seró, T Dittrich, AS Susha, AL Rogach, E Da Como, ...","Charge delocalization and separation in type II tunneling structures of CdTe and CdSe nanocrystals by surface photovoltage spectroscopy",2009,"237th American Chemical Society National Meeting, ACS Spring 2009 …","","","https://scholar.google.com/scholar?oi=bibs&hl=en&cites=5051764544070175456",247,"2023-03-01 18:58:17","Conference paper","","","https://scholar.google.com/citations?view_op=view_citation&hl=en&user=35ZnYEUAAAAJ&cstart=200&pagesize=100&citation_for_view=35ZnYEUAAAAJ:vDijr-p_gm4C",,,,,1,0.07,0,7,14,"","",""
0,"A Lorusso, S Masi, C Triolo, F Mariano, S Muia, A Cannavale, Y Duan, ...","Breaking the 25% Transparency and 15% Efficiency limits of Perovskite Solar Cells in a broad angular range of sun-light incidence",2023,"","","","https://scholar.google.com",248,"2023-03-01 18:58:17","","","","https://scholar.google.com/citations?view_op=view_citation&hl=en&user=35ZnYEUAAAAJ&cstart=200&pagesize=100&citation_for_view=35ZnYEUAAAAJ:1Ye0OR6EYb4C",,,,,0,0.00,0,8,1,"","",""
0,"C Echeverría‐Arrondo, KMM Salim, S Masi, I Mora‐Seró","Stabilization of Black FAPbI3 Perovskite by Interaction with the Surface of the Polymorphic Phase α‐PbO",2023,"Advanced Physics Research","","","https://scholar.google.com",249,"2023-03-01 18:58:17","","","","https://scholar.google.com/citations?view_op=view_citation&hl=en&user=35ZnYEUAAAAJ&cstart=200&pagesize=100&citation_for_view=35ZnYEUAAAAJ:jFemdcug13IC",,,,,0,0.00,0,4,1,"","",""
0,"OE Solis, C Fernández-Saiz, JM Rivas, D Esparza, SH Turren-Cruz, ...","α-FAPbI3 powder presynthesized by microwave irradiation for photovoltaic applications",2023,"Electrochimica Acta","","","https://scholar.google.com",250,"2023-03-01 18:58:17","Journal article","","","https://scholar.google.com/citations?view_op=view_citation&hl=en&user=35ZnYEUAAAAJ&cstart=200&pagesize=100&citation_for_view=35ZnYEUAAAAJ:Ade32sEp0pkC",439,,141701,141701,0,0.00,0,6,1,"","",""
0,"S Miralles-Comins, M Zanatta, AF Gualdrón-Reyes, J Rodriguez-Pereira, ...","Polymeric ionic liquid-based formulations for the fabrication of highly stable perovskite nanocrystal composites for photocatalytic applications",2023,"Nanoscale","","","https://scholar.google.com",251,"2023-03-01 18:58:17","","","","https://scholar.google.com/citations?view_op=view_citation&hl=en&user=35ZnYEUAAAAJ&cstart=200&pagesize=100&citation_for_view=35ZnYEUAAAAJ:KaMxkj08jr0C",,,,,0,0.00,0,5,1,"","",""
0,"H Pashaei Adl, S Gorji, AF Gualdrón-Reyes, I Mora-Seró, I Suárez, ...","Enhanced Spontaneous Emission of CsPbI3 Perovskite Nanocrystals Using a Hyperbolic Metamaterial Modified by Dielectric Nanoantenna",2023,"Nanomaterials","","","https://scholar.google.com",252,"2023-03-01 18:58:17","Journal article","","","https://scholar.google.com/citations?view_op=view_citation&hl=en&user=35ZnYEUAAAAJ&cstart=200&pagesize=100&citation_for_view=35ZnYEUAAAAJ:rHJHxKgnXwkC",13,1,11,11,0,0.00,0,6,1,"","",""
0,"RS Sánchez, A Villanueva‐Antolí, A Bou, M Ruiz‐Murillo, I Mora‐Seró, ...","Radiative recombination processes in halide perovskites observed by light emission voltage modulated spectroscopy",2022,"Advanced Materials","","","https://scholar.google.com",253,"2023-03-01 18:58:17","Journal article","","","https://scholar.google.com/citations?view_op=view_citation&hl=en&user=35ZnYEUAAAAJ&cstart=200&pagesize=100&citation_for_view=35ZnYEUAAAAJ:3NQIlFlcGxIC",2207993,,,,0,0.00,0,6,1,"","",""
0,"VS Chirvony, I Suárez, J Sanchez‐Diaz, RS Sánchez, ...","Unusual Spectrally Reproducible and High Q‐Factor Random Lasing in Polycrystalline Tin Perovskite Films",2022,"Advanced Materials","","","https://scholar.google.com",254,"2023-03-01 18:58:17","Journal article","","","https://scholar.google.com/citations?view_op=view_citation&hl=en&user=35ZnYEUAAAAJ&cstart=200&pagesize=100&citation_for_view=35ZnYEUAAAAJ:LPtt_HFRSbwC",2208293,,,,0,0.00,0,5,1,"","",""
0,"P Serafini, PP Boix, EM Barea, T Edvinson, S Sánchez, I Mora-Seró","Photonic Processing of MAPbI3 Films by Flash Annealing and Rapid Growth for High‐Performance Perovskite Solar Cells",2022,"Solar Rrl","","","https://scholar.google.com",255,"2023-03-01 18:58:17","Journal article","","","https://scholar.google.com/citations?view_op=view_citation&hl=en&user=35ZnYEUAAAAJ&cstart=200&pagesize=100&citation_for_view=35ZnYEUAAAAJ:Br1UauaknNIC",2200641,,,,0,0.00,0,6,1,"","",""
0,"J Torres, I Zarazua, D Esparza, JM Rivas, M Saliba, I Mora-Seró, ...","Degradation Analysis of Triple-Cation Perovskite Solar Cells by Electrochemical Impedance Spectroscopy",2022,"ACS Applied Energy Materials","","","https://scholar.google.com",256,"2023-03-01 18:58:17","Journal article","","","https://scholar.google.com/citations?view_op=view_citation&hl=en&user=35ZnYEUAAAAJ&cstart=200&pagesize=100&citation_for_view=35ZnYEUAAAAJ:yxmsSjX2EkcC",5,10,12545,12552,0,0.00,0,7,1,"","",""
0,"R Canet-Albiach, M Krecmarova, JB Bailach, AF Gualdrón-Reyes, ...","Revealing Giant Exciton Fine-Structure Splitting in Two-Dimensional Perovskites Using van der Waals Passivation",2022,"Nano Letters","","","https://scholar.google.com",257,"2023-03-01 18:58:17","Journal article","","","https://scholar.google.com/citations?view_op=view_citation&hl=en&user=35ZnYEUAAAAJ&cstart=200&pagesize=100&citation_for_view=35ZnYEUAAAAJ:XUvXOeBm_78C",22,18,7621,7627,0,0.00,0,5,1,"","",""
0,"I Suárez, VS Chirvony, J Sánchez-Díaz, RS Sánchez, I Mora-Seró, ...","Lead-free FASnI3 laser amplifiers integrated in flexible waveguides",2022,"Integrated Photonics Research, Silicon and Nanophotonics, ITu1C.","","","https://scholar.google.com",258,"2023-03-01 18:58:17","Journal article","","","https://scholar.google.com/citations?view_op=view_citation&hl=en&user=35ZnYEUAAAAJ&cstart=200&pagesize=100&citation_for_view=35ZnYEUAAAAJ:hsZV8lGYWTMC",2,,,,0,0.00,0,6,1,"","",""
0,"H Pashaei Adl, S Gorji, G Muñoz Matutano, AF Gualdrón-Reyes, I Suárez, ...","The thermal decoherence of superradiance in halide perovskite supercrystals",2022,"Proceedings of International Conference on Emerging Light Emitting Materials …","","","https://scholar.google.com",259,"2023-03-01 18:58:17","Conference paper","","","https://scholar.google.com/citations?view_op=view_citation&hl=en&user=35ZnYEUAAAAJ&cstart=200&pagesize=100&citation_for_view=35ZnYEUAAAAJ:WC23djZS0W4C",,,,,0,0.00,0,6,1,"","",""
0,"S Miralles-Comins, M Zanatta, A Gualdrón-Reyes, I Mora-Seró, V Sans","STABILIZATION OF PEROVSKITES INTO POLYMERIC IONIC LIQUIDS FOR PHOTOCATALYTIC APPLICATIONS",2022,"Proceedings of Materials for Sustainable Development Conference (MAT-SUS)(NFM22)","","","https://scholar.google.com",260,"2023-03-01 18:58:17","Conference paper","","","https://scholar.google.com/citations?view_op=view_citation&hl=en&user=35ZnYEUAAAAJ&cstart=200&pagesize=100&citation_for_view=35ZnYEUAAAAJ:prdVHNxh-e8C",,,,,0,0.00,0,5,1,"","",""
0,"C Echeverría-Arrondo, I Mora-Seró","DFT calculations for optoelectronic and photovoltaic materials",2022,"Proceedings of Materials for Sustainable Development Conference (MAT-SUS)(NFM22)","","","https://scholar.google.com",261,"2023-03-01 18:58:17","Conference paper","","","https://scholar.google.com/citations?view_op=view_citation&hl=en&user=35ZnYEUAAAAJ&cstart=200&pagesize=100&citation_for_view=35ZnYEUAAAAJ:L1USKYWJimsC",,,,,0,0.00,0,2,1,"","",""
0,"R Canet-Albiach, M Krecmarova, JB Bailach, AF Gualdrón-Reyes, ...","Revealing giant exciton fine-structure splitting in 2D perovskites using van der Waals passivation",2022,"arXiv preprint arXiv:2204.","","","https://scholar.google.com",262,"2023-03-01 18:58:17","Preprint","","","https://scholar.google.com/citations?view_op=view_citation&hl=en&user=35ZnYEUAAAAJ&cstart=200&pagesize=100&citation_for_view=35ZnYEUAAAAJ:IaI1MmNe2tcC",10075,,,,0,0.00,0,5,1,"","",""
0,"C Echeverría-Arrondo, I Mora-Seró","A picture on DFT calculations for perovskite materials",2022,"Proceedings of International Conference on Hybrid and Organic Photovoltaics …","","","https://scholar.google.com",263,"2023-03-01 18:58:17","Conference paper","","","https://scholar.google.com/citations?view_op=view_citation&hl=en&user=35ZnYEUAAAAJ&cstart=200&pagesize=100&citation_for_view=35ZnYEUAAAAJ:kw52XkFRtyQC",,,,,0,0.00,0,2,1,"","",""
0,"DF Macias Pinilla, J Planelles, I Mora Seró, JI Climente","Excitons, Trions and Biexcitons in Colloidal Nanoplatelets: The Influence of the Dielectric Environment",2022,"Proceedings of International Conference on Hybrid and Organic Photovoltaics …","","","https://scholar.google.com",264,"2023-03-01 18:58:17","Conference paper","","","https://scholar.google.com/citations?view_op=view_citation&hl=en&user=35ZnYEUAAAAJ&cstart=200&pagesize=100&citation_for_view=35ZnYEUAAAAJ:1taIhTC69MYC",,,,,0,0.00,0,4,1,"","",""
0,"C Echeverría-Arrondo, RS Sánchez, VS Chirvony, JP Martínez-Pastor, ...","White light emission from lead-free mixed-cation doped Cs2SnCl6 nanocrystals.",2022,"Nanoscale","","","https://scholar.google.com",265,"2023-03-01 18:58:17","","","","https://scholar.google.com/citations?view_op=view_citation&hl=en&user=35ZnYEUAAAAJ&cstart=200&pagesize=100&citation_for_view=35ZnYEUAAAAJ:MhiOAD_qIWkC",,,,,0,0.00,0,5,1,"","",""
0,"I Suárez, V Chirvony, J Sanchez-Diaz, R S Sánchez, I Mora-Sero, ...","Directional and Polarized Lasing Action on Pb-free FASnI3 Integrated in Flexible Optical Waveguide",2022,"","","","https://scholar.google.com",266,"2023-03-01 18:58:17","","","","https://scholar.google.com/citations?view_op=view_citation&hl=en&user=35ZnYEUAAAAJ&cstart=200&pagesize=100&citation_for_view=35ZnYEUAAAAJ:6_hjMsCP8ZoC",,,,,0,0.00,0,6,1,"","",""
0,"P Serafini, AF Gualdrón-Reyes, RS Sánchez, EM Barea, S Masi, ...","Balanced change in crystal unit cell volume and strain leads to stable halide perovskite with high guanidinium content",2022,"RSC advances","","","https://scholar.google.com",267,"2023-03-01 18:58:17","Journal article","","","https://scholar.google.com/citations?view_op=view_citation&hl=en&user=35ZnYEUAAAAJ&cstart=200&pagesize=100&citation_for_view=35ZnYEUAAAAJ:1yWc8FF-_SYC",12,50,32630,32639,0,0.00,0,6,1,"","",""
0,"C Dıaz, MS Gravielle, AJ Riquelme, K Valadez-Villalobos, PP Boix, ...","rsc. li/pccp",2022,"Phys. Chem. Chem. Phys","","","https://scholar.google.com",268,"2023-03-01 18:58:17","Journal article","","","https://scholar.google.com/citations?view_op=view_citation&hl=en&user=35ZnYEUAAAAJ&cstart=200&pagesize=100&citation_for_view=35ZnYEUAAAAJ:7H_MAutzIkAC",24,,15687,15687,0,0.00,0,6,1,"","",""
0,"S Giménez, CA Mesa, AF Gualdrón-Reyes, R Fernández-Ciment, ...","(Photo) Electrochemical Production of Fuels and High Added-Value Chemicals. Materials, Components and Devices",2021,"Proceedings of International Conference on Frontiers in Electrocatalytic …","","","https://scholar.google.com",269,"2023-03-01 18:58:17","Conference paper","","","https://scholar.google.com/citations?view_op=view_citation&hl=en&user=35ZnYEUAAAAJ&cstart=200&pagesize=100&citation_for_view=35ZnYEUAAAAJ:1lhNe0rCu4AC",,,,,0,0.00,0,5,2,"","",""
0,"EV Hernández, JBC Quintero, JF Montoya, I Mora-Seró, FJ Isaza","Outdoor Performance of Perovskite Photovoltaic Technology",2021,"Thin Films Photovoltaics","","","https://scholar.google.com",270,"2023-03-01 18:58:17","","","","https://scholar.google.com/citations?view_op=view_citation&hl=en&user=35ZnYEUAAAAJ&cstart=200&pagesize=100&citation_for_view=35ZnYEUAAAAJ:uDGL6kOW6j0C",,,,,0,0.00,0,5,2,"","",""
0,"L Etgar, D Ma, I Mora-Sero, M Saliba, L Etgar","ALL-IN-ONE LEWIS BASE FOR ENHANCED PRECURSOR AND DEVICE STABILITY IN HIGHLY EFFICIENT PEROVSKITE SOLAR CELLS",2021,"ACS ENERGY LETTERS","","","https://scholar.google.com",271,"2023-03-01 18:58:17","Journal article","","","https://scholar.google.com/citations?view_op=view_citation&hl=en&user=35ZnYEUAAAAJ&cstart=200&pagesize=100&citation_for_view=35ZnYEUAAAAJ:otzGkya1bYkC",6,10,3752,3752,0,0.00,0,5,2,"","",""
0,"J Macko, C Echeverría-Arrondo, N Podrojková, YA Brito Barrera, H Kindi, ...","Carbonyl Iron Foam Surfaces Modified with Poly (L-Lysine) As Smart Surface for Bone Implant",2021,"BiomedGrid","","","https://scholar.google.com",272,"2023-03-01 18:58:17","","","","https://scholar.google.com/citations?view_op=view_citation&hl=en&user=35ZnYEUAAAAJ&cstart=200&pagesize=100&citation_for_view=35ZnYEUAAAAJ:q-HalDI95KYC",,,,,0,0.00,0,6,2,"","",""
0,"SKM Muhammed, S Masi, AF Gualdrón Reyes, R S Sánchez, EM Barea, ...","Boosting Long-Term Stability of Pure Formamidinium Perovskite Solar Cells by Ambient Air Additive Assisted Fabrication",2021,"American Chemical Society","","","https://scholar.google.com",273,"2023-03-01 18:58:17","","","","https://scholar.google.com/citations?view_op=view_citation&hl=en&user=35ZnYEUAAAAJ&cstart=200&pagesize=100&citation_for_view=35ZnYEUAAAAJ:6yz0xqPARnAC",,,,,0,0.00,0,6,2,"","",""
0,"I Suárez, E Hassanabadi, A Maulu, N Carlino, CA Maestri, M Latifi, ...","Integration of a perovskite-based amplifier and photodetector system in rigid and solid substrates",2021,"The European Conference on Lasers and Electro-Optics, ce_7_","","","https://scholar.google.com",274,"2023-03-01 18:58:17","Conference paper","","","https://scholar.google.com/citations?view_op=view_citation&hl=en&user=35ZnYEUAAAAJ&cstart=200&pagesize=100&citation_for_view=35ZnYEUAAAAJ:0CzhzZyukY4C",4,,,,0,0.00,0,7,2,"","",""
0,"JC Hicks, Y Yu, I Mora-Sero","Energy Spotlight",2021,"ACS ENERGY LETTERS","","","https://scholar.google.com",275,"2023-03-01 18:58:17","Journal article","","","https://scholar.google.com/citations?view_op=view_citation&hl=en&user=35ZnYEUAAAAJ&cstart=200&pagesize=100&citation_for_view=35ZnYEUAAAAJ:gKiMpY-AVTkC",6,2,710,712,0,0.00,0,3,2,"","",""
0,"Y Yu, I Mora-Sero, J Hicks","Advances in Storage Batteries, Layered Hybrid Perovskites and Organic Photovoltaics, and Plasma Activated Ammonia Synthesis",2021,"American Chemical Society","","","https://scholar.google.com",276,"2023-03-01 18:58:17","","","","https://scholar.google.com/citations?view_op=view_citation&hl=en&user=35ZnYEUAAAAJ&cstart=200&pagesize=100&citation_for_view=35ZnYEUAAAAJ:DBa1UEJaJKAC",,,,,0,0.00,0,3,2,"","",""
0,"Y Yu, I Mora-Seró, JC Hicks","Energy Spotlight: Advances in Storage Batteries, Layered Hybrid Perovskites and Organic Photovoltaics, and Plasma Activated Ammonia Synthesis",2021,"ACS Energy Letters","","","https://scholar.google.com",277,"2023-03-01 18:58:17","Journal article","","","https://scholar.google.com/citations?view_op=view_citation&hl=en&user=35ZnYEUAAAAJ&cstart=200&pagesize=100&citation_for_view=35ZnYEUAAAAJ:5MTHONV0fEkC",6,2,710,712,0,0.00,0,3,2,"","",""
0,"R Rafiei Rad, AF Gualdrón-Reyes, S Masi, BA Ganji, N Taghavinia, ...","Tunable carbon-CsPbI3 quantum dots for white LEDs",2020,"Willey Online Library","","","https://scholar.google.com",278,"2023-03-01 18:58:17","","","","https://scholar.google.com/citations?view_op=view_citation&hl=en&user=35ZnYEUAAAAJ&cstart=200&pagesize=100&citation_for_view=35ZnYEUAAAAJ:SjuI4pbJlxcC",,,,,0,0.00,0,6,3,"","",""
0,"R Rafat Rafiei, AF Gualdrón Reyes, S Masi, B Azizollah Ganji, ...","Tunable Carbon–CsPbI3 Quantum Dots for White LEDs",2020,"","Wiley","","https://scholar.google.com",279,"2023-03-01 18:58:17","Book","","","https://scholar.google.com/citations?view_op=view_citation&hl=en&user=35ZnYEUAAAAJ&cstart=200&pagesize=100&citation_for_view=35ZnYEUAAAAJ:nZcligLrVowC",,,,,0,0.00,0,5,3,"","",""
0,"J Navarro-Arenas, AF Gualdrón-Reyes, VS Chirvony, I Mora-Seró, ...","Role of Self-Absorption in the Photoluminescence Waveguided along CsPbBr3 Perovskite Nanocrystals Thin Films",2020,"2020 22nd International Conference on Transparent Optical Networks (ICTON)","","","https://scholar.google.com",280,"2023-03-01 18:58:17","Conference paper","","","https://scholar.google.com/citations?view_op=view_citation&hl=en&user=35ZnYEUAAAAJ&cstart=200&pagesize=100&citation_for_view=35ZnYEUAAAAJ:HeT0ZceujKMC",,,1,4,0,0.00,0,5,3,"","",""
0,"S Masi, KMM Salim, TT Ngo, JI Climente, I Mora-Seró","Effect of the Interaction between Formamidinium Lead Iodine and PbS Quantum Dots in the Black Perovskite Phase Formation and Stability",2020,"2020 47th IEEE Photovoltaic Specialists Conference (PVSC)","","","https://scholar.google.com",281,"2023-03-01 18:58:17","Conference paper","","","https://scholar.google.com/citations?view_op=view_citation&hl=en&user=35ZnYEUAAAAJ&cstart=200&pagesize=100&citation_for_view=35ZnYEUAAAAJ:GFxP56DSvIMC",,,1183,1185,0,0.00,0,5,3,"","",""
0,"H Pashaeiadl, S Gorji, I Suarez, V Chirvony, AF Gualdrón-Reyes, ...","Spontaneous emission enhancement of inorganic FAPbI3Perovskite Nano-Crystals by using Hyperbolic Metamaterials",2020,"Proceedings of Online Meetup: Shape-Controlled Nanocrystals: Synthesis …","","","https://scholar.google.com",282,"2023-03-01 18:58:17","Conference paper","","","https://scholar.google.com/citations?view_op=view_citation&hl=en&user=35ZnYEUAAAAJ&cstart=200&pagesize=100&citation_for_view=35ZnYEUAAAAJ:ubry08Y2EpUC",,,,,0,0.00,0,6,3,"","",""
0,"P Piatkowski, P Galar, TT Ngo, M Gutiérrez, I Mora-Seró, A Douhal","Charge carriers transport and recombination in perovskite/PbS quantum dots nanocomposites",2020,"Proceedings of International Conference on Hybrid and Organic Photovoltaics …","","","https://scholar.google.com",283,"2023-03-01 18:58:17","Conference paper","","","https://scholar.google.com/citations?view_op=view_citation&hl=en&user=35ZnYEUAAAAJ&cstart=200&pagesize=100&citation_for_view=35ZnYEUAAAAJ:jgBuDB5drN8C",,,,,0,0.00,0,6,3,"","",""
0,"S Masi, PF Mendez Herrera, SKM Muhammamed, EM Barea Berzosa, ...","Planar perovskite solar cells with negligible hysteresis using UVO-treated-SnO2 as electron transporting layer",2020,"Proceedings of International Conference on Hybrid and Organic Photovoltaics …","","","https://scholar.google.com",284,"2023-03-01 18:58:17","Conference paper","","","https://scholar.google.com/citations?view_op=view_citation&hl=en&user=35ZnYEUAAAAJ&cstart=200&pagesize=100&citation_for_view=35ZnYEUAAAAJ:lgwcVrK6X84C",,,,,0,0.00,0,5,3,"","",""
0,"E Ansisar Erazo, HE Sánchez-Godoy, EA Erazo, AF Gualdrón Reyes, ...","Preferred Growth Direction by PbS Nanoplatelets Preserves Perovskite Infrared Light Harvesting for Stable, Reproducible, and Efficient Solar Cells",2020,"","Wiley","","https://scholar.google.com",285,"2023-03-01 18:58:17","Book","","","https://scholar.google.com/citations?view_op=view_citation&hl=en&user=35ZnYEUAAAAJ&cstart=200&pagesize=100&citation_for_view=35ZnYEUAAAAJ:a3BOlSfXSfwC",,,,,0,0.00,0,5,3,"","",""
0,"SKM Muhammed, E Hassanabadi, S Masi, AF Gualdrón Reyes, ...","Optimizing Performance and Operational Stability of CsPbI3 Quantum-Dot-Based Light-Emitting Diodes by Interface Engineering",2020,"American Chemical Society","","","https://scholar.google.com",286,"2023-03-01 18:58:17","","","","https://scholar.google.com/citations?view_op=view_citation&hl=en&user=35ZnYEUAAAAJ&cstart=200&pagesize=100&citation_for_view=35ZnYEUAAAAJ:KbBQZpvPDL4C",,,,,0,0.00,0,5,3,"","",""
0,"JP Martínez-Pastor, J Navarro-Arenas, I Suárez, V Chyrvony, ...","Single-Exciton Amplified Spontaneous Emission in CsPbX3 (X= Br, I) Perovskite Nanocrystals",2019,"Proceedings of International Conference on Perovskite Thin Film …","","","https://scholar.google.com",287,"2023-03-01 18:58:17","Conference paper","","","https://scholar.google.com/citations?view_op=view_citation&hl=en&user=35ZnYEUAAAAJ&cstart=200&pagesize=100&citation_for_view=35ZnYEUAAAAJ:7Hz3ACDFbsoC",,,,,0,0.00,0,5,4,"","",""
0,"J Navarro Arenas, I Suárez, V Chyrvony, AF Gualdrón Reyes, I Mora Seró, ...","Photon Recycling in CsPbBr3 Perovskite Nanocrystal Integrated in Polymer Waveguides",2019,"Proceedings of International Conference on Perovskite Thin Film …","","","https://scholar.google.com",288,"2023-03-01 18:58:17","Conference paper","","","https://scholar.google.com/citations?view_op=view_citation&hl=en&user=35ZnYEUAAAAJ&cstart=200&pagesize=100&citation_for_view=35ZnYEUAAAAJ:zCSUwVk65WsC",,,,,0,0.00,0,6,4,"","",""
0,"H Pashaei Adl, S Gorji, I Suarez, V Chirvony, AF Gualdrón-Reyes, ...","Purcell Enhancement of the Spontaneous Emission of CsPbI3 Perovskite Nano-Crystals by using Hyperbolic Metamaterials",2019,"Proceedings of International Conference on Perovskite Thin Film …","","","https://scholar.google.com",289,"2023-03-01 18:58:17","Conference paper","","","https://scholar.google.com/citations?view_op=view_citation&hl=en&user=35ZnYEUAAAAJ&cstart=200&pagesize=100&citation_for_view=35ZnYEUAAAAJ:48xauSegjOkC",,,,,0,0.00,0,6,4,"","",""
0,"S Masi, C Echeverría-Arrondo, SKP Muhammed, TT Ngo, PF Méndez, ...","Chemi-Structural Stabilization of Formamidinium Lead Iodide Perovskite by Using Embedded Quantum Dots for High-Performance Solar Cells",2019,"","","","https://scholar.google.com",290,"2023-03-01 18:58:17","","","","https://scholar.google.com/citations?view_op=view_citation&hl=en&user=35ZnYEUAAAAJ&cstart=200&pagesize=100&citation_for_view=35ZnYEUAAAAJ:_FM0Bhl9EiAC",,,,,0,0.00,0,6,4,"","",""
0,"J Navarro-Arenas, I Suárez, A Ferrando, AF Gualdrón-Reyes, I Mora-Seró, ...","Signal Amplification in CsPbBr3 Nanoparticle-Doped Photonic Crystal Fibers",2019,"The European Conference on Lasers and Electro-Optics, cj_p_","","","https://scholar.google.com",291,"2023-03-01 18:58:17","Conference paper","","","https://scholar.google.com/citations?view_op=view_citation&hl=en&user=35ZnYEUAAAAJ&cstart=200&pagesize=100&citation_for_view=35ZnYEUAAAAJ:bz8QjSJIRt4C",44,,,,0,0.00,0,6,4,"","",""
0,"SM Yoo, SJ Yoon, JA Anta, HJ Lee, PP Boix, I Mora-Seró","From Dye Sensitized to Perovskite Solar Cells, The Missing Link",2019,"arXiv preprint arXiv:1905.","","","https://scholar.google.com",292,"2023-03-01 18:58:17","Preprint","","","https://scholar.google.com/citations?view_op=view_citation&hl=en&user=35ZnYEUAAAAJ&cstart=200&pagesize=100&citation_for_view=35ZnYEUAAAAJ:_axFR9aDTf0C",11855,,,,0,0.00,0,6,4,"","",""
0,"I Mora-Sero, Q Shen, Y Yan, Y Zhou, RRL Solar","SYMPOSIUM ET05",2018,"","","","https://scholar.google.com",293,"2023-03-01 18:58:17","","","","https://scholar.google.com/citations?view_op=view_citation&hl=en&user=35ZnYEUAAAAJ&cstart=200&pagesize=100&citation_for_view=35ZnYEUAAAAJ:S16KYo8Pm5AC",,,,,0,0.00,0,5,5,"","",""
0,"P Galar, TT Ngo, M Gutierrez, I Mora Sero, A Douhal","Decrypting of the ultrafast and fast deactivation processes in perovskite/QDs hybrid materials",2018,"ABSTRACTS OF PAPERS OF THE AMERICAN CHEMICAL SOCIETY","","","https://scholar.google.com",294,"2023-03-01 18:58:17","Abstract","","","https://scholar.google.com/citations?view_op=view_citation&hl=en&user=35ZnYEUAAAAJ&cstart=200&pagesize=100&citation_for_view=35ZnYEUAAAAJ:oNZyr7d5Mn4C",256,,,,0,0.00,0,5,5,"","",""
0,"TT Ngo, M Kazes, D Oron, I Mora-Sero","Perovskite Films with Embedded Quantum Dots for Photovoltaic Applications",2018,"Proceedings of nanoGe Fall Meeting 2018 (NFM18)","","","https://scholar.google.com",295,"2023-03-01 18:58:17","Conference paper","","","https://scholar.google.com/citations?view_op=view_citation&hl=en&user=35ZnYEUAAAAJ&cstart=200&pagesize=100&citation_for_view=35ZnYEUAAAAJ:cK4Rrx0J3m0C",,,,,0,0.00,0,4,5,"","",""
0,"D Cardenas-Morcoso, M Garcia-Tecedor, SJ Yoon, I Mora-Sero, ...","S1 Solar Fuel 18 Torremolinos, Spain, 2018 October 22nd-26th Organizers: Shannon Boettcher and Kevin Sivula Oral, Sixto Gimenez, presentation 110",2018,"","","","https://scholar.google.com",296,"2023-03-01 18:58:17","","","","https://scholar.google.com/citations?view_op=view_citation&hl=en&user=35ZnYEUAAAAJ&cstart=200&pagesize=100&citation_for_view=35ZnYEUAAAAJ:lmc2jWPfTJgC",,,,,0,0.00,0,5,5,"","",""
0,"I Suárez, E Hassanabadi, A Maulu, N Carlino, CA Maestri, M Latifi, ...","Polymer Halide Perovskites-Waveguides Integrated in Nanocellulose as a Wearable Amplifier-Photodetector System",2018,"2018 20th International Conference on Transparent Optical Networks (ICTON)","","","https://scholar.google.com",297,"2023-03-01 18:58:17","Conference paper","","","https://scholar.google.com/citations?view_op=view_citation&hl=en&user=35ZnYEUAAAAJ&cstart=200&pagesize=100&citation_for_view=35ZnYEUAAAAJ:LI9QrySNdTsC",,,1,3,0,0.00,0,7,5,"","",""
0,"AF Uddin, M Seybold, A Agresti, S Pescetelli, F Matteocci, MI Haider, ...","Perovskite-polymer blends influencing microstructures, nonradiative recombination pathways, and photovoltaic performance of perovskite solar cells",2018,"","","","https://scholar.google.com",298,"2023-03-01 18:58:17","","","","https://scholar.google.com/citations?view_op=view_citation&hl=en&user=35ZnYEUAAAAJ&cstart=200&pagesize=100&citation_for_view=35ZnYEUAAAAJ:LdasjJ6CEcoC",,,,,0,0.00,0,7,5,"","",""
0,"I Suárez, TT Ngo, EJ Juárez-Pérez, G Antonicelli, D Cortizo-Lacalle, ...","Optimization of semiconductor halide perovskite layers to implement waveguide amplifiers",2017,"2017 19th International Conference on Transparent Optical Networks (ICTON)","","","https://scholar.google.com",299,"2023-03-01 18:58:17","Conference paper","","","https://scholar.google.com/citations?view_op=view_citation&hl=en&user=35ZnYEUAAAAJ&cstart=200&pagesize=100&citation_for_view=35ZnYEUAAAAJ:uc_IGeMz5qoC",,,1,3,0,0.00,0,6,6,"","",""
0,"N Fernández‐Delgado, M Herrera‐Collado, F Delgado‐González, ...","Structural quality of CH 3 NH 3 PbI3 perovskites for photovoltaic applications analyzed by electron microscopy techniques",2016,"European Microscopy Congress 2016: Proceedings","","","https://scholar.google.com",300,"2023-03-01 18:58:17","Conference paper","","","https://scholar.google.com/citations?view_op=view_citation&hl=en&user=35ZnYEUAAAAJ&cstart=200&pagesize=100&citation_for_view=35ZnYEUAAAAJ:JQOojiI6XY0C",,,604,605,0,0.00,0,4,7,"","",""
0,"R Sánchez Sánchez, M Solís de la Fuente, I Suárez, G Muñoz Matutano, ...","Tunable light emission by exciplex state formation between hybrid halide perovskite and core/shell quantum dots: Implications in advanced LEDs and photovoltaics",2016,"","","","https://scholar.google.com",301,"2023-03-01 18:58:17","","","","https://scholar.google.com/citations?view_op=view_citation&hl=en&user=35ZnYEUAAAAJ&cstart=300&pagesize=100&citation_for_view=35ZnYEUAAAAJ:XoXfffV-tXoC",,,,,0,0.00,0,5,7,"","",""
0,"L Bertoluzzi, J Bisquert, P Lopez-Varo, I Mora-Sero, R Vidal, K Majhi, ...","Co3O4 based all-oxide PV: a numerical simulation analyzed combinatorial material science study",2016,"American Chemical Society","","","https://scholar.google.com",302,"2023-03-01 18:58:17","","","","https://scholar.google.com/citations?view_op=view_citation&hl=en&user=35ZnYEUAAAAJ&cstart=300&pagesize=100&citation_for_view=35ZnYEUAAAAJ:dTyEYWd-f8wC",,,,,0,0.00,0,7,7,"","",""
0,"VM Blas‐Ferrando, J Ortiz, V González‐Pedro, RS Sánchez, I Mora‐Seró, ...","Photovoltaics: Synergistic Interaction of Dyes and Semiconductor Quantum Dots for Advanced Cascade Cosensitized Solar Cells (Adv. Funct. Mater. 21/2015)",2015,"Advanced Functional Materials","","","https://scholar.google.com",303,"2023-03-01 18:58:17","Journal article","","","https://scholar.google.com/citations?view_op=view_citation&hl=en&user=35ZnYEUAAAAJ&cstart=300&pagesize=100&citation_for_view=35ZnYEUAAAAJ:VOx2b1Wkg3QC",25,21,3219,3219,0,0.00,0,6,8,"","",""
0,"A Sastre-Santos, VM Blas-Ferrando, J Ortiz, RS Sánchez, ...","Synergistic Interaction of Phthalocyanines and Semiconductor Quantum Dots for Advanced Co-Sensitized Solar Cells",2015,"Electrochemical Society Meeting Abstracts","","","https://scholar.google.com",304,"2023-03-01 18:58:17","Abstract","","","https://scholar.google.com/citations?view_op=view_citation&hl=en&user=35ZnYEUAAAAJ&cstart=300&pagesize=100&citation_for_view=35ZnYEUAAAAJ:5Ul4iDaHHb8C",227,,1019,1019,0,0.00,0,5,8,"","",""
0,"O Almora Rodríguez, I Zarazúa, E Mas, I Mora-Sero, J Bisquert, ...","Capacitive dark currents, hysteresis, and electrode polarization in lead halide perovskite solar cells",2015,"American Chemical Society","","","https://scholar.google.com",305,"2023-03-01 18:58:17","","","","https://scholar.google.com/citations?view_op=view_citation&hl=en&user=35ZnYEUAAAAJ&cstart=300&pagesize=100&citation_for_view=35ZnYEUAAAAJ:g3aElNc5_aQC",,,,,0,0.00,0,6,8,"","",""
0,"P Sudhagar, T Song, Y Jeon, I Mora-Seró, F Fabregat-Santiago, ...","Three dimensional-TiO₂ nanotube array photoanode architectures assembled on a thin hollow nanofibrous backbone and their performance in quantum dot-sensitized solar cells",2013,"","","","https://scholar.google.com",306,"2023-03-01 18:58:17","","","","https://scholar.google.com/citations?view_op=view_citation&hl=en&user=35ZnYEUAAAAJ&cstart=300&pagesize=100&citation_for_view=35ZnYEUAAAAJ:6ZxmRoH8BuwC",,,,,0,0.00,0,6,10,"","",""
0,"I Mora-Sero, V González Pedro, F Fabregat-Santiago, EJ Juarez-Perez, ...","Mechanism of carrier accumulation in perovskite thin-absorber solar cells",2013,"","Nature Publishing Group","","https://scholar.google.com",307,"2023-03-01 18:58:17","Book","","","https://scholar.google.com/citations?view_op=view_citation&hl=en&user=35ZnYEUAAAAJ&cstart=300&pagesize=100&citation_for_view=35ZnYEUAAAAJ:WA5NYHcadZ8C",,,,,0,0.00,0,5,10,"","",""
0,"F Fabregat-Santiago, J Bisquert, I Mora-Sero, PP Boix, HL Yong, HI Sang, ...","From Flat to Nanostructured Photovoltaics: Balance between Thickness of the Absorber and Charge Screening in Sensitized Solar Cells",2012,"American Chemical Society","","","https://scholar.google.com",308,"2023-03-01 18:58:17","","","","https://scholar.google.com/citations?view_op=view_citation&hl=en&user=35ZnYEUAAAAJ&cstart=300&pagesize=100&citation_for_view=35ZnYEUAAAAJ:U4n9YNQMCAIC",,,,,0,0.00,0,7,11,"","",""
0,"I Mora-Sero, J Bisquert, S Kim, SH Im, M Kang, JH Heo, SI Seok, SW Kim","Air-stable and eﬃcient inorganic–organic heterojunction solar cells using PbS colloidal quantum dots co-capped by 1-dodecanethiol and oleic acid",2012,"Royal Society of Chemistry","","","https://scholar.google.com",309,"2023-03-01 18:58:17","","","","https://scholar.google.com/citations?view_op=view_citation&hl=en&user=35ZnYEUAAAAJ&cstart=300&pagesize=100&citation_for_view=35ZnYEUAAAAJ:ruyezt5ZtCIC",,,,,0,0.00,0,8,11,"","",""
0,"J BISQUERT MASCARELL, I MORA SERO, V JOVANOVSKI, ...","IONIC LIQUID BASED ELECTROLYTES CONTAINING SULFIDE/POLYSULFIDE REDOX COUPLE AND USES THEREOF",2011,"WO Patent 2,011,144,697","","","https://scholar.google.com",310,"2023-03-01 18:58:17","Patent","","","https://scholar.google.com/citations?view_op=view_citation&hl=en&user=35ZnYEUAAAAJ&cstart=300&pagesize=100&citation_for_view=35ZnYEUAAAAJ:J_g5lzvAfSwC",,,,,0,0.00,0,4,12,"","",""
0,"J Bisquert Mascarell, I Mora Sero, V Jovanovski, R Marcilla Garcia, ...","Ionic liquid based electrolytes containing sulfide/polysulfide redox couple and uses thereof",2011,"EP Patent 2,388,853","","","https://scholar.google.com",311,"2023-03-01 18:58:17","Patent","","","https://scholar.google.com/citations?view_op=view_citation&hl=en&user=35ZnYEUAAAAJ&cstart=300&pagesize=100&citation_for_view=35ZnYEUAAAAJ:M05iB0D1s5AC",,,,,0,0.00,0,5,12,"","",""
0,"SG Juliá, NS Ferriols, I Mora-Seró, FF Santiago, J Bisquert","Videosesiones prácticas como complemento didáctico para el autoaprendizaje de la física experimental",2011,"Projectes d'innovació educativa de la convocatòria 2009/10: actes de la IX …","","","https://scholar.google.com",312,"2023-03-01 18:58:17","","","","https://scholar.google.com/citations?view_op=view_citation&hl=en&user=35ZnYEUAAAAJ&cstart=300&pagesize=100&citation_for_view=35ZnYEUAAAAJ:ODE9OILHJdcC",,,,,0,0.00,0,5,12,"","",""
0,"J Bisquert, I Mora-Sero, S Gimenez, AL Rogach, AA Lutich, D Gross, ...","Energy transfer versus charge separation in hybrid systems of semiconductor quantum dots and Ru-dyes as potential co-sensitizers of TiO2-based solar cells.",2011,"© 2011 American Institute of Physics","","","https://scholar.google.com",313,"2023-03-01 18:58:17","","","","https://scholar.google.com/citations?view_op=view_citation&hl=en&user=35ZnYEUAAAAJ&cstart=300&pagesize=100&citation_for_view=35ZnYEUAAAAJ:AXPGKjj_ei8C",,,,,0,0.00,0,7,12,"","",""
0,"I Mora-Sero, S Gimenez, A Braga, I Concina, A Vomiero","Panchromatic sensitized solar cells based on metal sulfide quantum dots grown directly on nanostructured TiO2 electrodes",2011,"American Chemical Society","","","https://scholar.google.com",314,"2023-03-01 18:58:17","","","","https://scholar.google.com/citations?view_op=view_citation&hl=en&user=35ZnYEUAAAAJ&cstart=300&pagesize=100&citation_for_view=35ZnYEUAAAAJ:ns9cj8rnVeAC",,,,,0,0.00,0,5,12,"","",""
0,"C Lévy-Clément, Y Luo, J Bisquert, R Tena-Zaera, J Elias, I Mora-Sero","Electrodeposition and impedance spectroscopy characterization of ZnO nanowire arrays",2008,"","Wiley-Blackwell","","https://scholar.google.com",315,"2023-03-01 18:58:17","Book","","","https://scholar.google.com/citations?view_op=view_citation&hl=en&user=35ZnYEUAAAAJ&cstart=300&pagesize=100&citation_for_view=35ZnYEUAAAAJ:2P1L_qKh6hAC",,,,,0,0.00,0,6,15,"","",""
0,"T Dittrich, I Mora-Sero, G Garcia-Belmonte, J Bisquert","Surface photovoltage for characterization of porous semiconductors",2006,"Verhandlungen der Deutschen Physikalischen Gesellschaft","","","https://scholar.google.com",316,"2023-03-01 18:58:17","Journal article","","","https://scholar.google.com/citations?view_op=view_citation&hl=en&user=35ZnYEUAAAAJ&cstart=300&pagesize=100&citation_for_view=35ZnYEUAAAAJ:b1wdh0AR-JQC",41,,,,0,0.00,0,4,17,"","",""
0,"R Alcubilla, J Bisquert, G Garcia-Belmonte, J García-Cañadas, ...","Effect of buffer layer on minority carrier lifetime and series resistance of bifacial heterojunction silicon solar cells analyzed by impedance spectroscopy",2006,"","","","https://scholar.google.com",317,"2023-03-01 18:58:17","","","","https://scholar.google.com/citations?view_op=view_citation&hl=en&user=35ZnYEUAAAAJ&cstart=300&pagesize=100&citation_for_view=35ZnYEUAAAAJ:Tiz5es2fbqcC",,,,,0,0.00,0,5,17,"","",""
0,"T Dittrich, I Mora-Sero, G Garcia-Belmonte, J Bisquert","Surface physics, nanoscale physics, low-dimensional systems-Temperature dependent normal and anomalous electron diffusion in porous TiO2 studied by transient surface photovoltage",2006,"Physical Review-Section B-Condensed Matter","","","https://scholar.google.com",318,"2023-03-01 18:58:17","Journal article","","","https://scholar.google.com/citations?view_op=view_citation&hl=en&user=35ZnYEUAAAAJ&cstart=300&pagesize=100&citation_for_view=35ZnYEUAAAAJ:35N4QoGY0k4C",73,4,45407,45407,0,0.00,0,4,17,"","",""
0,"I Mora-Seró, F Fabregat-Santiago, G Garcia-Belmonte, J Bisquert, ...","Observation of negative capacitance at forward bias as a common feature of nanocomposite and polycrystalline solar cells",2005,"","","","https://scholar.google.com",319,"2023-03-01 18:58:17","","","","https://scholar.google.com/citations?view_op=view_citation&hl=en&user=35ZnYEUAAAAJ&cstart=300&pagesize=100&citation_for_view=35ZnYEUAAAAJ:hMsQuOkrut0C",,,,,0,0.00,0,5,18,"","",""
0,"I Mora Seró","Crecimiento de compuestos II-VI mediante la técnica MOCVD: Aplicación al crecimiento de CdTe; HgTe y Hg1-xCdxTe.",2004,"","","","https://scholar.google.com",320,"2023-03-01 18:58:17","","","","https://scholar.google.com/citations?view_op=view_citation&hl=en&user=35ZnYEUAAAAJ&cstart=300&pagesize=100&citation_for_view=35ZnYEUAAAAJ:NaGl4SEjCO4C",,,,,0,0.00,0,1,19,"","",""
0,"I Mora-Seró, JI Climente","Supplementary Information: Morphology and band structure of orthorhombic PbS nanoplatelets: an indirect band gap material",,"","","","https://scholar.google.com",321,"2023-03-01 18:58:17","","","","https://scholar.google.com/citations?view_op=view_citation&hl=en&user=35ZnYEUAAAAJ&cstart=300&pagesize=100&citation_for_view=35ZnYEUAAAAJ:jU7OWUQzBzMC",,,,,0,0.00,0,2,,"","",""
0,"C Fernández-Saiz, OE Solís, AF Gualdrón-Reyes, SH Turren-Cruz, ...","Halide perovskites prepared by a fast microwave-assisted route",,"","","","https://scholar.google.com",322,"2023-03-01 18:58:17","","","","https://scholar.google.com/citations?view_op=view_citation&hl=en&user=35ZnYEUAAAAJ&cstart=300&pagesize=100&citation_for_view=35ZnYEUAAAAJ:kVjdVfd2voEC",,,,,0,0.00,0,5,,"","",""
0,"J Navarro-Arenas, AF Gualdrón-Reyes, VS Chirvony, I Mora-Seró, ...","Perovskite Nanocrystals: an Active Material for Integrated Optics",,"","","","https://scholar.google.com",323,"2023-03-01 18:58:17","","","","https://scholar.google.com/citations?view_op=view_citation&hl=en&user=35ZnYEUAAAAJ&cstart=300&pagesize=100&citation_for_view=35ZnYEUAAAAJ:bKqednn6t2AC",,,,,0,0.00,0,5,,"","",""
0,"JTW Wang, JM Ball, EM Barea, A Abate, JA Alexander-Webber, J Huang, ...","Supporting Information For: Low-temperature processed electron collection layers of Graphene/TiO2 nanocomposites in thin film perovskite solar cells",,"","","","https://scholar.google.com",324,"2023-03-01 18:58:17","","","","https://scholar.google.com/citations?view_op=view_citation&hl=en&user=35ZnYEUAAAAJ&cstart=300&pagesize=100&citation_for_view=35ZnYEUAAAAJ:cWzG1nlazyYC",,,,,0,0.00,0,7,,"","",""
0,"ABF Vitoreti, S Agouram, MS de la Fuente, V Muñoz-Sanjosé, ...","Study of the Partial Substitution of Pb by Sn in Cs− Pb− Sn− Br 2 Nanoparticles Owing to Obtaining Stable Nanoparticles with 3 Excellent Optical Properties",,"","","","https://scholar.google.com",325,"2023-03-01 18:58:17","","","","https://scholar.google.com/citations?view_op=view_citation&hl=en&user=35ZnYEUAAAAJ&cstart=300&pagesize=100&citation_for_view=35ZnYEUAAAAJ:mNrWkgRL2YcC",,,,,0,0.00,0,5,,"","",""
0,"S Gilliland, J González, HS Güder, A Segura, I Mora, V Muñoz","PRESSURE AND TEMPERATURE DEPENDENCE OF ENERGY GAP IN CdTe",,"","","","https://scholar.google.com",326,"2023-03-01 18:58:17","","","","https://scholar.google.com/citations?view_op=view_citation&hl=en&user=35ZnYEUAAAAJ&cstart=300&pagesize=100&citation_for_view=35ZnYEUAAAAJ:foquWX3nUaYC",,,,,0,0.00,0,6,,"","",""
0,"LL Sánchez, H Han, I Mora-Seró, J Bisquert, N Park, J Lee, E Mas-Marzá","www. rsc. org/ees",,"","","","https://scholar.google.com",327,"2023-03-01 18:58:17","","","","https://scholar.google.com/citations?view_op=view_citation&hl=en&user=35ZnYEUAAAAJ&cstart=300&pagesize=100&citation_for_view=35ZnYEUAAAAJ:M7yex6snE4oC",,,,,0,0.00,0,7,,"","",""
0,"N Fernández-Delgado, M Herrera-Collado, F Delgado-González, ...","Official abstracts site for the European Microscopy Congress",,"","","","https://scholar.google.com",328,"2023-03-01 18:58:17","","","","https://scholar.google.com/citations?view_op=view_citation&hl=en&user=35ZnYEUAAAAJ&cstart=300&pagesize=100&citation_for_view=35ZnYEUAAAAJ:URolC5Kub84C",,,,,0,0.00,0,4,,"","",""
0,"I Mora-Seró, J Bisquert","TiO2 hollow fibers for quantum dot sensitized solar cells",,"","","","https://scholar.google.com",329,"2023-03-01 18:58:17","","","","https://scholar.google.com/citations?view_op=view_citation&hl=en&user=35ZnYEUAAAAJ&cstart=300&pagesize=100&citation_for_view=35ZnYEUAAAAJ:XD-gHx7UXLsC",,,,,0,0.00,0,2,,"","",""
0,"HJ Mandujano-Ramírez, JP González-Vázquez, G Oskam, T Dittrich, ...","Charge separation at disordered semiconductor heterojunctions from random walk numerical simulations–Supporting Information",,"","","","https://scholar.google.com",330,"2023-03-01 18:58:17","","","","https://scholar.google.com/citations?view_op=view_citation&hl=en&user=35ZnYEUAAAAJ&cstart=300&pagesize=100&citation_for_view=35ZnYEUAAAAJ:uJ-U7cs_P_0C",,,,,0,0.00,0,5,,"","",""
0,"I Mora-Sero","Characterization of Hybrid Halide Perovskite Solar Cells. More Questions than Answers.",,"","","","https://scholar.google.com",331,"2023-03-01 18:58:17","","","","https://scholar.google.com/citations?view_op=view_citation&hl=en&user=35ZnYEUAAAAJ&cstart=300&pagesize=100&citation_for_view=35ZnYEUAAAAJ:tS2w5q8j5-wC",,,,,0,0.00,0,1,,"","",""
0,"J Bisquert, L Bertoluzzi, I Mora-Sero, G Garcia-Belmonte","Theory of Impedance Spectroscopy of Solar Cells with Dielectric Relaxation, Drift-Diffusion Transport and Recombination",,"","","","https://scholar.google.com",332,"2023-03-01 18:58:17","","","","https://scholar.google.com/citations?view_op=view_citation&hl=en&user=35ZnYEUAAAAJ&cstart=300&pagesize=100&citation_for_view=35ZnYEUAAAAJ:vRqMK49ujn8C",,,,,0,0.00,0,4,,"","",""
0,"J Bisquert, F Fabregat-Santiago, I Mora-Seró, G Garcia-Belmonte, ...","Impedance spectroscopy of solid-state and photoelectrochemical solar cells emphasizing negative capacitance behaviour",,"","","","https://scholar.google.com",333,"2023-03-01 18:58:17","","","","https://scholar.google.com/citations?view_op=view_citation&hl=en&user=35ZnYEUAAAAJ&cstart=300&pagesize=100&citation_for_view=35ZnYEUAAAAJ:ldfaerwXgEUC",,,,,0,0.00,0,5,,"","",""
