Cites,Authors,Title,Year,Source,Publisher,ArticleURL,CitesURL,GSRank,QueryDate,Type,DOI,ISSN,CitationURL,Volume,Issue,StartPage,EndPage,ECC,CitesPerYear,CitesPerAuthor,AuthorCount,Age,Abstract,FullTextURL,RelatedURL
4080,"JY Kim, K Lee, NE Coates, D Moses, TQ Nguyen, M Dante, AJ Heeger","Efficient tandem polymer solar cells fabricated by all-solution processing",2007,"Science","","","https://scholar.google.com/scholar?oi=bibs&hl=en&cites=18386396630635201580",1,"2023-03-01 19:01:22","Journal article","","","https://scholar.google.com/citations?view_op=view_citation&hl=en&user=mkHtc_4AAAAJ&pagesize=100&citation_for_view=mkHtc_4AAAAJ:u5HHmVD_uO8C",317,5835,222,225,4080,255.00,583,7,16,"","",""
3788,"J Peet, JY Kim, NE Coates, WL Ma, D Moses, AJ Heeger, GC Bazan","Efficiency enhancement in low-bandgap polymer solar cells by processing with alkane dithiols",2007,"Nature materials","","","https://scholar.google.com/scholar?oi=bibs&hl=en&cites=9143951213395776577",2,"2023-03-01 19:01:22","Journal article","","","https://scholar.google.com/citations?view_op=view_citation&hl=en&user=mkHtc_4AAAAJ&pagesize=100&citation_for_view=mkHtc_4AAAAJ:eQOLeE2rZwMC",6,7,497,500,3788,236.75,541,7,16,"","",""
2053,"JY Kim, SH Kim, HH Lee, K Lee, W Ma, X Gong, AJ Heeger","New architecture for high‐efficiency polymer photovoltaic cells using solution‐based titanium oxide as an optical spacer",2006,"Advanced materials","","","https://scholar.google.com/scholar?oi=bibs&hl=en&cites=16811566610410879803",3,"2023-03-01 19:01:22","Journal article","","","https://scholar.google.com/citations?view_op=view_citation&hl=en&user=mkHtc_4AAAAJ&pagesize=100&citation_for_view=mkHtc_4AAAAJ:u-x6o8ySG0sC",18,5,572,576,2053,120.76,293,7,17,"","",""
1794,"JK Lee, WL Ma, CJ Brabec, J Yuen, JS Moon, JY Kim, K Lee, GC Bazan, ...","Processing additives for improved efficiency from bulk heterojunction solar cells",2008,"Journal of the American Chemical Society","","","https://scholar.google.com/scholar?oi=bibs&hl=en&cites=6971069663958181349",4,"2023-03-01 19:01:22","Journal article","","","https://scholar.google.com/citations?view_op=view_citation&hl=en&user=mkHtc_4AAAAJ&pagesize=100&citation_for_view=mkHtc_4AAAAJ:d1gkVwhDpl0C",130,11,3619,3623,1794,119.60,199,9,15,"","",""
1462,"J Jeong, M Kim, J Seo, H Lu, P Ahlawat, A Mishra, Y Yang, MA Hope, ...","Pseudo-halide anion engineering for α-FAPbI3 perovskite solar cells",2021,"Nature","","","https://scholar.google.com/scholar?oi=bibs&hl=en&cites=17772515067189835185",5,"2023-03-01 19:01:22","Journal article","","","https://scholar.google.com/citations?view_op=view_citation&hl=en&user=mkHtc_4AAAAJ&pagesize=100&citation_for_view=mkHtc_4AAAAJ:g5Ck-dwhA_QC",592,7854,381,385,1462,731.00,162,9,2,"","",""
1021,"M Kim, GH Kim, TK Lee, IW Choi, HW Choi, Y Jo, YJ Yoon, JW Kim, J Lee, ...","Methylammonium chloride induces intermediate phase stabilization for efficient perovskite solar cells",2019,"Joule","","","https://scholar.google.com/scholar?oi=bibs&hl=en&cites=6067276648806290973",6,"2023-03-01 19:01:22","Journal article","","","https://scholar.google.com/citations?view_op=view_citation&hl=en&user=mkHtc_4AAAAJ&pagesize=100&citation_for_view=mkHtc_4AAAAJ:MAUkC_7iAq8C",3,9,2179,2192,1021,255.25,102,10,4,"","",""
669,"D Meng, D Sun, C Zhong, T Liu, B Fan, L Huo, Y Li, W Jiang, H Choi, ...","High-performance solution-processed non-fullerene organic solar cells based on selenophene-containing perylene bisimide acceptor",2016,"Journal of the American Chemical Society","","","https://scholar.google.com/scholar?oi=bibs&hl=en&cites=7697170563413062162",7,"2023-03-01 19:01:22","Journal article","","","https://scholar.google.com/citations?view_op=view_citation&hl=en&user=mkHtc_4AAAAJ&pagesize=100&citation_for_view=mkHtc_4AAAAJ:t7zJ5fGR-2UC",138,1,375,380,669,95.57,67,10,7,"","",""
640,"TL Nguyen, H Choi, SJ Ko, MA Uddin, B Walker, S Yum, JE Jeong, ...","Semi-crystalline photovoltaic polymers with efficiency exceeding 9% in a∼ 300 nm thick conventional single-cell device",2014,"Energy &Environmental Science","","","https://scholar.google.com/scholar?oi=bibs&hl=en&cites=6571270392930734437",8,"2023-03-01 19:01:22","Journal article","","","https://scholar.google.com/citations?view_op=view_citation&hl=en&user=mkHtc_4AAAAJ&pagesize=100&citation_for_view=mkHtc_4AAAAJ:f2IySw72cVMC",7,9,3040,3051,640,71.11,80,8,9,"","",""
522,"H Choi, J Jeong, HB Kim, S Kim, B Walker, GH Kim, JY Kim","Cesium-doped methylammonium lead iodide perovskite light absorber for hybrid solar cells",2014,"Nano Energy","","","https://scholar.google.com/scholar?oi=bibs&hl=en&cites=8430282425223896559",9,"2023-03-01 19:01:22","Journal article","","","https://scholar.google.com/citations?view_op=view_citation&hl=en&user=mkHtc_4AAAAJ&pagesize=100&citation_for_view=mkHtc_4AAAAJ:1sJd4Hv_s6UC",7,,80,85,522,58.00,75,7,9,"","",""
515,"H Choi, SJ Ko, Y Choi, P Joo, T Kim, BR Lee, JW Jung, HJ Choi, M Cha, ...","Versatile surface plasmon resonance of carbon-dot-supported silver nanoparticles in polymer optoelectronic devices",2013,"Nature Photonics","","","https://scholar.google.com/scholar?oi=bibs&hl=en&cites=13808648159738170967",10,"2023-03-01 19:01:22","Journal article","","","https://scholar.google.com/citations?view_op=view_citation&hl=en&user=mkHtc_4AAAAJ&pagesize=100&citation_for_view=mkHtc_4AAAAJ:Wp0gIr-vW9MC",7,9,732,738,515,51.50,52,10,10,"","",""
454,"K Lee, JY Kim, SH Park, SH Kim, S Cho, AJ Heeger","Air‐stable polymer electronic devices",2007,"Advanced Materials","","","https://scholar.google.com/scholar?oi=bibs&hl=en&cites=3926919212337307956",11,"2023-03-01 19:01:22","Journal article","","","https://scholar.google.com/citations?view_op=view_citation&hl=en&user=mkHtc_4AAAAJ&pagesize=100&citation_for_view=mkHtc_4AAAAJ:9yKSN-GCB0IC",19,18,2445,2449,454,28.38,76,6,16,"","",""
410,"M Kim, J Jeong, H Lu, TK Lee, FT Eickemeyer, Y Liu, IW Choi, SJ Choi, ...","Conformal quantum dot–SnO2 layers as electron transporters for efficient perovskite solar cells",2022,"Science","","","https://scholar.google.com/scholar?oi=bibs&hl=en&cites=2246398348471864985",12,"2023-03-01 19:01:22","Journal article","","","https://scholar.google.com/citations?view_op=view_citation&hl=en&user=mkHtc_4AAAAJ&pagesize=100&citation_for_view=mkHtc_4AAAAJ:eAlLMO4JVmQC",375,6578,302,306,410,410.00,46,9,1,"","",""
406,"KI Jang, HU Chung, S Xu, CH Lee, H Luan, J Jeong, H Cheng, GT Kim, ...","Soft network composite materials with deterministic and bio-inspired designs",2015,"Nature communications","","","https://scholar.google.com/scholar?oi=bibs&hl=en&cites=10707901848014730387",13,"2023-03-01 19:01:22","Journal article","","","https://scholar.google.com/citations?view_op=view_citation&hl=en&user=mkHtc_4AAAAJ&pagesize=100&citation_for_view=mkHtc_4AAAAJ:7T2F9Uy0os0C",6,1,6566,6566,406,50.75,45,9,8,"","",""
371,"KG Lim, HB Kim, J Jeong, H Kim, JY Kim, TW Lee","Boosting the power conversion efficiency of perovskite solar cells using self‐organized polymeric hole extraction layers with high work function",2014,"Advanced materials","","","https://scholar.google.com/scholar?oi=bibs&hl=en&cites=12026077648324756223",14,"2023-03-01 19:01:22","Journal article","","","https://scholar.google.com/citations?view_op=view_citation&hl=en&user=mkHtc_4AAAAJ&pagesize=100&citation_for_view=mkHtc_4AAAAJ:b0M2c_1WBrUC",26,37,6461,6466,371,41.22,62,6,9,"","",""
323,"HB Kim, H Choi, J Jeong, S Kim, B Walker, S Song, JY Kim","Mixed solvents for the optimization of morphology in solution-processed, inverted-type perovskite/fullerene hybrid solar cells",2014,"Nanoscale","","","https://scholar.google.com/scholar?oi=bibs&hl=en&cites=6846332440694574239",15,"2023-03-01 19:01:22","Journal article","","","https://scholar.google.com/citations?view_op=view_citation&hl=en&user=mkHtc_4AAAAJ&pagesize=100&citation_for_view=mkHtc_4AAAAJ:_xSYboBqXhAC",6,12,6679,6683,323,35.89,46,7,9,"","",""
320,"H Choi, SJ Ko, T Kim, PO Morin, B Walker, BH Lee, M Leclerc, JY Kim, ...","Small‐bandgap polymer solar cells with unprecedented short‐circuit current density and high fill factor",2015,"Advanced Materials","","","https://scholar.google.com/scholar?oi=bibs&hl=en&cites=8185893621553644909",16,"2023-03-01 19:01:22","Journal article","","","https://scholar.google.com/citations?view_op=view_citation&hl=en&user=mkHtc_4AAAAJ&pagesize=100&citation_for_view=mkHtc_4AAAAJ:NhqRSupF_l8C",27,21,3318,3324,320,40.00,36,9,8,"","",""
306,"H Choi, CK Mai, HB Kim, J Jeong, S Song, GC Bazan, JY Kim, AJ Heeger","Conjugated polyelectrolyte hole transport layer for inverted-type perovskite solar cells",2015,"Nature communications","","","https://scholar.google.com/scholar?oi=bibs&hl=en&cites=10587727099086929886",17,"2023-03-01 19:01:22","Journal article","","","https://scholar.google.com/citations?view_op=view_citation&hl=en&user=mkHtc_4AAAAJ&pagesize=100&citation_for_view=mkHtc_4AAAAJ:XiSMed-E-HIC",6,1,7348,7348,306,38.25,38,8,8,"","",""
281,"W Ma, JY Kim, K Lee, AJ Heeger","Effect of the molecular weight of poly (3‐hexylthiophene) on the morphology and performance of polymer bulk heterojunction solar cells",2007,"Macromolecular rapid communications","","","https://scholar.google.com/scholar?oi=bibs&hl=en&cites=1465648348089687953",18,"2023-03-01 19:01:22","Journal article","","","https://scholar.google.com/citations?view_op=view_citation&hl=en&user=mkHtc_4AAAAJ&pagesize=100&citation_for_view=mkHtc_4AAAAJ:qjMakFHDy7sC",28,17,1776,1780,281,17.56,70,4,16,"","",""
279,"H Choi, JS Park, E Jeong, GH Kim, BR Lee, SO Kim, MH Song, HY Woo, ...","Combination of titanium oxide and a conjugated polyelectrolyte for high‐performance inverted‐type organic optoelectronic devices",2011,"Advanced Materials","","","https://scholar.google.com/scholar?oi=bibs&hl=en&cites=6174648353751620431",19,"2023-03-01 19:01:22","Journal article","","","https://scholar.google.com/citations?view_op=view_citation&hl=en&user=mkHtc_4AAAAJ&pagesize=100&citation_for_view=mkHtc_4AAAAJ:zYLM7Y9cAGgC",23,24,2759,2763,279,23.25,31,9,12,"","",""
271,"H Choi, JP Lee, SJ Ko, JW Jung, H Park, S Yoo, O Park, JR Jeong, S Park, ...","Multipositional silica-coated silver nanoparticles for high-performance polymer solar cells",2013,"Nano letters","","","https://scholar.google.com/scholar?oi=bibs&hl=en&cites=12350029526361463038",20,"2023-03-01 19:01:22","Journal article","","","https://scholar.google.com/citations?view_op=view_citation&hl=en&user=mkHtc_4AAAAJ&pagesize=100&citation_for_view=mkHtc_4AAAAJ:M3ejUd6NZC8C",13,5,2204,2208,271,27.10,27,10,10,"","",""
254,"C Yang, JY Kim, S Cho, JK Lee, AJ Heeger, F Wudl","Functionalized methanofullerenes used as n-type materials in bulk-heterojunction polymer solar cells and in field-effect transistors",2008,"Journal of the American Chemical Society","","","https://scholar.google.com/scholar?oi=bibs&hl=en&cites=2268275626215937402",21,"2023-03-01 19:01:22","Journal article","","","https://scholar.google.com/citations?view_op=view_citation&hl=en&user=mkHtc_4AAAAJ&pagesize=100&citation_for_view=mkHtc_4AAAAJ:UeHWp8X0CEIC",130,20,6444,6450,254,16.93,42,6,15,"","",""
244,"T Liu, X Pan, X Meng, Y Liu, D Wei, W Ma, L Huo, X Sun, TH Lee, ...","Alkyl side‐chain engineering in wide‐bandgap copolymers leading to power conversion efficiencies over 10%",2017,"Advanced Materials","","","https://scholar.google.com/scholar?oi=bibs&hl=en&cites=13239285412476726030",22,"2023-03-01 19:01:22","Journal article","","","https://scholar.google.com/citations?view_op=view_citation&hl=en&user=mkHtc_4AAAAJ&pagesize=100&citation_for_view=mkHtc_4AAAAJ:uWiczbcajpAC",29,6,1604251,1604251,244,40.67,24,10,6,"","",""
240,"GH Kim, FP García de Arquer, YJ Yoon, X Lan, M Liu, O Voznyy, Z Yang, ...","High-efficiency colloidal quantum dot photovoltaics via robust self-assembled monolayers",2015,"Nano letters","","","https://scholar.google.com/scholar?oi=bibs&hl=en&cites=12987101713289342630,3144688936515994213",23,"2023-03-01 19:01:22","Journal article","","","https://scholar.google.com/citations?view_op=view_citation&hl=en&user=mkHtc_4AAAAJ&pagesize=100&citation_for_view=mkHtc_4AAAAJ:p2g8aNsByqUC",15,11,7691,7696,240,30.00,30,8,8,"","",""
226,"DW Lee, TK Hong, D Kang, J Lee, M Heo, JY Kim, BS Kim, HS Shin","Highly controllable transparent and conducting thin films using layer-by-layer assembly of oppositely charged reduced graphene oxides",2011,"Journal of Materials Chemistry","","","https://scholar.google.com/scholar?oi=bibs&hl=en&cites=12520482748841262703",24,"2023-03-01 19:01:22","Journal article","","","https://scholar.google.com/citations?view_op=view_citation&hl=en&user=mkHtc_4AAAAJ&pagesize=100&citation_for_view=mkHtc_4AAAAJ:EUQCXRtRnyEC",21,10,3438,3442,226,18.83,28,8,12,"","",""
223,"SH Jin, MY Kim, JY Kim, K Lee, YS Gal","High-efficiency poly (p-phenylenevinylene)-based copolymers containing an oxadiazole pendant group for light-emitting diodes",2004,"Journal of the American Chemical Society","","","https://scholar.google.com/scholar?oi=bibs&hl=en&cites=16323101034910060977",25,"2023-03-01 19:01:22","Journal article","","","https://scholar.google.com/citations?view_op=view_citation&hl=en&user=mkHtc_4AAAAJ&pagesize=100&citation_for_view=mkHtc_4AAAAJ:2osOgNQ5qMEC",126,8,2474,2480,223,11.74,45,5,19,"","",""
217,"S Kang, T Kim, S Cho, Y Lee, A Choe, B Walker, SJ Ko, JY Kim, H Ko","Capillary printing of highly aligned silver nanowire transparent electrodes for high-performance optoelectronic devices",2015,"Nano letters","","","https://scholar.google.com/scholar?oi=bibs&hl=en&cites=14930415417571228267",26,"2023-03-01 19:01:22","Journal article","","","https://scholar.google.com/citations?view_op=view_citation&hl=en&user=mkHtc_4AAAAJ&pagesize=100&citation_for_view=mkHtc_4AAAAJ:z_wVstp3MssC",15,12,7933,7942,217,27.13,24,9,8,"","",""
180,"M Heo, H Cho, JW Jung, JR Jeong, S Park, JY Kim","High‐performance organic optoelectronic devices enhanced by surface plasmon resonance",2011,"Advanced Materials","","","https://scholar.google.com/scholar?oi=bibs&hl=en&cites=5912005960417101824",27,"2023-03-01 19:01:22","Journal article","","","https://scholar.google.com/citations?view_op=view_citation&hl=en&user=mkHtc_4AAAAJ&pagesize=100&citation_for_view=mkHtc_4AAAAJ:7PzlFSSx8tAC",23,47,5689,5693,180,15.00,30,6,12,"","",""
178,"BR Lee, ED Jung, YS Nam, M Jung, JS Park, S Lee, H Choi, SJ Ko, ...","Amine‐based polar solvent treatment for highly efficient inverted polymer solar cells",2014,"Advanced materials","","","https://scholar.google.com/scholar?oi=bibs&hl=en&cites=880687301602501216",28,"2023-03-01 19:01:22","Journal article","","","https://scholar.google.com/citations?view_op=view_citation&hl=en&user=mkHtc_4AAAAJ&pagesize=100&citation_for_view=mkHtc_4AAAAJ:SP6oXDckpogC",26,3,494,500,178,19.78,20,9,9,"","",""
168,"T Liu, L Huo, X Sun, B Fan, Y Cai, T Kim, JY Kim, H Choi, Y Sun","Ternary organic solar cells based on two highly efficient polymer donors with enhanced power conversion efficiency",2016,"Advanced Energy Materials","","","https://scholar.google.com/scholar?oi=bibs&hl=en&cites=17259431293690677613",29,"2023-03-01 19:01:22","Journal article","","","https://scholar.google.com/citations?view_op=view_citation&hl=en&user=mkHtc_4AAAAJ&pagesize=100&citation_for_view=mkHtc_4AAAAJ:nrtMV_XWKgEC",6,6,1502109,1502109,168,24.00,19,9,7,"","",""
165,"Y Kim, HR Yeom, JY Kim, C Yang","High-efficiency polymer solar cells with a cost-effective quinoxaline polymer through nanoscale morphology control induced by practical processing additives",2013,"Energy &Environmental Science","","","https://scholar.google.com/scholar?oi=bibs&hl=en&cites=10648022724676334155",30,"2023-03-01 19:01:22","Journal article","","","https://scholar.google.com/citations?view_op=view_citation&hl=en&user=mkHtc_4AAAAJ&pagesize=100&citation_for_view=mkHtc_4AAAAJ:CHSYGLWDkRkC",6,6,1909,1916,165,16.50,41,4,10,"","",""
158,"MA Uddin, TH Lee, S Xu, SY Park, T Kim, S Song, TL Nguyen, S Ko, ...","Interplay of intramolecular noncovalent coulomb interactions for semicrystalline photovoltaic polymers",2015,"Chemistry of Materials","","","https://scholar.google.com/scholar?oi=bibs&hl=en&cites=106072085939404940",31,"2023-03-01 19:01:22","Journal article","","","https://scholar.google.com/citations?view_op=view_citation&hl=en&user=mkHtc_4AAAAJ&pagesize=100&citation_for_view=mkHtc_4AAAAJ:uJ-U7cs_P_0C",27,17,5997,6007,158,19.75,18,9,8,"","",""
147,"BR Lee, J Kim, D Kang, DW Lee, SJ Ko, HJ Lee, CL Lee, JY Kim, HS Shin, ...","Highly efficient polymer light-emitting diodes using graphene oxide as a hole transport layer",2012,"Acs Nano","","","https://scholar.google.com/scholar?oi=bibs&hl=en&cites=12442262139112170009",32,"2023-03-01 19:01:22","Journal article","","","https://scholar.google.com/citations?view_op=view_citation&hl=en&user=mkHtc_4AAAAJ&pagesize=100&citation_for_view=mkHtc_4AAAAJ:UxriW0iASnsC",6,4,2984,2991,147,13.36,15,10,11,"","",""
137,"SH Jin, HJ Park, JY Kim, K Lee, SP Lee, DK Moon, HJ Lee, YS Gal","Poly (fluorenevinylene) derivative by Gilch polymerization for light-emitting diode applications",2002,"Macromolecules","","","https://scholar.google.com/scholar?oi=bibs&hl=en&cites=5991585008504863015",33,"2023-03-01 19:01:22","Journal article","","","https://scholar.google.com/citations?view_op=view_citation&hl=en&user=mkHtc_4AAAAJ&pagesize=100&citation_for_view=mkHtc_4AAAAJ:IjCSPb-OGe4C",35,20,7532,7534,137,6.52,17,8,21,"","",""
131,"M Kim, GH Kim, KS Oh, Y Jo, H Yoon, KH Kim, H Lee, JY Kim, DS Kim","High-temperature–short-time annealing process for high-performance large-area perovskite solar cells",2017,"ACS nano","","","https://scholar.google.com/scholar?oi=bibs&hl=en&cites=7607253382458475956",34,"2023-03-01 19:01:22","Journal article","","","https://scholar.google.com/citations?view_op=view_citation&hl=en&user=mkHtc_4AAAAJ&pagesize=100&citation_for_view=mkHtc_4AAAAJ:mlAyqtXpCwEC",11,6,6057,6064,131,21.83,15,9,6,"","",""
130,"M Liu, FPG De Arquer, Y Li, X Lan, GH Kim, O Voznyy, LK Jagadamma, ...","Double‐sided junctions enable high‐performance colloidal‐quantum‐dot photovoltaics",2016,"Advanced Materials","","","https://scholar.google.com/scholar?oi=bibs&hl=en&cites=5838500900142406044",35,"2023-03-01 19:01:22","Journal article","","","https://scholar.google.com/citations?view_op=view_citation&hl=en&user=mkHtc_4AAAAJ&pagesize=100&citation_for_view=mkHtc_4AAAAJ:uc_IGeMz5qoC",28,21,4142,4148,130,18.57,16,8,7,"","",""
128,"J Jo, JR Pouliot, D Wynands, SD Collins, JY Kim, TL Nguyen, HY Woo, ...","Enhanced efficiency of single and tandem organic solar cells incorporating a diketopyrrolopyrrole‐based low‐bandgap polymer by utilizing combined ZnO/polyelectrolyte electron …",2013,"Advanced Materials","","","https://scholar.google.com/scholar?oi=bibs&hl=en&cites=8029800805366142725",36,"2023-03-01 19:01:22","Journal article","","","https://scholar.google.com/citations?view_op=view_citation&hl=en&user=mkHtc_4AAAAJ&pagesize=100&citation_for_view=mkHtc_4AAAAJ:KxtntwgDAa4C",25,34,4783,4788,128,12.80,16,8,10,"","",""
124,"B Kim, HR Yeom, MH Yun, JY Kim, C Yang","A selenophene analogue of PCDTBT: Selective fine-tuning of lumo to lower of the bandgap for efficient polymer solar cells",2012,"Macromolecules","","","https://scholar.google.com/scholar?oi=bibs&hl=en&cites=12042161086131001299",37,"2023-03-01 19:01:22","Journal article","","","https://scholar.google.com/citations?view_op=view_citation&hl=en&user=mkHtc_4AAAAJ&pagesize=100&citation_for_view=mkHtc_4AAAAJ:dshw04ExmUIC",45,21,8658,8664,124,11.27,25,5,11,"","",""
120,"J Liu, GH Kim, Y Xue, JY Kim, JB Baek, M Durstock, L Dai","Graphene oxide nanoribbon as hole extraction layer to enhance efficiency and stability of polymer solar cells",2014,"Advanced Materials","","","https://scholar.google.com/scholar?oi=bibs&hl=en&cites=13156150253612986411",38,"2023-03-01 19:01:22","Journal article","","","https://scholar.google.com/citations?view_op=view_citation&hl=en&user=mkHtc_4AAAAJ&pagesize=100&citation_for_view=mkHtc_4AAAAJ:S16KYo8Pm5AC",26,5,786,790,120,13.33,17,7,9,"","",""
106,"BR Lee, H Choi, J SunPark, HJ Lee, SO Kim, JY Kim, MH Song","Surface modification of metal oxide using ionic liquid molecules in hybrid organic–inorganic optoelectronic devices",2011,"Journal of Materials Chemistry","","","https://scholar.google.com/scholar?oi=bibs&hl=en&cites=7012774283188464861",39,"2023-03-01 19:01:22","Journal article","","","https://scholar.google.com/citations?view_op=view_citation&hl=en&user=mkHtc_4AAAAJ&pagesize=100&citation_for_view=mkHtc_4AAAAJ:OU6Ihb5iCvQC",21,7,2051,2053,106,8.83,15,7,12,"","",""
106,"SH Jin, SY Kang, MY Kim, YU Chan, JY Kim, K Lee, YS Gal","Synthesis and electroluminescence properties of poly (9, 9-di-n-octylfluorenyl-2, 7-vinylene) derivatives for light-emitting display",2003,"Macromolecules","","","https://scholar.google.com/scholar?oi=bibs&hl=en&cites=17079551648273966761",40,"2023-03-01 19:01:22","Journal article","","","https://scholar.google.com/citations?view_op=view_citation&hl=en&user=mkHtc_4AAAAJ&pagesize=100&citation_for_view=mkHtc_4AAAAJ:Tyk-4Ss8FVUC",36,11,3841,3847,106,5.30,15,7,20,"","",""
105,"SH Jeong, H Choi, JY Kim, TW Lee","Silver‐based nanoparticles for surface plasmon resonance in organic optoelectronics",2015,"Particle &Particle Systems Characterization","","","https://scholar.google.com/scholar?oi=bibs&hl=en&cites=14582694723640151563",41,"2023-03-01 19:01:22","Journal article","","","https://scholar.google.com/citations?view_op=view_citation&hl=en&user=mkHtc_4AAAAJ&pagesize=100&citation_for_view=mkHtc_4AAAAJ:NJ774b8OgUMC",32,2,164,175,105,13.13,26,4,8,"","",""
104,"IW Hwang, S Cho, JY Kim, K Lee, NE Coates, D Moses, AJ Heeger","Carrier generation and transport in bulk heterojunction films processed with 1, 8-octanedithiol as a processing additive",2008,"Journal of Applied Physics","","","https://scholar.google.com/scholar?oi=bibs&hl=en&cites=13857746698032378801",42,"2023-03-01 19:01:22","Journal article","","","https://scholar.google.com/citations?view_op=view_citation&hl=en&user=mkHtc_4AAAAJ&pagesize=100&citation_for_view=mkHtc_4AAAAJ:qxL8FJ1GzNcC",104,3,33706,33706,104,6.93,15,7,15,"","",""
102,"W Lee, GH Kim, SJ Ko, S Yum, S Hwang, S Cho, YH Shin, JY Kim, ...","Semicrystalline d–a copolymers with different chain curvature for applications in polymer optoelectronic devices",2014,"Macromolecules","","","https://scholar.google.com/scholar?oi=bibs&hl=en&cites=18116521996511962323",43,"2023-03-01 19:01:22","Journal article","","","https://scholar.google.com/citations?view_op=view_citation&hl=en&user=mkHtc_4AAAAJ&pagesize=100&citation_for_view=mkHtc_4AAAAJ:Tiz5es2fbqcC",47,5,1604,1612,102,11.33,11,9,9,"","",""
101,"GH Kim, H Jang, YJ Yoon, J Jeong, SY Park, B Walker, IY Jeon, Y Jo, ...","Fluorine functionalized graphene nano platelets for highly stable inverted perovskite solar cells",2017,"Nano letters","","","https://scholar.google.com/scholar?oi=bibs&hl=en&cites=6750882326259098467",44,"2023-03-01 19:01:22","Journal article","","","https://scholar.google.com/citations?view_op=view_citation&hl=en&user=mkHtc_4AAAAJ&pagesize=100&citation_for_view=mkHtc_4AAAAJ:gVv57TyPmFsC",17,10,6385,6390,101,16.83,11,9,6,"","",""
101,"H Choi, HB Kim, SJ Ko, JY Kim, AJ Heeger","An organic surface modifier to produce a high work function transparent electrode for high performance polymer solar cells",2015,"Advanced Materials","","","https://scholar.google.com/scholar?oi=bibs&hl=en&cites=6710662543570261733",45,"2023-03-01 19:01:22","Journal article","","","https://scholar.google.com/citations?view_op=view_citation&hl=en&user=mkHtc_4AAAAJ&pagesize=100&citation_for_view=mkHtc_4AAAAJ:geHnlv5EZngC",27,5,892,896,101,12.63,20,5,8,"","",""
97,"HS Ryu, SY Park, TH Lee, JY Kim, HY Woo","Recent progress in indoor organic photovoltaics",2020,"Nanoscale","","","https://scholar.google.com/scholar?oi=bibs&hl=en&cites=11886981460268960437",46,"2023-03-01 19:01:22","Journal article","","","https://scholar.google.com/citations?view_op=view_citation&hl=en&user=mkHtc_4AAAAJ&pagesize=100&citation_for_view=mkHtc_4AAAAJ:8Xgff_V0N9gC",12,10,5792,5804,97,32.33,19,5,3,"","",""
96,"HS Park, SJ Ko, JS Park, JY Kim, HK Song","Redox-active charge carriers of conducting polymers as a tuner of conductivity and its potential window",2013,"Scientific reports","","","https://scholar.google.com/scholar?oi=bibs&hl=en&cites=13733127206501715765",47,"2023-03-01 19:01:22","Journal article","","","https://scholar.google.com/citations?view_op=view_citation&hl=en&user=mkHtc_4AAAAJ&pagesize=100&citation_for_view=mkHtc_4AAAAJ:xtoqd-5pKcoC",3,1,1,6,96,9.60,19,5,10,"","",""
95,"B Lim, JT Hwang, JY Kim, J Ghim, D Vak, YY Noh, SH Lee, K Lee, ...","Synthesis of a new cross-linkable perfluorocyclobutane-based hole-transport material",2006,"Organic Letters","","","https://scholar.google.com/scholar?oi=bibs&hl=en&cites=17136773727005820519",48,"2023-03-01 19:01:22","Journal article","","","https://scholar.google.com/citations?view_op=view_citation&hl=en&user=mkHtc_4AAAAJ&pagesize=100&citation_for_view=mkHtc_4AAAAJ:L8Ckcad2t8MC",8,21,4703,4706,95,5.59,11,9,17,"","",""
93,"Y Jin, J Ju, J Kim, S Lee, JY Kim, SH Park, SM Son, SH Jin, K Lee, H Suh","Design, Synthesis, and Electroluminescent Property of CN− Poly (dihexylfluorenevinylene) for LEDs",2003,"Macromolecules","","","https://scholar.google.com/scholar?oi=bibs&hl=en&cites=17693164773455049582",49,"2023-03-01 19:01:22","Journal article","","","https://scholar.google.com/citations?view_op=view_citation&hl=en&user=mkHtc_4AAAAJ&pagesize=100&citation_for_view=mkHtc_4AAAAJ:Y0pCki6q_DkC",36,19,6970,6975,93,4.65,9,10,20,"","",""
92,"TH Lee, MA Uddin, C Zhong, SJ Ko, B Walker, T Kim, YJ Yoon, SY Park, ...","Investigation of charge carrier behavior in high performance ternary blend polymer solar cells",2016,"Advanced Energy Materials","","","https://scholar.google.com/scholar?oi=bibs&hl=en&cites=1815042853625701226",50,"2023-03-01 19:01:22","Journal article","","","https://scholar.google.com/citations?view_op=view_citation&hl=en&user=mkHtc_4AAAAJ&pagesize=100&citation_for_view=mkHtc_4AAAAJ:W5xh706n7nkC",6,19,1600637,1600637,92,13.14,10,9,7,"","",""
87,"H Kim, JY Kim, SH Park, K Lee, Y Jin, J Kim, H Suh","Electroluminescence in polymer-fullerene photovoltaic cells",2005,"Applied Physics Letters","","","https://scholar.google.com/scholar?oi=bibs&hl=en&cites=5333745677829361596",51,"2023-03-01 19:01:22","Journal article","","","https://scholar.google.com/citations?view_op=view_citation&hl=en&user=mkHtc_4AAAAJ&pagesize=100&citation_for_view=mkHtc_4AAAAJ:ZeXyd9-uunAC",86,18,183502,183502,87,4.83,12,7,18,"","",""
85,"S Song, KT Lee, CW Koh, H Shin, M Gao, HY Woo, D Vak, JY Kim","Hot slot die coating for additive-free fabrication of high performance roll-to-roll processed polymer solar cells",2018,"Energy &Environmental Science","","","https://scholar.google.com/scholar?oi=bibs&hl=en&cites=5697294847994164320",52,"2023-03-01 19:01:22","Journal article","","","https://scholar.google.com/citations?view_op=view_citation&hl=en&user=mkHtc_4AAAAJ&pagesize=100&citation_for_view=mkHtc_4AAAAJ:WAzi4Gm8nLoC",11,11,3248,3255,85,17.00,11,8,5,"","",""
84,"S Kang, J Jeong, S Cho, YJ Yoon, S Park, S Lim, JY Kim, H Ko","Ultrathin, lightweight and flexible perovskite solar cells with an excellent power-per-weight performance",2019,"Journal of Materials Chemistry A","","","https://scholar.google.com/scholar?oi=bibs&hl=en&cites=11708346093175604612",53,"2023-03-01 19:01:22","Journal article","","","https://scholar.google.com/citations?view_op=view_citation&hl=en&user=mkHtc_4AAAAJ&pagesize=100&citation_for_view=mkHtc_4AAAAJ:PkcyUWeTMh0C",7,3,1107,1114,84,21.00,11,8,4,"","",""
83,"SJ Ko, H Choi, W Lee, T Kim, BR Lee, JW Jung, JR Jeong, MH Song, ...","Highly efficient plasmonic organic optoelectronic devices based on a conducting polymer electrode incorporated with silver nanoparticles",2013,"Energy &Environmental Science","","","https://scholar.google.com/scholar?oi=bibs&hl=en&cites=7730677087214390576",54,"2023-03-01 19:01:22","Journal article","","","https://scholar.google.com/citations?view_op=view_citation&hl=en&user=mkHtc_4AAAAJ&pagesize=100&citation_for_view=mkHtc_4AAAAJ:08ZZubdj9fEC",6,6,1949,1955,83,8.30,9,9,10,"","",""
81,"SJ Ko, QV Hoang, CE Song, MA Uddin, E Lim, SY Park, BH Lee, S Song, ...","High-efficiency photovoltaic cells with wide optical band gap polymers based on fluorinated phenylene-alkoxybenzothiadiazole",2017,"Energy &Environmental Science","","","https://scholar.google.com/scholar?oi=bibs&hl=en&cites=8263375910979064369",55,"2023-03-01 19:01:22","Journal article","","","https://scholar.google.com/citations?view_op=view_citation&hl=en&user=mkHtc_4AAAAJ&pagesize=100&citation_for_view=mkHtc_4AAAAJ:IUKN3-7HHlwC",10,6,1443,1455,81,13.50,9,9,6,"","",""
81,"S Song, Y Jin, SH Kim, J Moon, K Kim, JY Kim, SH Park, K Lee, H Suh","Stabilized polymers with novel indenoindene backbone against photodegradation for LEDs and solar cells",2008,"Macromolecules","","","https://scholar.google.com/scholar?oi=bibs&hl=en&cites=14919133553065557070",56,"2023-03-01 19:01:22","Journal article","","","https://scholar.google.com/citations?view_op=view_citation&hl=en&user=mkHtc_4AAAAJ&pagesize=100&citation_for_view=mkHtc_4AAAAJ:hC7cP41nSMkC",41,20,7296,7305,81,5.40,9,9,15,"","",""
77,"TL Nguyen, TH Lee, B Gautam, SY Park, K Gundogdu, JY Kim, HY Woo","Single component organic solar cells based on oligothiophene‐fullerene conjugate",2017,"Advanced Functional Materials","","","https://scholar.google.com/scholar?oi=bibs&hl=en&cites=80228844173708938",57,"2023-03-01 19:01:22","Journal article","","","https://scholar.google.com/citations?view_op=view_citation&hl=en&user=mkHtc_4AAAAJ&pagesize=100&citation_for_view=mkHtc_4AAAAJ:GFxP56DSvIMC",27,39,1702474,1702474,77,12.83,11,7,6,"","",""
76,"H Suh, Y Jin, SH Park, D Kim, J Kim, C Kim, JY Kim, K Lee","Stabilized Blue Emission from Organic Light-Emitting Diodes Using Poly (2, 6-(4, 4-bis (2-ethylhexyl)-4 H-cyclopenta [d ef] phenanthrene))",2005,"Macromolecules","","","https://scholar.google.com/scholar?oi=bibs&hl=en&cites=2911091965241590532",58,"2023-03-01 19:01:22","Journal article","","","https://scholar.google.com/citations?view_op=view_citation&hl=en&user=mkHtc_4AAAAJ&pagesize=100&citation_for_view=mkHtc_4AAAAJ:W7OEmFMy1HYC",38,15,6285,6289,76,4.22,10,8,18,"","",""
76,"Y Jin, J Kim, S Lee, JY Kim, SH Park, K Lee, H Suh","Novel electroluminescent polymers with fluoro groups in vinylene units",2004,"Macromolecules","","","https://scholar.google.com/scholar?oi=bibs&hl=en&cites=1862293136362024425",59,"2023-03-01 19:01:22","Journal article","","","https://scholar.google.com/citations?view_op=view_citation&hl=en&user=mkHtc_4AAAAJ&pagesize=100&citation_for_view=mkHtc_4AAAAJ:YsMSGLbcyi4C",37,18,6711,6715,76,4.00,11,7,19,"","",""
75,"S Cho, J Yuen, JY Kim, K Lee, AJ Heeger","Ambipolar organic field-effect transistors fabricated using a composite of semiconducting polymer and soluble fullerene",2006,"Applied physics letters","","","https://scholar.google.com/scholar?oi=bibs&hl=en&cites=9644515500463514262",60,"2023-03-01 19:01:22","Journal article","","","https://scholar.google.com/citations?view_op=view_citation&hl=en&user=mkHtc_4AAAAJ&pagesize=100&citation_for_view=mkHtc_4AAAAJ:uWQEDVKXjbEC",89,15,153505,153505,75,4.41,15,5,17,"","",""
71,"J Yuan, Y Xu, G Shi, X Ling, L Ying, F Huang, TH Lee, HY Woo, JY Kim, ...","Engineering the morphology via processing additives in multiple all-polymer solar cells for improved performance",2018,"Journal of Materials Chemistry A","","","https://scholar.google.com/scholar?oi=bibs&hl=en&cites=9393648667318347383",61,"2023-03-01 19:01:22","Journal article","","","https://scholar.google.com/citations?view_op=view_citation&hl=en&user=mkHtc_4AAAAJ&pagesize=100&citation_for_view=mkHtc_4AAAAJ:qe6vwMD2xtsC",6,22,10421,10432,71,14.20,7,10,5,"","",""
69,"GH Kim, B Walker, HB Kim, JY Kim, EH Sargent, J Park, JY Kim","Inverted colloidal quantum dot solar cells",2014,"Advanced Materials","","","https://scholar.google.com/scholar?oi=bibs&hl=en&cites=1795889928727481799",62,"2023-03-01 19:01:22","Journal article","","","https://scholar.google.com/citations?view_op=view_citation&hl=en&user=mkHtc_4AAAAJ&pagesize=100&citation_for_view=mkHtc_4AAAAJ:tS2w5q8j5-wC",26,20,3321,3327,69,7.67,10,7,9,"","",""
68,"J Yang, M Heo, HJ Lee, SM Park, JY Kim, HS Shin","Reduced Graphene Oxide (rGO)-Wrapped Fullerene (C60) Wires",2011,"ACS nano","","","https://scholar.google.com/scholar?oi=bibs&hl=en&cites=15553658622434759771",63,"2023-03-01 19:01:22","Journal article","","","https://scholar.google.com/citations?view_op=view_citation&hl=en&user=mkHtc_4AAAAJ&pagesize=100&citation_for_view=mkHtc_4AAAAJ:B3FOqHPlNUQC",5,10,8365,8371,68,5.67,11,6,12,"","",""
66,"SJ Ko, W Lee, H Choi, B Walker, S Yum, S Kim, TJ Shin, HY Woo, JY Kim","Improved Performance in Polymer Solar Cells Using Mixed PC61BM/PC71BM Acceptors",2015,"Advanced Energy Materials","","","https://scholar.google.com/scholar?oi=bibs&hl=en&cites=10684663971811740916",64,"2023-03-01 19:01:22","Journal article","","","https://scholar.google.com/citations?view_op=view_citation&hl=en&user=mkHtc_4AAAAJ&pagesize=100&citation_for_view=mkHtc_4AAAAJ:8AbLer7MMksC",5,5,1401687,1401687,66,8.25,7,9,8,"","",""
65,"T Kim, S Kang, J Heo, S Cho, JW Kim, A Choe, B Walker, R Shanker, ...","Nanoparticle‐Enhanced Silver‐Nanowire Plasmonic Electrodes for High‐Performance Organic Optoelectronic Devices",2018,"Advanced Materials","","","https://scholar.google.com/scholar?oi=bibs&hl=en&cites=10956392039766674048",65,"2023-03-01 19:01:22","Journal article","","","https://scholar.google.com/citations?view_op=view_citation&hl=en&user=mkHtc_4AAAAJ&pagesize=100&citation_for_view=mkHtc_4AAAAJ:7BrZ7Jt4UNcC",30,28,1800659,1800659,65,13.00,7,9,5,"","",""
64,"J Lee, YH Seo, SN Kwon, DH Kim, S Jang, H Jung, Y Lee, ...","Slot‐die and roll‐to‐roll processed single junction organic photovoltaic cells with the highest efficiency",2019,"Advanced Energy Materials","","","https://scholar.google.com/scholar?oi=bibs&hl=en&cites=10924628087763445684",66,"2023-03-01 19:01:22","Journal article","","","https://scholar.google.com/citations?view_op=view_citation&hl=en&user=mkHtc_4AAAAJ&pagesize=100&citation_for_view=mkHtc_4AAAAJ:U_HPUtbDl20C",9,36,1901805,1901805,64,16.00,8,8,4,"","",""
63,"SH Park, Y Jin, JY Kim, SH Kim, J Kim, H Suh, K Lee","A Blue‐Light‐Emitting Polymer with a Rigid Backbone for Enhanced Color Stability",2007,"Advanced Functional Materials","","","https://scholar.google.com/scholar?oi=bibs&hl=en&cites=6964159273339774763",67,"2023-03-01 19:01:22","Journal article","","","https://scholar.google.com/citations?view_op=view_citation&hl=en&user=mkHtc_4AAAAJ&pagesize=100&citation_for_view=mkHtc_4AAAAJ:e5wmG9Sq2KIC",17,16,3063,3068,63,3.94,9,7,16,"","",""
62,"W Lee, H Choi, S Hwang, JY Kim, HY Woo","Efficient Conventional‐and Inverted‐Type Photovoltaic Cells Using a Planar Alternating Polythiophene Copolymer",2012,"Chemistry–A European Journal","","","https://scholar.google.com/scholar?oi=bibs&hl=en&cites=11588030313361283734",68,"2023-03-01 19:01:22","Journal article","","","https://scholar.google.com/citations?view_op=view_citation&hl=en&user=mkHtc_4AAAAJ&pagesize=100&citation_for_view=mkHtc_4AAAAJ:tOudhMTPpwUC",18,9,2551,2558,62,5.64,12,5,11,"","",""
62,"IW Hwang, J Young Kim, S Cho, J Yuen, N Coates, K Lee, M Heeney, ...","Bulk Heterojunction Materials Composed of Poly(2,5-bis(3-tetradecylthiophen-2-yl)thieno[3,2-b]thiophene): Ultrafast Electron Transfer and Carrier Recombination",2008,"The Journal of Physical Chemistry C","","","https://scholar.google.com/scholar?oi=bibs&hl=en&cites=7064022233134877241",69,"2023-03-01 19:01:22","Journal article","","","https://scholar.google.com/citations?view_op=view_citation&hl=en&user=mkHtc_4AAAAJ&pagesize=100&citation_for_view=mkHtc_4AAAAJ:g3aElNc5_aQC",112,21,7853,7857,62,4.13,8,8,15,"","",""
61,"TH Lee, SY Park, B Walker, SJ Ko, J Heo, HY Woo, H Choi, JY Kim","A universal processing additive for high-performance polymer solar cells",2017,"RSC advances","","","https://scholar.google.com/scholar?oi=bibs&hl=en&cites=10615588423377150441",70,"2023-03-01 19:01:22","Journal article","","","https://scholar.google.com/citations?view_op=view_citation&hl=en&user=mkHtc_4AAAAJ&pagesize=100&citation_for_view=mkHtc_4AAAAJ:ye4kPcJQO24C",7,13,7476,7482,61,10.17,8,8,6,"","",""
60,"Y Jin, JY Kim, SH Park, J Kim, S Lee, K Lee, H Suh","Syntheses and properties of electroluminescent polyfluorene-based conjugated polymers, containing oxadiazole and carbazole units as pendants, for LEDs",2005,"Polymer","","","https://scholar.google.com/scholar?oi=bibs&hl=en&cites=8583997300875785932",71,"2023-03-01 19:01:22","Journal article","","","https://scholar.google.com/citations?view_op=view_citation&hl=en&user=mkHtc_4AAAAJ&pagesize=100&citation_for_view=mkHtc_4AAAAJ:u9iWguZQMMsC",46,26,12158,12165,60,3.33,9,7,18,"","",""
58,"J Liu, H Choi, JY Kim, C Bailey, M Durstock, L Dai","Highly crystalline and low bandgap donor polymers for efficient polymer solar cells",2012,"Advanced Materials","","","https://scholar.google.com/scholar?oi=bibs&hl=en&cites=14584453501744985816",72,"2023-03-01 19:01:22","Journal article","","","https://scholar.google.com/citations?view_op=view_citation&hl=en&user=mkHtc_4AAAAJ&pagesize=100&citation_for_view=mkHtc_4AAAAJ:K3LRdlH-MEoC",24,4,538,542,58,5.27,10,6,11,"","",""
56,"G Kim, HR Yeom, S Cho, JH Seo, JY Kim, C Yang","Easily Attainable Phenothiazine-Based Polymers for Polymer Solar Cells: Advantage of Insertion of S,S-dioxides into its Polymer for Inverted Structure Solar Cells",2012,"Macromolecules","","","https://scholar.google.com/scholar?oi=bibs&hl=en&cites=4155542611569173429",73,"2023-03-01 19:01:22","Journal article","","","https://scholar.google.com/citations?view_op=view_citation&hl=en&user=mkHtc_4AAAAJ&pagesize=100&citation_for_view=mkHtc_4AAAAJ:sSrBHYA8nusC",45,4,1847,1857,56,5.09,9,6,11,"","",""
56,"H Kim, JY Kim, K Lee, Y Park, Y Jin, H Suh","Organic photovoltaic cells based on conjugated polymer/fullerene composites",2001,"Current Applied Physics 1 (2-3)","","","https://scholar.google.com/scholar?oi=bibs&hl=en&cites=9337867101020016523",74,"2023-03-01 19:01:22","Book chapter","","","https://scholar.google.com/citations?view_op=view_citation&hl=en&user=mkHtc_4AAAAJ&pagesize=100&citation_for_view=mkHtc_4AAAAJ:l7t_Zn2s7bgC",,,139,143,56,2.55,9,6,22,"","",""
55,"YS Shin, YJ Yoon, KT Lee, J Jeong, SY Park, GH Kim, JY Kim","Vivid and fully saturated blue light-emitting diodes based on ligand-modified halide perovskite nanocrystals",2019,"ACS applied materials &interfaces","","","https://scholar.google.com/scholar?oi=bibs&hl=en&cites=4186198085108268783",75,"2023-03-01 19:01:22","Journal article","","","https://scholar.google.com/citations?view_op=view_citation&hl=en&user=mkHtc_4AAAAJ&pagesize=100&citation_for_view=mkHtc_4AAAAJ:jE2MZjpN3IcC",11,26,23401,23409,55,13.75,8,7,4,"","",""
54,"SJ Ko, B Walker, TL Nguyen, H Choi, J Seifter, MA Uddin, T Kim, S Kim, ...","Photocurrent extraction efficiency near unity in a thick polymer bulk heterojunction",2016,"Advanced Functional Materials","","","https://scholar.google.com/scholar?oi=bibs&hl=en&cites=4998849129140531133",76,"2023-03-01 19:01:22","Journal article","","","https://scholar.google.com/citations?view_op=view_citation&hl=en&user=mkHtc_4AAAAJ&pagesize=100&citation_for_view=mkHtc_4AAAAJ:0KyAp5RtaNEC",26,19,3324,3330,54,7.71,6,9,7,"","",""
54,"JK Gallaher, SKK Prasad, MA Uddin, T Kim, JY Kim, HY Woo, ...","Spectroscopically tracking charge separation in polymer: fullerene blends with a three-phase morphology",2015,"Energy &Environmental Science","","","https://scholar.google.com/scholar?oi=bibs&hl=en&cites=5161831851028423507",77,"2023-03-01 19:01:22","Journal article","","","https://scholar.google.com/citations?view_op=view_citation&hl=en&user=mkHtc_4AAAAJ&pagesize=100&citation_for_view=mkHtc_4AAAAJ:j8SEvjWlNXcC",8,9,2713,2724,54,6.75,8,7,8,"","",""
52,"YJ Yoon, KT Lee, TK Lee, SH Kim, YS Shin, B Walker, SY Park, J Heo, ...","Reversible, full-color luminescence by post-treatment of perovskite nanocrystals",2018,"Joule","","","https://scholar.google.com/scholar?oi=bibs&hl=en&cites=16026635933954774900",78,"2023-03-01 19:01:22","Journal article","","","https://scholar.google.com/citations?view_op=view_citation&hl=en&user=mkHtc_4AAAAJ&pagesize=100&citation_for_view=mkHtc_4AAAAJ:WC9gN4BGCRcC",2,10,2105,2116,52,10.40,6,9,5,"","",""
52,"BR Lee, JC Yu, JH Park, S Lee, CK Mai, B Zhao, MS Wong, ED Jung, ...","Conjugated polyelectrolytes as efficient hole transport layers in perovskite light-emitting diodes",2018,"ACS nano","","","https://scholar.google.com/scholar?oi=bibs&hl=en&cites=5981498129590866613",79,"2023-03-01 19:01:22","Journal article","","","https://scholar.google.com/citations?view_op=view_citation&hl=en&user=mkHtc_4AAAAJ&pagesize=100&citation_for_view=mkHtc_4AAAAJ:DkZNVXde3BIC",12,6,5826,5833,52,10.40,6,9,5,"","",""
52,"J Kim, MH Yun, GH Kim, J Lee, SM Lee, SJ Ko, Y Kim, GK Dutta, M Moon, ...","Synthesis of PCDTBT-based fluorinated polymers for high open-circuit voltage in organic photovoltaics: towards an understanding of relationships between polymer energy levels …",2014,"ACS applied materials &interfaces","","","https://scholar.google.com/scholar?oi=bibs&hl=en&cites=8232681441815903104",80,"2023-03-01 19:01:22","Journal article","","","https://scholar.google.com/citations?view_op=view_citation&hl=en&user=mkHtc_4AAAAJ&pagesize=100&citation_for_view=mkHtc_4AAAAJ:WbkHhVStYXYC",6,10,7523,7534,52,5.78,5,10,9,"","",""
50,"Y Li, SJ Ko, SY Park, H Choi, TL Nguyen, MA Uddin, T Kim, S Hwang, ...","Quinoxaline–thiophene based thick photovoltaic devices with an efficiency of∼ 8%",2016,"Journal of Materials Chemistry A","","","https://scholar.google.com/scholar?oi=bibs&hl=en&cites=13066777581287837718",81,"2023-03-01 19:01:22","Journal article","","","https://scholar.google.com/citations?view_op=view_citation&hl=en&user=mkHtc_4AAAAJ&pagesize=100&citation_for_view=mkHtc_4AAAAJ:kRWSkSYxWN8C",4,25,9967,9976,50,7.14,6,9,7,"","",""
49,"M Moon, B Walker, J Lee, SY Park, H Ahn, T Kim, TH Lee, J Heo, JH Seo, ...","Dithienogermole‐Containing Small‐Molecule Solar Cells with 7.3% Efficiency: In‐Depth Study on the Effects of Heteroatom Substitution of Si with Ge",2015,"Advanced Energy Materials","","","https://scholar.google.com/scholar?oi=bibs&hl=en&cites=7674691230917782564",82,"2023-03-01 19:01:22","Journal article","","","https://scholar.google.com/citations?view_op=view_citation&hl=en&user=mkHtc_4AAAAJ&pagesize=100&citation_for_view=mkHtc_4AAAAJ:evX43VCCuoAC",5,9,1402044,1402044,49,6.13,5,10,8,"","",""
49,"J Lee, MH Yun, J Kim, JY Kim, C Yang","Toward the realization of a practical diketopyrrolopyrrole‐based small molecule for improved efficiency in ternary BHJ solar cells",2012,"Macromolecular rapid communications","","","https://scholar.google.com/scholar?oi=bibs&hl=en&cites=3079644164911554600",83,"2023-03-01 19:01:22","Journal article","","","https://scholar.google.com/citations?view_op=view_citation&hl=en&user=mkHtc_4AAAAJ&pagesize=100&citation_for_view=mkHtc_4AAAAJ:5qfkUJPXOUwC",33,2,140,145,49,4.45,10,5,11,"","",""
48,"SY Park, Y Li, J Kim, TH Lee, B Walker, HY Woo, JY Kim","Alkoxybenzothiadiazole-based fullerene and nonfullerene polymer solar cells with high shunt resistance for indoor photovoltaic applications",2018,"ACS applied materials &interfaces","","","https://scholar.google.com/scholar?oi=bibs&hl=en&cites=1860607961674497731",84,"2023-03-01 19:01:22","Journal article","","","https://scholar.google.com/citations?view_op=view_citation&hl=en&user=mkHtc_4AAAAJ&pagesize=100&citation_for_view=mkHtc_4AAAAJ:UmS_249rOGwC",10,4,3885,3894,48,9.60,7,7,5,"","",""
48,"B Walker, H Choi, JY Kim","Interfacial engineering for highly efficient organic solar cells",2017,"Current Applied Physics","","","https://scholar.google.com/scholar?oi=bibs&hl=en&cites=15630708382247352801",85,"2023-03-01 19:01:22","Journal article","","","https://scholar.google.com/citations?view_op=view_citation&hl=en&user=mkHtc_4AAAAJ&pagesize=100&citation_for_view=mkHtc_4AAAAJ:WJVC3Jt7v1AC",17,3,370,391,48,8.00,16,3,6,"","",""
48,"GH Kim, HK Song, JY Kim","The effect of introducing a buffer layer to polymer solar cells on cell efficiency",2011,"Solar Energy Materials and Solar Cells","","","https://scholar.google.com/scholar?oi=bibs&hl=en&cites=12993903435315488796",86,"2023-03-01 19:01:22","Journal article","","","https://scholar.google.com/citations?view_op=view_citation&hl=en&user=mkHtc_4AAAAJ&pagesize=100&citation_for_view=mkHtc_4AAAAJ:738O_yMBCRsC",95,4,1119,1122,48,4.00,16,3,12,"","",""
48,"RK Cheedarala, GH Kim, S Cho, J Lee, J Kim, HK Song, JY Kim, C Yang","Ladder-type heteroacene polymers bearing carbazole and thiophene ring units and their use in field-effect transistors and photovoltaic cells",2011,"Journal of Materials Chemistry","","","https://scholar.google.com/scholar?oi=bibs&hl=en&cites=9729541112158720352",87,"2023-03-01 19:01:22","Journal article","","","https://scholar.google.com/citations?view_op=view_citation&hl=en&user=mkHtc_4AAAAJ&pagesize=100&citation_for_view=mkHtc_4AAAAJ:kz9GbA2Ns4gC",21,3,843,850,48,4.00,6,8,12,"","",""
47,"X Sheng, MH Yun, C Zhang, AM Al‐Okaily, M Masouraki, L Shen, S Wang, ...","Device architectures for enhanced photon recycling in thin‐film multijunction solar cells",2015,"Advanced Energy Materials","","","https://scholar.google.com/scholar?oi=bibs&hl=en&cites=2840876208852465784",88,"2023-03-01 19:01:22","Journal article","","","https://scholar.google.com/citations?view_op=view_citation&hl=en&user=mkHtc_4AAAAJ&pagesize=100&citation_for_view=mkHtc_4AAAAJ:Fu2w8maKXqMC",5,1,1400919,1400919,47,5.88,6,8,8,"","",""
47,"J Sun Park, B Ram Lee, E Jeong, HJ Lee, J Min Lee, JS Kim, J Young Kim, ...","High performance polymer light-emitting diodes with N-type metal oxide/conjugated polyelectrolyte hybrid charge transport layers",2011,"Applied Physics Letters","","","https://scholar.google.com/scholar?oi=bibs&hl=en&cites=16972532752286376482",89,"2023-03-01 19:01:22","Journal article","","","https://scholar.google.com/citations?view_op=view_citation&hl=en&user=mkHtc_4AAAAJ&pagesize=100&citation_for_view=mkHtc_4AAAAJ:lmc2jWPfTJgC",99,16,228,228,47,3.92,6,8,12,"","",""
47,"SH Jin, SY Kang, IS Yeom, JY Kim, SH Park, K Lee, YS Gal, HN Cho","Color-tunable electroluminescent polymers by substitutents on the poly (p-phenylenevinylene) derivatives for light-emitting diodes",2002,"Chemistry of materials","","","https://scholar.google.com/scholar?oi=bibs&hl=en&cites=12258507308524388034",90,"2023-03-01 19:01:22","Journal article","","","https://scholar.google.com/citations?view_op=view_citation&hl=en&user=mkHtc_4AAAAJ&pagesize=100&citation_for_view=mkHtc_4AAAAJ:r0BpntZqJG4C",14,12,5090,5097,47,2.24,6,8,21,"","",""
46,"AN Singh, S Kajal, J Kim, A Jana, JY Kim, KS Kim","Interface engineering driven stabilization of halide perovskites against moisture, heat, and light for optoelectronic applications",2020,"Advanced Energy Materials","","","https://scholar.google.com/scholar?oi=bibs&hl=en&cites=5761506856719189556",91,"2023-03-01 19:01:22","Journal article","","","https://scholar.google.com/citations?view_op=view_citation&hl=en&user=mkHtc_4AAAAJ&pagesize=100&citation_for_view=mkHtc_4AAAAJ:SGW5VrABaM0C",10,30,2000768,2000768,46,15.33,8,6,3,"","",""
46,"J Lee, TH Lee, MM Byranvand, K Choi, HI Kim, SA Park, JY Kim, T Park","Green-solvent processable semiconducting polymers applicable in additive-free perovskite and polymer solar cells: molecular weights, photovoltaic performance, and thermal stability",2018,"Journal of Materials Chemistry A","","","https://scholar.google.com/scholar?oi=bibs&hl=en&cites=914953633957112618",92,"2023-03-01 19:01:22","Journal article","","","https://scholar.google.com/citations?view_op=view_citation&hl=en&user=mkHtc_4AAAAJ&pagesize=100&citation_for_view=mkHtc_4AAAAJ:kF1pexMAQbMC",6,14,5538,5543,46,9.20,6,8,5,"","",""
46,"J Kim, MH Yun, J Lee, JY Kim, F Wudl, C Yang","A synthetic approach to a fullerene-rich dendron and its linear polymer via ring-opening metathesis polymerization",2011,"Chemical Communications","","","https://scholar.google.com/scholar?oi=bibs&hl=en&cites=4019195611487344444",93,"2023-03-01 19:01:22","Journal article","","","https://scholar.google.com/citations?view_op=view_citation&hl=en&user=mkHtc_4AAAAJ&pagesize=100&citation_for_view=mkHtc_4AAAAJ:k8Z6L05lTy4C",47,11,3078,3080,46,3.83,8,6,12,"","",""
46,"S Cho, J Yuen, JY Kim, K Lee, AJ Heeger","Photovoltaic effects on the organic ambipolar field-effect transistors",2007,"Applied physics letters","","","https://scholar.google.com/scholar?oi=bibs&hl=en&cites=8829613079779298411",94,"2023-03-01 19:01:22","Journal article","","","https://scholar.google.com/citations?view_op=view_citation&hl=en&user=mkHtc_4AAAAJ&pagesize=100&citation_for_view=mkHtc_4AAAAJ:L7CI7m0gUJcC",90,6,63511,63511,46,2.88,9,5,16,"","",""
45,"HB Kim, YJ Yoon, J Jeong, J Heo, H Jang, JH Seo, B Walker, JY Kim","Peroptronic devices: perovskite-based light-emitting solar cells",2017,"Energy &Environmental Science","","","https://scholar.google.com/scholar?oi=bibs&hl=en&cites=13806273022684317999",95,"2023-03-01 19:01:22","Journal article","","","https://scholar.google.com/citations?view_op=view_citation&hl=en&user=mkHtc_4AAAAJ&pagesize=100&citation_for_view=mkHtc_4AAAAJ:nVrZBo8bIpAC",10,9,1950,1957,45,7.50,6,8,6,"","",""
45,"GK Dutta, T Kim, H Choi, J Lee, DS Kim, JY Kim, C Yang","Synthesis of fluorinated analogues of a practical polymer TQ for improved open-circuit voltages in polymer solar cells",2014,"Polymer Chemistry","","","https://scholar.google.com/scholar?oi=bibs&hl=en&cites=15859868791026312384",96,"2023-03-01 19:01:22","Journal article","","","https://scholar.google.com/citations?view_op=view_citation&hl=en&user=mkHtc_4AAAAJ&pagesize=100&citation_for_view=mkHtc_4AAAAJ:e_rmSamDkqQC",5,7,2540,2547,45,5.00,6,7,9,"","",""
44,"TH Lee, H Choi, B Walker, T Kim, HB Kim, JY Kim","Replacing the metal oxide layer with a polymer surface modifier for high-performance inverted polymer solar cells",2014,"RSC Advances","","","https://scholar.google.com/scholar?oi=bibs&hl=en&cites=3622220545815571009",97,"2023-03-01 19:01:22","Journal article","","","https://scholar.google.com/citations?view_op=view_citation&hl=en&user=mkHtc_4AAAAJ&pagesize=100&citation_for_view=mkHtc_4AAAAJ:LPZeul_q3PIC",4,9,4791,4795,44,4.89,7,6,9,"","",""
44,"Y Jin, GC Bazan, AJ Heeger, JY Kim, K Lee","Improved electron injection in polymer light-emitting diodes using anionic conjugated polyelectrolyte",2008,"Applied Physics Letters","","","https://scholar.google.com/scholar?oi=bibs&hl=en&cites=15418997142519530382",98,"2023-03-01 19:01:22","Journal article","","","https://scholar.google.com/citations?view_op=view_citation&hl=en&user=mkHtc_4AAAAJ&pagesize=100&citation_for_view=mkHtc_4AAAAJ:hMsQuOkrut0C",93,12,346,346,44,2.93,9,5,15,"","",""
42,"E Seo, SJ Ko, SH Min, JY Kim, BS Kim","Plasmonic transition via interparticle coupling of Au@ Ag core–shell nanostructures sheathed in double hydrophilic block copolymer for high-performance polymer solar cell",2015,"Chemistry of Materials","","","https://scholar.google.com/scholar?oi=bibs&hl=en&cites=1400033619257887649",99,"2023-03-01 19:01:22","Journal article","","","https://scholar.google.com/citations?view_op=view_citation&hl=en&user=mkHtc_4AAAAJ&pagesize=100&citation_for_view=mkHtc_4AAAAJ:RJOyoaXV5v8C",27,13,4789,4798,42,5.25,8,5,8,"","",""
42,"BR Lee, W Lee, TL Nguyen, JS Park, JS Kim, JY Kim, HY Woo, MH Song","Highly efficient red-emitting hybrid polymer light-emitting diodes via Forster resonance energy transfer based on homogeneous polymer blends with the same polyfluorene backbone",2013,"ACS Applied Materials &Interfaces","","","https://scholar.google.com/scholar?oi=bibs&hl=en&cites=11659926152950432243",100,"2023-03-01 19:01:22","Journal article","","","https://scholar.google.com/citations?view_op=view_citation&hl=en&user=mkHtc_4AAAAJ&pagesize=100&citation_for_view=mkHtc_4AAAAJ:HbR8gkJAVGIC",5,12,5690,5695,42,4.20,5,8,10,"","",""
41,"H Kang, SY An, B Walker, S Song, T Kim, JY Kim, C Yang","Thienoisoindigo (TIIG)-based small molecules for the understanding of structure–property–device performance correlations",2015,"Journal of Materials Chemistry A","","","https://scholar.google.com/scholar?oi=bibs&hl=en&cites=13105268757413904229",101,"2023-03-01 19:01:22","Journal article","","","https://scholar.google.com/citations?view_op=view_citation&hl=en&user=mkHtc_4AAAAJ&cstart=100&pagesize=100&citation_for_view=mkHtc_4AAAAJ:35r97b3x0nAC",3,18,9899,9908,41,5.13,6,7,8,"","",""
41,"GH Kim, HB Kim, B Walker, H Choi, C Yang, J Park, JY Kim","Effects of ionic liquid molecules in hybrid PbS quantum dot–organic solar cells",2013,"ACS applied materials &interfaces","","","https://scholar.google.com/scholar?oi=bibs&hl=en&cites=9935161880120176535",102,"2023-03-01 19:01:22","Journal article","","","https://scholar.google.com/citations?view_op=view_citation&hl=en&user=mkHtc_4AAAAJ&cstart=100&pagesize=100&citation_for_view=mkHtc_4AAAAJ:q3CdL3IzO_QC",5,5,1757,1760,41,4.10,6,7,10,"","",""
40,"H Choi, J Lee, W Lee, SJ Ko, R Yang, JC Lee, HY Woo, C Yang, JY Kim","Acid-functionalized fullerenes used as interfacial layer materials in inverted polymer solar cells",2013,"Organic Electronics","","","https://scholar.google.com/scholar?oi=bibs&hl=en&cites=10105219907485366768",103,"2023-03-01 19:01:22","Journal article","","","https://scholar.google.com/citations?view_op=view_citation&hl=en&user=mkHtc_4AAAAJ&cstart=100&pagesize=100&citation_for_view=mkHtc_4AAAAJ:Dip1O2bNi0gC",14,11,3138,3145,40,4.00,4,9,10,"","",""
38,"J Lee, JW Kim, SA Park, SY Son, K Choi, W Lee, M Kim, JY Kim, T Park","Study of burn‐in loss in green solvent‐processed ternary blended organic photovoltaics derived from UV‐crosslinkable semiconducting polymers and nonfullerene acceptors",2019,"Advanced Energy Materials","","","https://scholar.google.com/scholar?oi=bibs&hl=en&cites=16078511356357929692",104,"2023-03-01 19:01:22","Journal article","","","https://scholar.google.com/citations?view_op=view_citation&hl=en&user=mkHtc_4AAAAJ&cstart=100&pagesize=100&citation_for_view=mkHtc_4AAAAJ:LXmCCkuhhTsC",9,34,1901829,1901829,38,9.50,4,9,4,"","",""
38,"S Cho, J Yuen, JY Kim, K Lee, AJ Heeger, S Lee","Multilayer bipolar field-effect transistors",2008,"Applied Physics Letters","","","https://scholar.google.com/scholar?oi=bibs&hl=en&cites=565386266265519505",105,"2023-03-01 19:01:22","Journal article","","","https://scholar.google.com/citations?view_op=view_citation&hl=en&user=mkHtc_4AAAAJ&cstart=100&pagesize=100&citation_for_view=mkHtc_4AAAAJ:KUbvn5osdkgC",92,6,63505,63505,38,2.53,6,6,15,"","",""
37,"TH Lee, SY Park, WW Park, X Du, JH Son, N Li, OH Kwon, HY Woo, ...","Efficient exciton diffusion in organic bilayer heterojunctions with nonfullerene small molecular acceptors",2020,"ACS Energy Letters","","","https://scholar.google.com/scholar?oi=bibs&hl=en&cites=11623953899707312358",106,"2023-03-01 19:01:22","Journal article","","","https://scholar.google.com/citations?view_op=view_citation&hl=en&user=mkHtc_4AAAAJ&cstart=100&pagesize=100&citation_for_view=mkHtc_4AAAAJ:JTqpx9DYBaYC",5,5,1628,1635,37,12.33,4,9,3,"","",""
37,"DW Chang, SJ Ko, JY Kim, L Dai, JB Baek","Multifunctional quinoxaline containing small molecules with multiple electron-donating moieties: Solvatochromic and optoelectronic properties",2012,"Synthetic Metals 162 (13-14)","","","https://scholar.google.com/scholar?oi=bibs&hl=en&cites=12843544865799406045",107,"2023-03-01 19:01:22","Book chapter","","","https://scholar.google.com/citations?view_op=view_citation&hl=en&user=mkHtc_4AAAAJ&cstart=100&pagesize=100&citation_for_view=mkHtc_4AAAAJ:FPJr55Dyh1AC",,,1169,1176,37,3.36,7,5,11,"","",""
37,"J Kim, MH Yun, P Anant, S Cho, J Jacob, JY Kim, C Yang","Copolymers Comprising 2, 7‐Carbazole and Bis‐benzothiadiazole Units for Bulk‐Heterojunction Solar Cells",2011,"Chemistry–A European Journal","","","https://scholar.google.com/scholar?oi=bibs&hl=en&cites=17333837122805089331",108,"2023-03-01 19:01:22","Journal article","","","https://scholar.google.com/citations?view_op=view_citation&hl=en&user=mkHtc_4AAAAJ&cstart=100&pagesize=100&citation_for_view=mkHtc_4AAAAJ:b1wdh0AR-JQC",17,51,14681,14688,37,3.08,5,7,12,"","",""
36,"C Zhong, H Choi, JY Kim, HY Woo, TL Nguyen, F Huang, Y Cao, ...","Ultrafast charge transfer in operating bulk heterojunction solar cells",2015,"Advanced Materials","","","https://scholar.google.com/scholar?oi=bibs&hl=en&cites=17500334126630918851",109,"2023-03-01 19:01:22","Journal article","","","https://scholar.google.com/citations?view_op=view_citation&hl=en&user=mkHtc_4AAAAJ&cstart=100&pagesize=100&citation_for_view=mkHtc_4AAAAJ:tKAzc9rXhukC",27,12,2036,2041,36,4.50,5,8,8,"","",""
35,"HR Yeom, J Heo, GH Kim, SJ Ko, S Song, Y Jo, DS Kim, B Walker, JY Kim","Optimal top electrodes for inverted polymer solar cells",2015,"Physical Chemistry Chemical Physics","","","https://scholar.google.com/scholar?oi=bibs&hl=en&cites=934140691974247661",110,"2023-03-01 19:01:22","Journal article","","","https://scholar.google.com/citations?view_op=view_citation&hl=en&user=mkHtc_4AAAAJ&cstart=100&pagesize=100&citation_for_view=mkHtc_4AAAAJ:kzcrU_BdoSEC",17,3,2152,2159,35,4.38,4,9,8,"","",""
33,"S Kim, C Hwang, SY Park, SJ Ko, H Park, WC Choi, JB Kim, DS Kim, ...","High-yield synthesis of single-crystal silicon nanoparticles as anode materials of lithium ion batteries via photosensitizer-assisted laser pyrolysis",2014,"Journal of Materials Chemistry A","","","https://scholar.google.com/scholar?oi=bibs&hl=en&cites=1657499521740503597",111,"2023-03-01 19:01:22","Journal article","","","https://scholar.google.com/citations?view_op=view_citation&hl=en&user=mkHtc_4AAAAJ&cstart=100&pagesize=100&citation_for_view=mkHtc_4AAAAJ:eflP2zaiRacC",2,42,18070,18075,33,3.67,4,9,9,"","",""
33,"J Kim, MH Yun, GH Kim, JY Kim, C Yang","Replacing 2, 1, 3-benzothiadiazole with 2, 1, 3-naphthothiadiazole in PCDTBT: Towards a low bandgap polymer with deep HOMO energy level",2012,"Polymer Chemistry","","","https://scholar.google.com/scholar?oi=bibs&hl=en&cites=2706420426493234334",112,"2023-03-01 19:01:22","Journal article","","","https://scholar.google.com/citations?view_op=view_citation&hl=en&user=mkHtc_4AAAAJ&cstart=100&pagesize=100&citation_for_view=mkHtc_4AAAAJ:0N-VGjzr574C",3,12,3276,3281,33,3.00,7,5,11,"","",""
33,"MH Yun, GH Kim, C Yang, JY Kim","Towards optimization of P3HT: bisPCBM composites for highly efficient polymer solar cells",2010,"Journal of Materials Chemistry","","","https://scholar.google.com/scholar?oi=bibs&hl=en&cites=11529776240033843917",113,"2023-03-01 19:01:22","Journal article","","","https://scholar.google.com/citations?view_op=view_citation&hl=en&user=mkHtc_4AAAAJ&cstart=100&pagesize=100&citation_for_view=mkHtc_4AAAAJ:kuK5TVdYjLIC",20,36,7710,7714,33,2.54,8,4,13,"","",""
32,"G Kim, S Song, J Lee, T Kim, TH Lee, B Walker, JY Kim, C Yang","Control of Charge Dynamics via Use of Nonionic Phosphonate Chains and Their Effectiveness for Inverted Structure Solar Cells",2015,"Advanced Energy Materials","","","https://scholar.google.com/scholar?oi=bibs&hl=en&cites=8337465375967874730",114,"2023-03-01 19:01:22","Journal article","","","https://scholar.google.com/citations?view_op=view_citation&hl=en&user=mkHtc_4AAAAJ&cstart=100&pagesize=100&citation_for_view=mkHtc_4AAAAJ:9vf0nzSNQJEC",5,18,1500844,1500844,32,4.00,4,8,8,"","",""
31,"J Lee, S Song, J Huang, Z Du, H Lee, Z Zhu, SJ Ko, TQ Nguyen, JY Kim, ...","Bandgap tailored nonfullerene acceptors for low-energy-loss near-infrared organic photovoltaics",2020,"ACS Materials Letters","","","https://scholar.google.com/scholar?oi=bibs&hl=en&cites=12908677388775826535",115,"2023-03-01 19:01:22","Journal article","","","https://scholar.google.com/citations?view_op=view_citation&hl=en&user=mkHtc_4AAAAJ&cstart=100&pagesize=100&citation_for_view=mkHtc_4AAAAJ:2v_ZtQDX9iAC",2,4,395,402,31,10.33,3,10,3,"","",""
31,"S Kajal, GH Kim, CW Myung, YS Shin, J Kim, J Jeong, A Jana, JY Kim, ...","A thermally stable, barium-stabilized α-CsPbI 3 perovskite for optoelectronic devices",2019,"Journal of Materials Chemistry A","","","https://scholar.google.com/scholar?oi=bibs&hl=en&cites=6790700806862096524",116,"2023-03-01 19:01:22","Journal article","","","https://scholar.google.com/citations?view_op=view_citation&hl=en&user=mkHtc_4AAAAJ&cstart=100&pagesize=100&citation_for_view=mkHtc_4AAAAJ:sszUF3NjhM4C",7,38,21740,21746,31,7.75,3,9,4,"","",""
31,"MJ Sung, M Huang, SH Moon, TH Lee, SY Park, JY Kim, SK Kwon, ...","Naphthalene diimide-based small molecule acceptors for fullerene-free organic solar cells",2017,"Solar Energy","","","https://scholar.google.com/scholar?oi=bibs&hl=en&cites=9246234719886994046",117,"2023-03-01 19:01:22","Journal article","","","https://scholar.google.com/citations?view_op=view_citation&hl=en&user=mkHtc_4AAAAJ&cstart=100&pagesize=100&citation_for_view=mkHtc_4AAAAJ:Bg7qf7VwUHIC",150,,90,95,31,5.17,4,8,6,"","",""
31,"Y Li, TH Lee, SY Park, MA Uddin, T Kim, S Hwang, JY Kim, HY Woo","Straight chain D–A copolymers based on thienothiophene and benzothiadiazole for efficient polymer field effect transistors and photovoltaic cells",2016,"Polymer Chemistry","","","https://scholar.google.com/scholar?oi=bibs&hl=en&cites=1913001501029591256",118,"2023-03-01 19:01:22","Journal article","","","https://scholar.google.com/citations?view_op=view_citation&hl=en&user=mkHtc_4AAAAJ&cstart=100&pagesize=100&citation_for_view=mkHtc_4AAAAJ:zLWjf1WUPmwC",7,28,4638,4646,31,4.43,4,8,7,"","",""
31,"B Walker, M Ullah, GJ Chae, PL Burn, S Cho, JY Kim, EB Namdas, ...","High mobility solution-processed hybrid light emitting transistors",2014,"Applied Physics Letters 105 (18), 166_","","","https://scholar.google.com/scholar?oi=bibs&hl=en&cites=4850926758905724166",119,"2023-03-01 19:01:22","Journal article","","","https://scholar.google.com/citations?view_op=view_citation&hl=en&user=mkHtc_4AAAAJ&cstart=100&pagesize=100&citation_for_view=mkHtc_4AAAAJ:oNZyr7d5Mn4C",1,,,,31,3.44,4,8,9,"","",""
31,"H Cho, S Choi, JY Kim, S Park","Fabrication of gold dot, ring, and corpuscle arrays from block copolymer templates via a simple modification of surface energy",2011,"Nanoscale","","","https://scholar.google.com/scholar?oi=bibs&hl=en&cites=18060128645011990046",120,"2023-03-01 19:01:22","Journal article","","","https://scholar.google.com/citations?view_op=view_citation&hl=en&user=mkHtc_4AAAAJ&cstart=100&pagesize=100&citation_for_view=mkHtc_4AAAAJ:tuHXwOkdijsC",3,12,5007,5012,31,2.58,8,4,12,"","",""
31,"H Choi, H Cho, S Song, H Suh, S Park, JY Kim","Enhanced open circuit voltage by hydrophilic ionic liquids as buffer layer in conjugated polymer–nanoporous titania hybrid solar cells",2010,"Physical Chemistry Chemical Physics","","","https://scholar.google.com/scholar?oi=bibs&hl=en&cites=16465557851216653253",121,"2023-03-01 19:01:22","Journal article","","","https://scholar.google.com/citations?view_op=view_citation&hl=en&user=mkHtc_4AAAAJ&cstart=100&pagesize=100&citation_for_view=mkHtc_4AAAAJ:gsN89kCJA0AC",12,46,15309,15314,31,2.38,5,6,13,"","",""
29,"DS Um, Y Lee, T Kim, S Lim, H Lee, M Ha, Z Khan, S Kang, MP Kim, ...","High-resolution filtration patterning of silver nanowire electrodes for flexible and transparent optoelectronic devices",2020,"ACS applied materials &interfaces","","","https://scholar.google.com/scholar?oi=bibs&hl=en&cites=6795341175818624412",122,"2023-03-01 19:01:22","Journal article","","","https://scholar.google.com/citations?view_op=view_citation&hl=en&user=mkHtc_4AAAAJ&cstart=100&pagesize=100&citation_for_view=mkHtc_4AAAAJ:oi2SiIJ9l4AC",12,28,32154,32162,29,9.67,3,10,3,"","",""
29,"B Walker, GH Kim, JY Kim","Pseudohalides in lead‐based perovskite semiconductors",2019,"Advanced Materials","","","https://scholar.google.com/scholar?oi=bibs&hl=en&cites=17616555899255142438",123,"2023-03-01 19:01:22","Journal article","","","https://scholar.google.com/citations?view_op=view_citation&hl=en&user=mkHtc_4AAAAJ&cstart=100&pagesize=100&citation_for_view=mkHtc_4AAAAJ:6_hjMsCP8ZoC",31,20,1807029,1807029,29,7.25,10,3,4,"","",""
29,"T Kim, J Heo, JY Lee, YJ Yoon, TH Lee, YS Shin, IS Kim, H Kim, ...","Morphology-dependent hole transfer under negligible HOMO difference in non-fullerene acceptor-based ternary polymer solar cells",2019,"ACS applied materials &interfaces","","","https://scholar.google.com/scholar?oi=bibs&hl=en&cites=3151881777748268822",124,"2023-03-01 19:01:22","Journal article","","","https://scholar.google.com/citations?view_op=view_citation&hl=en&user=mkHtc_4AAAAJ&cstart=100&pagesize=100&citation_for_view=mkHtc_4AAAAJ:AXkvAH5U_nMC",11,7,7208,7215,29,7.25,3,9,4,"","",""
28,"GY Kim, W Jo, KD Lee, HS Choi, JY Kim, HY Shin, TTT Nguyen, S Yoon, ...","Optical and surface probe investigation of secondary phases in Cu2ZnSnS4 films grown by electrochemical deposition",2015,"Solar Energy Materials and Solar Cells","","","https://scholar.google.com/scholar?oi=bibs&hl=en&cites=11351508600236210489",125,"2023-03-01 19:01:22","Journal article","","","https://scholar.google.com/citations?view_op=view_citation&hl=en&user=mkHtc_4AAAAJ&cstart=100&pagesize=100&citation_for_view=mkHtc_4AAAAJ:F1b5ZUV5XREC",139,,10,18,28,3.50,3,9,8,"","",""
28,"B Kim, HR Yeom, WY Choi, JY Kim, C Yang","Synthesis and characterization of a bis-methanofullerene-4-nitro-α-cyanostilbene dyad as a potential acceptor for high-performance polymer solar cells",2012,"Tetrahedron","","","https://scholar.google.com/scholar?oi=bibs&hl=en&cites=3342478492859808044",126,"2023-03-01 19:01:22","Journal article","","","https://scholar.google.com/citations?view_op=view_citation&hl=en&user=mkHtc_4AAAAJ&cstart=100&pagesize=100&citation_for_view=mkHtc_4AAAAJ:5Ul4iDaHHb8C",68,33,6696,6700,28,2.55,6,5,11,"","",""
28,"M Heo, J Kim, JY Kim, C Yang","A First Approach to White Organic Electroluminescence Device from a Single Rod‐Coil Poly [thiophene‐block‐(N‐vinylcarbazole)] Diblock Copolymer",2010,"Macromolecular rapid communications","","","https://scholar.google.com/scholar?oi=bibs&hl=en&cites=14271514132323064462",127,"2023-03-01 19:01:22","Journal article","","","https://scholar.google.com/citations?view_op=view_citation&hl=en&user=mkHtc_4AAAAJ&cstart=100&pagesize=100&citation_for_view=mkHtc_4AAAAJ:VOx2b1Wkg3QC",31,23,2047,2052,28,2.15,7,4,13,"","",""
26,"HW Cho, NG An, SY Park, YS Shin, W Lee, JY Kim, S Song","Thermally durable nonfullerene acceptor with nonplanar conjugated backbone for high‐performance organic solar cells",2020,"Advanced Energy Materials","","","https://scholar.google.com/scholar?oi=bibs&hl=en&cites=16016669542801545624",128,"2023-03-01 19:01:22","Journal article","","","https://scholar.google.com/citations?view_op=view_citation&hl=en&user=mkHtc_4AAAAJ&cstart=100&pagesize=100&citation_for_view=mkHtc_4AAAAJ:k_7cPK9k7w8C",10,12,1903585,1903585,26,8.67,4,7,3,"","",""
25,"S Song, K Kranthiraja, J Heo, T Kim, B Walker, SH Jin, JY Kim","Efficiency exceeding 11% in tandem polymer solar cells employing high open‐circuit voltage wide‐bandgap π‐conjugated polymers",2017,"Advanced Energy Materials","","","https://scholar.google.com/scholar?oi=bibs&hl=en&cites=3581156296659146278",129,"2023-03-01 19:01:22","Journal article","","","https://scholar.google.com/citations?view_op=view_citation&hl=en&user=mkHtc_4AAAAJ&cstart=100&pagesize=100&citation_for_view=mkHtc_4AAAAJ:LhH-TYMQEocC",7,21,1700782,1700782,25,4.17,4,7,6,"","",""
25,"S Yamada, S Park, S Song, M Heo, JY Shim, Y Jin, I Kim, H Lee, K Lee, ...","Synthesis and characterization of fluorene-carbazole and fluorene-phenothiazine copolymers with carbazole and oxadiazole pendants for organic light emitting diodes",2010,"Polymer","","","https://scholar.google.com/scholar?oi=bibs&hl=en&cites=2848059017036412045",130,"2023-03-01 19:01:22","Journal article","","","https://scholar.google.com/citations?view_op=view_citation&hl=en&user=mkHtc_4AAAAJ&cstart=100&pagesize=100&citation_for_view=mkHtc_4AAAAJ:fQNAKQ3IYiAC",51,26,6174,6181,25,1.92,3,10,13,"","",""
24,"SY Park, S Chandrabose, MB Price, HS Ryu, TH Lee, YS Shin, Z Wu, ...","Photophysical pathways in efficient bilayer organic solar cells: The importance of interlayer energy transfer",2021,"Nano Energy","","","https://scholar.google.com/scholar?oi=bibs&hl=en&cites=14171373449584251941",131,"2023-03-01 19:01:22","Journal article","","","https://scholar.google.com/citations?view_op=view_citation&hl=en&user=mkHtc_4AAAAJ&cstart=100&pagesize=100&citation_for_view=mkHtc_4AAAAJ:YlPif8NxrbYC",84,,105924,105924,24,12.00,3,8,2,"","",""
24,"X Xue, B Fan, T Liu, X Sun, L Huo, SR Ha, H Choi, T Kim, JY Kim, D Wei, ...","Influence of aromatic heterocycle of conjugated side chains on photovoltaic performance of benzodithiophene-based wide-bandgap polymers",2016,"Polymer Chemistry","","","https://scholar.google.com/scholar?oi=bibs&hl=en&cites=4448841828810169932",132,"2023-03-01 19:01:22","Journal article","","","https://scholar.google.com/citations?view_op=view_citation&hl=en&user=mkHtc_4AAAAJ&cstart=100&pagesize=100&citation_for_view=mkHtc_4AAAAJ:EkHepimYqZsC",7,24,4036,4045,24,3.43,2,11,7,"","",""
23,"YJ Yoon, YS Shin, H Jang, JG Son, JW Kim, CB Park, D Yuk, J Seo, ...","Highly stable bulk perovskite for blue LEDs with anion-exchange method",2021,"Nano Letters","","","https://scholar.google.com/scholar?oi=bibs&hl=en&cites=8616752794109864325",133,"2023-03-01 19:01:22","Journal article","","","https://scholar.google.com/citations?view_op=view_citation&hl=en&user=mkHtc_4AAAAJ&cstart=100&pagesize=100&citation_for_view=mkHtc_4AAAAJ:CYCckWUYoCcC",21,8,3473,3479,23,11.50,3,9,2,"","",""
23,"YJ Park, MJ Cha, YJ Yoon, S Cho, JY Kim, JH Seo, B Walker","Improved Performance in n‐Type Organic Field‐Effect Transistors via Polyelectrolyte‐Mediated Interfacial Doping",2017,"Advanced Electronic Materials","","","https://scholar.google.com/scholar?oi=bibs&hl=en&cites=18198125133098679091",134,"2023-03-01 19:01:22","Journal article","","","https://scholar.google.com/citations?view_op=view_citation&hl=en&user=mkHtc_4AAAAJ&cstart=100&pagesize=100&citation_for_view=mkHtc_4AAAAJ:SIv7DqKytYAC",3,10,1700184,1700184,23,3.83,3,7,6,"","",""
23,"GH Kim, B Walker, D Zhitomirsky, J Heo, SJ Ko, J Park, EH Sargent, ...","Synergistic photocurrent addition in hybrid quantum dot: Bulk heterojunction solar cells",2015,"Nano energy","","","https://scholar.google.com/scholar?oi=bibs&hl=en&cites=2567238163233934036",135,"2023-03-01 19:01:22","Journal article","","","https://scholar.google.com/citations?view_op=view_citation&hl=en&user=mkHtc_4AAAAJ&cstart=100&pagesize=100&citation_for_view=mkHtc_4AAAAJ:tzM49s52ZIMC",13,,491,499,23,2.88,3,8,8,"","",""
22,"W Lee, J Yeop, J Heo, YJ Yoon, SY Park, J Jeong, YS Shin, JW Kim, ...","High colloidal stability ZnO nanoparticles independent on solvent polarity and their application in polymer solar cells",2020,"Scientific reports","","","https://scholar.google.com/scholar?oi=bibs&hl=en&cites=9500273394650445260",136,"2023-03-01 19:01:22","Journal article","","","https://scholar.google.com/citations?view_op=view_citation&hl=en&user=mkHtc_4AAAAJ&cstart=100&pagesize=100&citation_for_view=mkHtc_4AAAAJ:qwy9JoKyICEC",10,1,1,10,22,7.33,2,9,3,"","",""
22,"Y Cho, TH Lee, S Jeong, SY Park, B Lee, JY Kim, C Yang","Dithienogermole-based nonfullerene acceptors: roles of the side-chains’ direction and development of green-tinted efficient semitransparent organic solar cells",2020,"ACS Applied Energy Materials","","","https://scholar.google.com/scholar?oi=bibs&hl=en&cites=11229202964009671241",137,"2023-03-01 19:01:22","Journal article","","","https://scholar.google.com/citations?view_op=view_citation&hl=en&user=mkHtc_4AAAAJ&cstart=100&pagesize=100&citation_for_view=mkHtc_4AAAAJ:DrR-2ekChdkC",3,8,7689,7698,22,7.33,3,7,3,"","",""
22,"J Kong, D Nordlund, JS Jin, SY Kim, SM Jin, D Huang, Y Zheng, ...","Underwater organic solar cells via selective removal of electron acceptors near the top electrode",2019,"ACS Energy Letters","","","https://scholar.google.com/scholar?oi=bibs&hl=en&cites=9858519967103772373",138,"2023-03-01 19:01:22","Journal article","","","https://scholar.google.com/citations?view_op=view_citation&hl=en&user=mkHtc_4AAAAJ&cstart=100&pagesize=100&citation_for_view=mkHtc_4AAAAJ:Xz60mAmATU4C",4,5,1034,1041,22,5.50,3,8,4,"","",""
22,"HJ Lee, BR Lee, JS Park, SO Kim, JY Kim, MH Song","Hybrid organic-inorganic light-emitting electrochemical cells using fluorescent polymer and ionic liquid blend as an active layer",2011,"Applied Physics Letters","","","https://scholar.google.com/scholar?oi=bibs&hl=en&cites=7058375952517401702",139,"2023-03-01 19:01:22","Journal article","","","https://scholar.google.com/citations?view_op=view_citation&hl=en&user=mkHtc_4AAAAJ&cstart=100&pagesize=100&citation_for_view=mkHtc_4AAAAJ:VaXvl8Fpj5cC",98,25,123,123,22,1.83,4,6,12,"","",""
21,"GY Kim, JR Kim, W Jo, KD Lee, JY Kim, TTT Nguyen, S Yoon","Effects of Cu2− xS phase removal on surface potential of Cu2ZnSnS4 thin-films grown by electroplating",2014,"Current Applied Physics","","","https://scholar.google.com/scholar?oi=bibs&hl=en&cites=10321503251775759049",140,"2023-03-01 19:01:22","Journal article","","","https://scholar.google.com/citations?view_op=view_citation&hl=en&user=mkHtc_4AAAAJ&cstart=100&pagesize=100&citation_for_view=mkHtc_4AAAAJ:LgRImbQfgY4C",14,12,1665,1668,21,2.33,3,7,9,"","",""
21,"MH Yun, E Lee, W Lee, H Choi, BR Lee, MH Song, JI Hong, TH Kwon, ...","Enhanced performance of polymer bulk heterojunction solar cells employing multifunctional iridium complexes",2014,"Journal of Materials Chemistry C","","","https://scholar.google.com/scholar?oi=bibs&hl=en&cites=14569629924979109926",141,"2023-03-01 19:01:22","Journal article","","","https://scholar.google.com/citations?view_op=view_citation&hl=en&user=mkHtc_4AAAAJ&cstart=100&pagesize=100&citation_for_view=mkHtc_4AAAAJ:M7yex6snE4oC",2,47,10195,10200,21,2.33,2,9,9,"","",""
21,"AM Hussain, B Neppolian, SH Kim, JY Kim, HC Choi, K Lee, SJ Park, ...","Improved performance of polymer light-emitting diodes with nanocomposites",2009,"Applied Physics Letters","","","https://scholar.google.com/scholar?oi=bibs&hl=en&cites=17936447601825270928",142,"2023-03-01 19:01:22","Journal article","","","https://scholar.google.com/citations?view_op=view_citation&hl=en&user=mkHtc_4AAAAJ&cstart=100&pagesize=100&citation_for_view=mkHtc_4AAAAJ:TIZ-Mc8IlK0C",94,7,52,52,21,1.50,3,8,14,"","",""
20,"NG An, JY Kim, D Vak","Machine learning-assisted development of organic photovoltaics via high-throughput in situ formulation",2021,"Energy &Environmental Science","","","https://scholar.google.com/scholar?oi=bibs&hl=en&cites=2597707890842457709",143,"2023-03-01 19:01:22","Journal article","","","https://scholar.google.com/citations?view_op=view_citation&hl=en&user=mkHtc_4AAAAJ&cstart=100&pagesize=100&citation_for_view=mkHtc_4AAAAJ:kJDgFkosVoMC",14,6,3438,3446,20,10.00,7,3,2,"","",""
20,"J Kim, SY Park, G Han, S Chae, S Song, JY Shim, E Bae, I Kim, HJ Kim, ...","Conjugated polymers containing 6-(2-thienyl)-4H-thieno[3,2-b]indole (TTI) and isoindigo for organic photovoltaics",2016,"Polymer","","","https://scholar.google.com/scholar?oi=bibs&hl=en&cites=4759654501371434064",144,"2023-03-01 19:01:22","Journal article","","","https://scholar.google.com/citations?view_op=view_citation&hl=en&user=mkHtc_4AAAAJ&cstart=100&pagesize=100&citation_for_view=mkHtc_4AAAAJ:ipzZ9siozwsC",95,,36,44,20,2.86,2,10,7,"","",""
20,"DW Chang, SJ Ko, JY Kim, SM Park, HJ Lee, L Dai, JB Baek","Multifunctional Conjugated Polymers with Main‐Chain Donors and Side‐Chain Acceptors for Dye Sensitized Solar Cells (DSSCs) and Organic Photovoltaic Cells (OPVs)",2011,"Macromolecular Rapid Communications","","","https://scholar.google.com/scholar?oi=bibs&hl=en&cites=11215428998000190695",145,"2023-03-01 19:01:22","Journal article","","","https://scholar.google.com/citations?view_op=view_citation&hl=en&user=mkHtc_4AAAAJ&cstart=100&pagesize=100&citation_for_view=mkHtc_4AAAAJ:MLfJN-KU85MC",32,22,1809,1814,20,1.67,3,7,12,"","",""
19,"IC Seo, Y Lim, SC An, BH Woo, S Kim, JG Son, SJ Yoo, QH Park, JY Kim, ...","Circularly Polarized Emission from Organic–Inorganic Hybrid Perovskites via Chiral Fano Resonances",2021,"ACS nano","","","https://scholar.google.com/scholar?oi=bibs&hl=en&cites=10712711879004921870",146,"2023-03-01 19:01:22","Journal article","","","https://scholar.google.com/citations?view_op=view_citation&hl=en&user=mkHtc_4AAAAJ&cstart=100&pagesize=100&citation_for_view=mkHtc_4AAAAJ:tHtfpZlB6tUC",15,8,13781,13793,19,9.50,2,10,2,"","",""
19,"SY Son, JW Kim, JH Lee, GW Kim, J Hong, JY Kim, T Park","A donor–acceptor semiconducting polymer with a random configuration for efficient, green-solvent-processable flexible solar cells",2018,"Journal of Materials Chemistry A","","","https://scholar.google.com/scholar?oi=bibs&hl=en&cites=17316656201735008209",147,"2023-03-01 19:01:22","Journal article","","","https://scholar.google.com/citations?view_op=view_citation&hl=en&user=mkHtc_4AAAAJ&cstart=100&pagesize=100&citation_for_view=mkHtc_4AAAAJ:aIdbFUkbNIkC",6,47,24580,24587,19,3.80,3,7,5,"","",""
19,"S YiáPark, M HeeáYun, J ChuláLee, D SukáKim, J YoungáKim","Size tailoring of aqueous germanium nanoparticle dispersions",2014,"Nanoscale","","","https://scholar.google.com/scholar?oi=bibs&hl=en&cites=7903505487895004269",148,"2023-03-01 19:01:22","Journal article","","","https://scholar.google.com/citations?view_op=view_citation&hl=en&user=mkHtc_4AAAAJ&cstart=100&pagesize=100&citation_for_view=mkHtc_4AAAAJ:WZBGuue-350C",6,17,10156,10160,19,2.11,4,5,9,"","",""
19,"Y Jin, JY Kim, S Song, Y Xia, J Kim, HY Woo, K Lee, H Suh","The influence of tetrakis-ethylhexyloxy groups substituted in PPV derivative for PLEDs",2008,"Polymer","","","https://scholar.google.com/scholar?oi=bibs&hl=en&cites=14816584015815108745",149,"2023-03-01 19:01:22","Journal article","","","https://scholar.google.com/citations?view_op=view_citation&hl=en&user=mkHtc_4AAAAJ&cstart=100&pagesize=100&citation_for_view=mkHtc_4AAAAJ:tYavs44e6CUC",49,2,467,473,19,1.27,2,8,15,"","",""
18,"J Lee, J Heo, HY Lim, J Seo, Y Kim, J Kim, U Kim, Y Choi, SH Kim, ...","Defect-Induced in Situ Atomic Doping in Transition Metal Dichalcogenides via Liquid-Phase Synthesis toward Efficient Electrochemical Activity",2020,"ACS nano","","","https://scholar.google.com/scholar?oi=bibs&hl=en&cites=15473758959766868867",150,"2023-03-01 19:01:22","Journal article","","","https://scholar.google.com/citations?view_op=view_citation&hl=en&user=mkHtc_4AAAAJ&cstart=100&pagesize=100&citation_for_view=mkHtc_4AAAAJ:v6i8RKmR8ToC",14,12,17114,17124,18,6.00,2,10,3,"","",""
18,"YS Shin, YJ Yoon, J Heo, S Song, JW Kim, SY Park, HW Cho, GH Kim, ...","Functionalized PFN-X (X= Cl, Br, or I) for balanced charge carriers of highly efficient blue light-emitting diodes",2020,"ACS applied materials &interfaces","","","https://scholar.google.com/scholar?oi=bibs&hl=en&cites=1214870664327763685",151,"2023-03-01 19:01:22","Journal article","","","https://scholar.google.com/citations?view_op=view_citation&hl=en&user=mkHtc_4AAAAJ&cstart=100&pagesize=100&citation_for_view=mkHtc_4AAAAJ:w1MjKQ0l0TYC",12,31,35740,35747,18,6.00,2,9,3,"","",""
18,"YS Shin, YJ Yoon, KT Lee, W Lee, HS Kim, JW Kim, H Jang, M Kim, ...","High-Performance Perovskite Light-Emitting Diodes with Surface Passivation of CsPbBrxI3–x Nanocrystals via Antisolvent-Triggered Ion-Exchange",2020,"ACS Applied Materials &Interfaces","","","https://scholar.google.com/scholar?oi=bibs&hl=en&cites=8505572194184384112",152,"2023-03-01 19:01:22","Journal article","","","https://scholar.google.com/citations?view_op=view_citation&hl=en&user=mkHtc_4AAAAJ&cstart=100&pagesize=100&citation_for_view=mkHtc_4AAAAJ:F2UWTTQJPOcC",12,28,31582,31590,18,6.00,2,9,3,"","",""
18,"J Jeong, HB Kim, H Kim, B Walker, S Song, J Heo, YJ Yoon, Y Jo, H Choi, ...","Ternary halide perovskites for highly efficient solution-processed hybrid solar cells",2016,"ACS Energy Letters","","","https://scholar.google.com/scholar?oi=bibs&hl=en&cites=11131911221372024830",153,"2023-03-01 19:01:22","Journal article","","","https://scholar.google.com/citations?view_op=view_citation&hl=en&user=mkHtc_4AAAAJ&cstart=100&pagesize=100&citation_for_view=mkHtc_4AAAAJ:N5tVd3kTz84C",1,4,712,718,18,2.57,2,10,7,"","",""
18,"M Ge, S Kim, A Nie, R Shahbazian-Yassar, M Mecklenburg, Y Lu, X Fang, ...","Capacity retention behavior and morphology evolution of SixGe1− x nanoparticles as lithium-ion battery anode",2015,"Nanotechnology","","","https://scholar.google.com/scholar?oi=bibs&hl=en&cites=7964408904777121429",154,"2023-03-01 19:01:22","Journal article","","","https://scholar.google.com/citations?view_op=view_citation&hl=en&user=mkHtc_4AAAAJ&cstart=100&pagesize=100&citation_for_view=mkHtc_4AAAAJ:1qzjygNMrQYC",26,25,255702,255702,18,2.25,2,8,8,"","",""
18,"TL Nguyen, S Song, SJ Ko, H Choi, JE Jeong, T Kim, S Hwang, JY Kim, ...","Benzodithiophene‐thiophene‐based photovoltaic polymers with different side‐chains",2015,"Journal of Polymer Science Part A: Polymer Chemistry","","","https://scholar.google.com/scholar?oi=bibs&hl=en&cites=17027849457890354479",155,"2023-03-01 19:01:22","Journal article","","","https://scholar.google.com/citations?view_op=view_citation&hl=en&user=mkHtc_4AAAAJ&cstart=100&pagesize=100&citation_for_view=mkHtc_4AAAAJ:ZfRJV9d4-WMC",53,7,854,862,18,2.25,2,9,8,"","",""
18,"B Walker, GH Kim, J Heo, GJ Chae, J Park, JH Seo, JY Kim","Solution-processed CdS transistors with high electron mobility",2014,"Rsc Advances","","","https://scholar.google.com/scholar?oi=bibs&hl=en&cites=14425165165535338825",156,"2023-03-01 19:01:22","Journal article","","","https://scholar.google.com/citations?view_op=view_citation&hl=en&user=mkHtc_4AAAAJ&cstart=100&pagesize=100&citation_for_view=mkHtc_4AAAAJ:i2xiXl-TujoC",4,7,3153,3157,18,2.00,3,7,9,"","",""
17,"HR Yeom, S Song, SY Park, HS Ryu, JW Kim, J Heo, HW Cho, B Walker, ...","Aesthetic and colorful: Dichroic polymer solar cells using high-performance Fabry-Perot etalon electrodes with a unique Sb2O3 cavity",2020,"Nano Energy","","","https://scholar.google.com/scholar?oi=bibs&hl=en&cites=9877256811511636954",157,"2023-03-01 19:01:22","Journal article","","","https://scholar.google.com/citations?view_op=view_citation&hl=en&user=mkHtc_4AAAAJ&cstart=100&pagesize=100&citation_for_view=mkHtc_4AAAAJ:65Yg0jNCQDAC",77,,105146,105146,17,5.67,2,9,3,"","",""
17,"D Xie, T Liu, TH Lee, W Gao, C Zhong, L Huo, Z Luo, K Wu, W Xiong, ...","A new small molecule acceptor based on indaceno [2, 1-b: 6, 5-b’] dithiophene and thiophene-fused ending group for fullerene-free organic solar cells",2018,"Dyes and Pigments","","","https://scholar.google.com/scholar?oi=bibs&hl=en&cites=7121486885188330961",158,"2023-03-01 19:01:22","Journal article","","","https://scholar.google.com/citations?view_op=view_citation&hl=en&user=mkHtc_4AAAAJ&cstart=100&pagesize=100&citation_for_view=mkHtc_4AAAAJ:Ak0FvsSvgGUC",148,,263,269,17,3.40,2,10,5,"","",""
17,"JY Shim, J Baek, J Kim, SY Park, J Kim, I Kim, HH Chun, JY Kim, H Suh","Synthesis and properties of low band gap polymers based on thienyl thienoindole as a new electron-rich unit for organic photovoltaics",2015,"Polymer Chemistry","","","https://scholar.google.com/scholar?oi=bibs&hl=en&cites=15928861168378585839",159,"2023-03-01 19:01:22","Journal article","","","https://scholar.google.com/citations?view_op=view_citation&hl=en&user=mkHtc_4AAAAJ&cstart=100&pagesize=100&citation_for_view=mkHtc_4AAAAJ:q3oQSFYPqjQC",6,33,6011,6020,17,2.13,2,9,8,"","",""
17,"AJ Heeger, K Lee, JY Kim","Photovoltaic devices in tandem architecture",2009,"US Patent App. 11/766,768","","","https://scholar.google.com/scholar?oi=bibs&hl=en&cites=13585236775192297388",160,"2023-03-01 19:01:22","Patent","","","https://scholar.google.com/citations?view_op=view_citation&hl=en&user=mkHtc_4AAAAJ&cstart=100&pagesize=100&citation_for_view=mkHtc_4AAAAJ:Ri6SYOTghG4C",,,,,17,1.21,6,3,14,"","",""
16,"S Kajal, J Kim, YS Shin, AN Singh, CW Myung, JY Kim, KS Kim","Unfolding the Influence of Metal Doping on Properties of CsPbI3 Perovskite",2020,"Small Methods","","","https://scholar.google.com/scholar?oi=bibs&hl=en&cites=16678778236556695586",161,"2023-03-01 19:01:22","Journal article","","","https://scholar.google.com/citations?view_op=view_citation&hl=en&user=mkHtc_4AAAAJ&cstart=100&pagesize=100&citation_for_view=mkHtc_4AAAAJ:Xl6nMSl579sC",4,9,2000296,2000296,16,5.33,2,7,3,"","",""
16,"J Heo, SY Park, JW Kim, S Song, YJ Yoon, J Jeong, H Jang, KT Lee, ...","Implementation of Low‐Power Electronic Devices Using Solution‐Processed Tantalum Pentoxide Dielectric",2018,"Advanced Functional Materials","","","https://scholar.google.com/scholar?oi=bibs&hl=en&cites=16379773832597727866",162,"2023-03-01 19:01:22","Journal article","","","https://scholar.google.com/citations?view_op=view_citation&hl=en&user=mkHtc_4AAAAJ&cstart=100&pagesize=100&citation_for_view=mkHtc_4AAAAJ:QsaTk4IG4EwC",28,28,1704215,1704215,16,3.20,2,9,5,"","",""
16,"T Kim, JY Lee, J Heo, B Lim, JY Kim","Highly efficient polymer solar cells with a thienopyrroledione and benzodithiophene containing planar random copolymer",2018,"Polymer Chemistry","","","https://scholar.google.com/scholar?oi=bibs&hl=en&cites=13712814066055919320",163,"2023-03-01 19:01:22","Journal article","","","https://scholar.google.com/citations?view_op=view_citation&hl=en&user=mkHtc_4AAAAJ&cstart=100&pagesize=100&citation_for_view=mkHtc_4AAAAJ:1lhNe0rCu4AC",9,10,1216,1222,16,3.20,3,5,5,"","",""
16,"B Walker, D Han, M Moon, SY Park, KH Kim, JY Kim, C Yang","Effect of Heterocyclic Anchoring Sequence on the Properties of Dithienogermole-Based Solar Cells",2017,"ACS applied materials &interfaces","","","https://scholar.google.com/scholar?oi=bibs&hl=en&cites=1303883069241649103",164,"2023-03-01 19:01:22","Journal article","","","https://scholar.google.com/citations?view_op=view_citation&hl=en&user=mkHtc_4AAAAJ&cstart=100&pagesize=100&citation_for_view=mkHtc_4AAAAJ:AvfA0Oy_GE0C",9,8,7091,7099,16,2.67,2,7,6,"","",""
16,"KC Lee, S Song, J Lee, DS Kim, JY Kim, C Yang","A Roundabout Approach to Control Morphological Orientation and Solar‐Cell Performance by Modulating Side‐Chain Branching Position in Benzodithiophene‐Based Polymers",2015,"ChemPhysChem","","","https://scholar.google.com/scholar?oi=bibs&hl=en&cites=11353895942524828270",165,"2023-03-01 19:01:22","Journal article","","","https://scholar.google.com/citations?view_op=view_citation&hl=en&user=mkHtc_4AAAAJ&cstart=100&pagesize=100&citation_for_view=mkHtc_4AAAAJ:2KloaMYe4IUC",16,6,1305,1314,16,2.00,3,6,8,"","",""
16,"J Kim, JY Shim, S Song, J Kim, I Kim, JY Kim, H Suh","2,2-dimethyl-2H-benzimidazole based small molecules for organic solar cells",2015,"Macromolecular Research","","","https://scholar.google.com/scholar?oi=bibs&hl=en&cites=9275782120355185056",166,"2023-03-01 19:01:22","Journal article","","","https://scholar.google.com/citations?view_op=view_citation&hl=en&user=mkHtc_4AAAAJ&cstart=100&pagesize=100&citation_for_view=mkHtc_4AAAAJ:eJXPG6dFmWUC",23,,214,222,16,2.00,2,7,8,"","",""
15,"K Lee, Y Chang, JY Kim","Optical spectroscopic characterization of plasma-polymerized thin films",2003,"Thin solid films","","","https://scholar.google.com/scholar?oi=bibs&hl=en&cites=15469313564186682125",167,"2023-03-01 19:01:22","Journal article","","","https://scholar.google.com/citations?view_op=view_citation&hl=en&user=mkHtc_4AAAAJ&cstart=100&pagesize=100&citation_for_view=mkHtc_4AAAAJ:BwyfMAYsbu0C",423,2,131,135,15,0.75,5,3,20,"","",""
14,"HN Tran, DQ Dao, YJ Yoon, YS Shin, JS Choi, JY Kim, S Cho","Inverted Polymer Solar Cells with Annealing‐Free Solution‐Processable NiO",2021,"Small","","","https://scholar.google.com/scholar?oi=bibs&hl=en&cites=12804704810243285774",168,"2023-03-01 19:01:22","Journal article","","","https://scholar.google.com/citations?view_op=view_citation&hl=en&user=mkHtc_4AAAAJ&cstart=100&pagesize=100&citation_for_view=mkHtc_4AAAAJ:eGYfIraVYiQC",17,31,2101729,2101729,14,7.00,2,7,2,"","",""
14,"S Kim, SY Park, J Jeong, GH Kim, P Rohani, DS Kim, MT Swihart, JY Kim","Production of pristine, sulfur-coated and silicon-alloyed germanium nanoparticles via laser pyrolysis",2015,"Nanotechnology","","","https://scholar.google.com/scholar?oi=bibs&hl=en&cites=14157133817921262395",169,"2023-03-01 19:01:22","Journal article","","","https://scholar.google.com/citations?view_op=view_citation&hl=en&user=mkHtc_4AAAAJ&cstart=100&pagesize=100&citation_for_view=mkHtc_4AAAAJ:hkOj_22Ku90C",26,30,305703,305703,14,1.75,2,8,8,"","",""
14,"JY Shim, T Kim, J Kim, J Kim, I Kim, JY Kim, H Suh","Trifluoromethyl benzimidazole-based conjugated polymers with deep HOMO levels for organic photovoltaics",2015,"Synthetic Metals","","","https://scholar.google.com/scholar?oi=bibs&hl=en&cites=974003990629338958",170,"2023-03-01 19:01:22","Journal article","","","https://scholar.google.com/citations?view_op=view_citation&hl=en&user=mkHtc_4AAAAJ&cstart=100&pagesize=100&citation_for_view=mkHtc_4AAAAJ:-_dYPAW6P2MC",205,,112,120,14,1.75,2,7,8,"","",""
14,"S Kim, JH Lee, MT Swihart, JC Lee, JY Kim","Silicon nanoparticle size-dependent open circuit voltage in an organic–inorganic hybrid solar cell",2014,"Current Applied Physics","","","https://scholar.google.com/scholar?oi=bibs&hl=en&cites=7336280198016942012",171,"2023-03-01 19:01:22","Journal article","","","https://scholar.google.com/citations?view_op=view_citation&hl=en&user=mkHtc_4AAAAJ&cstart=100&pagesize=100&citation_for_view=mkHtc_4AAAAJ:BrmTIyaxlBUC",14,1,127,131,14,1.56,3,5,9,"","",""
14,"S Cho, JH Seo, GH Kim, JY Kim, HY Woo","Observation of ambipolar field-effect behavior in donor–acceptor conjugated copolymers",2012,"Journal of Materials Chemistry","","","https://scholar.google.com/scholar?oi=bibs&hl=en&cites=15527792982014300784",172,"2023-03-01 19:01:22","Journal article","","","https://scholar.google.com/citations?view_op=view_citation&hl=en&user=mkHtc_4AAAAJ&cstart=100&pagesize=100&citation_for_view=mkHtc_4AAAAJ:Ug5p-4gJ2f0C",22,39,21238,21241,14,1.27,3,5,11,"","",""
14,"E Jeong, G Kim, IH Jung, P Jeong, JY Kim, HY Woo","2, 5-di (thiophen-2-yl) thiazolo [5, 4-d] thiazole-based donor–acceptor type copolymers for photovoltaic cells",2012,"Current Applied Physics","","","https://scholar.google.com/scholar?oi=bibs&hl=en&cites=16127703935217479902",173,"2023-03-01 19:01:22","Journal article","","","https://scholar.google.com/citations?view_op=view_citation&hl=en&user=mkHtc_4AAAAJ&cstart=100&pagesize=100&citation_for_view=mkHtc_4AAAAJ:D_sINldO8mEC",12,1,11,16,14,1.27,2,6,11,"","",""
13,"S Song, HW Cho, J Jeong, YJ Yoon, SY Park, S Song, BH Woo, YC Jun, ...","Dichroic Sb2O3/Ag/Sb2O3 Electrodes for Colorful Semitransparent Organic Solar Cells",2020,"Solar RRL","","","https://scholar.google.com/scholar?oi=bibs&hl=en&cites=8717621242418444439",174,"2023-03-01 19:01:22","Journal article","","","https://scholar.google.com/citations?view_op=view_citation&hl=en&user=mkHtc_4AAAAJ&cstart=100&pagesize=100&citation_for_view=mkHtc_4AAAAJ:69ZgNCALVd0C",4,9,2000201,2000201,13,4.33,1,9,3,"","",""
13,"SR Ha, WH Jeong, Y Liu, JT Oh, SY Bae, S Lee, JW Kim, ...","Molecular aggregation method for perovskite–fullerene bulk heterostructure solar cells",2020,"Journal of Materials Chemistry A","","","https://scholar.google.com/scholar?oi=bibs&hl=en&cites=3283435179749424736",175,"2023-03-01 19:01:22","Journal article","","","https://scholar.google.com/citations?view_op=view_citation&hl=en&user=mkHtc_4AAAAJ&cstart=100&pagesize=100&citation_for_view=mkHtc_4AAAAJ:C33y2ycGS3YC",8,3,1326,1334,13,4.33,2,8,3,"","",""
13,"HS Kim, TH Lee, J Yeop, HW Cho, JW Kim, SY Park, JB Park, JY Kim, ...","Effect of substituents of thienylene–vinylene–thienylene-based conjugated polymer donors on the performance of fullerene and nonfullerene solar cells",2018,"The Journal of Physical Chemistry C","","","https://scholar.google.com/scholar?oi=bibs&hl=en&cites=17687796630509476575",176,"2023-03-01 19:01:22","Journal article","","","https://scholar.google.com/citations?view_op=view_citation&hl=en&user=mkHtc_4AAAAJ&cstart=100&pagesize=100&citation_for_view=mkHtc_4AAAAJ:silx2ntsSuwC",122,29,16613,16623,13,2.60,1,9,5,"","",""
13,"Y Jin, S Song, JY Kim, H Kim, K Lee, H Suh","Synthesis and properties of polyfluorene, containing oxadiazole and carbazole units as pendants for white light-emitting diodes",2008,"Thin Solid Films","","","https://scholar.google.com/scholar?oi=bibs&hl=en&cites=8497840057348673713",177,"2023-03-01 19:01:22","Journal article","","","https://scholar.google.com/citations?view_op=view_citation&hl=en&user=mkHtc_4AAAAJ&cstart=100&pagesize=100&citation_for_view=mkHtc_4AAAAJ:ILKRHgRFtOwC",516,21,7373,7380,13,0.87,2,6,15,"","",""
12,"TH Lee, SY Park, X Du, S Park, K Zhang, N Li, S Cho, CJ Brabec, JY Kim","Effects on Photovoltaic Characteristics by Organic Bilayer-and Bulk-Heterojunctions: Energy Losses, Carrier Recombination and Generation",2020,"ACS Applied Materials &Interfaces","","","https://scholar.google.com/scholar?oi=bibs&hl=en&cites=11284665421694300973",178,"2023-03-01 19:01:22","Journal article","","","https://scholar.google.com/citations?view_op=view_citation&hl=en&user=mkHtc_4AAAAJ&cstart=100&pagesize=100&citation_for_view=mkHtc_4AAAAJ:wE-fMHVdjMkC",12,50,55945,55953,12,4.00,1,9,3,"","",""
12,"MH Yang, SJ Ko, NG An, DR Whang, SH Lee, H Ahn, JY Kim, D Vak, ...","Roll-to-roll compatible quinoxaline-based polymers toward high performance polymer solar cells",2020,"Journal of Materials Chemistry A","","","https://scholar.google.com/scholar?oi=bibs&hl=en&cites=4619509262027693279",179,"2023-03-01 19:01:22","Journal article","","","https://scholar.google.com/citations?view_op=view_citation&hl=en&user=mkHtc_4AAAAJ&cstart=100&pagesize=100&citation_for_view=mkHtc_4AAAAJ:ghEM2AJqZyQC",8,47,25208,25216,12,4.00,1,9,3,"","",""
12,"J Jeong, H Kim, YJ Yoon, B Walker, S Song, J Heo, SY Park, JW Kim, ...","Formamidinium-based planar heterojunction perovskite solar cells with alkali carbonate-doped zinc oxide layer",2018,"RSC advances","","","https://scholar.google.com/scholar?oi=bibs&hl=en&cites=3230139388975764151",180,"2023-03-01 19:01:22","Journal article","","","https://scholar.google.com/citations?view_op=view_citation&hl=en&user=mkHtc_4AAAAJ&cstart=100&pagesize=100&citation_for_view=mkHtc_4AAAAJ:LPtt_HFRSbwC",8,43,24110,24115,12,2.40,1,9,5,"","",""
12,"S Song, J Heo, TK Lee, S Park, B Walker, SK Kwak, JY Kim","Optically tunable plasmonic two-dimensional Ag quantum dot arrays for optimal light absorption in polymer solar cells",2017,"The Journal of Physical Chemistry C","","","https://scholar.google.com/scholar?oi=bibs&hl=en&cites=15213077241981142475",181,"2023-03-01 19:01:22","Journal article","","","https://scholar.google.com/citations?view_op=view_citation&hl=en&user=mkHtc_4AAAAJ&cstart=100&pagesize=100&citation_for_view=mkHtc_4AAAAJ:lvd772isFD0C",121,33,17569,17576,12,2.00,2,7,6,"","",""
12,"MH Yun, JH Jang, KM Kim, H Song, JC Lee, JY Kim","A hybrid solar cell fabricated using amorphous silicon and a fullerene derivative",2013,"Physical Chemistry Chemical Physics","","","https://scholar.google.com/scholar?oi=bibs&hl=en&cites=1060762367997639521",182,"2023-03-01 19:01:22","Journal article","","","https://scholar.google.com/citations?view_op=view_citation&hl=en&user=mkHtc_4AAAAJ&cstart=100&pagesize=100&citation_for_view=mkHtc_4AAAAJ:SpbeaW3--B0C",15,45,19913,19918,12,1.20,2,6,10,"","",""
12,"S Song, SJ Ko, H Shin, Y Jin, I Kim, JY Kim, H Suh","Synthesis of the pyrrolo[3,2-b]pyrrole-based copolymer with enhanced open circuit voltage",2012,"Synthetic Metals","","","https://scholar.google.com/scholar?oi=bibs&hl=en&cites=17358393260749008343",183,"2023-03-01 19:01:22","Journal article","","","https://scholar.google.com/citations?view_op=view_citation&hl=en&user=mkHtc_4AAAAJ&cstart=100&pagesize=100&citation_for_view=mkHtc_4AAAAJ:XoXfffV-tXoC",162,24,2288,2293,12,1.09,2,7,11,"","",""
12,"MH Yun, J Kim, C Yang, JY Kim","A simultaneous achievement of high performance and extended thermal stability of bulk-heterojunction polymer solar cells using a polythiophene–fullerene block copolymer",2012,"Solar energy materials and solar cells","","","https://scholar.google.com/scholar?oi=bibs&hl=en&cites=10048954724298315066",184,"2023-03-01 19:01:22","Journal article","","","https://scholar.google.com/citations?view_op=view_citation&hl=en&user=mkHtc_4AAAAJ&cstart=100&pagesize=100&citation_for_view=mkHtc_4AAAAJ:edDO8Oi4QzsC",104,,7,12,12,1.09,3,4,11,"","",""
11,"YJ Yoon, YS Shin, CB Park, JG Son, JW Kim, HS Kim, W Lee, J Heo, ...","Origin of the luminescence spectra width in perovskite nanocrystals with surface passivation",2020,"Nanoscale","","","https://scholar.google.com/scholar?oi=bibs&hl=en&cites=9011993743592726721",185,"2023-03-01 19:01:22","Journal article","","","https://scholar.google.com/citations?view_op=view_citation&hl=en&user=mkHtc_4AAAAJ&cstart=100&pagesize=100&citation_for_view=mkHtc_4AAAAJ:ziOE8S1-AIUC",12,42,21695,21702,11,3.67,1,9,3,"","",""
11,"T Yoon, GH Kim, CW Myung, S Kajal, J Jeong, JW Kim, JY Kim, KS Kim","Ambient-stable cubic-phase hybrid perovskite reaching the Shockley–Queisser fill factor limit via inorganic additive-assisted process",2018,"ACS Applied Energy Materials","","","https://scholar.google.com/scholar?oi=bibs&hl=en&cites=9211103291893689249",186,"2023-03-01 19:01:22","Journal article","","","https://scholar.google.com/citations?view_op=view_citation&hl=en&user=mkHtc_4AAAAJ&cstart=100&pagesize=100&citation_for_view=mkHtc_4AAAAJ:SjuI4pbJlxcC",1,11,5865,5871,11,2.20,1,8,5,"","",""
11,"S Lee, TL Nguyen, SY Lee, CH Jang, BR Lee, ED Jung, SY Park, YJ Yoon, ...","Conjugated Polyelectrolytes Bearing Various Ion Densities: Spontaneous Dipole Generation, Poling‐Induced Dipole Alignment, and Interfacial Energy Barrier Control for …",2018,"Advanced Materials","","","https://scholar.google.com/scholar?oi=bibs&hl=en&cites=17389178808699558858",187,"2023-03-01 19:01:22","Journal article","","","https://scholar.google.com/citations?view_op=view_citation&hl=en&user=mkHtc_4AAAAJ&cstart=100&pagesize=100&citation_for_view=mkHtc_4AAAAJ:-DxkuPiZhfEC",30,14,1706034,1706034,11,2.20,1,9,5,"","",""
11,"J Heo, GH Kim, J Jeong, YJ Yoon, JH Seo, B Walker, JY Kim","Clean thermal decomposition of tertiary-alkyl metal thiolates to metal sulfides: environmentally-benign, non-polar inks for solution-processed chalcopyrite solar cells",2016,"Scientific Reports","","","https://scholar.google.com/scholar?oi=bibs&hl=en&cites=10385561378561055697",188,"2023-03-01 19:01:22","Journal article","","","https://scholar.google.com/citations?view_op=view_citation&hl=en&user=mkHtc_4AAAAJ&cstart=100&pagesize=100&citation_for_view=mkHtc_4AAAAJ:WqliGbK-hY8C",6,1,1,11,11,1.57,2,7,7,"","",""
10,"KC Lee, NG An, SM Lee, J Heo, DS Kim, JY Kim, C Yang","Influence of the crystalline nature of small donors molecules on the efficiency and stability of organic photovoltaic devices",2018,"Solar Rrl","","","https://scholar.google.com/scholar?oi=bibs&hl=en&cites=11291364051436168446",189,"2023-03-01 19:01:22","Journal article","","","https://scholar.google.com/citations?view_op=view_citation&hl=en&user=mkHtc_4AAAAJ&cstart=100&pagesize=100&citation_for_view=mkHtc_4AAAAJ:wvYxNZNCP7wC",2,4,1700235,1700235,10,2.00,1,7,5,"","",""
10,"J Jeong, HB Kim, YJ Yoon, NG An, S Song, JW Kim, M Kim, H Jang, ...","The introduction of a perovskite seed layer for high performance perovskite solar cells",2018,"Journal of Materials Chemistry A","","","https://scholar.google.com/scholar?oi=bibs&hl=en&cites=7242801292171186624",190,"2023-03-01 19:01:22","Journal article","","","https://scholar.google.com/citations?view_op=view_citation&hl=en&user=mkHtc_4AAAAJ&cstart=100&pagesize=100&citation_for_view=mkHtc_4AAAAJ:Ade32sEp0pkC",6,41,20138,20144,10,2.00,1,9,5,"","",""
10,"TH Kim, SY Park, TH Lee, J Jeong, DS Kim, MT Swihart, HK Song, JY Kim, ...","ZnO decorated germanium nanoparticles as anode materials in Li-ion batteries",2017,"Nanotechnology","","","https://scholar.google.com/scholar?oi=bibs&hl=en&cites=9151988522544508949",191,"2023-03-01 19:01:22","Journal article","","","https://scholar.google.com/citations?view_op=view_citation&hl=en&user=mkHtc_4AAAAJ&cstart=100&pagesize=100&citation_for_view=mkHtc_4AAAAJ:BJbdYPG6LGMC",28,9,95402,95402,10,1.67,1,9,6,"","",""
10,"MH Yun, JW Kim, SY Park, DS Kim, B Walker, JY Kim","High-efficiency, hybrid Si/C 60 heterojunction solar cells",2016,"Journal of Materials Chemistry A","","","https://scholar.google.com/scholar?oi=bibs&hl=en&cites=8533854502720223248",192,"2023-03-01 19:01:22","Journal article","","","https://scholar.google.com/citations?view_op=view_citation&hl=en&user=mkHtc_4AAAAJ&cstart=100&pagesize=100&citation_for_view=mkHtc_4AAAAJ:SdhP9T11ey4C",4,42,16410,16417,10,1.43,2,6,7,"","",""
9,"DH Kim, J Ryu, FTA Wibowo, SY Park, JY Kim, SY Jang, S Cho","Elimination of charge transfer energy loss by introducing a small-molecule secondary donor into fullerene-based polymer solar cells",2020,"ACS Applied Energy Materials","","","https://scholar.google.com/scholar?oi=bibs&hl=en&cites=4656876999923731358",193,"2023-03-01 19:01:22","Journal article","","","https://scholar.google.com/citations?view_op=view_citation&hl=en&user=mkHtc_4AAAAJ&cstart=100&pagesize=100&citation_for_view=mkHtc_4AAAAJ:DyXnQzXoVgIC",3,9,8375,8382,9,3.00,1,7,3,"","",""
9,"Y Khan, Y Ahn, H Lee, J Jeong, YS Shin, JS Lee, JH Kwon, JY Kim, ...","Waterproof perovskites: high fluorescence quantum yield and stability from a methylammonium lead bromide/formate mixture in water",2020,"Journal of Materials Chemistry C","","","https://scholar.google.com/scholar?oi=bibs&hl=en&cites=12375274414374951350",194,"2023-03-01 19:01:22","Journal article","","","https://scholar.google.com/citations?view_op=view_citation&hl=en&user=mkHtc_4AAAAJ&cstart=100&pagesize=100&citation_for_view=mkHtc_4AAAAJ:rbm3iO8VlycC",8,17,5873,5881,9,3.00,1,9,3,"","",""
9,"SJ Ko, J Heo, BH Lee, SR Ha, S Bandyopadhyay, HJ Cho, H Choi, JY Kim","Morphological and optical engineering for high-performance polymer solar cells",2019,"ACS applied materials &interfaces","","","https://scholar.google.com/scholar?oi=bibs&hl=en&cites=13869218765844454108",195,"2023-03-01 19:01:22","Journal article","","","https://scholar.google.com/citations?view_op=view_citation&hl=en&user=mkHtc_4AAAAJ&cstart=100&pagesize=100&citation_for_view=mkHtc_4AAAAJ:zGdJYJv2LkUC",11,5,4705,4711,9,2.25,1,8,4,"","",""
9,"GH Kim, J Jeong, H Jang, JW Kim, JY Kim","Fast vaporizing anti-solvent for high crystalline perovskite to achieve high performance perovskite solar cells",2018,"Thin Solid Films","","","https://scholar.google.com/scholar?oi=bibs&hl=en&cites=12680971676915040587",196,"2023-03-01 19:01:22","Journal article","","","https://scholar.google.com/citations?view_op=view_citation&hl=en&user=mkHtc_4AAAAJ&cstart=100&pagesize=100&citation_for_view=mkHtc_4AAAAJ:6bLC7aUMtPcC",661,,122,127,9,1.80,2,5,5,"","",""
9,"JT Oh, YH Ha, SK Kwon, S Song, JY Kim, YH Kim, H Choi","Twisted Linker Effect on Naphthalene Diimide‐Based Dimer Electron Acceptors for Non‐fullerene Organic Solar Cells",2018,"Macromolecular Rapid Communications","","","https://scholar.google.com/scholar?oi=bibs&hl=en&cites=1623300440160916696",197,"2023-03-01 19:01:22","Journal article","","","https://scholar.google.com/citations?view_op=view_citation&hl=en&user=mkHtc_4AAAAJ&cstart=100&pagesize=100&citation_for_view=mkHtc_4AAAAJ:kzcSZmkxUKAC",39,14,1800108,1800108,9,1.80,1,7,5,"","",""
9,"S Song, SJ Ko, H Shin, Y Jin, I Kim, JY Kim, H Suh","Pyrrolo [3, 2-b] pyrrole based small molecules as donor materials for OPVs",2013,"Solar energy materials and solar cells","","","https://scholar.google.com/scholar?oi=bibs&hl=en&cites=12106797129724390968",198,"2023-03-01 19:01:22","Journal article","","","https://scholar.google.com/citations?view_op=view_citation&hl=en&user=mkHtc_4AAAAJ&cstart=100&pagesize=100&citation_for_view=mkHtc_4AAAAJ:foquWX3nUaYC",112,,120,126,9,0.90,1,7,10,"","",""
8,"S Back, S Kim, SG Kwon, JE Park, SY Park, JY Kim, B Kang","Silicon Nanocanyon: One-step bottom-up fabrication of black silicon via in-lasing hydrophobic self-clustering of silicon nanocrystals for sustainable optoelectronics",2018,"ACS applied materials &interfaces","","","https://scholar.google.com/scholar?oi=bibs&hl=en&cites=5171854401840715497",199,"2023-03-01 19:01:22","Journal article","","","https://scholar.google.com/citations?view_op=view_citation&hl=en&user=mkHtc_4AAAAJ&cstart=100&pagesize=100&citation_for_view=mkHtc_4AAAAJ:2l5NCbZemmgC",10,42,36523,36530,8,1.60,1,7,5,"","",""
8,"SY Park, S Song, YJ Yoon, TH Lee, NG An, B Walker, JY Kim","Non-halogenated diphenyl-chalcogenide solvent processing additives for high-performance polymer bulk-heterojunction solar cells",2018,"RSC advances","","","https://scholar.google.com/scholar?oi=bibs&hl=en&cites=1097053247385612050",200,"2023-03-01 19:01:22","Journal article","","","https://scholar.google.com/citations?view_op=view_citation&hl=en&user=mkHtc_4AAAAJ&cstart=100&pagesize=100&citation_for_view=mkHtc_4AAAAJ:2ywjKiB__4kC",8,69,39777,39783,8,1.60,1,7,5,"","",""
8,"S Song, T Kim, H Park, Y Jin, I Kim, JY Kim, H Suh","Low bandgap small molecules based on 2, 2-bithiophene-3, 3-dicarboximide for soluble-processed solar cells",2013,"Synthetic metals","","","https://scholar.google.com/scholar?oi=bibs&hl=en&cites=17716482459599193454",201,"2023-03-01 19:01:22","Journal article","","","https://scholar.google.com/citations?view_op=view_citation&hl=en&user=mkHtc_4AAAAJ&cstart=200&pagesize=100&citation_for_view=mkHtc_4AAAAJ:PoWvk5oyLR8C",183,,16,23,8,0.80,1,7,10,"","",""
8,"S Song, T Kim, SY Bang, M Heo, J Kim, Y Jin, I Kim, JY Kim, H Suh","Synthesis of the novel 2, 2-bithiophene-3, 3-dicarboximide-based conjugated copolymers for OPVs",2013,"Synthetic metals","","","https://scholar.google.com/scholar?oi=bibs&hl=en&cites=17512306563779775415",202,"2023-03-01 19:01:22","Journal article","","","https://scholar.google.com/citations?view_op=view_citation&hl=en&user=mkHtc_4AAAAJ&cstart=200&pagesize=100&citation_for_view=mkHtc_4AAAAJ:mvPsJ3kp5DgC",177,,65,71,8,0.80,1,9,10,"","",""
8,"S Song, I Kang, G Kim, Y Jin, I Kim, JY Kim, H Suh","Synthesis and photovoltaic properties of copolymers based on 2, 2-(1, 5-pentamethylene)-2H-benzimidazole",2012,"Synthetic metals 162 (1-2)","","","https://scholar.google.com/scholar?oi=bibs&hl=en&cites=5101268386981909941",203,"2023-03-01 19:01:22","Book chapter","","","https://scholar.google.com/citations?view_op=view_citation&hl=en&user=mkHtc_4AAAAJ&cstart=200&pagesize=100&citation_for_view=mkHtc_4AAAAJ:hCrLmN-GePgC",,,225,230,8,0.73,1,7,11,"","",""
8,"DW Chang, SJ Ko, GH Kim, SY Bae, JY Kim, L Dai, JB Baek","Molecular engineering of conjugated polymers for solar cells and field‐effect transistors: Side‐chain versus main‐chain electron acceptors",2012,"Journal of Polymer Science Part A: Polymer Chemistry","","","https://scholar.google.com/scholar?oi=bibs&hl=en&cites=9173869414421656641",204,"2023-03-01 19:01:22","Journal article","","","https://scholar.google.com/citations?view_op=view_citation&hl=en&user=mkHtc_4AAAAJ&cstart=200&pagesize=100&citation_for_view=mkHtc_4AAAAJ:PVjk1bu6vJQC",50,2,271,279,8,0.73,1,7,11,"","",""
8,"JY Kim, SH Park, K Lee, IS Yum, SH Jin","Substituent position-induced color tunability in polymer light-emitting diodes",2002,"Applied physics letters","","","https://scholar.google.com/scholar?oi=bibs&hl=en&cites=10829896640758144485",205,"2023-03-01 19:01:22","Journal article","","","https://scholar.google.com/citations?view_op=view_citation&hl=en&user=mkHtc_4AAAAJ&cstart=200&pagesize=100&citation_for_view=mkHtc_4AAAAJ:Z5m8FVwuT1cC",81,9,1732,1734,8,0.38,2,5,21,"","",""
8,"H Kim, JY Kim, K Lee, J Shin, MS Cha, SE Lee, H Suh, CS Ha","Conjugated polymer/fullerene composites as a new class of optoelectronic material: Application to organic photovoltaic cells",2000,"KOREAN PHYSICAL SOC","","","https://scholar.google.com/scholar?oi=bibs&hl=en&cites=14338765854818524913",206,"2023-03-01 19:01:22","","","","https://scholar.google.com/citations?view_op=view_citation&hl=en&user=mkHtc_4AAAAJ&cstart=200&pagesize=100&citation_for_view=mkHtc_4AAAAJ:BUYA1_V_uYcC",,,,,8,0.35,1,8,23,"","",""
7,"NG An, T Lee, J Heo, JW Kim, S Song, W Lee, B Walker, E Lim, JY Kim","Exploiting Ternary Blends to Accurately Control the Coloration of Semitransparent, Non‐Fullerene, Organic Solar Cells",2021,"Solar RRL","","","https://scholar.google.com/scholar?oi=bibs&hl=en&cites=10626680148404387815",207,"2023-03-01 19:01:22","Journal article","","","https://scholar.google.com/citations?view_op=view_citation&hl=en&user=mkHtc_4AAAAJ&cstart=200&pagesize=100&citation_for_view=mkHtc_4AAAAJ:X9ykpCP0fEIC",5,3,2000742,2000742,7,3.50,1,9,2,"","",""
7,"SJ Ko, H Choi, QV Hoang, CE Song, PO Morin, J Heo, M Leclerc, ...","Modeling and implementation of tandem polymer solar cells using wide‐bandgap front cells",2020,"Carbon Energy","","","https://scholar.google.com/scholar?oi=bibs&hl=en&cites=7835503683405519029",208,"2023-03-01 19:01:22","Journal article","","","https://scholar.google.com/citations?view_op=view_citation&hl=en&user=mkHtc_4AAAAJ&cstart=200&pagesize=100&citation_for_view=mkHtc_4AAAAJ:mWEH9CqjF64C",2,1,131,142,7,2.33,1,8,3,"","",""
7,"K YeoláMa, J WonáKim, J HyukáJung, J YoungáKim, H SukáShin","Radio-frequency-transmitting hexagonal boron nitride-based anti-and de-icing heating system",2020,"Nanoscale","","","https://scholar.google.com/scholar?oi=bibs&hl=en&cites=9858664622343736623",209,"2023-03-01 19:01:22","Journal article","","","https://scholar.google.com/citations?view_op=view_citation&hl=en&user=mkHtc_4AAAAJ&cstart=200&pagesize=100&citation_for_view=mkHtc_4AAAAJ:Hck25ST_3aIC",12,42,21895,21900,7,2.33,1,5,3,"","",""
7,"YS Lee, S Song, YJ Yoon, YJ Lee, SK Kwon, JY Kim, YH Kim","Dithieno [2, 3‐d: 2', 3'‐d'] benzo [1, 2‐b: 4, 5‐b'] dithiophene (DTBDAT)‐based copolymers for high‐performance organic solar cells",2016,"Journal of Polymer Science Part A: Polymer Chemistry","","","https://scholar.google.com/scholar?oi=bibs&hl=en&cites=2846445481948812363",210,"2023-03-01 19:01:22","Journal article","","","https://scholar.google.com/citations?view_op=view_citation&hl=en&user=mkHtc_4AAAAJ&cstart=200&pagesize=100&citation_for_view=mkHtc_4AAAAJ:olpn-zPbct0C",54,19,3182,3192,7,1.00,1,7,7,"","",""
7,"JS Lee, MJ Cha, YJ Park, JY Kim, JH Seo, B Walker","Solution-processed, inverted organic solar cells with bilayered inorganic/organic electron extraction layers",2016,"RSC advances","","","https://scholar.google.com/scholar?oi=bibs&hl=en&cites=10520426565155524495",211,"2023-03-01 19:01:22","Journal article","","","https://scholar.google.com/citations?view_op=view_citation&hl=en&user=mkHtc_4AAAAJ&cstart=200&pagesize=100&citation_for_view=mkHtc_4AAAAJ:LjlpjdlvIbIC",6,43,36561,36567,7,1.00,1,6,7,"","",""
7,"MA Uddin, T Kim, S Yum, H Choi, S Hwang, JY Kim, HY Woo","2, 7-Carbazole and thieno [3, 4-c] pyrrole-4, 6-dione based copolymers with deep highest occupied molecular orbital for photovoltaic cells",2015,"Current Applied Physics","","","https://scholar.google.com/scholar?oi=bibs&hl=en&cites=2438709215846553265",212,"2023-03-01 19:01:22","Journal article","","","https://scholar.google.com/citations?view_op=view_citation&hl=en&user=mkHtc_4AAAAJ&cstart=200&pagesize=100&citation_for_view=mkHtc_4AAAAJ:J-pR_7NvFogC",15,5,654,661,7,0.88,1,7,8,"","",""
7,"W Lee, GH Kim, E Jeong, X Wang, S Yum, SJ Ko, S Hwang, JY Kim, ...","Dithieno[3,2‐b:2′,3′‐d]pyrrole and Benzothiadiazole‐Based Semicrystalline Copolymer for Photovoltaic Devices with Indene‐C60 Bisadduct",2013,"Macromolecular Chemistry and Physics","","","https://scholar.google.com/scholar?oi=bibs&hl=en&cites=4320160969216344404",213,"2023-03-01 19:01:22","Journal article","","","https://scholar.google.com/citations?view_op=view_citation&hl=en&user=mkHtc_4AAAAJ&cstart=200&pagesize=100&citation_for_view=mkHtc_4AAAAJ:V3AGJWp-ZtQC",214,18,2083,2090,7,0.70,1,9,10,"","",""
6,"YJ Yoon, JY Kim","A recent advances of blue perovskite light emitting diodes for next generation displays",2021,"Journal of Semiconductors","","","https://scholar.google.com/scholar?oi=bibs&hl=en&cites=12943706814866506535",214,"2023-03-01 19:01:22","Journal article","","","https://scholar.google.com/citations?view_op=view_citation&hl=en&user=mkHtc_4AAAAJ&cstart=200&pagesize=100&citation_for_view=mkHtc_4AAAAJ:D_tqNUsBuKoC",42,10,101608,101608,6,3.00,3,2,2,"","",""
6,"GH Kim, J Jeong, YJ Yoon, H Jang, S Kim, J Seo, JY Kim","The optimization of intermediate semi–bonding structure using solvent vapor annealing for high performance pin structure perovskite solar cells",2019,"Organic Electronics","","","https://scholar.google.com/scholar?oi=bibs&hl=en&cites=15384061334747966306",215,"2023-03-01 19:01:22","Journal article","","","https://scholar.google.com/citations?view_op=view_citation&hl=en&user=mkHtc_4AAAAJ&cstart=200&pagesize=100&citation_for_view=mkHtc_4AAAAJ:DBa1UEJaJKAC",65,,300,304,6,1.50,1,7,4,"","",""
6,"TL Nguyen, H Choi, SJ Ko, T Kim, MA Uddin, S Hwang, JY Kim, HY Woo","Semi-crystalline A1–D–A2-type copolymers for efficient polymer solar cells",2017,"Polymer Journal","","","https://scholar.google.com/scholar?oi=bibs&hl=en&cites=1766543459072086308",216,"2023-03-01 19:01:22","Journal article","","","https://scholar.google.com/citations?view_op=view_citation&hl=en&user=mkHtc_4AAAAJ&cstart=200&pagesize=100&citation_for_view=mkHtc_4AAAAJ:Y5dfb0dijaUC",49,1,141,148,6,1.00,1,8,6,"","",""
6,"DTT Nguyen, T Kim, Y Li, S Song, TL Nguyen, MA Uddin, S Hwang, ...","2, 1, 3‐benzothiadiazole‐5, 6‐dicarboxylicimide based semicrystalline polymers for photovoltaic cells",2016,"Journal of Polymer Science Part A: Polymer Chemistry","","","https://scholar.google.com/scholar?oi=bibs&hl=en&cites=11444175337876605392",217,"2023-03-01 19:01:22","Journal article","","","https://scholar.google.com/citations?view_op=view_citation&hl=en&user=mkHtc_4AAAAJ&cstart=200&pagesize=100&citation_for_view=mkHtc_4AAAAJ:ZuybSZzF8UAC",54,24,3826,3834,6,0.86,1,8,7,"","",""
6,"B Walker, S Yum, B Jang, J Kim, T Kim, JY Kim, HY Woo","Effect of alkyl chain topology on the structure, optoelectronic properties and solar cell performance of thienopyrroledione-cored oligothiophene chromophores",2016,"RSC advances","","","https://scholar.google.com/scholar?oi=bibs&hl=en&cites=4257634313921923450",218,"2023-03-01 19:01:22","Journal article","","","https://scholar.google.com/citations?view_op=view_citation&hl=en&user=mkHtc_4AAAAJ&cstart=200&pagesize=100&citation_for_view=mkHtc_4AAAAJ:Mojj43d5GZwC",6,81,77655,77665,6,0.86,1,7,7,"","",""
6,"H Choi, HB Kim, SJ Ko, GH Kim, JY Kim","Vapor coating method using small-molecule organic surface modifiers to replace N-type metal oxide layers in inverted polymer solar cells",2014,"ACS Applied Materials &Interfaces","","","https://scholar.google.com/scholar?oi=bibs&hl=en&cites=13730709101565770411",219,"2023-03-01 19:01:22","Journal article","","","https://scholar.google.com/citations?view_op=view_citation&hl=en&user=mkHtc_4AAAAJ&cstart=200&pagesize=100&citation_for_view=mkHtc_4AAAAJ:-FonjvnnhkoC",6,9,6504,6509,6,0.67,1,5,9,"","",""
5,"S Park, FTA Wibowo, NV Krishna, J Ryu, H Lee, JH Lee, YJ Yoon, JY Kim, ...","Importance of interface engineering between the hole transport layer and the indium-tin-oxide electrode for highly efficient polymer solar cells",2021,"Journal of Materials Chemistry A","","","https://scholar.google.com/scholar?oi=bibs&hl=en&cites=3037866670988436670",220,"2023-03-01 19:01:22","Journal article","","","https://scholar.google.com/citations?view_op=view_citation&hl=en&user=mkHtc_4AAAAJ&cstart=200&pagesize=100&citation_for_view=mkHtc_4AAAAJ:AYInfyleIOsC",9,27,15394,15403,5,2.50,1,9,2,"","",""
5,"JM Park, TH Lee, DW Kim, JW Kim, HY Chung, J Heo, SY Park, WS Yoon, ...","Designing a naphthyridinedione-based conjugated polymer for thickness-tolerant high efficiency polymer solar cells",2021,"Journal of Materials Chemistry A","","","https://scholar.google.com/scholar?oi=bibs&hl=en&cites=2592682599546953356",221,"2023-03-01 19:01:22","Journal article","","","https://scholar.google.com/citations?view_op=view_citation&hl=en&user=mkHtc_4AAAAJ&cstart=200&pagesize=100&citation_for_view=mkHtc_4AAAAJ:isU91gLudPYC",9,17,10846,10854,5,2.50,1,9,2,"","",""
5,"YW Lee, K Pak, SY Park, NG An, J Lee, JY Kim, HY Woo","Regioisomeric polythiophene derivatives: synthesis and structure-property relationships for organic electronic devices",2020,"Macromolecular Research","","","https://scholar.google.com/scholar?oi=bibs&hl=en&cites=7734865293398235690",222,"2023-03-01 19:01:22","Journal article","","","https://scholar.google.com/citations?view_op=view_citation&hl=en&user=mkHtc_4AAAAJ&cstart=200&pagesize=100&citation_for_view=mkHtc_4AAAAJ:QUX0mv85b1cC",28,8,772,781,5,1.67,1,7,3,"","",""
5,"KC Lee, T Kim, S Song, Y Kim, GK Dutta, DS Kim, JY Kim, C Yang","Medium bandgap copolymers based on carbazole and quinoxaline exceeding 1.0 V open-circuit voltages",2016,"RSC advances","","","https://scholar.google.com/scholar?oi=bibs&hl=en&cites=17924426151250950108",223,"2023-03-01 19:01:22","Journal article","","","https://scholar.google.com/citations?view_op=view_citation&hl=en&user=mkHtc_4AAAAJ&cstart=200&pagesize=100&citation_for_view=mkHtc_4AAAAJ:XD-gHx7UXLsC",6,21,17624,17631,5,0.71,1,8,7,"","",""
5,"J Kim, T Kim, SY Bang, J Kim, JY Shim, I Kim, SY Park, HH Chun, JY Kim, ...","Syntheses and solar cell applications of conjugated copolymers consisting of 3, 3′-dicarboximide and benzodithiophene units with thiophene and bithiophene linkage",2015,"Solar Energy Materials and Solar Cells","","","https://scholar.google.com/scholar?oi=bibs&hl=en&cites=2595713857405550099",224,"2023-03-01 19:01:22","Journal article","","","https://scholar.google.com/citations?view_op=view_citation&hl=en&user=mkHtc_4AAAAJ&cstart=200&pagesize=100&citation_for_view=mkHtc_4AAAAJ:VLnqNzywnoUC",141,,24,31,5,0.63,1,10,8,"","",""
5,"J Kim, T Kim, NH Kim, J Kim, JY Shim, I Kim, HH Chun, JY Kim, JS Jin, ...","Syntheses and solar cell applications of conjugated copolymers containing tetrafluorophenylene units",2015,"Polymer","","","https://scholar.google.com/scholar?oi=bibs&hl=en&cites=10225258711320414744",225,"2023-03-01 19:01:22","Journal article","","","https://scholar.google.com/citations?view_op=view_citation&hl=en&user=mkHtc_4AAAAJ&cstart=200&pagesize=100&citation_for_view=mkHtc_4AAAAJ:buQ7SEKw-1sC",71,,113,121,5,0.63,1,10,8,"","",""
5,"JY Shim, T Kim, J Kim, J Kim, D Park, I Kim, H Woo, JY Kim, H Suh","Synthesis and photovoltaic properties of alkoxy-benzimidazole containing low band gap polymers",2015,"Thin Solid Films","","","https://scholar.google.com/scholar?oi=bibs&hl=en&cites=17486849736580090204",226,"2023-03-01 19:01:22","Journal article","","","https://scholar.google.com/citations?view_op=view_citation&hl=en&user=mkHtc_4AAAAJ&cstart=200&pagesize=100&citation_for_view=mkHtc_4AAAAJ:_Re3VWB3Y0AC",580,,29,35,5,0.63,1,9,8,"","",""
5,"H Kang, SY An, B Walker, S Song, T Kim, JY Kim, CT Yang","based small molecules for the understanding of structure–property–device performance correlations",2015,"J. Mater. Chem. A","","","https://scholar.google.com/scholar?oi=bibs&hl=en&cites=3304405355101747123",227,"2023-03-01 19:01:22","Journal article","","","https://scholar.google.com/citations?view_op=view_citation&hl=en&user=mkHtc_4AAAAJ&cstart=200&pagesize=100&citation_for_view=mkHtc_4AAAAJ:jFemdcug13IC",3,18,9899,9908,5,0.63,1,7,8,"","",""
5,"S Song, G Kim, I Kang, Y Jin, I Kim, JY Kim, H Suh","Synthesis and photovoltaic properties of conjugated copolymers based on benzimidazole and various thiophene",2011,"Journal of Polymer Science Part A: Polymer Chemistry","","","https://scholar.google.com/scholar?oi=bibs&hl=en&cites=6826750455807986729",228,"2023-03-01 19:01:22","Journal article","","","https://scholar.google.com/citations?view_op=view_citation&hl=en&user=mkHtc_4AAAAJ&cstart=200&pagesize=100&citation_for_view=mkHtc_4AAAAJ:LI9QrySNdTsC",49,17,3751,3758,5,0.42,1,7,12,"","",""
4,"CB Park, YS Shin, YJ Yoon, H Jang, JG Son, S Kim, NG An, JW Kim, ...","Suppression of halide migration and immobile ionic surface passivation for blue perovskite light-emitting diodes",2022,"Journal of Materials Chemistry C","","","https://scholar.google.com/scholar?oi=bibs&hl=en&cites=6522597627200267888",229,"2023-03-01 19:01:22","Journal article","","","https://scholar.google.com/citations?view_op=view_citation&hl=en&user=mkHtc_4AAAAJ&cstart=200&pagesize=100&citation_for_view=mkHtc_4AAAAJ:1tZ8xJnm2c8C",10,6,2060,2066,4,4.00,0,9,1,"","",""
4,"YW Lee, J Yeop, H Lim, WW Park, JF Joung, S Park, OH Kwon, JY Kim, ...","Fullerene-Based Triads with Controlled Alkyl Spacer Length as Photoactive Materials for Single-Component Organic Solar Cells",2021,"ACS Applied Materials &Interfaces","","","https://scholar.google.com/scholar?oi=bibs&hl=en&cites=7346494634448670922",230,"2023-03-01 19:01:22","Journal article","","","https://scholar.google.com/citations?view_op=view_citation&hl=en&user=mkHtc_4AAAAJ&cstart=200&pagesize=100&citation_for_view=mkHtc_4AAAAJ:qE4H1tSSYIIC",13,36,43174,43185,4,2.00,0,9,2,"","",""
4,"BH Woo, IC Seo, J Heo, YJ Yoon, JY Kim, YC Jun","Enhancement of sub-bandgap light absorption in perovskite semiconductor films via critical coupling",2019,"Optics Express","","","https://scholar.google.com/scholar?oi=bibs&hl=en&cites=6624005454587958679",231,"2023-03-01 19:01:22","Journal article","","","https://scholar.google.com/citations?view_op=view_citation&hl=en&user=mkHtc_4AAAAJ&cstart=200&pagesize=100&citation_for_view=mkHtc_4AAAAJ:eO3_k5sD8BwC",27,18,25293,25304,4,1.00,1,6,4,"","",""
4,"SY Park, J Heo, YJ Yoon, JW Kim, H Jang, B Walker, JY Kim","Synergistic combination of amorphous indium oxide with tantalum pentoxide for efficient electron transport in low-power electronics",2019,"Journal of Materials Chemistry C","","","https://scholar.google.com/scholar?oi=bibs&hl=en&cites=4978689285774190626",232,"2023-03-01 19:01:22","Journal article","","","https://scholar.google.com/citations?view_op=view_citation&hl=en&user=mkHtc_4AAAAJ&cstart=200&pagesize=100&citation_for_view=mkHtc_4AAAAJ:Wq2b2clWBLsC",7,15,4559,4566,4,1.00,1,7,4,"","",""
4,"S Song, S Keum, JH Lee, J Lee, S Kim, SS Park, JY Kim, SH Park, Y Jin","Photovoltaic polymers based on difluoroqinoxaline units with deep HOMO levels",2018,"Journal of Polymer Science Part A: Polymer Chemistry","","","https://scholar.google.com/scholar?oi=bibs&hl=en&cites=7303804745735475502",233,"2023-03-01 19:01:22","Journal article","","","https://scholar.google.com/citations?view_op=view_citation&hl=en&user=mkHtc_4AAAAJ&cstart=200&pagesize=100&citation_for_view=mkHtc_4AAAAJ:pS0ncopqnHgC",56,14,1489,1497,4,0.80,0,9,5,"","",""
4,"Y Li, S Song, SY Park, JY Kim, HY Woo","Semi-crystalline photovoltaic polymers with siloxane-terminated hybrid side-chains",2017,"Science China Chemistry","","","https://scholar.google.com/scholar?oi=bibs&hl=en&cites=13113234263334945351",234,"2023-03-01 19:01:22","Journal article","","","https://scholar.google.com/citations?view_op=view_citation&hl=en&user=mkHtc_4AAAAJ&cstart=200&pagesize=100&citation_for_view=mkHtc_4AAAAJ:_5tno0g5mFcC",60,,528,536,4,0.67,1,5,6,"","",""
4,"MA Uddin, NG An, Y Li, S Song, H Ryu, JY Kim, HY Woo","Synthesis and photovoltaic properties of three different types of terpolymers",2017,"Materials Chemistry Frontiers","","","https://scholar.google.com/scholar?oi=bibs&hl=en&cites=838629570141767453",235,"2023-03-01 19:01:22","Journal article","","","https://scholar.google.com/citations?view_op=view_citation&hl=en&user=mkHtc_4AAAAJ&cstart=200&pagesize=100&citation_for_view=mkHtc_4AAAAJ:URolC5Kub84C",1,6,1147,1155,4,0.67,1,7,6,"","",""
4,"J Kim, NH Kim, S Song, SY Park, S Chae, E Bae, I Kim, HJ Kim, JY Kim, ...","Syntheses of PCDTBT containing tetrafluorobenzene as electron-withdrawing group with deep HOMO energy level and applications for photovoltaics",2016,"Polymer","","","https://scholar.google.com/scholar?oi=bibs&hl=en&cites=8880388355381397545",236,"2023-03-01 19:01:22","Journal article","","","https://scholar.google.com/citations?view_op=view_citation&hl=en&user=mkHtc_4AAAAJ&cstart=200&pagesize=100&citation_for_view=mkHtc_4AAAAJ:vDijr-p_gm4C",102,,84,91,4,0.57,0,10,7,"","",""
4,"S Song, T Kim, D Kang, H Suh, MH Hyun, SS Park, GD Lee, JY Kim, Y Jin","Synthesis and photovoltaic properties of benzimidazole-based copolymer with fluorine atom",2016,"Polymer Bulletin","","","https://scholar.google.com/scholar?oi=bibs&hl=en&cites=18428413966402471846",237,"2023-03-01 19:01:22","Journal article","","","https://scholar.google.com/citations?view_op=view_citation&hl=en&user=mkHtc_4AAAAJ&cstart=200&pagesize=100&citation_for_view=mkHtc_4AAAAJ:_Ybze24A_UAC",73,,2511,2519,4,0.57,0,9,7,"","",""
4,"MH Yun, J Lee, S Cho, C Yang, JY Kim","Photovoltaic performance of bifunctional low band gap conjugated copolymer",2012,"Current Applied Physics","","","https://scholar.google.com/scholar?oi=bibs&hl=en&cites=17362405318469621262",238,"2023-03-01 19:01:22","Journal article","","","https://scholar.google.com/citations?view_op=view_citation&hl=en&user=mkHtc_4AAAAJ&cstart=200&pagesize=100&citation_for_view=mkHtc_4AAAAJ:ClCfbGk0d_YC",12,2,531,533,4,0.36,1,5,11,"","",""
4,"SH Kim, JY Kim, SH Park, K Lee","Device performance enhancement in polymer light-emitting diodes by introducing titanium oxide layer",2005,"Organic Light-Emitting Materials and Devices IX","","","https://scholar.google.com/scholar?oi=bibs&hl=en&cites=9051584743314516379",239,"2023-03-01 19:01:22","Journal article","","","https://scholar.google.com/citations?view_op=view_citation&hl=en&user=mkHtc_4AAAAJ&cstart=200&pagesize=100&citation_for_view=mkHtc_4AAAAJ:GtLg2Ama23sC",5937,,259,265,4,0.22,1,4,18,"","",""
4,"K Lee, JY Kim, W Ma, AJ Heeger","New architecture for thermally stable high efficiency polymer solar cells",2005,"Organic Photovoltaics VI","","","https://scholar.google.com/scholar?oi=bibs&hl=en&cites=3898651750029562148",240,"2023-03-01 19:01:22","Journal article","","","https://scholar.google.com/citations?view_op=view_citation&hl=en&user=mkHtc_4AAAAJ&cstart=200&pagesize=100&citation_for_view=mkHtc_4AAAAJ:4fGpz3EwCPoC",5938,,34,45,4,0.22,1,4,18,"","",""
3,"TB Raju, HW Cho, P Gopikrishna, Y Lee, JY Kim, BS Kim","Positional Effect of the 2-Ethylhexyl Carboxylate Side Chain on the Thiophene π-Bridge of Nonfullerene Acceptors for Efficient Organic Solar Cells",2021,"ACS Applied Energy Materials","","","https://scholar.google.com/scholar?oi=bibs&hl=en&cites=10517494057887412477",241,"2023-03-01 19:01:22","Journal article","","","https://scholar.google.com/citations?view_op=view_citation&hl=en&user=mkHtc_4AAAAJ&cstart=200&pagesize=100&citation_for_view=mkHtc_4AAAAJ:L_l9e5I586QC",4,10,11675,11683,3,1.50,1,6,2,"","",""
3,"CW Koh, HW Cho, MAM Rashid, TH Lee, SY Park, W Lee, K Kwak, ...","2D Star‐Shaped Non‐Fullerene Electron Acceptors with Modulation of J‐/H‐Type Aggregations: Molecular Design–Morphology–Electrical Property Correlation",2020,"Advanced Materials Technologies","","","https://scholar.google.com/scholar?oi=bibs&hl=en&cites=13276473175125110428",242,"2023-03-01 19:01:22","Journal article","","","https://scholar.google.com/citations?view_op=view_citation&hl=en&user=mkHtc_4AAAAJ&cstart=200&pagesize=100&citation_for_view=mkHtc_4AAAAJ:hSRAE-fF4OAC",5,6,2000174,2000174,3,1.00,0,8,3,"","",""
3,"HY Woo, JY Kim, WH Lee, TL Nguyen, MA Uddin, HS Choi, SJ Ko","Polymer material for highly efficient organic thin-film solar cell, and organic thin-film solar cell using same",2016,"US Patent 9,296,864","","","https://scholar.google.com/scholar?oi=bibs&hl=en&cites=14769064581031693498",243,"2023-03-01 19:01:22","Patent","","","https://scholar.google.com/citations?view_op=view_citation&hl=en&user=mkHtc_4AAAAJ&cstart=200&pagesize=100&citation_for_view=mkHtc_4AAAAJ:F9fV5C73w3QC",,,,,3,0.43,0,7,7,"","",""
3,"YG Kim, B Shaik, YJ Jang, SY Park, JY Kim, SG Lee","Synthesis and TFT properties of fluorenyl cored conjugated compound for organic thin film transistors",2016,"Journal of Nanoscience and Nanotechnology","","","https://scholar.google.com/scholar?oi=bibs&hl=en&cites=9369470590719850489",244,"2023-03-01 19:01:22","Journal article","","","https://scholar.google.com/citations?view_op=view_citation&hl=en&user=mkHtc_4AAAAJ&cstart=200&pagesize=100&citation_for_view=mkHtc_4AAAAJ:9Nmd_mFXekcC",16,3,2979,2982,3,0.43,1,6,7,"","",""
3,"J Kim, SH Kim, T Kim, JY Shim, D Park, J Kim, I Kim, JY Kim, H Suh","Syntheses and Properties of Copolymers with N‐Alkyl‐2,2′‐bithiophene‐3,3′‐dicarboximide Unit for Polymer Solar Cells",2015,"Bulletin of the Korean Chemical Society","","","https://scholar.google.com/scholar?oi=bibs&hl=en&cites=2493592148969103100",245,"2023-03-01 19:01:22","Journal article","","","https://scholar.google.com/citations?view_op=view_citation&hl=en&user=mkHtc_4AAAAJ&cstart=200&pagesize=100&citation_for_view=mkHtc_4AAAAJ:0CzhzZyukY4C",36,9,2238,2246,3,0.38,0,9,8,"","",""
3,"SH Park, JY Kim, H Kim, K Lee","Voltage-controlled color change in polymer light-emitting diodes via thermochromism",2005,"KOREAN PHYSICAL SOC","","","https://scholar.google.com/scholar?oi=bibs&hl=en&cites=11788722215184295813",246,"2023-03-01 19:01:22","","","","https://scholar.google.com/citations?view_op=view_citation&hl=en&user=mkHtc_4AAAAJ&cstart=200&pagesize=100&citation_for_view=mkHtc_4AAAAJ:EYYDruWGBe4C",,,,,3,0.17,1,4,18,"","",""
2,"YK Kim, TH Lee, J Yeop, WJ Byun, JH Kim, JY Kim, JS Lee","Hetero-tandem organic solar cells drive water electrolysis with a solar-to-hydrogen conversion efficiency up to 10%",2022,"Applied Catalysis B: Environmental","","","https://scholar.google.com/scholar?oi=bibs&hl=en&cites=7707339481538579463",247,"2023-03-01 19:01:22","Journal article","","","https://scholar.google.com/citations?view_op=view_citation&hl=en&user=mkHtc_4AAAAJ&cstart=200&pagesize=100&citation_for_view=mkHtc_4AAAAJ:T_ojBgVMvoEC",309,,121237,121237,2,2.00,0,7,1,"","",""
2,"JK Gallaher, SN Pugliese, MA Uddin, TH Lee, JY Kim, HY Woo, ...","How Heteroatom Substitution in Donor–Acceptor Copolymers Affects Excitonic and Charge Photogeneration Processes in Organic Photovoltaic Cells",2021,"The Journal of Physical Chemistry C","","","https://scholar.google.com/scholar?oi=bibs&hl=en&cites=17524795345221415803",248,"2023-03-01 19:01:22","Journal article","","","https://scholar.google.com/citations?view_op=view_citation&hl=en&user=mkHtc_4AAAAJ&cstart=200&pagesize=100&citation_for_view=mkHtc_4AAAAJ:SAZ1SQo2q1kC",125,48,26590,26600,2,1.00,0,7,2,"","",""
2,"JW Kim, D Yuk, W Lee, S Rasool, JY Kim","Flexible Organic Photovoltaics with Colorful Semi-Transparent Metal/Dielectric/Metal Top Electrode",2021,"ECS Journal of Solid State Science and Technology","","","https://scholar.google.com/scholar?oi=bibs&hl=en&cites=4524252502785253898",249,"2023-03-01 19:01:22","Journal article","","","https://scholar.google.com/citations?view_op=view_citation&hl=en&user=mkHtc_4AAAAJ&cstart=200&pagesize=100&citation_for_view=mkHtc_4AAAAJ:zdjWy_NXXwUC",10,6,65007,65007,2,1.00,0,5,2,"","",""
2,"M Lee, T Kim, HVT Nguyen, HW Cho, KK Lee, JH Choi, BS Kim, JY Kim","Regio-regular alternating diketopyrrolopyrrole-based D 1–A–D 2–A terpolymers for the enhanced performance of polymer solar cells",2019,"RSC advances","","","https://scholar.google.com/scholar?oi=bibs&hl=en&cites=16016861382636434432",250,"2023-03-01 19:01:22","Journal article","","","https://scholar.google.com/citations?view_op=view_citation&hl=en&user=mkHtc_4AAAAJ&cstart=200&pagesize=100&citation_for_view=mkHtc_4AAAAJ:FiDNX6EVdGUC",9,72,42096,42109,2,0.50,0,8,4,"","",""
2,"Y Li, TH Lee, J Kim, SY Park, S Song, S Hwang, JY Kim, HY Woo","Thiophene and Naphtho [1, 2-c: 5, 6-c] bis [1, 2, 5] thiadiazole Based Alternating Copolymers for Polymer Solar Cells",2016,"Journal of Photopolymer Science and Technology","","","https://scholar.google.com/scholar?oi=bibs&hl=en&cites=613978683880277508",251,"2023-03-01 19:01:22","Journal article","","","https://scholar.google.com/citations?view_op=view_citation&hl=en&user=mkHtc_4AAAAJ&cstart=200&pagesize=100&citation_for_view=mkHtc_4AAAAJ:epqYDVWIO7EC",29,4,553,559,2,0.29,0,8,7,"","",""
2,"B Shaik, YR Noh, HJ Choi, SB Yoon, MH Yun, JY Kim, SG Lee","Synthesis and Physical Properties of Asymmetrical Quaterthiophene Derivatives as Organic Thin‐Film Transistor Materials",2015,"Bulletin of the Korean Chemical Society","","","https://scholar.google.com/scholar?oi=bibs&hl=en&cites=3285162858426236542",252,"2023-03-01 19:01:22","Journal article","","","https://scholar.google.com/citations?view_op=view_citation&hl=en&user=mkHtc_4AAAAJ&cstart=200&pagesize=100&citation_for_view=mkHtc_4AAAAJ:EPG8bYD4jVwC",36,4,1215,1220,2,0.25,0,7,8,"","",""
2,"HS Choi, JY Kim","Research Trends on Device Structure in Polymer Solar Cells",2012,"Polymer Science and Technology","","","https://scholar.google.com/scholar?oi=bibs&hl=en&cites=10095694155269869881",253,"2023-03-01 19:01:22","Journal article","","","https://scholar.google.com/citations?view_op=view_citation&hl=en&user=mkHtc_4AAAAJ&cstart=200&pagesize=100&citation_for_view=mkHtc_4AAAAJ:TlpoogIpr_IC",23,4,361,366,2,0.18,1,2,11,"","",""
2,"K Lee, JY Kim, AJ Heeger","Titanium Oxide Films as Multifunctional Components in Bulk Heterojunction “Plastic” Solar Cells",2008,"Organic Photovoltaics","","","https://scholar.google.com/scholar?oi=bibs&hl=en&cites=2907140479621282595",254,"2023-03-01 19:01:22","Book chapter","","","https://scholar.google.com/citations?view_op=view_citation&hl=en&user=mkHtc_4AAAAJ&cstart=200&pagesize=100&citation_for_view=mkHtc_4AAAAJ:86PQX7AUzd4C",,,261,280,2,0.13,1,3,15,"","",""
2,"GH Lee, Y Jin, S Lee, JG Lee, JY Kim, K Lee, SH Jin, CS Ha, MS Won, ...","Organic electroluminescent devices based on polyurethane derivatives having substituted stilbene pendants",2002,"Bulletin of the Korean Chemical Society","","","https://scholar.google.com/scholar?oi=bibs&hl=en&cites=8358040247081742187",255,"2023-03-01 19:01:22","Journal article","","","https://scholar.google.com/citations?view_op=view_citation&hl=en&user=mkHtc_4AAAAJ&cstart=200&pagesize=100&citation_for_view=mkHtc_4AAAAJ:ML0RJ9NH7IQC",23,3,528,530,2,0.10,0,10,21,"","",""
1,"TH Lee, WW Park, SY Park, S Cho, OH Kwon, JY Kim","Planar Organic Bilayer Heterojunctions Fabricated on Water with Ultrafast Donor‐to‐Acceptor Charge Transfer",2021,"Solar RRL","","","https://scholar.google.com/scholar?oi=bibs&hl=en&cites=143127411876691796",256,"2023-03-01 19:01:22","Journal article","","","https://scholar.google.com/citations?view_op=view_citation&hl=en&user=mkHtc_4AAAAJ&cstart=200&pagesize=100&citation_for_view=mkHtc_4AAAAJ:0aBXIfxlw9sC",5,8,2100326,2100326,1,0.50,0,6,2,"","",""
1,"J Kim, SH Kim, JY Shim, T Kim, J Lee, I Kim, JY Kim, H Suh","Syntheses and Properties of Conjugated Polymer with Thiophene‐Bridged BTI and Indenoindene Units for Organic Solar Cells",2016,"Bulletin of the Korean Chemical Society","","","https://scholar.google.com/scholar?oi=bibs&hl=en&cites=6777246239800690472",257,"2023-03-01 19:01:22","Journal article","","","https://scholar.google.com/citations?view_op=view_citation&hl=en&user=mkHtc_4AAAAJ&cstart=200&pagesize=100&citation_for_view=mkHtc_4AAAAJ:yB1At4FlUx8C",37,4,506,514,1,0.14,0,8,7,"","",""
1,"JY Kim, SH Park, K Lee","Color tuning in polymer light-emitting diodes via various chromophore pendants on a polyurethane backbone",2005,"KOREAN PHYSICAL SOC","","","https://scholar.google.com/scholar?oi=bibs&hl=en&cites=12187974583700137436",258,"2023-03-01 19:01:22","","","","https://scholar.google.com/citations?view_op=view_citation&hl=en&user=mkHtc_4AAAAJ&cstart=200&pagesize=100&citation_for_view=mkHtc_4AAAAJ:vbGhcppDl1QC",,,,,1,0.06,0,3,18,"","",""
1,"JY Kim, SH Park, KH Lee, SH Jin","High-efficiency bipolar electroluminescent polymer containing an oxadiazole pendant group",2005,"Journal of the Korean Physical Society","","","https://scholar.google.com/scholar?oi=bibs&hl=en&cites=1991997800273250102",259,"2023-03-01 19:01:22","Journal article","","","https://scholar.google.com/citations?view_op=view_citation&hl=en&user=mkHtc_4AAAAJ&cstart=200&pagesize=100&citation_for_view=mkHtc_4AAAAJ:p__nRnzSRKYC",47,1,167,170,1,0.06,0,4,18,"","",""
0,"YS Shin, CB Park, A Adhikari, YJ Yoon, HW Cho, JG Son, J Seo, T Song, ...","Manipulated Interface for Enhanced Energy Cascade in Quasi-2D Blue Perovskite Light-Emitting Diodes",2022,"ACS Energy Letters","","","https://scholar.google.com",260,"2023-03-01 19:01:22","Journal article","","","https://scholar.google.com/citations?view_op=view_citation&hl=en&user=mkHtc_4AAAAJ&cstart=200&pagesize=100&citation_for_view=mkHtc_4AAAAJ:-6RzNnnwWf8C",7,10,3345,3352,0,0.00,0,9,1,"","",""
0,"YS Shin, YJ Yoon, A Adhikari, HW Cho, T Song, CB Park, JG Son, GH Kim, ...","Phase rearrangement for minimal exciton loss in a quasi-2D perovskite toward efficient deep-blue LEDs via halide post-treatment",2022,"Journal of Materials Chemistry C","","","https://scholar.google.com",261,"2023-03-01 19:01:22","Journal article","","","https://scholar.google.com/citations?view_op=view_citation&hl=en&user=mkHtc_4AAAAJ&cstart=200&pagesize=100&citation_for_view=mkHtc_4AAAAJ:z6xuaG2dYH0C",10,47,17945,17953,0,0.00,0,9,1,"","",""
0,"MS Kong, J Lee, S Song, WK Lee, JY Kim, SH Park, Y Jin","Synthesis and photovoltaic properties of organic molecules based on difluoroquinoxaline derivatives for OPVs",2020,"Molecular Crystals and Liquid Crystals","","","https://scholar.google.com",262,"2023-03-01 19:01:22","Journal article","","","https://scholar.google.com/citations?view_op=view_citation&hl=en&user=mkHtc_4AAAAJ&cstart=200&pagesize=100&citation_for_view=mkHtc_4AAAAJ:jSAVyFp_754C",705,1,57,64,0,0.00,0,7,3,"","",""
0,"MS Kong, J Lee, S Song, SS Park, GD Lee, WK Lee, JY Kim, SH Park, ...","Design and synthesis of small molecules with difluoroquinoxaline units for OSCs",2020,"Molecular Crystals and Liquid Crystals","","","https://scholar.google.com",263,"2023-03-01 19:01:22","Journal article","","","https://scholar.google.com/citations?view_op=view_citation&hl=en&user=mkHtc_4AAAAJ&cstart=200&pagesize=100&citation_for_view=mkHtc_4AAAAJ:An6A6Jpfc1oC",705,1,79,86,0,0.00,0,9,3,"","",""
0,"HJ Shin, C Sun, HW Cho, BR Lee, JY Kim, SK Kwon, YH Kim, H Choi","Synthesis of Alkoxyacene‐Based Random Copolymers and Binary Solvent Additive for High Efficiency Organic Photovoltaics",2019,"Macromolecular Chemistry and Physics","","","https://scholar.google.com",264,"2023-03-01 19:01:22","Journal article","","","https://scholar.google.com/citations?view_op=view_citation&hl=en&user=mkHtc_4AAAAJ&cstart=200&pagesize=100&citation_for_view=mkHtc_4AAAAJ:5bg8sr1QxYwC",220,24,1900409,1900409,0,0.00,0,8,4,"","",""
0,"S Song, SJ Ko, T Kim, H Shin, I Kim, JY Kim, H Suh","Synthesis of the copolymer based on diketopyrrolopyrrole with didecyl chain for OPVs",2014,"Molecular Crystals and Liquid Crystals","","","https://scholar.google.com",265,"2023-03-01 19:01:22","Journal article","","","https://scholar.google.com/citations?view_op=view_citation&hl=en&user=mkHtc_4AAAAJ&cstart=200&pagesize=100&citation_for_view=mkHtc_4AAAAJ:wbdj-CoPYUoC",600,1,88,98,0,0.00,0,7,9,"","",""
0,"S Song, SJ Ko, H Shin, Y Jin, I Kim, JY Kim, H Suh","Pyrrolo [3, 2-b] pyrrole-Based Copolymers as Donor Materials for Organic Photovoltaics",2013,"Bulletin of the Korean Chemical Society","","","https://scholar.google.com",266,"2023-03-01 19:01:22","Journal article","","","https://scholar.google.com/citations?view_op=view_citation&hl=en&user=mkHtc_4AAAAJ&cstart=200&pagesize=100&citation_for_view=mkHtc_4AAAAJ:tkaPQYYpVKoC",34,11,3399,3404,0,0.00,0,7,10,"","",""
0,"김기환, 박종남, 김진영","Effects of Ionic Liquid Molecules in Hybrid Quantum Dot-Organic Solar Cells",2011,"한국고분자학회 학술대회 연구논문 초록집","","","https://scholar.google.com",267,"2023-03-01 19:01:22","Journal article","","","https://scholar.google.com/citations?view_op=view_citation&hl=en&user=mkHtc_4AAAAJ&cstart=200&pagesize=100&citation_for_view=mkHtc_4AAAAJ:ruyezt5ZtCIC",36,2,46,46,0,0.00,0,3,12,"","",""
0,"","Exploiting Ternary Blends to Accurately Control the Coloration of Semitransparent, Non‐Fullerene, Organic Solar Cells",,"","","","https://scholar.google.com",268,"2023-03-01 19:01:22","","","","https://scholar.google.com/citations?view_op=view_citation&hl=en&user=mkHtc_4AAAAJ&cstart=200&pagesize=100&citation_for_view=mkHtc_4AAAAJ:27LrP4qxOz0C",,,,,0,0.00,0,0,,"","",""
