id,Query,Source,Papers,Citations,Years,Cites_Year,Cites_Paper,Cites_Author,Papers_Author,Authors_Paper,h_index,g_index,hc_index,hI_index,hI_norm,AWCR,AW_index,AWCRpA,e_index,hm_index,QueryDate,Cites_Author_Year,hI_annual,h_coverage,g_coverage,star_count,year_first,year_last,ECC,acc1,acc2,acc5,acc20,hA
0,"Leelashree S - Indian Institute of Technology, Madras",Google Scholar Profile,7,39,9,4.33,5.57,11.17,2.17,3.57,3,6,4,0.82,2,10.07,3.17,3.23,5.39,1,3/2/2023 13:43,1.24,0.22,97.4,100,0,2014,2022,39,4,2,0,0,2
1,"Vadim Trepalin - PhD student, University of Notre Dame",Google Scholar Profile,8,40,7,5.71,5,6.44,1.26,6.63,5,6,4,0.78,2,12.43,3.53,1.91,3.32,0.95,3/2/2023 13:42,0.92,0.29,90,97.5,0,2016,2021,40,6,2,0,0,2
2,Zih-Yu Lin - Purdue University,Google Scholar Profile,9,40,5,8,4.44,8.34,1.79,5.56,3,6,4,0.56,2,17.1,4.14,3.01,5.39,0.94,3/2/2023 13:41,1.66,0.4,95,100,0,2018,2023,40,5,3,1,0,3
3,Mithun C.A. - Indian Institute of Technology Madras,Google Scholar Profile,6,40,3,13.33,6.67,6.15,1.15,5.5,3,6,4,0.5,1,14.67,3.83,2.38,5.29,0.98,3/2/2023 13:40,2.05,0.33,92.5,100,0,2020,2022,40,4,3,1,0,2
4,"Christopher G. Bailey - Research Associate, University of New South Wales",Google Scholar Profile,11,40,4,10,3.64,8.4,2.8,5.82,5,6,5,0.89,2,27.42,5.24,4.44,3.61,1.08,3/2/2023 13:39,2.1,0.5,95,97.5,1,2019,2023,40,5,4,3,0,3
5,Tochukwu Ofoegbuna - Colgate-Palmolive,Google Scholar Profile,12,40,5,8,3.33,7.06,3.36,4.75,4,6,4,0.64,1,11.75,3.43,2.03,4.8,0.82,3/2/2023 13:38,1.41,0.2,97.5,100,0,2018,2021,40,4,2,1,0,2
6,"Ashish Sharma - Postdoctoral Fellow, Hanyang University",Google Scholar Profile,10,41,6,6.83,4.1,12,2.72,4.1,4,6,6,1.14,2,19.57,4.42,4.99,3.61,1.82,3/2/2023 13:37,2,0.33,70.7,87.8,0,2017,2023,41,8,5,0,0,3
7,gouthami nallamuthu - Assistant Profeesor,Google Scholar Profile,7,41,7,5.86,5.86,7.37,1.43,5.29,4,6,4,0.67,1,7.94,2.82,1.46,4.58,0.89,3/2/2023 13:36,1.05,0.14,90.2,100,0,2016,2021,41,4,1,0,0,1
8,"Donghoon Shin - Graduate student of Materials Science and Engineering, Northwestern University",Google Scholar Profile,6,42,6,7,7,6.06,1.45,5.17,2,6,2,0.36,2,14.33,3.79,1.97,6,0.86,3/2/2023 13:35,1.01,0.33,95.2,100,1,2017,2023,42,2,1,1,0,1
9,"Stephanie O. Adeyemo - Constance Work Research Fellow, Electrical Engineering, University of Cambridge",Google Scholar Profile,12,42,5,8.4,3.5,7.06,2.05,6.17,2,6,3,0.36,1,15.7,3.96,2.7,5.92,0.63,3/2/2023 13:34,1.41,0.2,92.9,100,0,2018,2022,42,3,3,2,0,2
10,"Neeraj Kulhari - IIS (Deemed to be University), Jaipur, India",Google Scholar Profile,2,44,2,22,22,6.21,0.27,7.5,2,2,2,0.27,1,24,4.9,3.36,6.32,0.27,3/2/2023 13:33,3.1,0.5,100,100,1,2021,2022,44,2,2,1,1,2
11,"Arne J. Klomp - Materials Modelling, TU Darmstadt",Google Scholar Profile,8,44,5,8.8,5.5,7.14,3.51,4,2,6,3,0.27,2,23.4,4.84,3.39,6,1.28,3/2/2023 13:32,1.42,0.4,90.9,100,1,2018,2023,44,3,2,1,0,2
12,"Altaf Pasha - Ph.D. Scholar, Centre for Nano and Material Science, Jain University",Google Scholar Profile,9,44,7,6.29,4.89,7.45,1.99,5.33,4,6,5,0.67,2,19.48,4.41,3.26,5,0.93,3/2/2023 13:31,1.06,0.29,93.2,100,1,2016,2022,44,5,4,1,0,3
13,"fatima el bachraoui - Materials Science and Nano-Engineering, mohammed 6 polytechnic university",Google Scholar Profile,13,45,4,11.25,3.46,6.76,2.33,6.31,4,5,7,0.57,1,24.83,4.98,3.8,3,1.71,3/2/2023 13:30,1.69,0.25,55.6,64.4,0,2019,2022,45,11,7,0,0,3
14,"Amelia Elena Bocirnea - Scientific Researcher, National Institute of Materials Physics",Google Scholar Profile,11,45,7,6.43,4.09,7.21,1.81,6.36,4,6,5,0.64,2,14.05,3.75,2.18,4.12,1.43,3/2/2023 13:29,1.03,0.29,73.3,86.7,0,2016,2022,45,7,4,0,0,2
15,"Saidatul Nur Aisyahtun - Student, UTeM",Google Scholar Profile,23,46,12,3.83,2,11.21,5.49,4.87,4,6,3,0.8,2,7.07,2.66,1.8,4,1.46,3/2/2023 13:28,0.93,0.17,69.6,84.8,0,2011,2020,46,3,0,0,0,1
16,"Guilherme Ribeiro Portugal - Ph.D student, Federal University of ABC",Google Scholar Profile,10,46,3,15.33,4.6,17.14,3.72,3.1,4,6,5,1.6,2,18.17,4.26,6.73,4.8,2.17,3/2/2023 13:27,5.71,0.67,84.8,95.7,0,2020,2023,46,7,2,1,0,2
17,"Tyler Sonsalla - Ph.D. candidate, Louisiana Tech University",Google Scholar Profile,5,47,6,7.83,9.4,11.5,2.12,3.6,3,5,3,0.82,2,13.5,3.67,4.13,6.16,0.95,3/2/2023 13:26,1.91,0.33,100,100,0,2017,2022,47,3,3,1,0,3
18,Zhongyao Jiang (蒋忠瑶） - Imperial College London,Google Scholar Profile,3,49,2,24.5,16.33,5.4,0.34,9,2,3,2,0.22,2,39,6.24,4.15,6.71,0.22,3/2/2023 13:25,2.7,1,100,100,2,2021,2022,49,2,2,2,1,2
19,"Hadi Afshari - PHD Candidate, University of Oklahoma",Google Scholar Profile,17,49,11,4.45,2.88,9.33,3.41,5.94,4,6,3,0.67,2,18.4,4.29,2.99,5.2,1.1,3/2/2023 13:24,0.84,0.18,87.8,93.9,0,2012,2022,49,3,3,1,0,3
20,Shabnum Maqbool - University of Cambridge,Google Scholar Profile,8,49,2,24.5,6.13,11.56,1.5,5.63,2,7,4,0.36,1,25.5,5.05,5.95,6.56,0.74,3/2/2023 13:23,5.78,0.5,95.9,100,1,2021,2023,49,4,2,1,1,2
21,Somoprova Halder - Undergraduate student at University of Calcutta,Google Scholar Profile,11,49,3,16.33,4.45,8.67,2.45,5.18,5,7,5,0.76,2,31.67,5.63,5.11,4.69,1.01,3/2/2023 13:22,2.89,0.67,95.9,100,0,2020,2022,49,5,5,5,0,5
22,"KOUSHIK DEY - Senior Research Fellow, UGC-DAE Consortium for Scientific Research Indore",Google Scholar Profile,14,50,5,10,3.57,6.67,2.03,7.14,4,6,4,0.53,1,18.37,4.29,2.49,4.47,1.08,3/2/2023 13:21,1.33,0.2,72,88,0,2018,2022,50,8,3,1,0,3
23,"Beyza Yılmaz - Research Assistant, Boğaziçi University",Google Scholar Profile,3,51,2,25.5,17,24.83,1.17,2.67,2,3,2,0.8,1,27.5,5.24,13.08,6.86,0.83,3/2/2023 13:20,12.41,0.5,100,100,1,2021,2023,51,2,2,1,1,2
24,"SunJe Lee - Department of Chemical and Biomolecular Engineering, Yonsei University",Google Scholar Profile,8,52,4,13,6.5,6.62,0.98,8.88,4,7,6,0.48,2,19.83,4.45,2.69,5.48,0.76,3/2/2023 13:19,1.65,0.5,88.5,100,0,2019,2023,52,6,6,1,0,3
25,C Lowell Watts - Oregon State University,Google Scholar Profile,6,52,4,13,8.67,7.43,1.76,5.83,3,6,3,0.45,2,15.08,3.88,2.16,6.56,0.47,3/2/2023 13:18,1.85,0.5,100,100,0,2019,2022,52,3,3,2,0,2
26,Leonardo S. de Oliveira - Technical University of Denmark,Google Scholar Profile,11,52,4,13,4.73,9.58,2.02,5.55,5,6,6,0.89,2,17.42,4.17,3.18,3.16,1.65,3/2/2023 13:17,2.39,0.5,67.3,76.9,0,2019,2023,52,9,3,0,0,2
27,"Peter Saghy - PhD Candidate, Brown University",Google Scholar Profile,4,54,6,9,13.5,8.78,0.66,6.25,3,4,4,0.45,2,17.83,4.22,2.96,6.63,0.66,3/2/2023 13:16,1.46,0.33,98.1,100,1,2017,2022,54,4,2,1,0,2
28,Austin Fehr - Rice University,Google Scholar Profile,9,54,4,13.5,6,6.39,1.06,8.56,3,7,3,0.35,2,40,6.32,4.64,6.71,0.35,3/2/2023 13:15,1.59,0.5,100,100,2,2019,2023,54,3,3,2,1,3
29,Setatira Gorji - Instituto de Ciencias de los Materiales de la Universidad de Valencia,Google Scholar Profile,13,54,4,13.5,4.15,9.08,1.95,4.85,4,7,5,0.7,2,24.83,4.98,4.25,6,0.88,3/2/2023 13:14,2.27,0.5,96.3,100,0,2019,2023,54,5,5,3,0,3
30,"Pratik Bagul - imec, KU Leuven",Google Scholar Profile,5,54,3,18,10.8,8.42,1.06,5.8,3,5,3,0.47,3,25.67,5.07,3.76,6.71,0.58,3/2/2023 13:13,2.8,1,100,100,2,2020,2022,54,3,3,2,0,3
31,"Yigit Sozen - PhD student, Instituto de Ciencia de Materiales de Madrid, ICMM, CSIC",Google Scholar Profile,14,54,4,13.5,3.86,12.62,4.19,4.5,5,6,6,1.09,2,22.42,4.73,5.37,3.74,2.21,3/2/2023 13:12,3.15,0.5,72.2,79.6,0,2019,2022,54,10,5,0,0,3
32,"Simonas Driukas - Engineer, Center for physical sciences and technology",Google Scholar Profile,2,56,2,28,28,8,0.34,6,1,2,1,0.14,1,28,5.29,4,7.42,0.14,3/2/2023 13:11,4,0.5,100,100,1,2021,2022,56,1,1,1,1,1
33,"Jetsabel M. Figueroa-Tapia - PhD student, Politecnico di Milano",Google Scholar Profile,3,55,3,18.33,18.33,8.47,0.61,5.67,2,3,2,0.31,2,18.33,4.28,2.82,7,0.61,3/2/2023 13:10,2.82,0.67,96.4,100,1,2020,2020,55,2,2,2,0,2
34,Lotte Clinckemalie - KU Leuven,Google Scholar Profile,4,56,5,11.2,14,9.31,0.72,5.75,2,4,3,0.33,1,28.5,5.34,4.73,7.14,0.48,3/2/2023 13:09,1.86,0.2,98.2,100,1,2018,2022,56,3,2,1,1,2
35,"Sejin Han - PhD candidate, GIST",Google Scholar Profile,2,57,6,9.5,28.5,6.9,0.35,7,2,2,2,0.29,2,12.17,3.49,1.82,7.28,0.35,3/2/2023 13:08,1.15,0.33,100,100,0,2017,2021,57,2,2,1,0,2
36,Deepak Kumar - Consiglio nazionale delle Ricerche,Google Scholar Profile,16,57,5,11.4,3.56,8.19,4.91,6,4,7,4,0.53,2,16.42,4.05,2.36,5.83,0.92,3/2/2023 13:07,1.63,0.4,87.7,98.2,0,2018,2022,57,5,4,1,0,3
37,Priyanka Tiwari - Research scholar,Google Scholar Profile,8,58,6,9.67,7.25,22.73,3.03,2.88,4,7,4,1.23,3,12.58,3.55,4.73,6.24,1.87,3/2/2023 13:06,3.78,0.5,94.8,100,0,2017,2019,58,4,3,0,0,3
38,"Sandip Kumavat - S.V. National Institute of technology, Surat, Gujarat, India",Google Scholar Profile,12,60,9,6.67,5,16.53,3.18,4.17,3,7,3,0.82,2,20.31,4.51,5.43,6.24,1.83,3/2/2023 13:05,1.83,0.22,80,96.7,0,2014,2022,60,3,3,2,0,3
39,Simon Biberger - University of Bayreuth,Google Scholar Profile,6,61,4,15.25,10.17,7.71,0.85,7.17,3,6,4,0.39,2,20.83,4.56,2.69,7.14,0.54,3/2/2023 13:04,1.92,0.5,98.4,100,0,2019,2022,61,4,3,2,0,3
40,"Marissa Higgins, Ph.D. - University of Texas at Dallas",Google Scholar Profile,11,61,7,8.71,5.55,10.88,3.51,4.27,5,7,5,0.81,2,16.59,4.07,3.04,5.74,1.17,3/2/2023 13:02,1.55,0.29,95.1,100,0,2016,2022,61,5,3,1,0,2
41,André Felipe Vale da Fonseca - PhD - Universidade Federal de São João del-Rei,Google Scholar Profile,9,62,5,12.4,6.89,10.54,1.78,5.44,3,7,2,0.45,1,13.37,3.66,2.3,7.07,0.96,3/2/2023 13:01,2.1,0.2,95.2,100,1,2018,2023,62,2,1,1,0,1
42,"Oluchi Vivian Nkwachukwu - Doctorate, Department of Chemical Sciences, University of Johanesburg",Google Scholar Profile,12,63,2,31.5,5.25,18.2,2.79,4.92,4,7,5,0.8,2,34.5,5.87,9.62,6.48,1.17,3/2/2023 13:00,9.1,1,92.1,100,2,2021,2023,63,7,4,3,0,4
43,Minh Tran - New York University,Google Scholar Profile,15,64,6,10.67,4.27,18.13,4.65,4.2,4,8,7,0.89,2,27.63,5.26,7.69,6,1.84,3/2/2023 12:59,3.02,0.33,81.3,100,1,2017,2022,64,7,7,1,0,4
44,Christina Kamaraki - Oxford PV,Google Scholar Profile,5,64,5,12.8,12.8,11.33,1.03,5.2,4,5,4,0.7,3,23.95,4.89,4.32,6.93,0.7,3/2/2023 12:58,2.26,0.6,100,100,1,2018,2022,64,4,4,3,0,3
45,"Karim Elkhouly - PhD Student, KU Leuven",Google Scholar Profile,11,64,7,9.14,5.82,12.32,2.76,5.64,6,8,5,1.06,3,22.95,4.79,4.01,4.9,1.48,3/2/2023 12:57,1.76,0.43,93.8,100,0,2016,2022,64,7,5,2,0,3
46,"Dr. Maddipatla Reddyprakash - Division of Advanced Materials Engineering, Kongju National University",Google Scholar Profile,7,64,7,9.14,9.14,14.46,1.56,4.86,5,7,5,1,3,14.41,3.8,3.36,6.08,1.11,3/2/2023 12:56,2.06,0.43,96.9,100,0,2016,2022,64,6,3,0,0,3
47,Wan-Ju Hsu - University of Minnesota,Google Scholar Profile,8,65,5,13,8.13,10.42,1.35,6.25,4,8,5,0.64,2,17.57,4.19,2.81,6.48,0.9,3/2/2023 12:55,2.08,0.4,89.2,100,0,2018,2022,65,5,3,2,0,2
48,"Akash S - Research Scholar, CNMS Jain University",Google Scholar Profile,10,66,5,13.2,6.6,13.53,2.33,4.8,6,8,6,1.16,2,26.83,5.18,5.39,5.39,1.29,3/2/2023 12:54,2.7,0.4,98.5,100,1,2018,2023,66,7,5,1,0,3
49,sudhanshu gupta - Associate Professor Department of Electrical Engineering,Google Scholar Profile,3,65,28,2.32,21.67,16.33,1.58,2.67,1,3,1,0.25,1,5.85,2.42,1.47,7.94,0.58,3/2/2023 12:53,0.58,0.04,98.5,100,0,1995,2012,65,1,1,1,0,1
50,Irina G. Koryakina (Koriakina) - ITMO University,Google Scholar Profile,11,69,7,9.86,6.27,12.05,1.97,5.73,4,8,4,0.7,2,24.49,4.95,4.21,6.93,0.9,3/2/2023 12:52,1.72,0.29,92.8,100,1,2016,2023,69,5,3,1,0,3
51,J. Curtis Beimborn II - University of Colorado,Google Scholar Profile,4,69,6,11.5,17.25,15.82,0.95,4.5,3,4,3,0.75,3,17.4,4.17,4.15,7.75,0.78,3/2/2023 12:51,2.63,0.5,100,100,0,2017,2020,69,3,3,2,0,3
52,AADIL AHMAD BHAT - SOS Jiwaji University gwalior,Google Scholar Profile,15,70,2,35,4.67,15.03,3.13,5.27,6,8,8,1.2,2,38,6.16,8.01,4.9,1.77,3/2/2023 12:50,7.51,1,85.7,95.7,0,2021,2023,70,11,8,2,0,4
53,"Sebin Devasia - Doctoral Student, Universidad Autonoma de Nuevo Leon",Google Scholar Profile,19,71,8,8.88,3.74,15.57,4.65,4.37,5,8,5,1,2,21.41,4.63,4.5,5.83,1.8,3/2/2023 12:49,1.94,0.25,83.1,94.4,0,2015,2023,71,7,5,1,0,3
54,Riccardo Ollearo - Eindhoven University of technology,Google Scholar Profile,7,72,4,18,10.29,11.02,1.07,6.57,3,7,4,0.45,2,36.5,6.04,5.57,7.68,0.76,3/2/2023 12:48,2.75,0.5,94.4,100,2,2019,2023,72,4,4,3,0,3
55,Salvatore Valastro - CNR-IMM,Google Scholar Profile,15,72,3,24,4.8,10.29,2.14,7,6,8,8,0.86,2,36,6,5.14,5,1.14,3/2/2023 12:47,3.43,0.67,84.7,94.4,0,2020,2023,72,11,8,2,0,4
56,"Iver J Cleveland - Graduate Assistant, New York University",Google Scholar Profile,10,72,6,12,7.2,19.05,2.47,4.5,4,8,7,0.89,2,28.08,5.3,7.71,6.93,1.89,3/2/2023 12:46,3.17,0.33,88.9,100,1,2017,2022,72,7,7,1,0,4
57,Guus J. W. Aalbers - PhD candidate at Eindhoven University of Technology (TU/e),Google Scholar Profile,2,72,4,18,36,12.8,0.34,6,2,2,2,0.33,2,21.67,4.65,3.93,8.25,0.34,3/2/2023 12:45,3.2,0.5,100,100,1,2019,2020,72,2,2,2,0,2
58,"Aleksander Mroziński - PhD student, Gdańsk University of Technology",Google Scholar Profile,8,72,5,14.4,9,14.48,1.79,4.88,5,8,5,0.93,2,22.2,4.71,4.4,6.24,1.54,3/2/2023 12:44,2.89,0.4,88.9,100,0,2018,2021,72,7,5,2,0,3
59,"Payal Sengupta - Research Fellow, Department of Physics, Jadavpur University",Google Scholar Profile,9,73,5,14.6,8.11,13.21,1.95,5.33,5,8,6,0.83,2,27,5.2,4.89,6.48,1.5,3/2/2023 12:43,2.64,0.4,91.8,100,0,2018,2023,73,7,6,2,0,3
60,"Anton A. Samoylov - PhD Student, University of Arizona",Google Scholar Profile,6,73,3,24.33,12.17,12.33,1.12,5.5,2,6,4,0.33,2,32.83,5.73,5.64,8.06,0.75,3/2/2023 12:42,4.11,0.67,94.5,100,2,2020,2022,73,4,4,2,0,2
61,Dovydas Karoblis - PhD student,Google Scholar Profile,27,73,4,18.25,2.7,10.97,4.66,6.07,5,8,6,0.74,2,29,5.39,4.33,6,1.22,3/2/2023 12:41,2.74,0.5,83.6,98.6,0,2019,2023,73,8,6,2,0,3
62,"Daniel Gau de León - Instituto de Física, Facultad de Ingeniería, Universidad de la República",Google Scholar Profile,16,73,10,7.3,4.56,12.94,3.89,5.44,6,8,6,0.95,2,17.7,4.21,3.17,4.69,1.65,3/2/2023 12:40,1.29,0.2,79.5,94.5,0,2013,2023,73,9,5,0,0,2
63,"Lucas Ferreira Lima - Adjunct Professor, Federal University of Technology – Parana",Google Scholar Profile,5,73,10,7.3,14.6,12.04,1.68,5.2,3,5,3,0.5,3,10.51,3.24,1.82,8,0.54,3/2/2023 12:39,1.2,0.3,100,100,0,2013,2018,73,3,2,1,0,2
64,José Luis Rosas Huerta - UNAM,Google Scholar Profile,30,74,8,9.25,2.47,13.52,6.54,5.27,6,6,6,1.09,2,31.98,5.65,5.81,2.24,2.14,3/2/2023 12:38,1.69,0.25,55.4,55.4,0,2015,2023,74,14,6,1,0,3
65,"YAN SHAN SHAN - Guangdong Provincial Key Laboratory of Nanophotonic Functional Materials and Devices, Institute of",Google Scholar Profile,15,74,6,12.33,4.93,12.41,4.23,6.13,5,8,5,0.69,2,33.73,5.81,4.87,6.32,1.06,3/2/2023 12:37,2.06,0.33,87.8,98.6,1,2017,2023,74,7,5,3,0,3
66,Meaad Al-Hadidi - University of Mosul,Google Scholar Profile,14,74,10,7.4,5.29,13.4,4.13,5,5,8,3,0.86,2,8.78,2.96,1.59,6.32,1.37,3/2/2023 12:36,1.34,0.2,87.8,95.9,0,2013,2017,74,2,1,0,0,2
67,"Amy E. Louks - Colorado School of Mines, National Renewable Energy Lab",Google Scholar Profile,4,76,3,25.33,19,10.25,0.54,7.5,2,4,3,0.27,2,48,6.93,6.25,8.43,0.39,3/2/2023 12:35,3.41,0.67,98.7,100,2,2020,2022,76,3,2,2,1,2
68,Leunam Fernandez-Izquierdo - University of Texas at Dallas,Google Scholar Profile,12,76,5,15.2,6.33,16.45,3.47,4.25,4,8,6,0.89,3,24.43,4.94,5.45,7,1.6,3/2/2023 12:34,3.29,0.6,85.5,100,0,2018,2023,76,7,6,2,0,3
69,"Ajeet Singh - Visiting Research Scholar, Purdue University",Google Scholar Profile,8,76,6,12.67,9.5,18.65,1.76,5.13,4,8,4,0.8,2,23.73,4.87,4.99,7.48,1.02,3/2/2023 12:33,3.1,0.33,94.7,100,0,2017,2022,76,6,4,2,0,3
70,Cong Tai Trinh - Los Alamos National Laboratory,Google Scholar Profile,13,77,8,9.63,5.92,14.33,3.21,5.77,4,8,5,0.64,2,23.6,4.86,4.08,6.86,1.78,3/2/2023 12:32,1.79,0.25,81.8,97.4,0,2015,2023,77,6,4,2,0,3
71,Moritz L Weber - Postdoctoral Fellow at Berkeley Lab and Peter Grünberg Institute Forschungszentrum Jülich,Google Scholar Profile,19,78,4,19.5,4.11,15.4,3.18,6.63,5,8,8,0.78,2,42.75,6.54,7.3,5.92,1.96,3/2/2023 12:31,3.85,0.5,76.9,89.7,0,2019,2023,78,11,9,4,0,4
72,Swati Deswal - University of Glasgow,Google Scholar Profile,14,79,4,19.75,5.64,12,3.25,5.79,4,8,6,0.59,3,24.83,4.98,3.73,7.62,0.88,3/2/2023 12:30,3,0.75,93.7,100,0,2019,2022,79,6,5,3,0,3
73,"Lucas Atila Bernardes Marçal - Researcher, Lund University",Google Scholar Profile,25,80,9,8.89,3.2,12.97,5.77,5.8,7,8,5,1.14,2,22.42,4.74,3.65,4.47,1.8,3/2/2023 12:29,1.44,0.22,86.3,90,0,2014,2023,80,8,5,0,0,3
74,"Darshan Hemantbhai Parmar - PhD Candidate, University of Toronto",Google Scholar Profile,7,82,3,27.33,11.71,10.55,0.92,7.71,4,7,6,0.5,2,41,6.4,5.27,7.75,0.92,3/2/2023 12:28,3.51,0.67,92.7,100,2,2020,2022,82,6,5,4,0,4
75,Melike Biliroglu - North Carolina State University,Google Scholar Profile,10,82,8,10.25,8.2,12.36,1.54,6.7,4,9,6,0.59,3,38.75,6.22,5.7,7.81,0.93,3/2/2023 12:27,1.54,0.38,93.9,100,2,2015,2022,82,6,6,3,0,3
76,Cícero Inácio da Silva Filho - Centro de Tecnologias Estratégicas do Nordeste (CETENE),Google Scholar Profile,5,83,10,8.3,16.6,14.03,0.95,5.4,4,5,4,0.7,3,13.28,3.64,2.26,8.19,0.7,3/2/2023 12:26,1.4,0.3,100,100,0,2013,2022,83,4,2,1,0,2
77,"Konstantina-Kalliopi Armadorou - Chemistry Master, EPFL | Research Assistant, NCSR ""Demokritos""",Google Scholar Profile,10,83,4,20.75,8.3,13.24,1.66,6.1,4,9,4,0.64,2,26.25,5.12,4.23,8.12,0.81,3/2/2023 12:25,3.31,0.5,98.8,100,1,2019,2023,83,5,3,2,0,3
78,Albert These - PhD student,Google Scholar Profile,6,83,2,41.5,13.83,10.14,0.74,8.17,3,6,4,0.36,2,44.5,6.67,5.44,8.37,0.61,3/2/2023 12:24,5.07,1,95.2,100,1,2021,2022,83,5,3,3,1,3
79,Mohammad Shakhawat Hossain - University of South Florida,Google Scholar Profile,9,83,3,27.67,9.22,14.33,3.7,2.89,1,9,2,0.17,1,28.5,5.34,5.08,8.94,1,3/2/2023 12:23,4.77,0.33,97.6,100,1,2020,2022,83,2,1,1,1,1
80,Lacie Dube - Brown University,Google Scholar Profile,9,84,7,12,9.33,14.64,1.69,5.67,6,9,5,1.03,2,36.97,6.08,6.58,6.24,1.48,3/2/2023 12:22,2.09,0.29,89.3,100,1,2016,2022,84,8,5,4,0,4
81,"Lukas Helmbrecht - PhD Researcher, AMOLF",Google Scholar Profile,10,84,5,16.8,8.4,13.59,2.69,5.2,3,9,4,0.5,2,25.77,5.08,4.43,8.31,0.88,3/2/2023 12:21,2.71,0.4,92.9,100,1,2018,2023,84,5,3,2,0,3
82,"Ravindra Saxena - Rice University, University of Pennsylvania",Google Scholar Profile,5,86,5,17.2,17.2,9.63,1.56,6.2,2,5,2,0.24,2,28.67,5.35,3.21,9.06,0.24,3/2/2023 12:19,1.92,0.4,100,100,1,2018,2022,86,2,2,2,1,2
83,"Carys Worsley - PhD student, Swansea University",Google Scholar Profile,9,86,6,14.33,9.56,15.33,1.58,6,6,9,6,0.97,2,36.57,6.05,6.54,7,1.02,3/2/2023 12:18,2.55,0.33,98.8,100,1,2017,2022,86,6,5,4,0,4
84,Dr. Chiranjib Chakrabarti - Huazhong University of Science and Technology,Google Scholar Profile,17,86,5,17.2,5.06,11.43,2.35,7.53,5,8,6,0.66,2,30.17,5.49,4.03,6.4,1.41,3/2/2023 12:17,2.28,0.4,76.7,89.5,0,2018,2022,86,11,6,1,0,3
85,"Deepshikha Arora - SUTD, IIT Bombay, National University of Singapore",Google Scholar Profile,5,88,8,11,17.6,27.17,1.23,4.2,3,5,4,0.75,2,14.95,3.87,4.43,8.77,1.03,3/2/2023 12:16,3.39,0.25,97.7,100,0,2015,2023,88,4,3,1,0,2
86,"Anuradha Bhogra - Post-doctoral fellow, JNCASR/DESY",Google Scholar Profile,12,89,6,14.83,7.42,11.81,1.71,7.17,5,9,6,0.64,2,26.02,5.1,3.53,7.28,1.08,3/2/2023 12:15,1.96,0.33,87.6,100,0,2017,2022,89,8,6,1,0,4
87,Donato Valli - University of Leuven,Google Scholar Profile,4,90,3,30,22.5,14.02,0.59,7,2,4,2,0.31,2,38.17,6.18,6.04,9.27,0.31,3/2/2023 12:14,4.67,0.67,100,100,2,2020,2023,90,2,2,2,1,2
88,"Xiangyu Xing - Graduate Student, Stanford University",Google Scholar Profile,5,90,4,22.5,18,20.61,1.03,5.4,3,5,4,0.53,2,29.58,5.44,6.86,8.94,0.78,3/2/2023 12:13,5.15,0.5,98.9,100,1,2019,2022,90,4,3,2,0,3
89,"Richa Tomar - Assistant Professor, Chemistry, Sharda University",Google Scholar Profile,20,91,6,15.17,4.55,20.11,5.29,4.25,5,9,8,1,3,49.5,7.04,10.65,7,1.94,3/2/2023 12:12,3.35,0.5,81.3,97.8,2,2017,2022,91,9,8,5,0,5
90,"V Manikantan Nair - Associate Professor and Head of Institution, Govt. College, Attingal",Google Scholar Profile,16,92,14,6.57,5.75,22.16,3.59,4.88,6,9,4,1.24,3,10.39,3.22,2.6,6.4,1.88,3/2/2023 12:11,1.58,0.21,83.7,96.7,0,2009,2016,92,4,2,0,0,2
91,Moritz C. Schmidt - PhD student @ AMOLF,Google Scholar Profile,2,94,2,47,47,13.5,0.31,6.5,2,2,2,0.31,1,47,6.86,6.75,9.49,0.31,3/2/2023 12:10,6.75,0.5,100,100,1,2021,2021,94,2,1,1,1,2
92,Muhammad Awais - University Of Victoria,Google Scholar Profile,8,94,4,23.5,11.75,16.05,1.37,6.38,3,8,4,0.56,2,49,7,8.58,9.06,0.77,3/2/2023 12:09,4.01,0.5,96.8,100,2,2019,2022,94,4,3,3,1,3
93,Despoina Gkeka - PhD Student,Google Scholar Profile,4,97,2,48.5,24.25,13.86,1.43,5.5,2,4,2,0.29,1,50,7.07,7.14,9.64,0.29,3/2/2023 12:08,6.93,0.5,100,100,1,2021,2023,97,2,2,1,1,2
94,Mingue Shin - Korea Advanced Institute of Science and Technology,Google Scholar Profile,5,101,4,25.25,20.2,14.58,0.7,7.4,5,5,5,0.68,3,28.83,5.37,4.04,8.72,0.7,3/2/2023 12:07,3.64,0.75,100,100,0,2019,2021,101,5,5,4,0,4
95,"TANMAY ROM - Research Scholar (DST-INSPIRE project fellow) at NIT Kurukshetra, Haryana-136119",Google Scholar Profile,17,102,5,20.4,6,22.84,3.21,6.06,6,9,10,1.16,3,51.73,7.19,10.37,6.48,2.07,3/2/2023 12:06,4.56,0.6,76.5,92.2,0,2018,2023,102,13,12,4,0,5
96,Huanhuan Zhou - Florida State University,Google Scholar Profile,7,103,9,11.44,14.71,19.34,1.17,6.29,5,7,5,0.86,3,21.84,4.67,4.12,8.72,1.05,3/2/2023 12:05,2.14,0.33,98.1,100,0,2014,2021,103,6,4,1,0,3
97,"Alexander M. Kane - University of California, Davis",Google Scholar Profile,17,103,21,4.9,6.06,16.5,3.49,6.47,6,10,5,0.92,2,21.29,4.61,3.34,7.81,1.25,3/2/2023 12:04,0.78,0.1,94.2,100,0,2002,2022,103,5,3,1,0,3
98,"Esmaeil Pakizeh - Assistant Professor of Solid State Physics,Yasouj University,Yasouj, Iran",Google Scholar Profile,30,104,14,7.43,3.47,48.92,15.75,2.4,7,10,7,2.72,5,23.9,4.89,12.58,6.71,3.75,3/2/2023 12:03,3.49,0.36,90.4,99,0,2009,2023,104,9,6,0,0,3
99,"Krishnendu Maji - Ph.D. Student, CRISMAT",Google Scholar Profile,11,105,4,26.25,9.55,21.1,2.07,5.73,5,10,7,0.86,3,40,6.32,7.63,8.06,1.77,3/2/2023 12:02,5.27,0.75,85.7,100,0,2019,2023,105,8,7,5,0,5
100,Gamze Findik - North Carolina State University,Google Scholar Profile,9,108,7,15.43,12,15.88,1.67,6.44,4,9,5,0.55,3,45,6.71,6.33,9.49,0.76,3/2/2023 12:01,2.26,0.43,98.1,100,3,2016,2022,108,5,5,4,0,4
101,"Siva Parvathi Padi - Ph.D Student, Sungkyunkwan University, South Korea",Google Scholar Profile,6,108,4,27,18,17.82,1.09,5.67,4,6,4,0.67,2,44.5,6.67,7.42,9.54,0.84,3/2/2023 12:00,4.45,0.5,99.1,100,2,2019,2021,108,4,4,2,1,3
102,"Zinnia Mallick - PhD Scholar, Institute of Nano Science and Technology, Mohali",Google Scholar Profile,12,113,3,37.67,9.42,18.69,3.83,5.17,7,10,7,1.09,3,63.67,7.98,10.02,8,1.22,3/2/2023 11:59,6.23,1,100,100,1,2020,2023,113,7,7,7,1,6
103,"Nithin Pathoor - PhD Student, Indian Institute of Technology Bombay",Google Scholar Profile,12,113,5,22.6,9.42,22.05,2.9,4.58,5,10,6,0.96,3,31.6,5.62,6.27,9.27,1.32,3/2/2023 11:58,4.41,0.6,98.2,100,1,2018,2022,113,6,6,3,0,3
104,Bhavya Padha - university of jammu,Google Scholar Profile,17,114,2,57,6.71,19.69,4.06,5.06,7,10,8,1.04,3,103.5,10.17,18.37,7.21,2,3/2/2023 11:57,9.84,1.5,88.6,97.4,5,2021,2023,114,13,10,7,2,6
105,Yoonseo Nah - Yale University,Google Scholar Profile,11,114,5,22.8,10.36,13.78,2.71,6.36,6,10,6,0.72,2,43.75,6.61,5.39,8.6,1.07,3/2/2023 11:56,2.75,0.4,96.5,100,2,2018,2022,114,8,6,3,0,4
106,"Naomi Falsini - Postdoc, University of Florence",Google Scholar Profile,22,116,6,19.33,5.27,19.03,3.61,6.36,7,10,7,1.07,2,42.78,6.54,6.92,6.56,1.88,3/2/2023 11:55,3.17,0.33,79.3,92.2,0,2017,2023,116,12,7,3,0,4
107,Yannick Eatmon - Princeton University,Google Scholar Profile,8,117,6,19.5,14.63,20.59,1.5,6,3,8,4,0.53,3,27.83,5.28,4.96,10.2,0.79,3/2/2023 11:54,3.43,0.5,96.6,100,1,2017,2022,117,5,3,3,0,3
108,Cetin Meric Guvenc - İzmir Institute of Technology,Google Scholar Profile,11,117,6,19.5,10.64,32.34,3.44,3.91,6,10,7,1.71,3,42.17,6.49,11.5,8.49,2.6,3/2/2023 11:53,5.39,0.5,92.3,100,1,2017,2023,117,9,7,3,0,4
109,"Devadas Bhat Panemangalore - Department of Metallurgical and Materials Engineering, National Institute of Technology Karnataka",Google Scholar Profile,32,117,10,11.7,3.66,32.87,12.22,3.38,6,9,8,1.29,3,56,7.48,15.87,6.56,3.52,3/2/2023 11:52,3.28,0.3,67.5,80.3,1,2013,2022,117,16,12,4,0,4
110,Thomas J. Sheehan - Massachusetts Institute of Technology,Google Scholar Profile,3,119,3,39.67,39.67,22.53,0.45,7,2,3,2,0.31,2,42.5,6.52,7.86,10.72,0.32,3/2/2023 11:51,7.51,0.67,100,100,1,2020,2021,119,2,2,2,1,2
111,Shiva Sundar Yadava - Researcher Material Science,Google Scholar Profile,21,120,7,17.14,5.71,27,5,5,6,10,6,1.24,3,22.4,4.73,4.87,7.55,2.22,3/2/2023 11:50,3.85,0.43,77.5,92.5,0,2016,2021,120,9,3,1,0,2
112,"Jelena Kojčinović - Postdoctoral Researcher at Department of Chemistry, J. J. Strossmayer University of Osijek",Google Scholar Profile,42,121,8,15.13,2.88,18.79,11.77,5.43,6,11,8,0.86,2,58.33,7.64,8.64,8.06,1.47,3/2/2023 11:49,2.34,0.25,83.5,100,2,2015,2022,121,10,10,5,0,5
113,Noura Kouki - assistant professor of analytical chemistry at Qassim university,Google Scholar Profile,17,123,14,8.79,7.24,30.75,4.74,4.47,6,11,5,1.38,4,22.39,4.73,5.01,8.77,1.98,3/2/2023 11:48,2.19,0.29,91.9,100,0,2009,2023,123,7,5,2,0,3
114,Dr. Malladi Srikanth - University of São Paulo,Google Scholar Profile,9,124,10,12.4,13.78,27.14,2.28,4.44,7,9,6,1.44,3,21.06,4.59,4.89,8.43,1.94,3/2/2023 11:47,2.71,0.3,96.8,100,0,2013,2021,124,7,5,1,0,3
115,"Farjana Haque - PhD student, Kyung Hee University",Google Scholar Profile,14,125,4,31.25,8.93,34.37,4.45,3.43,7,11,8,1.88,4,41.92,6.47,11.7,7.48,2.87,3/2/2023 11:46,8.59,1,84,97.6,1,2019,2021,125,12,9,2,0,4
116,"Florine Michelle Rombach - PhD student, University of Oxford",Google Scholar Profile,1,126,2,63,126,42,0.33,3,1,1,1,0.33,1,63,7.94,21,11.18,0.33,3/2/2023 11:45,21,0.5,100,100,1,2021,2021,126,1,1,1,1,1
117,"Viacheslav Korolev - Friedrich-Schiller-Universität Jena, Institute of Optics and Quantum Electronics",Google Scholar Profile,12,126,5,25.2,10.5,19.76,1.81,6.67,4,11,4,0.62,3,63.6,7.97,9.49,10.34,0.79,3/2/2023 11:44,3.95,0.6,97.6,100,2,2018,2023,126,4,4,3,1,3
118,"MPA Nanayakkara, PhD - University of Surrey",Google Scholar Profile,14,127,6,21.17,9.07,30.08,3.92,4.57,6,11,6,1.38,4,31.05,5.57,6.82,8.94,1.93,3/2/2023 11:43,5.01,0.67,91.3,100,0,2017,2022,127,8,6,3,0,4
119,Tudur David - Newcastle University,Google Scholar Profile,15,129,4,32.25,8.6,22.65,3.91,5,6,11,8,1.03,2,84.92,9.22,14.77,9,1.66,3/2/2023 11:42,5.66,0.5,90.7,100,1,2019,2022,129,9,8,2,1,3
120,Claudiu M. Iaru - Eindhoven University of Technology,Google Scholar Profile,4,133,6,22.17,33.25,25.57,1.54,4.5,2,4,2,0.33,2,28.17,5.31,5.12,11.36,0.34,3/2/2023 11:41,4.26,0.33,100,100,1,2017,2022,133,2,2,2,0,2
121,Dr. MLC Attygalle - Senior Lecturer,Google Scholar Profile,35,138,17,8.12,3.94,44.07,11.56,3.6,7,11,4,1.75,4,16.36,4.05,4.34,8.6,3.13,3/2/2023 11:40,2.59,0.24,89.1,97.8,0,2006,2021,138,5,2,1,0,2
122,Alessio BELOTTI - PhD Graduate,Google Scholar Profile,13,140,9,15.56,10.77,22.52,2.26,6.77,7,11,8,0.98,3,69,8.31,9.94,8.94,1.32,3/2/2023 11:38,2.5,0.33,92.1,100,3,2014,2022,140,10,8,5,0,5
123,Caner Deger - Marmara University,Google Scholar Profile,22,140,8,17.5,6.36,58.22,8.15,3.45,7,10,7,1.88,4,52.27,7.23,19.27,6.86,4.7,3/2/2023 11:37,7.27,0.5,68.6,82.1,1,2015,2022,140,13,7,4,0,4
124,"Luke Grater - PhD Candidate, University of Toronto",Google Scholar Profile,4,141,2,70.5,35.25,18.11,0.53,7.75,2,4,3,0.27,2,119,10.91,14.44,11.62,0.39,3/2/2023 11:36,9.05,1,98.6,100,2,2021,2023,141,3,3,2,2,2
125,"SARA BONOMI - Dipartimento di Chimica, Università di Pavia",Google Scholar Profile,11,141,5,28.2,12.82,25.89,3.07,5.27,6,11,8,1.06,4,40.3,6.35,7.8,9.43,1.81,3/2/2023 11:35,5.17,0.8,88.7,100,1,2018,2021,141,9,8,3,0,4
126,"Francis G. Kinyanjui - Postdoctoral Research Fellow, University of Oxford",Google Scholar Profile,14,141,14,10.07,10.07,25.8,4.87,5.14,6,11,4,1.03,3,13.69,3.7,2.47,10.15,1.08,3/2/2023 11:34,1.84,0.21,98.6,100,0,2009,2016,141,4,3,1,0,3
127,Wen Kiat Chan - Nanyang Technological University,Google Scholar Profile,11,142,8,17.75,12.91,34.43,1.96,6.27,5,11,6,1,3,57.71,7.6,14.19,10.54,1.43,3/2/2023 11:33,4.3,0.38,95.8,100,1,2015,2023,142,7,6,2,1,3
128,"Catherine Clark - PhD Candidate, University of Minnesota",Google Scholar Profile,10,143,5,28.6,14.3,23.02,2.96,4.5,5,10,5,0.89,3,35.18,5.93,5.82,10.86,0.95,3/2/2023 11:32,4.6,0.6,100,100,2,2018,2021,143,5,5,3,0,4
129,"Paramvir Kaur - PhD; Project Associate, Thapar Institute of Engineering and Technology, Patiala, Punjab, India",Google Scholar Profile,9,144,4,36,16,72,3.92,2.44,4,9,4,2,3,48,6.93,24,11.22,2,3/2/2023 11:31,18,0.75,98.6,100,1,2019,2022,144,5,4,1,1,2
130,Ella Sanders - Weizmann Institute of Science,Google Scholar Profile,11,144,11,13.09,13.09,27.88,1.79,6.36,4,11,4,0.76,2,26.94,5.19,5.2,11.14,0.94,3/2/2023 11:30,2.53,0.18,97.2,100,1,2012,2022,144,5,1,1,1,2
131,"Ming Li - Postdoctoral associate, University of Florida",Google Scholar Profile,11,145,5,29,13.18,26.69,2.42,5.73,7,11,7,1.11,4,69.15,8.32,11.41,9.8,1.33,3/2/2023 11:29,5.33,0.8,100,100,3,2018,2023,145,7,7,4,0,5
132,Jonghee Yang - University of Tennessee,Google Scholar Profile,42,146,9,16.22,3.48,28.15,8.36,6.1,7,10,8,1.09,2,49.85,7.06,8.38,5.74,2.97,3/2/2023 11:28,3.12,0.22,56.2,69.2,0,2014,2023,146,17,9,2,0,4
133,Gönül Akça - Çukurova Üniversitesi Fen Edebiyat Fakültesi Fizik Bölümü,Google Scholar Profile,25,147,10,14.7,5.88,36.91,9.09,3.88,9,11,8,2.08,3,36.99,6.08,9.05,6.78,2.67,3/2/2023 11:27,3.69,0.3,86.4,93.9,0,2013,2022,147,15,9,1,0,3
134,"Dionysios Papadatos - PhD Student, University of Patras, Greece",Google Scholar Profile,9,148,7,21.14,16.44,43.93,2.78,3.33,8,9,7,2.37,4,27.18,5.21,8.1,9.17,2.45,3/2/2023 11:26,6.27,0.57,100,100,0,2016,2020,148,8,7,1,0,3
135,Aziz Saparbaev - Institute of Ion-Plasma and Laser Technologies of Uzbekistan Academy of Sciences,Google Scholar Profile,18,149,11,13.55,8.28,19.35,2.7,7.06,7,11,8,0.88,2,71.12,8.43,8.52,8.12,1.85,3/2/2023 11:25,1.75,0.18,77.2,93.3,3,2012,2022,149,11,8,4,0,5
136,Matthew Michie - Purdue University,Google Scholar Profile,1,149,7,21.29,149,29.8,0.2,5,1,1,1,0.2,1,21.29,4.61,4.26,12.17,0.2,3/2/2023 11:24,4.25,0.14,100,100,1,2016,2016,149,1,1,1,1,1
137,Samyak Dhole - University at Buffalo,Google Scholar Profile,9,150,6,25,16.67,18.45,1.73,6.89,4,9,6,0.47,2,43.33,6.58,5.42,11.18,0.9,3/2/2023 11:23,3.07,0.33,94,100,2,2017,2022,150,7,6,3,0,4
138,"Tim Schramm - Dresden Integrated Center for Applied Physics and Photonic Materials, TU Dresden",Google Scholar Profile,4,151,2,75.5,37.75,19,0.55,7.5,3,4,3,0.39,1,79,8.89,10,11.92,0.4,3/2/2023 11:22,9.5,0.5,100,100,1,2021,2023,151,3,3,1,1,3
139,"Abhishek Maiti - DST-INSPIRE Senior Research Fellow, Indian Association for the Cultivation of Science",Google Scholar Profile,15,154,4,38.5,10.27,46.83,5,3.27,7,12,9,2.13,4,72.17,8.5,22.63,9.06,3.25,3/2/2023 11:21,11.7,1,85.1,99.4,3,2019,2023,154,12,9,4,1,4
140,"Aiswarya Abhisek Mohapatra - Postdoctoral Researcher, University of Colorado Boulder",Google Scholar Profile,13,155,6,25.83,11.92,28.02,3.15,5.62,7,12,8,1.17,3,47.57,6.9,9.1,9.7,1.79,3/2/2023 11:20,4.67,0.5,92.3,100,0,2017,2021,155,10,8,5,0,5
141,"Natalia Spitha - PhD Candidate, University of Wisconsin-Madison",Google Scholar Profile,8,157,10,15.7,19.63,20.38,2.78,5,5,8,5,0.71,3,69,8.31,8.88,11.49,0.78,3/2/2023 11:19,2.03,0.3,100,100,3,2013,2021,157,5,5,4,1,4
142,"Eric Welch - Assistant Professor, Prairie View A&M University",Google Scholar Profile,13,158,8,19.75,12.15,34.45,3.99,4.23,4,12,4,0.84,3,42.82,6.54,9.16,11.75,1.15,3/2/2023 11:18,4.3,0.38,97.5,100,1,2015,2022,158,5,3,2,1,3
143,"MUHAMMAD MUNIR - Phd. candidate, Mcmaster University",Google Scholar Profile,18,160,4,40,8.89,20.48,2.41,7.67,7,12,7,0.91,3,60.25,7.76,7.75,9.9,1.27,3/2/2023 11:17,5.12,0.75,91.9,99.4,2,2019,2023,160,9,7,5,0,5
144,Adrián Francisco-López - PostDoc at ICMAB-CSIC &Universidad Autónoma de Barcelona,Google Scholar Profile,9,160,5,32,17.78,26,2.29,5.67,6,9,7,0.95,3,44.4,6.66,7.19,10.63,1.29,3/2/2023 11:16,5.2,0.6,93.1,100,2,2018,2021,160,8,7,4,0,4
145,Frederick Pearsall - City College of New York,Google Scholar Profile,12,162,7,23.14,13.5,34.15,3.01,5.58,6,12,6,1.16,4,34.66,5.89,6.96,11,1.43,3/2/2023 11:15,4.87,0.57,96.9,100,0,2016,2020,162,7,6,4,0,4
146,Karolina Łempicka-Mirek - University of Warsaw,Google Scholar Profile,13,164,6,27.33,12.62,23.24,2.15,6.38,5,12,7,0.71,3,53.4,7.31,7.96,11.36,1.05,3/2/2023 11:14,3.87,0.5,93.9,100,2,2017,2022,164,7,7,4,0,5
147,Jason A. McNulty - University of St Andrews,Google Scholar Profile,23,165,6,27.5,7.17,39.75,6.8,4.87,7,12,9,1.32,3,58.25,7.63,14.63,8.19,3,3/2/2023 11:13,6.62,0.5,70.3,88.5,0,2017,2022,165,16,11,5,0,5
148,"Dr G Venkatesh - Post-Doctoral Fellow - University of Messina, Messina 98166, Italy",Google Scholar Profile,19,165,5,33,8.68,29.17,3.37,5.68,9,12,12,1.59,3,107,10.34,19.01,7.87,2.13,3/2/2023 11:12,5.83,0.6,86.7,99.4,5,2018,2023,165,13,12,11,0,7
149,Darius L.H Hung - University of Cambridge,Google Scholar Profile,4,165,7,23.57,41.25,20.63,0.63,7,2,4,2,0.25,2,41.17,6.42,5.15,12.65,0.38,3/2/2023 11:11,2.94,0.29,99.4,100,2,2016,2019,165,2,2,2,1,2
150,"Romualdo Santos Silva Junior - PhD in Physics, Federal University of Sergipe",Google Scholar Profile,54,165,10,16.5,3.06,63.87,32.02,3,6,12,8,1.64,5,50.26,7.09,13.7,9.11,4.96,3/2/2023 11:10,6.38,0.5,72.1,89.7,0,2013,2023,165,14,10,4,0,4
151,Hampus Näsström - Helmholtz Zentrum Berlin,Google Scholar Profile,9,168,5,33.6,18.67,25.58,3.12,5.22,6,9,6,0.9,3,83.33,9.13,12.66,11.36,1.11,3/2/2023 11:09,5.11,0.6,98.2,100,2,2018,2022,168,7,6,5,2,5
152,Anuja Vijayan - PhD student,Google Scholar Profile,7,168,7,24,24,30.58,1.53,4.86,4,7,5,0.76,4,83.67,9.15,14.58,12.21,1.08,3/2/2023 11:08,4.36,0.57,98.2,100,1,2016,2023,168,6,5,3,1,3
153,"Fabio Gabelloni - University of Florence, Department of Physics and Astronomy",Google Scholar Profile,7,168,6,28,24,25.33,1.1,6.43,4,7,5,0.64,3,31.42,5.61,4.84,12.17,0.96,3/2/2023 11:07,4.22,0.5,97.6,100,1,2017,2021,168,5,4,1,0,3
154,Yifeng Liu - Rice University,Google Scholar Profile,7,169,3,56.33,24.14,28.02,0.97,8.14,5,7,5,0.66,3,87,9.33,12.44,11.96,0.87,3/2/2023 11:06,9.34,1,99.4,100,3,2020,2023,169,6,5,5,2,5
155,"Yang Dai - Shenzhen Institutes of Advanced Technology,Chinese Academy of Sciences",Google Scholar Profile,14,176,14,12.57,12.57,29.89,3.63,4.93,6,13,5,1.03,3,21.28,4.61,3.81,11.49,1.23,3/2/2023 11:05,2.13,0.21,95.5,100,0,2009,2019,176,5,4,1,0,3
156,"Jimmy Mangalam - University of Petroleum and Energy Studies, Dehradun, Uttarakhand, India",Google Scholar Profile,15,178,9,19.78,11.87,37.22,5.36,4.93,5,13,6,0.81,3,44.55,6.67,11,12.21,1.86,3/2/2023 11:04,4.13,0.33,97.8,100,1,2014,2022,178,7,6,4,0,4
157,Po-Jung Huang - Northwestern University,Google Scholar Profile,11,179,8,22.38,16.27,45.23,2.76,4.64,6,11,6,1.16,4,57.01,7.55,13.61,11.27,2.51,3/2/2023 11:03,5.65,0.5,91.1,100,2,2015,2022,179,9,6,4,0,4
158,"Avi Mathur - University of Waterloo, Canada",Google Scholar Profile,11,185,5,37,16.82,46.23,4.04,3.55,7,11,8,1.63,5,56.05,7.49,15.85,11.22,2.7,3/2/2023 11:01,9.24,1,94.6,100,1,2018,2023,185,10,8,5,0,5
159,N.Zaidi - أستاذ مساعد فيزياء,Google Scholar Profile,24,188,9,20.89,7.83,40.7,6.3,4.04,8,13,7,1.68,4,30.56,5.53,7.13,10.2,2.7,3/2/2023 11:00,4.52,0.44,89.4,100,0,2014,2023,188,12,7,2,0,3
160,Daniel Sastre - Universidade de Santiago de Compostela,Google Scholar Profile,8,191,7,27.29,23.88,38.98,1.54,5.38,6,8,6,1.16,3,41.19,6.42,8.83,12.37,1.38,3/2/2023 10:59,5.56,0.43,99,100,2,2016,2022,191,7,6,3,0,4
161,"Sang-Hyun Chin, PhD - Post-doc Perovski in SKKU",Google Scholar Profile,8,198,5,39.6,24.75,32.87,1.33,6.13,4,8,5,0.67,3,90.47,9.51,15.02,13.38,0.79,3/2/2023 10:58,6.57,0.6,98.5,100,2,2018,2022,198,5,3,3,2,3
162,Bea Botka - Wigner Research Centre for Physics,Google Scholar Profile,28,197,14,14.07,7.04,33.44,5.92,5.75,7,13,6,1.09,4,30.02,5.48,5.63,10.49,2.66,3/2/2023 10:57,2.38,0.29,80.7,95.4,0,2009,2022,197,13,5,1,0,2
163,Harshita Bhatia - KU Leuven,Google Scholar Profile,9,201,9,22.33,22.33,34.46,1.96,5.11,4,9,4,0.7,3,38.11,6.17,6.88,13.3,1.48,3/2/2023 10:56,3.82,0.33,96,100,1,2014,2023,201,6,4,2,0,3
164,ANIL REDDY PININTI - PhD Student,Google Scholar Profile,10,202,8,25.25,20.2,30.57,1.61,6.3,6,10,6,0.95,3,32.89,5.73,5.06,12.17,1.61,3/2/2023 10:55,3.82,0.38,91.1,100,1,2015,2021,202,9,5,2,0,3
165,Lukas E. Lehner - Johannes Kepler University,Google Scholar Profile,3,205,3,68.33,68.33,29.29,0.43,7,2,3,2,0.29,2,81,9,11.57,14.18,0.29,3/2/2023 10:54,9.76,0.67,100,100,2,2020,2022,205,2,2,2,1,2
166,"Dr. B S MADHUKAR - Assistant Professor, Department of Chemistry, JSS STU",Google Scholar Profile,31,206,10,20.6,6.65,51.2,8.89,3.97,8,13,9,2,4,54.2,7.36,13.13,9.75,3.42,3/2/2023 10:53,5.12,0.4,77.2,89.8,0,2013,2023,206,13,11,4,0,4
167,"Drew B. Riley - PhD Student, Swansea University, Wales",Google Scholar Profile,24,206,7,29.43,8.58,32.22,5.4,6.17,7,14,7,1.11,4,56.49,7.52,9.14,12.17,1.4,3/2/2023 10:52,4.6,0.57,95.6,100,2,2016,2023,206,9,7,6,0,5
168,"Eric Osei-Agyemang, (Ph.D) - MDI Distinguished Fellow, Research Foundation of New York, SUNY at Buffalo",Google Scholar Profile,17,211,9,23.44,12.41,66.3,5.67,4.12,9,14,9,2.31,5,54.05,7.35,16.95,10.72,3.58,3/2/2023 10:51,7.36,0.56,92.9,100,2,2014,2022,211,12,11,2,0,4
169,"Manish Kumar - Postdoctoral Fellow, Institut für Physik, Humboldt-Universität zu Berlin",Google Scholar Profile,24,212,5,42.4,8.83,44.97,6.24,4.42,9,14,10,1.8,3,85.72,9.26,18.35,9.33,3.79,3/2/2023 10:50,8.99,0.6,79.2,94.3,1,2018,2022,212,17,13,7,1,5
170,Ivan Guilhon Mitoso Rocha - Instituto Tecnológico de Aeronáutica,Google Scholar Profile,27,216,9,24,8,45.7,9.65,3.93,9,14,9,1.93,4,46.38,6.81,9.93,11,2.19,3/2/2023 10:49,5.07,0.44,93.5,99.5,0,2014,2023,216,13,9,3,0,4
171,Angus Mathieson - University of Cambridge,Google Scholar Profile,11,221,3,73.67,20.09,33.79,3.04,5.45,5,11,6,0.74,3,92.33,9.61,14.01,13.89,1.08,3/2/2023 10:48,11.26,1,98.6,100,3,2020,2022,221,7,6,4,3,5
172,"Shelby Cuthriell - Northwestern University, University of Virginia",Google Scholar Profile,13,222,5,44.4,17.08,29.1,1.84,7.23,8,13,9,1.08,3,84.77,9.21,11.12,12.17,1.37,3/2/2023 10:47,5.82,0.6,95.5,100,4,2018,2022,222,10,9,5,2,5
173,Kevin Kuan I Ho - University of Washington,Google Scholar Profile,19,223,8,27.88,11.74,34.78,3.9,6.47,8,14,10,1.07,3,92.67,9.63,14.89,11.27,1.99,3/2/2023 10:46,4.34,0.38,85.7,97.8,3,2015,2022,223,14,11,4,2,4
174,Vignaswaran V - R&D Scientist at Vesuvius,Google Scholar Profile,22,225,9,25,10.23,51.1,6.18,4.77,7,14,8,1.36,4,88.85,9.43,18.62,12.17,2.96,3/2/2023 10:45,5.67,0.44,87.6,99.1,3,2014,2022,225,12,8,6,1,5
175,Thomas Kasel - GE University of Oregon,Google Scholar Profile,7,225,5,45,32.14,40.19,2.8,3.86,4,7,4,0.73,3,70.42,8.39,12.39,14.32,1.31,3/2/2023 10:44,8.03,0.6,98.2,100,1,2018,2020,225,5,3,2,1,2
176,Feng Jiang - Nanyang Technological University,Google Scholar Profile,13,226,6,37.67,17.38,26.12,1.88,8.38,7,13,9,0.74,3,93.92,9.69,11.64,12.57,1.75,3/2/2023 10:43,4.35,0.5,91.6,100,3,2017,2022,226,12,10,5,1,5
177,shuai ruan - University of Hong Kong,Google Scholar Profile,11,226,8,28.25,20.55,43.68,3,5.09,7,11,7,1.44,5,51.45,7.17,9.62,12.96,1.85,3/2/2023 10:42,5.46,0.63,96,100,3,2015,2020,226,8,6,3,0,4
178,Xin Xu - Jinan University institute of science and technology,Google Scholar Profile,14,227,5,45.4,16.21,22.7,1.4,10,7,14,8,0.7,3,75.47,8.69,7.55,12.69,1,3/2/2023 10:41,4.54,0.6,92.5,100,4,2018,2023,227,11,8,6,0,5
179,Calum McDonald - AIST,Google Scholar Profile,23,231,7,33,10.04,32.44,4.64,6,7,15,7,1.02,3,42.57,6.52,5.99,13.04,1.62,3/2/2023 10:40,4.63,0.43,94.8,100,1,2016,2022,231,9,7,2,0,4
180,"Hongbo Zhang - Research Scientist, Anyon Technologies",Google Scholar Profile,16,232,9,25.78,14.5,25.48,1.77,9.31,10,15,10,1.06,3,62.92,7.93,6.64,10.82,1.42,3/2/2023 10:39,2.83,0.33,93.5,99.6,1,2014,2022,232,15,11,5,0,5
181,Santiago Suárez-Vázquez - Universidad Autonoma de Nuevo Leon,Google Scholar Profile,37,232,13,17.85,6.27,54.83,11.37,3.95,9,14,9,2.03,4,67.75,8.23,15.43,9.95,3.25,3/2/2023 10:38,4.21,0.31,77.6,89.7,1,2010,2022,232,19,12,5,0,5
182,Hamid Pashaei Adl - Instituto de Ciencias de los Materiales de la Universidad de Valencia,Google Scholar Profile,39,235,11,21.36,6.03,48.16,12.58,4.31,9,15,8,1.76,3,61.97,7.87,11.74,11.49,2.69,3/2/2023 10:37,4.37,0.27,90.6,98.7,1,2012,2023,235,12,10,6,0,6
183,Samia Kausar - University of Gujrat,Google Scholar Profile,30,234,6,39,7.8,35.09,4.92,6.53,9,14,12,1.29,3,81.83,9.05,11.84,9.75,2.73,3/2/2023 10:36,5.84,0.5,75.2,89.7,1,2017,2023,234,20,17,6,0,5
184,"Rajib Saha - Institute Postdoctoral Fellow, Indian Institute of Technology Bombay",Google Scholar Profile,33,234,8,29.25,7.09,42.6,6.65,5.36,8,14,9,1.36,3,68.55,8.28,13,10.15,3.55,3/2/2023 10:35,5.32,0.38,71.4,87.6,1,2015,2023,234,21,13,4,0,4
185,Blaire Aria Sorenson - Johns Hopkins University,Google Scholar Profile,12,236,16,14.75,19.67,37.44,3.92,4.67,5,12,5,0.86,2,42.22,6.5,6.84,14.25,1.26,3/2/2023 10:34,2.34,0.13,96.6,100,2,2007,2022,236,5,5,2,0,3
186,"Kunal Datta - Postdoctoral Researcher, Georgia Institute of Technology",Google Scholar Profile,21,240,4,60,11.43,42.68,4.45,5.86,8,15,10,1.31,3,102.33,10.12,17.98,12.92,1.72,3/2/2023 10:33,10.67,0.75,96.3,100,4,2019,2023,240,10,10,9,1,7
187,Arim Seong - Imperial College London,Google Scholar Profile,16,241,5,48.2,15.06,29.55,2,8.25,9,15,12,1.08,3,106.77,10.33,13.27,11.75,1.52,3/2/2023 10:32,5.91,0.6,90.9,100,3,2018,2022,241,12,12,11,0,7
188,Lev E. Zelenkov - ITMO University,Google Scholar Profile,43,248,15,16.53,5.77,46.96,8.41,5.51,9,14,10,1.56,4,76.99,8.77,13.09,10.05,3.22,3/2/2023 10:31,3.13,0.27,73.4,88.3,3,2008,2023,248,16,12,6,0,5
189,"Dr.G.Rajkumar - Professor, Dept. of Physics, Easwari Engineering College",Google Scholar Profile,32,247,15,16.47,7.72,59.42,9.88,4,11,15,10,2.52,4,64.78,8.05,13.58,9.43,3.75,3/2/2023 10:30,3.96,0.27,85,95.1,1,2008,2023,247,17,12,5,0,5
190,Miguel Albaladejo-Siguan - TU Dresden,Google Scholar Profile,12,248,4,62,20.67,38.52,2.11,5.83,5,12,8,0.81,3,115.75,10.76,17.95,14.49,1.3,3/2/2023 10:29,9.63,0.75,94.8,100,3,2019,2023,248,9,8,6,1,5
191,Melissa M. McCarthy - University of Oxford,Google Scholar Profile,14,248,7,35.43,17.71,39.79,2.97,6.21,7,14,6,1.07,3,71.75,8.47,11.54,13.78,1.52,3/2/2023 10:28,5.68,0.43,96.4,100,2,2016,2023,248,8,6,4,1,4
192,Melissa M. McCarthy - University of Oxford,Google Scholar Profile,14,248,7,35.43,17.71,39.79,2.97,6.21,7,14,6,1.07,3,71.75,8.47,11.54,13.78,1.52,3/2/2023 10:27,5.68,0.43,96.4,100,2,2016,2023,248,8,6,4,1,4
193,Sercan Ozen - İzmir Institute of Technology,Google Scholar Profile,13,253,4,63.25,19.46,44.68,4.29,4.46,7,13,8,1.26,3,76.33,8.74,13.43,13.71,1.84,3/2/2023 10:25,11.17,0.75,93.7,100,2,2019,2021,253,9,8,3,1,3
194,Matheus de Holanda - Ph.D,Google Scholar Profile,13,252,13,19.38,19.38,42.86,3.46,5.08,7,13,7,1.2,5,63.52,7.97,10.72,14.25,1.21,3/2/2023 10:24,3.29,0.38,100,100,2,2010,2021,252,7,7,5,0,5
195,"Hyojung Kim - Research Professor, Sungkyunkwan University",Google Scholar Profile,24,253,7,36.14,10.54,38.4,3.75,7.17,8,15,11,1.1,3,73.77,8.59,10.63,12.25,2.51,3/2/2023 10:23,5.48,0.43,84.6,97.2,1,2016,2023,253,19,13,5,0,5
196,Samuele Martani - Istituto Italiano di Tecnologia,Google Scholar Profile,7,254,4,63.5,36.29,36.33,1.88,6,4,7,5,0.57,2,74.92,8.66,10.75,15.36,0.74,3/2/2023 10:22,9.08,0.5,99.2,100,2,2019,2022,254,5,4,3,2,3
197,Denilson de Vasconcelos Freitas - Centro de Tecnologias Estratégicas do Nordeste - CETENE,Google Scholar Profile,21,254,10,25.4,12.1,42.08,3.71,5.86,9,15,9,1.42,4,54.28,7.37,8.88,11.49,2.51,3/2/2023 10:21,4.2,0.4,83.9,98.4,0,2013,2022,254,14,12,4,0,4
198,"Catalina Andreea Stanciu Vasilescu - National Institute for Laser, Plasma and Radiation Physics",Google Scholar Profile,15,257,11,23.36,17.13,43.01,3.2,5.6,6,15,6,0.95,4,31.33,5.6,5.27,14.07,2.18,3/2/2023 10:20,3.91,0.36,91.1,100,0,2012,2021,257,7,4,2,0,4
199,Manas Kumar Sarangi - Indian Institute of Technology Patna,Google Scholar Profile,35,259,12,21.58,7.4,69.99,8.46,4.89,9,15,10,1.98,5,50.27,7.09,10.94,10.2,4.15,3/2/2023 10:18,5.83,0.42,71.4,90.7,0,2011,2023,259,19,12,1,0,4
200,Georgios E. Arnaoutakis - Hellenic Mediterranean University‎,Google Scholar Profile,34,259,11,23.55,7.62,64.5,11.49,4.03,9,15,11,1.72,4,70.99,8.43,19.94,11.05,3.79,3/2/2023 10:17,5.86,0.36,78.4,93.1,1,2012,2023,259,16,14,4,0,5
201,Waldemar Kaiser - Postdoc @ CLHYO Perugia (CNR-SCITEC),Google Scholar Profile,42,264,7,37.71,6.29,69.18,10.79,4.67,10,15,12,2.63,4,93.83,9.69,22.51,10,3.99,3/2/2023 10:16,9.88,0.57,75.8,88.6,2,2016,2023,264,23,16,7,0,6
202,"Ziliang Li - Postdoctoral Associate, University of Colorado Boulder",Google Scholar Profile,9,270,6,45,30,31.22,1.03,8.89,7,9,7,0.79,4,120.67,10.98,13.15,14.8,0.93,3/2/2023 10:15,5.2,0.67,99.3,100,5,2017,2022,270,8,7,7,1,6
203,Arkajyoti Chakrabarty - Unknown affiliation,Google Scholar Profile,12,272,12,22.67,22.67,90.62,3.85,4.5,7,12,7,1.75,5,32.93,5.74,10.02,14.83,2.35,3/2/2023 10:14,7.55,0.42,98.9,100,0,2011,2020,272,8,7,2,0,4
204,"Marwan Y. Rezk - MSc. of Nanotechnology, The American University in Cairo",Google Scholar Profile,9,275,6,45.83,30.56,95.45,3.32,3.89,7,9,7,1.63,5,71.17,8.44,24.32,14.97,2.07,3/2/2023 10:13,15.9,0.83,99.3,100,2,2017,2020,275,7,7,7,1,5
205,John M. Howard - University of Maryland - College Park,Google Scholar Profile,30,277,9,30.78,9.23,60.99,7,5.23,8,16,8,1.6,5,67.73,8.23,14.8,12.88,2.9,3/2/2023 10:12,6.77,0.56,83,98.9,2,2014,2022,277,13,8,5,0,5
206,"Bipul Rakshit - Institute of Physics, Bhubaneswar",Google Scholar Profile,21,279,17,16.41,13.29,83.13,6.83,4.1,10,16,7,2.17,5,35.56,5.96,8.66,12.57,3.42,3/2/2023 10:11,4.89,0.29,92.5,100,0,2006,2020,279,9,7,2,0,4
207,"Ruiquan Yang - University of Florida, Department of Chemical Engineering",Google Scholar Profile,12,281,11,25.55,23.42,70.19,3.2,4.25,5,12,6,1.14,5,47.17,6.87,12.19,15.59,1.91,3/2/2023 10:10,6.38,0.45,95.4,100,1,2012,2022,281,7,6,4,0,5
208,Dr. K. Mariselvam - Unknown affiliation,Google Scholar Profile,22,282,7,40.29,12.82,124,10.92,2.23,11,16,13,4.84,8,88.62,9.41,42.05,11.05,6.33,3/2/2023 10:09,17.71,1.14,86.2,97.2,0,2016,2022,282,17,17,8,0,6
209,"Bin Wang - UC San Diego, UC Davis, Fudan University",Google Scholar Profile,10,284,8,35.5,28.4,71.33,3.73,3.8,8,10,8,1.83,6,72.67,8.52,18.56,14.83,2.23,3/2/2023 10:08,8.91,0.75,100,100,2,2015,2021,284,8,8,5,1,5
210,"Sandra P Gonzalez Lopez - PhD Candidate, King Abdullah University of Science and Technology",Google Scholar Profile,4,291,4,72.75,72.75,36.38,0.56,7.25,2,4,2,0.25,2,97,9.85,12.13,16.94,0.25,3/2/2023 10:07,9.09,0.5,100,100,1,2019,2022,291,2,2,2,1,2
211,Saad Tariq - University of Central Punjab,Google Scholar Profile,29,291,8,36.38,10.03,60.73,6.63,4.93,10,16,9,1.75,4,57.23,7.56,11.37,12.21,3.1,3/2/2023 10:06,7.59,0.5,85.6,96.6,0,2015,2023,291,17,12,3,0,4
212,Hwa Seob Choi - National University of Singapore,Google Scholar Profile,8,293,13,22.54,36.63,36.88,1.26,7.25,7,8,6,0.91,4,87.08,9.33,10.13,15.46,1.26,3/2/2023 10:05,2.83,0.31,98.3,100,4,2010,2022,293,7,6,4,3,4
213,Feray Ünlü - Ph.D.,Google Scholar Profile,19,295,3,98.33,15.53,39,3.52,7.05,8,17,11,1,3,128.17,11.32,17.08,14.28,1.62,3/2/2023 10:04,13,1,90.8,100,3,2020,2022,295,13,12,9,2,7
214,Johan Alexander Cortes Suarez - Universidade Federal de Integração Latino-Americana (UNILA),Google Scholar Profile,15,298,8,37.25,19.87,49.62,2.49,6.13,10,15,8,1.67,4,75.13,8.67,12.79,13.56,2.18,3/2/2023 10:03,6.2,0.5,95.3,100,3,2015,2021,298,12,10,6,0,6
215,Akash V Fulari - Dongguk University,Google Scholar Profile,24,305,5,61,12.71,56.22,4.19,6.25,11,17,12,1.81,4,111.8,10.57,20.98,11.49,2.98,3/2/2023 10:02,11.24,0.8,83,97.7,3,2018,2023,305,19,17,11,0,6
216,"Dr. Muhammad Junaid - Assistant Professor of Physics, The Islamia University of Bahawalpur",Google Scholar Profile,18,309,7,44.14,17.17,47.85,2.77,6.72,8,17,11,1.23,5,84.07,9.17,12.81,14.63,1.96,3/2/2023 10:01,6.83,0.71,90,100,1,2016,2022,309,16,14,10,0,6
217,"Xi Zhang - Postdoc, King Abdullah University of Science and Technology (KAUST)",Google Scholar Profile,8,312,8,39,39,50.64,1.4,6.38,7,8,8,1.11,5,57.45,7.58,9.82,16.03,1.4,3/2/2023 10:00,6.33,0.63,98.1,100,2,2015,2022,312,8,8,4,0,5
218,gloria zanotti - CNR - Istituto di Struttura della Materia,Google Scholar Profile,31,314,15,20.93,10.13,50.02,5.79,6.29,12,17,8,1.85,4,51.2,7.16,8.25,10.1,3.19,3/2/2023 9:59,3.33,0.27,78.3,92,0,2008,2023,314,18,10,2,0,4
219,Patrick Price - Sandia National Laboratories,Google Scholar Profile,55,315,48,6.56,5.73,62.44,11.14,5.91,12,17,9,2.03,4,62.91,7.93,10.66,11.79,3.36,3/2/2023 9:58,1.3,0.08,89.8,99.7,2,1975,2023,315,11,11,4,0,5
220,Sanam Attique - PhD Zhejiang University Hangzhou China,Google Scholar Profile,30,319,5,63.8,10.63,36.9,3.89,8.3,11,17,14,1.22,4,125.32,11.19,14.63,12,2.24,3/2/2023 9:57,7.38,0.8,83.1,97.2,4,2018,2022,319,21,18,13,0,7
221,Michael Ng - Postdoctoral Researcher GNS Science,Google Scholar Profile,14,335,6,55.83,23.93,78.72,4.59,5,6,14,8,1,3,84.67,9.2,19.08,17.06,1.64,3/2/2023 9:56,13.12,0.5,97.6,100,3,2017,2022,335,8,8,4,1,5
222,Julie Euvrard - Imperial College London,Google Scholar Profile,15,338,7,48.29,22.53,88.02,4.61,4.33,8,15,9,1.6,5,119.41,10.93,33.15,15.84,2.35,3/2/2023 9:55,12.57,0.71,93.2,100,3,2016,2022,338,14,10,6,1,5
223,"James C. Sadighian - Postdoctoral Scholar, University of Washington",Google Scholar Profile,11,340,6,56.67,30.91,54.61,3.49,4.27,6,11,6,1.33,3,158.33,12.58,25.01,17.44,1.62,3/2/2023 9:54,9.1,0.5,100,100,1,2017,2023,340,6,5,1,1,3
224,"Timothy D. Siegler - ORISE Scholar, Solar Energy Technologies Office, DOE",Google Scholar Profile,17,342,9,38,20.12,56.65,3.81,5.82,10,17,11,1.69,4,102.26,10.11,16.44,14.83,2.31,3/2/2023 9:53,6.29,0.44,93.6,100,3,2014,2022,342,13,11,6,1,6
225,"pooneh saadatkia - PhD candidate, Center for Photochemical Sciences at Bowling Green Sate University",Google Scholar Profile,30,343,12,28.58,11.43,86.68,7.69,4.8,10,18,9,2,4,49.69,7.05,11.16,14.21,3.28,3/2/2023 9:52,7.22,0.33,88,100,0,2011,2021,343,15,10,3,0,4
226,"Tara Nietzold - Metrology Scientist, Energy Materials Corporation",Google Scholar Profile,30,346,7,49.43,11.53,51.23,5.39,6.53,11,18,11,1.59,4,80.86,8.99,12.63,13.27,2.58,3/2/2023 9:51,7.31,0.57,85.8,98.6,2,2016,2023,346,17,12,7,0,6
227,Eric Gros d'Aillon - CEA-Leti,Google Scholar Profile,48,346,20,17.3,7.21,80.23,15.06,4.56,10,17,6,1.79,5,43.39,6.59,8.68,11.83,4.98,3/2/2023 9:50,4.01,0.25,69.4,85.5,1,2003,2022,346,12,5,2,0,4
228,Pavel Linkov - Reasercher Moscow Engineering Physics Institute,Google Scholar Profile,34,349,10,34.9,10.26,71.7,7.38,5.26,10,18,8,1.85,4,48.49,6.96,9.8,13.71,3.48,3/2/2023 9:49,7.17,0.4,82.5,96,0,2013,2022,349,14,9,3,0,4
229,Erjin Zheng - University of Washington,Google Scholar Profile,15,351,7,50.14,23.4,70.6,3,5.4,11,15,12,1.86,5,75.16,8.67,14.77,14.53,2.5,3/2/2023 9:48,10.08,0.71,94.6,100,2,2016,2020,351,13,13,5,0,5
230,Mai Phi-Hung - Postdoc,Google Scholar Profile,23,353,10,35.3,15.35,74.39,4.89,4.96,10,18,8,1.96,5,43.94,6.63,9.31,14.59,2.89,3/2/2023 9:47,7.43,0.5,88.7,99.7,0,2013,2018,353,12,8,3,0,4
231,arjan langen - Senior Process engineer,Google Scholar Profile,11,355,13,27.31,32.27,60.4,2.1,5.64,4,11,5,0.64,3,42.04,6.48,7.02,18.28,0.96,3/2/2023 9:46,4.64,0.23,98.6,100,2,2010,2021,355,5,5,3,0,4
232,Vincent Obiozo Eze - FAMU-FSU College of Engineering,Google Scholar Profile,40,363,8,45.38,9.08,99.46,13.09,3.78,12,18,13,2.53,5,94.46,9.72,23.16,13.08,4.03,3/2/2023 9:45,12.43,0.63,86.8,97.5,0,2015,2023,363,21,15,11,0,6
233,Qilin Zhou - National University of Singapore,Google Scholar Profile,4,371,3,123.67,92.75,38.68,0.42,9.5,4,4,4,0.42,4,221,14.87,23.42,18.84,0.42,3/2/2023 9:44,12.89,1.33,100,100,4,2020,2022,371,4,4,4,4,4
234,Ishtihadah Islam - Jamia Millia Islamia,Google Scholar Profile,27,372,7,53.14,13.78,70.9,4.98,5.81,11,19,12,1.95,5,94.01,9.7,18.02,14.04,2.98,3/2/2023 9:43,10.12,0.71,85.5,99.5,2,2016,2023,372,18,16,8,0,6
235,Zicong Marvin WONG - A*STAR's Institute of High Performance Computing,Google Scholar Profile,36,374,11,34,10.39,55.31,6.77,6.56,10,19,12,1.43,3,104.25,10.21,15.65,14.28,3.11,3/2/2023 9:42,5.02,0.27,81.3,96.5,2,2012,2023,374,24,17,5,1,5
236,Zafar Iqbal - PhD student at Helmholtz-Zentrum Berlin für Materialien und Energie,Google Scholar Profile,25,375,9,41.67,15,104.84,5.25,5.92,10,19,10,1.64,5,164.71,12.83,32.48,14.8,3.75,3/2/2023 9:41,11.64,0.56,85.1,98.7,3,2014,2022,375,17,14,6,3,6
237,fahmeeda kausar - Post-doctorate at shenzhen universsity,Google Scholar Profile,18,376,6,62.67,20.89,54.35,3.26,6,7,18,8,1,4,127.2,11.28,18.77,17.78,1.47,3/2/2023 9:40,9.05,0.67,97.1,100,5,2017,2023,376,9,9,6,3,6
238,"Tian Qiu - Postdoc, University of Pennsylvania",Google Scholar Profile,18,382,5,76.4,21.22,66.54,4.84,4.89,7,18,7,1.26,4,101.13,10.06,17.66,18.17,1.68,3/2/2023 9:39,13.3,0.8,99.2,100,2,2018,2023,382,8,7,3,1,5
239,xiaole zhao - University of Science and Technology of China,Google Scholar Profile,16,383,8,47.88,23.94,71.06,3.07,5.75,11,16,10,1.89,5,87.85,9.37,15.52,15.43,2.96,3/2/2023 9:38,8.88,0.63,93.7,100,3,2015,2023,383,13,11,6,0,6
240,"Nikolaos Droseros - GMP SA, General Microtechnology and Photonics",Google Scholar Profile,16,389,8,48.63,24.31,65.55,3.9,5.56,10,16,10,1.69,5,93.23,9.66,15.61,16.79,1.97,3/2/2023 9:36,8.19,0.63,98.2,100,3,2015,2020,389,10,10,6,2,5
241,"Taimoor Ahmad - Research Specialist, Materials Sci. &Eng., King Abdullah University of Science and Technology",Google Scholar Profile,16,393,8,49.13,24.56,53.86,3.18,6.75,7,16,8,0.96,4,94.54,9.72,13.57,18.11,1.74,3/2/2023 9:35,6.73,0.5,95.9,100,3,2015,2022,393,10,9,5,2,5
242,Praveen CS - International School of Photonics,Google Scholar Profile,24,396,12,33,16.5,86.12,5.73,5,12,19,12,2.36,6,81.18,9.01,17.77,13.53,4.89,3/2/2023 9:34,7.17,0.5,82.6,96.2,0,2011,2022,396,20,16,6,0,6
243,"Richard Parmee - Researcher, University of Cambridge",Google Scholar Profile,23,409,44,9.3,17.78,134.33,12.84,3.57,8,20,7,1.73,5,68.27,8.26,21.59,17.55,4.48,3/2/2023 9:33,3.05,0.11,91,100,3,1979,2022,409,8,6,5,0,5
244,"Martin Bonderup Østergaard - Assistant Professor, Aalborg University",Google Scholar Profile,39,410,9,45.56,10.51,76.86,9.02,4.95,13,20,14,2.28,5,101.23,10.06,19.35,14.46,3.24,3/2/2023 9:32,8.54,0.56,92.2,99.3,1,2014,2023,410,18,16,10,0,6
245,Huanyu Zhou - Seoul National University,Google Scholar Profile,22,412,9,45.78,18.73,68.84,4.99,6.18,7,20,7,1.14,4,131.07,11.45,18.67,18.22,2.72,3/2/2023 9:31,7.64,0.44,92.5,100,3,2014,2023,412,9,7,6,2,6
246,"Steven Letourneau, PhD - ASM",Google Scholar Profile,45,412,14,29.43,9.16,62.91,13.05,5.07,11,20,8,1.68,5,94.52,9.72,13.79,15.62,2.98,3/2/2023 9:30,4.49,0.36,88.6,98.5,2,2009,2023,412,16,9,5,1,5
247,Enrico Angioni - Senior formulation chemist at Helio Display Materials,Google Scholar Profile,36,414,9,46,11.5,61.89,13.86,4.17,8,20,8,1.16,4,69.1,8.31,10.8,18.38,1.56,3/2/2023 9:29,6.87,0.44,97.1,100,3,2014,2022,414,9,8,4,1,4
248,Alberto García‐Fernández - KTH-Royal Institute of Technology,Google Scholar Profile,35,416,9,46.22,11.89,92.09,8.96,4.69,11,20,12,2.37,7,147.99,12.16,29.4,15.81,3.69,3/2/2023 9:28,10.23,0.78,89.2,99.8,3,2014,2023,416,19,15,9,1,7
249,Vipinraj Sugathan - PhD MEMS IIT Bombay,Google Scholar Profile,12,418,10,41.8,34.83,130.11,3.74,4.17,3,12,3,0.6,2,58.03,7.62,17.35,20.15,0.93,3/2/2023 9:27,13.01,0.2,99.3,100,2,2013,2023,418,3,2,2,1,2
250,Amreen A. Hussain - Institute for Plasma Research,Google Scholar Profile,19,419,11,38.09,22.05,136.19,7.26,3.53,10,19,9,2.56,7,70.76,8.41,26.79,16.88,4.59,3/2/2023 9:26,12.38,0.64,91.9,100,2,2012,2022,419,14,9,5,0,5
251,"Valentino Romano - Politecnico of Milano, Physics Department",Google Scholar Profile,19,421,6,70.17,22.16,64.77,3.34,5.95,9,19,11,1.42,5,153.18,12.38,24.88,17.32,2.66,3/2/2023 9:25,10.79,0.83,90.5,100,5,2017,2022,421,15,13,10,3,8
252,Otto Emiliano Gonzalez Vazquez - Istituto di struttura della materia (ISM - CNR),Google Scholar Profile,6,424,14,30.29,70.67,119.58,2.42,3.5,4,6,4,1,4,39.45,6.28,10.42,20.2,1.17,3/2/2023 9:24,8.54,0.29,100,100,1,2009,2018,424,4,4,3,1,4
253,Dr.-Ing. Christof Schultz - University of Applied Sciences,Google Scholar Profile,53,429,12,35.75,8.09,59.94,12.3,6.42,11,19,9,1.46,4,122.13,11.05,16.59,14.28,3.39,3/2/2023 9:23,4.99,0.33,75.8,91.4,2,2011,2022,429,20,10,4,2,4
254,Emilio Gutierrez-Partida - University of Potsdam,Google Scholar Profile,16,430,3,143.33,26.88,71.88,2.83,5.94,9,16,10,1.53,5,212.33,14.57,35.29,18.52,1.7,3/2/2023 9:22,23.96,1.67,98.6,100,9,2020,2023,430,11,10,10,6,9
255,"Deidra Hodges - ECE Chair, Associate Professor of Electrical and Computer Engineering",Google Scholar Profile,71,436,15,29.07,6.14,88.71,29.1,4.66,10,19,9,1.82,5,68.36,8.27,12.51,15.13,4.22,3/2/2023 9:21,5.91,0.33,75.5,89.4,0,2008,2021,436,16,9,5,0,5
256,Edoardo Ruggeri - University of Cambridge,Google Scholar Profile,19,438,9,48.67,23.05,63.25,3.82,6.47,9,19,9,1.27,6,124.46,11.16,17.48,18.57,1.69,3/2/2023 9:20,7.02,0.67,97.3,100,6,2014,2022,438,11,10,8,1,7
257,Sascha Feldmann - Harvard University,Google Scholar Profile,41,443,6,73.83,10.8,70.04,7.21,6.46,11,21,12,1.7,4,173.72,13.18,27.54,16.88,2.61,3/2/2023 9:19,11.67,0.67,91.6,100,5,2017,2023,443,18,16,9,3,8
258,Jia Wei Melvin Lim - Nanyang Technological University,Google Scholar Profile,13,447,5,89.4,34.38,57.9,4.46,5.62,7,13,9,0.94,5,155.83,12.48,20.72,19.7,1.32,3/2/2023 9:18,11.58,1,97.8,100,5,2018,2022,447,9,9,7,2,6
259,Hamidreza Khassaf - Unknown affiliation,Google Scholar Profile,21,450,11,40.91,21.43,90.99,5.82,5.05,13,21,12,2.49,6,75.23,8.67,15,15.43,3.55,3/2/2023 9:17,8.27,0.55,90.4,100,0,2012,2021,450,18,15,4,0,5
260,"Johan Klarbring - IFM, Linköping University; Department of Materials, Imperial College London",Google Scholar Profile,24,460,7,65.71,19.17,109.15,7.19,4.92,11,21,11,1.98,6,137.09,11.71,30.12,17.12,4.23,3/2/2023 9:16,15.59,0.86,90,100,5,2016,2023,460,18,14,9,2,7
261,Sebastian Svanström - Uppsala Universitet,Google Scholar Profile,28,471,7,67.29,16.82,78.68,6.12,6,12,21,13,1.85,5,136,11.66,22.36,16.79,3.75,3/2/2023 9:15,11.24,0.71,90.4,99.8,4,2016,2022,471,19,19,10,1,7
262,Supriya Jambure - Lokhande - Springer Nature Technology and Publishing Solutions,Google Scholar Profile,13,472,10,47.2,36.31,152.9,3.45,4.77,10,13,7,2.27,5,56.34,7.51,17,19.1,3.12,3/2/2023 9:14,15.29,0.5,98.5,100,1,2013,2021,472,11,7,5,0,5
263,Bethan Charles - University of Cambridge,Google Scholar Profile,21,483,7,69,23,110.2,5.27,5,9,21,10,1.72,5,98.96,9.95,21.32,19.47,2.44,3/2/2023 9:13,15.74,0.71,95.2,100,5,2016,2021,483,12,12,7,0,6
264,Sean McMitchell - imec,Google Scholar Profile,49,495,19,26.05,10.1,78.77,10.4,6.22,11,21,12,1.66,4,98.12,9.91,15.04,15.39,3.98,3/2/2023 9:12,4.14,0.21,72.3,90.3,1,2004,2023,495,23,17,5,1,5
265,"Carmen Ortiz-Cervantes - Instituto de Química, Universidad Nacional Autónoma de México",Google Scholar Profile,10,503,11,45.73,50.3,179,3.25,3.2,7,10,7,2.33,6,85.62,9.25,29.16,21.31,2.42,3/2/2023 9:11,16.27,0.55,100,100,3,2012,2023,503,7,7,5,1,5
266,"Robert Tirawat - Staff Scientist, National Renewable Energy Laboratory",Google Scholar Profile,20,504,9,56,25.2,142.64,5.04,5.35,8,20,9,1.56,6,116.34,10.79,26.15,20.54,2.27,3/2/2023 9:10,15.84,0.67,96.4,100,3,2014,2022,504,11,9,5,2,5
267,"Inchan Yang, Ph.D. - Researcher",Google Scholar Profile,28,507,8,63.38,18.11,99.78,5.42,5.36,11,22,12,2.12,5,146.96,12.12,28.6,18.19,3.38,3/2/2023 9:09,12.47,0.63,89.2,99.6,6,2015,2023,507,22,17,11,2,8
268,"Dr. Banwari Lal Choudhary - Assistant Professor, Department of Physics, Banasthali Vidyapith",Google Scholar Profile,64,513,14,36.64,8.02,87.3,12.35,5.61,12,21,14,1.92,5,143.42,11.98,23.66,15.56,4.7,3/2/2023 9:08,6.23,0.36,75.2,89.9,4,2009,2023,513,26,22,12,0,7
269,"Abhoy Karmakar - University of Cambridge (Postdoc), University of Alberta (Ph.D.)",Google Scholar Profile,23,515,6,85.83,22.39,89.79,5.38,5.3,11,22,12,1.89,6,130.7,11.43,23.21,19.49,2.65,3/2/2023 9:07,14.96,1,97.3,100,5,2017,2023,515,14,13,9,1,7
270,"Manish Kumar - Postdoctoral Researcher, University of Turku, Finland",Google Scholar Profile,26,518,9,57.56,19.92,190.9,9.32,3.27,13,22,12,4.12,8,100.33,10.02,36.71,17.18,5.98,3/2/2023 9:06,21.21,0.89,89.6,99.8,2,2014,2022,518,19,15,6,1,5
271,Angelica Simbula - Research Fellow - Università degli Studi di Cagliari,Google Scholar Profile,30,526,9,58.44,17.53,74.69,4.25,7.2,8,22,10,1.1,5,97.69,9.88,13.67,21.1,1.93,3/2/2023 9:05,8.29,0.56,96.8,100,2,2014,2023,526,12,12,8,1,6
272,Devthade Vidyasagar - Unknown affiliation,Google Scholar Profile,45,531,5,106.2,11.8,115.94,8.66,5.82,12,22,15,2.53,6,159,12.61,34.7,16.16,4.9,3/2/2023 9:04,23.18,1.2,76.3,93.6,4,2018,2023,531,30,24,13,1,7
273,Lekha Peedikakkandy - Indian Institute of Technology Bombay (IITB),Google Scholar Profile,13,536,12,44.67,41.23,149.59,3.71,4.38,10,13,9,2.38,7,70.64,8.4,20.63,20.74,2.88,3/2/2023 9:03,12.46,0.58,98.9,100,3,2011,2022,536,12,10,4,0,4
274,Rebecca Scheidt - National Renewable Energy Laboratory,Google Scholar Profile,21,534,6,89,25.43,134.31,5.54,4.52,10,21,11,2.38,8,151.9,12.32,33.45,20.42,3.06,3/2/2023 9:02,22.38,1.33,96.8,100,5,2017,2022,534,13,12,10,1,8
275,"Lukas Wagner - University of Marburg, Solar Energy Conversion Lab",Google Scholar Profile,47,545,8,68.13,11.6,89.8,9.62,6,14,23,16,2.23,5,234.96,15.33,36.39,16.16,3.8,3/2/2023 9:01,11.22,0.63,83.9,98.5,8,2015,2023,545,26,22,16,4,9
276,Junke Wang - Postdoc at the Eindhoven University of Technology,Google Scholar Profile,19,545,7,77.86,28.68,83,3.22,6.37,12,19,14,1.78,5,156.91,12.53,24.59,19.36,2.66,3/2/2023 9:00,11.85,0.71,95.2,100,5,2016,2023,545,17,16,12,2,8
277,"Gonzalo del Pozo - Investigador Post doctoral, Universidad Rey Juan Carlos",Google Scholar Profile,38,547,20,27.35,14.39,115.93,8.85,4.89,14,23,12,2.65,6,79.84,8.94,16,16.4,4.45,3/2/2023 8:59,5.79,0.3,85,98.9,0,2003,2022,547,20,15,6,0,5
278,Dovletgeldi Seyitliyev - PhD in Physics,Google Scholar Profile,38,548,7,78.29,14.42,74.28,8.08,6.82,12,23,12,1.58,4,176.45,13.28,23.27,19.72,1.75,3/2/2023 8:58,10.61,0.57,97.3,100,7,2016,2023,548,14,13,11,3,8
279,GAO Wei - Hong Kong Polytechnic University,Google Scholar Profile,28,552,8,69,19.71,83.18,4.19,7.71,14,23,18,1.85,5,182.78,13.52,28.4,16.67,3.25,3/2/2023 8:57,10.39,0.63,85.9,98.9,5,2015,2022,552,27,24,17,1,8
280,Leonardo R. V. Buizza - Energy Transitions Commission/SYSTEMIQ,Google Scholar Profile,20,550,4,137.5,27.5,90.35,4.11,6.4,11,20,12,1.68,6,222.67,14.92,38.27,20.42,2.24,3/2/2023 8:56,22.58,1.5,97.8,100,11,2019,2022,550,13,13,12,5,11
281,Nasir Ali - Zhejiang University,Google Scholar Profile,49,563,9,62.56,11.49,75.46,8.1,7.41,15,22,20,1.84,4,221.2,14.87,30.62,13.19,3.72,3/2/2023 8:55,8.38,0.44,70.9,86,4,2014,2022,563,37,31,22,1,8
282,"Blake P. Finkenauer - First Solar, Purdue University",Google Scholar Profile,17,563,5,112.6,33.12,92.22,3.48,6.41,8,17,10,1,4,197.2,14.04,29.3,22.02,1.55,3/2/2023 8:53,18.44,0.8,97.5,100,7,2018,2023,563,12,11,9,4,8
283,Dominic Guggisberg - ETH Zürich,Google Scholar Profile,2,570,5,114,285,81.43,1.14,4,1,2,1,0.14,1,114,10.68,16.29,23.85,0.14,3/2/2023 8:52,16.28,0.2,100,100,1,2018,2022,570,1,1,1,1,1
284,Richard Swartwout - MIT,Google Scholar Profile,15,580,10,58,38.67,104.81,4.46,5.2,6,15,6,0.95,4,135,11.62,25.02,23.19,1.22,3/2/2023 8:51,10.48,0.4,99,100,3,2013,2023,580,6,6,5,2,5
285,"Ramesh Ghosh - University of Glasgow, James Watt School of Engineering",Google Scholar Profile,24,582,9,64.67,24.25,177.5,8.33,3.75,14,24,12,3.38,8,115.97,10.77,30.99,19.36,4.47,3/2/2023 8:50,19.72,0.89,98.1,100,3,2014,2022,582,16,15,9,1,7
286,Sam Teale - Univeristy of Toronto,Google Scholar Profile,15,593,4,148.25,39.53,66.59,1.85,8.4,7,15,8,0.8,5,344.75,18.57,38.31,23,1.35,3/2/2023 8:49,16.64,1.25,97.5,100,7,2019,2023,593,11,10,8,6,7
287,"E Laine Wong - Postdoc, Istituto Italiano di Tecnologia",Google Scholar Profile,29,595,7,85,20.52,94.57,5.68,6,8,24,8,1.23,5,179.17,13.39,28.08,22.87,1.44,3/2/2023 8:48,13.51,0.71,98.7,100,5,2016,2021,595,9,8,6,3,6
288,Shaan Bibi Jaffri - Fatima Jinnah Women University,Google Scholar Profile,54,607,7,86.71,11.24,242.85,17.46,3.67,13,23,17,5.12,9,181.68,13.48,67.49,16.28,7.89,3/2/2023 8:47,34.69,1.29,71.5,88.3,4,2016,2023,607,38,28,14,0,8
289,"Daniel J Fairfield - PhD, Northwestern University",Google Scholar Profile,11,611,10,61.1,55.55,96.6,1.8,6.18,9,11,9,1.47,6,121.32,11.01,18.71,23.02,1.5,3/2/2023 8:46,9.66,0.6,100,100,4,2013,2020,611,9,9,6,2,6
290,Neda Neykova - Institute of Physics of the Czech Academy of Sciences,Google Scholar Profile,35,618,13,47.54,17.66,94.89,5.76,6.29,13,24,10,2.06,5,108.72,10.43,16.32,19.52,3.36,3/2/2023 8:45,7.29,0.38,89,99.5,1,2010,2023,618,20,11,4,1,4
291,Huifang GENG - Nankai University,Google Scholar Profile,25,624,10,62.4,24.96,84.92,5.82,5.84,9,24,10,1.21,5,103.19,10.16,14.03,22.29,2.71,3/2/2023 8:44,8.49,0.5,92.6,100,2,2013,2023,624,15,12,5,1,5
292,"Wim Geerts - Professor of Physics, Texas State University, San Marcos",Google Scholar Profile,166,631,36,17.53,3.8,142.57,49.8,4.37,11,20,7,2.02,4,52.78,7.26,11.96,15.1,5.92,3/2/2023 8:43,3.96,0.11,55.3,68.3,0,1987,2023,631,17,6,1,0,3
293,Havid Aqoma - Assistant Professor at Xiamen University Malaysia,Google Scholar Profile,15,644,9,71.56,42.93,110.2,2.47,7.13,14,15,13,1.92,6,123.4,11.11,21.47,21.07,2.47,3/2/2023 8:41,12.24,0.67,99.4,100,3,2014,2020,644,14,14,10,1,8
294,Ansuman Halder - Post Doc. Sungkyunkwan University,Google Scholar Profile,10,645,9,71.67,64.5,110.65,2.04,5.1,6,10,6,1.13,5,81.98,9.05,14.38,24.68,1.18,3/2/2023 8:40,12.29,0.56,100,100,3,2014,2022,645,6,6,5,1,5
295,Benny Febriansyah - Postdoctoral Researcher at National University of Singapore,Google Scholar Profile,41,647,6,107.83,15.78,104.55,7.28,6.59,15,24,17,2.37,6,229.15,15.14,35.78,16.88,3.97,3/2/2023 8:39,17.42,1,78.8,94.7,8,2017,2023,647,33,29,17,1,9
296,"Yifan Dong - National Renewable Energy Lab, Imperial College London",Google Scholar Profile,24,662,5,132.4,27.58,87.12,4.12,7.21,14,24,14,1.85,5,261.2,16.16,35.41,20.74,2.41,3/2/2023 8:38,17.42,1,94.6,100,8,2018,2022,662,19,17,14,3,9
297,"Yun Liu - Institute of High Performance Computing, Singapore",Google Scholar Profile,25,662,9,73.56,26.48,124.69,6.04,5.44,11,25,13,1.98,7,139.46,11.81,23.7,22.32,2.99,3/2/2023 8:37,13.85,0.78,93.5,100,5,2014,2022,662,18,15,8,2,7
298,Mathan K Eswaran - Post-Doctoral Fellow,Google Scholar Profile,34,664,9,73.78,19.53,125.89,7.47,5.56,15,25,12,2.62,6,314.27,17.73,47.36,18.44,4.84,3/2/2023 8:36,13.98,0.67,85.1,98.3,6,2014,2022,664,26,20,8,3,7
299,"Priyabrata Sadhukhan - Postdoctoal Researcher, Yonsei University",Google Scholar Profile,29,669,6,111.5,23.07,107.56,5.31,6.03,14,25,16,2.13,6,169.3,13.01,27.02,19.87,4.09,3/2/2023 8:35,17.92,1,88.3,100,6,2017,2023,669,24,21,11,2,8
300,"Ekaterina Tiguntseva, Екатерина Тигунцева - Unknown affiliation",Google Scholar Profile,27,691,6,115.17,25.59,118.24,5,5.59,10,26,10,1.72,6,162.85,12.76,28.09,23.79,2.49,3/2/2023 8:34,19.7,1,96.4,100,5,2017,2023,691,13,11,8,3,7
301,Chih-Chun Chung (Willy) - University of Hong Kong,Google Scholar Profile,15,693,10,69.3,46.2,137.2,2.7,6.2,11,15,11,1.78,7,120.59,10.98,21.09,23.75,2.13,3/2/2023 8:33,13.72,0.7,98.8,100,6,2013,2022,693,12,11,8,1,7
302,"Juliane Borchert - Group Leader Fraunhofer ISE, Group leader junior research group University Freiburg",Google Scholar Profile,24,705,9,78.33,29.38,110.38,5.44,6.08,11,24,12,1.64,6,187.18,13.68,28.46,24.06,1.82,3/2/2023 8:32,12.26,0.67,99.3,100,8,2014,2022,705,13,12,11,2,9
303,Milan Vrucinic - University of Cambridge,Google Scholar Profile,8,730,12,60.83,91.25,119.95,1.24,6.5,3,8,3,0.47,3,102.05,10.1,16.79,26.8,0.62,3/2/2023 8:31,9.99,0.25,99.6,100,1,2011,2016,730,3,2,2,1,2
304,Matthew J Crane - Colorado School of Mines,Google Scholar Profile,53,736,9,81.78,13.89,138.13,15.42,4.53,14,27,12,2.45,7,140.09,11.84,27.02,21.95,3.85,3/2/2023 8:30,15.34,0.78,92.1,100,4,2014,2022,736,21,20,9,1,8
305,"Mojca Otoničar - Researcher, Jožef Stefan Institute",Google Scholar Profile,55,749,16,46.81,13.62,157.16,13.2,5.55,15,27,15,2.56,6,138.84,11.78,27.04,19.87,4.87,3/2/2023 8:29,9.82,0.38,82.8,97.5,4,2007,2023,749,33,25,10,0,6
306,Narendra Pai - CSIRO,Google Scholar Profile,26,752,50,15.04,28.92,100.26,4.78,6.85,13,26,13,1.82,7,167.77,12.95,22.14,22.69,2.96,3/2/2023 8:28,2,0.14,91,100,7,1973,2022,752,22,17,9,2,8
307,Dr. Saripally Sudhaker Reddy - Monash University,Google Scholar Profile,32,753,13,57.92,23.53,107.75,4.53,7.34,14,27,17,1.96,7,168.42,12.98,23.09,20.74,3.89,3/2/2023 8:27,8.28,0.54,83.1,98.8,3,2010,2022,753,29,24,13,1,8
308,Akriti - Lam Research | Purdue University,Google Scholar Profile,15,761,5,152.2,50.73,106.24,2.62,6.73,9,15,10,1.31,5,231.2,15.21,31.93,25.73,1.9,3/2/2023 8:26,21.24,1,97.6,100,5,2018,2022,761,12,11,8,3,7
309,"Diego Esparza - Unidad Académica de Ingeniería Eléctrica, Universidad Autónoma de Zacatecas",Google Scholar Profile,47,767,13,59,16.32,139.86,11.02,4.98,17,27,16,2.95,7,140.69,11.86,25.51,19.82,4.89,3/2/2023 8:25,10.75,0.54,88.9,99.2,4,2010,2023,767,26,23,12,0,7
310,"Caleb Alexander - PhD, University of Texas at Austin",Google Scholar Profile,17,769,11,69.91,45.24,139.01,4.26,4.82,9,17,9,1.65,7,131.16,11.45,23.82,26.04,2.19,3/2/2023 8:24,12.63,0.64,98.7,100,5,2012,2020,769,10,10,7,2,7
311,"Nada Mrkyvkova - Institute of Physics, Slovak Academy of Sciences",Google Scholar Profile,51,773,17,45.47,15.16,114.12,10.95,6.14,14,27,12,2,6,95.91,9.79,14.09,21.52,3.49,3/2/2023 8:23,6.71,0.35,85.3,98.7,1,2006,2022,773,26,20,5,0,5
312,Mansoor Ani Najeeb Nellikkal - University of Southampton,Google Scholar Profile,50,774,17,45.53,15.48,145.49,11.98,5.58,13,27,13,2.19,6,181.68,13.48,31.92,21.4,4.46,3/2/2023 8:22,8.55,0.35,81,98.1,5,2006,2022,774,27,21,12,2,7
313,"Gábor Náfrádi - ISIS spallation neutron source, STFC Rutherford Appleton Laboratory",Google Scholar Profile,27,777,15,51.8,28.78,114.46,5.72,4.63,10,27,11,2.08,4,179.45,13.4,23.78,25.16,2.11,3/2/2023 8:21,7.63,0.27,94.3,100,4,2008,2022,777,15,12,9,4,6
314,"Luyao Zheng - Postdoctoral Research, Penn State University",Google Scholar Profile,43,780,6,130,18.14,106.35,6.07,7.44,17,27,17,2.31,7,239.55,15.48,32.31,20.02,3.67,3/2/2023 8:20,17.72,1.17,88.5,98.7,10,2017,2023,780,31,27,16,0,10
315,Kassio P. S. Zanoni - Instituto de Ciencia Molecular - Universidad de Valencia,Google Scholar Profile,45,788,13,60.62,17.51,181.27,10.79,4.96,15,27,13,3.31,7,167.39,12.94,35.97,19.62,6.1,3/2/2023 8:19,13.94,0.54,77.4,94.4,6,2010,2022,788,38,27,10,0,7
316,Taehee Kim - Yonsei University,Google Scholar Profile,14,799,5,159.8,57.07,92.15,2.12,7.21,7,14,10,1.14,4,233.93,15.29,28.95,27,1.91,3/2/2023 8:18,18.43,0.8,97.4,100,3,2018,2023,799,13,12,6,1,6
317,Dr. Sajad Ahmad Dar - Barkatullah University Bhopal,Google Scholar Profile,66,819,7,117,12.41,213.8,20.15,4.18,16,25,20,3.51,8,226.05,15.03,57.27,16.16,8.63,3/2/2023 8:17,30.54,1.14,63.1,79.2,3,2016,2023,819,52,41,21,0,7
318,"YIN TINGTING (Dr) - Presidential Postdoctoral Fellow of Physics and Applied Physics, Nanyang Technological University",Google Scholar Profile,28,822,8,102.75,29.36,96.13,4.59,7.39,15,28,13,1.74,6,180.04,13.42,20.81,23.79,2.43,3/2/2023 8:16,12.01,0.75,96.2,100,8,2015,2023,822,20,16,9,2,8
319,"Chunhua Wang - City University of Hong Kong, KU Leuven",Google Scholar Profile,36,831,7,118.71,23.08,99.44,4.68,8.42,16,28,19,1.84,6,226.15,15.04,26.38,22.32,3.13,3/2/2023 8:15,14.2,0.86,90.7,100,8,2016,2023,831,26,24,19,2,9
320,"Arup Ghorai - IIT Kharagpur, POSTECH",Google Scholar Profile,38,842,7,120.29,22.16,168.8,8.7,5.16,15,29,18,2.74,7,199.77,14.13,39.83,22.41,5.3,3/2/2023 8:14,24.11,1,86.3,100,6,2016,2023,842,28,28,17,1,9
321,"Bo Zhang - Department of Chemistry, University of Nebraska-Lincoln",Google Scholar Profile,16,843,7,120.43,52.69,154.38,3.28,5.69,12,16,12,2.03,6,140.72,11.86,26.45,26.08,2.83,3/2/2023 8:13,22.05,0.86,97.7,100,3,2016,2022,843,15,14,7,1,6
322,mehrdad faraji - Istituto Italiano di Tecnologia,Google Scholar Profile,53,849,6,141.5,16.02,133.73,11.06,5.87,18,28,26,2.79,6,451.33,21.24,70.78,18.36,5.44,3/2/2023 8:11,22.28,1,77.9,92.3,18,2017,2023,849,39,36,30,4,13
323,Luis Ortega San Martin - Pontificia Universidad Católica del Perú,Google Scholar Profile,53,853,19,44.89,16.09,166.38,16.66,4.53,19,28,9,3.44,7,87.08,9.33,19.11,19.26,5.75,3/2/2023 8:10,8.75,0.37,85.8,97.2,2,2004,2023,853,26,14,3,0,4
324,"Michele Cadelano - Dipartimento di Fisica, Università di Cagliari",Google Scholar Profile,8,873,9,97,109.13,109.63,2.3,6.13,5,8,5,0.66,3,101.41,10.07,12.74,29.03,0.79,3/2/2023 8:09,12.18,0.33,99.4,100,3,2014,2016,873,5,4,3,2,3
325,"Wenxin Mao - Research Fellow of Chemical Engineering, Monash University",Google Scholar Profile,29,882,9,98,30.41,131.19,4.91,7.24,14,29,16,1.92,8,200.38,14.16,28.89,25.42,2.54,3/2/2023 8:08,14.57,0.89,95.5,100,7,2014,2023,882,18,17,13,3,9
326,Roberto Gonzalez Rodriguez - University of North Texas,Google Scholar Profile,74,887,11,80.64,11.99,194.62,17.21,4.86,17,29,15,3.11,7,198.35,14.08,43.46,21.17,5.95,3/2/2023 8:07,17.69,0.64,83.1,97.2,7,2012,2023,887,33,26,12,2,8
327,Marco Alejandro Ruiz Preciado - Karlsruhe Institute of Technology,Google Scholar Profile,26,906,8,113.25,34.85,145.19,6.24,5.54,13,26,15,2.14,8,308.7,17.57,47.26,26.23,3.18,3/2/2023 8:06,18.14,1,94.6,100,9,2015,2023,906,17,17,14,3,9
328,Sofiia Kosar - Okinawa Institute of Science and Technology Graduate University,Google Scholar Profile,19,935,9,103.89,49.21,131.3,3.77,6.32,9,19,8,1.33,4,214.24,14.64,32.3,29.21,1.35,3/2/2023 8:05,14.58,0.44,99.9,100,5,2014,2022,935,9,9,6,4,5
329,"Dr.Pankaj P. Khirade - Department of Physics, Shri Shivaji Science College, Amravati (M.S.), India.",Google Scholar Profile,47,943,10,94.3,20.06,214.22,12.25,4.49,19,30,16,4.1,9,222.15,14.9,50.47,20.54,6.9,3/2/2023 8:04,21.42,0.9,83,96.3,9,2013,2022,943,34,29,12,2,9
330,Dr. Götz Schuck - Helmholtz-Zentrum Berlin für Materialien und Energie GmbH,Google Scholar Profile,78,962,28,34.36,12.33,148.87,19.48,5.54,17,30,16,2.28,7,215.95,14.7,29.97,22.56,4.83,3/2/2023 8:03,5.31,0.25,83,97,6,1995,2023,962,27,23,13,3,8
331,Dr. Kunping Guo - Shaanxi University of Science and Technology,Google Scholar Profile,55,963,10,96.3,17.51,114.13,8.72,7.04,15,30,12,1.8,4,151.44,12.31,18.3,24.12,4.1,3/2/2023 8:02,11.41,0.4,83.8,96.5,2,2013,2022,963,26,19,6,1,5
332,Ji Hao - National Renewable Energy Laboratory,Google Scholar Profile,49,967,12,80.58,19.73,135.36,9.67,6.41,15,31,16,1.96,6,266.19,16.32,36.39,24.98,3.95,3/2/2023 8:01,11.28,0.5,87.8,99.9,8,2011,2022,967,28,24,12,3,8
333,"Xin LI (李鑫) - Associate Professor, Huazhong University of Science and Technology",Google Scholar Profile,41,972,8,121.5,23.71,126.22,5.42,7.8,20,30,20,2.53,5,217.45,14.75,28.71,20.37,4.3,3/2/2023 8:00,15.77,0.63,83.8,97.8,4,2015,2023,972,36,32,20,1,8
334,"David Olubiyi OBADA - Department of Mechanical Engineering, Ahmadu Bello University, Nigeria",Google Scholar Profile,83,980,11,89.09,11.81,193.47,17.8,5.25,18,29,18,3.24,7,256.1,16,49.54,19.44,6.48,3/2/2023 7:59,17.58,0.64,71.6,86.9,7,2012,2023,980,48,36,17,1,9
335,Muhammad Mujahid - Jilin University,Google Scholar Profile,10,981,6,163.5,98.1,163.98,1.64,6.6,6,10,6,0.88,3,258.67,16.08,43.49,30.58,1.44,3/2/2023 7:58,27.33,0.5,99,100,3,2017,2021,981,8,6,3,1,4
336,Jeffrey Gerhart Tait - ASML,Google Scholar Profile,52,993,12,82.75,19.1,153.37,9.92,6.06,12,31,11,1.87,7,124.34,11.15,18.91,28.27,2.93,3/2/2023 7:57,12.78,0.58,95,100,4,2011,2020,993,16,11,7,1,6
337,"Kwangdong Roh - Department of Physics, Ewha Womans University",Google Scholar Profile,32,996,14,71.14,31.13,142.56,5.5,7.06,11,31,15,1.48,6,223.42,14.95,32.27,28.51,2.7,3/2/2023 7:56,10.18,0.43,93.8,100,6,2009,2022,996,18,17,12,4,8
338,YunHui (Lisa) Lin - National Renewable Energy Laboratory,Google Scholar Profile,25,1001,10,100.1,40.04,161.88,7.86,4.84,12,25,13,1.82,7,177.96,13.34,31.04,28.43,3.38,3/2/2023 7:55,16.18,0.7,95.1,100,7,2013,2022,1001,17,16,10,3,7
339,Amanda R. Krause - Carnegie Mellon University,Google Scholar Profile,29,999,11,90.82,34.45,175.13,7.4,5.38,12,29,12,2.06,9,179.34,13.39,31.27,28.76,3.21,3/2/2023 7:54,15.92,0.82,97.2,100,8,2012,2023,999,19,17,11,3,9
340,Guoen Weng - East China Normal University,Google Scholar Profile,69,1005,12,83.75,14.57,123.44,8.86,8.26,18,29,17,2.12,6,221.37,14.88,25.79,20.17,5.4,3/2/2023 7:53,10.28,0.5,72.7,86.1,5,2011,2023,1005,45,29,16,0,8
341,Max Grischek - Helmholtz-Zentrum Berlin,Google Scholar Profile,10,1025,3,341.67,102.5,153.31,1.57,6.6,7,10,7,1.09,5,411,20.27,62.25,31.24,1.13,3/2/2023 7:52,51.1,1.67,100,100,6,2020,2022,1025,7,7,7,5,6
342,"K. Justice Babu - DST INSPIRE Faculty Fellow, Institute of Nanoscience and Technology, Mohali, Punjab",Google Scholar Profile,34,1042,9,115.78,30.65,248.72,6.9,5.38,18,32,18,3.52,9,207.55,14.41,45.57,24.94,5.27,3/2/2023 7:51,27.63,1,90.8,100,7,2014,2022,1042,30,25,18,0,8
343,Xuemei Li - University of Queensland,Google Scholar Profile,16,1043,6,173.83,65.19,113.6,3.23,7.63,11,16,12,1.2,6,229.93,15.16,25.55,30.22,1.89,3/2/2023 7:50,18.93,1,99.1,100,7,2017,2022,1043,14,14,11,3,8
344,Rhiannon Kennard - Faraday Research Fellow at the University of Sheffield,Google Scholar Profile,33,1064,10,106.4,32.24,139.26,7.06,6.12,13,32,14,2.01,5,211.34,14.54,30.17,29.27,2.74,3/2/2023 7:49,13.92,0.5,96.4,100,7,2013,2022,1064,20,17,12,2,8
345,Claudia Caddeo - Consiglio Nazionale delle Ricerche - Istituto officina dei Materiali,Google Scholar Profile,38,1064,14,76,28,244.16,9.05,5.13,20,32,16,3.85,9,178.75,13.37,40.44,23.69,5.88,3/2/2023 7:48,17.44,0.64,90.3,99.7,6,2009,2022,1064,30,26,15,0,8
346,Jasminka Popović - Rudjer Boskovic Institute,Google Scholar Profile,73,1085,22,49.32,14.86,174.35,12.34,6.45,18,29,15,2.61,7,167.03,12.92,25.04,19.95,6.99,3/2/2023 7:47,7.92,0.32,66.5,80.9,2,2001,2023,1085,45,27,8,0,6
347,"Hong Il Kim - Samsung Display Co., Ltd.",Google Scholar Profile,20,1098,11,99.82,54.9,143.41,2.9,7.15,13,20,13,1.78,6,225.2,15.01,29.74,29.77,2.46,3/2/2023 7:46,13.03,0.55,96.1,100,7,2012,2022,1098,17,16,10,4,8
348,Kaitlyn VanSant - NASA Postdoc Program Fellow,Google Scholar Profile,39,1099,18,61.06,28.18,229.42,9.61,5.59,11,33,12,2.02,5,195.14,13.97,39.84,30.35,3.19,3/2/2023 7:45,12.74,0.28,94.8,100,4,2005,2023,1099,17,15,7,2,6
349,Gede Adhyaksa - Universitas Pertamina,Google Scholar Profile,25,1100,10,110,44,225.71,6.79,5.08,15,25,13,2.65,7,196.16,14.01,38.63,29.15,3.47,3/2/2023 7:44,22.57,0.7,97.7,100,7,2013,2023,1100,19,16,11,4,8
350,Mingxing Li - Brookhaven National Laboratory,Google Scholar Profile,48,1111,11,101,23.15,188.62,9.36,6.54,19,33,15,2.62,7,233.31,15.27,36.23,24.37,5.3,3/2/2023 7:43,17.14,0.64,86,99,7,2012,2023,1111,32,27,14,3,8
351,"Jordan Snaider - Scientist, U.S. Navy",Google Scholar Profile,22,1122,8,140.25,51,165.37,5.51,6.09,9,22,8,1.25,5,242.88,15.58,34.99,32.14,1.73,3/2/2023 7:42,20.67,0.63,99.3,100,6,2015,2020,1122,10,9,7,3,7
352,Tong Cai - Northwestern University,Google Scholar Profile,31,1130,5,226,36.45,150.65,4.41,7.52,17,31,20,2.21,9,362,19.03,49.72,27.93,3.25,3/2/2023 7:41,30.13,1.8,94.6,100,13,2018,2022,1130,25,24,20,6,12
353,Heyong Wang - Istituto Italiano di Tecnologia,Google Scholar Profile,19,1138,8,142.25,59.89,125.64,3.19,8.32,10,19,10,1.09,3,320.3,17.9,35.2,31.92,1.63,3/2/2023 7:40,15.7,0.38,98.3,100,3,2015,2022,1138,14,11,8,3,6
354,Andrés Granados del Águila - IFIM - NUS,Google Scholar Profile,31,1144,10,114.4,36.9,178.03,4.84,6.61,18,31,16,2.7,6,222.04,14.9,33.47,26.91,4,3/2/2023 7:39,17.8,0.6,91.6,100,9,2013,2023,1144,25,25,12,2,9
355,Naushad Ahmad Ibn Mehboob Ali - king saud university,Google Scholar Profile,103,1149,68,16.9,11.16,241.51,23.89,4.97,19,28,19,3.34,6,275.23,16.59,55.71,17.18,8.77,3/2/2023 7:38,3.55,0.09,57.1,69.4,6,1955,2022,1149,64,46,19,1,8
356,"Pedro B. Groszewicz - Assistant Professor, Delft University of Technology",Google Scholar Profile,39,1151,13,88.54,29.51,182.1,10.43,5.56,19,33,17,2.96,9,239.19,15.47,37.65,25.69,4.88,3/2/2023 7:36,14,0.69,88.7,100,10,2010,2022,1151,32,27,17,2,10
357,"Mingyu Hu - Peking University, Shenzhen Graduate School",Google Scholar Profile,55,1153,6,192.17,20.96,182.28,9.1,6.64,20,33,21,2.92,8,361.07,19,53.86,23.24,5.91,3/2/2023 7:35,30.38,1.33,81.5,95.5,12,2017,2023,1153,44,36,22,2,10
358,Qi Dong - Hardware Engineer at Apple,Google Scholar Profile,31,1154,8,144.25,37.23,162.4,5.2,7.42,15,31,15,1.97,7,283.86,16.85,44.38,30.2,2.36,3/2/2023 7:34,20.3,0.88,98.5,100,9,2015,2022,1154,18,16,14,5,10
359,Hoang Dang - The University of Texas at Austin,Google Scholar Profile,20,1188,11,108,59.4,208.98,6.3,5.5,13,20,13,1.97,9,234.5,15.31,43.74,31.64,3.57,3/2/2023 7:33,18.99,0.82,98.5,100,7,2012,2023,1188,16,14,12,3,8
360,Thorsten Rissom - Oxford PV,Google Scholar Profile,59,1222,21,58.19,20.71,197.91,9.67,6.39,21,34,13,3.24,8,121.03,11,19.5,22.98,6.39,3/2/2023 7:32,9.42,0.38,79.3,95,2,2002,2019,1222,33,24,4,0,5
361,"Sandheep Ravishankar - Researcher, IEK-5 Photovoltaics, Forschungszentrum Juelich",Google Scholar Profile,23,1233,7,176.14,53.61,225.14,6.51,4.7,14,23,16,2.58,10,265.65,16.3,53.36,31.64,3.89,3/2/2023 7:31,32.16,1.43,97.1,100,10,2016,2023,1233,18,18,16,6,10
362,"Suman Kalyan Pal - Professor of School of Physical Sciences, IIT Mandi",Google Scholar Profile,67,1243,21,59.19,18.55,351.02,18.19,4.61,20,32,16,4.26,8,208.77,14.45,56.28,21.73,9.55,3/2/2023 7:30,16.71,0.38,70.2,86.2,6,2002,2022,1243,46,31,15,0,9
363,David Stein - University of Pennsylvania,Google Scholar Profile,9,1247,17,73.35,138.56,160.58,3.45,3.78,5,9,3,1.04,3,121.28,11.01,14.91,34.94,1.36,3/2/2023 7:29,9.44,0.18,99.9,100,1,2006,2013,1247,3,2,1,1,2
364,"Navendu Mondal - Marie Skłodowska-Curie Fellow, Chemistry Department, Imperial College London",Google Scholar Profile,24,1260,10,126,52.5,409.67,6.1,4.58,13,24,15,3.76,10,254.29,15.95,79.45,31.94,5.3,3/2/2023 7:27,40.96,1,94.4,100,6,2013,2022,1260,21,18,14,4,7
365,Dong-Won Kang - Chung-Ang University,Google Scholar Profile,115,1266,16,79.13,11.01,278.89,29.76,5.01,21,30,22,3.74,8,322.96,17.97,63.81,17.61,9.19,3/2/2023 7:26,17.43,0.5,59.3,72.9,7,2007,2023,1266,67,47,23,0,9
366,"Mary George - Professor in Chemistry, Stella Maris College",Google Scholar Profile,73,1271,47,27.04,17.41,317.31,21.69,4.33,20,34,26,4.04,8,406.59,20.16,87.91,25,7.45,3/2/2023 7:24,6.75,0.17,80.6,94.8,19,1976,2023,1271,46,39,26,3,13
367,Biplab Ghosh - Nanyang Technological University,Google Scholar Profile,22,1330,8,166.25,60.45,212.73,4.16,6.73,13,22,15,1.82,7,270.1,16.43,41.24,33.5,2.82,3/2/2023 7:23,26.59,0.88,97.1,100,10,2015,2022,1330,19,18,15,4,10
368,"Manoj Jaysankar - Researcher, IMEC",Google Scholar Profile,36,1348,8,168.5,37.44,196.17,6.42,6.42,15,36,14,2.21,8,226.18,15.04,33.07,32.8,2.85,3/2/2023 7:22,24.52,1,96.5,100,7,2015,2021,1348,20,17,13,5,8
369,Eric A Patterson - Naval Research Lab,Google Scholar Profile,40,1359,18,75.5,33.98,293.58,10.15,5.25,21,36,16,3.77,9,181.51,13.47,35.3,28.44,6.13,3/2/2023 7:21,16.31,0.5,92,100,3,2005,2022,1359,29,26,15,1,8
370,"Shakeel Ahmad Khandy - ZJU-Hangzhou Global Scientific and Technological Innovation Center, School of Micro-Nano Electronics",Google Scholar Profile,72,1360,7,194.29,18.89,534.36,20.36,4.89,24,35,23,6.62,14,347.23,18.63,130.03,22.58,12.46,3/2/2023 7:20,76.33,2,79.9,92.9,11,2016,2023,1360,53,44,30,1,10
371,"Madhav Prasad Ghimire - Central Department of Physics, Tribhuvan University, Kirtipur, Nepal",Google Scholar Profile,161,1383,16,86.44,8.59,277.35,43.93,4.86,20,34,16,3.77,9,302.5,17.39,51.82,24.12,8.8,3/2/2023 7:19,17.33,0.56,71,85.8,3,2007,2023,1383,53,40,14,1,7
372,"Ghada H. Ahmed - Postdoctoral Scholar, Stanford University",Google Scholar Profile,21,1390,8,173.75,66.19,211.48,3.38,6.57,14,21,15,2.13,8,276.79,16.64,44.55,34.22,2.7,3/2/2023 7:17,26.43,1,98.3,100,8,2015,2022,1390,17,16,12,5,8
373,"Vivek Kumar Shukla, PhD IIT Kanpur, India - Department of Applied Physics, Gautam Buddha University, Greater Noida",Google Scholar Profile,48,1399,20,69.95,29.15,576.96,17.53,3.46,14,37,12,3.63,8,243.7,15.61,90.64,33.54,5.93,3/2/2023 7:16,28.84,0.4,94.4,100,2,2003,2022,1399,23,18,7,2,6
374,"Roberto Brenes - Engineer, Apple",Google Scholar Profile,28,1425,8,178.13,50.89,214.29,6.14,6.11,13,28,14,1.94,8,294.6,17.16,43.94,35,2.65,3/2/2023 7:15,26.78,1,97.8,100,6,2015,2022,1425,17,16,13,4,9
375,Moritz H. Futscher - Swiss Federal Laboratories for Materials Science and Technology,Google Scholar Profile,42,1429,11,129.91,34.02,365.34,11.65,5.05,18,37,20,3.45,9,371.67,19.28,88.22,31.89,5.99,3/2/2023 7:14,33.21,0.82,93.8,100,16,2012,2023,1429,30,26,20,4,12
376,Jingjin Dong - University of Groningen,Google Scholar Profile,42,1437,8,179.63,34.21,201.25,6.1,7.38,19,37,20,2.6,8,400.56,20.01,58.14,30.02,4.93,3/2/2023 7:13,25.15,1,87.8,99.4,14,2015,2022,1437,37,30,20,7,12
377,"Alexey Tarasov - Head of Laboratory of New Materials for Solar Energetics, Department of Materials Science, MSU",Google Scholar Profile,104,1443,17,84.88,13.88,244.75,20.47,5.48,20,36,20,3.13,8,338.98,18.41,57.68,26.23,7.54,3/2/2023 7:12,14.39,0.47,75.4,91.1,9,2006,2023,1443,61,46,20,4,9
378,"Josu M. Igartua - Fisika Saila, Zientzia eta Teknologia Fak., UPV/EHU",Google Scholar Profile,119,1470,32,45.94,12.35,362.57,34.93,4.46,23,34,14,5.04,10,164.76,12.84,34.8,21.31,10.24,3/2/2023 7:10,11.33,0.31,66.9,81.4,1,1991,2023,1470,44,28,10,0,6
379,"Athanasia Kostopoulou - PostDoc Researcher, ULMNP Laboratory, Institute of Electronic Structure &Laser (IESL) Foundation",Google Scholar Profile,46,1478,13,113.69,32.13,301.45,9.55,5.26,18,38,16,3.56,10,317,17.8,64.83,32.57,5.08,3/2/2023 7:08,23.18,0.77,93.7,100,6,2010,2022,1478,25,21,15,2,9
380,"Ayse Turak - Associate Professor, McMaster University",Google Scholar Profile,93,1502,21,71.52,16.15,383.4,25.93,5.35,22,37,17,3.61,9,244.78,15.65,56.49,25.44,8.85,3/2/2023 7:07,18.25,0.43,75.3,91.7,6,2002,2023,1502,44,31,16,1,8
381,"Alexandra J Ramadan - Lecturer, University of Sheffield",Google Scholar Profile,36,1524,9,169.33,42.33,218.25,5.9,6.39,16,36,17,2.37,8,413.97,20.35,58.2,34.06,4.15,3/2/2023 7:06,24.25,0.89,92.9,100,12,2014,2023,1524,25,19,16,8,10
382,"Deepak Thrithamarassery Gangadharan, Ph.D - Research Manager at Solaires Inc., Former MITACS Post-Doctoral Fellow at University of Victoria",Google Scholar Profile,35,1574,10,157.4,44.97,299.93,7.53,5.6,17,35,13,2.83,8,239.91,15.49,49.42,34.34,4.87,3/2/2023 7:05,29.99,0.8,93.3,100,8,2013,2023,1574,29,22,9,3,8
383,Jingying Liu - Monash University,Google Scholar Profile,14,1605,9,178.33,114.64,170.34,1.71,8.71,12,14,12,1.36,7,268.58,16.39,29.02,38.13,1.71,3/2/2023 7:04,18.92,0.78,99.6,100,7,2014,2021,1605,14,13,10,5,8
384,"Misook Min - Department of Materials Science and Engineering, University of North Texas",Google Scholar Profile,39,1625,13,125,41.67,254.59,6.75,6.56,20,39,18,2.94,10,225.46,15.02,38.26,32.82,5.22,3/2/2023 7:03,19.58,0.77,90.9,100,8,2010,2023,1625,30,26,17,2,9
385,Linn Leppert - University of Twente,Google Scholar Profile,34,1625,12,135.42,47.79,326.45,8.85,4.85,19,34,16,3.8,9,289.29,17.01,58.93,34.32,5.95,3/2/2023 7:02,27.2,0.75,94.7,100,8,2011,2023,1625,28,25,14,4,8
386,Feifei Dong (董飞飞) - Guangdong University of Technology,Google Scholar Profile,38,1663,11,151.18,43.76,281.33,6.2,6.58,22,38,22,3.38,10,270.9,16.46,42.63,31.87,5.14,3/2/2023 7:01,25.57,0.91,90.2,100,9,2012,2022,1663,35,33,25,1,10
387,Morteza Enhessari - Freie Universität Berlin,Google Scholar Profile,88,1680,15,112,19.09,417.45,23.84,4.17,24,38,16,5.43,12,221.27,14.88,52.9,25.02,11.57,3/2/2023 7:00,27.83,0.8,71.5,87.7,4,2008,2022,1680,55,39,15,0,7
388,"Emmanuel Topoglidis - Department of Materials Science, University of Patras, Greece, Assistant Professor",Google Scholar Profile,48,1714,25,68.56,35.71,368.8,15.06,4.4,16,41,12,3.41,10,106.57,10.32,22.73,36.77,4.95,3/2/2023 6:59,14.75,0.4,93.8,100,3,1998,2021,1714,26,19,4,0,5
389,Abbie Mclaughlin - University of Aberdeen,Google Scholar Profile,113,1762,114,15.46,15.59,461.02,36.85,4.05,22,40,15,5.09,11,205.38,14.33,45.45,29.33,11.1,3/2/2023 6:58,4.04,0.1,76.3,94,6,1909,2023,1762,43,25,13,1,7
390,Rachel Beal - Stanford University,Google Scholar Profile,11,1802,10,180.2,163.82,266.29,2.5,6.27,6,11,5,0.88,4,306.53,17.51,45.41,41.98,1.08,3/2/2023 6:56,26.62,0.4,99.8,100,4,2013,2021,1802,6,5,4,4,5
391,Feng Liu (刘锋) - Shandong University,Google Scholar Profile,19,1821,10,182.1,95.84,226.13,2.61,7.68,14,19,14,1.73,7,321.62,17.93,40.66,39.91,2.44,3/2/2023 6:55,22.61,0.7,98.2,100,9,2013,2022,1821,17,17,13,4,9
392,"Fang Wang - Shanghai Institute of Technical Physics, Chinese Academy of Sciences",Google Scholar Profile,56,1839,6,306.5,32.84,193.78,6.27,9.23,20,42,26,2.07,7,769.35,27.74,79.64,33.94,4.9,3/2/2023 6:54,32.29,1.17,84.4,98,22,2017,2023,1839,50,43,33,12,14
393,"Jian MAO - Marie Curie Fellow, University of Cambridge, Fudan University",Google Scholar Profile,24,1860,11,169.09,77.5,239.51,5.02,6.58,17,24,17,2.22,9,293.75,17.14,37.63,39.37,2.61,3/2/2023 6:53,21.77,0.82,98.9,100,10,2012,2021,1860,18,18,16,4,10
394,Rafael Abargues - University of Valencia. ABX3 Lab,Google Scholar Profile,121,1862,19,98,15.39,349.75,28.66,5.02,25,41,17,4.53,10,242.61,15.58,46.42,27.78,9.2,3/2/2023 6:52,18.4,0.53,75,90.8,3,2004,2022,1862,57,45,16,1,7
395,Nicholas C Bristowe - University of Durham,Google Scholar Profile,45,1915,14,136.79,42.56,446.09,10.11,5.02,23,43,18,4.99,11,265.05,16.28,60.23,35.33,7.11,3/2/2023 6:50,31.86,0.79,92.8,100,7,2009,2023,1915,38,32,17,3,7
396,"Thomas J. Macdonald - 1851 Research Fellow, Queen Mary University of London",Google Scholar Profile,81,1996,12,166.33,24.64,386.09,14.37,6.52,26,43,26,4.05,8,562.13,23.71,102.3,29.7,8.2,3/2/2023 6:49,32.17,0.67,78.1,94.6,15,2011,2023,1996,58,52,32,6,12
397,"Tudor H. Thomas - Ph.D. Student, University of Cambridge",Google Scholar Profile,18,2057,9,228.56,114.28,287.34,3.34,7,12,18,13,1.66,7,355.15,18.85,48.65,43.47,2.1,3/2/2023 6:48,31.92,0.78,98.9,100,8,2014,2022,2057,15,13,13,5,9
398,Fabian Paulus - Technical University of Dresden,Google Scholar Profile,51,2079,10,207.9,40.76,310.64,9.57,6.43,26,45,23,3.73,9,514.53,22.68,77.1,33.88,6.02,3/2/2023 6:47,31.06,0.9,87.7,100,15,2013,2022,2079,42,42,30,5,11
399,Naihua Miao - Beihang University | Université de Liège | Xiamen University,Google Scholar Profile,72,2116,13,162.77,29.39,392.81,14.45,5.69,24,45,23,3.95,8,465.21,21.57,83.89,33.15,8.85,3/2/2023 6:46,30.21,0.62,79.2,95.9,16,2010,2022,2116,54,47,23,5,12
400,Abhijit Hazarika - Scientist,Google Scholar Profile,49,2159,13,166.08,44.06,324.5,9.76,6.04,21,46,21,3.17,9,431.58,20.77,63,39.12,5.47,3/2/2023 6:44,24.96,0.69,91.3,100,12,2010,2022,2159,35,31,21,5,12
401,"Adriana Maria da Silva - Instituto Nacional de Metrologia, Qualidade e Tecnologia",Google Scholar Profile,92,2182,23,94.87,23.72,407.05,24.49,4.85,25,46,14,4.31,13,161.71,12.72,30.39,38.16,6.47,3/2/2023 6:43,17.69,0.57,95.4,100,4,2000,2022,2182,30,27,11,0,7
402,Te Hu - Stanford University,Google Scholar Profile,17,2197,11,199.73,129.24,443.17,3.85,6.29,10,17,8,1.41,6,312.6,17.68,62.92,45.78,1.63,3/2/2023 6:42,40.28,0.55,100,100,4,2012,2018,2197,10,9,5,3,5
403,Nicholas Charles Anderson - Director of Research and Development at BlueDot Photonics,Google Scholar Profile,63,2226,14,159,35.33,523.64,18.12,4.35,19,47,18,3.47,10,284.98,16.88,63.11,42.39,5.06,3/2/2023 6:41,37.4,0.71,96.9,100,5,2009,2022,2226,24,23,18,3,8
404,"Young Ran PARK - Ph.D., Research Professor, Korea University",Google Scholar Profile,84,2331,22,105.95,27.75,903.2,23.03,4.46,22,48,14,6.13,12,161.06,12.69,53.8,39,10.38,3/2/2023 6:40,41.05,0.55,86,99.4,3,2001,2022,2331,38,22,12,0,7
405,"Gregory J. Wilson - Research Group Leader, Solar Technologies at CSIRO",Google Scholar Profile,78,2339,21,111.38,29.99,445.75,18.6,5.74,25,47,22,4.17,11,482.46,21.96,78.3,36.65,8.86,3/2/2023 6:39,21.22,0.52,84.1,97.7,13,2002,2022,2339,52,42,23,4,13
406,"In-Hyeok PARK - Graduate School of Analytical Science and Technology, Chungnam National University, S. Korea",Google Scholar Profile,84,2351,13,180.85,27.99,429.3,14.89,6.48,27,47,23,3.86,9,555,23.56,96.35,34.18,8.84,3/2/2023 6:38,33.02,0.69,80.7,95.7,18,2010,2023,2351,59,47,24,5,14
407,"Prasun K. Mandal - Professor, Department of Chemical Sciences, IISER-Kolkata, India",Google Scholar Profile,51,2361,20,118.05,46.29,707,12.92,4.8,22,48,19,4.84,10,244.44,15.63,59.46,40.42,8.57,3/2/2023 6:37,35.35,0.5,89.7,100,9,2003,2023,2361,41,33,19,1,9
408,Yang Liu - Zhejiang University,Google Scholar Profile,14,2362,7,337.43,168.71,242.46,1.74,8.57,10,14,11,1.14,6,442.2,21.03,46.08,47.4,1.57,3/2/2023 6:36,34.63,0.86,99.4,100,7,2016,2022,2362,14,12,9,4,8
409,E. Ashley Gaulding - National Renewable Energy Laboratory,Google Scholar Profile,56,2388,13,183.69,42.64,350.64,10.03,6.5,24,48,20,3.62,11,464,21.54,65.4,41.18,4.98,3/2/2023 6:35,26.97,0.85,95.1,100,10,2010,2022,2388,35,31,20,6,10
410,Gustavo de Miguel - University of Córdoba,Google Scholar Profile,83,2413,18,134.06,29.07,463.68,16.49,5.47,25,48,18,4.6,11,370.2,19.24,73.32,36.14,9.78,3/2/2023 6:34,25.76,0.61,80,96.1,8,2005,2023,2413,55,44,18,2,9
411,Beatriz Martín-García - Ikerbasque Research Fellow &Ramón y Cajal Fellow - CIC nanoGUNE BRTA,Google Scholar Profile,90,2432,13,187.08,27.02,410.35,17.34,5.97,28,47,32,4.38,10,649.32,25.48,105.13,32.89,9.74,3/2/2023 6:33,31.56,0.77,76.7,92.9,24,2010,2023,2432,70,65,44,8,14
412,"Di Wu - Department of Materials Science and Engineering, Nanjing University",Google Scholar Profile,61,2518,25,100.72,41.28,499.82,13.34,5.03,25,50,13,4.53,10,203.66,14.27,40.05,40.1,8.69,3/2/2023 6:32,19.99,0.4,88.7,99.7,3,1998,2017,2518,34,23,6,2,5
413,Hassan A. Tahini (哈桑.塔希尼) - ANU,Google Scholar Profile,70,2528,12,210.67,36.11,456.67,15.33,5.87,30,49,27,4.57,12,586.81,24.22,94.75,34.44,9.91,3/2/2023 6:31,38.05,1,82.5,96.7,15,2011,2022,2528,59,51,31,5,12
414,"Ioannis Koutselas - Associate Professor, University of Patras",Google Scholar Profile,86,2534,30,84.47,29.47,743.67,21.43,4.55,24,49,18,5.33,12,202.82,14.24,50.79,39.32,9.87,3/2/2023 6:30,24.78,0.4,83.7,97.4,5,1993,2022,2534,45,30,15,0,7
415,"Bekir Türedi - ETH Zürich, KAUST",Google Scholar Profile,28,2581,8,322.63,92.18,346.26,5.61,6.93,17,28,19,2.26,9,702.11,26.5,94.36,47.67,2.76,3/2/2023 6:29,43.28,1.13,99.2,100,14,2015,2023,2581,21,21,19,9,13
416,"Haichun Liu - KTH Royal Institute of Technology, Sweden",Google Scholar Profile,52,2589,15,172.6,49.79,424.32,9.69,6.35,26,50,23,4.02,11,352.13,18.77,52.46,41.5,6.2,3/2/2023 6:28,28.28,0.73,92.6,100,15,2008,2023,2589,37,33,23,3,12
417,"Jung-Hoon Lee - Computational Science Research Center, Korea Institute of Science and Technology (KIST)",Google Scholar Profile,60,2616,14,186.86,43.6,471.97,11.47,5.95,25,51,26,4.22,12,449.43,21.2,76.33,41.36,7.52,3/2/2023 6:27,33.71,0.86,89.3,99.7,11,2009,2022,2616,50,44,29,5,10
418,Laura Miranda-Perez - Head of Materials Research,Google Scholar Profile,18,2633,16,164.56,146.28,407.46,2.91,6.22,11,18,7,1.73,4,364.09,19.08,56.26,49.75,2.58,3/2/2023 6:26,25.46,0.25,98.6,100,3,2007,2016,2633,12,7,3,3,4
419,Chun-Ho Lin - University of New South Wales,Google Scholar Profile,66,2682,8,335.25,40.64,326.75,9.67,8.12,31,51,38,3.71,10,961.79,31.01,115.88,37.13,5.95,3/2/2023 6:25,40.84,1.25,87.2,99.4,38,2015,2023,2682,56,53,47,13,16
420,Francesco Cordero - CNR-ISM Istituto di Struttura della Materia,Google Scholar Profile,273,2754,40,68.85,10.09,804.91,74.77,4.49,27,44,15,6.13,13,197.04,14.04,57.75,29.29,14.81,3/1/2023 22:13,20.12,0.33,57.6,71.5,2,1983,2023,2754,54,28,8,0,5
421,"Joel Jean - MIT, Swift Solar Inc.",Google Scholar Profile,41,2757,12,229.75,67.24,473.51,11.65,5.24,19,41,20,2.93,12,397.1,19.93,72.17,48.28,5.24,3/1/2023 22:10,39.45,1,97.6,100,14,2011,2020,2757,23,22,20,6,13
422,Daniel Tordera - Universidad de Valencia,Google Scholar Profile,68,2786,14,199,40.97,458.77,11.81,6.1,30,52,24,4.86,13,353.7,18.81,59.24,39.82,7.75,3/1/2023 22:09,32.76,0.93,89.2,99.9,9,2009,2023,2786,49,43,29,1,10
423,Shailesh Sharma - Senior Principal Scientist,Google Scholar Profile,190,2835,62,45.73,14.92,727.38,51.64,4.4,28,46,16,6.13,13,324.78,18.02,78,32,13.33,3/1/2023 22:08,11.73,0.21,63.8,77.1,8,1961,2023,2835,92,53,13,0,8
424,"Lea Nienhaus - Assistant Professor, Florida State University",Google Scholar Profile,80,2909,13,223.77,36.36,518.13,19.7,5.15,24,53,27,4.06,13,647.66,25.45,127.13,43.79,9.77,3/1/2023 22:06,39.85,1,85.7,98.9,21,2010,2023,2909,62,56,33,9,13
425,Robert John Patterson - UNSW Sydney,Google Scholar Profile,118,2950,18,163.89,25,398.35,21.61,6.79,27,53,24,3.39,10,588.84,24.27,74.04,40.9,7.6,3/1/2023 22:05,22.13,0.56,81.4,96.1,17,2005,2022,2950,59,43,29,7,12
426,"Elke Debroye - Professor Chemistry, University of Leuven",Google Scholar Profile,66,3041,13,233.92,46.08,479.6,12.28,6.29,25,55,22,3.74,11,811.58,28.49,116.87,46.8,5.96,3/1/2023 22:03,36.89,0.85,92.6,100,17,2010,2023,3041,47,40,25,8,15
427,"Hanul Min - Assistant Professor, Korea University",Google Scholar Profile,11,3044,5,608.8,276.73,416.56,2.61,6.36,7,11,9,0.96,6,1173.97,34.26,155.83,54.61,1.61,3/1/2023 22:02,83.31,1.2,99.6,100,6,2018,2022,3044,10,9,8,5,6
428,"Chan Myae Myae Soe - Graduate Student, Northwestern University",Google Scholar Profile,27,3049,12,254.08,112.93,420.03,5.85,6.3,15,27,15,2.1,10,540.67,23.25,74.71,53.11,2.31,3/1/2023 22:01,35,0.83,99.9,100,10,2011,2022,3049,15,15,15,9,10
429,"Francisco Palazon - Ramón y Cajal fellow, Technical University of Cartagena (UPCT)",Google Scholar Profile,89,3057,10,305.7,34.35,535.02,18.31,6,27,55,26,4.45,12,603.04,24.56,112.08,43.6,8.89,3/1/2023 22:00,53.5,1.2,86,99.6,19,2013,2023,3057,53,49,37,9,13
430,"Linqin Jiang - Fujian Jiangxia University, Professor",Google Scholar Profile,89,3080,23,133.91,34.61,1092.51,22.81,4.97,22,55,17,5.44,13,273.65,16.54,76.45,48.15,10.62,3/1/2023 21:58,47.5,0.57,91,99.6,7,2000,2023,3080,40,29,15,3,9
431,Sung-Joon Lee - University of California Los Angeles (UCLA); U.S. Naval Research Laboratory (NRL);,Google Scholar Profile,20,3085,6,514.17,154.25,334.61,2.36,8.85,16,20,17,1.74,9,742.68,27.25,81.51,52.94,2.12,3/1/2023 21:57,55.76,1.5,99.2,100,16,2017,2023,3085,19,19,17,9,13
432,"J A Aramburu - Professor in Physics, University of Cantabria",Google Scholar Profile,189,3139,41,76.56,16.61,864.69,50.59,4.14,31,46,12,8.21,14,198.58,14.09,52.48,28.51,16.98,3/1/2023 21:56,21.09,0.34,56.5,69.2,1,1982,2023,3139,71,35,5,0,5
433,"Partha Maity - Research Scientist, KAUST; HBNI, PhD",Google Scholar Profile,104,3166,10,316.6,30.44,526.85,20.39,5.95,30,55,27,5.08,12,866.4,29.43,132.86,41.21,9.96,3/1/2023 21:54,52.68,1.2,82.1,96.5,22,2013,2022,3166,74,59,39,10,13
434,Lukas Kegelmann - QYB Quantum Yield Berlin GmbH,Google Scholar Profile,23,3177,7,453.86,138.13,473.22,4.2,6.78,15,23,15,2.14,8,777.51,27.88,119.05,54.06,2.77,3/1/2023 21:52,67.6,1.14,99.1,100,10,2016,2021,3177,19,17,15,8,10
435,"Sergey V. Ovsyannikov - Bayerisches Geoinstitut, Universität Bayreuth (University of Bayreuth))",Google Scholar Profile,209,3270,25,130.8,15.65,862.61,55.26,4.63,31,49,16,6.77,14,321.45,17.93,75.45,32.48,16.95,3/1/2023 21:51,34.5,0.56,61.7,75.2,4,1998,2023,3270,89,52,15,1,8
436,Lara Kühl Teles - Full Professor at Instituto Tecnológico de Aeronáutica - ITA,Google Scholar Profile,177,3336,28,119.14,18.85,732.8,41.57,4.85,28,56,20,5.26,13,307.89,17.55,68.84,43.38,11.89,3/1/2023 21:48,26.17,0.46,79.9,94.7,7,1995,2022,3336,65,42,21,1,8
437,Petar Todorović - University of Toronto,Google Scholar Profile,36,3474,5,694.8,96.5,475.11,5.66,7.42,23,36,24,3.04,11,928.43,30.47,124.77,53.07,4.17,3/1/2023 21:46,95.02,2.2,96.3,100,21,2018,2021,3474,31,30,27,13,15
438,"Jiakai Liu 刘家凯 - Ph.D., KAUST",Google Scholar Profile,27,3726,9,414,138,459.95,3.97,7.48,18,27,19,2.23,11,887.12,29.78,108.87,57.93,3.16,3/1/2023 21:45,51.1,1.22,98.8,100,15,2014,2022,3726,24,21,18,12,14
439,Pablo Garcia Fernandez - Researcher at Universidad de Cantabria,Google Scholar Profile,277,3827,32,119.59,13.82,827.93,70.72,4.47,33,55,21,7.21,15,638.02,25.26,121,38.59,15.95,3/1/2023 21:44,25.87,0.47,67.4,81.2,9,1991,2023,3827,101,67,25,6,10
440,"Alejandro Varez - Professor of Materials Science, Universidad Carlos III de Madrid",Google Scholar Profile,227,4149,33,125.73,18.28,895.15,50.15,4.89,35,57,18,7.42,14,330.91,18.19,70.47,37.68,16.6,3/1/2023 21:41,27.12,0.42,63.8,79.3,5,1990,2023,4149,99,61,15,0,8
441,"Marco Anni - Dipartimento di Matematica e Fisica ""Ennio De Giorgi"", Università del Salento",Google Scholar Profile,165,4177,24,174.04,25.32,810.8,43.61,5.39,30,61,19,4.86,15,330.71,18.19,77.4,46.87,14.44,3/1/2023 21:38,33.78,0.63,74.1,91.1,8,1999,2023,4177,79,42,18,1,9
442,"Dmitry Dirin - ETH Zurich, Chemistry Department",Google Scholar Profile,116,4200,19,221.05,36.21,682.34,19.49,6.16,31,64,30,4.9,14,778.14,27.9,123.52,52.66,9.14,3/1/2023 21:36,35.91,0.74,88.9,99.7,24,2004,2023,4200,63,52,38,13,16
443,Myriam H. Aguirre - INA - Institute of Nanoscience of Aragón- University of Zaragoza,Google Scholar Profile,172,4274,27,158.3,24.85,835.02,35.57,5.55,37,61,21,6.22,13,410.63,20.26,76.25,41.89,13.94,3/1/2023 21:34,30.92,0.48,73.1,87.2,6,1996,2023,4274,93,66,25,1,8
444,"Brett A Kamino - Senior R&D Engineer, CSEM",Google Scholar Profile,46,4336,12,361.33,94.26,753.26,12.46,4.87,18,46,15,3.15,11,695.32,26.37,117.6,62.03,7.37,3/1/2023 21:32,62.77,0.92,96.2,100,9,2011,2022,4336,31,21,13,5,9
445,"Brian A. Rosen - Vice Dean for International Affairs and Associate Professor, Tel Aviv University",Google Scholar Profile,81,4353,19,229.11,53.74,809.08,26.56,4.23,20,65,18,4.04,13,500.1,22.36,99.37,60.98,8.86,3/1/2023 21:31,42.58,0.68,94.6,100,12,2004,2023,4353,43,30,18,5,11
446,Zhigao Dai（戴志高） - China University of Geosciences,Google Scholar Profile,73,4462,13,343.23,61.12,536.04,8.86,8.56,34,66,29,4.06,13,895.61,29.93,107.62,51.52,7.48,3/1/2023 21:30,41.23,1,85.4,99.9,22,2010,2023,4462,61,56,34,13,17
447,Qingdong Ou - Monash University,Google Scholar Profile,101,4466,10,446.6,44.22,558.46,14.22,7.8,32,66,29,3.91,11,864.68,29.41,104.9,53.26,8.05,3/1/2023 21:29,55.84,1.1,86.5,99,19,2013,2023,4466,72,64,40,10,14
448,Namchul Cho - Soonchunhyang University,Google Scholar Profile,71,4474,17,263.18,63.01,653.51,12.92,6.87,22,66,23,3.1,14,612.51,24.75,88.01,61.14,5.84,3/1/2023 21:27,38.44,0.82,94.4,100,15,2006,2022,4474,36,32,27,9,12
449,Vidmantas Gulbinas - Center for Physical Sciences and Technology,Google Scholar Profile,251,4542,32,141.94,18.1,892.2,68.8,4.86,36,59,24,6.03,13,498.4,22.32,88.47,38.96,16.25,3/1/2023 21:26,27.88,0.41,62,76.8,9,1991,2023,4542,104,61,30,2,9
450,Eline M. Hutter - Utrecht University,Google Scholar Profile,59,4724,10,472.4,80.07,796.68,15.04,5.31,26,59,27,4.31,14,887.24,29.79,154.33,62.2,7.18,3/1/2023 21:23,79.66,1.4,96.2,100,22,2013,2022,4724,43,41,31,11,15
451,Ramazan Tuğrul Senger - İzmir Institute of Technology,Google Scholar Profile,121,4838,29,166.83,39.98,1115.51,37.81,4.25,31,69,22,6.28,15,420.8,20.51,90.66,56.51,14.6,3/1/2023 21:22,38.46,0.52,85.9,98.9,8,1994,2022,4838,53,39,25,1,10
452,"Bryon W. Larson - Principal Scientist, NREL",Google Scholar Profile,103,4850,16,303.13,47.09,655.39,19.61,6.38,30,69,32,4,14,1429.15,37.8,179.98,59.58,6.96,3/1/2023 21:20,40.96,0.88,91.8,100,29,2007,2023,4850,58,48,37,20,20
453,Zi Jing Wong - Texas A&M University,Google Scholar Profile,53,4855,15,323.67,91.6,819.79,12.35,5.7,16,53,15,2.64,10,625.78,25.02,110.05,67.54,3.99,3/1/2023 21:18,54.65,0.67,99.2,100,10,2008,2022,4855,19,17,14,7,10
454,"Rahim Munir, Ph.D. - Postdoctoral Fellow, University of Calgary",Google Scholar Profile,60,4939,11,449,82.32,623.86,16.39,6.42,30,60,32,3.8,14,1059,32.54,136.11,61.85,5.55,3/1/2023 21:17,56.71,1.27,95.7,100,25,2012,2022,4939,40,39,35,16,17
455,Dongwen Yang - Jilin university,Google Scholar Profile,46,4992,7,713.14,108.52,601.21,5.67,8.65,26,46,29,3.02,15,1103.51,33.22,129.5,64.65,4.07,3/1/2023 21:16,85.88,2.14,97.3,100,27,2016,2023,4992,38,34,33,18,19
456,René M. Williams - Assistant Professor,Google Scholar Profile,103,5142,31,165.87,49.92,1132.12,26.57,5.01,38,70,21,6.69,16,350.76,18.73,76.37,52.9,15.85,3/1/2023 21:15,36.52,0.52,82.5,97.1,7,1992,2022,5142,74,55,21,2,9
457,Annalisa Bruno - Energy Research Institute @NTU and ENEA,Google Scholar Profile,207,5453,21,259.67,26.34,872.04,41.43,5.9,38,69,36,5.62,12,1029.24,32.08,158.75,50.45,13.48,3/1/2023 21:13,41.52,0.57,73.2,89.4,34,2002,2022,5453,110,91,56,8,16
458,Randy Sabatini - University of Toronto,Google Scholar Profile,51,5559,14,397.07,109,824.92,7.89,6.92,23,51,22,3.29,13,1043.5,32.3,152.2,69.34,5.48,3/1/2023 21:09,58.92,0.93,96,100,17,2009,2022,5559,43,40,24,11,13
459,"Ahmad R. Kirmani - Incoming Assistant Professor, Rochester Institute of Technology",Google Scholar Profile,71,5579,10,557.9,78.58,789.81,21.84,5.9,30,71,28,4.02,13,1085.64,32.95,162.26,66.56,6.93,3/1/2023 21:08,78.98,1.3,95.5,100,21,2013,2023,5579,50,48,35,10,15
460,"Eric Popczun - National Energy Technology Laboratory, The Pennsylvania State University",Google Scholar Profile,35,5892,11,535.64,168.34,989.51,7.78,5.29,16,35,14,2.88,9,655.97,25.61,111.35,74.83,4.12,3/1/2023 21:07,89.95,0.82,99.4,100,8,2012,2022,5892,20,17,12,6,9
461,"Sergey Makarov - Professor, Head of Laboratory",Google Scholar Profile,414,6104,35,174.4,14.74,1033.45,83.01,5.6,44,66,39,7.2,16,1224.7,35,206.85,41.44,18.01,3/1/2023 21:06,29.52,0.46,59.8,72.4,38,1988,2023,6104,175,146,78,11,15
462,"Jan Christoph Goldschmidt - Professor of Physics of Solar Energy Conversion, Philipps-University Marburg",Google Scholar Profile,235,6108,23,265.57,25.99,1243.59,51.91,5.51,44,75,28,7.42,16,864.32,29.4,171.42,53.5,15.97,3/1/2023 21:01,54.06,0.7,78.6,93,19,2000,2023,6108,95,82,47,6,13
463,"Jennifer Wong-Leung - Associate Professor, Australian National University",Google Scholar Profile,221,6279,29,216.52,28.41,1135.38,43.07,5.7,41,75,25,7,16,574.13,23.96,93.39,56.1,15.5,3/1/2023 20:58,39.15,0.55,76.9,91.5,14,1994,2022,6279,89,62,36,4,11
464,"Wei Peng - Department of Physics, University of Warwick",Google Scholar Profile,38,6515,10,651.5,171.45,916.05,6.97,6.89,24,38,23,3.29,15,971.44,31.17,136,76.63,3.92,3/1/2023 20:55,91.6,1.5,99,100,17,2013,2022,6515,29,28,24,13,16
465,"Dane W. deQuilettes - Massachusetts Institute of Technology, Lincoln Laboratory",Google Scholar Profile,40,6539,10,653.9,163.48,1034.74,7.96,6.05,19,40,19,2.93,13,965.71,31.08,152.58,78.15,3.9,3/1/2023 20:54,103.47,1.3,98.9,100,15,2013,2022,6539,25,23,19,10,13
466,"Juan P. Martinez Pastor - Professor of Applied Physics, Universidad de Valencia - UMDO (www.uv.es/umdo)",Google Scholar Profile,405,6745,38,177.5,16.65,1305.17,84.87,5.22,45,69,27,8.2,18,734.86,27.11,142.91,43.81,19.41,3/1/2023 20:53,34.34,0.47,58.5,71.3,14,1985,2023,6745,154,116,42,4,11
467,Wei Wang (王纬) - Nanjing Tech University,Google Scholar Profile,136,6772,14,483.71,49.79,1397.63,23.16,6.51,43,79,44,7.67,16,1533.45,39.16,288.95,58.63,15.07,3/1/2023 20:48,99.83,1.14,78.1,93,46,2009,2023,6772,119,106,71,22,21
468,Bruno Ehrler - AMOLF,Google Scholar Profile,89,6812,15,454.13,76.54,1335.91,21.62,5.27,35,82,37,6.25,18,1197.43,34.6,238.39,70.51,11.5,3/1/2023 20:46,89.06,1.2,91,100,36,2008,2023,6812,79,69,53,14,18
469,"Michele Saba - Dipartimento di Fisica, Università di Cagliari",Google Scholar Profile,189,7012,31,226.19,37.1,1043.29,35.48,6.55,37,83,28,5.27,18,663.17,25.75,100.15,68.47,10.39,3/1/2023 20:45,33.65,0.58,86.4,98.8,21,1992,2023,7012,81,67,37,8,13
470,"Dr. Georgian Nedelcu - University of Groningen, Zernike Institute for Advanced Materials",Google Scholar Profile,29,7270,12,605.83,250.69,1120.9,5.25,6.52,15,29,16,2.25,11,1038.32,32.22,159.9,83.65,3.07,3/1/2023 20:43,93.4,0.92,99.3,100,13,2011,2022,7270,19,18,15,9,12
471,"Klaus Weber - Professor of Engineering, Australian National University",Google Scholar Profile,303,7589,29,261.69,25.05,1453.43,76.61,5.04,43,81,33,6.31,20,1275.55,35.71,193.57,61.13,17.88,3/1/2023 20:42,50.11,0.69,73.6,87.5,32,1994,2023,7589,114,83,47,18,20
472,"David T. Moore - Staff Scientist, National Renewable Energy Lab",Google Scholar Profile,32,7648,11,695.27,239,1350.81,6.23,5.66,23,32,23,3.65,14,1171.93,34.23,208.14,83.83,4.83,3/1/2023 20:38,122.8,1.27,98.8,100,19,2012,2022,7648,29,28,24,12,15
473,Ibrahim Dursun - Cornell University,Google Scholar Profile,49,7711,8,963.88,157.37,1132.11,8.56,6.67,25,49,26,3.4,17,1153.69,33.97,168.34,83.71,4.32,3/1/2023 20:37,141.51,2.13,99,100,24,2015,2022,7711,32,31,27,15,17
474,"Nicholas De Marco - PhD Student, UCLA",Google Scholar Profile,29,7724,10,772.4,266.34,1014.97,5.29,7.1,23,29,21,3.11,15,1228.67,35.05,159.73,84.6,4.01,3/1/2023 20:36,101.49,1.5,99.5,100,19,2013,2020,7724,25,24,21,14,15
475,"Bin Chen - Research Assistant Professor, Northwestern University",Google Scholar Profile,101,7844,8,980.5,77.66,928.78,12.6,8.47,46,88,45,5.29,17,2565.86,50.65,298.95,68.37,9.84,3/1/2023 20:35,116.09,2.13,86.6,99.8,51,2015,2023,7844,93,87,69,36,26
476,Ahmed L. Abdelhady - Khalifa University,Google Scholar Profile,60,8188,12,682.33,136.47,1380.02,12.24,5.73,31,60,27,5.03,16,1152.62,33.95,193.4,83.79,7.49,3/1/2023 20:33,115,1.33,97.5,100,19,2011,2022,8188,48,43,32,13,15
477,Yi Hou - National University of Singapore,Google Scholar Profile,78,8236,9,915.11,105.59,1048.04,10.43,7.9,47,78,45,5.81,17,2288.83,47.84,279.02,72.81,9.23,3/1/2023 20:32,116.44,1.89,91.2,100,53,2014,2022,8236,74,74,65,34,26
478,Valerio Adinolfi - Western Digital,Google Scholar Profile,36,8343,11,758.45,231.75,1167.86,7.43,6.39,19,36,18,2.71,13,1102.49,33.2,158.12,88.84,4.13,3/1/2023 20:31,106.16,1.18,98.9,100,14,2012,2021,8343,27,23,18,13,13
479,Ajay Ram Srimath Kandada - Wake Forest University,Google Scholar Profile,82,8441,12,703.42,102.94,1427.11,19.34,5.07,32,82,28,5.57,17,1190.37,34.5,207.68,84.17,9.14,3/1/2023 20:30,118.92,1.42,96.1,100,21,2011,2022,8441,56,50,33,17,17
480,Emilio J. Juarez-Perez (ORCID:0000-0001-6040-1920) - ARAID. Instituto de Nanociencia y Materiales de Aragón (INMA) CSIC - Universidad de Zaragoza,Google Scholar Profile,89,8568,17,504,96.27,1682.89,22.99,5.17,38,89,31,6.42,18,1237.26,35.17,245.65,80.96,11.21,3/1/2023 20:29,98.99,1.06,93.4,100,28,2006,2022,8568,65,58,39,18,18
481,Feng Hao - University of Electronic Science and Technology of China,Google Scholar Profile,134,9057,13,696.69,67.59,1577.45,22.31,7.05,38,95,39,4.8,12,1589.85,39.87,252.63,81.2,11.52,3/1/2023 20:28,121.34,0.92,88.7,99.7,39,2010,2023,9057,100,90,69,17,18
482,Zhengtao Deng - Professor at Nanjing University,Google Scholar Profile,98,9302,21,442.95,94.92,1684.43,19.58,5.94,45,96,37,7.28,22,1112.54,33.35,185.66,81.49,12.63,3/1/2023 20:26,80.21,1.05,93.2,100,34,2002,2023,9302,73,65,48,16,18
483,Jonathan E. Halpert - Hong Kong University of Science &Technology (HKUST,Google Scholar Profile,76,9406,18,522.56,123.76,2028.41,15.8,5.79,33,76,30,5.98,20,987.43,31.42,212.98,88.69,10.33,3/1/2023 20:25,112.68,1.11,95.2,100,28,2005,2023,9406,65,58,40,12,17
484,"Alexander S. Urban - Nanospectroscopy Group, Ludwig-Maximilians-Universität München",Google Scholar Profile,71,9616,17,565.65,135.44,1604.82,12.94,6.11,36,71,33,5.81,22,1395.88,37.36,233.46,89.09,9.6,3/1/2023 20:24,94.4,1.29,96,100,29,2006,2023,9616,58,54,42,19,20
485,Jeffrey L. Blackburn - National Renewable Energy Laboratory,Google Scholar Profile,158,9762,22,443.73,61.78,1727.13,29.55,6.13,54,97,39,8.68,21,1288.54,35.9,230.59,71.49,16.94,3/1/2023 20:22,78.5,0.95,82.2,96.4,38,2001,2023,9762,134,105,71,14,18
486,"Jun Yin - Assistant Professor, The Hong Kong Polytechnic University",Google Scholar Profile,158,10260,13,789.23,64.94,1461.3,23.42,7.35,54,99,54,7.5,20,2528.01,50.28,349.89,74.64,14.78,3/1/2023 20:20,112.4,1.54,82.7,96.9,76,2010,2023,10260,136,127,99,40,26
487,"Ferdinand Grozema - Full Professor, Delft University of Technology",Google Scholar Profile,243,11450,25,458,47.12,2368.25,53.35,5.23,59,102,37,11.09,27,1165.19,34.13,232.42,71.83,22.98,3/1/2023 20:18,94.73,1.08,75.5,91.1,34,1998,2022,11450,155,133,77,11,16
488,"PROF. Amitava Patra - Director, INST and Senior Professor at IACS",Google Scholar Profile,272,12227,31,394.42,44.95,3879.72,91.02,3.76,60,100,34,16.98,31,1211.46,34.81,371.22,67.21,33.97,3/1/2023 20:15,125.15,1,66.4,82.3,26,1992,2023,12227,205,166,82,8,14
489,Thierry PAUPORTÉ - Directeur de Recherche CNRS,Google Scholar Profile,294,12276,28,438.43,41.76,3300.57,81.15,4.59,65,104,40,13.99,28,1175.2,34.28,280.96,70.87,30,3/1/2023 20:12,117.87,1,75.3,89,40,1995,2022,12276,171,144,81,9,14
490,"Max C. Lemme - Professor, RWTH Aachen University, Germany, Director, AMO GmbH",Google Scholar Profile,369,12976,21,617.9,35.17,2338.77,82.47,5.95,58,109,44,9.32,23,1742.78,41.75,297.38,83.05,18.92,3/1/2023 20:09,111.37,1.1,79.1,92.1,52,2002,2023,12976,167,130,80,23,22
491,Konrad Domanski - Sensirion AG,Google Scholar Profile,33,14110,9,1567.78,427.58,2293.83,5.44,6.27,23,33,23,3.62,16,2235.01,47.28,359.51,116.38,4.69,3/1/2023 20:05,254.87,1.78,99.7,100,18,2014,2021,14110,27,24,23,13,15
492,"gautam gupta - University of Louisville, Los Alamos National Lab",Google Scholar Profile,250,14110,48,293.96,56.44,2145.73,58.22,5.74,43,118,31,6.33,19,1843.23,42.93,272.82,105.97,12.78,3/1/2023 20:04,44.7,0.4,92.7,99.9,25,1975,2023,14110,85,75,46,14,15
493,"Tom J. Savenije - Department of Chemical Engineering, AS, TU Delft",Google Scholar Profile,180,14290,28,510.36,79.39,2739.28,39,5.33,60,118,39,10.62,24,1754.12,41.88,312.35,91.8,21.76,3/1/2023 20:01,97.83,0.86,84.2,98.4,39,1995,2022,14290,129,109,70,21,21
494,Haizheng Zhong 钟海政 - Beijing Institute of Technology,Google Scholar Profile,301,14898,18,827.67,49.5,2278.52,61.51,6.39,58,119,50,7.99,24,2472.23,49.72,366.45,93.24,18.98,3/1/2023 19:59,126.58,1.33,80.9,95.2,62,2005,2023,14898,187,163,99,28,24
495,"Hasan Sahin - Izmir Institute of Technology, Turkey",Google Scholar Profile,170,14969,17,880.53,88.05,3444.02,44.64,4.73,51,122,39,10.66,25,1610.83,40.14,369.8,104.99,18.36,3/1/2023 19:55,202.58,1.47,91,99.6,38,2006,2022,14969,131,101,66,16,18
496,"Dr. Loredana Protesescu - University of Groningen, Zernike Institute for Advanced Materials",Google Scholar Profile,75,16226,12,1352.17,216.35,2796.81,14.18,5.87,35,75,30,5.83,18,2187.73,46.77,386.23,121.24,8.43,3/1/2023 19:53,233.06,1.5,98.1,100,26,2011,2023,16226,54,49,36,14,16
497,Makhsud Saidaminov - University of Victoria,Google Scholar Profile,156,16613,11,1510.27,106.49,2462.21,30.7,6.65,57,128,56,7.64,25,3499.51,59.16,497.41,110.42,12.84,3/1/2023 19:52,223.83,2.27,92.9,100,67,2012,2023,16613,111,103,90,49,32
498,Sergii Yakunin - ETH Zurich,Google Scholar Profile,107,16786,20,839.3,156.88,2577.07,19.51,5.93,40,107,35,6.27,20,2493.4,49.93,385.73,121.01,10.62,3/1/2023 19:50,128.85,1,96.8,100,33,2003,2023,16786,66,59,51,25,22
499,David G Lidzey - University of Sheffield,Google Scholar Profile,407,17797,28,635.61,43.73,3428.19,87.4,5.79,66,121,45,11.4,27,1763.02,41.99,320.55,86.48,29.37,3/1/2023 19:48,122.43,0.96,66.5,82.4,55,1995,2023,17797,251,192,102,12,17
500,"Daniel Duprez - IC2MP, Université de Poitiers, CNRS, France",Google Scholar Profile,503,18350,52,352.88,36.48,5375.41,153.68,4.26,72,124,32,16.72,35,1202.98,34.68,325.27,85.83,35.06,3/1/2023 19:43,103.37,0.67,68.4,84.3,24,1971,2021,18350,203,148,68,5,14
501,Eray Aydil - New York University Tandon School of Engineering Chemical and Biomolecular Engineering Department,Google Scholar Profile,347,19734,32,616.69,56.87,6127.17,98.98,4.34,65,137,32,15.71,35,1395.96,37.36,403.07,108.16,31.89,3/1/2023 19:37,191.47,1.09,80.7,95.2,23,1991,2023,19734,173,131,63,15,16
502,Maryna Bodnarchuk - Empa-Swiss Federal Laboratories for Materials Science and Technology,Google Scholar Profile,146,20358,19,1071.47,139.44,3561.86,26.77,5.88,48,142,39,8.26,25,3047.34,55.2,527,131.34,13.62,3/1/2023 19:32,187.46,1.32,96,100,38,2004,2023,20358,90,85,66,28,24
503,"Joseph J Berry - National renewable energy laboratory, Renewable Sustainable Energy Institute &Department of Physics",Google Scholar Profile,319,21664,39,555.49,67.91,3166.26,54.83,6.48,74,145,63,10.47,30,4242.01,65.13,595.18,113.55,20.77,3/1/2023 19:30,81.18,0.77,84.8,98.1,93,1984,2022,21664,177,153,122,55,33
504,"Germà Garcia-Belmonte - Professor of Applied Physics, Institute of Advanced Materials (INAM-UJI) 0000-0002-0172-6175 (ORCID)",Google Scholar Profile,310,22563,33,683.73,72.78,5030.73,79.73,4.69,73,147,49,14.44,40,2184.99,46.74,474.21,113.86,30.58,3/1/2023 19:26,152.44,1.21,81.1,96.4,69,1990,2022,22563,177,151,101,28,22
505,"Guichuan Xing - Institute of Applied Physics and Materials Engineering, University of Macau",Google Scholar Profile,327,24050,16,1503.13,73.55,2964.08,47.07,8.12,62,152,62,7.16,20,4422.81,66.5,533.24,129.1,18.26,3/1/2023 19:22,185.25,1.25,85.3,97,90,2007,2023,24050,249,218,147,51,30
506,"Aram Amassian - Professor of Materials Science and Engineering, North Carolina State University",Google Scholar Profile,311,25250,22,1147.73,81.19,3704.09,58.36,6.46,81,156,64,11.45,29,3689.54,60.74,525.17,118.49,24.89,3/1/2023 19:18,168.36,1.32,81.6,96.9,96,2001,2022,25250,198,189,152,49,31
507,"Norbert Koch - Institut für Physik &IRIS Adlershof, Humboldt-Universität zu Berlin and Helmholtz-Zentrum Berlin",Google Scholar Profile,560,26197,26,1007.58,46.78,5580.69,106.68,6.25,83,147,53,13.12,34,2898.36,53.84,547.31,105.41,34.02,3/1/2023 19:14,214.64,1.31,68.7,83.4,76,1997,2023,26197,337,285,166,30,24
508,"Tom Wu - Professor of Materials Science, UNSW",Google Scholar Profile,374,28636,29,987.45,76.57,4029.85,56.12,7.6,89,157,65,11.13,30,4356.47,66,576.09,111.37,30.42,3/1/2023 19:08,138.96,1.03,71,86.1,132,1994,2023,28636,321,282,195,51,29
509,Joseph M. Luther - National Renewable Energy Laboratory,Google Scholar Profile,229,29129,19,1533.11,127.2,4896.06,46.31,6.05,72,170,65,11.03,36,4359.5,66.03,688.1,147.15,19.25,3/1/2023 19:04,257.68,1.89,92.1,100,91,2004,2023,29129,148,139,119,56,34
510,"Jin Young Kim - Department of Energy Engineering, Ulsan National Institute of Science and Technology (UNIST)",Google Scholar Profile,268,29589,23,1286.48,110.41,4023.34,39.89,7.31,65,170,49,8.4,26,3988.87,63.16,507.23,145.78,20.4,3/1/2023 19:01,174.92,1.13,86.1,98,60,2000,2022,29589,217,185,104,26,23
511,"Ivan Mora-Sero - Professor of Applied Physics, Institute of Advanced Materials (INAM), University Jaume I",Google Scholar Profile,333,30349,24,1264.54,91.14,5961.52,71.38,5.35,78,172,59,13.52,40,3572.11,59.77,691.3,139.9,29.95,3/1/2023 18:58,248.39,1.67,84.5,97.9,90,1999,2023,30349,225,204,144,45,30
512,Dragan Damjanovic - Ecole polytechnique fédérale de Lausanne / EPFL - Swiss Federal Institute of Technology in Lausanne,Google Scholar Profile,288,31672,37,856,109.97,11889.52,89,4.3,81,176,48,19.7,45,2332.53,48.3,718.24,143.61,38.91,3/1/2023 18:54,321.33,1.22,85.8,98.3,58,1986,2022,31672,186,156,98,29,23
513,Feng GAO - Linköping University,Google Scholar Profile,290,33227,17,1954.53,114.58,4605.26,45.18,7.7,84,180,88,10.44,33,8021.29,89.56,1049.91,146.99,22.92,3/1/2023 18:51,270.89,1.94,86.3,98.2,131,2006,2023,33227,234,212,177,91,43
514,Oleksandr Voznyy - Assistant Professor at University of Toronto,Google Scholar Profile,251,34426,20,1721.3,137.16,5077.48,48.89,6.56,89,185,77,12.51,39,5747.09,75.81,797.2,151.44,23.93,3/1/2023 18:48,253.87,1.95,89.6,99.9,116,2003,2023,34426,189,177,145,77,43
515,"Dieter Neher - University of Potsdam, Institute of Physics and Astronomy",Google Scholar Profile,559,36923,87,424.4,66.05,7764.41,115.04,5.73,101,178,71,16.51,42,4451.33,66.72,793.8,126.69,41.73,3/1/2023 18:45,89.24,0.48,71.1,86.3,122,1936,2023,36923,329,274,183,65,31
516,"Osman Bakr - Professor, Materials Science &Eng., King Abdullah University of Science and Technology (KAUST)",Google Scholar Profile,408,38886,17,2287.41,95.31,6101.94,77.84,6.41,97,194,86,14.11,40,7157.78,84.6,1088.22,152.87,29.53,3/1/2023 18:38,358.93,2.35,84.3,97.6,158,2006,2023,38886,285,262,212,92,44
517,Antonio Abate - Helmholtz-Zentrum Berlin,Google Scholar Profile,259,44873,14,3205.21,173.25,7206.96,50.23,6.27,78,211,77,12.12,39,7048.41,83.95,1138.64,189.69,22.1,3/1/2023 18:33,514.78,2.79,93.7,100,101,2009,2023,44873,180,167,131,75,39
518,Giles Eperon - Swift Solar,Google Scholar Profile,91,51118,13,3932.15,561.74,8706.91,18.52,5.68,58,91,54,9.84,39,6217.83,78.85,1066.06,216.58,15.65,3/1/2023 18:30,669.76,3,98.3,100,64,2010,2022,51118,86,82,75,46,36
519,Edward Sargent - University of Toronto,Google Scholar Profile,1000,119190,27,4414.44,119.19,22989.19,225.13,5.99,175,324,143,27.27,70,19862.65,140.93,3267.25,238.69,66.18,3/2/2023 8:59,851.45,2.59,73.5,88.1,383,1996,2023,119190,751,665,517,247,69
