Title,Type,SJR,H index,Country,Region
0,nature,journal,17.897,1276.0,United Kingdom,Western Europe
1,science,journal,14.589,1229.0,United States,Northern America
2,proceedings of the national academy of sciences of the united states of america,journal,4.184,805.0,United States,Northern America
3,chemical reviews,journal,18.718,745.0,United States,Northern America
4,physical review letters,journal,3.246,647.0,United States,Northern America
5,journal of the american chemical society,journal,5.728,644.0,United States,Northern America
6,angewandte chemie international edition,journal,5.126,579.0,United Kingdom,Western Europe
7,advanced materials,journal,8.663,563.0,United States,Northern America
8,chemical society reviews,journal,14.529,552.0,United Kingdom,Western Europe
9,nano letters,journal,3.761,511.0,United States,Northern America
10,nature materials,journal,12.229,507.0,United Kingdom,Western Europe
11,nature biotechnology,journal,20.12,463.0,United Kingdom,Western Europe
12,physical review b,journal,1.537,460.0,United States,Northern America
13,applied physics letters,journal,1.025,452.0,United States,Northern America
14,astrophysical journal,journal,1.901,445.0,United Kingdom,Western Europe
15,environmental science and technology,journal,2.635,425.0,United States,Northern America
16,accounts of chemical research,journal,7.469,415.0,United States,Northern America
17,acs nano,journal,4.611,413.0,United States,Northern America
18,nature communications,journal,4.846,410.0,United Kingdom,Western Europe
19,journal of physical chemistry b,journal,0.795,401.0,United States,Northern America
20,biomaterials,journal,2.678,397.0,United Kingdom,Western Europe
21,chemistry of materials,journal,2.93,393.0,United States,Northern America
22,energy and environmental science,journal,11.558,376.0,United Kingdom,Western Europe
23,nature nanotechnology,journal,11.698,368.0,United Kingdom,Western Europe
24,plos one,journal,0.852,367.0,United States,Northern America
25,physical review d,journal,1.677,363.0,United States,Northern America
26,journal of chemical physics,journal,1.103,361.0,United States,Northern America
27,reviews of modern physics,journal,21.151,352.0,United States,Northern America
28,advanced functional materials,journal,5.0,349.0,Germany,Western Europe
29,chemical communications,journal,1.513,348.0,United Kingdom,Western Europe
30,langmuir,journal,0.884,346.0,United States,Northern America
31,analytical chemistry,journal,1.791,343.0,United States,Northern America
32,monthly notices of the royal astronomical society,journal,1.678,340.0,United Kingdom,Western Europe
33,nature photonics,journal,10.991,339.0,United Kingdom,Western Europe
34,applied and environmental microbiology,journal,1.133,339.0,United States,Northern America
35,renewable and sustainable energy reviews,journal,3.678,337.0,United Kingdom,Western Europe
36,journal of applied physics,journal,0.668,331.0,United States,Northern America
37,water research,journal,2.806,327.0,United Kingdom,Western Europe
38,macromolecules,journal,1.504,323.0,United States,Northern America
39,journal of power sources,journal,1.983,320.0,Netherlands,Western Europe
40,bioresource technology,journal,2.354,317.0,United Kingdom,Western Europe
41,acta materialia,journal,2.828,316.0,United Kingdom,Western Europe
42,journal of agricultural and food chemistry,journal,1.018,310.0,United States,Northern America
43,journal of hazardous materials,journal,1.991,307.0,Netherlands,Western Europe
44,physical review e,journal,0.847,307.0,United States,Northern America
45,journal of physical chemistry c,journal,1.103,306.0,United States,Northern America
46,astronomy and astrophysics,journal,1.918,305.0,France,Western Europe
47,ieee transactions on industrial electronics,journal,3.519,304.0,United States,Northern America
48,ieee transactions on automatic control,journal,4.172,300.0,United States,Northern America
49,environmental health perspectives,journal,2.09,297.0,United States,Northern America
50,carbon,journal,1.992,296.0,United Kingdom,Western Europe
51,progress in polymer science,journal,5.886,296.0,United Kingdom,Western Europe
52,proceedings of the ieee,journal,4.678,296.0,United States,Northern America
53,nature physics,journal,7.568,295.0,United Kingdom,Western Europe
54,physics reports,journal,6.327,293.0,Netherlands,Western Europe
55,coordination chemistry reviews,journal,4.442,287.0,Netherlands,Western Europe
56,automatica,journal,3.796,287.0,United Kingdom,Western Europe
57,ieee transactions on power electronics,journal,3.34,285.0,United States,Northern America
58,journal of the electrochemical society,journal,1.066,284.0,United States,Northern America
59,food chemistry,journal,1.489,281.0,United Kingdom,Western Europe
60,optics express,journal,1.233,281.0,United States,Northern America
61,optics letters,journal,1.263,277.0,United States,Northern America
62,ieee transactions on power systems,journal,4.638,276.0,United States,Northern America
63,ieee transactions on signal processing,journal,2.682,275.0,United States,Northern America
64,science of the total environment,journal,1.806,275.0,Netherlands,Western Europe
65,european journal of operational research,journal,2.354,274.0,Netherlands,Western Europe
66,applied catalysis b environmental,journal,4.466,274.0,Netherlands,Western Europe
67,global change biology,journal,3.685,272.0,United Kingdom,Western Europe
68,physical review a,journal,1.183,269.0,United States,Northern America
69,ieee transactions on geoscience and remote sensing,journal,2.404,269.0,United States,Northern America
70,polymer,journal,0.774,268.0,Netherlands,Western Europe
71,physics letters section b nuclear elementary particle and highenergy physics,journal,1.75,267.0,Netherlands,Western Europe
72,journal of membrane science,journal,1.771,267.0,Netherlands,Western Europe
73,proceedings of the royal society b biological sciences,journal,1.987,265.0,United Kingdom,Western Europe
74,chemosphere,journal,1.505,265.0,United Kingdom,Western Europe
75,ieee communications magazine,journal,5.147,260.0,United States,Northern America
76,journal of computational physics,journal,2.069,260.0,United States,Northern America
77,small,journal,3.225,259.0,Germany,Western Europe
78,nuclear physics b,journal,0.924,258.0,Netherlands,Western Europe
79,atmospheric environment,journal,1.383,257.0,United Kingdom,Western Europe
80,international journal of radiation oncology biology physics,journal,1.904,257.0,United States,Northern America
81,physical chemistry chemical physics,journal,0.899,256.0,United Kingdom,Western Europe
82,acs applied materials and interfaces,journal,2.143,255.0,United States,Northern America
83,research policy,journal,3.533,255.0,Netherlands,Western Europe
84,advanced energy materials,journal,8.226,255.0,Germany,Western Europe
85,chemistry a european journal,journal,1.343,254.0,Germany,Western Europe
86,journal of catalysis,journal,1.936,253.0,United States,Northern America
87,materials science and engineering a structural materials properties microstructure and processing,journal,1.563,252.0,Netherlands,Western Europe
88,astrophysical journal supplement series,journal,3.084,252.0,United Kingdom,Western Europe
89,astronomical journal,journal,1.905,250.0,United Kingdom,Western Europe
90,environmental pollution,journal,1.954,249.0,United Kingdom,Western Europe
91,nature chemistry,journal,8.384,249.0,United Kingdom,Western Europe
92,electrochimica acta,journal,1.306,249.0,United Kingdom,Western Europe
93,chemical engineering journal,journal,2.419,248.0,Netherlands,Western Europe
94,journal of colloid and interface science,journal,1.397,247.0,United States,Northern America
95,organic letters,journal,1.669,246.0,United States,Northern America
96,nanoscale,journal,1.744,244.0,United Kingdom,Western Europe
97,ieee journal on selected areas in communications,journal,6.32,242.0,United States,Northern America
98,scientific reports,journal,1.005,242.0,United Kingdom,Western Europe
99,journal of physical chemistry a,journal,0.656,241.0,United States,Northern America
100,inorganic chemistry,journal,1.121,241.0,United States,Northern America
101,journal of hydrology,journal,1.611,241.0,Netherlands,Western Europe
102,green chemistry,journal,1.937,240.0,United Kingdom,Western Europe
103,chemical physics letters,journal,0.463,240.0,Netherlands,Western Europe
104,journal of materials chemistry a,journal,3.099,240.0,United Kingdom,Western Europe
105,cement and concrete research,journal,5.408,239.0,United Kingdom,Western Europe
106,journal of high energy physics,journal,0.895,238.0,Germany,Western Europe
107,journal of chromatography a,journal,0.813,237.0,Netherlands,Western Europe
108,applied energy,journal,3.062,235.0,United Kingdom,Western Europe
109,journal of organic chemistry,journal,0.983,234.0,United States,Northern America
110,energy policy,journal,2.126,234.0,United Kingdom,Western Europe
111,ieee transactions on medical imaging,journal,4.045,233.0,United States,Northern America
112,journal of physics condensed matter,journal,0.651,233.0,United Kingdom,Western Europe
113,journal of fluid mechanics,journal,1.703,232.0,United Kingdom,Western Europe
114,conservation biology,journal,2.018,232.0,United Kingdom,Western Europe
115,journal of cleaner production,journal,1.921,232.0,United Kingdom,Western Europe
116,biomacromolecules,journal,1.359,232.0,United States,Northern America
117,proceedings ieee infocom,conference and proceedings,2.789,231.0,United States,Northern America
118,industrial and engineering chemistry research,journal,0.816,231.0,United States,Northern America
119,trends in biotechnology,journal,2.681,231.0,United Kingdom,Western Europe
120,international journal of hydrogen energy,journal,1.201,231.0,United Kingdom,Western Europe
121,acs catalysis,journal,4.202,231.0,United States,Northern America
122,water resources research,journal,1.783,231.0,United States,Northern America
123,fuel,journal,1.514,229.0,Netherlands,Western Europe
124,carbohydrate polymers,journal,1.612,228.0,United Kingdom,Western Europe
125,morbidity and mortality weekly report,journal,16.513,228.0,United States,Northern America
126,tetrahedron,journal,0.507,226.0,United Kingdom,Western Europe
127,composites science and technology,journal,1.76,226.0,United Kingdom,Western Europe
128,expert systems with applications,journal,2.07,225.0,United Kingdom,Western Europe
129,international journal of heat and mass transfer,journal,1.461,224.0,United Kingdom,Western Europe
130,applied catalysis a general,journal,1.08,224.0,Netherlands,Western Europe
131,ieee transactions on wireless communications,journal,4.436,224.0,United States,Northern America
132,annual review of ecology evolution and systematics,book series,6.234,223.0,United States,Northern America
133,reports on progress in physics,journal,5.756,223.0,United Kingdom,Western Europe
134,ieee journal of solidstate circuits,journal,4.186,222.0,United States,Northern America
135,catalysis today,journal,1.094,221.0,Netherlands,Western Europe
136,physical review c,journal,1.317,221.0,United States,Northern America
137,ecological applications,journal,1.591,221.0,United States,Northern America
138,journal of machine learning research,journal,2.393,221.0,United States,Northern America
139,lab on a chip,journal,1.639,221.0,United Kingdom,Western Europe
140,journal of physical chemistry letters,journal,2.009,220.0,United States,Northern America
141,ecological economics,journal,1.778,220.0,Netherlands,Western Europe
142,corrosion science,journal,1.694,219.0,United Kingdom,Western Europe
143,ieee transactions on communications,journal,3.106,216.0,United States,Northern America
144,ieee communications surveys and tutorials,journal,13.519,216.0,United States,Northern America
145,current opinion in biotechnology,journal,2.17,214.0,United Kingdom,Western Europe
146,biological conservation,journal,2.14,213.0,Netherlands,Western Europe
147,pharmaceutical research,journal,0.658,213.0,United States,Northern America
148,analytica chimica acta,journal,1.105,213.0,Netherlands,Western Europe
149,energy,journal,2.041,212.0,United Kingdom,Western Europe
150,nature climate change,journal,6.134,211.0,United Kingdom,Western Europe
151,sensors and actuators b chemical,journal,1.39,211.0,Netherlands,Western Europe
152,nanotechnology,journal,0.757,211.0,United Kingdom,Western Europe
153,renewable energy,journal,1.877,210.0,United Kingdom,Western Europe
154,ieee transactions on antennas and propagation,journal,2.128,210.0,United States,Northern America
155,biotechnology advances,journal,2.482,210.0,United States,Northern America
156,environment international,journal,2.757,210.0,United Kingdom,Western Europe
157,energy conversion and management,journal,2.829,210.0,United Kingdom,Western Europe
158,ieee transactions on biomedical engineering,journal,1.298,210.0,United States,Northern America
159,journal of biomechanics,journal,0.747,208.0,United Kingdom,Western Europe
160,journal physics d applied physics,journal,0.717,207.0,United Kingdom,Western Europe
161,acta biomaterialia,journal,1.661,207.0,Netherlands,Western Europe
162,ieee transactions on industry applications,journal,1.983,206.0,United States,Northern America
163,scripta materialia,journal,1.703,205.0,United Kingdom,Western Europe
164,biosensors and bioelectronics,journal,2.113,205.0,United Kingdom,Western Europe
165,journal of lightwave technology,journal,1.434,205.0,United States,Northern America
166,computer methods in applied mechanics and engineering,journal,2.179,205.0,Netherlands,Western Europe
167,applied surface science,journal,1.147,204.0,Netherlands,Western Europe
168,applied optics,journal,0.581,203.0,United States,Northern America
169,journal of the american ceramic society,journal,0.779,203.0,United States,Northern America
170,desalination,journal,1.632,203.0,Netherlands,Western Europe
171,ieee transactions on fuzzy systems,journal,4.08,202.0,United States,Northern America
172,solid state ionics,journal,0.778,201.0,Netherlands,Western Europe
173,journal of materials processing technology,journal,1.578,201.0,Netherlands,Western Europe
174,electrochemistry communications,journal,1.09,200.0,United States,Northern America
175,nano energy,journal,4.684,200.0,Netherlands,Western Europe
176,thin solid films,journal,0.468,199.0,Netherlands,Western Europe
177,journal of operations management,journal,3.363,199.0,Netherlands,Western Europe
178,international journal of food microbiology,journal,0.997,199.0,Netherlands,Western Europe
179,marine ecology progress series,journal,0.913,198.0,Germany,Western Europe
180,energy and fuels,journal,0.822,198.0,United States,Northern America
181,climatic change,journal,1.357,198.0,Netherlands,Western Europe
182,biotechnology and bioengineering,journal,0.883,198.0,Germany,Western Europe
183,energy and buildings,journal,1.682,198.0,Netherlands,Western Europe
184,construction and building materials,journal,1.777,198.0,United Kingdom,Western Europe
185,ieee transactions on power delivery,journal,2.287,198.0,United States,Northern America
186,international journal of production economics,journal,2.808,197.0,Netherlands,Western Europe
187,ieee transactions on microwave theory and techniques,journal,2.005,197.0,United States,Northern America
188,molecular and cellular proteomics,journal,2.377,196.0,United States,Northern America
189,sensors,journal,0.803,196.0,Switzerland,Western Europe
190,global biogeochemical cycles,journal,2.194,196.0,United States,Northern America
191,journal of environmental management,journal,1.481,196.0,United States,Northern America
192,progress in energy and combustion science,journal,6.777,196.0,United Kingdom,Western Europe
193,solar energy materials and solar cells,journal,1.515,195.0,Netherlands,Western Europe
194,international journal of molecular sciences,journal,1.176,195.0,Switzerland,Western Europe
195,materials today,journal,6.3,194.0,Netherlands,Western Europe
196,journal of the acoustical society of america,journal,0.693,194.0,United States,Northern America
197,journal of computational chemistry,journal,0.778,194.0,United States,Northern America
198,advances in colloid and interface science,journal,2.109,194.0,Netherlands,Western Europe
199,information sciences,journal,2.29,194.0,United States,Northern America
200,chemical engineering science,journal,0.87,194.0,United Kingdom,Western Europe
201,journal of ecology,journal,2.193,194.0,United Kingdom,Western Europe
202,solar energy,journal,1.418,194.0,United Kingdom,Western Europe
203,composites part a applied science and manufacturing,journal,1.655,193.0,United Kingdom,Western Europe
204,marine pollution bulletin,journal,1.508,193.0,United Kingdom,Western Europe
205,annual review of fluid mechanics,book series,7.56,193.0,United States,Northern America
206,dalton transactions,journal,0.864,193.0,United Kingdom,Western Europe
207,journal of chemical theory and computation,journal,1.619,193.0,United States,Northern America
208,journal of applied ecology,journal,2.08,192.0,United Kingdom,Western Europe
209,global environmental change,journal,3.154,192.0,United Kingdom,Western Europe
210,annual review of astronomy and astrophysics,book series,12.75,192.0,United States,Northern America
211,quaternary science reviews,journal,1.694,192.0,United Kingdom,Western Europe
212,ieee transactions on electron devices,journal,0.695,191.0,United States,Northern America
213,progress in materials science,journal,8.941,191.0,United Kingdom,Western Europe
214,plos computational biology,journal,1.96,191.0,United States,Northern America
215,ieee signal processing magazine,journal,4.703,191.0,United States,Northern America
216,proceedings ieee international conference on robotics and automation,conference and proceedings,1.92,190.0,United States,Northern America
217,journal of sound and vibration,journal,1.345,190.0,United States,Northern America
218,current opinion in chemical biology,journal,2.548,190.0,United Kingdom,Western Europe
219,combustion and flame,journal,1.683,190.0,United States,Northern America
220,chemical science,journal,2.878,190.0,United Kingdom,Western Europe
221,biomass and bioenergy,journal,1.009,189.0,United Kingdom,Western Europe
222,forest ecology and management,journal,1.107,188.0,Netherlands,Western Europe
223,natural product reports,journal,2.78,188.0,United Kingdom,Western Europe
224,ieee transactions on vehicular technology,journal,2.515,188.0,United States,Northern America
225,journal of materials science,journal,0.781,187.0,Netherlands,Western Europe
226,geophysics,journal,1.665,187.0,United States,Northern America
227,materials and design,journal,1.802,187.0,Netherlands,Western Europe
228,computer physics communications,journal,1.284,186.0,Netherlands,Western Europe
229,agriculture ecosystems and environment,journal,1.664,186.0,Netherlands,Western Europe
230,physics of fluids,journal,1.189,186.0,United States,Northern America
231,journal of alloys and compounds,journal,1.027,185.0,Netherlands,Western Europe
232,ieee transactions on energy conversion,journal,2.087,185.0,United States,Northern America
233,current medicinal chemistry,journal,0.8,183.0,United Arab Emirates,Middle East
234,european physical journal c,journal,1.563,183.0,Germany,Western Europe
235,surface and coatings technology,journal,0.922,182.0,Netherlands,Western Europe
236,trac trends in analytical chemistry,journal,2.194,182.0,Netherlands,Western Europe
237,waste management,journal,1.741,182.0,United Kingdom,Western Europe
238,journal of the mechanics and physics of solids,journal,1.855,181.0,United Kingdom,Western Europe
239,soft matter,journal,0.897,180.0,United Kingdom,Western Europe
240,environmental toxicology and chemistry,journal,0.887,180.0,United States,Northern America
241,mechanical systems and signal processing,journal,2.768,180.0,United States,Northern America
242,new journal of physics,journal,1.371,180.0,United Kingdom,Western Europe
243,colloids and surfaces a physicochemical and engineering aspects,journal,0.758,179.0,Netherlands,Western Europe
244,international journal of solids and structures,journal,1.137,179.0,United Kingdom,Western Europe
245,proceedings of spie the international society for optical engineering,conference and proceedings,0.184,179.0,United States,Northern America
246,journal of magnetism and magnetic materials,journal,0.606,179.0,Netherlands,Western Europe
247,science advances,journal,4.586,178.0,United States,Northern America
248,landscape and urban planning,journal,1.908,178.0,Netherlands,Western Europe
249,physics letters section a general atomic and solid state physics,journal,0.531,177.0,Netherlands,Western Europe
250,bioconjugate chemistry,journal,1.193,177.0,United States,Northern America
251,journal of environmental quality,journal,0.923,176.0,United States,Northern America
252,ieeeacm transactions on networking,journal,2.146,176.0,United States,Northern America
253,organometallics,journal,0.994,176.0,United States,Northern America
254,agricultural and forest meteorology,journal,1.719,175.0,Netherlands,Western Europe
255,international journal for numerical methods in engineering,journal,1.233,175.0,United Kingdom,Western Europe
256,european journal of medicinal chemistry,journal,1.054,175.0,France,Western Europe
257,separation and purification technology,journal,1.197,175.0,Netherlands,Western Europe
258,journal of applied polymer science,journal,0.528,175.0,United States,Northern America
259,annual review of physical chemistry,journal,3.171,174.0,United States,Northern America
260,cement and concrete composites,journal,2.894,174.0,United Kingdom,Western Europe
261,philosophical transactions series a mathematical physical and engineering sciences,journal,0.973,174.0,United Kingdom,Western Europe
262,food hydrocolloids,journal,2.132,174.0,Netherlands,Western Europe
263,frontiers in ecology and the environment,journal,3.185,174.0,United States,Northern America
264,analytical and bioanalytical chemistry,journal,0.744,174.0,Germany,Western Europe
265,tetrahedron letters,journal,0.459,173.0,United Kingdom,Western Europe
266,aiche journal,journal,0.813,173.0,United States,Northern America
267,critical reviews in food science and nutrition,journal,1.749,173.0,United Kingdom,Western Europe
268,applied thermal engineering,journal,1.584,173.0,United Kingdom,Western Europe
269,building and environment,journal,1.498,172.0,United Kingdom,Western Europe
270,chemsuschem,journal,2.096,172.0,Germany,Western Europe
271,ieee transactions on control systems technology,journal,2.191,172.0,United States,Northern America
272,astrophysical journal letters,journal,2.636,172.0,United Kingdom,Western Europe
273,bioorganic and medicinal chemistry,journal,0.598,171.0,United Kingdom,Western Europe
274,ieee transactions on circuits and systems for video technology,journal,1.871,171.0,United States,Northern America
275,classical and quantum gravity,journal,1.343,171.0,United Kingdom,Western Europe
276,molecules,journal,0.705,171.0,Switzerland,Western Europe
277,talanta,journal,0.983,170.0,Netherlands,Western Europe
278,nuclear instruments and methods in physics research section a accelerators spectrometers detectors and associated equipment,journal,0.629,170.0,Netherlands,Western Europe
279,international journal of robotics research,journal,3.403,170.0,United States,Northern America
280,microporous and mesoporous materials,journal,0.924,170.0,Netherlands,Western Europe
281,physica a statistical mechanics and its applications,journal,0.891,170.0,Netherlands,Western Europe
282,composite structures,journal,1.452,170.0,Netherlands,Western Europe
283,journal of chemical information and modeling,journal,1.223,169.0,United States,Northern America
284,hydrological processes,journal,1.014,169.0,United Kingdom,Western Europe
285,ieee wireless communications,journal,6.06,169.0,United States,Northern America
286,colloids and surfaces b biointerfaces,journal,0.882,169.0,Netherlands,Western Europe
287,wear,journal,1.145,169.0,Netherlands,Western Europe
288,polymer degradation and stability,journal,0.894,169.0,United Kingdom,Western Europe
289,ieee transactions on robotics,journal,3.458,168.0,United States,Northern America
290,energy economics,journal,2.549,168.0,Netherlands,Western Europe
291,journal of proteome research,journal,1.384,168.0,United States,Northern America
292,ieee transactions on circuits and systems i regular papers,journal,1.344,168.0,United States,Northern America
293,review of scientific instruments,journal,0.606,167.0,United States,Northern America
294,international journal of machine tools and manufacture,journal,3.165,167.0,United Kingdom,Western Europe
295,osteoarthritis and cartilage,journal,1.823,167.0,United Kingdom,Western Europe
296,nuclear physics a,journal,0.565,167.0,Netherlands,Western Europe
297,rsc advances,journal,0.667,167.0,United Kingdom,Western Europe
298,molecular catalysis,journal,0.789,166.0,Netherlands,Western Europe
299,process biochemistry,journal,0.708,166.0,United Kingdom,Western Europe
300,annual review of materials research,book series,4.712,166.0,United States,Northern America
301,ieee transactions on intelligent transportation systems,journal,2.111,166.0,United States,Northern America
302,journal of photochemistry and photobiology a chemistry,journal,0.628,165.0,Netherlands,Western Europe
303,metallurgical and materials transactions a physical metallurgy and materials science,journal,0.858,165.0,United States,Northern America
304,ieee journal of selected topics in quantum electronics,journal,1.216,164.0,United States,Northern America
305,annual review of earth and planetary sciences,book series,4.535,164.0,United States,Northern America
306,aiaa journal,journal,1.064,164.0,United States,Northern America
307,physics of plasmas,journal,0.841,164.0,United States,Northern America
308,journal of biotechnology,journal,0.637,164.0,Netherlands,Western Europe
309,accident analysis and prevention,journal,1.91,164.0,United Kingdom,Western Europe
310,cirp annals manufacturing technology,journal,1.937,164.0,United States,Northern America
311,mutation research fundamental and molecular mechanisms of mutagenesis,journal,0.919,164.0,Netherlands,Western Europe
312,journal of geotechnical and geoenvironmental engineering asce,journal,1.906,164.0,United States,Northern America
313,annual review of biophysics,journal,7.164,163.0,United States,Northern America
314,global ecology and biogeography,journal,2.716,163.0,United Kingdom,Western Europe
315,crystal growth and design,journal,0.745,163.0,United States,Northern America
316,proceedings icassp ieee international conference on acoustics speech and signal processing,conference and proceedings,1.229,163.0,United States,Northern America
317,journal of biogeography,journal,1.607,163.0,United Kingdom,Western Europe
318,composites part b engineering,journal,2.119,163.0,United Kingdom,Western Europe
319,journal of electroanalytical chemistry,journal,0.737,163.0,Netherlands,Western Europe
320,ecological modelling,journal,0.858,163.0,Netherlands,Western Europe
321,european journal of organic chemistry,journal,0.738,162.0,Germany,Western Europe
322,fems microbiology ecology,journal,1.092,162.0,United Kingdom,Western Europe
323,journal of the optical society of america a optics and image science and vision,journal,0.598,162.0,United States,Northern America
324,europhysics letters,journal,0.525,162.0,United Kingdom,Western Europe
325,materials chemistry and physics,journal,0.749,162.0,Netherlands,Western Europe
326,electrophoresis,journal,0.595,161.0,Germany,Western Europe
327,smart materials and structures,journal,0.89,161.0,United Kingdom,Western Europe
328,ieee photonics technology letters,journal,0.753,161.0,United States,Northern America
329,publications of the astronomical society of the pacific,journal,1.978,160.0,United States,Northern America
330,sensors and actuators a physical,journal,0.738,160.0,Netherlands,Western Europe
331,nature energy,journal,16.736,160.0,United States,Northern America
332,advanced synthesis and catalysis,journal,1.392,160.0,Germany,Western Europe
333,analyst the,journal,0.873,160.0,United Kingdom,Western Europe
334,dental materials,journal,1.341,159.0,United Kingdom,Western Europe
335,journal of biomedical materials research part a,journal,0.784,159.0,United States,Northern America
336,ieee electron device letters,journal,1.13,159.0,United States,Northern America
337,space science reviews,journal,2.365,159.0,Netherlands,Western Europe
338,journal of the european ceramic society,journal,1.107,159.0,Netherlands,Western Europe
339,mrs bulletin,journal,1.209,159.0,Switzerland,Western Europe
340,macromolecular rapid communications,journal,1.103,159.0,Germany,Western Europe
341,ecosystems,journal,1.371,158.0,United States,Northern America
342,ieee access,journal,0.927,158.0,United States,Northern America
343,pure and applied chemistry,journal,0.44,157.0,United States,Northern America
344,reliability engineering and system safety,journal,1.824,157.0,United Kingdom,Western Europe
345,urban studies,journal,1.907,157.0,United Kingdom,Western Europe
346,journal of structural engineering,journal,1.385,157.0,United States,Northern America
347,fuel processing technology,journal,1.375,156.0,Netherlands,Western Europe
348,isprs journal of photogrammetry and remote sensing,journal,3.481,155.0,Netherlands,Western Europe
349,organic and biomolecular chemistry,journal,0.832,155.0,United Kingdom,Western Europe
350,journal of crystal growth,journal,0.43,155.0,Netherlands,Western Europe
351,journal of physics a mathematical and theoretical,journal,0.76,155.0,United Kingdom,Western Europe
352,materials letters,journal,0.658,155.0,Netherlands,Western Europe
353,journal of polymer science,journal,0.495,155.0,United States,Northern America
354,engineering structures,journal,1.626,155.0,United Kingdom,Western Europe
355,icarus,journal,1.361,155.0,United States,Northern America
356,nano today,journal,3.89,155.0,Netherlands,Western Europe
357,applied physics a materials science and processing,journal,0.444,154.0,Germany,Western Europe
358,journal of product innovation management,journal,2.758,154.0,United Kingdom,Western Europe
359,journal of chromatography b analytical technologies in the biomedical and life sciences,journal,0.557,154.0,Netherlands,Western Europe
360,bioorganic and medicinal chemistry letters,journal,0.536,154.0,United Kingdom,Western Europe
361,biogeochemistry,journal,1.555,154.0,Netherlands,Western Europe
362,international journal of production research,journal,2.78,153.0,United Kingdom,Western Europe
363,current opinion in colloid and interface science,journal,1.267,153.0,United Kingdom,Western Europe
364,enzyme and microbial technology,journal,0.634,153.0,United States,Northern America
365,international journal of project management,journal,2.495,153.0,United Kingdom,Western Europe
366,biochimica et biophysica acta proteins and proteomics,journal,0.759,153.0,Netherlands,Western Europe
367,journal of materials research,journal,0.697,152.0,Switzerland,Western Europe
368,ecology and society,journal,1.346,152.0,Canada,Northern America
369,materials science and engineering r reports,journal,6.443,151.0,Netherlands,Western Europe
370,ieee transactions on industrial informatics,journal,4.333,151.0,United States,Northern America
371,resources conservation and recycling,journal,2.589,150.0,Netherlands,Western Europe
372,international journal of plasticity,journal,2.725,150.0,United Kingdom,Western Europe
373,ieee communications letters,journal,1.712,150.0,United States,Northern America
374,electronics letters,journal,0.421,150.0,United Kingdom,Western Europe
375,aquatic toxicology,journal,1.119,150.0,Netherlands,Western Europe
376,journal of polymer science part b polymer physics,journal,0.589,150.0,United States,Northern America
377,journal of noncrystalline solids,journal,0.751,150.0,Netherlands,Western Europe
378,surface science,journal,0.478,149.0,Netherlands,Western Europe
379,environmental research,journal,1.507,149.0,United States,Northern America
380,journal of guidance control and dynamics,journal,1.339,149.0,United States,Northern America
381,european polymer journal,journal,0.823,149.0,United Kingdom,Western Europe
382,proceedings of the combustion institute,journal,1.723,149.0,United Kingdom,Western Europe
383,powder technology,journal,0.999,148.0,Netherlands,Western Europe
384,transportation research part b methodological,journal,3.373,148.0,United Kingdom,Western Europe
385,ieee transactions on neural systems and rehabilitation engineering,journal,1.257,148.0,United States,Northern America
386,mmwr recommendations and reports,journal,25.045,148.0,United States,Northern America
387,journal of nuclear materials,journal,1.049,148.0,Netherlands,Western Europe
388,journal of solid state chemistry,journal,0.576,148.0,United States,Northern America
389,chemphyschem,journal,0.86,148.0,Germany,Western Europe
390,journal of the royal society interface,journal,1.381,147.0,United Kingdom,Western Europe
391,international journal of coal geology,journal,1.872,147.0,Netherlands,Western Europe
392,chaos solitons and fractals,journal,1.647,147.0,United Kingdom,Western Europe
393,synthetic metals,journal,0.613,147.0,Netherlands,Western Europe
394,ieee transactions on aerospace and electronic systems,journal,1.414,147.0,United States,Northern America
395,physical review x,journal,6.735,147.0,United States,Northern America
396,hydrology and earth system sciences,journal,1.783,147.0,Germany,Western Europe
397,journal of microelectromechanical systems,journal,0.719,147.0,United States,Northern America
398,journal of natural products,journal,0.866,147.0,United States,Northern America
399,synthesis,journal,0.792,147.0,Germany,Western Europe
400,transportation research part c emerging technologies,journal,3.211,147.0,United Kingdom,Western Europe
401,journal of biomedical optics,journal,0.872,147.0,United States,Northern America
402,journal of the optical society of america b optical physics,journal,0.587,146.0,United States,Northern America
403,environmental modelling and software,journal,1.426,146.0,Netherlands,Western Europe
404,measurement science and technology,journal,0.477,145.0,United Kingdom,Western Europe
405,journal of materials chemistry c,journal,1.608,145.0,United Kingdom,Western Europe
406,ecotoxicology and environmental safety,journal,1.239,145.0,United States,Northern America
407,international journal of nanomedicine,journal,1.032,145.0,New Zealand,Pacific Region
408,water science and technology,journal,0.447,145.0,United Kingdom,Western Europe
409,ieee signal processing letters,journal,1.361,145.0,United States,Northern America
410,advances in water resources,journal,1.304,145.0,United Kingdom,Western Europe
411,materials science and engineering c,journal,1.191,145.0,Netherlands,Western Europe
412,ecological indicators,journal,1.284,145.0,Netherlands,Western Europe
413,computers and chemical engineering,journal,1.017,144.0,United Kingdom,Western Europe
414,computers and structures,journal,1.423,144.0,United Kingdom,Western Europe
415,international journal of biological macromolecules,journal,1.1,144.0,Netherlands,Western Europe
416,journal of analytical and applied pyrolysis,journal,1.11,144.0,Netherlands,Western Europe
417,signal processing,journal,1.295,144.0,Netherlands,Western Europe
418,ieee transactions on magnetics,journal,0.73,143.0,United States,Northern America
419,global and planetary change,journal,1.371,143.0,Netherlands,Western Europe
420,ieee transactions on mobile computing,journal,2.426,143.0,United States,Northern America
421,international journal of electrical power and energy systems,journal,1.544,142.0,United Kingdom,Western Europe
422,transportation research part a policy and practice,journal,2.228,142.0,United Kingdom,Western Europe
423,environmental research letters,journal,2.111,142.0,United Kingdom,Western Europe
424,thermochimica acta,journal,0.582,142.0,Netherlands,Western Europe
425,aapg bulletin,journal,1.292,142.0,United States,Northern America
426,ieee transactions on ultrasonics ferroelectrics and frequency control,journal,0.879,141.0,United States,Northern America
427,ieeeasme transactions on mechatronics,journal,2.095,141.0,United States,Northern America
428,communications in mathematical physics,journal,1.274,141.0,Germany,Western Europe
429,annals of biomedical engineering,journal,0.865,141.0,Netherlands,Western Europe
430,biodiversity and conservation,journal,0.974,141.0,Netherlands,Western Europe
431,ultrasonics sonochemistry,journal,1.414,140.0,Netherlands,Western Europe
432,systems and control letters,journal,1.753,140.0,Netherlands,Western Europe
433,geological society special publication,book series,0.74,140.0,United Kingdom,Western Europe
434,annual review of biomedical engineering,journal,2.587,140.0,United States,Northern America
435,journal of chemical and engineering data,journal,0.691,140.0,United States,Northern America
436,ieee transactions on information forensics and security,journal,3.299,140.0,United States,Northern America
437,ieee transactions on cybernetics,journal,4.506,140.0,United States,Northern America
438,crystengcomm,journal,0.64,140.0,United Kingdom,Western Europe
439,technovation,journal,2.069,140.0,United Kingdom,Western Europe
440,optics communications,journal,0.589,139.0,Netherlands,Western Europe
441,physica d nonlinear phenomena,journal,0.905,139.0,Netherlands,Western Europe
442,risk analysis,journal,0.919,139.0,United Kingdom,Western Europe
443,ultrasound in medicine and biology,journal,0.752,139.0,United States,Northern America
444,agricultural water management,journal,1.491,139.0,Netherlands,Western Europe
445,environment and planning a,journal,1.668,139.0,United Kingdom,Western Europe
446,rapid communications in mass spectrometry,journal,0.458,139.0,United Kingdom,Western Europe
447,european journal of inorganic chemistry,journal,0.553,139.0,Germany,Western Europe
448,applied geochemistry,journal,0.829,138.0,United Kingdom,Western Europe
449,automation in construction,journal,2.401,138.0,Netherlands,Western Europe
450,carbohydrate research,journal,0.439,138.0,United Kingdom,Western Europe
451,ecological engineering,journal,1.015,138.0,Netherlands,Western Europe
452,photochemistry and photobiology,journal,0.682,138.0,United States,Northern America
453,international journal of environmental research and public health,journal,0.814,138.0,Switzerland,Western Europe
454,engineering fracture mechanics,journal,1.252,138.0,Netherlands,Western Europe
455,japanese journal of applied physics,journal,0.444,138.0,Japan,Asiatic Region
456,proceedings of the royal society a mathematical physical and engineering sciences,journal,0.793,137.0,United Kingdom,Western Europe
457,journal of micromechanics and microengineering,journal,0.455,137.0,United Kingdom,Western Europe
458,marine chemistry,journal,1.272,137.0,Netherlands,Western Europe
459,ieee journal of biomedical and health informatics,journal,1.799,137.0,United States,Northern America
460,progress in photovoltaics research and applications,journal,1.981,137.0,United Kingdom,Western Europe
461,landscape ecology,journal,1.166,136.0,Netherlands,Western Europe
462,journal of the physical society of japan,journal,0.674,136.0,Japan,Asiatic Region
463,synlett,journal,0.587,136.0,Germany,Western Europe
464,nano research,journal,2.264,136.0,China,Asiatic Region
465,computers and industrial engineering,journal,1.775,136.0,United Kingdom,Western Europe
466,image and vision computing,journal,1.159,135.0,United Kingdom,Western Europe
467,journal of inorganic biochemistry,journal,0.571,135.0,United States,Northern America
468,ieee transactions on multimedia,journal,2.735,135.0,United States,Northern America
469,international journal of fatigue,journal,1.508,135.0,United Kingdom,Western Europe
470,solid state communications,journal,0.413,134.0,United Kingdom,Western Europe
471,applied physics b lasers and optics,journal,0.488,134.0,Germany,Western Europe
472,acs energy letters,journal,7.362,134.0,United States,Northern America
473,international journal of advanced manufacturing technology,journal,0.924,134.0,United Kingdom,Western Europe
474,microbial ecology,journal,0.922,134.0,United States,Northern America
475,ieee transactions on sustainable energy,journal,4.163,134.0,United States,Northern America
476,nanomedicine nanotechnology biology and medicine,journal,1.019,133.0,United States,Northern America
477,journal of pharmaceutical and biomedical analysis,journal,0.657,133.0,Netherlands,Western Europe
478,international journal of impact engineering,journal,1.413,133.0,United Kingdom,Western Europe
479,journal of materials science materials in medicine,journal,0.628,133.0,Netherlands,Western Europe
480,electroanalysis,journal,0.505,133.0,Germany,Western Europe
481,cellulose,journal,0.997,132.0,Netherlands,Western Europe
482,journal of molecular liquids,journal,0.914,132.0,Netherlands,Western Europe
483,chemometrics and intelligent laboratory systems,journal,0.733,132.0,Netherlands,Western Europe
484,ambio,journal,1.661,132.0,Netherlands,Western Europe
485,environmental science and pollution research,journal,0.831,132.0,Germany,Western Europe
486,spectrochimica acta part a molecular and biomolecular spectroscopy,journal,0.59,132.0,Netherlands,Western Europe
487,acs sustainable chemistry and engineering,journal,1.743,132.0,United States,Northern America
488,ieee sensors journal,journal,0.926,132.0,United States,Northern America
489,transportation research record,book series,0.575,131.0,United States,Northern America
490,journal of biomechanical engineering,journal,0.437,131.0,United States,Northern America
491,journal of engineering mechanics asce,journal,0.839,131.0,United States,Northern America
492,journal of the acm,journal,2.808,131.0,United States,Northern America
493,journal of environmental economics and management,journal,3.476,131.0,United States,Northern America
494,mutation research reviews in mutation research,journal,1.421,131.0,Netherlands,Western Europe
495,chembiochem,journal,0.918,131.0,Germany,Western Europe
496,nature reviews materials,journal,23.876,131.0,United Kingdom,Western Europe
497,journal of heat transfer,journal,0.555,131.0,United States,Northern America
498,environmental earth sciences,journal,0.623,130.0,Germany,Western Europe
499,fish and shellfish immunology,journal,1.091,130.0,United States,Northern America
500,journal of atmospheric and oceanic technology,journal,0.883,130.0,United States,Northern America
501,biochemical engineering journal,journal,0.743,130.0,Netherlands,Western Europe
502,ieee journal of quantum electronics,journal,0.576,130.0,United States,Northern America
503,electric power systems research,journal,1.109,130.0,Netherlands,Western Europe
504,european physical journal b,journal,0.396,130.0,Germany,Western Europe
505,mass spectrometry reviews,journal,2.081,130.0,United States,Northern America
506,journal of the american society for mass spectrometry,journal,0.715,130.0,United States,Northern America
507,tribology international,journal,1.463,129.0,United Kingdom,Western Europe
508,canadian geotechnical journal,journal,1.613,129.0,Canada,Northern America
509,biopolymers,journal,0.508,129.0,United States,Northern America
510,international journal of human computer studies,journal,1.094,129.0,United States,Northern America
511,dyes and pigments,journal,0.699,129.0,Netherlands,Western Europe
512,proceedings of the ieee conference on decision and control,conference and proceedings,0.787,129.0,United States,Northern America
513,advanced science,journal,3.984,128.0,Germany,Western Europe
514,radiation research,journal,0.765,128.0,United States,Northern America
515,regional studies,journal,1.459,128.0,United Kingdom,Western Europe
516,materials,journal,0.604,128.0,Switzerland,Western Europe
517,experiments in fluids,journal,1.008,128.0,Germany,Western Europe
518,journal of nanoparticle research,journal,0.417,128.0,Netherlands,Western Europe
519,ieee transactions on instrumentation and measurement,journal,1.178,128.0,United States,Northern America
520,international journal of multiphase flow,journal,1.158,128.0,United Kingdom,Western Europe
521,ieee international conference on intelligent robots and systems,conference and proceedings,1.117,128.0,United States,Northern America
522,journal of organometallic chemistry,journal,0.43,127.0,Netherlands,Western Europe
523,international journal of thermal sciences,journal,1.132,127.0,France,Western Europe
524,ieee microwave and wireless components letters,journal,1.224,127.0,United States,Northern America
525,ieee transactions on humanmachine systems,journal,1.084,127.0,United States,Northern America
526,journal of magnetic resonance,journal,0.818,127.0,United States,Northern America
527,amino acids,journal,0.676,127.0,Austria,Western Europe
528,nonlinear dynamics,journal,1.262,127.0,Netherlands,Western Europe
529,ultramicroscopy,journal,1.248,127.0,Netherlands,Western Europe
530,applied soil ecology,journal,1.107,127.0,Netherlands,Western Europe
531,journal of cosmology and astroparticle physics,journal,0.862,127.0,United Kingdom,Western Europe
532,polymer chemistry,journal,1.12,127.0,United Kingdom,Western Europe
533,fluid phase equilibria,journal,0.606,126.0,Netherlands,Western Europe
534,robotics and autonomous systems,journal,1.202,126.0,Netherlands,Western Europe
535,ieee transactions on nuclear science,journal,0.554,126.0,United States,Northern America
536,metabolic engineering,journal,1.998,126.0,United States,Northern America
537,catalysis communications,journal,0.649,126.0,Netherlands,Western Europe
538,computational materials science,journal,0.777,126.0,Netherlands,Western Europe
539,new journal of chemistry,journal,0.628,126.0,United Kingdom,Western Europe
540,canadian journal of forest research,journal,0.596,126.0,Canada,Northern America
541,ceramics international,journal,0.887,126.0,United Kingdom,Western Europe
542,journal of mechanical design transactions of the asme,journal,1.005,126.0,United States,Northern America
543,ieee antennas and wireless propagation letters,journal,1.877,126.0,United States,Northern America
544,environmental science and policy,journal,1.683,126.0,Netherlands,Western Europe
545,control engineering practice,journal,1.32,125.0,United Kingdom,Western Europe
546,land use policy,journal,1.635,125.0,United Kingdom,Western Europe
547,catalysis science and technology,journal,1.299,125.0,United Kingdom,Western Europe
548,marine biology,journal,0.779,125.0,Germany,Western Europe
549,catalysis letters,journal,0.535,125.0,Netherlands,Western Europe
550,nuclear fusion,journal,1.563,125.0,United Kingdom,Western Europe
551,ices journal of marine science,journal,0.932,125.0,United Kingdom,Western Europe
552,lipids,journal,0.388,125.0,Germany,Western Europe
553,ieee geoscience and remote sensing letters,journal,1.403,125.0,United States,Northern America
554,environment and behavior,journal,1.61,125.0,United Kingdom,Western Europe
555,journal of hydraulic engineering,journal,0.747,125.0,United States,Northern America
556,safety science,journal,1.438,125.0,Netherlands,Western Europe
557,ieee transactions on dielectrics and electrical insulation,journal,0.887,125.0,United States,Northern America
558,international journal of refrigeration,journal,1.227,125.0,United Kingdom,Western Europe
559,environmental management,journal,0.844,125.0,United States,Northern America
560,annual review of environment and resources,book series,4.657,124.0,United States,Northern America
561,structural and multidisciplinary optimization,journal,1.495,124.0,Germany,Western Europe
562,laser and photonics reviews,journal,3.172,124.0,Germany,Western Europe
563,current science,journal,0.271,124.0,India,Asiatic Region
564,journal of photochemistry and photobiology b biology,journal,0.925,124.0,Netherlands,Western Europe
565,jaocs journal of the american oil chemists' society,journal,0.416,124.0,Germany,Western Europe
566,journal of chemical technology and biotechnology,journal,0.625,124.0,United Kingdom,Western Europe
567,materials science and engineering b solidstate materials for advanced technology,journal,0.599,124.0,United Kingdom,Western Europe
568,experimental thermal and fluid science,journal,1.105,123.0,United States,Northern America
569,conference record international conference on communications,conference and proceedings,0.87,123.0,United States,Northern America
570,chemical physics,journal,0.462,123.0,Netherlands,Western Europe
571,bioscience biotechnology and biochemistry,journal,0.439,123.0,United Kingdom,Western Europe
572,journal of mass spectrometry,journal,0.425,123.0,United States,Northern America
573,international journal of greenhouse gas control,journal,1.067,123.0,Netherlands,Western Europe
574,methods in ecology and evolution,journal,2.992,123.0,United States,Northern America
575,nuclear instruments and methods in physics research section b beam interactions with materials and atoms,journal,0.426,123.0,Netherlands,Western Europe
576,ieee journal on selected topics in signal processing,journal,3.227,123.0,United States,Northern America
577,ieee transactions on computeraided design of integrated circuits and systems,journal,1.039,122.0,United States,Northern America
578,journal of vegetation science,journal,0.945,122.0,United States,Northern America
579,transportation research part e logistics and transportation review,journal,2.835,122.0,United Kingdom,Western Europe
580,ieee control systems,journal,1.185,122.0,United States,Northern America
581,microscopy research and technique,journal,0.546,122.0,United States,Northern America
582,environmental monitoring and assessment,journal,0.623,122.0,Netherlands,Western Europe
583,planta medica,journal,0.572,122.0,Germany,Western Europe
584,science bulletin,journal,2.503,122.0,Netherlands,Western Europe
585,journal of arid environments,journal,0.658,122.0,United States,Northern America
586,journal of petroleum science and engineering,journal,1.062,122.0,Netherlands,Western Europe
587,holocene,journal,1.037,121.0,United Kingdom,Western Europe
588,international journal of mechanical sciences,journal,1.538,121.0,United Kingdom,Western Europe
589,surface science reports,journal,3.526,121.0,Netherlands,Western Europe
590,archives of toxicology,journal,1.1,121.0,Germany,Western Europe
591,advanced engineering materials,journal,0.9,121.0,Germany,Western Europe
592,journal of construction engineering and management asce,journal,1.07,121.0,United States,Northern America
593,international communications in heat and mass transfer,journal,1.112,121.0,United Kingdom,Western Europe
594,aci structural journal,journal,0.9,120.0,United States,Northern America
595,journal of vacuum science and technology bnanotechnology and microelectronics,journal,0.42,120.0,United States,Northern America
596,journal of neural engineering,journal,1.504,120.0,United Kingdom,Western Europe
597,hydrometallurgy,journal,0.799,120.0,Netherlands,Western Europe
598,progress in aerospace sciences,journal,2.514,120.0,United Kingdom,Western Europe
599,intermetallics,journal,0.964,120.0,United Kingdom,Western Europe
600,production and operations management,journal,3.344,120.0,United States,Northern America
601,solar physics,journal,0.772,120.0,Netherlands,Western Europe
602,joule,journal,10.451,120.0,United States,Northern America
603,ieee vehicular technology conference,conference and proceedings,0.459,120.0,United States,Northern America
604,ieee transactions on circuits and systems ii express briefs,journal,1.112,119.0,United States,Northern America
605,nmr in biomedicine,journal,1.109,119.0,United Kingdom,Western Europe
606,progress in particle and nuclear physics,journal,5.019,119.0,Netherlands,Western Europe
607,technical digest international electron devices meeting,conference and proceedings,0.705,119.0,United States,Northern America
608,applied biochemistry and biotechnology,journal,0.475,119.0,United States,Northern America
609,international materials reviews,journal,2.983,119.0,United Kingdom,Western Europe
610,cad computer aided design,journal,0.947,119.0,United Kingdom,Western Europe
611,journal of physics b atomic molecular and optical physics,journal,0.59,119.0,United Kingdom,Western Europe
612,international journal of control,journal,0.928,119.0,United Kingdom,Western Europe
613,journal of luminescence,journal,0.64,119.0,Netherlands,Western Europe
614,transportation science,journal,2.81,119.0,United States,Northern America
615,tissue engineering part a,journal,0.726,119.0,United States,Northern America
616,journal of supercritical fluids,journal,0.834,119.0,Netherlands,Western Europe
617,physics of the earth and planetary interiors,journal,1.047,119.0,Netherlands,Western Europe
618,coastal engineering,journal,1.677,118.0,Netherlands,Western Europe
619,isij international,journal,0.685,118.0,Japan,Asiatic Region
620,journal of process control,journal,1.131,118.0,United Kingdom,Western Europe
621,journal of analytical atomic spectrometry,journal,0.795,118.0,United Kingdom,Western Europe
622,journal of intelligent material systems and structures,journal,0.62,118.0,United Kingdom,Western Europe
623,nanoscale research letters,journal,0.91,118.0,United States,Northern America
624,water air and soil pollution,journal,0.546,118.0,Netherlands,Western Europe
625,journal of transport geography,journal,1.854,118.0,United Kingdom,Western Europe
626,international journal of engineering science,journal,2.362,118.0,United Kingdom,Western Europe
627,innovative food science and emerging technologies,journal,1.148,118.0,Netherlands,Western Europe
628,journal of industrial microbiology and biotechnology,journal,0.727,118.0,Germany,Western Europe
629,current opinion in solid state and materials science,journal,2.511,118.0,United Kingdom,Western Europe
630,spectrochimica acta part b atomic spectroscopy,journal,0.698,117.0,Netherlands,Western Europe
631,biosystems engineering,journal,1.017,117.0,United States,Northern America
632,international journal for numerical methods in fluids,journal,0.895,117.0,United Kingdom,Western Europe
633,iet generation transmission and distribution,journal,1.11,117.0,United Kingdom,Western Europe
634,journal of raman spectroscopy,journal,0.528,117.0,United Kingdom,Western Europe
635,agronomy for sustainable development,journal,1.61,117.0,United States,Northern America
636,physica b condensed matter,journal,0.452,117.0,Netherlands,Western Europe
637,semiconductor science and technology,journal,0.452,117.0,United Kingdom,Western Europe
638,critical reviews in environmental science and technology,journal,2.203,117.0,United Kingdom,Western Europe
639,jom,journal,0.602,117.0,United States,Northern America
640,freshwater science,journal,0.68,117.0,United States,Northern America
641,nanomedicine,journal,0.803,117.0,United Kingdom,Western Europe
642,fish and fisheries,journal,2.242,117.0,United Kingdom,Western Europe
643,chemistry letters,journal,0.419,116.0,Japan,Asiatic Region
644,mutation research genetic toxicology and environmental mutagenesis,journal,0.649,116.0,Netherlands,Western Europe
645,journal of biomedical materials research part b applied biomaterials,journal,0.576,116.0,United States,Northern America
646,proceedings of the american control conference,conference and proceedings,0.692,116.0,United States,Northern America
647,advances in physics,journal,8.837,116.0,United Kingdom,Western Europe
648,journal of applied electrochemistry,journal,0.537,116.0,Netherlands,Western Europe
649,journal of wildlife management,journal,0.868,116.0,United States,Northern America
650,international journal of heat and fluid flow,journal,0.928,116.0,Netherlands,Western Europe
651,international journal of mass spectrometry,journal,0.445,116.0,Netherlands,Western Europe
652,sae technical papers,journal,0.296,116.0,United States,Northern America
653,topics in catalysis,journal,0.735,116.0,Netherlands,Western Europe
654,physics today,trade journal,0.546,116.0,United States,Northern America
655,biological invasions,journal,0.981,116.0,Netherlands,Western Europe
656,diamond and related materials,journal,0.633,116.0,Netherlands,Western Europe
657,journal of bioscience and bioengineering,journal,0.608,116.0,Netherlands,Western Europe
658,journal of turbomachinery,journal,0.948,116.0,United States,Northern America
659,journal of aerosol science,journal,0.823,115.0,United Kingdom,Western Europe
660,minerals engineering,journal,1.073,115.0,United Kingdom,Western Europe
661,journal of wind engineering and industrial aerodynamics,journal,1.242,115.0,Netherlands,Western Europe
662,business strategy and the environment,journal,2.241,115.0,United Kingdom,Western Europe
663,chaos,journal,1.009,115.0,United States,Northern America
664,magnetic resonance imaging,journal,0.716,115.0,United States,Northern America
665,applied mechanics reviews,journal,1.791,115.0,United States,Northern America
666,progress in organic coatings,journal,0.928,115.0,Netherlands,Western Europe
667,journal of vacuum science and technology a vacuum surfaces and films,journal,0.676,115.0,United States,Northern America
668,organic process research and development,journal,1.006,115.0,United States,Northern America
669,macromolecular chemistry and physics,journal,0.498,115.0,Germany,Western Europe
670,polymer engineering and science,journal,0.485,115.0,United States,Northern America
671,astroparticle physics,journal,0.74,115.0,Netherlands,Western Europe
672,materials research bulletin,journal,0.818,115.0,United Kingdom,Western Europe
673,archives of environmental contamination and toxicology,journal,0.702,115.0,United States,Northern America
674,applied spectroscopy,journal,0.509,115.0,United States,Northern America
675,mechanism and machine theory,journal,1.502,115.0,United Kingdom,Western Europe
676,journal of materials in civil engineering,journal,1.055,114.0,United States,Northern America
677,medical engineering and physics,journal,0.534,114.0,Netherlands,Western Europe
678,computers and fluids,journal,1.049,114.0,United Kingdom,Western Europe
679,chemcatchem,journal,1.311,114.0,Germany,Western Europe
680,biotechnology letters,journal,0.508,114.0,Netherlands,Western Europe
681,engineering applications of artificial intelligence,journal,1.734,114.0,United Kingdom,Western Europe
682,aerosol science and technology,journal,0.806,114.0,United Kingdom,Western Europe
683,natural hazards,journal,0.7,114.0,Netherlands,Western Europe
684,food policy,journal,1.926,113.0,United Kingdom,Western Europe
685,journal of engineering education,journal,1.287,113.0,United States,Northern America
686,journal of industrial and engineering chemistry,journal,0.995,113.0,South Korea,Asiatic Region
687,transportation research part d transport and environment,journal,1.983,113.0,United Kingdom,Western Europe
688,international journal of life cycle assessment,journal,1.121,113.0,Germany,Western Europe
689,chemistry an asian journal,journal,1.072,113.0,United Kingdom,Western Europe
690,tunnelling and underground space technology,journal,2.189,113.0,United Kingdom,Western Europe
691,comparative biochemistry and physiology part c toxicology and pharmacology,journal,0.721,113.0,United States,Northern America
692,journal of materials chemistry b,journal,1.215,113.0,United Kingdom,Western Europe
693,zhongguo dianji gongcheng xuebaoproceedings of the chinese society of electrical engineering,journal,0.858,113.0,China,Asiatic Region
694,iet control theory and applications,journal,0.984,113.0,United Kingdom,Western Europe
695,journal of fluids and structures,journal,1.154,112.0,United States,Northern America
696,mechanics of materials,journal,0.921,112.0,Netherlands,Western Europe
697,journal of mathematical physics,journal,0.606,112.0,United States,Northern America
698,climate research,journal,0.497,112.0,Germany,Western Europe
699,light science and applications,journal,5.497,112.0,United Kingdom,Western Europe
700,journal of constructional steel research,journal,1.388,112.0,Netherlands,Western Europe
701,journal of industrial ecology,journal,1.733,112.0,United States,Northern America
702,materials and structuresmateriaux et constructions,journal,1.271,112.0,Netherlands,Western Europe
703,plasma physics and controlled fusion,journal,1.132,112.0,United Kingdom,Western Europe
704,journal of physics and chemistry of solids,journal,0.664,112.0,United Kingdom,Western Europe
705,protein engineering design and selection,journal,0.562,112.0,United Kingdom,Western Europe
706,international journal of robust and nonlinear control,journal,1.552,111.0,United Kingdom,Western Europe
707,energies,journal,0.653,111.0,Switzerland,Western Europe
708,chemical engineering and processing process intensification,journal,0.766,111.0,Netherlands,Western Europe
709,journal of composites for construction,journal,1.281,111.0,United States,Northern America
710,plasma sources science and technology,journal,0.855,111.0,United Kingdom,Western Europe
711,journal of quantitative spectroscopy and radiative transfer,journal,0.605,111.0,United Kingdom,Western Europe
712,faraday discussions,journal,1.005,111.0,United Kingdom,Western Europe
713,environment and planning d society and space,journal,2.571,111.0,United Kingdom,Western Europe
714,theoretical chemistry accounts,journal,0.381,111.0,United States,Northern America
715,estuaries and coasts,journal,0.908,111.0,United States,Northern America
716,physica status solidi b basic research,journal,0.414,111.0,Germany,Western Europe
717,polymer international,journal,0.555,110.0,United Kingdom,Western Europe
718,journal of the american water resources association,journal,0.788,110.0,United States,Northern America
719,molecular physics,journal,0.436,110.0,United Kingdom,Western Europe
720,journal of rheology,journal,1.048,110.0,Japan,Asiatic Region
721,water resources management,journal,0.929,110.0,Netherlands,Western Europe
722,international biodeterioration and biodegradation,journal,0.904,110.0,United Kingdom,Western Europe
723,journal of molecular structure,journal,0.48,110.0,Netherlands,Western Europe
724,ieee transactions on plasma science,journal,0.479,110.0,United States,Northern America
725,macromolecular bioscience,journal,0.89,109.0,Germany,Western Europe
726,computational mechanics,journal,1.413,109.0,Germany,Western Europe
727,progress in nuclear magnetic resonance spectroscopy,journal,2.307,109.0,Netherlands,Western Europe
728,optica,journal,4.164,109.0,United States,Northern America
729,plant ecology,journal,0.578,109.0,Netherlands,Western Europe
730,european food research and technology,journal,0.592,109.0,Germany,Western Europe
731,ieee transactions on very large scale integration vlsi systems,journal,0.834,109.0,United States,Northern America
732,soil dynamics and earthquake engineering,journal,1.426,109.0,United Kingdom,Western Europe
733,ocean engineering,journal,1.381,109.0,United Kingdom,Western Europe
734,sustainability,journal,0.664,109.0,Switzerland,Western Europe
735,industrial management and data systems,journal,1.006,109.0,United Kingdom,Western Europe
736,journal of environmental sciences,journal,1.205,109.0,China,Asiatic Region
737,annals of physics,journal,0.804,109.0,United States,Northern America
738,optical engineering,journal,0.375,109.0,United States,Northern America
739,physica status solidi a applications and materials science,journal,0.492,109.0,Germany,Western Europe
740,optical materials,journal,0.583,109.0,Netherlands,Western Europe
741,journal of statistical physics,journal,0.716,109.0,United States,Northern America
742,biometals,journal,0.539,108.0,Netherlands,Western Europe
743,journal of fluids engineering transactions of the asme,journal,0.577,108.0,United States,Northern America
744,nuclear engineering and design,journal,0.879,108.0,Netherlands,Western Europe
745,applied geography,journal,1.169,108.0,Netherlands,Western Europe
746,chemical engineering research and design,journal,0.705,108.0,United Kingdom,Western Europe
747,spe journal,journal,1.05,108.0,United States,Northern America
748,biotechnology for biofuels,journal,1.326,108.0,United Kingdom,Western Europe
749,computers in industry,journal,2.427,108.0,Netherlands,Western Europe
750,journal of biomolecular nmr,journal,0.972,108.0,Netherlands,Western Europe
751,ieee transactions on reliability,journal,1.253,108.0,United States,Northern America
752,journal of nonnewtonian fluid mechanics,journal,0.761,108.0,Netherlands,Western Europe
753,international journal of applied earth observation and geoinformation,journal,1.844,108.0,Netherlands,Western Europe
754,indoor air,journal,1.13,108.0,Denmark,Western Europe
755,journal of physics g nuclear and particle physics,journal,1.122,107.0,United Kingdom,Western Europe
756,current organic chemistry,journal,0.379,107.0,United Arab Emirates,Middle East
757,international journal of quantum chemistry,journal,0.463,107.0,United States,Northern America
758,rock mechanics and rock engineering,journal,1.968,107.0,Austria,Western Europe
759,superconductor science and technology,journal,0.826,107.0,United Kingdom,Western Europe
760,polymer testing,journal,0.81,107.0,United Kingdom,Western Europe
761,international journal of bifurcation and chaos in applied sciences and engineering,journal,0.689,107.0,Singapore,Asiatic Region
762,materials transactions,journal,0.457,107.0,Japan,Asiatic Region
763,applied ergonomics,journal,1.131,107.0,United Kingdom,Western Europe
764,steroids,journal,0.501,107.0,United States,Northern America
765,journal of separation science,journal,0.58,106.0,Germany,Western Europe
766,chemmedchem,journal,0.735,106.0,United Kingdom,Western Europe
767,journal of propulsion and power,journal,0.78,106.0,United States,Northern America
768,restoration ecology,journal,1.099,106.0,United Kingdom,Western Europe
769,cell transplantation,journal,0.791,106.0,United States,Northern America
770,transactions of the asabe,journal,0.319,106.0,United States,Northern America
771,organic electronics,journal,0.728,106.0,Netherlands,Western Europe
772,microbial cell factories,journal,1.113,106.0,United Kingdom,Western Europe
773,hydrological sciences journal,journal,0.973,106.0,United Kingdom,Western Europe
774,yeast,journal,0.865,106.0,United Kingdom,Western Europe
775,journal of biological inorganic chemistry,journal,0.62,106.0,Germany,Western Europe
776,digest of technical papers ieee international solidstate circuits conference,conference and proceedings,4.793,106.0,United States,Northern America
777,photochemical and photobiological sciences,journal,0.737,105.0,Switzerland,Western Europe
778,advanced healthcare materials,journal,2.015,105.0,United Kingdom,Western Europe
779,journal of economic entomology,journal,0.683,105.0,United Kingdom,Western Europe
780,ieee transactions on consumer electronics,journal,1.561,105.0,United States,Northern America
781,particle and fibre toxicology,journal,1.437,105.0,United Kingdom,Western Europe
782,catalysis reviews science and engineering,journal,2.34,105.0,United States,Northern America
783,journal of visualized experiments,journal,0.504,105.0,United States,Northern America
784,monthly notices of the royal astronomical society letters,journal,1.705,105.0,United Kingdom,Western Europe
785,journal of personality assessment,journal,1.068,105.0,United States,Northern America
786,redox biology,journal,2.191,105.0,Netherlands,Western Europe
787,cereal chemistry,journal,0.488,105.0,United States,Northern America
788,marine policy,journal,1.166,104.0,United Kingdom,Western Europe
789,optics and lasers in engineering,journal,1.218,104.0,United Kingdom,Western Europe
790,hydrogeology journal,journal,0.84,104.0,Germany,Western Europe
791,materials characterization,journal,1.122,104.0,United States,Northern America
792,advanced optical materials,journal,2.411,104.0,United States,Northern America
793,annual review of nuclear and particle science,book series,6.59,104.0,United States,Northern America
794,information processing and management,journal,1.854,104.0,United Kingdom,Western Europe
795,fungal diversity,journal,6.674,104.0,Netherlands,Western Europe
796,mmwr surveillance summaries,journal,10.129,104.0,United States,Northern America
797,ieee journal of oceanic engineering,journal,1.106,104.0,United States,Northern America
798,publication of the astronomical society of japan,journal,1.582,104.0,United Kingdom,Western Europe
799,reactive and functional polymers,journal,0.67,104.0,Netherlands,Western Europe
800,environmental sciences processes and impacts,journal,1.205,104.0,United Kingdom,Western Europe
801,journal of synchrotron radiation,journal,1.127,104.0,United Kingdom,Western Europe
802,microelectronic engineering,journal,0.561,104.0,Netherlands,Western Europe
803,macromolecular materials and engineering,journal,0.722,104.0,Germany,Western Europe
804,journal of computeraided molecular design,journal,0.763,104.0,Netherlands,Western Europe
805,journal of water resources planning and management asce,journal,0.821,103.0,United States,Northern America
806,energy storage materials,journal,4.865,103.0,Netherlands,Western Europe
807,chemistry and physics of lipids,journal,0.677,103.0,Ireland,Western Europe
808,journal of manufacturing science and engineering transactions of the asme,journal,1.055,103.0,United States,Northern America
809,medical and biological engineering and computing,journal,0.66,103.0,Germany,Western Europe
810,journal of mammalogy,journal,0.798,103.0,United States,Northern America
811,scientific world journal the,journal,0.398,103.0,Egypt,Africa/Middle East
812,physiological measurement,journal,0.777,103.0,United Kingdom,Western Europe
813,measurement journal of the international measurement confederation,journal,0.996,102.0,Netherlands,Western Europe
814,journal of contaminant hydrology,journal,0.829,102.0,Netherlands,Western Europe
815,international journal of energy research,journal,0.811,102.0,United Kingdom,Western Europe
816,international journal of food science and technology,journal,0.676,102.0,United Kingdom,Western Europe
817,inorganica chimica acta,journal,0.42,102.0,Netherlands,Western Europe
818,chem,journal,6.073,102.0,United States,Northern America
819,polyhedron,journal,0.446,102.0,United Kingdom,Western Europe
820,international journal of modern physics a,journal,0.533,102.0,Singapore,Asiatic Region
821,journal of applied mechanics transactions asme,journal,0.774,102.0,United States,Northern America
822,journal of electronic materials,journal,0.383,102.0,United States,Northern America
823,science and technology of advanced materials,journal,1.485,102.0,United Kingdom,Western Europe
824,international journal of fracture,journal,0.684,101.0,Netherlands,Western Europe
825,bulletin of the chemical society of japan,journal,0.797,101.0,Japan,Asiatic Region
826,journal of thermal analysis and calorimetry,journal,0.639,101.0,Netherlands,Western Europe
827,aaps pharmscitech,journal,0.594,101.0,Switzerland,Western Europe
828,acs macro letters,journal,1.705,101.0,United States,Northern America
829,river research and applications,journal,0.71,101.0,United Kingdom,Western Europe
830,environmental health a global access science source,journal,1.307,101.0,United Kingdom,Western Europe
831,iet electric power applications,journal,0.779,100.0,United Kingdom,Western Europe
832,journal of field robotics,journal,2.342,100.0,United States,Northern America
833,topics in current chemistry,journal,1.91,100.0,Germany,Western Europe
834,tissue engineering part b reviews,journal,1.287,100.0,United States,Northern America
835,marine environmental research,journal,0.814,100.0,Netherlands,Western Europe
836,biophysical chemistry,journal,0.606,100.0,Netherlands,Western Europe
837,structural safety,journal,1.496,100.0,Netherlands,Western Europe
838,transportation research part f traffic psychology and behaviour,journal,1.462,100.0,United Kingdom,Western Europe
839,aci materials journal,journal,0.645,100.0,United States,Northern America
840,thinwalled structures,journal,1.377,100.0,United Kingdom,Western Europe
841,european journal of lipid science and technology,journal,0.545,99.0,Germany,Western Europe
842,european physical journal a,journal,0.958,99.0,United States,Northern America
843,construction management and economics,journal,0.947,99.0,United Kingdom,Western Europe
844,acs photonics,journal,2.273,99.0,United States,Northern America
845,robotics and computerintegrated manufacturing,journal,2.873,99.0,United Kingdom,Western Europe
846,ultrasonics,journal,0.895,99.0,Netherlands,Western Europe
847,journal of biomaterials science polymer edition,journal,0.553,99.0,United Kingdom,Western Europe
848,american journal of physics,journal,0.417,99.0,United States,Northern America
849,archive for rational mechanics and analysis,journal,2.67,99.0,United States,Northern America
850,environmental impact assessment review,journal,1.053,99.0,United States,Northern America
851,ground water,journal,0.796,99.0,United States,Northern America
852,physica e lowdimensional systems and nanostructures,journal,0.566,99.0,Netherlands,Western Europe
853,current opinion in environmental sustainability,journal,2.097,99.0,Netherlands,Western Europe
854,advances in space research,journal,0.613,99.0,United Kingdom,Western Europe
855,journal of the mechanical behavior of biomedical materials,journal,0.746,99.0,Netherlands,Western Europe
856,radiation measurements,journal,0.569,99.0,United Kingdom,Western Europe
857,iise transactions,journal,1.137,98.0,United Kingdom,Western Europe
858,transportation,journal,1.756,98.0,Netherlands,Western Europe
859,applied physics express,journal,0.712,98.0,Japan,Asiatic Region
860,international journal of biometeorology,journal,0.801,98.0,Germany,Western Europe
861,design studies,journal,1.113,98.0,United Kingdom,Western Europe
862,bioelectrochemistry,journal,0.77,98.0,Netherlands,Western Europe
863,ndt and e international,journal,1.231,98.0,United Kingdom,Western Europe
864,journal of plankton research,journal,0.704,98.0,United Kingdom,Western Europe
865,journal of environmental engineering asce,journal,0.455,98.0,United States,Northern America
866,international journal for numerical and analytical methods in geomechanics,journal,1.539,98.0,United Kingdom,Western Europe
867,vehicle system dynamics,journal,1.402,98.0,United Kingdom,Western Europe
868,wind energy,journal,0.797,98.0,United Kingdom,Western Europe
869,annales geophysicae,journal,0.679,98.0,Germany,Western Europe
870,solidstate electronics,journal,0.415,98.0,United Kingdom,Western Europe
871,environmental and resource economics,journal,1.416,98.0,Netherlands,Western Europe
872,journal of aircraft,journal,0.839,97.0,United States,Northern America
873,environment and planning b urban analytics and city science,journal,1.006,97.0,United Kingdom,Western Europe
874,ieee transactions on systems man and cybernetics systems,journal,3.448,97.0,United States,Northern America
875,tribology letters,journal,0.906,97.0,United States,Northern America
876,ecotoxicology,journal,0.622,97.0,Netherlands,Western Europe
877,ieee transactions on engineering management,journal,0.881,97.0,United States,Northern America
878,computers environment and urban systems,journal,1.703,97.0,United Kingdom,Western Europe
879,paleobiology,journal,1.054,97.0,United Kingdom,Western Europe
880,international journal of adhesion and adhesives,journal,0.83,97.0,United Kingdom,Western Europe
881,rapid prototyping journal,journal,0.852,97.0,United Kingdom,Western Europe
882,journal of composite materials,journal,0.575,97.0,United Kingdom,Western Europe
883,journal of environmental radioactivity,journal,0.725,96.0,United Kingdom,Western Europe
884,journal of exposure science and environmental epidemiology,journal,1.234,96.0,United Kingdom,Western Europe
885,polymer reviews,journal,2.213,96.0,United States,Northern America
886,metallurgical and materials transactions b process metallurgy and materials processing science,journal,0.772,96.0,United States,Northern America
887,microelectronics reliability,journal,0.452,96.0,United Kingdom,Western Europe
888,european physical journal e,journal,0.424,96.0,United States,Northern America
889,chemical and pharmaceutical bulletin,journal,0.376,95.0,Japan,Asiatic Region
890,journal of chemometrics,journal,0.421,95.0,United Kingdom,Western Europe
891,ieee micro,journal,1.312,95.0,United States,Northern America
892,planetary and space science,journal,0.647,95.0,United Kingdom,Western Europe
893,materials science and technology,journal,0.523,95.0,United Kingdom,Western Europe
894,educational technology and society,journal,1.311,95.0,Taiwan,Asiatic Region
895,food and bioprocess technology,journal,0.987,95.0,United States,Northern America
896,cryosphere,journal,2.378,95.0,Germany,Western Europe
897,journal of photochemistry and photobiology c photochemistry reviews,journal,2.718,95.0,Netherlands,Western Europe
898,acs central science,journal,4.093,95.0,United States,Northern America
899,materials horizons,journal,3.667,95.0,United Kingdom,Western Europe
900,ieee transactions on electromagnetic compatibility,journal,0.854,95.0,United States,Northern America
901,ieee robotics and automation magazine,journal,1.225,95.0,United States,Northern America
902,journal of coastal research,journal,0.237,95.0,United States,Northern America
903,journal of optics united kingdom,journal,0.714,95.0,United Kingdom,Western Europe
904,mutagenesis,journal,0.648,95.0,United Kingdom,Western Europe
905,mechatronics,journal,1.175,94.0,United Kingdom,Western Europe
906,philosophical magazine,journal,0.476,94.0,United Kingdom,Western Europe
907,journal of physical and chemical reference data,journal,0.64,94.0,United States,Northern America
908,polymers for advanced technologies,journal,0.589,94.0,United Kingdom,Western Europe
909,journal of chemical thermodynamics,journal,0.665,94.0,United States,Northern America
910,journal of solgel science and technology,journal,0.465,94.0,Netherlands,Western Europe
911,nanotoxicology,journal,0.869,94.0,United Kingdom,Western Europe
912,drying technology,journal,0.654,94.0,United States,Northern America
913,journal of hydrologic engineering asce,journal,0.558,94.0,United States,Northern America
914,scientific american,journal,0.117,94.0,United States,Northern America
915,mikrochimica acta,journal,0.957,94.0,Austria,Western Europe
916,geotextiles and geomembranes,journal,1.805,94.0,Netherlands,Western Europe
917,archives of pharmacal research,journal,0.93,93.0,South Korea,Asiatic Region
918,corrosion,journal,0.405,93.0,United States,Northern America
919,transport in porous media,journal,0.712,93.0,Netherlands,Western Europe
920,environmental conservation,journal,0.908,93.0,United Kingdom,Western Europe
921,journal of dynamic systems measurement and control transactions of the asme,journal,0.631,93.0,United States,Northern America
922,presence teleoperators and virtual environments,journal,0.467,93.0,United States,Northern America
923,microfluidics and nanofluidics,journal,0.48,93.0,Germany,Western Europe
924,international journal of wildland fire,journal,0.847,93.0,Australia,Pacific Region
925,biomedical optics express,journal,1.12,93.0,United States,Northern America
926,journal of electron spectroscopy and related phenomena,journal,0.451,93.0,Netherlands,Western Europe
927,european journal of mechanics asolids,journal,1.155,93.0,Netherlands,Western Europe
928,surface and interface analysis,journal,0.352,93.0,United Kingdom,Western Europe
929,journal of fluorine chemistry,journal,0.424,93.0,Netherlands,Western Europe
930,ieee transactions on automation science and engineering,journal,1.865,93.0,United States,Northern America
931,marine and freshwater research,journal,0.623,93.0,Australia,Pacific Region
932,dianli xitong zidonghuaautomation of electric power systems,journal,0.858,93.0,China,Asiatic Region
933,solid state sciences,journal,0.557,93.0,France,Western Europe
934,environmental entomology,journal,0.62,92.0,United States,Northern America
935,journal of the air and waste management association,journal,0.626,92.0,United Kingdom,Western Europe
936,computational and theoretical chemistry,journal,0.346,92.0,Netherlands,Western Europe
937,energy procedia,conference and proceedings,0.533,92.0,United Kingdom,Western Europe
938,nonlinear analysis real world applications,journal,1.272,92.0,Netherlands,Western Europe
939,journal of toxicology and environmental health part a current issues,journal,0.619,92.0,United Kingdom,Western Europe
940,building research and information,journal,1.016,92.0,United Kingdom,Western Europe
941,advances in biochemical engineeringbiotechnology,journal,,92.0,Germany,Western Europe
942,wetlands,journal,0.617,92.0,Netherlands,Western Europe
943,land economics,journal,0.811,92.0,United States,Northern America
944,biofouling,journal,0.501,92.0,United Kingdom,Western Europe
945,biofabrication,journal,1.697,92.0,United Kingdom,Western Europe
946,journal of quality technology,journal,1.237,92.0,United States,Northern America
947,journal of modern optics,journal,0.344,92.0,United Kingdom,Western Europe
948,journal of the taiwan institute of chemical engineers,journal,0.8,91.0,Taiwan,Asiatic Region
949,oxford review of economic policy,journal,2.24,91.0,United Kingdom,Western Europe
950,biomedical microdevices,journal,0.573,91.0,Netherlands,Western Europe
951,trees structure and function,journal,0.658,91.0,Germany,Western Europe
952,progress in electromagnetics research,journal,0.761,91.0,United States,Northern America
953,society and natural resources,journal,0.833,91.0,United Kingdom,Western Europe
954,wireless networks,journal,0.657,91.0,Netherlands,Western Europe
955,environmental and molecular mutagenesis,journal,0.812,91.0,United States,Northern America
956,current applied physics,journal,0.521,91.0,Netherlands,Western Europe
957,journal of safety research,journal,0.969,91.0,United Kingdom,Western Europe
958,journal of engineering for gas turbines and power,journal,0.647,91.0,United States,Northern America
959,ieee antennas and propagation magazine,journal,0.794,91.0,United States,Northern America
960,toxins,journal,0.884,91.0,Switzerland,Western Europe
961,international journal of nonlinear mechanics,journal,0.809,91.0,United Kingdom,Western Europe
962,experimental mechanics,journal,0.725,91.0,United States,Northern America
963,new biotechnology,journal,1.031,91.0,Netherlands,Western Europe
964,clays and clay minerals,journal,0.357,90.0,United States,Northern America
965,textile reseach journal,journal,0.47,90.0,United Kingdom,Western Europe
966,bulletin of mathematical biology,journal,0.594,90.0,United States,Northern America
967,microchemical journal,journal,0.677,90.0,United States,Northern America
968,journal of aoac international,journal,0.457,90.0,United States,Northern America
969,ocean and coastal management,journal,0.969,90.0,United Kingdom,Western Europe
970,eurasip journal on advances in signal processing,journal,0.489,90.0,United States,Northern America
971,international journal of phytoremediation,journal,0.608,90.0,United Kingdom,Western Europe
972,drug development and industrial pharmacy,journal,0.566,90.0,United States,Northern America
973,conference proceedings ieee applied power electronics conference and exposition apec,conference and proceedings,0.69,90.0,United States,Northern America
974,journal of the franklin institute,journal,1.238,90.0,United Kingdom,Western Europe
975,precision engineering,journal,0.958,90.0,United States,Northern America
976,journal of chemical education,journal,0.504,90.0,United States,Northern America
977,austral ecology,journal,0.643,90.0,United Kingdom,Western Europe
978,inhalation toxicology,journal,0.51,90.0,United Kingdom,Western Europe
979,journal of environmental chemical engineering,journal,1.042,90.0,United Kingdom,Western Europe
980,acta astronautica,journal,1.0,89.0,United Kingdom,Western Europe
981,conservation letters,journal,2.923,89.0,United States,Northern America
982,applied acoustics,journal,0.844,89.0,United Kingdom,Western Europe
983,international journal of refractory metals and hard materials,journal,0.994,89.0,Netherlands,Western Europe
984,colloid and polymer science,journal,0.403,89.0,Germany,Western Europe
985,botany,journal,0.392,89.0,Canada,Northern America
986,biofuels bioproducts and biorefining,journal,0.94,89.0,United Kingdom,Western Europe
987,vacuum,journal,0.738,89.0,United Kingdom,Western Europe
988,land degradation and development,journal,1.246,89.0,United Kingdom,Western Europe
989,general relativity and gravitation,journal,0.878,89.0,United States,Northern America
990,habitat international,journal,1.252,89.0,United Kingdom,Western Europe
991,ieee pulse,journal,0.398,89.0,United States,Northern America
992,computeraided civil and infrastructure engineering,journal,3.134,89.0,United Kingdom,Western Europe
993,international journal of electrochemical science,journal,0.309,89.0,Serbia,Eastern Europe
994,journal of toxicology and environmental health part b critical reviews,journal,1.61,89.0,United Kingdom,Western Europe
995,soil research,journal,0.586,89.0,Australia,Pacific Region
996,additive manufacturing,journal,2.825,89.0,Netherlands,Western Europe
997,journal of tribology,journal,0.525,89.0,United States,Northern America
998,animal conservation,journal,1.229,89.0,United States,Northern America
999,journal of solid state electrochemistry,journal,0.526,89.0,Germany,Western Europe
1000,nonlinearity,journal,1.382,89.0,United Kingdom,Western Europe
1001,polymers,journal,0.726,89.0,Switzerland,Western Europe
1002,pesticide biochemistry and physiology,journal,0.91,88.0,United States,Northern America
1003,fatigue and fracture of engineering materials and structures,journal,0.842,88.0,United Kingdom,Western Europe
1004,journal of technology transfer,journal,1.609,88.0,United States,Northern America
1005,spe reservoir evaluation and engineering,journal,0.885,88.0,United States,Northern America
1006,ieee transactions on applied superconductivity,journal,0.443,88.0,United States,Northern America
1007,ieee systems journal,journal,1.359,88.0,United States,Northern America
1008,living reviews in relativity,journal,12.365,88.0,Switzerland,Western Europe
1009,procedia engineering,conference and proceedings,0.334,88.0,Netherlands,Western Europe
1010,yanshilixue yu gongcheng xuebaochinese journal of rock mechanics and engineering,journal,0.619,88.0,China,Asiatic Region
1011,isa transactions,journal,1.474,88.0,United States,Northern America
1012,reviews in environmental science and biotechnology,journal,2.13,88.0,Netherlands,Western Europe
1013,environmental toxicology and pharmacology,journal,0.866,88.0,Netherlands,Western Europe
1014,biological trace element research,journal,0.649,88.0,United States,Northern America
1015,radio science,journal,0.445,88.0,United States,Northern America
1016,npg asia materials,journal,2.587,88.0,United States,Northern America
1017,aerospace science and technology,journal,1.417,88.0,France,Western Europe
1018,micron,journal,0.499,88.0,United Kingdom,Western Europe
1019,journal of loss prevention in the process industries,journal,0.757,88.0,Netherlands,Western Europe
1020,starchstaerke,journal,0.557,87.0,Germany,Western Europe
1021,signal processing image communication,journal,0.978,87.0,Netherlands,Western Europe
1022,polymer composites,journal,0.552,87.0,United States,Northern America
1023,journal of solar energy engineering transactions of the asme,journal,0.614,87.0,United States,Northern America
1024,european cells and materials,journal,0.709,87.0,Switzerland,Western Europe
1025,soils and foundations,journal,1.233,87.0,Japan,Asiatic Region
1026,journal of thermal spray technology,journal,0.537,87.0,United States,Northern America
1027,process safety and environmental protection,journal,1.256,87.0,United Kingdom,Western Europe
1028,annual international conference of the ieee engineering in medicine and biology proceedings,conference and proceedings,0.346,87.0,United States,Northern America
1029,international reviews in physical chemistry,journal,1.201,87.0,United Kingdom,Western Europe
1030,urban forestry and urban greening,journal,1.233,87.0,Germany,Western Europe
1031,wiley interdisciplinary reviews climate change,journal,2.613,87.0,United States,Northern America
1032,radiation physics and chemistry,journal,0.524,86.0,United Kingdom,Western Europe
1033,international journal of industrial organization,journal,1.298,86.0,United States,Northern America
1034,journal of vibration and acoustics transactions of the asme,journal,0.567,86.0,United States,Northern America
1035,advances in engineering software,journal,0.92,86.0,United Kingdom,Western Europe
1036,wiley interdisciplinary reviews computational molecular science,journal,4.903,86.0,United States,Northern America
1037,iet radar sonar and navigation,journal,0.609,86.0,United Kingdom,Western Europe
1038,waste management and research,journal,0.751,86.0,United Kingdom,Western Europe
1039,annual reviews in control,journal,3.742,86.0,United Kingdom,Western Europe
1040,arabian journal of chemistry,journal,0.839,85.0,Saudi Arabia,Middle East
1041,production planning and control,journal,1.661,85.0,United Kingdom,Western Europe
1042,journal of physics conference series,conference and proceedings,0.21,85.0,United Kingdom,Western Europe
1043,ieee transactions on nanotechnology,journal,0.577,85.0,United States,Northern America
1044,helvetica chimica acta,journal,0.595,85.0,United States,Northern America
1045,proceedings spe annual technical conference and exhibition,conference and proceedings,0.284,85.0,United States,Northern America
1046,chemical engineering and technology,journal,0.415,85.0,Germany,Western Europe
1047,fire safety journal,journal,0.972,85.0,United Kingdom,Western Europe
1048,ieee journal of emerging and selected topics in power electronics,journal,2.683,85.0,United States,Northern America
1049,microbial biotechnology,journal,1.106,85.0,United Kingdom,Western Europe
1050,physica scripta,journal,0.456,85.0,United Kingdom,Western Europe
1051,wildlife society bulletin,journal,0.467,85.0,United States,Northern America
1052,ecological entomology,journal,0.726,85.0,United Kingdom,Western Europe
1053,journal of intelligent manufacturing,journal,1.929,85.0,Netherlands,Western Europe
1054,modelling and simulation in materials science and engineering,journal,0.624,84.0,United Kingdom,Western Europe
1055,ecosystem services,journal,1.749,84.0,Netherlands,Western Europe
1056,acta crystallographica section a foundations and advances,journal,1.23,84.0,United States,Northern America
1057,chemical record,journal,1.42,84.0,United States,Northern America
1058,journal of visual communication and image representation,journal,0.827,84.0,United States,Northern America
1059,journal of nanobiotechnology,journal,1.557,84.0,United Kingdom,Western Europe
1060,international journal of environmental science and technology,journal,0.555,84.0,Iran,Middle East
1061,physica c superconductivity and its applications,journal,0.332,84.0,Netherlands,Western Europe
1062,fusion engineering and design,journal,0.61,84.0,Netherlands,Western Europe
1063,nature catalysis,journal,12.887,84.0,United States,Northern America
1064,international journal of modern physics d,journal,0.729,84.0,Singapore,Asiatic Region
1065,ieee transactions on dependable and secure computing,journal,2.265,84.0,United States,Northern America
1066,iet renewable power generation,journal,1.132,84.0,United Kingdom,Western Europe
1067,physicsuspekhi,journal,0.66,84.0,United Kingdom,Western Europe
1068,acs combinatorial science,journal,0.72,84.0,United States,Northern America
1069,journal of computing in civil engineering,journal,1.343,83.0,United States,Northern America
1070,conference record ias annual meeting ieee industry applications society,conference and proceedings,,83.0,United States,Northern America
1071,ibis,journal,0.804,83.0,United Kingdom,Western Europe
1072,rheologica acta,journal,0.493,83.0,Germany,Western Europe
1073,journal of regional science,journal,0.88,83.0,United Kingdom,Western Europe
1074,ieee microwave magazine,journal,0.654,83.0,United States,Northern America
1075,optics and laser technology,journal,0.848,83.0,United Kingdom,Western Europe
1076,metallomics,journal,0.83,83.0,United Kingdom,Western Europe
1077,ieee transactions on broadcasting,journal,1.816,83.0,United States,Northern America
1078,proceedings of the institution of mechanical engineers part h journal of engineering in medicine,journal,0.418,83.0,United Kingdom,Western Europe
1079,soil use and management,journal,0.86,83.0,United States,Northern America
1080,journal of great lakes research,journal,0.837,83.0,United States,Northern America
1081,iet power electronics,journal,0.949,82.0,United Kingdom,Western Europe
1082,international journal of pressure vessels and piping,journal,0.64,82.0,Netherlands,Western Europe
1083,plant foods for human nutrition,journal,0.664,82.0,Netherlands,Western Europe
1084,comptes rendus geoscience,journal,0.484,82.0,France,Western Europe
1085,energy journal,journal,1.352,82.0,United States,Northern America
1086,xenobiotica,journal,0.403,82.0,United Kingdom,Western Europe
1087,journal of intelligent and robotic systems theory and applications,journal,0.816,82.0,Netherlands,Western Europe
1088,molecular biotechnology,journal,0.519,82.0,United States,Northern America
1089,science and technology of welding and joining,journal,1.048,82.0,United Kingdom,Western Europe
1090,chemical biology and drug design,journal,0.46,82.0,United Kingdom,Western Europe
1091,forest science,journal,0.444,82.0,United States,Northern America
1092,annals of forest science,journal,0.802,82.0,United States,Northern America
1093,human and experimental toxicology,journal,0.534,82.0,United States,Northern America
1094,journal of hydraulic researchde recherches hydrauliques,journal,0.66,82.0,United Kingdom,Western Europe
1095,journal of trace elements in medicine and biology,journal,0.599,82.0,Germany,Western Europe
1096,progress in surface science,journal,2.201,82.0,United Kingdom,Western Europe
1097,applied radiation and isotopes,journal,0.422,82.0,United Kingdom,Western Europe
1098,sustainable cities and society,journal,2.015,82.0,Netherlands,Western Europe
1099,biodegradation,journal,0.781,82.0,Netherlands,Western Europe
1100,probabilistic engineering mechanics,journal,0.787,82.0,United Kingdom,Western Europe
1101,corporate social responsibility and environmental management,journal,1.945,82.0,United Kingdom,Western Europe
1102,journal of instrumentation,journal,0.428,82.0,United Kingdom,Western Europe
1103,modern physics letters a,journal,0.389,82.0,Singapore,Asiatic Region
1104,climate of the past,journal,1.87,82.0,Germany,Western Europe
1105,journal of air transport management,journal,1.556,82.0,United Kingdom,Western Europe
1106,engineering failure analysis,journal,0.917,82.0,Netherlands,Western Europe
1107,vibrational spectroscopy,journal,0.382,81.0,Netherlands,Western Europe
1108,materials science forum,book series,0.211,81.0,Switzerland,Western Europe
1109,journal of statistical mechanics theory and experiment,journal,0.429,81.0,United Kingdom,Western Europe
1110,journal of microencapsulation,journal,0.57,81.0,United Kingdom,Western Europe
1111,journal of materials science and technology,journal,1.793,81.0,Netherlands,Western Europe
1112,aquatic conservation marine and freshwater ecosystems,journal,0.83,81.0,United Kingdom,Western Europe
1113,nature ecology and evolution,journal,5.533,81.0,United States,Northern America
1114,environmental toxicology,journal,0.691,81.0,United States,Northern America
1115,ieee international test conference tc,conference and proceedings,0.442,81.0,United States,Northern America
1116,entropy,journal,0.553,81.0,Switzerland,Western Europe
1117,geomicrobiology journal,journal,0.516,81.0,United Kingdom,Western Europe
1118,biomedical engineering online,journal,0.716,81.0,United Kingdom,Western Europe
1119,separation science and technology,journal,0.446,81.0,United States,Northern America
1120,journal of diabetes science and technology,journal,1.142,81.0,United States,Northern America
1121,finite elements in analysis and design,journal,0.836,81.0,Netherlands,Western Europe
1122,journal of electrostatics,journal,0.484,81.0,Netherlands,Western Europe
1123,journal of biomedical nanotechnology,journal,0.526,80.0,United States,Northern America
1124,food additives and contaminants part a chemistry analysis control exposure and risk assessment,journal,0.579,80.0,United Kingdom,Western Europe
1125,ieee design and test,journal,0.597,80.0,United States,Northern America
1126,superlattices and microstructures,journal,0.494,80.0,United States,Northern America
1127,acta mechanica,journal,0.646,80.0,Austria,Western Europe
1128,journal of soils and water conservation,journal,0.671,80.0,United States,Northern America
1129,journal of manufacturing systems,journal,2.95,80.0,Netherlands,Western Europe
1130,journal of spacecraft and rockets,journal,0.828,80.0,United States,Northern America
1131,fisheries,journal,0.61,80.0,United States,Northern America
1132,european physical journal special topics,journal,0.572,80.0,Germany,Western Europe
1133,resources policy,journal,1.461,80.0,United Kingdom,Western Europe
1134,oxidation of metals,journal,0.548,80.0,United States,Northern America
1135,journal of materials science materials in electronics,journal,0.464,80.0,United States,Northern America
1136,wiley interdisciplinary reviews nanomedicine and nanobiotechnology,journal,1.621,80.0,United States,Northern America
1137,food and bioproducts processing,journal,0.829,80.0,United Kingdom,Western Europe
1138,bioresources,journal,0.386,80.0,United States,Northern America
1139,australian journal of chemistry,journal,0.278,80.0,Australia,Pacific Region
1140,journal of bridge engineering,journal,1.179,80.0,United States,Northern America
1141,journal of natural gas science and engineering,journal,1.091,80.0,Netherlands,Western Europe
1142,journal of polymers and the environment,journal,0.648,80.0,United States,Northern America
1143,european accounting review,journal,1.112,80.0,United Kingdom,Western Europe
1144,nanomaterials,journal,0.839,80.0,Switzerland,Western Europe
1145,chirality,journal,0.397,80.0,United States,Northern America
1146,multimedia tools and applications,journal,0.716,80.0,Netherlands,Western Europe
1147,holzforschung,journal,0.487,79.0,Germany,Western Europe
1148,macromolecular symposia,journal,0.247,79.0,Germany,Western Europe
1149,economic policy,journal,2.629,79.0,United Kingdom,Western Europe
1150,metrologia,journal,0.589,79.0,United Kingdom,Western Europe
1151,journal of scientific computing,journal,1.326,79.0,United States,Northern America
1152,journal of tissue engineering and regenerative medicine,journal,0.734,79.0,United Kingdom,Western Europe
1153,optik,journal,0.523,79.0,Germany,Western Europe
1154,environment and urbanization,journal,1.466,79.0,United Kingdom,Western Europe
1155,ieee photonics journal,journal,0.619,79.0,United States,Northern America
1156,science technology and human values,journal,1.2,79.0,United States,Northern America
1157,environmental science nano,journal,1.591,79.0,United Kingdom,Western Europe
1158,artificial organs,journal,0.5,79.0,United Kingdom,Western Europe
1159,comptes rendus chimie,journal,0.547,79.0,France,Western Europe
1160,housing studies,journal,0.921,79.0,United Kingdom,Western Europe
1161,journal of management in engineering asce,journal,1.619,79.0,United States,Northern America
1162,journal of irrigation and drainage engineering asce,journal,0.389,79.0,United States,Northern America
1163,combustion science and technology,journal,0.516,79.0,United Kingdom,Western Europe
1164,arctic antarctic and alpine research,journal,0.622,79.0,United States,Northern America
1165,advanced powder technology,journal,0.759,79.0,Netherlands,Western Europe
1166,digital signal processing a review journal,journal,0.985,79.0,United States,Northern America
1167,plasma processes and polymers,journal,0.665,79.0,Germany,Western Europe
1168,ieee transactions on biomedical circuits and systems,journal,1.748,79.0,United States,Northern America
1169,digest of technical papers symposium on vlsi technology,conference and proceedings,0.958,79.0,United States,Northern America
1170,telematics and informatics,journal,1.69,78.0,United Kingdom,Western Europe
1171,geothermics,journal,1.061,78.0,United Kingdom,Western Europe
1172,journal of analytical toxicology,journal,0.734,78.0,United States,Northern America
1173,food reviews international,journal,0.962,78.0,United States,Northern America
1174,ieee security and privacy,journal,1.175,78.0,United States,Northern America
1175,annual review of analytical chemistry,journal,2.463,78.0,United States,Northern America
1176,russian chemical reviews,journal,0.962,78.0,United Kingdom,Western Europe
1177,procedia cirp,conference and proceedings,0.639,78.0,Netherlands,Western Europe
1178,jetp letters,journal,0.415,78.0,United States,Northern America
1179,advanced materials interfaces,journal,1.421,78.0,United Kingdom,Western Europe
1180,environmental technology united kingdom,journal,0.523,78.0,United Kingdom,Western Europe
1181,applied physics reviews,journal,4.738,78.0,United States,Northern America
1182,environmental chemistry letters,journal,1.729,78.0,Germany,Western Europe
1183,ieee journal of photovoltaics,journal,1.059,78.0,United States,Northern America
1184,adsorption,journal,0.518,77.0,Netherlands,Western Europe
1185,transactions of nonferrous metals society of china,journal,0.751,77.0,China,Asiatic Region
1186,international journal of modern physics b,journal,0.272,77.0,Singapore,Asiatic Region
1187,engineering analysis with boundary elements,journal,0.781,77.0,United Kingdom,Western Europe
1188,biomedical materials bristol,journal,0.625,77.0,United Kingdom,Western Europe
1189,liquid crystals,journal,0.427,77.0,United Kingdom,Western Europe
1190,health physics,journal,0.636,77.0,United States,Northern America
1191,environmental geochemistry and health,journal,0.885,77.0,Netherlands,Western Europe
1192,tissue engineering part c methods,journal,0.653,77.0,United States,Northern America
1193,limnology and oceanography methods,journal,0.803,77.0,United States,Northern America
1194,microwave and optical technology letters,journal,0.388,77.0,United States,Northern America
1195,aquatic sciences,journal,0.785,77.0,Switzerland,Western Europe
1196,express polymer letters,journal,0.657,77.0,Hungary,Eastern Europe
1197,operations research letters,journal,0.718,77.0,Netherlands,Western Europe
1198,water environment research,journal,0.505,77.0,United States,Northern America
1199,journal of nanomaterials,journal,0.52,77.0,United States,Northern America
1200,human ecology,journal,0.683,77.0,United States,Northern America
1201,geobiology,journal,1.421,77.0,United Kingdom,Western Europe
1202,nuclear and particle physics proceedings,journal,0.179,77.0,Netherlands,Western Europe
1203,ieee wireless communications letters,journal,2.807,77.0,United States,Northern America
1204,proceedings electronic components and technology conference,conference and proceedings,0.4,77.0,United States,Northern America
1205,ieee electrical insulation magazine,journal,0.645,77.0,United States,Northern America
1206,wood science and technology,journal,0.553,77.0,Germany,Western Europe
1207,d materials,journal,2.006,77.0,United Kingdom,Western Europe
1208,synthetic communications,journal,0.343,76.0,United States,Northern America
1209,analytical sciences,journal,0.349,76.0,Japan,Asiatic Region
1210,acta oecologica,journal,0.514,76.0,Netherlands,Western Europe
1211,bulletin of environmental contamination and toxicology,journal,0.556,76.0,United States,Northern America
1212,mitigation and adaptation strategies for global change,journal,0.81,76.0,Netherlands,Western Europe
1213,ifacpapersonline,journal,0.324,76.0,Austria,Western Europe
1214,bulletin of materials science,journal,0.333,76.0,India,Asiatic Region
1215,journal of environmental science and health part a toxichazardous substances and environmental engineering,journal,0.462,76.0,United States,Northern America
1216,energy research and social science,journal,2.551,76.0,United Kingdom,Western Europe
1217,proceedings ieee international symposium on circuits and systems,conference and proceedings,0.34,76.0,United States,Northern America
1218,journal of mathematical imaging and vision,journal,0.752,76.0,Netherlands,Western Europe
1219,applied organometallic chemistry,journal,0.581,76.0,United Kingdom,Western Europe
1220,journal of manufacturing technology management,journal,1.898,76.0,United Kingdom,Western Europe
1221,phytochemical analysis,journal,0.568,76.0,United Kingdom,Western Europe
1222,analytical methods,journal,0.534,76.0,United Kingdom,Western Europe
1223,journal american water works association,journal,0.367,76.0,United States,Northern America
1224,journal of molecular graphics and modelling,journal,0.442,76.0,United States,Northern America
1225,magnetic resonance in chemistry,journal,0.456,76.0,United Kingdom,Western Europe
1226,journal of european social policy,journal,0.98,76.0,United Kingdom,Western Europe
1227,quimica nova,journal,0.217,76.0,Brazil,Latin America
1228,ieee industrial electronics magazine,journal,2.258,75.0,United States,Northern America
1229,environmental politics,journal,1.788,75.0,United Kingdom,Western Europe
1230,policy studies journal,journal,1.924,75.0,United Kingdom,Western Europe
1231,advances in theoretical and mathematical physics,journal,0.992,75.0,United States,Northern America
1232,welding journal,journal,0.277,75.0,United States,Northern America
1233,biomaterials science,journal,1.24,75.0,United Kingdom,Western Europe
1234,irrigation science,journal,0.714,75.0,Germany,Western Europe
1235,numerical heat transfer; part a applications,journal,0.684,75.0,United Kingdom,Western Europe
1236,journal of electroceramics,journal,0.325,75.0,Netherlands,Western Europe
1237,applied sciences switzerland,journal,0.507,75.0,Switzerland,Western Europe
1238,journal of energy chemistry,journal,2.244,75.0,Netherlands,Western Europe
1239,ieee power and energy magazine,journal,1.101,75.0,United States,Northern America
1240,journal of environmental planning and management,journal,0.814,75.0,United Kingdom,Western Europe
1241,aip conference proceedings,conference and proceedings,0.189,75.0,United States,Northern America
1242,ecology and evolution,journal,0.98,75.0,United Kingdom,Western Europe
1243,north american journal of fisheries management,journal,0.499,75.0,United States,Northern America
1244,ieee mtts international microwave symposium digest,conference and proceedings,0.808,75.0,United States,Northern America
1245,inorganic chemistry communication,journal,0.463,75.0,Netherlands,Western Europe
1246,nature biomedical engineering,journal,5.635,75.0,United States,Northern America
1247,chemistry and biodiversity,journal,0.42,74.0,United States,Northern America
1248,rangeland ecology and management,journal,0.671,74.0,United States,Northern America
1249,journal of fluorescence,journal,0.359,74.0,United States,Northern America
1250,human and ecological risk assessment hera,journal,0.773,74.0,United Kingdom,Western Europe
1251,telecommunications policy,journal,1.203,74.0,United Kingdom,Western Europe
1252,acs sensors,journal,1.833,74.0,United States,Northern America
1253,computers and graphics,journal,0.925,74.0,United Kingdom,Western Europe
1254,journal of earthquake engineering,journal,0.925,74.0,United Kingdom,Western Europe
1255,chinese journal of catalysis,journal,1.848,74.0,China,Asiatic Region
1256,microelectronics journal,journal,0.409,74.0,Netherlands,Western Europe
1257,iet microwaves antennas and propagation,journal,0.691,74.0,United Kingdom,Western Europe
1258,laser physics letters,journal,0.492,74.0,United Kingdom,Western Europe
1259,radiation protection dosimetry,journal,0.355,74.0,United Kingdom,Western Europe
1260,applied ocean research,journal,1.185,74.0,United Kingdom,Western Europe
1261,physical review applied,journal,1.534,74.0,United States,Northern America
1262,bioinspiration and biomimetics,journal,0.788,74.0,United Kingdom,Western Europe
1263,international journal of systems science,journal,0.741,74.0,United Kingdom,Western Europe
1264,pacific symposium on biocomputing pacific symposium on biocomputing,journal,0.71,74.0,United States,Northern America
1265,biotechnology and applied biochemistry,journal,0.478,74.0,United States,Northern America
1266,acs synthetic biology,journal,1.537,74.0,United States,Northern America
1267,physics and chemistry of minerals,journal,0.596,74.0,Germany,Western Europe
1268,heat and mass transfer,journal,0.506,74.0,Germany,Western Europe
1269,environmental reviews,journal,1.311,73.0,Canada,Northern America
1270,experimental and applied acarology,journal,0.576,73.0,Netherlands,Western Europe
1271,research technology management,journal,0.901,73.0,United Kingdom,Western Europe
1272,oryx,journal,0.729,73.0,United Kingdom,Western Europe
1273,computers and electrical engineering,journal,1.112,73.0,United Kingdom,Western Europe
1274,ecoscience,journal,0.387,73.0,United Kingdom,Western Europe
1275,jvcjournal of vibration and control,journal,0.775,73.0,United States,Northern America
1276,materials and manufacturing processes,journal,1.075,73.0,United States,Northern America
1277,journal of adhesion science and technology,journal,0.382,73.0,United Kingdom,Western Europe
1278,stochastic environmental research and risk assessment,journal,0.773,73.0,United States,Northern America
1279,forest policy and economics,journal,1.057,73.0,Netherlands,Western Europe
1280,bulletin of earthquake engineering,journal,1.332,73.0,Netherlands,Western Europe
1281,journal of leisure research,journal,0.799,73.0,United States,Northern America
1282,power system technology,journal,0.82,73.0,China,Asiatic Region
1283,environment and planning c politics and space,journal,1.121,73.0,United Kingdom,Western Europe
1284,iecon proceedings industrial electronics conference,conference and proceedings,0.252,73.0,United States,Northern America
1285,european journal of mechanics bfluids,journal,0.622,73.0,Netherlands,Western Europe
1286,bioprocess and biosystems engineering,journal,0.598,73.0,Germany,Western Europe
1287,advances in optics and photonics,journal,7.473,73.0,United States,Northern America
1288,journal of the brazilian chemical society,journal,0.351,73.0,Brazil,Latin America
1289,acs medicinal chemistry letters,journal,0.872,73.0,United States,Northern America
1290,photomedicine and laser surgery,journal,0.469,73.0,United States,Northern America
1291,comptes rendus physique,journal,0.861,73.0,France,Western Europe
1292,journal of infrastructure systems,journal,0.65,72.0,United States,Northern America
1293,regional environmental change,journal,1.143,72.0,Germany,Western Europe
1294,nanophotonics,journal,2.124,72.0,Germany,Western Europe
1295,flavour and fragrance journal,journal,0.446,72.0,United Kingdom,Western Europe
1296,fuel cells,journal,0.581,72.0,United Kingdom,Western Europe
1297,structural control and health monitoring,journal,1.854,72.0,United Kingdom,Western Europe
1298,computer aided geometric design,journal,0.633,72.0,Netherlands,Western Europe
1299,astrophysics and space science,journal,0.368,72.0,Netherlands,Western Europe
1300,journal of atmospheric chemistry,journal,0.659,72.0,Netherlands,Western Europe
1301,biomarkers,journal,0.566,72.0,United Kingdom,Western Europe
1302,polymer journal,journal,0.654,72.0,United Kingdom,Western Europe
1303,microscopy and microanalysis,journal,0.379,72.0,United Kingdom,Western Europe
1304,journal of materials engineering and performance,journal,0.465,72.0,United States,Northern America
1305,annals of nuclear energy,journal,0.875,72.0,United Kingdom,Western Europe
1306,journal of wildlife diseases,journal,0.493,72.0,United States,Northern America
1307,ieee transactions on device and materials reliability,journal,0.458,72.0,United States,Northern America
1308,naval research logistics,journal,0.875,71.0,United States,Northern America
1309,food technology and biotechnology,journal,0.699,71.0,Croatia,Eastern Europe
1310,journal of reinforced plastics and composites,journal,0.675,71.0,United Kingdom,Western Europe
1311,asaio journal,journal,0.859,71.0,United States,Northern America
1312,journal of molecular modeling,journal,0.344,71.0,Germany,Western Europe
1313,biomechanics and modeling in mechanobiology,journal,0.761,71.0,Germany,Western Europe
1314,physica status solidi rapid research letters,journal,0.762,71.0,Germany,Western Europe
1315,marine structures,journal,1.345,71.0,Netherlands,Western Europe
1316,international journal of chemical kinetics,journal,0.35,71.0,United States,Northern America
1317,infrared physics and technology,journal,0.618,71.0,Netherlands,Western Europe
1318,climate policy,journal,1.654,71.0,United Kingdom,Western Europe
1319,leisure sciences,journal,0.59,71.0,United Kingdom,Western Europe
1320,research in engineering design theory applications and concurrent engineering,journal,1.256,71.0,United Kingdom,Western Europe
1321,proceedings of the institution of mechanical engineers part b journal of engineering manufacture,journal,0.737,71.0,United Kingdom,Western Europe
1322,canadian journal of chemical engineering,journal,0.432,71.0,United States,Northern America
1323,journal of engineering materials and technology transactions of the asme,journal,0.405,71.0,United States,Northern America
1324,optical materials express,journal,0.751,71.0,United States,Northern America
1325,mechanics research communications,journal,0.7,71.0,United Kingdom,Western Europe
1326,expert review of medical devices,journal,0.623,71.0,United Kingdom,Western Europe
1327,ieee transactions on education,journal,0.844,71.0,United States,Northern America
1328,wildlife research,journal,0.741,71.0,Australia,Pacific Region
1329,journal of radioanalytical and nuclear chemistry,journal,0.364,70.0,Netherlands,Western Europe
1330,international journal of thermophysics,journal,0.345,70.0,United States,Northern America
1331,new astronomy,journal,0.359,70.0,Netherlands,Western Europe
1332,structural health monitoring,journal,1.533,70.0,United Kingdom,Western Europe
1333,journal of biophotonics,journal,0.796,70.0,Germany,Western Europe
1334,annual review of condensed matter physics,journal,9.438,70.0,United States,Northern America
1335,gcb bioenergy,journal,1.147,70.0,Germany,Western Europe
1336,beilstein journal of organic chemistry,journal,0.648,70.0,Germany,Western Europe
1337,progress in natural science materials international,journal,0.891,70.0,Netherlands,Western Europe
1338,sustainable development,journal,1.315,70.0,United Kingdom,Western Europe
1339,clean soil air water,journal,0.454,70.0,Germany,Western Europe
1340,journal of cultural heritage,journal,0.722,70.0,France,Western Europe
1341,molecular informatics,journal,0.616,70.0,Germany,Western Europe
1342,environmental science and technology letters,journal,2.702,70.0,United States,Northern America
1343,heat transfer engineering,journal,0.632,70.0,United Kingdom,Western Europe
1344,geography compass,journal,1.676,70.0,United Kingdom,Western Europe
1345,science and public policy,journal,0.714,69.0,United Kingdom,Western Europe
1346,proceedings of the institution of mechanical engineers part d journal of automobile engineering,journal,0.526,69.0,United Kingdom,Western Europe
1347,energy for sustainable development,journal,1.44,69.0,Netherlands,Western Europe
1348,engineering optimization,journal,0.669,69.0,United Kingdom,Western Europe
1349,results in physics,journal,0.662,69.0,Netherlands,Western Europe
1350,journal of advances in modeling earth systems,journal,3.633,69.0,United States,Northern America
1351,ieee transactions on semiconductor manufacturing,journal,1.318,69.0,United States,Northern America
1352,applied spectroscopy reviews,journal,0.748,69.0,United States,Northern America
1353,wireless communications and mobile computing,journal,0.648,69.0,Egypt,Africa/Middle East
1354,water switzerland,journal,0.716,69.0,Switzerland,Western Europe
1355,ieee multimedia,journal,0.907,69.0,United States,Northern America
1356,mathematical methods in the applied sciences,journal,0.702,69.0,United Kingdom,Western Europe
1357,journal of molecular spectroscopy,journal,0.328,69.0,United States,Northern America
1358,chromatographia,journal,0.372,69.0,Germany,Western Europe
1359,international journal of adaptive control and signal processing,journal,0.728,69.0,United Kingdom,Western Europe
1360,frontiers in chemistry,journal,0.94,69.0,Switzerland,Western Europe
1361,canadian journal of chemistry,journal,0.253,69.0,Canada,Northern America
1362,housing policy debate,journal,0.813,69.0,United Kingdom,Western Europe
1363,journal of thermophysics and heat transfer,journal,0.382,69.0,United States,Northern America
1364,propellants explosives pyrotechnics,journal,0.512,69.0,Germany,Western Europe
1365,quantum information and computation,journal,0.368,68.0,United States,Northern America
1366,tribology transactions,journal,0.588,68.0,United Kingdom,Western Europe
1367,zeitschrift fur anorganische und allgemeine chemie,journal,0.322,68.0,Germany,Western Europe
1368,wetlands ecology and management,journal,0.571,68.0,Netherlands,Western Europe
1369,papers in regional science,journal,0.873,68.0,United States,Northern America
1370,frontiers in marine science,journal,1.355,68.0,Switzerland,Western Europe
1371,radiochimica acta,journal,0.356,68.0,Germany,Western Europe
1372,computing in science and engineering,journal,0.48,68.0,United States,Northern America
1373,aej alexandria engineering journal,journal,0.84,68.0,Egypt,Africa/Middle East
1374,ieee spectrum,journal,0.366,68.0,United States,Northern America
1375,journal of solution chemistry,journal,0.326,68.0,United States,Northern America
1376,granular matter,journal,0.805,68.0,United States,Northern America
1377,journal of peptide science,journal,0.388,68.0,United Kingdom,Western Europe
1378,biomicrofluidics,journal,0.584,68.0,United States,Northern America
1379,chinese physics letters,journal,0.435,68.0,United Kingdom,Western Europe
1380,plasma chemistry and plasma processing,journal,0.549,68.0,United States,Northern America
1381,environmental progress and sustainable energy,journal,0.489,68.0,United States,Northern America
1382,biomedical chromatography,journal,0.348,68.0,United Kingdom,Western Europe
1383,journal of electronic imaging,journal,0.314,68.0,United States,Northern America
1384,journal of engineering and technology management jetm,journal,1.042,68.0,Netherlands,Western Europe
1385,astronomy and astrophysics review,journal,9.607,68.0,Germany,Western Europe
1386,environmental engineering science,journal,0.463,68.0,United States,Northern America
1387,oil and gas science and technology,journal,0.514,68.0,France,Western Europe
1388,flow turbulence and combustion,journal,0.908,68.0,Netherlands,Western Europe
1389,mathematical problems in engineering,journal,0.327,68.0,United States,Northern America
1390,journal of physical organic chemistry,journal,0.343,68.0,United Kingdom,Western Europe
1391,journal of social policy,journal,1.163,68.0,United Kingdom,Western Europe
1392,multiscale modeling and simulation,journal,0.902,68.0,United States,Northern America
1393,materials science in semiconductor processing,journal,0.687,68.0,United Kingdom,Western Europe
1394,advanced robotics,journal,0.736,67.0,United Kingdom,Western Europe
1395,publications of the astronomical society of australia,journal,0.911,67.0,United Kingdom,Western Europe
1396,national science review,journal,2.842,67.0,United Kingdom,Western Europe
1397,progress in nuclear energy,journal,0.712,67.0,United Kingdom,Western Europe
1398,particuology,journal,0.486,67.0,Netherlands,Western Europe
1399,robotica,journal,0.59,67.0,United Kingdom,Western Europe
1400,reviews in fisheries science and aquaculture,journal,1.695,67.0,United Kingdom,Western Europe
1401,crystal research and technology,journal,0.314,67.0,Germany,Western Europe
1402,quality and reliability engineering international,journal,1.024,67.0,United Kingdom,Western Europe
1403,nanomicro letters,journal,3.946,67.0,Netherlands,Western Europe
1404,local environment,journal,0.814,67.0,United Kingdom,Western Europe
1405,rubber chemistry and technology,journal,0.381,67.0,United States,Northern America
1406,international journal of tourism research,journal,1.139,67.0,United Kingdom,Western Europe
1407,european physical journal plus,journal,0.611,67.0,United States,Northern America
1408,international journal of modern physics c,journal,0.299,67.0,Singapore,Asiatic Region
1409,advanced electronic materials,journal,1.774,67.0,Germany,Western Europe
1410,applied vegetation science,journal,0.897,67.0,United States,Northern America
1411,journal of advanced research,journal,1.87,67.0,Egypt,Africa/Middle East
1412,journal of nuclear science and technology,journal,0.625,67.0,United Kingdom,Western Europe
1413,monatshefte fur chemie,journal,0.273,67.0,Austria,Western Europe
1414,environmental chemistry,journal,0.63,67.0,Australia,Pacific Region
1415,inorganic chemistry frontiers,journal,1.316,67.0,United Kingdom,Western Europe
1416,ashrae transactions,conference and proceedings,0.161,67.0,United States,Northern America
1417,physics of life reviews,journal,1.992,67.0,Netherlands,Western Europe
1418,chemelectrochem,journal,1.038,67.0,United Kingdom,Western Europe
1419,nature reviews chemistry,journal,11.811,67.0,United Kingdom,Western Europe
1420,proceedings of the ieee power engineering society transmission and distribution conference,conference and proceedings,0.224,67.0,United States,Northern America
1421,acs symposium series,book series,0.163,67.0,United States,Northern America
1422,solvent extraction and ion exchange,journal,0.503,67.0,United States,Northern America
1423,journal of porphyrins and phthalocyanines,journal,0.355,67.0,Singapore,Asiatic Region
1424,desalination and water treatment,journal,0.24,67.0,United States,Northern America
1425,journal of waterway port coastal and ocean engineering,journal,0.655,67.0,United States,Northern America
1426,regenerative medicine,journal,0.519,66.0,United Kingdom,Western Europe
1427,annual review of chemical and biomolecular engineering,journal,2.27,66.0,United States,Northern America
1428,critical reviews in analytical chemistry,journal,0.695,66.0,United Kingdom,Western Europe
1429,science china chemistry,journal,1.835,66.0,China,Asiatic Region
1430,journal of science education and technology,journal,1.151,66.0,Netherlands,Western Europe
1431,combinatorial chemistry and high throughput screening,journal,0.244,66.0,United Arab Emirates,Middle East
1432,journal of co utilization,journal,1.392,66.0,United Kingdom,Western Europe
1433,frontiers in neuroinformatics,journal,1.111,66.0,Switzerland,Western Europe
1434,science china technological sciences,journal,0.652,66.0,Germany,Western Europe
1435,apl materials,journal,1.527,66.0,United States,Northern America
1436,complexity,journal,0.463,66.0,Egypt,Africa/Middle East
1437,atomic data and nuclear data tables,journal,0.694,66.0,United States,Northern America
1438,meccanica,journal,0.604,66.0,Netherlands,Western Europe
1439,science robotics,journal,6.569,66.0,United States,Northern America
1440,european urban and regional studies,journal,1.622,66.0,United Kingdom,Western Europe
1441,european journal of control,journal,0.685,66.0,France,Western Europe
1442,annals of regional science,journal,0.648,66.0,Germany,Western Europe
1443,philosophical magazine letters,journal,0.305,66.0,United Kingdom,Western Europe
1444,environment and development economics,journal,0.81,66.0,United Kingdom,Western Europe
1445,calphad computer coupling of phase diagrams and thermochemistry,journal,0.627,66.0,United Kingdom,Western Europe
1446,steel and composite structures,journal,1.005,66.0,South Korea,Asiatic Region
1447,proceedings ieee military communications conference,conference and proceedings,0.383,66.0,United States,Northern America
1448,ieee aerospace conference proceedings,conference and proceedings,0.325,66.0,United States,Northern America
1449,ecosphere,journal,1.151,66.0,United States,Northern America
1450,international journal of cosmetic science,journal,0.7,66.0,United Kingdom,Western Europe
1451,progress in quantum electronics,journal,2.78,66.0,United Kingdom,Western Europe
1452,beilstein journal of nanotechnology,journal,0.664,66.0,Germany,Western Europe
1453,heterocycles,journal,0.189,66.0,Japan,Asiatic Region
1454,bioorganic chemistry,journal,0.728,66.0,United States,Northern America
1455,multibody system dynamics,journal,0.975,66.0,Netherlands,Western Europe
1456,aeu international journal of electronics and communications,journal,0.719,65.0,Germany,Western Europe
1457,color research and application,journal,0.4,65.0,United States,Northern America
1458,journal of risk research,journal,1.282,65.0,United Kingdom,Western Europe
1459,studies in surface science and catalysis,book series,0.335,65.0,Netherlands,Western Europe
1460,microsystem technologies,journal,0.438,65.0,Germany,Western Europe
1461,small methods,journal,3.668,65.0,United Kingdom,Western Europe
1462,journal of mathematical chemistry,journal,0.541,65.0,Netherlands,Western Europe
1463,sustainability science,journal,1.775,65.0,Japan,Asiatic Region
1464,international journal for numerical methods in biomedical engineering,journal,0.668,65.0,United States,Northern America
1465,international journal of materials research,journal,0.212,65.0,Germany,Western Europe
1466,meitan xuebaojournal of the china coal society,journal,0.643,65.0,China,Asiatic Region
1467,korean journal of chemical engineering,journal,0.524,65.0,United States,Northern America
1468,journal of low temperature physics,journal,0.416,65.0,United States,Northern America
1469,ieee transactions on nanobioscience,journal,0.873,65.0,United States,Northern America
1470,cytotechnology,journal,0.44,65.0,Netherlands,Western Europe
1471,shiyou xuebaoacta petrolei sinica,journal,1.183,65.0,China,Asiatic Region
1472,food science and technology international,journal,0.508,65.0,United States,Northern America
1473,sae international journal of engines,journal,0.638,65.0,United States,Northern America
1474,wireless personal communications,journal,0.481,65.0,Netherlands,Western Europe
1475,theoretical and applied fracture mechanics,journal,1.086,65.0,Netherlands,Western Europe
1476,fortschritte der physik,journal,1.475,65.0,Germany,Western Europe
1477,advances in ecological research,book series,0.615,65.0,United States,Northern America
1478,combustion theory and modelling,journal,0.598,64.0,United Kingdom,Western Europe
1479,solid state nuclear magnetic resonance,journal,0.847,64.0,Netherlands,Western Europe
1480,chemistry central journal,journal,0.573,64.0,United Kingdom,Western Europe
1481,critical reviews in solid state and materials sciences,journal,1.886,64.0,United Kingdom,Western Europe
1482,photonics research,journal,1.984,64.0,United States,Northern America
1483,urban ecosystems,journal,0.73,64.0,United States,Northern America
1484,journal of health population and nutrition,journal,0.771,64.0,United Kingdom,Western Europe
1485,fundamental and applied limnology,journal,0.352,64.0,Germany,Western Europe
1486,journal of geophysical research g biogeosciences,journal,1.335,64.0,United States,Northern America
1487,symmetry,journal,0.54,64.0,Switzerland,Western Europe
1488,bioenergy research,journal,0.595,64.0,United States,Northern America
1489,aip advances,journal,0.375,64.0,United States,Northern America
1490,canadian journal of civil engineering,journal,0.374,64.0,Canada,Northern America
1491,archives of environmental and occupational health,journal,0.387,64.0,United States,Northern America
1492,arkivoc,journal,0.188,64.0,United States,Northern America
1493,cell biology and toxicology,journal,0.8,64.0,Netherlands,Western Europe
1494,optical fiber technology,journal,0.635,64.0,United States,Northern America
1495,journal of manufacturing processes,journal,1.315,64.0,Netherlands,Western Europe
1496,development policy review,journal,0.632,64.0,United Kingdom,Western Europe
1497,archive of applied mechanics,journal,0.61,64.0,Germany,Western Europe
1498,journal of insect conservation,journal,0.711,64.0,Netherlands,Western Europe
1499,geotechnical and geological engineering,journal,0.519,64.0,Netherlands,Western Europe
1500,journal of scheduling,journal,0.879,64.0,United States,Northern America
1501,proceedings of the institution of mechanical engineers part a journal of power and energy,journal,0.479,64.0,United Kingdom,Western Europe
1502,industrial health,journal,0.534,64.0,Japan,Asiatic Region
1503,match,journal,1.043,64.0,Serbia,Eastern Europe
1504,acta astronomica,journal,0.731,64.0,Poland,Eastern Europe
1505,organic chemistry frontiers,journal,1.218,64.0,United Kingdom,Western Europe
1506,microbiology spectrum,journal,2.148,64.0,United States,Northern America
1507,journal of intelligent and fuzzy systems,journal,0.386,64.0,Netherlands,Western Europe
1508,zidonghua xuebaoacta automatica sinica,journal,0.383,64.0,China,Asiatic Region
1509,organization and environment,journal,1.616,64.0,United States,Northern America
1510,acta physica polonica b,journal,0.26,63.0,Poland,Eastern Europe
1511,ecohealth,journal,0.77,63.0,United States,Northern America
1512,aerosol and air quality research,journal,0.897,63.0,Taiwan,Asiatic Region
1513,journal of radiation research,journal,0.563,63.0,United Kingdom,Western Europe
1514,international journal of theoretical physics,journal,0.313,63.0,United States,Northern America
1515,engineering construction and architectural management,journal,0.717,63.0,United Kingdom,Western Europe
1516,gold bulletin,journal,0.307,63.0,Germany,Western Europe
1517,ieee symposium on vlsi circuits digest of technical papers,conference and proceedings,2.537,63.0,United States,Northern America
1518,silva fennica,journal,0.408,63.0,Finland,Western Europe
1519,cryogenics,journal,0.569,63.0,United Kingdom,Western Europe
1520,water sa,journal,0.362,63.0,South Africa,Africa
1521,iet communications,journal,0.476,63.0,United States,Northern America
1522,proceedings of the institution of mechanical engineers part c journal of mechanical engineering science,journal,0.437,63.0,United Kingdom,Western Europe
1523,ieee aerospace and electronic systems magazine,journal,0.701,63.0,United States,Northern America
1524,european journal of wood and wood products,journal,0.5,63.0,Germany,Western Europe
1525,molecular imaging,journal,0.859,63.0,United States,Northern America
1526,chempluschem,journal,0.682,63.0,Germany,Western Europe
1527,ieee robotics and automation letters,journal,2.206,63.0,United States,Northern America
1528,annalen der physik,journal,0.698,63.0,Germany,Western Europe
1529,science and technology for the built environment,journal,0.493,63.0,United Kingdom,Western Europe
1530,integrated environmental assessment and management,journal,0.593,63.0,United States,Northern America
1531,polymer bulletin,journal,0.455,63.0,Germany,Western Europe
1532,journal of wood science,journal,0.544,63.0,Japan,Asiatic Region
1533,zeitschrift fur angewandte mathematik und physik,journal,1.025,62.0,Switzerland,Western Europe
1534,aes journal of the audio engineering society,journal,0.428,62.0,United States,Northern America
1535,engineering in life sciences,journal,0.578,62.0,Germany,Western Europe
1536,nature sustainability,journal,5.789,62.0,United Kingdom,Western Europe
1537,journal of water and health,journal,0.475,62.0,United Kingdom,Western Europe
1538,journal of biochemical and molecular toxicology,journal,0.54,62.0,United States,Northern America
1539,structural engineering and mechanics,journal,0.549,62.0,South Korea,Asiatic Region
1540,wave motion,journal,0.529,62.0,Netherlands,Western Europe
1541,journal of heterocyclic chemistry,journal,0.325,62.0,United States,Northern America
1542,rsc medicinal chemistry,journal,0.712,62.0,United Kingdom,Western Europe
1543,theoretical and computational fluid dynamics,journal,0.908,62.0,United States,Northern America
1544,mountain research and development,journal,0.433,62.0,Switzerland,Western Europe
1545,analytical letters,journal,0.365,62.0,United States,Northern America
1546,bulletin of the korean chemical society,journal,0.254,62.0,United States,Northern America
1547,engineering science and technology an international journal,journal,0.983,62.0,Netherlands,Western Europe
1548,magazine of concrete research,journal,0.797,62.0,United Kingdom,Western Europe
1549,journal of infrared millimeter and terahertz waves,journal,0.637,62.0,United States,Northern America
1550,optical and quantum electronics,journal,0.432,62.0,United States,Northern America
1551,ionics,journal,0.523,62.0,Germany,Western Europe
1552,journal of thermal stresses,journal,0.691,62.0,United Kingdom,Western Europe
1553,bioanalysis,journal,0.435,62.0,United Kingdom,Western Europe
1554,anais da academia brasileira de ciencias,journal,0.378,62.0,Brazil,Latin America
1555,toxicology and industrial health,journal,0.41,62.0,United Kingdom,Western Europe
1556,nuclear data sheets,journal,3.059,62.0,United States,Northern America
1557,clean technologies and environmental policy,journal,0.756,62.0,Germany,Western Europe
1558,acs biomaterials science and engineering,journal,0.935,62.0,United States,Northern America
1559,fungal ecology,journal,0.972,62.0,Netherlands,Western Europe
1560,environment development and sustainability,journal,0.679,62.0,Netherlands,Western Europe
1561,earth and environmental science transactions of the royal society of edinburgh,journal,0.546,61.0,United Kingdom,Western Europe
1562,international journal of applied ceramic technology,journal,0.388,61.0,United States,Northern America
1563,nature electronics,journal,8.302,61.0,United Kingdom,Western Europe
1564,applied nanoscience switzerland,journal,0.505,61.0,Switzerland,Western Europe
1565,water policy,journal,0.43,61.0,United Kingdom,Western Europe
1566,ieee transactions on terahertz science and technology,journal,1.272,61.0,United States,Northern America
1567,endangered species research,journal,0.935,61.0,Germany,Western Europe
1568,chinese journal of chemical engineering,journal,0.605,61.0,China,Asiatic Region
1569,plasmonics,journal,0.484,61.0,United States,Northern America
1570,journal of inclusion phenomena and macrocyclic chemistry,journal,0.305,61.0,Netherlands,Western Europe
1571,aldrichimica acta,journal,2.0,61.0,United States,Northern America
1572,ecohydrology,journal,0.853,61.0,United Kingdom,Western Europe
1573,maritime policy and management,journal,1.071,61.0,United Kingdom,Western Europe
1574,journal of cheminformatics,journal,1.589,61.0,United Kingdom,Western Europe
1575,international journal of public sector management,journal,0.552,61.0,United Kingdom,Western Europe
1576,computational biology and chemistry,journal,0.481,61.0,United Kingdom,Western Europe
1577,reviews on advanced materials science,journal,0.617,61.0,Russian Federation,Eastern Europe
1578,ieee vehicular technology magazine,journal,3.886,61.0,United States,Northern America
1579,journal of agrarian change,journal,1.507,61.0,United Kingdom,Western Europe
1580,policy sciences,journal,1.661,61.0,Netherlands,Western Europe
1581,multimedia systems,journal,0.633,61.0,Germany,Western Europe
1582,diangong jishu xuebaotransactions of china electrotechnical society,journal,0.612,61.0,China,Asiatic Region
1583,nonlinear processes in geophysics,journal,0.706,61.0,Germany,Western Europe
1584,journal of navigation,journal,0.556,61.0,United Kingdom,Western Europe
1585,fire and materials,journal,0.576,61.0,United Kingdom,Western Europe
1586,cartography and geographic information science,journal,0.517,61.0,United Kingdom,Western Europe
1587,conference record of the ieee photovoltaic specialists conference,conference and proceedings,0.25,61.0,United States,Northern America
1588,studies in health technology and informatics,journal,0.277,61.0,Netherlands,Western Europe
1589,journal of elasticity,journal,0.686,61.0,Netherlands,Western Europe
1590,computer methods in biomechanics and biomedical engineering,journal,0.439,61.0,United Kingdom,Western Europe
1591,international journal of uncertainty fuzziness and knowlegebased systems,journal,0.35,61.0,Singapore,Asiatic Region
1592,international journal of technology management,journal,0.359,61.0,United Kingdom,Western Europe
1593,natural hazards review,journal,0.77,61.0,United States,Northern America
1594,flow measurement and instrumentation,journal,0.634,61.0,United Kingdom,Western Europe
1595,petroleum geoscience,journal,0.667,61.0,United Kingdom,Western Europe
1596,global environmental politics,journal,1.329,61.0,United States,Northern America
1597,journal of research of the national institute of standards and technology,journal,0.282,60.0,United States,Northern America
1598,quantum information processing,journal,0.463,60.0,United States,Northern America
1599,nonlinear analysis hybrid systems,journal,1.649,60.0,Netherlands,Western Europe
1600,ieeeacm transactions on audio speech and language processing,journal,1.591,60.0,United States,Northern America
1601,acta acustica,journal,0.365,60.0,France,Western Europe
1602,journal of polymer research,journal,0.437,60.0,Netherlands,Western Europe
1603,journal of rare earths,journal,0.664,60.0,China,Asiatic Region
1604,chinese chemical letters,journal,1.117,60.0,Netherlands,Western Europe
1605,particle and particle systems characterization,journal,0.688,60.0,Germany,Western Europe
1606,biologicals,journal,0.46,60.0,United States,Northern America
1607,engineering with computers,journal,0.957,60.0,United Kingdom,Western Europe
1608,bulletin of the american museum of natural history,book series,1.483,60.0,United States,Northern America
1609,international journal of engine research,journal,1.022,60.0,United Kingdom,Western Europe
1610,ecological informatics,journal,0.868,60.0,Netherlands,Western Europe
1611,journal of environmental education,journal,0.975,60.0,United Kingdom,Western Europe
1612,reviews in aquaculture,journal,1.987,60.0,Australia,Pacific Region
1613,journal of energy storage,journal,1.352,60.0,Netherlands,Western Europe
1614,flora morphology distribution functional ecology of plants,journal,0.548,60.0,Germany,Western Europe
1615,marine ecology,journal,0.472,60.0,United Kingdom,Western Europe
1616,communications in computational physics,journal,0.922,60.0,United Kingdom,Western Europe
1617,science china life sciences,journal,1.403,60.0,China,Asiatic Region
1618,journal of the ceramic society of japan,journal,0.295,60.0,Japan,Asiatic Region
1619,proceedings of the japan academy series b physical and biological sciences,journal,0.952,59.0,Japan,Asiatic Region
1620,international journal of artificial organs,journal,0.346,59.0,Italy,Western Europe
1621,polymerplastics technology and materials,journal,0.465,59.0,United Kingdom,Western Europe
1622,global governance,journal,0.437,59.0,United States,Northern America
1623,international journal of control automation and systems,journal,0.761,59.0,South Korea,Asiatic Region
1624,journal of quality in maintenance engineering,journal,0.375,59.0,United Kingdom,Western Europe
1625,geomarine letters,journal,0.511,59.0,Germany,Western Europe
1626,journal of mechanical science and technology,journal,0.5,59.0,South Korea,Asiatic Region
1627,numerical heat transfer part b fundamentals,journal,0.355,59.0,United Kingdom,Western Europe
1628,journal of nonlinear science,journal,1.39,59.0,United States,Northern America
1629,displays,journal,0.393,59.0,Netherlands,Western Europe
1630,environmetrics,journal,0.945,59.0,United Kingdom,Western Europe
1631,journal of experimental and theoretical physics,journal,0.345,59.0,United States,Northern America
1632,journal of performance of constructed facilities,journal,0.696,59.0,United States,Northern America
1633,environmental innovation and societal transitions,journal,2.573,59.0,Netherlands,Western Europe
1634,ferroelectrics,journal,0.209,59.0,United Kingdom,Western Europe
1635,polish journal of environmental studies,journal,0.364,59.0,Poland,Eastern Europe
1636,geosynthetics international,journal,1.353,59.0,United Kingdom,Western Europe
1637,international journal of nonlinear sciences and numerical simulation,journal,0.478,59.0,Germany,Western Europe
1638,catalysts,journal,0.728,59.0,Switzerland,Western Europe
1639,ecological complexity,journal,0.551,59.0,Netherlands,Western Europe
1640,journal of pest science,journal,1.335,59.0,Germany,Western Europe
1641,grass and forage science,journal,0.597,59.0,United Kingdom,Western Europe
1642,molecular simulation,journal,0.39,59.0,United Kingdom,Western Europe
1643,fisheries management and ecology,journal,0.595,59.0,United Kingdom,Western Europe
1644,international journal of computer integrated manufacturing,journal,1.095,59.0,United Kingdom,Western Europe
1645,engineering,journal,1.614,59.0,United Kingdom,Western Europe
1646,cultural geographies,journal,0.625,59.0,United Kingdom,Western Europe
1647,boreal environment research,journal,0.319,59.0,Finland,Western Europe
1648,proceedings of the institution of mechanical engineers part j journal of engineering tribology,journal,0.411,59.0,United Kingdom,Western Europe
1649,journal of materials research and technology,journal,0.964,59.0,Brazil,Latin America
1650,nuclear science and engineering,journal,0.641,59.0,United States,Northern America
1651,proceedings of the ieee vlsi test symposium,conference and proceedings,0.587,59.0,United States,Northern America
1652,esaim control optimisation and calculus of variations,journal,1.015,59.0,France,Western Europe
1653,new astronomy reviews,journal,2.404,59.0,Netherlands,Western Europe
1654,engineering computations,journal,0.364,59.0,United Kingdom,Western Europe
1655,contemporary physics,journal,2.099,59.0,United Kingdom,Western Europe
1656,growth and change,journal,0.723,59.0,United Kingdom,Western Europe
1657,living reviews in solar physics,journal,6.921,59.0,Switzerland,Western Europe
1658,royal society open science,journal,0.758,59.0,United Kingdom,Western Europe
1659,frontiers in bioengineering and biotechnology,journal,0.925,59.0,Switzerland,Western Europe
1660,dental materials journal,journal,0.592,59.0,Japan,Asiatic Region
1661,journal of water process engineering,journal,1.027,59.0,United Kingdom,Western Europe
1662,therapeutics and clinical risk management,journal,0.598,59.0,New Zealand,Pacific Region
1663,food technology,trade journal,0.147,58.0,United States,Northern America
1664,gaodianya jishuhigh voltage engineering,journal,0.57,58.0,China,Asiatic Region
1665,petroleum exploration and development,journal,0.889,58.0,Netherlands,Western Europe
1666,proceedings of the institution of mechanical engineers part f journal of rail and rapid transit,journal,0.777,58.0,United Kingdom,Western Europe
1667,realtime systems,journal,0.656,58.0,Netherlands,Western Europe
1668,journal of integrative agriculture,journal,0.751,58.0,Netherlands,Western Europe
1669,materials chemistry frontiers,journal,1.589,58.0,United Kingdom,Western Europe
1670,international journal of distributed sensor networks,journal,0.502,58.0,United States,Northern America
1671,international journal of water resources development,journal,0.821,58.0,United Kingdom,Western Europe
1672,arabian journal of geosciences,journal,0.406,58.0,Germany,Western Europe
1673,new zealand journal of marine and freshwater research,journal,0.518,58.0,United Kingdom,Western Europe
1674,ecology of freshwater fish,journal,0.818,58.0,Denmark,Western Europe
1675,separation and purification reviews,journal,0.973,58.0,United States,Northern America
1676,letters in mathematical physics,journal,0.668,58.0,Netherlands,Western Europe
1677,journal of laser applications,journal,0.508,58.0,United States,Northern America
1678,journal of porous materials,journal,0.433,58.0,Netherlands,Western Europe
1679,materials and corrosion werkstoffe und korrosion,journal,0.407,58.0,United Kingdom,Western Europe
1680,nature astronomy,journal,2.647,58.0,United Kingdom,Western Europe
1681,science china physics mechanics and astronomy,journal,0.739,58.0,China,Asiatic Region
1682,fibers and polymers,journal,0.445,58.0,South Korea,Asiatic Region
1683,journal of chromatographic science,journal,0.295,58.0,United States,Northern America
1684,european physical journal d,journal,0.423,58.0,United States,Northern America
1685,celestial mechanics and dynamical astronomy,journal,0.625,58.0,Netherlands,Western Europe
1686,astronomische nachrichten,journal,0.284,58.0,Germany,Western Europe
1687,journal of chemistry,journal,0.456,58.0,United States,Northern America
1688,transition metal chemistry,journal,0.322,58.0,Netherlands,Western Europe
1689,natural product research,journal,0.446,58.0,United Kingdom,Western Europe
1690,journal of biomaterials applications,journal,0.482,58.0,United Kingdom,Western Europe
1691,journal of dispersion science and technology,journal,0.346,58.0,United States,Northern America
1692,molecular diversity,journal,0.403,58.0,Netherlands,Western Europe
1693,artificial cells nanomedicine and biotechnology,journal,0.884,57.0,United States,Northern America
1694,progress in biomedical optics and imaging proceedings of spie,conference and proceedings,0.246,57.0,United States,Northern America
1695,biomedical and environmental sciences,journal,0.385,57.0,United Kingdom,Western Europe
1696,journal of terramechanics,journal,0.539,57.0,United Kingdom,Western Europe
1697,annals of agricultural and environmental medicine,journal,0.352,57.0,Poland,Eastern Europe
1698,chinese journal of aeronautics,journal,0.948,57.0,China,Asiatic Region
1699,journal of transport economics and policy,journal,0.412,57.0,United Kingdom,Western Europe
1700,biotechnology and bioprocess engineering,journal,0.525,57.0,South Korea,Asiatic Region
1701,disaster prevention and management,journal,0.462,57.0,United Kingdom,Western Europe
1702,interface focus,journal,1.01,57.0,United Kingdom,Western Europe
1703,shock waves,journal,0.68,57.0,United States,Northern America
1704,canadian journal of physics,journal,0.232,57.0,Canada,Northern America
1705,international journal of social robotics,journal,1.11,57.0,Germany,Western Europe
1706,review of environmental economics and policy,journal,2.572,57.0,United States,Northern America
1707,journal of scientific and industrial research,journal,0.19,57.0,India,Asiatic Region
1708,scientia iranica,journal,0.306,57.0,Iran,Middle East
1709,reviews on environmental health,journal,0.632,57.0,Germany,Western Europe
1710,ieee transactions on network and service management,journal,1.618,57.0,United States,Northern America
1711,journal of near infrared spectroscopy,journal,0.328,57.0,United Kingdom,Western Europe
1712,lighting research and technology,journal,0.692,57.0,United Kingdom,Western Europe
1713,materials research,journal,0.349,57.0,Brazil,Latin America
1714,journal of computer security,journal,0.407,57.0,Netherlands,Western Europe
1715,chinese physics b,journal,0.33,57.0,United Kingdom,Western Europe
1716,applied engineering in agriculture,journal,0.284,57.0,United States,Northern America
1717,shiyou kantan yu kaifapetroleum exploration and development,journal,2.465,57.0,China,Asiatic Region
1718,international journal of numerical methods for heat and fluid flow,journal,0.74,57.0,United Kingdom,Western Europe
1719,laser physics,journal,0.342,57.0,United States,Northern America
1720,drug testing and analysis,journal,0.878,57.0,United Kingdom,Western Europe
1721,international regional science review,journal,0.851,57.0,United States,Northern America
1722,ieice transactions on communications,journal,0.248,57.0,Japan,Asiatic Region
1723,journal of engineering mathematics,journal,0.299,56.0,Netherlands,Western Europe
1724,international journal of photoenergy,journal,0.407,56.0,United States,Northern America
1725,foundations of physics,journal,0.431,56.0,United States,Northern America
1726,international journal of dairy technology,journal,0.807,56.0,United States,Northern America
1727,asian journal of control,journal,0.731,56.0,United States,Northern America
1728,spe production and operations,journal,0.616,56.0,United States,Northern America
1729,journal of the american helicopter society,journal,0.408,56.0,United States,Northern America
1730,international journal of precision engineering and manufacturing,journal,0.476,56.0,South Korea,Asiatic Region
1731,ecs journal of solid state science and technology,journal,0.427,56.0,United States,Northern America
1732,materials today proceedings,conference and proceedings,0.355,56.0,United Kingdom,Western Europe
1733,advances in atomic molecular and optical physics,book series,0.829,56.0,United States,Northern America
1734,ecs transactions,conference and proceedings,0.206,56.0,United States,Northern America
1735,chimia,journal,0.306,56.0,Switzerland,Western Europe
1736,macromolecular theory and simulations,journal,0.311,56.0,Germany,Western Europe
1737,wildlife biology,journal,0.526,56.0,Denmark,Western Europe
1738,ieee industry applications magazine,journal,0.336,56.0,United States,Northern America
1739,policy and politics,journal,1.278,56.0,United Kingdom,Western Europe
1740,protein journal,journal,0.924,56.0,United States,Northern America
1741,israel journal of chemistry,journal,0.93,56.0,United States,Northern America
1742,comptes rendus mecanique,journal,0.499,56.0,France,Western Europe
1743,applied materials today,journal,1.619,56.0,Netherlands,Western Europe
1744,brazilian journal of chemical engineering,journal,0.335,56.0,Brazil,Latin America
1745,annales zoologici fennici,journal,0.335,56.0,Finland,Western Europe
1746,communications in theoretical physics,journal,0.442,56.0,United Kingdom,Western Europe
1747,global food security,journal,2.195,56.0,United States,Northern America
1748,journal of engineering design,journal,0.74,55.0,United Kingdom,Western Europe
1749,journal of environmental science and health part c toxicology and carcinogenesis,journal,0.517,55.0,United States,Northern America
1750,packaging technology and science,journal,0.429,55.0,United Kingdom,Western Europe
1751,ieee circuits and systems magazine,journal,0.901,55.0,United States,Northern America
1752,journal of electronic packaging transactions of the asme,journal,0.493,55.0,United States,Northern America
1753,key engineering materials,book series,0.2,55.0,Switzerland,Western Europe
1754,steel research international,journal,0.579,55.0,United States,Northern America
1755,radiation and environmental biophysics,journal,0.489,55.0,Germany,Western Europe
1756,mechanics of advanced materials and structures,journal,0.662,55.0,United Kingdom,Western Europe
1757,journal of environmental science and health part b pesticides food contaminants and agricultural wastes,journal,0.391,55.0,United States,Northern America
1758,journal of turbulence,journal,0.798,55.0,United Kingdom,Western Europe
1759,catalysis surveys from asia,journal,0.544,55.0,United States,Northern America
1760,impact assessment and project appraisal,journal,0.45,55.0,United Kingdom,Western Europe
1761,journal of contingencies and crisis management,journal,1.138,55.0,United Kingdom,Western Europe
1762,asphalt paving technology association of asphalt paving technologistsproceedings of the technical sessions,conference and proceedings,0.326,55.0,United States,Northern America
1763,journal of saudi chemical society,journal,0.644,55.0,Saudi Arabia,Middle East
1764,journal of adhesion,journal,0.474,55.0,United Kingdom,Western Europe
1765,acs omega,journal,0.708,55.0,United States,Northern America
1766,advanced materials technologies,journal,1.92,55.0,United States,Northern America
1767,journal of environmental policy and planning,journal,1.051,55.0,United Kingdom,Western Europe
1768,advances in inorganic chemistry,book series,0.421,55.0,United States,Northern America
1769,proceedings of the custom integrated circuits conference,conference and proceedings,1.228,55.0,United States,Northern America
1770,telecommunication systems,journal,0.655,54.0,Netherlands,Western Europe
1771,ain shams engineering journal,journal,0.68,54.0,Egypt,Africa/Middle East
1772,utilities policy,journal,0.736,54.0,United Kingdom,Western Europe
1773,studies in conflict and terrorism,journal,0.288,54.0,United Kingdom,Western Europe
1774,human dimensions of wildlife,journal,0.521,54.0,United Kingdom,Western Europe
1775,population research and policy review,journal,0.731,54.0,Netherlands,Western Europe
1776,microscopy oxford england,journal,0.593,54.0,United Kingdom,Western Europe
1777,pramana journal of physics,journal,0.481,54.0,India,Asiatic Region
1778,journal of building engineering,journal,1.164,54.0,Netherlands,Western Europe
1779,atomization and sprays,journal,0.431,54.0,United States,Northern America
1780,ieee reviews in biomedical engineering,journal,2.044,54.0,United States,Northern America
1781,journal of geometry and physics,journal,0.552,54.0,Netherlands,Western Europe
1782,ieee national radar conference proceedings,conference and proceedings,0.214,54.0,United States,Northern America
1783,machining science and technology,journal,0.557,54.0,United States,Northern America
1784,biomedical materials and engineering,journal,0.304,54.0,Netherlands,Western Europe
1785,smart structures and systems,journal,0.681,54.0,South Korea,Asiatic Region
1786,continuum mechanics and thermodynamics,journal,0.953,54.0,Germany,Western Europe
1787,fusion science and technology,journal,0.576,54.0,United States,Northern America
1788,forest products journal,journal,0.247,54.0,United States,Northern America
1789,journal of phase equilibria and diffusion,journal,0.338,54.0,United States,Northern America
1790,structure and infrastructure engineering,journal,0.949,54.0,United Kingdom,Western Europe
1791,brazilian archives of biology and technology,journal,0.231,54.0,Brazil,Latin America
1792,materials research letters,journal,2.273,54.0,United Kingdom,Western Europe
1793,journal of signal processing systems,journal,0.399,54.0,United States,Northern America
1794,molecular crystals and liquid crystals,journal,0.214,54.0,United Kingdom,Western Europe
1795,nuclear technology,journal,0.653,54.0,United States,Northern America
1796,chemical engineering communications,journal,0.425,54.0,United Kingdom,Western Europe
1797,artificial intelligence for engineering design analysis and manufacturing aiedam,journal,0.44,54.0,United Kingdom,Western Europe
1798,urban climate,journal,1.301,54.0,Netherlands,Western Europe
1799,nongye gongcheng xuebaotransactions of the chinese society of agricultural engineering,journal,0.404,54.0,China,Asiatic Region
1800,ieee journal on emerging and selected topics in circuits and systems,journal,1.543,54.0,United States,Northern America
1801,international journal of engineering education,journal,0.443,54.0,Ireland,Western Europe
1802,natural resources research,journal,0.883,54.0,United States,Northern America
1803,research on chemical intermediates,journal,0.451,54.0,Netherlands,Western Europe
1804,ieee transactions on components packaging and manufacturing technology,journal,0.623,54.0,United States,Northern America
1805,journal of chemical sciences,journal,0.332,54.0,India,Asiatic Region
1806,journal of the society for information display,journal,0.602,54.0,United States,Northern America
1807,journal of hydroinformatics,journal,0.619,54.0,United Kingdom,Western Europe
1808,electric power components and systems,journal,0.361,54.0,United Kingdom,Western Europe
1809,nanoscale and microscale thermophysical engineering,journal,0.839,54.0,United Kingdom,Western Europe
1810,food biophysics,journal,0.629,54.0,United States,Northern America
1811,current opinion in chemical engineering,journal,1.029,54.0,Netherlands,Western Europe
1812,acs applied energy materials,journal,1.613,53.0,United States,Northern America
1813,terrorism and political violence,journal,0.428,53.0,United Kingdom,Western Europe
1814,journal of vector ecology,journal,0.57,53.0,United States,Northern America
1815,jixie gongcheng xuebaochinese journal of mechanical engineering,journal,0.349,53.0,China,Asiatic Region
1816,journal of essential oil research,journal,0.377,53.0,United Kingdom,Western Europe
1817,food engineering reviews,journal,1.122,53.0,United States,Northern America
1818,international journal of modern physics e,journal,0.315,53.0,Singapore,Asiatic Region
1819,cirp journal of manufacturing science and technology,journal,1.058,53.0,Netherlands,Western Europe
1820,population and environment,journal,1.147,53.0,Netherlands,Western Europe
1821,advances in clinical chemistry,journal,1.881,53.0,United States,Northern America
1822,journal of computational and theoretical nanoscience,journal,0.173,53.0,United States,Northern America
1823,journal of water supply research and technology aqua,journal,0.495,53.0,United Kingdom,Western Europe
1824,journal of bionic engineering,journal,0.521,53.0,China,Asiatic Region
1825,journal of electromagnetic waves and applications,journal,0.383,53.0,United Kingdom,Western Europe
1826,ozone science and engineering,journal,0.502,53.0,United Kingdom,Western Europe
1827,organogenesis,journal,0.47,53.0,United States,Northern America
1828,zamm zeitschrift fur angewandte mathematik und mechanik,journal,0.444,53.0,Germany,Western Europe
1829,journal of computational and nonlinear dynamics,journal,0.575,53.0,United States,Northern America
1830,road materials and pavement design,journal,1.114,53.0,United Kingdom,Western Europe
1831,applied composite materials,journal,0.51,53.0,Netherlands,Western Europe
1832,environmental hazards,journal,0.75,53.0,United Kingdom,Western Europe
1833,yantu lixuerock and soil mechanics,journal,0.588,53.0,China,Asiatic Region
1834,johnson matthey technology review,journal,0.508,53.0,United Kingdom,Western Europe
1835,water international,journal,0.616,53.0,United Kingdom,Western Europe
1836,acm transactions on design automation of electronic systems,journal,0.533,53.0,United States,Northern America
1837,ieice transactions on fundamentals of electronics communications and computer sciences,journal,0.203,53.0,Japan,Asiatic Region
1838,compost science and utilization,journal,0.265,53.0,United Kingdom,Western Europe
1839,journal for nature conservation,journal,0.746,53.0,Germany,Western Europe
1840,journal of computing and information science in engineering,journal,0.627,53.0,United States,Northern America
1841,international journal of computer assisted radiology and surgery,journal,1.0,53.0,Germany,Western Europe
1842,journal of agricultural and environmental ethics,journal,0.559,53.0,Netherlands,Western Europe
1843,journal of agricultural biological and environmental statistics,journal,0.782,53.0,United States,Northern America
1844,industrial robot,journal,0.444,53.0,United Kingdom,Western Europe
1845,journal of intelligent transportation systems technology planning and operations,journal,1.136,52.0,United Kingdom,Western Europe
1846,environment,journal,0.506,52.0,United States,Northern America
1847,ieee transactions on transportation electrification,journal,2.171,52.0,United States,Northern America
1848,progress in solid state chemistry,journal,1.558,52.0,United Kingdom,Western Europe
1849,journal of environmental health science and engineering,journal,0.505,52.0,Switzerland,Western Europe
1850,international journal of environmental health research,journal,0.571,52.0,United Kingdom,Western Europe
1851,polar research,journal,0.596,52.0,United Kingdom,Western Europe
1852,journal of medical toxicology,journal,0.535,52.0,United States,Northern America
1853,atmospheric pollution research,journal,0.891,52.0,Netherlands,Western Europe
1854,journal of macromolecular science pure and applied chemistry,journal,0.368,52.0,United States,Northern America
1855,journal of aerospace engineering,journal,0.532,52.0,United States,Northern America
1856,ieeecaa journal of automatica sinica,journal,2.132,52.0,United States,Northern America
1857,journal of advanced concrete technology,journal,0.962,52.0,Japan,Asiatic Region
1858,iet science measurement and technology,journal,0.518,52.0,United Kingdom,Western Europe
1859,croatica chemica acta,journal,0.208,52.0,Croatia,Eastern Europe
1860,journal of applied clinical medical physics,journal,0.656,52.0,United States,Northern America
1861,air quality atmosphere and health,journal,0.893,52.0,Netherlands,Western Europe
1862,journal of energy resources technology transactions of the asme,journal,0.624,52.0,United States,Northern America
1863,photogrammetric record,journal,0.515,52.0,United Kingdom,Western Europe
1864,international journal of communication systems,journal,0.517,52.0,United Kingdom,Western Europe
1865,journal of civil engineering and management,journal,0.597,52.0,Lithuania,Eastern Europe
1866,lecture notes in business information processing,book series,0.303,52.0,Germany,Western Europe
1867,coastal management,journal,0.708,52.0,United Kingdom,Western Europe
1868,bird study,journal,0.376,52.0,United Kingdom,Western Europe
1869,food analytical methods,journal,0.577,52.0,United States,Northern America
1870,international journal of electronics,journal,0.336,52.0,United Kingdom,Western Europe
1871,micromachines,journal,0.577,52.0,Switzerland,Western Europe
1872,fluid dynamics research,journal,0.545,52.0,United Kingdom,Western Europe
1873,international journal of circuit theory and applications,journal,0.45,52.0,United Kingdom,Western Europe
1874,physics of the solid state,journal,0.283,52.0,United States,Northern America
1875,international journal of pavement engineering,journal,0.871,52.0,United Kingdom,Western Europe
1876,international forestry review,journal,0.392,52.0,United Kingdom,Western Europe
1877,journal of strain analysis for engineering design,journal,0.468,52.0,United Kingdom,Western Europe
1878,archives of civil and mechanical engineering,journal,0.837,52.0,Netherlands,Western Europe
1879,international journal of mining science and technology,journal,1.543,52.0,Netherlands,Western Europe
1880,energy technology,journal,0.825,52.0,Germany,Western Europe
1881,environmental modeling and assessment,journal,0.467,52.0,Netherlands,Western Europe
1882,macromolecular research,journal,0.395,52.0,South Korea,Asiatic Region
1883,sadhana academy proceedings in engineering sciences,journal,0.301,52.0,India,Asiatic Region
1884,critical reviews in biomedical engineering,journal,0.258,52.0,United States,Northern America
1885,journal of pressure vessel technology transactions of the asme,journal,0.442,52.0,United States,Northern America
1886,laser and particle beams,journal,0.292,52.0,United States,Northern America
1887,natural resources forum,journal,0.686,52.0,United Kingdom,Western Europe
1888,organic preparations and procedures international,journal,0.224,52.0,United Kingdom,Western Europe
1889,arboriculture and urban forestry,journal,0.252,51.0,United States,Northern America
1890,journal of inorganic and organometallic polymers and materials,journal,0.49,51.0,United States,Northern America
1891,european journal of physics,journal,0.391,51.0,United Kingdom,Western Europe
1892,journal of food processing and preservation,journal,0.472,51.0,United States,Northern America
1893,zeitschrift fur physikalische chemie,journal,0.472,51.0,Germany,Western Europe
1894,physica medica,journal,0.747,51.0,Italy,Western Europe
1895,software testing verification and reliability,journal,0.696,51.0,United Kingdom,Western Europe
1896,transactions on emerging telecommunications technologies,journal,0.708,51.0,United Kingdom,Western Europe
1897,nanoscale horizons,journal,2.673,51.0,United Kingdom,Western Europe
1898,nordic pulp and paper research journal,journal,0.36,51.0,Sweden,Western Europe
1899,bmc ecology,journal,0.784,51.0,United Kingdom,Western Europe
1900,forest pathology,journal,0.37,51.0,United Kingdom,Western Europe
1901,preslia,journal,0.912,51.0,Czech Republic,Eastern Europe
1902,journal of surfactants and detergents,journal,0.32,51.0,Germany,Western Europe
1903,ieee transactions on learning technologies,journal,1.288,51.0,United States,Northern America
1904,iet circuits devices and systems,journal,0.346,51.0,United Kingdom,Western Europe
1905,fractals,journal,0.639,51.0,Singapore,Asiatic Region
1906,extreme mechanics letters,journal,1.195,51.0,United Kingdom,Western Europe
1907,journal of coordination chemistry,journal,0.298,51.0,United Kingdom,Western Europe
1908,coloration technology,journal,0.386,51.0,United States,Northern America
1909,journal of advanced transportation,journal,0.569,51.0,Egypt,Africa/Middle East
1910,environmental values,journal,0.638,51.0,United Kingdom,Western Europe
1911,iet intelligent transport systems,journal,0.724,51.0,United Kingdom,Western Europe
1912,journal of environmental biology,journal,0.224,51.0,India,Asiatic Region
1913,acta mechanica sinicalixue xuebao,journal,0.6,51.0,Germany,Western Europe
1914,european journal of wildlife research,journal,0.628,51.0,Germany,Western Europe
1915,analog integrated circuits and signal processing,journal,0.307,51.0,Netherlands,Western Europe
1916,journal of liquid chromatography and related technologies,journal,0.265,51.0,United States,Northern America
1917,virtual and physical prototyping,journal,1.858,51.0,United Kingdom,Western Europe
1918,petroleum science and technology,journal,0.288,51.0,United States,Northern America
1919,journal of superconductivity and novel magnetism,journal,0.33,50.0,United States,Northern America
1920,electricity journal,journal,0.708,50.0,United States,Northern America
1921,shock and vibration,journal,0.378,50.0,Egypt,Africa/Middle East
1922,medicinal chemistry research,journal,0.357,50.0,United States,Northern America
1923,journal of macromolecular science physics,journal,0.293,50.0,United States,Northern America
1924,ground water monitoring and remediation,journal,0.471,50.0,United States,Northern America
1925,progress in crystal growth and characterization of materials,journal,1.293,50.0,United Kingdom,Western Europe
1926,soft robotics,journal,3.027,50.0,United States,Northern America
1927,concepts in magnetic resonance part a bridging education and research,journal,0.235,50.0,United States,Northern America
1928,journal of bioactive and compatible polymers,journal,0.327,50.0,United Kingdom,Western Europe
1929,arabian journal for science and engineering,journal,0.469,50.0,Germany,Western Europe
1930,latin american research review,journal,0.684,50.0,United States,Northern America
1931,sae international journal of fuels and lubricants,journal,0.393,50.0,United States,Northern America
1932,journal of chemical engineering of japan,journal,0.23,50.0,Japan,Asiatic Region
1933,waves in random and complex media,journal,0.463,50.0,United Kingdom,Western Europe
1934,strain,journal,0.475,50.0,United Kingdom,Western Europe
1935,proceedings of the international symposium on physical design,conference and proceedings,0.482,50.0,United States,Northern America
1936,proceedings ieee international conference on computer design vlsi in computers and processors,conference and proceedings,0.202,50.0,United States,Northern America
1937,reviews in mathematical physics,journal,0.65,50.0,Singapore,Asiatic Region
1938,advances in heterocyclic chemistry,book series,0.242,50.0,United States,Northern America
1939,springer tracts in advanced robotics,book series,0.217,50.0,Germany,Western Europe
1940,journal of optoelectronics and advanced materials,journal,0.153,50.0,Romania,Eastern Europe
1941,scanning,journal,0.353,50.0,United States,Northern America
1942,solar rrl,journal,2.078,50.0,Germany,Western Europe
1943,journal of the iranian chemical society,journal,0.323,50.0,Germany,Western Europe
1944,proceedings spe symposium on improved oil recovery,conference and proceedings,0.371,50.0,United States,Northern America
1945,materials research innovations,journal,0.308,50.0,United Kingdom,Western Europe
1946,epj applied physics,journal,0.228,50.0,France,Western Europe
1947,ieice transactions on information and systems,journal,0.296,50.0,Japan,Asiatic Region
1948,new zealand journal of ecology,journal,0.766,50.0,New Zealand,Pacific Region
1949,biointerphases,journal,0.43,50.0,United States,Northern America
1950,journal of public policy,journal,0.816,50.0,United Kingdom,Western Europe
1951,environmental policy and governance,journal,0.981,50.0,United Kingdom,Western Europe
1952,aquatic invasions,journal,0.656,50.0,Finland,Western Europe
1953,information economics and policy,journal,0.645,50.0,Netherlands,Western Europe
1954,wood and fiber science,journal,0.423,50.0,United States,Northern America
1955,international journal of general systems,journal,0.72,50.0,United Kingdom,Western Europe
1956,frontiers in environmental science,journal,1.233,50.0,Switzerland,Western Europe
1957,reviews in chemical engineering,journal,1.038,50.0,Germany,Western Europe
1958,hydrology research,journal,0.642,50.0,Denmark,Western Europe
1959,biocatalysis and biotransformation,journal,0.405,50.0,United Kingdom,Western Europe
1960,tourism recreation research,journal,0.877,50.0,United Kingdom,Western Europe
1961,sar and qsar in environmental research,journal,0.433,50.0,United Kingdom,Western Europe
1962,current environmental health reports,journal,1.935,50.0,Switzerland,Western Europe
1963,journal of marine science and technology,journal,0.771,50.0,Japan,Asiatic Region
1964,earth's future,journal,2.624,50.0,United States,Northern America
1965,waste and biomass valorization,journal,0.58,50.0,Netherlands,Western Europe
1966,optics and photonics news,trade journal,0.682,50.0,United States,Northern America
1967,advances in materials science and engineering,journal,0.371,50.0,United States,Northern America
1968,journal of natural medicines,journal,0.588,50.0,Germany,Western Europe
1969,fullerenes nanotubes and carbon nanostructures,journal,0.371,50.0,United States,Northern America
1970,contributions to plasma physics,journal,0.448,49.0,Germany,Western Europe
1971,ieee transactions on control of network systems,journal,2.588,49.0,United States,Northern America
1972,proceedings of the international offshore and polar engineering conference,conference and proceedings,0.181,49.0,United States,Northern America
1973,journal of the energy institute,journal,1.156,49.0,United Kingdom,Western Europe
1974,sustainable energy and fuels,journal,1.423,49.0,United Kingdom,Western Europe
1975,acta chimica slovenica,journal,0.291,49.0,Slovenia,Eastern Europe
1976,journal of mechanisms and robotics,journal,0.813,49.0,United States,Northern America
1977,dendrochronologia,journal,0.822,49.0,Germany,Western Europe
1978,learning media and technology,journal,2.053,49.0,United Kingdom,Western Europe
1979,journal of food process engineering,journal,0.524,49.0,United States,Northern America
1980,chemistry education research and practice,journal,0.846,49.0,Greece,Western Europe
1981,soil and sediment contamination,journal,0.478,49.0,United Kingdom,Western Europe
1982,zeitschrift fur naturforschung section b journal of chemical sciences,journal,0.227,49.0,Germany,Western Europe
1983,discrete event dynamic systems theory and applications,journal,1.083,49.0,Netherlands,Western Europe
1984,dianli xitong baohu yu kongzhipower system protection and control,journal,0.497,49.0,China,Asiatic Region
1985,thermal science,journal,0.377,49.0,Serbia,Eastern Europe
1986,international journal of imaging systems and technology,journal,0.539,49.0,United States,Northern America
1987,international journal of applied mathematics and computer science,journal,0.552,49.0,Germany,Western Europe
1988,journal of information technology in construction,journal,0.554,49.0,Sweden,Western Europe
1989,facilities,journal,0.556,49.0,United Kingdom,Western Europe
1990,advances in applied ceramics,journal,0.434,49.0,United Kingdom,Western Europe
1991,energy sources part a recovery utilization and environmental effects,journal,0.432,49.0,United Kingdom,Western Europe
1992,electronics switzerland,journal,0.59,49.0,Switzerland,Western Europe
1993,journal of hydrodynamics,journal,0.891,49.0,China,Asiatic Region
1994,journal of renewable and sustainable energy,journal,0.545,49.0,United States,Northern America
1995,energy reports,journal,0.894,49.0,United Kingdom,Western Europe
1996,proceedings of the institution of mechanical engineers part i journal of systems and control engineering,journal,0.48,49.0,United Kingdom,Western Europe
1997,journal of offshore mechanics and arctic engineering,journal,0.638,49.0,United States,Northern America
1998,journal of cluster science,journal,0.473,49.0,United States,Northern America
1999,flexible services and manufacturing journal,journal,1.016,49.0,United States,Northern America
2000,turkish journal of chemistry,journal,0.214,49.0,Turkey,Middle East
2001,journal of the korean physical society,journal,0.212,49.0,South Korea,Asiatic Region
2002,journal of radiological protection,journal,0.442,49.0,United Kingdom,Western Europe
2003,biotech,journal,0.522,49.0,Switzerland,Western Europe
2004,ieice transactions on electronics,journal,0.212,49.0,Japan,Asiatic Region
2005,grasas y aceites,journal,0.311,49.0,Spain,Western Europe
2006,iet image processing,journal,0.536,49.0,United Kingdom,Western Europe
2007,zeitschrift fur naturforschung section a journal of physical sciences,journal,0.313,49.0,Germany,Western Europe
2008,brazilian journal of physics,journal,0.277,49.0,United States,Northern America
2009,navigation journal of the institute of navigation,journal,0.776,49.0,United States,Northern America
2010,npj computational materials,journal,2.967,49.0,United Kingdom,Western Europe
2011,current organic synthesis,journal,0.33,49.0,United Arab Emirates,Middle East
2012,plasma physics reports,journal,0.4,49.0,United States,Northern America
2013,digest journal of nanomaterials and biostructures,journal,0.23,48.0,Romania,Eastern Europe
2014,fluoride quarterly reports,journal,0.247,48.0,New Zealand,Pacific Region
2015,structural chemistry,journal,0.285,48.0,United States,Northern America
2016,ieee instrumentation and measurement magazine,journal,0.372,48.0,United States,Northern America
2017,journal of thermoplastic composite materials,journal,0.502,48.0,United Kingdom,Western Europe
2018,quantum electronics,journal,0.395,48.0,United Kingdom,Western Europe
2019,journal of the textile institute,journal,0.397,48.0,United Kingdom,Western Europe
2020,luminescence,journal,0.391,48.0,United Kingdom,Western Europe
2021,international journal of sustainable development and world ecology,journal,0.8,48.0,United Kingdom,Western Europe
2022,coatings,journal,0.482,48.0,Switzerland,Western Europe
2023,journal of food quality,journal,0.543,48.0,United Kingdom,Western Europe
2024,iucrj,journal,2.873,48.0,United Kingdom,Western Europe
2025,asian journal of organic chemistry,journal,0.768,48.0,Germany,Western Europe
2026,ieee transactions on professional communication,journal,0.445,48.0,United States,Northern America
2027,journal of sensors,journal,0.446,48.0,United States,Northern America
2028,china communications,journal,0.924,48.0,China,Asiatic Region
2029,nongye jixie xuebaotransactions of the chinese society of agricultural machinery,journal,0.454,48.0,China,Asiatic Region
2030,applied mathematics and mechanics english edition,journal,0.65,48.0,Netherlands,Western Europe
2031,sustainable energy technologies and assessments,journal,1.356,48.0,United Kingdom,Western Europe
2032,membranes,journal,0.517,48.0,Switzerland,Western Europe
2033,journal of the urban planning and development division asce,journal,0.726,48.0,United States,Northern America
2034,iop conference series materials science and engineering,conference and proceedings,0.249,48.0,United Kingdom,Western Europe
2035,wuli xuebaoacta physica sinica,journal,0.205,48.0,China,Asiatic Region
2036,tien tzu hsueh paoacta electronica sinica,journal,0.235,48.0,China,Asiatic Region
2037,technology and health care,journal,0.243,48.0,Netherlands,Western Europe
2038,indian journal of chemistry section b organic and medicinal chemistry,journal,0.154,48.0,India,Asiatic Region
2039,cell and tissue banking,journal,0.346,48.0,Netherlands,Western Europe
2040,advances in intelligent systems and computing,book series,0.215,48.0,Germany,Western Europe
2041,progress in electromagnetics research b,journal,0.232,48.0,United States,Northern America
2042,journal of labelled compounds and radiopharmaceuticals,journal,0.468,48.0,United Kingdom,Western Europe
2043,review of policy research,journal,0.669,48.0,United Kingdom,Western Europe
2044,frontiers of environmental science and engineering,journal,1.066,48.0,China,Asiatic Region
2045,journal of magnesium and alloys,journal,1.892,48.0,China,Asiatic Region
2046,earthquake engineering and engineering vibration,journal,0.742,48.0,China,Asiatic Region
2047,proceedings of the ieee international conference on industrial technology,conference and proceedings,0.329,48.0,United States,Northern America
2048,environmental and ecological statistics,journal,0.298,48.0,Netherlands,Western Europe
2049,landscape research,journal,0.541,48.0,United Kingdom,Western Europe
2050,structural design of tall and special buildings,journal,0.781,48.0,United Kingdom,Western Europe
2051,electrochemical society interface,journal,0.564,48.0,United States,Northern America
2052,aquatic biology,journal,0.566,47.0,Germany,Western Europe
2053,ironmaking and steelmaking,journal,0.537,47.0,United Kingdom,Western Europe
2054,journal of wood chemistry and technology,journal,0.609,47.0,United States,Northern America
2055,water quality research journal,journal,0.421,47.0,United Kingdom,Western Europe
2056,agroecology and sustainable food systems,journal,0.923,47.0,United Kingdom,Western Europe
2057,journal of environmental pathology toxicology and oncology,journal,0.463,47.0,United States,Northern America
2058,geocarto international,journal,0.644,47.0,United Kingdom,Western Europe
2059,fire technology,journal,0.789,47.0,Netherlands,Western Europe
2060,proceedings of the international conference on offshore mechanics and arctic engineering omae,conference and proceedings,0.269,47.0,United States,Northern America
2061,surface engineering,journal,0.522,47.0,United Kingdom,Western Europe
2062,ieee radio frequency integrated circuits symposium rfic digest of technical papers,conference and proceedings,2.201,47.0,United States,Northern America
2063,etri journal,journal,0.484,47.0,United States,Northern America
2064,current nanoscience,journal,0.31,47.0,United Arab Emirates,Middle East
2065,powder metallurgy,journal,0.485,47.0,United Kingdom,Western Europe
2066,optimal control applications and methods,journal,0.593,47.0,United Kingdom,Western Europe
2067,journal of oleo science,journal,0.329,47.0,Japan,Asiatic Region
2068,journal of the torrey botanical society,journal,0.235,47.0,United States,Northern America
2069,spe drilling and completion,journal,0.46,47.0,United States,Northern America
2070,annales henri poincare,journal,0.866,47.0,Switzerland,Western Europe
2071,marine resource economics,journal,0.605,47.0,United States,Northern America
2072,tappi journal,trade journal,0.214,47.0,United States,Northern America
2073,journal of modern power systems and clean energy,journal,1.438,47.0,United States,Northern America
2074,hyperfine interactions,journal,0.329,47.0,Netherlands,Western Europe
2075,journal of the serbian chemical society,journal,0.224,47.0,Serbia,Eastern Europe
2076,journal of limnology,journal,0.468,47.0,Italy,Western Europe
2077,remote sensing letters,journal,0.659,47.0,United Kingdom,Western Europe
2078,mathematics and mechanics of solids,journal,0.773,47.0,United States,Northern America
2079,case studies in thermal engineering,journal,0.898,47.0,United Kingdom,Western Europe
2080,journal of biological physics,journal,0.276,47.0,Netherlands,Western Europe
2081,international journal of environment and pollution,journal,0.169,47.0,United Kingdom,Western Europe
2082,journal of the astronautical sciences,journal,0.546,47.0,United States,Northern America
2083,environmental fluid mechanics,journal,0.745,47.0,Netherlands,Western Europe
2084,european journal of engineering education,journal,0.687,47.0,United Kingdom,Western Europe
2085,advances in natural sciences nanoscience and nanotechnology,journal,0.438,47.0,United Kingdom,Western Europe
2086,finite fields and their applications,journal,1.387,47.0,United States,Northern America
2087,proceedings of the human factors and ergonomics society,conference and proceedings,0.199,47.0,United States,Northern America
2088,advances in mechanical engineering,journal,0.378,47.0,United States,Northern America
2089,wind engineering,journal,0.386,47.0,United Kingdom,Western Europe
2090,xray spectrometry,journal,0.271,47.0,United Kingdom,Western Europe
2091,proceedings of the institution of mechanical engineers part g journal of aerospace engineering,journal,0.397,47.0,United Kingdom,Western Europe
2092,acta ecologica sinica,journal,0.252,47.0,China,Asiatic Region
2093,advances in polymer technology,journal,0.431,47.0,United States,Northern America
2094,metals and materials international,journal,0.791,47.0,South Korea,Asiatic Region
2095,npj quantum information,journal,3.385,47.0,United Kingdom,Western Europe
2096,plants,journal,0.765,47.0,Switzerland,Western Europe
2097,modern physics letters b,journal,0.343,47.0,Singapore,Asiatic Region
2098,journal of the chinese chemical society,journal,0.306,47.0,United States,Northern America
2099,physical review materials,journal,1.2,46.0,United States,Northern America
2100,international journal of automotive technology,journal,0.496,46.0,South Korea,Asiatic Region
2101,ksce journal of civil engineering,journal,0.51,46.0,Germany,Western Europe
2102,environment systems and decisions,journal,0.761,46.0,United States,Northern America
2103,physics of atomic nuclei,journal,0.217,46.0,United States,Northern America
2104,turk tarim ve ormancilik dergisiturkish journal of agriculture and forestry,journal,0.441,46.0,Turkey,Middle East
2105,international transactions on electrical energy systems,journal,0.6,46.0,United Kingdom,Western Europe
2106,water alternatives,journal,0.638,46.0,France,Western Europe
2107,journal of coatings technology research,journal,0.428,46.0,United States,Northern America
2108,la rivista del nuovo cimento,journal,0.766,46.0,Italy,Western Europe
2109,journal of material cycles and waste management,journal,0.713,46.0,Japan,Asiatic Region
2110,drug and chemical toxicology,journal,0.402,46.0,United States,Northern America
2111,advances in cement research,journal,0.732,46.0,United Kingdom,Western Europe
2112,international journal of sustainable transportation,journal,1.336,46.0,United Kingdom,Western Europe
2113,global ecology and conservation,journal,0.965,46.0,Netherlands,Western Europe
2114,journal of nondestructive evaluation,journal,0.571,46.0,United States,Northern America
2115,heliyon,journal,0.55,46.0,Netherlands,Western Europe
2116,international journal of damage mechanics,journal,1.165,46.0,United Kingdom,Western Europe
2117,ieee transactions on games,journal,0.594,46.0,United States,Northern America
2118,advances in structural engineering,journal,0.692,46.0,United States,Northern America
2119,nuclear engineering and technology,journal,0.752,46.0,South Korea,Asiatic Region
2120,applied magnetic resonance,journal,0.245,46.0,Austria,Western Europe
2121,toxicology reports,journal,0.807,46.0,Ireland,Western Europe
2122,journal of petroleum geology,journal,0.932,46.0,United States,Northern America
2123,egyptian journal of petroleum,journal,0.936,46.0,Egypt,Africa/Middle East
2124,biocatalysis and agricultural biotechnology,journal,0.636,46.0,Netherlands,Western Europe
2125,aeronautical journal,journal,0.418,46.0,United Kingdom,Western Europe
2126,international journal of aerospace psychology,journal,0.183,46.0,United Kingdom,Western Europe
2127,mechanics of timedependent materials,journal,0.393,46.0,Netherlands,Western Europe
2128,urban water journal,journal,0.549,46.0,United Kingdom,Western Europe
2129,journal of sandwich structures and materials,journal,0.875,46.0,United Kingdom,Western Europe
2130,high pressure research,journal,0.488,46.0,United Kingdom,Western Europe
2131,toxicology mechanisms and methods,journal,0.492,46.0,United Kingdom,Western Europe
2132,chemical papers,journal,0.365,46.0,Switzerland,Western Europe
2133,iet computers and digital techniques,journal,0.304,46.0,United Kingdom,Western Europe
2134,international journal of technology and design education,journal,0.753,46.0,Netherlands,Western Europe
2135,iranian polymer journal english edition,journal,0.389,46.0,Switzerland,Western Europe
2136,mathematical medicine and biology,journal,0.45,46.0,United Kingdom,Western Europe
2137,atmosphere,journal,0.692,46.0,Switzerland,Western Europe
2138,crystals,journal,0.459,45.0,Switzerland,Western Europe
2139,disability and rehabilitation assistive technology,journal,0.495,45.0,United Kingdom,Western Europe
2140,russian chemical bulletin,journal,0.29,45.0,United States,Northern America
2141,journal of plasma physics,journal,0.802,45.0,United Kingdom,Western Europe
2142,inorganic and nanometal chemistry,journal,0.244,45.0,United Kingdom,Western Europe
2143,radioengineering,journal,0.275,45.0,Czech Republic,Eastern Europe
2144,oceanologia,journal,0.699,45.0,Poland,Eastern Europe
2145,phase transitions,journal,0.282,45.0,United Kingdom,Western Europe
2146,ecological management and restoration,journal,0.485,45.0,United Kingdom,Western Europe
2147,powder diffraction,journal,0.553,45.0,United States,Northern America
2148,european journal of mass spectrometry,journal,0.265,45.0,United Kingdom,Western Europe
2149,journal of ship research,journal,0.586,45.0,United States,Northern America
2150,canadian conference on electrical and computer engineering,conference and proceedings,0.205,45.0,United States,Northern America
2151,software quality journal,journal,0.618,45.0,United States,Northern America
2152,composite interfaces,journal,0.501,45.0,United Kingdom,Western Europe
2153,chinese journal of chemistry,journal,1.525,45.0,United States,Northern America
2154,international journal of information security,journal,0.755,45.0,Germany,Western Europe
2155,ieee intelligent transportation systems magazine,journal,0.993,45.0,United States,Northern America
2156,international journal of environmental analytical chemistry,journal,0.329,45.0,United Kingdom,Western Europe
2157,bird conservation international,journal,0.634,45.0,United Kingdom,Western Europe
2158,xinxing tan cailiaonew carbon materials,journal,0.423,45.0,China,Asiatic Region
2159,surface review and letters,journal,0.254,45.0,Singapore,Asiatic Region
2160,eurasip journal on image and video processing,journal,0.651,45.0,United States,Northern America
2161,environmental science water research and technology,journal,1.048,45.0,United Kingdom,Western Europe
2162,tianranqi gongyenatural gas industry,journal,0.894,45.0,China,Asiatic Region
2163,journal of environment and development,journal,0.643,45.0,United States,Northern America
2164,international journal of green energy,journal,0.586,45.0,United States,Northern America
2165,experimental astronomy,journal,0.623,45.0,Netherlands,Western Europe
2166,energy efficiency,journal,0.837,45.0,Netherlands,Western Europe
2167,marine technology society journal,journal,0.245,45.0,United States,Northern America
2168,food packaging and shelf life,journal,1.232,45.0,Netherlands,Western Europe
2169,proceedings of the ieee international conference on micro electro mechanical systems mems,conference and proceedings,0.261,45.0,United States,Northern America
2170,progress of theoretical and experimental physics,journal,1.626,45.0,United Kingdom,Western Europe
2171,indian journal of fibre and textile research,journal,0.266,45.0,India,Asiatic Region
2172,journal of king saud university science,journal,0.513,45.0,Netherlands,Western Europe
2173,tsinghua science and technology,journal,1.001,45.0,China,Asiatic Region
2174,kongzhi yu juececontrol and decision,journal,0.231,45.0,China,Asiatic Region
2175,food science and technology research,journal,0.226,45.0,Switzerland,Western Europe
2176,journal of information security and applications,journal,1.317,45.0,United Kingdom,Western Europe
2177,journal of civil engineering education,journal,0.53,44.0,United States,Northern America
2178,journal of medical engineering and technology,journal,0.371,44.0,United Kingdom,Western Europe
2179,selecta mathematica new series,journal,1.445,44.0,Switzerland,Western Europe
2180,journal of fire sciences,journal,0.373,44.0,United Kingdom,Western Europe
2181,international journal of design,journal,0.529,44.0,Taiwan,Asiatic Region
2182,natural areas journal,journal,0.263,44.0,United States,Northern America
2183,journal of biological engineering,journal,1.053,44.0,United Kingdom,Western Europe
2184,bell labs technical journal,journal,0.11,44.0,United States,Northern America
2185,frontiers in ecology and evolution,journal,1.301,44.0,Switzerland,Western Europe
2186,acs applied nano materials,journal,1.178,44.0,United States,Northern America
2187,geomatics natural hazards and risk,journal,0.764,44.0,United Kingdom,Western Europe
2188,iet signal processing,journal,0.434,44.0,United Kingdom,Western Europe
2189,chinese journal of applied ecology,journal,0.292,44.0,China,Asiatic Region
2190,metals,journal,0.569,44.0,Switzerland,Western Europe
2191,journal of zhejiang university science a,journal,0.427,44.0,China,Asiatic Region
2192,globalizations,journal,0.804,44.0,United Kingdom,Western Europe
2193,iet optoelectronics,journal,0.341,44.0,United Kingdom,Western Europe
2194,signal image and video processing,journal,0.518,44.0,United Kingdom,Western Europe
2195,bulletin of the polish academy of sciences technical sciences,journal,0.34,44.0,Poland,Eastern Europe
2196,journal of building performance simulation,journal,0.814,44.0,United Kingdom,Western Europe
2197,wilson journal of ornithology,journal,0.272,44.0,United States,Northern America
2198,journal of mechanics of materials and structures,journal,0.36,44.0,United States,Northern America
2199,international journal of vehicle design,journal,0.306,44.0,United Kingdom,Western Europe
2200,journal of the brazilian society of mechanical sciences and engineering,journal,0.445,44.0,Germany,Western Europe
2201,biotechnology and genetic engineering reviews,journal,1.008,44.0,United Kingdom,Western Europe
2202,british journal of politics and international relations,journal,0.577,44.0,United Kingdom,Western Europe
2203,assembly automation,journal,0.606,44.0,United Kingdom,Western Europe
2204,transactions of the institute of measurement and control,journal,0.515,44.0,United Kingdom,Western Europe
2205,international journal of polymer analysis and characterization,journal,0.369,44.0,United Kingdom,Western Europe
2206,aquatic ecosystem health and management,journal,0.409,44.0,United States,Northern America
2207,chinese journal of physics,journal,0.633,44.0,Taiwan,Asiatic Region
2208,journal of iron and steel research international,journal,0.419,44.0,Singapore,Asiatic Region
2209,electrochemistry,journal,0.322,44.0,Japan,Asiatic Region
2210,studies in history and philosophy of science part b studies in history and philosophy of modern physics,journal,0.491,44.0,United Kingdom,Western Europe
2211,computers materials and continua,journal,0.666,44.0,United States,Northern America
2212,supramolecular chemistry,journal,0.385,44.0,United Kingdom,Western Europe
2213,geochemistry exploration environment analysis,journal,0.434,44.0,United Kingdom,Western Europe
2214,research in astronomy and astrophysics,journal,0.513,44.0,United Kingdom,Western Europe
2215,corrosion engineering science and technology,journal,0.333,44.0,United Kingdom,Western Europe
2216,optoelectronics review,journal,0.438,44.0,Netherlands,Western Europe
2217,computing and visualization in science,journal,1.046,44.0,Germany,Western Europe
2218,kybernetes,journal,0.409,43.0,United Kingdom,Western Europe
2219,journal of hydrology regional studies,journal,1.225,43.0,Netherlands,Western Europe
2220,materials today energy,journal,1.754,43.0,United Kingdom,Western Europe
2221,journal of new materials for electrochemical systems,journal,0.204,43.0,Canada,Northern America
2222,concurrent engineering research and applications,journal,0.432,43.0,United Kingdom,Western Europe
2223,scipost physics,journal,2.007,43.0,Netherlands,Western Europe
2224,advances in high energy physics,journal,0.468,43.0,United States,Northern America
2225,semiconductors,journal,0.263,43.0,United States,Northern America
2226,materials research express,journal,0.402,43.0,United Kingdom,Western Europe
2227,phosphorus sulfur and silicon and the related elements,journal,0.231,43.0,United Kingdom,Western Europe
2228,mediterranean marine science,journal,0.673,43.0,Greece,Western Europe
2229,current opinion in electrochemistry,journal,1.819,43.0,Netherlands,Western Europe
2230,heteroatom chemistry,journal,0.243,43.0,United States,Northern America
2231,bulletin of the american ceramic society,trade journal,0.302,43.0,United States,Northern America
2232,pacific science,journal,0.338,43.0,United States,Northern America
2233,science as culture,journal,0.718,43.0,United Kingdom,Western Europe
2234,diversity,journal,0.668,43.0,Switzerland,Western Europe
2235,energy strategy reviews,journal,2.254,43.0,Netherlands,Western Europe
2236,international journal of lean six sigma,journal,0.79,43.0,United Kingdom,Western Europe
2237,theoretical and mathematical physicsrussian federation,journal,0.324,43.0,United States,Northern America
2238,conservation physiology,journal,0.916,43.0,United States,Northern America
2239,iscience,journal,1.592,43.0,United States,Northern America
2240,international journal of structural stability and dynamics,journal,0.772,43.0,Singapore,Asiatic Region
2241,advances in the astronautical sciences,conference and proceedings,0.211,43.0,United States,Northern America
2242,proceedings of ieee sensors,conference and proceedings,0.214,43.0,United States,Northern America
2243,annual reports on nmr spectroscopy,book series,0.357,43.0,United States,Northern America
2244,chemical and biochemical engineering quarterly,journal,0.35,43.0,Croatia,Eastern Europe
2245,high performance polymers,journal,0.325,43.0,United Kingdom,Western Europe
2246,mendeleev communications,journal,0.341,43.0,Netherlands,Western Europe
2247,reaction kinetics mechanisms and catalysis,journal,0.335,43.0,Netherlands,Western Europe
2248,comments on inorganic chemistry,journal,0.89,43.0,United Kingdom,Western Europe
2249,journal of industrial textiles,journal,0.519,43.0,United Kingdom,Western Europe
2250,optical review,journal,0.357,43.0,Germany,Western Europe
2251,biofuels,journal,0.542,43.0,United Kingdom,Western Europe
2252,journal of hydroenvironment research,journal,0.617,43.0,Netherlands,Western Europe
2253,human ecology review,journal,0.198,43.0,United States,Northern America
2254,bioactive materials,journal,2.281,43.0,Netherlands,Western Europe
2255,journal of micro nanolithography mems and moems,journal,0.368,43.0,United States,Northern America
2256,photonics and nanostructures fundamentals and applications,journal,0.518,43.0,Netherlands,Western Europe
2257,weather and climate extremes,journal,1.849,43.0,Netherlands,Western Europe
2258,phonetica,journal,0.585,43.0,Switzerland,Western Europe
2259,physics world,trade journal,0.124,43.0,United Kingdom,Western Europe
2260,journal of school violence,journal,0.94,43.0,United States,Northern America
2261,dianli zidonghua shebei electric power automation equipment,journal,0.527,43.0,China,Asiatic Region
2262,petroleum geology conference proceedings,book series,0.533,43.0,United Kingdom,Western Europe
2263,optimization and engineering,journal,0.634,43.0,Netherlands,Western Europe
2264,ursus,journal,0.438,43.0,United States,Northern America
2265,international journal of applied mechanics,journal,0.759,43.0,United States,Northern America
2266,mathematics,journal,0.538,43.0,Switzerland,Western Europe
2267,combustion explosion and shock waves,journal,0.459,43.0,United States,Northern America
2268,international journal of polymeric materials and polymeric biomaterials,journal,0.473,43.0,United Kingdom,Western Europe
2269,frontiers of physics,journal,0.718,43.0,China,Asiatic Region
2270,emu,journal,0.406,43.0,Australia,Pacific Region
2271,international journal of computational fluid dynamics,journal,0.512,43.0,United Kingdom,Western Europe
2272,zhongguo kuangye daxue xuebaojournal of china university of mining and technology,journal,0.594,43.0,China,Asiatic Region
2273,journal of cellular plastics,journal,0.567,43.0,United Kingdom,Western Europe
2274,isprs annals of the photogrammetry remote sensing and spatial information sciences,conference and proceedings,0.439,43.0,Germany,Western Europe
2275,jianzhu jiegou xuebaojournal of building structures,journal,0.369,42.0,China,Asiatic Region
2276,computer music journal,journal,0.115,42.0,United States,Northern America
2277,integration the vlsi journal,journal,0.37,42.0,Netherlands,Western Europe
2278,iet nanobiotechnology,journal,0.388,42.0,United Kingdom,Western Europe
2279,international journal of offshore and polar engineering,journal,0.367,42.0,United States,Northern America
2280,chemistry of natural compounds,journal,0.282,42.0,United States,Northern America
2281,xitong gongcheng lilun yu shijiansystem engineering theory and practice,journal,0.272,42.0,China,Asiatic Region
2282,journal of environmental engineering and science,journal,0.215,42.0,United Kingdom,Western Europe
2283,international agrophysics,journal,0.549,42.0,Germany,Western Europe
2284,quality engineering,journal,0.726,42.0,United States,Northern America
2285,journal of pharmacy and bioallied sciences,journal,0.273,42.0,India,Asiatic Region
2286,matter,journal,3.972,42.0,United States,Northern America
2287,geotechnical special publication,conference and proceedings,0.278,42.0,United States,Northern America
2288,canadian journal of agricultural economics,journal,2.589,42.0,United States,Northern America
2289,management of environmental quality,journal,0.816,42.0,United Kingdom,Western Europe
2290,astronomy letters,journal,0.432,42.0,United States,Northern America
2291,advances in quantum chemistry,book series,0.165,42.0,United States,Northern America
2292,wiley interdisciplinary reviews energy and environment,journal,1.39,42.0,United Kingdom,Western Europe
2293,health security,journal,0.619,42.0,United States,Northern America
2294,acta chimica sinica,journal,0.505,42.0,China,Asiatic Region
2295,journal of coastal conservation,journal,0.508,42.0,Netherlands,Western Europe
2296,journal of asian natural products research,journal,0.303,42.0,United Kingdom,Western Europe
2297,acm transactions on autonomous and adaptive systems,journal,0.722,42.0,United States,Northern America
2298,transportmetrica a transport science,journal,1.182,42.0,United States,Northern America
2299,journal of northwest atlantic fishery science,journal,0.29,42.0,Canada,Northern America
2300,journal of central south university,journal,0.419,42.0,United States,Northern America
2301,chinese physics c,journal,0.896,42.0,United Kingdom,Western Europe
2302,international journal of environmental research,journal,0.528,42.0,Switzerland,Western Europe
2303,fibres and textiles in eastern europe,journal,0.398,42.0,Poland,Eastern Europe
2304,international journal of satellite communications and networking,journal,0.432,42.0,United Kingdom,Western Europe
2305,journal of plant ecology,journal,0.584,42.0,United Kingdom,Western Europe
2306,isotopes in environmental and health studies,journal,0.391,42.0,United Kingdom,Western Europe
2307,lake and reservoir management,journal,0.456,42.0,United Kingdom,Western Europe
2308,low temperature physics,journal,0.343,42.0,United States,Northern America
2309,conservation and society,journal,0.925,42.0,India,Asiatic Region
2310,proceedings of the institution of civil engineers structures and buildings,journal,0.41,42.0,United Kingdom,Western Europe
2311,journal of experimental nanoscience,journal,0.525,42.0,United Kingdom,Western Europe
2312,water science and technology water supply,journal,0.343,42.0,United Kingdom,Western Europe
2313,bullentin of canadian petroleum geology,journal,0.707,42.0,Canada,Northern America
2314,human factors and ergonomics in manufacturing,journal,0.457,42.0,United States,Northern America
2315,construction innovation,journal,0.829,42.0,United Kingdom,Western Europe
2316,journal of geophysics and engineering,journal,0.596,42.0,United Kingdom,Western Europe
2317,trends in chemistry,journal,5.04,42.0,United States,Northern America
2318,wind and structures an international journal,journal,0.406,42.0,South Korea,Asiatic Region
2319,journal of imaging science and technology,journal,0.216,42.0,United States,Northern America
2320,rangeland journal,journal,0.451,42.0,Australia,Pacific Region
2321,international journal of minerals metallurgy and materials,journal,0.607,42.0,China,Asiatic Region
2322,indian journal of pure and applied physics,journal,0.226,42.0,India,Asiatic Region
2323,minireviews in organic chemistry,journal,0.318,41.0,United Arab Emirates,Middle East
2324,toxicological and environmental chemistry,journal,0.37,41.0,United Kingdom,Western Europe
2325,international journal of cast metals research,journal,0.308,41.0,United Kingdom,Western Europe
2326,welding in the world le soudage dans le monde,journal,0.528,41.0,Germany,Western Europe
2327,diqiu kexue zhongguo dizhi daxue xuebaoearth science journal of china university of geosciences,journal,0.543,41.0,China,Asiatic Region
2328,annales des telecommunicationsannals of telecommunications,journal,0.534,41.0,France,Western Europe
2329,expert systems,journal,0.599,41.0,United Kingdom,Western Europe
2330,journal of fuel chemistry and technology,journal,0.223,41.0,China,Asiatic Region
2331,weather climate and society,journal,0.753,41.0,United States,Northern America
2332,international journal of crashworthiness,journal,0.327,41.0,United Kingdom,Western Europe
2333,chemistryselect,journal,0.407,41.0,United Kingdom,Western Europe
2334,physics of the dark universe,journal,1.313,41.0,Netherlands,Western Europe
2335,wuli huaxue xuebao acta physico chimica sinica,journal,0.747,41.0,China,Asiatic Region
2336,wildlife monographs,book series,0.729,41.0,United States,Northern America
2337,intelec international telecommunications energy conference proceedings,conference and proceedings,0.123,41.0,United States,Northern America
2338,metal ions in life sciences,book series,0.457,41.0,Germany,Western Europe
2339,journal of flood risk management,journal,0.97,41.0,Denmark,Western Europe
2340,journal of mountain science,journal,0.55,41.0,China,Asiatic Region
2341,fewbody systems,journal,0.353,41.0,Austria,Western Europe
2342,green chemistry letters and reviews,journal,0.796,41.0,United Kingdom,Western Europe
2343,coastal engineering journal,journal,1.207,41.0,United Kingdom,Western Europe
2344,international journal of polymer science,journal,0.48,41.0,Egypt,Africa/Middle East
2345,journal of the royal society of new zealand,journal,0.446,41.0,United Kingdom,Western Europe
2346,indian journal of chemical technology,journal,0.23,41.0,India,Asiatic Region
2347,science china materials,journal,1.603,41.0,China,Asiatic Region
2348,international journal of antennas and propagation,journal,0.374,41.0,Egypt,Africa/Middle East
2349,international journal of automation and computing,journal,0.799,41.0,China,Asiatic Region
2350,environmental technology and innovation,journal,1.076,41.0,Netherlands,Western Europe
2351,mineral processing and extractive metallurgy review,journal,0.845,41.0,United Kingdom,Western Europe
2352,journal of carcinogenesis,journal,0.444,41.0,India,Asiatic Region
2353,chemistry and ecology,journal,0.458,41.0,United Kingdom,Western Europe
2354,lakes and reservoirs research and management,journal,0.332,41.0,United Kingdom,Western Europe
2355,journal of cotton science,journal,0.148,41.0,United States,Northern America
2356,journal of materiomics,journal,1.42,41.0,China,Asiatic Region
2357,materialwissenschaft und werkstofftechnik,journal,0.277,41.0,Germany,Western Europe
2358,proceedings of the ieee international conference on vlsi design,conference and proceedings,0.406,41.0,United States,Northern America
2359,open physics,journal,0.253,41.0,Germany,Western Europe
2360,earth moon and planets,journal,0.174,41.0,Netherlands,Western Europe
2361,fresenius environmental bulletin,journal,,41.0,Germany,Western Europe
2362,journal of environmental and public health,journal,0.702,41.0,Egypt,Africa/Middle East
2363,austral entomology,journal,0.504,41.0,United States,Northern America
2364,acta physica polonica a,journal,0.218,41.0,Poland,Eastern Europe
2365,indian journal of chemistry section a inorganic physical theoretical and analytical chemistry,journal,0.157,41.0,India,Asiatic Region
2366,doseresponse,journal,0.453,41.0,United States,Northern America
2367,physical geography,journal,0.453,41.0,United Kingdom,Western Europe
2368,current opinion in green and sustainable chemistry,journal,1.237,41.0,Netherlands,Western Europe
2369,inorganic materials,journal,0.261,41.0,United States,Northern America
2370,proceedings of the institution of civil engineers ground improvement,journal,0.483,41.0,United Kingdom,Western Europe
2371,process safety progress,journal,0.346,41.0,United States,Northern America
2372,journal of asian ceramic societies,journal,0.462,41.0,United Kingdom,Western Europe
2373,vehicular communications,journal,2.062,41.0,United States,Northern America
2374,plastics rubber and composites,journal,0.375,41.0,United Kingdom,Western Europe
2375,journal of nanophotonics,journal,0.273,40.0,United States,Northern America
2376,international journal of material forming,journal,0.571,40.0,France,Western Europe
2377,journal of testing and evaluation,journal,0.341,40.0,United States,Northern America
2378,journal of artificial organs,journal,0.331,40.0,Japan,Asiatic Region
2379,solid state phenomena,book series,0.23,40.0,Switzerland,Western Europe
2380,international journal of rf and microwave computeraided engineering,journal,0.535,40.0,United States,Northern America
2381,acta crystallographica section fstructural biology communications,journal,0.492,40.0,United Kingdom,Western Europe
2382,ieee region annual international conference proceedingstencon,conference and proceedings,0.236,40.0,United States,Northern America
2383,acoustical science and technology,journal,0.298,40.0,Japan,Asiatic Region
2384,insight nondestructive testing and condition monitoring,journal,0.252,40.0,United Kingdom,Western Europe
2385,sensor review,journal,0.322,40.0,United Kingdom,Western Europe
2386,international journal of quantum information,journal,0.252,40.0,Singapore,Asiatic Region
2387,optics and spectroscopy english translation of optika i spektroskopiya,journal,0.288,40.0,United States,Northern America
2388,international journal of critical infrastructure protection,journal,0.777,40.0,Netherlands,Western Europe
2389,physics teacher,journal,0.433,40.0,United States,Northern America
2390,accreditation and quality assurance,journal,0.289,40.0,United States,Northern America
2391,photonic network communications,journal,0.358,40.0,Netherlands,Western Europe
2392,clothing and textiles research journal,journal,0.379,40.0,United States,Northern America
2393,biomedizinische technik,journal,0.348,40.0,Germany,Western Europe
2394,materials at high temperatures,journal,0.518,40.0,United Kingdom,Western Europe
2395,international journal of astrobiology,journal,0.269,40.0,United Kingdom,Western Europe
2396,journal of theoretical and computational acoustics,journal,0.427,40.0,Singapore,Asiatic Region
2397,acm journal on emerging technologies in computing systems,journal,0.53,40.0,United States,Northern America
2398,mine water and the environment,journal,0.583,40.0,Germany,Western Europe
2399,current climate change reports,journal,4.134,40.0,Switzerland,Western Europe
2400,bioinorganic chemistry and applications,journal,0.906,40.0,United States,Northern America
2401,water and environment journal,journal,0.382,40.0,United States,Northern America
2402,journal of king saud university engineering sciences,journal,0.778,40.0,Saudi Arabia,Middle East
2403,chinese journal of polymer science english edition,journal,0.696,40.0,Germany,Western Europe
2404,energy sources part b economics planning and policy,journal,0.802,40.0,United Kingdom,Western Europe
2405,plant ecology and diversity,journal,0.713,40.0,United Kingdom,Western Europe
2406,ecology of food and nutrition,journal,0.463,40.0,United Kingdom,Western Europe
2407,geosciences journal,journal,0.392,40.0,South Korea,Asiatic Region
2408,elementa,journal,1.373,40.0,United States,Northern America
2409,limnology,journal,0.541,40.0,Japan,Asiatic Region
2410,russian journal of electrochemistry,journal,0.298,40.0,United States,Northern America
2411,control and cybernetics,journal,0.169,40.0,Poland,Eastern Europe
2412,revista chilena de historia natural,journal,0.367,40.0,Chile,Latin America
2413,adsorption science and technology,journal,0.633,40.0,United Kingdom,Western Europe
2414,journal of pesticide sciences,journal,0.509,40.0,Japan,Asiatic Region
2415,nace international corrosion conference series,book series,0.123,40.0,United States,Northern America
2416,pacific conservation biology,journal,0.382,40.0,Australia,Pacific Region
2417,tumu gongcheng xuebaochina civil engineering journal,journal,0.348,39.0,China,Asiatic Region
2418,probability in the engineering and informational sciences,journal,0.357,39.0,United Kingdom,Western Europe
2419,international journal of energy economics and policy,journal,0.38,39.0,Turkey,Middle East
2420,frontiers in neurorobotics,journal,0.874,39.0,Switzerland,Western Europe
2421,journal of surveying engineering asce,journal,0.512,39.0,United States,Northern America
2422,spectroscopy letters,journal,0.235,39.0,United States,Northern America
2423,climate and development,journal,1.326,39.0,United Kingdom,Western Europe
2424,guangxue jingmi gongchengoptics and precision engineering,journal,0.364,39.0,China,Asiatic Region
2425,mathematics of control signals and systems,journal,0.95,39.0,United Kingdom,Western Europe
2426,journal of photopolymer science and technology,journal,0.26,39.0,Japan,Asiatic Region
2427,npj quantum materials,journal,2.624,39.0,United Kingdom,Western Europe
2428,chemical engineering transactions,journal,0.254,39.0,Italy,Western Europe
2429,jinshu xuebaoacta metallurgica sinica,journal,0.419,39.0,China,Asiatic Region
2430,journal of the southern african institute of mining and metallurgy,journal,0.303,39.0,South Africa,Africa
2431,emj engineering management journal,journal,0.561,39.0,United Kingdom,Western Europe
2432,mechanics based design of structures and machines,journal,0.58,39.0,United States,Northern America
2433,proceedings of the institution of mechanical engineers part k journal of multibody dynamics,journal,0.585,39.0,United Kingdom,Western Europe
2434,midwest symposium on circuits and systems,conference and proceedings,0.234,39.0,United States,Northern America
2435,international journal of precision engineering and manufacturing green technology,journal,1.129,39.0,United States,Northern America
2436,environmental engineering and management journal,journal,0.229,39.0,Romania,Eastern Europe
2437,russian journal of mathematical physics,journal,0.691,39.0,United States,Northern America
2438,chinese optics letters,journal,0.624,39.0,China,Asiatic Region
2439,frontiers in physics,journal,0.669,39.0,Switzerland,Western Europe
2440,kona powder and particle journal,journal,0.475,39.0,Japan,Asiatic Region
2441,environmental sciences europe,journal,1.161,39.0,Germany,Western Europe
2442,journal of transport and health,journal,0.907,39.0,Netherlands,Western Europe
2443,structural concrete,journal,0.918,39.0,United States,Northern America
2444,guangxue xuebaoacta optica sinica,journal,0.31,39.0,China,Asiatic Region
2445,materials today physics,journal,2.302,39.0,United Kingdom,Western Europe
2446,ashrae journal,journal,0.191,39.0,United States,Northern America
2447,water resources and industry,journal,0.977,39.0,Netherlands,Western Europe
2448,chemieingenieurtechnik,journal,0.43,39.0,Germany,Western Europe
2449,journal of nonlinear mathematical physics,journal,0.386,39.0,United Kingdom,Western Europe
2450,journal of porous media,journal,0.295,39.0,United States,Northern America
2451,journal of forest economics,journal,0.496,39.0,United States,Northern America
2452,conference record ieee instrumentation and measurement technology conference,conference and proceedings,,39.0,United States,Northern America
2453,organic syntheses,book series,0.336,39.0,United States,Northern America
2454,electrical engineering,journal,0.461,39.0,Germany,Western Europe
2455,nanotechnology reviews,journal,0.835,39.0,Germany,Western Europe
2456,herpetological journal,journal,0.358,39.0,United Kingdom,Western Europe
2457,electrocatalysis,journal,0.643,39.0,United States,Northern America
2458,journal of medical and biological engineering,journal,0.502,39.0,Switzerland,Western Europe
2459,integrated ferroelectrics,journal,0.218,39.0,United Kingdom,Western Europe
2460,architectural science review,journal,0.682,39.0,United Kingdom,Western Europe
2461,bioengineered,journal,0.6,39.0,United Kingdom,Western Europe
2462,paddy and water environment,journal,0.425,38.0,Germany,Western Europe
2463,bulletin of the new zealand society for earthquake engineering,journal,0.392,38.0,New Zealand,Pacific Region
2464,lecture notes in computational science and engineering,book series,0.27,38.0,Germany,Western Europe
2465,particulate science and technology,journal,0.368,38.0,United Kingdom,Western Europe
2466,canadian water resources journal,journal,0.505,38.0,United Kingdom,Western Europe
2467,physics and chemistry of liquids,journal,0.384,38.0,United Kingdom,Western Europe
2468,social network analysis and mining,journal,0.682,38.0,Austria,Western Europe
2469,us geological survey profesional paper,journal,0.288,38.0,United States,Northern America
2470,environmental history,journal,0.423,38.0,United Kingdom,Western Europe
2471,journal of pharmaceutical analysis,journal,1.39,38.0,China,Asiatic Region
2472,international journal of architectural heritage,journal,0.64,38.0,United States,Northern America
2473,canadian metallurgical quarterly,journal,0.325,38.0,United Kingdom,Western Europe
2474,physical review fluids,journal,1.198,38.0,United States,Northern America
2475,interciencia,journal,0.168,38.0,Venezuela,Latin America
2476,advanced materials and processes,trade journal,0.134,38.0,United States,Northern America
2477,global social policy,journal,0.492,38.0,United Kingdom,Western Europe
2478,zeitschrift fur kristallographie new crystal structures,journal,0.182,38.0,Germany,Western Europe
2479,revista brasileira de engenharia agricola e ambiental,journal,0.496,38.0,Brazil,Latin America
2480,kybernetika,journal,0.247,38.0,Czech Republic,Eastern Europe
2481,international journal of river basin management,journal,0.552,38.0,United Kingdom,Western Europe
2482,international journal of peptide research and therapeutics,journal,0.365,38.0,Netherlands,Western Europe
2483,reports on mathematical physics,journal,0.305,38.0,United Kingdom,Western Europe
2484,plant species biology,journal,0.413,38.0,United Kingdom,Western Europe
2485,lubrication science,journal,0.414,38.0,United States,Northern America
2486,journal of cosmetic science,journal,0.194,38.0,United States,Northern America
2487,frontiers in energy research,journal,0.705,38.0,Switzerland,Western Europe
2488,indian journal of biotechnology,journal,0.152,38.0,India,Asiatic Region
2489,sustainable production and consumption,journal,1.361,38.0,Netherlands,Western Europe
2490,designed monomers and polymers,journal,0.474,38.0,United Kingdom,Western Europe
2491,carbon balance and management,journal,1.274,38.0,United Kingdom,Western Europe
2492,cartilage,journal,0.732,38.0,United States,Northern America
2493,environmental forensics,journal,0.359,38.0,United Kingdom,Western Europe
2494,proceedings of the annual offshore technology conference,conference and proceedings,0.174,38.0,United States,Northern America
2495,proceedings of the institution of mechanical engineers part l journal of materials design and applications,journal,0.516,38.0,United Kingdom,Western Europe
2496,resources,journal,0.742,38.0,Switzerland,Western Europe
2497,safety and health at work,journal,0.784,38.0,South Korea,Asiatic Region
2498,nature reviews physics,journal,8.971,38.0,United Kingdom,Western Europe
2499,acta polytechnica hungarica,journal,0.38,38.0,Hungary,Eastern Europe
2500,crystallography reports,journal,0.208,38.0,United States,Northern America
2501,huanjing kexueenvironmental science,journal,0.329,38.0,China,Asiatic Region
2502,environmental communication,journal,0.919,38.0,United Kingdom,Western Europe
2503,chemnanomat,journal,0.823,38.0,Germany,Western Europe
2504,international soil and water conservation research,journal,1.467,38.0,Netherlands,Western Europe
2505,asian journal of chemistry,journal,0.158,38.0,India,Asiatic Region
2506,quarterly journal of mechanics and applied mathematics,journal,0.349,38.0,United Kingdom,Western Europe
2507,rare metals,journal,0.861,38.0,China,Asiatic Region
2508,building simulation,journal,1.103,38.0,China,Asiatic Region
2509,international journal of logistics research and applications,journal,1.056,38.0,United Kingdom,Western Europe
2510,lecture notes in geoinformation and cartography,book series,0.242,38.0,Germany,Western Europe
2511,apl photonics,journal,1.971,38.0,United States,Northern America
2512,international journal of humanoid robotics,journal,0.553,38.0,Singapore,Asiatic Region
2513,advances in meteorology,journal,0.512,38.0,Egypt,Africa/Middle East
2514,ima journal of mathematical control and information,journal,0.536,38.0,United Kingdom,Western Europe
2515,ieee international conference on rehabilitation robotics,journal,0.329,37.0,United States,Northern America
2516,asiapacific journal of chemical engineering,journal,0.343,37.0,United States,Northern America
2517,acta metallurgica sinica english letters,journal,0.595,37.0,China,Asiatic Region
2518,petroleum science,journal,0.896,37.0,China,Asiatic Region
2519,aiaaieee digital avionics systems conference proceedings,conference and proceedings,0.406,37.0,United States,Northern America
2520,microsystems and nanoengineering,journal,1.519,37.0,United Kingdom,Western Europe
2521,structural engineering international journal of the international association for bridge and structural engineering iabse,journal,0.353,37.0,Switzerland,Western Europe
2522,experimental techniques,journal,0.382,37.0,Switzerland,Western Europe
2523,spe international oilfield chemistry symposium proceedings,conference and proceedings,0.279,37.0,United States,Northern America
2524,international polymer processing,journal,0.224,37.0,Germany,Western Europe
2525,trends in glycoscience and glycotechnology,journal,0.205,37.0,Japan,Asiatic Region
2526,international journal of occupational safety and ergonomics,journal,0.435,37.0,United Kingdom,Western Europe
2527,automation and remote control,journal,0.325,37.0,United States,Northern America
2528,petrophysics,journal,0.523,37.0,United States,Northern America
2529,ieee technology and society magazine,journal,0.536,37.0,United States,Northern America
2530,science progress,journal,0.293,37.0,United Kingdom,Western Europe
2531,ieee geoscience and remote sensing magazine,trade journal,2.231,37.0,United States,Northern America
2532,high energy density physics,journal,0.611,37.0,Netherlands,Western Europe
2533,interfaces and free boundaries,journal,0.851,37.0,Switzerland,Western Europe
2534,photoacoustics,journal,2.308,37.0,Germany,Western Europe
2535,ieice electronics express,journal,0.227,37.0,Japan,Asiatic Region
2536,chemistry of heterocyclic compounds,journal,0.281,37.0,United States,Northern America
2537,chinese journal of mechanical engineering english edition,journal,0.648,37.0,China,Asiatic Region
2538,international journal of agricultural and biological engineering,journal,0.476,37.0,China,Asiatic Region
2539,journal of healthcare engineering,journal,0.684,37.0,Egypt,Africa/Middle East
2540,acta mechanica solida sinica,journal,0.538,37.0,China,Asiatic Region
2541,journal of carbohydrate chemistry,journal,0.288,37.0,United States,Northern America
2542,plasma science and technology,journal,0.414,37.0,United Kingdom,Western Europe
2543,journal of architectural engineering,journal,0.404,37.0,United States,Northern America
2544,journal of building physics,journal,0.761,37.0,United Kingdom,Western Europe
2545,carbon management,journal,0.575,37.0,United Kingdom,Western Europe
2546,progress in electromagnetics research c,journal,0.337,37.0,United States,Northern America
2547,environmental development,journal,0.967,37.0,Netherlands,Western Europe
2548,extractive industries and society,journal,0.971,37.0,Netherlands,Western Europe
2549,physics of particles and nuclei,journal,0.245,37.0,United States,Northern America
2550,journal of land use science,journal,0.725,37.0,United Kingdom,Western Europe
2551,technical physics,journal,0.222,37.0,United States,Northern America
2552,anthropocene,journal,0.978,37.0,United Kingdom,Western Europe
2553,journal of nonequilibrium thermodynamics,journal,0.511,37.0,Germany,Western Europe
2554,aquaculture economics and management,journal,1.14,37.0,United Kingdom,Western Europe
2555,journal of longterm effects of medical implants,journal,0.147,37.0,United States,Northern America
2556,biocybernetics and biomedical engineering,journal,1.187,37.0,Poland,Eastern Europe
2557,journal of natural fibers,journal,0.48,37.0,United States,Northern America
2558,international journal of applied glass science,journal,0.378,37.0,United Kingdom,Western Europe
2559,journal of communications,journal,0.246,37.0,United States,Northern America
2560,journal of computational electronics,journal,0.334,37.0,Netherlands,Western Europe
2561,data in brief,journal,0.131,37.0,Netherlands,Western Europe
2562,advanced nonlinear studies,journal,1.184,37.0,Germany,Western Europe
2563,frontiers of chemical science and engineering,journal,0.8,37.0,China,Asiatic Region
2564,toxicology research,journal,0.555,37.0,United Kingdom,Western Europe
2565,thermal science and engineering progress,journal,1.025,37.0,United Kingdom,Western Europe
2566,energy science and engineering,journal,0.692,37.0,United Kingdom,Western Europe
2567,bioengineering,journal,0.711,37.0,Switzerland,Western Europe
2568,international journal of clothing science and technology,journal,0.316,37.0,United Kingdom,Western Europe
2569,advances in applied mechanics,book series,1.051,36.0,United States,Northern America
2570,international journal of disaster risk science,journal,1.101,36.0,United States,Northern America
2571,tropical ecology,journal,0.396,36.0,India,Asiatic Region
2572,food and environmental virology,journal,0.691,36.0,United States,Northern America
2573,building services engineering research and technology,journal,0.505,36.0,United States,Northern America
2574,acta crystallographica section b structural science crystal engineering and materials,journal,0.604,36.0,United States,Northern America
2575,animal biodiversity and conservation,journal,0.356,36.0,Spain,Western Europe
2576,geophysical and astrophysical fluid dynamics,journal,0.479,36.0,United Kingdom,Western Europe
2577,journal of applied research and technology,journal,0.167,36.0,Mexico,Latin America
2578,bioremediation journal,journal,0.368,36.0,United Kingdom,Western Europe
2579,defence technology,journal,0.679,36.0,China,Asiatic Region
2580,kongzhi lilun yu yinyongcontrol theory and applications,journal,0.211,36.0,China,Asiatic Region
2581,polycyclic aromatic compounds,journal,0.228,36.0,United Kingdom,Western Europe
2582,frontiers of information technology and electronic engineering,journal,0.733,36.0,China,Asiatic Region
2583,international journal of chemical reactor engineering,journal,0.304,36.0,Germany,Western Europe
2584,corrosion reviews,journal,0.468,36.0,Germany,Western Europe
2585,lcgc north america,journal,0.161,36.0,United States,Northern America
2586,animal biotechnology,journal,0.301,36.0,United States,Northern America
2587,proceedings of the institution of mechanical engineers part m journal of engineering for the maritime environment,journal,0.467,36.0,United Kingdom,Western Europe
2588,modeling earth systems and environment,journal,0.715,36.0,Switzerland,Western Europe
2589,international journal of mechanics and materials in design,journal,0.708,36.0,Netherlands,Western Europe
2590,jisuanji jicheng zhizao xitongcomputer integrated manufacturing systems cims,journal,0.347,36.0,China,Asiatic Region
2591,green energy and environment,journal,1.717,36.0,China,Asiatic Region
2592,perspectives in ecology and conservation,journal,1.539,36.0,Brazil,Latin America
2593,environmental nanotechnology monitoring and management,journal,0.86,36.0,Netherlands,Western Europe
2594,electronic materials letters,journal,0.577,36.0,South Korea,Asiatic Region
2595,egyptian journal of aquatic research,journal,0.767,36.0,Egypt,Africa/Middle East
2596,jpt journal of petroleum technology,journal,0.24,36.0,United States,Northern America
2597,tetsutohaganejournal of the iron and steel institute of japan,journal,0.247,36.0,Japan,Asiatic Region
2598,recent patents on biotechnology,journal,0.317,36.0,United Arab Emirates,Middle East
2599,experimental heat transfer,journal,0.779,36.0,United Kingdom,Western Europe
2600,global policy,journal,0.592,36.0,United Kingdom,Western Europe
2601,materials technology,journal,0.504,36.0,United Kingdom,Western Europe
2602,technology and culture,journal,0.379,36.0,United States,Northern America
2603,journal of tissue engineering,journal,1.157,36.0,United Kingdom,Western Europe
2604,ieee consumer electronics magazine,trade journal,1.441,36.0,United States,Northern America
2605,reaction chemistry and engineering,journal,1.019,36.0,United Kingdom,Western Europe
2606,gong cheng li xueengineering mechanics,journal,0.417,36.0,China,Asiatic Region
2607,mrs communications,journal,0.615,36.0,Switzerland,Western Europe
2608,ieee international symposium on electromagnetic compatibility,conference and proceedings,0.188,36.0,United States,Northern America
2609,bulletin of geosciences,journal,0.498,36.0,Czech Republic,Eastern Europe
2610,kinetics and catalysis,journal,0.322,36.0,United States,Northern America
2611,greenhouse gases science and technology,journal,0.499,36.0,United Kingdom,Western Europe
2612,western north american naturalist,journal,0.262,36.0,United States,Northern America
2613,songklanakarin journal of science and technology,journal,0.176,36.0,Thailand,Asiatic Region
2614,advances in imaging and electron physics,book series,0.103,36.0,United States,Northern America
2615,journal of environmental health,journal,0.319,36.0,United States,Northern America
2616,technical physics letters,journal,0.306,36.0,United States,Northern America
2617,acta mathematica scientia,journal,0.537,36.0,Netherlands,Western Europe
2618,materials today chemistry,journal,1.271,36.0,United Kingdom,Western Europe
2619,lecture notes in electrical engineering,book series,0.148,36.0,Germany,Western Europe
2620,physical communication,journal,0.614,36.0,Netherlands,Western Europe
2621,processes,journal,0.474,36.0,Switzerland,Western Europe
2622,theoretical ecology,journal,0.629,36.0,Netherlands,Western Europe
2623,russian journal of organic chemistry,journal,0.208,36.0,United States,Northern America
2624,monthly review,journal,0.345,36.0,United States,Northern America
2625,recent patents on drug delivery and formulation,journal,0.323,36.0,United Arab Emirates,Middle East
2626,european journal of remote sensing,journal,0.838,36.0,Italy,Western Europe
2627,case studies in construction materials,journal,1.009,36.0,Netherlands,Western Europe
2628,climate risk management,journal,1.294,36.0,Netherlands,Western Europe
2629,geomechanics and engineering,journal,0.657,36.0,South Korea,Asiatic Region
2630,journal of vinyl and additive technology,journal,0.367,36.0,United Kingdom,Western Europe
2631,journal of systems engineering and electronics,journal,0.437,36.0,China,Asiatic Region
2632,memoirs of the queensland museum,journal,0.138,35.0,Australia,Pacific Region
2633,international journal of health policy and management,journal,1.251,35.0,Iran,Middle East
2634,journal of aerospace information systems,journal,0.47,35.0,United States,Northern America
2635,international journal of nanotechnology,journal,0.217,35.0,United Kingdom,Western Europe
2636,international journal of housing policy,journal,0.865,35.0,United Kingdom,Western Europe
2637,ecosystems and people,journal,1.143,35.0,United Kingdom,Western Europe
2638,sustainable environment research,journal,0.967,35.0,Taiwan,Asiatic Region
2639,photonic sensors,journal,0.502,35.0,Germany,Western Europe
2640,control theory and technology,journal,0.43,35.0,United States,Northern America
2641,iete technical review institution of electronics and telecommunication engineers india,journal,0.476,35.0,United Kingdom,Western Europe
2642,current analytical chemistry,journal,0.3,35.0,United Arab Emirates,Middle East
2643,computer optics,journal,0.508,35.0,Russian Federation,Eastern Europe
2644,transactions of the indian institute of metals,journal,0.343,35.0,India,Asiatic Region
2645,progress in chemistry,journal,0.231,35.0,China,Asiatic Region
2646,friction,journal,1.283,35.0,China,Asiatic Region
2647,transactions of the institute of metal finishing,journal,0.347,35.0,United Kingdom,Western Europe
2648,journal wuhan university of technology materials science edition,journal,0.279,35.0,China,Asiatic Region
2649,journal of analytical chemistry,journal,0.259,35.0,United States,Northern America
2650,geoheritage,journal,0.489,35.0,Germany,Western Europe
2651,toxicological research,journal,0.586,35.0,South Korea,Asiatic Region
2652,npj d materials and applications,journal,3.137,35.0,United Kingdom,Western Europe
2653,ceramics silikaty,journal,0.289,35.0,Czech Republic,Eastern Europe
2654,cellulose chemistry and technology,journal,0.316,35.0,Romania,Eastern Europe
2655,european journal of environmental and civil engineering,journal,0.498,35.0,United Kingdom,Western Europe
2656,international journal of geometric methods in modern physics,journal,0.375,35.0,Singapore,Asiatic Region
2657,palaeobiodiversity and palaeoenvironments,journal,0.504,35.0,Germany,Western Europe
2658,quantum science and technology,journal,2.024,35.0,United States,Northern America
2659,concepts in magnetic resonance part b magnetic resonance engineering,journal,0.227,35.0,United States,Northern America
2660,nano communication networks,journal,1.214,35.0,Netherlands,Western Europe
2661,international journal of concrete structures and materials,journal,0.871,35.0,United States,Northern America
2662,international journal of energy and environmental engineering,journal,0.711,35.0,United States,Northern America
2663,energy exploration and exploitation,journal,0.467,35.0,United States,Northern America
2664,journal of chemical crystallography,journal,0.167,35.0,United States,Northern America
2665,journal of applied biomaterials and functional materials,journal,0.467,35.0,United Kingdom,Western Europe
2666,surfaces and interfaces,journal,0.742,35.0,Netherlands,Western Europe
2667,production engineering,journal,0.523,35.0,Germany,Western Europe
2668,physical and engineering sciences in medicine,journal,0.723,35.0,Netherlands,Western Europe
2669,journal of dynamical and control systems,journal,0.557,35.0,United States,Northern America
2670,latin american journal of solids and structures,journal,0.397,35.0,Brazil,Latin America
2671,colloid journal,journal,0.299,35.0,United States,Northern America
2672,buildings,journal,0.565,35.0,Switzerland,Western Europe
2673,composites communications,journal,1.208,35.0,United Kingdom,Western Europe
2674,journal of international trade and economic development,journal,0.584,35.0,United Kingdom,Western Europe
2675,physics of metals and metallography,journal,0.403,35.0,United States,Northern America
2676,journal of biological systems,journal,0.402,35.0,Singapore,Asiatic Region
2677,computers and concrete,journal,1.039,35.0,South Korea,Asiatic Region
2678,acta biotheoretica,journal,0.264,35.0,Netherlands,Western Europe
2679,international journal of rotating machinery,journal,0.296,35.0,United States,Northern America
2680,vie et milieu,journal,0.239,35.0,France,Western Europe
2681,international applied mechanics,journal,0.242,35.0,United States,Northern America
2682,turkish journal of electrical engineering and computer sciences,journal,0.296,35.0,Turkey,Middle East
2683,journal of electronic testing theory and applications jetta,journal,0.325,35.0,Netherlands,Western Europe
2684,medical devices evidence and research,journal,0.356,35.0,New Zealand,Pacific Region
2685,high temperature,journal,0.352,35.0,United States,Northern America
2686,journal of prosthetics and orthotics,journal,0.291,35.0,United States,Northern America
2687,ieee journal of the electron devices society,journal,0.574,35.0,United States,Northern America
2688,journal of power electronics,journal,0.314,35.0,South Korea,Asiatic Region
2689,shuili xuebaojournal of hydraulic engineering,journal,0.245,35.0,China,Asiatic Region
2690,engineering economist,journal,0.301,35.0,United Kingdom,Western Europe
2691,environmental and engineering geoscience,journal,0.207,35.0,United States,Northern America
2692,international journal of environmental studies,journal,0.275,35.0,United Kingdom,Western Europe
2693,polar record,journal,0.259,35.0,United Kingdom,Western Europe
2694,ieee potentials,journal,0.334,35.0,United States,Northern America
2695,canadian biosystems engineering le genie des biosystems au canada,journal,0.165,35.0,Canada,Northern America
2696,biofuel research journal,journal,2.001,34.0,Canada,Northern America
2697,progress in electromagnetics research letters,journal,0.258,34.0,United States,Northern America
2698,journal of environmental and engineering geophysics,journal,0.582,34.0,United States,Northern America
2699,defence science journal,journal,0.245,34.0,India,Asiatic Region
2700,instruments and experimental techniques,journal,0.324,34.0,United States,Northern America
2701,global society,journal,0.318,34.0,United Kingdom,Western Europe
2702,journal of advanced ceramics,journal,1.558,34.0,China,Asiatic Region
2703,research in science and technological education,journal,0.705,34.0,United Kingdom,Western Europe
2704,chinese journal of organic chemistry,journal,0.344,34.0,China,Asiatic Region
2705,chinese journal of analytical chemistry,journal,0.355,34.0,Netherlands,Western Europe
2706,journal of sulfur chemistry,journal,0.364,34.0,United Kingdom,Western Europe
2707,transport,journal,0.461,34.0,Lithuania,Eastern Europe
2708,hangkong xuebaoacta aeronautica et astronautica sinica,journal,0.274,34.0,China,Asiatic Region
2709,electrochemical energy reviews,journal,7.061,34.0,Germany,Western Europe
2710,sustainable materials and technologies,journal,1.553,34.0,Netherlands,Western Europe
2711,limnetica,journal,0.479,34.0,Spain,Western Europe
2712,sains malaysiana,journal,0.263,34.0,Malaysia,Asiatic Region
2713,heat transfer,journal,0.5,34.0,United States,Northern America
2714,anticorrosion methods and materials,journal,0.278,34.0,United Kingdom,Western Europe
2715,quality progress,journal,0.115,34.0,United States,Northern America
2716,romanian reports in physics,journal,0.502,34.0,Romania,Eastern Europe
2717,silicon,journal,0.492,34.0,Netherlands,Western Europe
2718,journal of cognitive engineering and decision making,journal,0.583,34.0,United States,Northern America
2719,materials sciencepoland,journal,0.222,34.0,Germany,Western Europe
2720,journal of nonlinear optical physics and materials,journal,0.201,34.0,Singapore,Asiatic Region
2721,international journal of renewable energy research,journal,0.299,34.0,Turkey,Middle East
2722,chemistryopen,journal,0.577,34.0,United States,Northern America
2723,journal of agricultural safety and health,journal,0.221,34.0,United States,Northern America
2724,advances in complex systems,journal,0.341,34.0,Singapore,Asiatic Region
2725,microgravity science and technology,journal,0.587,34.0,Netherlands,Western Europe
2726,yi qi yi biao xue baochinese journal of scientific instrument,journal,0.272,34.0,China,Asiatic Region
2727,qinghua daxue xuebaojournal of tsinghua university,journal,0.22,34.0,China,Asiatic Region
2728,journal of enhanced heat transfer,journal,0.547,34.0,United States,Northern America
2729,pigment and resin technology,journal,0.241,34.0,United Kingdom,Western Europe
2730,arthropodplant interactions,journal,0.634,34.0,Netherlands,Western Europe
2731,journal of biological dynamics,journal,0.635,34.0,United Kingdom,Western Europe
2732,journal of civil structural health monitoring,journal,0.809,34.0,United States,Northern America
2733,interdisciplinary toxicology,journal,0.43,34.0,Slovakia,Eastern Europe
2734,macromolecular reaction engineering,journal,0.358,34.0,Germany,Western Europe
2735,cab reviews perspectives in agriculture veterinary science nutrition and natural resources,journal,0.302,34.0,United Kingdom,Western Europe
2736,earthquakes and structures,journal,0.533,34.0,South Korea,Asiatic Region
2737,aquaculture environment interactions,journal,0.637,34.0,Germany,Western Europe
2738,materiales de construccion,journal,0.623,34.0,Spain,Western Europe
2739,erdkunde,journal,0.38,34.0,Germany,Western Europe
2740,indian journal of physics,journal,0.294,34.0,India,Asiatic Region
2741,journal of applied fluid mechanics,journal,0.325,34.0,Iran,Middle East
2742,micro and nano letters,journal,0.251,34.0,United Kingdom,Western Europe
2743,structural engineer,trade journal,0.142,34.0,United Kingdom,Western Europe
2744,international journal of sensor networks,journal,0.36,34.0,United Kingdom,Western Europe
2745,johns hopkins apl technical digest applied physics laboratory,journal,0.277,34.0,United States,Northern America
2746,indian journal of engineering and materials sciences,journal,0.216,34.0,India,Asiatic Region
2747,zhongguo jiguangchinese journal of lasers,journal,0.323,34.0,China,Asiatic Region
2748,mathematical and computer modelling of dynamical systems,journal,0.286,34.0,United Kingdom,Western Europe
2749,frontiers of materials science,journal,0.425,34.0,China,Asiatic Region
2750,nanostructures and nanoobjects,journal,0.807,34.0,Netherlands,Western Europe
2751,proceedings of the institution of mechanical engineers part e journal of process mechanical engineering,journal,0.377,34.0,United States,Northern America
2752,ceramic engineering and science proceedings,conference and proceedings,0.166,34.0,United States,Northern America
2753,iop conference series earth and environmental science,conference and proceedings,0.202,34.0,United Kingdom,Western Europe
2754,sound and vibration,trade journal,0.165,34.0,United States,Northern America
2755,journal of semiconductors,journal,0.538,34.0,United Kingdom,Western Europe
2756,journal of the chinese institute of engineers transactions of the chinese institute of engineersseries achungkuo kung ch'eng hsuch k'an,journal,0.3,34.0,United Kingdom,Western Europe
2757,journal of xray science and technology,journal,0.409,34.0,Netherlands,Western Europe
2758,inverse problems in science and engineering,journal,0.408,34.0,United Kingdom,Western Europe
2759,international journal of building pathology and adaptation,journal,0.436,34.0,United Kingdom,Western Europe
2760,journal of microwave power and electromagnetic energy,journal,0.307,34.0,United States,Northern America
2761,russian journal of inorganic chemistry,journal,0.292,34.0,United States,Northern America
2762,sustainability accounting management and policy journal,journal,0.748,34.0,United Kingdom,Western Europe
2763,water management,journal,0.261,34.0,United Kingdom,Western Europe
2764,journal of the european optical societyrapid publications,journal,0.465,34.0,Switzerland,Western Europe
2765,international journal of refugee law,journal,0.262,34.0,United Kingdom,Western Europe
2766,japan agricultural research quarterly,journal,0.168,34.0,Japan,Asiatic Region
2767,bragantia,journal,0.431,34.0,Brazil,Latin America
2768,pacific economic review,journal,0.445,34.0,United Kingdom,Western Europe
2769,civil engineering and environmental systems,journal,0.396,34.0,United Kingdom,Western Europe
2770,autex research journal,journal,0.351,33.0,Poland,Eastern Europe
2771,yuhang xuebaojournal of astronautics,journal,0.286,33.0,China,Asiatic Region
2772,mechanics of composite materials,journal,0.354,33.0,United States,Northern America
2773,journal of environmental informatics,journal,1.694,33.0,Canada,Northern America
2774,electromagnetics,journal,0.246,33.0,United Kingdom,Western Europe
2775,networks and heterogeneous media,journal,0.599,33.0,United States,Northern America
2776,tongji daxue xuebaojournal of tongji university,journal,0.212,33.0,China,Asiatic Region
2777,journal of mechanics in medicine and biology,journal,0.214,33.0,Singapore,Asiatic Region
2778,advances in civil engineering,journal,0.42,33.0,United States,Northern America
2779,energy and environment,journal,0.531,33.0,United States,Northern America
2780,journal of energy engineering asce,journal,0.427,33.0,United States,Northern America
2781,global nest journal,journal,0.284,33.0,Greece,Western Europe
2782,international journal of sustainable engineering,journal,0.516,33.0,United Kingdom,Western Europe
2783,exposure and health,journal,1.471,33.0,Netherlands,Western Europe
2784,caribbean journal of science,journal,0.13,33.0,Puerto Rico,Latin America
2785,international journal of exergy,journal,0.319,33.0,United Kingdom,Western Europe
2786,iforest,journal,0.415,33.0,Italy,Western Europe
2787,journal of energetic materials,journal,0.407,33.0,United Kingdom,Western Europe
2788,journal of engineered fibers and fabrics,journal,0.366,33.0,United States,Northern America
2789,proceedings of the asian test symposium,conference and proceedings,0.345,33.0,United States,Northern America
2790,marine georesources and geotechnology,journal,0.713,33.0,United Kingdom,Western Europe
2791,bioacoustics,journal,0.614,33.0,United Kingdom,Western Europe
2792,materials evaluation,trade journal,0.311,33.0,United States,Northern America
2793,fire ecology,journal,0.997,33.0,United States,Northern America
2794,arpn journal of engineering and applied sciences,journal,0.252,33.0,Pakistan,Asiatic Region
2795,transportation geotechnics,journal,1.175,33.0,Netherlands,Western Europe
2796,journal of meteorological research,journal,0.847,33.0,China,Asiatic Region
2797,zhongguo youse jinshu xuebaochinese journal of nonferrous metals,journal,0.197,33.0,China,Asiatic Region
2798,journal of nanotechnology,journal,0.377,33.0,Egypt,Africa/Middle East
2799,healthcare informatics research,journal,0.614,33.0,South Korea,Asiatic Region
2800,polish polar research,journal,0.323,33.0,Poland,Eastern Europe
2801,computeraided design and applications,journal,0.287,33.0,United Kingdom,Western Europe
2802,strojniski vestnikjournal of mechanical engineering,journal,0.285,33.0,Slovenia,Eastern Europe
2803,journal of sustainable forestry,journal,0.382,33.0,United Kingdom,Western Europe
2804,zhendong yu chongjijournal of vibration and shock,journal,0.307,33.0,China,Asiatic Region
2805,defect and diffusion forum,journal,0.203,33.0,Switzerland,Western Europe
2806,ocean development and international law,journal,0.286,33.0,United Kingdom,Western Europe
2807,world patent information,journal,0.54,33.0,United Kingdom,Western Europe
2808,journal of the chilean chemical society,journal,0.231,33.0,Chile,Latin America
2809,industrial lubrication and tribology,journal,0.398,33.0,United Kingdom,Western Europe
2810,international journal of sustainable energy,journal,0.548,33.0,United Kingdom,Western Europe
2811,journal of circuits systems and computers,journal,0.301,33.0,Singapore,Asiatic Region
2812,sensing and biosensing research,journal,0.659,33.0,Netherlands,Western Europe
2813,analyses of social issues and public policy,journal,0.342,33.0,United Kingdom,Western Europe
2814,advances in heat transfer,book series,0.572,33.0,United States,Northern America
2815,natural resource modelling,journal,0.343,33.0,United States,Northern America
2816,current pollution reports,journal,1.415,33.0,Switzerland,Western Europe
2817,frontiers of mechanical engineering,journal,1.002,33.0,China,Asiatic Region
2818,journal of industrial engineering and management,journal,0.437,33.0,Spain,Western Europe
2819,african journal of wildlife research,journal,0.464,33.0,South Africa,Africa
2820,journal of oceanology and limnology,journal,0.345,33.0,China,Asiatic Region
2821,protection and control of modern power systems,journal,3.24,33.0,Singapore,Asiatic Region
2822,polymer science series a,journal,0.282,33.0,United States,Northern America
2823,ieee electrification magazine,trade journal,0.86,33.0,United States,Northern America
2824,journal of the indian chemical society,journal,0.128,33.0,India,Asiatic Region
2825,open systems and information dynamics,journal,0.278,33.0,Singapore,Asiatic Region
2826,nano convergence,journal,1.568,33.0,United Kingdom,Western Europe
2827,extremes,journal,1.415,33.0,Netherlands,Western Europe
2828,journal of mathematical fluid mechanics,journal,1.197,33.0,Switzerland,Western Europe
2829,environmental pollutants and bioavailability,journal,0.495,33.0,United Kingdom,Western Europe
2830,scienceasia,journal,0.227,33.0,Thailand,Asiatic Region
2831,nanoscale advances,journal,1.043,33.0,United Kingdom,Western Europe
2832,records of natural products,journal,0.38,33.0,Turkey,Middle East
2833,soldering and surface mount technology,journal,0.256,33.0,United Kingdom,Western Europe
2834,international journal of thermodynamics,journal,0.197,33.0,Turkey,Middle East
2835,annual forum proceedings ahs international,conference and proceedings,0.139,33.0,United States,Northern America
2836,appita journal,journal,0.112,33.0,Australia,Pacific Region
2837,capitalism nature socialism,journal,0.675,33.0,United Kingdom,Western Europe
2838,progress in electromagnetics research m,journal,0.258,33.0,United States,Northern America
2839,cyta journal of food,journal,0.491,33.0,United Kingdom,Western Europe
2840,journal of structural chemistry,journal,0.18,32.0,United States,Northern America
2841,tropical conservation science,journal,0.553,32.0,United States,Northern America
2842,russian journal of general chemistry,journal,0.191,32.0,United States,Northern America
2843,radiation effects and defects in solids,journal,0.284,32.0,United Kingdom,Western Europe
2844,environmental evidence,journal,1.231,32.0,United Kingdom,Western Europe
2845,guang pu xue yu guang pu fen xispectroscopy and spectral analysis,journal,0.21,32.0,China,Asiatic Region
2846,toxics,journal,0.8,32.0,Switzerland,Western Europe
2847,sustainable energy grids and networks,journal,1.2,32.0,United Kingdom,Western Europe
2848,bioresources and bioprocessing,journal,0.879,32.0,Germany,Western Europe
2849,nondestructive testing and evaluation,journal,0.464,32.0,United Kingdom,Western Europe
2850,community ecology,journal,0.435,32.0,Hungary,Eastern Europe
2851,nanoimpact,journal,0.91,32.0,Netherlands,Western Europe
2852,computer applications in engineering education,journal,0.594,32.0,United States,Northern America
2853,insect systematics and evolution,journal,0.57,32.0,Netherlands,Western Europe
2854,engineered science,journal,2.436,32.0,United States,Northern America
2855,xiyou jinshu cailiao yu gongchengrare metal materials and engineering,journal,0.199,32.0,China,Asiatic Region
2856,journal of medical devices transactions of the asme,journal,0.256,32.0,United States,Northern America
2857,romanian journal of physics,journal,0.367,32.0,Romania,Eastern Europe
2858,compel the international journal for computation and mathematics in electrical and electronic engineering,journal,0.255,32.0,United Kingdom,Western Europe
2859,journal of environmental law,journal,0.506,32.0,United Kingdom,Western Europe
2860,ecologia austral,journal,0.46,32.0,Argentina,Latin America
2861,physics education,journal,0.412,32.0,United Kingdom,Western Europe
2862,research in nondestructive evaluation,journal,0.246,32.0,United Kingdom,Western Europe
2863,new review of hypermedia and multimedia,journal,0.318,32.0,United Kingdom,Western Europe
2864,journal of arid land,journal,0.607,32.0,China,Asiatic Region
2865,medical ultrasonography,journal,0.323,32.0,Romania,Eastern Europe
2866,journal of the american leather chemists association,journal,0.268,32.0,United States,Northern America
2867,biomaterials research,journal,2.235,32.0,United Kingdom,Western Europe
2868,chalcogenide letters,journal,0.217,32.0,Romania,Eastern Europe
2869,frontiers in materials,journal,0.664,32.0,Switzerland,Western Europe
2870,journal of chemical research,journal,0.174,32.0,United Kingdom,Western Europe
2871,international journal of naval architecture and ocean engineering,journal,0.893,32.0,South Korea,Asiatic Region
2872,unasylva,journal,0.336,32.0,Italy,Western Europe
2873,architectural engineering and design management,journal,0.52,32.0,United Kingdom,Western Europe
2874,journal of petroleum exploration and production technology,journal,0.45,32.0,Germany,Western Europe
2875,mobile media and communication,journal,1.127,32.0,United States,Northern America
2876,ships and offshore structures,journal,0.786,32.0,United Kingdom,Western Europe
2877,outlook on agriculture,journal,0.664,32.0,United Kingdom,Western Europe
2878,food and energy security,journal,0.789,32.0,United Kingdom,Western Europe
2879,trends in environmental analytical chemistry,journal,1.831,32.0,Netherlands,Western Europe
2880,international journal of coal preparation and utilization,journal,0.365,32.0,United Kingdom,Western Europe
2881,international journal of biomaterials,journal,0.638,32.0,United States,Northern America
2882,harvard environmental law review,journal,0.349,32.0,United States,Northern America
2883,proceedings of the institution of mechanical engineers part o journal of risk and reliability,journal,0.482,32.0,United Kingdom,Western Europe
2884,engineering economics,journal,0.366,32.0,Lithuania,Eastern Europe
2885,ieej transactions on industry applications,journal,0.238,32.0,Japan,Asiatic Region
2886,d printing and additive manufacturing,journal,0.867,32.0,United States,Northern America
2887,biomass conversion and biorefinery,journal,0.552,32.0,Germany,Western Europe
2888,land,journal,0.685,32.0,Switzerland,Western Europe
2889,intelligent service robotics,journal,0.779,32.0,Germany,Western Europe
2890,caikuang yu anquan gongcheng xuebaojournal of mining and safety engineering,journal,0.454,32.0,China,Asiatic Region
2891,irish journal of agricultural and food research,journal,0.232,32.0,Ireland,Western Europe
2892,new zealand journal of forestry science,journal,0.33,32.0,Switzerland,Western Europe
2893,quantum,journal,2.713,32.0,Austria,Western Europe
2894,advanced composite materials,journal,0.778,32.0,United Kingdom,Western Europe
2895,proceedings spe international symposium on formation damage control,conference and proceedings,0.297,32.0,United States,Northern America
2896,acta physica slovaca,journal,0.138,31.0,Slovakia,Eastern Europe
2897,nano,journal,0.287,31.0,Singapore,Asiatic Region
2898,recent patents on nanotechnology,journal,0.271,31.0,United Arab Emirates,Middle East
2899,doklady physics,journal,0.339,31.0,United States,Northern America
2900,journal of traffic and transportation engineering english edition,journal,0.801,31.0,Netherlands,Western Europe
2901,archives of metallurgy and materials,journal,0.214,31.0,Poland,Eastern Europe
2902,international journal of construction management,journal,0.719,31.0,United Kingdom,Western Europe
2903,journal of the indian institute of science,journal,0.391,31.0,India,Asiatic Region
2904,tehnicki vjesnik,journal,0.271,31.0,Croatia,Eastern Europe
2905,groundwater for sustainable development,journal,1.075,31.0,Netherlands,Western Europe
2906,journal of science advanced materials and devices,journal,0.98,31.0,Netherlands,Western Europe
2907,portugaliae electrochimica acta,journal,0.378,31.0,Portugal,Western Europe
2908,polymers and polymer composites,journal,0.31,31.0,United Kingdom,Western Europe
2909,applied computational electromagnetics society journal,journal,0.19,31.0,United States,Northern America
2910,progress in computational fluid dynamics,journal,0.242,31.0,United Kingdom,Western Europe
2911,environmental geosciences,journal,0.229,31.0,United States,Northern America
2912,european transport research review,journal,0.747,31.0,Germany,Western Europe
2913,journal of thermal science and engineering applications,journal,0.458,31.0,United States,Northern America
2914,journal of applied aquaculture,journal,0.346,31.0,United States,Northern America
2915,international journal of applied electromagnetics and mechanics,journal,0.196,31.0,Netherlands,Western Europe
2916,digest of technical papers ieee international conference on consumer electronics,conference and proceedings,0.268,31.0,United States,Northern America
2917,revista de chimie,journal,,31.0,Romania,Eastern Europe
2918,nanoethics,journal,0.23,31.0,Netherlands,Western Europe
2919,advanced sustainable systems,journal,1.28,31.0,United States,Northern America
2920,tiedao xuebaojournal of the china railway society,journal,0.367,31.0,China,Asiatic Region
2921,aircraft engineering and aerospace technology,journal,0.372,31.0,United Kingdom,Western Europe
2922,african journal of range and forage science,journal,0.395,31.0,United Kingdom,Western Europe
2923,atomic spectroscopy,journal,0.358,31.0,United States,Northern America
2924,advances in chemical engineering,book series,0.13,31.0,United States,Northern America
2925,current opinion in environmental science and health,journal,1.932,31.0,Netherlands,Western Europe
2926,filtration and separation,trade journal,0.17,31.0,Netherlands,Western Europe
2927,environmental ethics,journal,0.14,31.0,United States,Northern America
2928,ifmbe proceedings,conference and proceedings,0.165,31.0,Germany,Western Europe
2929,indian journal of heterocyclic chemistry,journal,0.129,31.0,India,Asiatic Region
2930,yuki gosei kagaku kyokaishijournal of synthetic organic chemistry,journal,0.145,31.0,Japan,Asiatic Region
2931,journal of industrial information integration,journal,2.745,31.0,Netherlands,Western Europe
2932,revista mexicana de astronomia y astrofisica,journal,0.503,31.0,Mexico,Latin America
2933,journal of thermal science,journal,0.505,31.0,China,Asiatic Region
2934,communications physics,journal,2.13,31.0,United States,Northern America
2935,nippon kinzoku gakkaishijournal of the japan institute of metals,journal,0.154,31.0,Japan,Asiatic Region
2936,sustainable computing informatics and systems,journal,1.07,31.0,United States,Northern America
2937,noise control engineering journal,journal,0.206,31.0,United States,Northern America
2938,metrology and measurement systems,journal,0.314,31.0,Poland,Eastern Europe
2939,environmental archaeology,journal,0.809,31.0,United Kingdom,Western Europe
2940,agriculture and food security,journal,0.851,31.0,United Kingdom,Western Europe
2941,astronomy reports,journal,0.332,31.0,United States,Northern America
2942,journal of elastomers and plastics,journal,0.342,31.0,United Kingdom,Western Europe
2943,international journal of wireless information networks,journal,0.501,31.0,United States,Northern America
2944,applied rheology,journal,0.208,31.0,Germany,Western Europe
2945,journal of ceramic processing research,journal,0.193,31.0,South Korea,Asiatic Region
2946,leukos journal of illuminating engineering society of north america,journal,0.881,31.0,United Kingdom,Western Europe
2947,ecological restoration,journal,0.236,31.0,United States,Northern America
2948,proceedings of the romanian academy series a mathematics physics technical sciences information science,journal,0.25,31.0,Romania,Eastern Europe
2949,polar science,journal,0.643,31.0,Netherlands,Western Europe
2950,ieee transactions on intelligent vehicles,journal,1.678,31.0,United States,Northern America
2951,zhongguo huanjing kexuechina environmental science,journal,0.227,31.0,China,Asiatic Region
2952,journal of hazardous toxic and radioactive waste,journal,0.415,31.0,United States,Northern America
2953,international journal of pavement research and technology,journal,0.721,31.0,Taiwan,Asiatic Region
2954,journal of environmental engineering and landscape management,journal,0.301,31.0,Lithuania,Eastern Europe
2955,zhongguo gonglu xuebaochina journal of highway and transport,journal,0.414,31.0,China,Asiatic Region
2956,journal of engineering science and technology review,journal,0.222,31.0,Greece,Western Europe
2957,international journal of numerical modelling electronic networks devices and fields,journal,0.332,31.0,United Kingdom,Western Europe
2958,rangelands,trade journal,0.301,31.0,United States,Northern America
2959,letters in organic chemistry,journal,0.181,31.0,United Arab Emirates,Middle East
2960,journal of tourism and cultural change,journal,0.633,31.0,United Kingdom,Western Europe
2961,iet electrical systems in transportation,journal,0.598,31.0,United Kingdom,Western Europe
2962,journal of environmental assessment policy and management,journal,0.391,31.0,Singapore,Asiatic Region
2963,physical mesomechanics,journal,0.5,31.0,United States,Northern America
2964,gaia,journal,0.517,31.0,Germany,Western Europe
2965,bioactive carbohydrates and dietary fibre,journal,0.615,31.0,United Kingdom,Western Europe
2966,advances in astronomy,journal,0.233,31.0,United States,Northern America
2967,iatss research,journal,0.839,31.0,Japan,Asiatic Region
2968,international journal of coal science and technology,journal,0.941,31.0,Switzerland,Western Europe
2969,baozha yu chongjiexpolosion and shock waves,journal,0.254,31.0,China,Asiatic Region
2970,journal of planar chromatography modern tlc,journal,0.317,31.0,Hungary,Eastern Europe
2971,journal of island and coastal archaeology,journal,0.838,31.0,United Kingdom,Western Europe
2972,operations management research,journal,0.917,31.0,United States,Northern America
2973,green energy and technology,book series,0.163,31.0,United States,Northern America
2974,wiley interdisciplinary reviews water,journal,1.839,30.0,United States,Northern America
2975,journal of astrophysics and astronomy,journal,0.41,30.0,India,Asiatic Region
2976,acoustical physics,journal,0.375,30.0,United States,Northern America
2977,polish journal of ecology,journal,0.206,30.0,Poland,Eastern Europe
2978,international journal of materials and product technology,journal,0.231,30.0,United Kingdom,Western Europe
2979,nanotechnology science and applications,journal,0.619,30.0,New Zealand,Pacific Region
2980,survey review,journal,0.393,30.0,United Kingdom,Western Europe
2981,public transport,journal,0.843,30.0,Germany,Western Europe
2982,issues in science and technology,journal,0.182,30.0,United States,Northern America
2983,international research in geographical and environmental education,journal,0.704,30.0,United Kingdom,Western Europe
2984,koedoe,journal,0.274,30.0,South Africa,Africa
2985,environmental quality management,journal,0.262,30.0,United States,Northern America
2986,journal of visualization,journal,0.45,30.0,Germany,Western Europe
2987,biomedical engineering letters,journal,0.838,30.0,Germany,Western Europe
2988,kgk kautschuk gummi kunststoffe,journal,0.128,30.0,Germany,Western Europe
2989,journal of engineering science and technology,journal,0.243,30.0,Malaysia,Asiatic Region
2990,journal of electrical and computer engineering,journal,0.417,30.0,United States,Northern America
2991,energy sustainability and society,journal,1.025,30.0,United States,Northern America
2992,petroleum,journal,0.817,30.0,China,Asiatic Region
2993,inland waters,journal,0.737,30.0,United Kingdom,Western Europe
2994,international journal of heat and technology,journal,0.297,30.0,Italy,Western Europe
2995,annales de chimie science des materiaux,journal,0.205,30.0,France,Western Europe
2996,polimeros,journal,0.299,30.0,Brazil,Latin America
2997,gaoya dianqihigh voltage apparatus,journal,0.279,30.0,China,Asiatic Region
2998,knowledge and management of aquatic ecosystems,journal,0.518,30.0,France,Western Europe
2999,international journal of ambient energy,journal,0.421,30.0,United Kingdom,Western Europe
3000,american society of mechanical engineers pressure vessels and piping division publication pvp,conference and proceedings,0.224,30.0,United States,Northern America
3001,irbm,journal,0.574,30.0,France,Western Europe
3002,kuei suan jen hsueh pao journal of the chinese ceramic society,journal,0.176,30.0,China,Asiatic Region
3003,molecular systems design and engineering,journal,1.115,30.0,United Kingdom,Western Europe
3004,journal of fusion energy,journal,0.497,30.0,United States,Northern America
3005,materials today communications,journal,0.623,30.0,Netherlands,Western Europe
3006,structural dynamics,journal,1.53,30.0,United States,Northern America
3007,physical review physics education research,journal,1.076,30.0,United States,Northern America
3008,journal of photonics for energy,journal,0.392,30.0,United States,Northern America
3009,international journal of emerging technologies in learning,journal,0.632,30.0,Austria,Western Europe
3010,international journal of protective structures,journal,0.632,30.0,United Kingdom,Western Europe
3011,rendiconti lincei,journal,0.382,30.0,Italy,Western Europe
3012,fluctuation and noise letters,journal,0.266,30.0,Singapore,Asiatic Region
3013,acs materials letters,journal,2.96,30.0,United States,Northern America
3014,fibers,journal,0.623,30.0,Switzerland,Western Europe
3015,oil shale,journal,0.337,30.0,Estonia,Eastern Europe
3016,international journal of industrial engineering computations,journal,0.794,30.0,Canada,Northern America
3017,ieej transactions on electrical and electronic engineering,journal,0.329,30.0,United States,Northern America
3018,batteries,journal,0.874,30.0,Switzerland,Western Europe
3019,georisk,journal,1.179,30.0,United Kingdom,Western Europe
3020,acs applied bio materials,journal,0.746,30.0,United States,Northern America
3021,manufacturing letters,journal,1.215,30.0,United States,Northern America
3022,iet wireless sensor systems,journal,0.587,30.0,United Kingdom,Western Europe
3023,international journal of reliability quality and safety engineering,journal,0.221,30.0,Singapore,Asiatic Region
3024,international journal of marine and coastal law,journal,0.402,30.0,Netherlands,Western Europe
3025,high temperatures high pressures,journal,0.202,30.0,United States,Northern America
3026,optical switching and networking,journal,0.559,30.0,Netherlands,Western Europe
3027,advances in climate change research,journal,1.054,30.0,China,Asiatic Region
3028,ieee transactions on green communications and networking,journal,1.872,30.0,United States,Northern America
3029,journal of systems science and systems engineering,journal,0.338,30.0,Germany,Western Europe
3030,hongwai yu jiguang gongchenginfrared and laser engineering,journal,0.251,30.0,China,Asiatic Region
3031,advances in manufacturing,journal,0.739,30.0,United States,Northern America
3032,international review of electrical engineering,journal,0.309,30.0,Italy,Western Europe
3033,journal of essential oilbearing plants,journal,0.404,30.0,United Kingdom,Western Europe
3034,international journal of services and operations management,journal,0.318,30.0,United Kingdom,Western Europe
3035,eurasip journal on audio speech and music processing,journal,0.485,30.0,United States,Northern America
3036,communications in number theory and physics,journal,1.143,30.0,United States,Northern America
3037,international conference recent advances in natural language processing ranlp,conference and proceedings,0.316,30.0,United States,Northern America
3038,environmental processes,journal,0.574,30.0,United States,Northern America
3039,kexue tongbaochinese science bulletin,journal,0.243,30.0,China,Asiatic Region
3040,russian journal of applied chemistry,journal,0.234,30.0,United States,Northern America
3041,energy systems,journal,0.53,30.0,Germany,Western Europe
3042,surface science spectra,journal,0.404,30.0,United States,Northern America
3043,nuclear materials and energy,journal,1.033,30.0,United Kingdom,Western Europe
3044,journal of cold regions engineering asce,journal,0.479,30.0,United States,Northern America
3045,metalurgija,journal,0.328,30.0,Croatia,Eastern Europe
3046,international journal of lowcarbon technologies,journal,0.476,30.0,United Kingdom,Western Europe
3047,journal of electrical engineering and technology,journal,0.314,30.0,South Korea,Asiatic Region
3048,huagong xuebaociesc journal,journal,0.156,30.0,China,Asiatic Region
3049,jiaotong yunshu xitong gongcheng yu xinxi journal of transportation systems engineering and information technology,journal,0.22,29.0,China,Asiatic Region
3050,mining metallurgy and exploration,journal,0.323,29.0,Switzerland,Western Europe
3051,maderas ciencia y tecnologia,journal,0.4,29.0,Chile,Latin America
3052,biology and environment,journal,0.221,29.0,Ireland,Western Europe
3053,international journal of industrial and systems engineering,journal,0.277,29.0,United Kingdom,Western Europe
3054,tissue engineering and regenerative medicine,journal,0.732,29.0,United States,Northern America
3055,lubricants,journal,0.68,29.0,Switzerland,Western Europe
3056,journal of analytical methods in chemistry,journal,0.359,29.0,United States,Northern America
3057,materialpruefungmaterials testing,journal,0.371,29.0,Germany,Western Europe
3058,journal of computational design and engineering,journal,1.034,29.0,United Kingdom,Western Europe
3059,current forestry reports,journal,1.684,29.0,Switzerland,Western Europe
3060,journal of applied science and engineering taiwan,journal,0.218,29.0,Taiwan,Asiatic Region
3061,international journal of chemical engineering,journal,0.397,29.0,United States,Northern America
3062,aatcc review,trade journal,0.102,29.0,United States,Northern America
3063,journal of marine science and engineering,journal,0.542,29.0,Switzerland,Western Europe
3064,spatial statistics,journal,0.718,29.0,Netherlands,Western Europe
3065,mineral processing and extractive metallurgy transactions of the institute of mining and metallurgy,journal,0.329,29.0,United Kingdom,Western Europe
3066,research,journal,2.071,29.0,United States,Northern America
3067,npj flexible electronics,journal,2.899,29.0,United Kingdom,Western Europe
3068,regenerative biomaterials,journal,0.891,29.0,United Kingdom,Western Europe
3069,manufacturing technology,journal,0.247,29.0,Czech Republic,Eastern Europe
3070,ieee transactions on network science and engineering,journal,1.365,29.0,United States,Northern America
3071,journal of computational and theoretical transport,journal,0.256,29.0,United Kingdom,Western Europe
3072,microwave journal,trade journal,0.127,29.0,United States,Northern America
3073,journal of hydrology and hydromechanics,journal,0.776,29.0,Germany,Western Europe
3074,cancer nanotechnology,journal,0.921,29.0,United States,Northern America
3075,international journal of smart and nano materials,journal,0.656,29.0,United Kingdom,Western Europe
3076,computer aided chemical engineering,book series,0.192,29.0,Netherlands,Western Europe
3077,functional materials letters,journal,0.31,29.0,Singapore,Asiatic Region
3078,ieee latin america transactions,journal,0.33,29.0,United States,Northern America
3079,journal of industrial and production engineering,journal,0.533,29.0,United Kingdom,Western Europe
3080,international journal for multiscale computational engineering,journal,0.538,29.0,United States,Northern America
3081,journal of electrical engineering,journal,0.2,29.0,Germany,Western Europe
3082,frontiers of architectural research,journal,0.55,29.0,Netherlands,Western Europe
3083,eksploatacja i niezawodnosc,journal,0.572,29.0,Poland,Eastern Europe
3084,international journal on smart sensing and intelligent systems,journal,0.34,29.0,New Zealand,Pacific Region
3085,journal of the japan petroleum institute,journal,0.261,29.0,Japan,Asiatic Region
3086,geofisica international,journal,0.217,29.0,Mexico,Latin America
3087,restaurator,journal,0.28,29.0,Germany,Western Europe
3088,polimery,journal,0.243,29.0,Poland,Eastern Europe
3089,open geosciences,journal,0.292,29.0,Germany,Western Europe
3090,optoelectronics and advanced materials rapid communications,journal,0.151,29.0,Romania,Eastern Europe
3091,frontiers of structural and civil engineering,journal,0.647,29.0,United States,Northern America
3092,russian journal of physical chemistry a,journal,0.212,29.0,United States,Northern America
3093,landscape and ecological engineering,journal,0.438,29.0,Japan,Asiatic Region
3094,ethnobotany research and applications,journal,0.268,29.0,United States,Northern America
3095,materials express,journal,0.202,29.0,United States,Northern America
3096,cardiovascular engineering and technology,journal,0.527,29.0,United States,Northern America
3097,xitong fangzhen xuebao journal of system simulation,journal,0.179,29.0,China,Asiatic Region
3098,xi tong gong cheng yu dian zi ji shusystems engineering and electronics,journal,0.199,29.0,China,Asiatic Region
3099,journal of vibroengineering,journal,0.209,29.0,Lithuania,Eastern Europe
3100,cogent engineering,journal,0.385,29.0,United Kingdom,Western Europe
3101,journal of sensor and actuator networks,journal,0.965,29.0,Switzerland,Western Europe
3102,spatial and spatiotemporal epidemiology,journal,0.859,29.0,United Kingdom,Western Europe
3103,chemistry and industry london,trade journal,0.104,29.0,United States,Northern America
3104,chimica oggi,journal,0.115,29.0,Italy,Western Europe
3105,advances in physics x,journal,2.161,29.0,United Kingdom,Western Europe
3106,optica applicata,journal,0.162,29.0,Poland,Eastern Europe
3107,chinese journal of inorganic chemistry,journal,0.145,29.0,China,Asiatic Region
3108,przeglad elektrotechniczny,journal,0.195,29.0,Poland,Eastern Europe
3109,sensors and materials,journal,0.218,29.0,Japan,Asiatic Region
3110,codesign,journal,0.484,29.0,United Kingdom,Western Europe
3111,zhongnan daxue xuebao ziran kexue banjournal of central south university science and technology,journal,0.204,29.0,China,Asiatic Region
3112,earth and space science,journal,0.988,29.0,United States,Northern America
3113,practice periodical on structural design and construction,journal,0.359,29.0,United States,Northern America
3114,electrical engineering in japan english translation of denki gakkai ronbunshi,journal,0.172,29.0,United States,Northern America
3115,crystallography reviews,journal,1.214,29.0,United Kingdom,Western Europe
3116,infinite dimensional analysis quantum probability and related topics,journal,0.464,29.0,Singapore,Asiatic Region
3117,journal of failure analysis and prevention,journal,0.285,29.0,United States,Northern America
3118,international journal of food engineering,journal,0.294,29.0,Germany,Western Europe
3119,russian journal of coordination chemistrykoordinatsionnaya khimiya,journal,0.274,29.0,United States,Northern America
3120,ieee journal of translational engineering in health and medicine,journal,0.842,29.0,United States,Northern America
3121,structures,journal,0.835,29.0,United Kingdom,Western Europe
3122,acta chromatographica,journal,0.27,29.0,Hungary,Eastern Europe
3123,revista mexicana de fisica,journal,0.248,28.0,Mexico,Latin America
3124,frontiers in energy,journal,0.525,28.0,China,Asiatic Region
3125,metabolic engineering communications,journal,1.114,28.0,Netherlands,Western Europe
3126,cellular polymers,journal,0.315,28.0,United Kingdom,Western Europe
3127,reinforced plastics,trade journal,0.222,28.0,Netherlands,Western Europe
3128,international journal of mechanical and materials engineering,journal,0.475,28.0,Switzerland,Western Europe
3129,japan journal of industrial and applied mathematics,journal,0.299,28.0,Japan,Asiatic Region
3130,journal of low frequency noise vibration and active control,journal,0.365,28.0,United Kingdom,Western Europe
3131,international journal on interactive design and manufacturing,journal,0.486,28.0,France,Western Europe
3132,environments mdpi,journal,0.654,28.0,Switzerland,Western Europe
3133,npj climate and atmospheric science,journal,3.135,28.0,United States,Northern America
3134,journal of architectural and planning research,journal,0.123,28.0,United States,Northern America
3135,ieej transactions on power and energy,journal,0.293,28.0,Japan,Asiatic Region
3136,textile progress,journal,0.567,28.0,United Kingdom,Western Europe
3137,international journal of fluid power,journal,0.208,28.0,Denmark,Western Europe
3138,journal of laser micro nanoengineering,journal,0.292,28.0,Japan,Asiatic Region
3139,ocean and coastal research,journal,0.303,28.0,Brazil,Latin America
3140,natural product sciences,journal,0.258,28.0,South Korea,Asiatic Region
3141,journal of aging and environment,journal,0.383,28.0,United Kingdom,Western Europe
3142,metal science and heat treatment,journal,0.288,28.0,United States,Northern America
3143,ecological processes,journal,0.797,28.0,Switzerland,Western Europe
3144,huanjing kexue xuebao acta scientiae circumstantiae,journal,0.183,28.0,China,Asiatic Region
3145,toxicology international,journal,0.107,28.0,India,Asiatic Region
3146,evolving systems,journal,0.585,28.0,Germany,Western Europe
3147,physical review accelerators and beams,journal,0.998,28.0,United States,Northern America
3148,advances in building energy research,journal,0.532,28.0,United Kingdom,Western Europe
3149,advances in condensed matter physics,journal,0.234,28.0,United States,Northern America
3150,journal of environmental studies and sciences,journal,0.404,28.0,United States,Northern America
3151,advances in applied mathematics and mechanics,journal,0.388,28.0,United Kingdom,Western Europe
3152,chemical industry and chemical engineering quarterly,journal,0.21,28.0,Serbia,Eastern Europe
3153,methods and applications in fluorescence,journal,0.71,28.0,United Kingdom,Western Europe
3154,canadian journal of electrical and computer engineering,journal,0.411,28.0,Canada,Northern America
3155,applied bionics and biomechanics,journal,0.412,28.0,Egypt,Africa/Middle East
3156,open engineering,journal,0.209,28.0,Poland,Eastern Europe
3157,es web of conferences,conference and proceedings,0.237,28.0,France,Western Europe
3158,modeling identification and control,journal,0.188,28.0,Norway,Western Europe
3159,international journal of sustainable development,journal,0.334,28.0,United Kingdom,Western Europe
3160,hongwai yu haomibo xuebaojournal of infrared and millimeter waves,journal,0.192,28.0,China,Asiatic Region
3161,anthropocene review,journal,0.946,28.0,United States,Northern America
3162,turkish journal of physics,journal,0.202,28.0,Turkey,Middle East
3163,international journal of systems assurance engineering and management,journal,0.43,28.0,India,Asiatic Region
3164,european journal of industrial engineering,journal,0.431,28.0,United Kingdom,Western Europe
3165,international journal of steel structures,journal,0.432,28.0,South Korea,Asiatic Region
3166,measurement science review,journal,0.376,28.0,Slovakia,Eastern Europe
3167,gels,journal,0.693,28.0,Switzerland,Western Europe
3168,orbis,journal,0.161,28.0,Netherlands,Western Europe
3169,international journal of industrial chemistry,journal,0.524,28.0,United States,Northern America
3170,arab journal of basic and applied sciences,journal,0.456,28.0,United Kingdom,Western Europe
3171,beton und stahlbetonbau,journal,0.444,28.0,United States,Northern America
3172,international shipbuilding progress,journal,0.191,28.0,Netherlands,Western Europe
3173,proceedings of the acm on programming languages,journal,1.872,28.0,United States,Northern America
3174,ieee embedded systems letters,journal,0.449,28.0,United States,Northern America
3175,zhongguo shiyou daxue xuebao ziran kexue banjournal of china university of petroleum edition of natural science,journal,0.461,28.0,China,Asiatic Region
3176,elektronika ir elektrotechnika,journal,0.284,28.0,Lithuania,Eastern Europe
3177,chemicke listy,journal,0.15,28.0,Czech Republic,Eastern Europe
3178,international zoo yearbook,journal,0.311,28.0,United Kingdom,Western Europe
3179,zhongguo tiedao kexuechina railway science,journal,0.392,28.0,China,Asiatic Region
3180,climate change economics,journal,0.428,28.0,Singapore,Asiatic Region
3181,iete journal of research,journal,0.316,28.0,United Kingdom,Western Europe
3182,hydrocarbon processing,trade journal,0.106,28.0,United States,Northern America
3183,acta of bioengineering and biomechanics,journal,0.358,28.0,Poland,Eastern Europe
3184,journal of industrial engineering international,journal,0.671,28.0,Germany,Western Europe
3185,australasian journal of environmental management,journal,0.444,28.0,United Kingdom,Western Europe
3186,water science and engineering,journal,0.733,28.0,China,Asiatic Region
3187,journal of applied spectroscopy,journal,0.204,28.0,Germany,Western Europe
3188,chemical research in chinese universities,journal,0.393,28.0,Switzerland,Western Europe
3189,sn applied sciences,journal,0.342,28.0,Switzerland,Western Europe
3190,aquatic mammals,journal,0.447,28.0,Netherlands,Western Europe
3191,pulp and paper canada,trade journal,0.102,28.0,Canada,Northern America
3192,international journal of space structures,journal,0.171,28.0,United Kingdom,Western Europe
3193,dianzi yu xinxi xuebaojournal of electronics and information technology,journal,0.266,28.0,China,Asiatic Region
3194,fiber and integrated optics,journal,0.243,28.0,United Kingdom,Western Europe
3195,solar system research,journal,0.284,28.0,United States,Northern America
3196,international journal of computer applications in technology,journal,0.27,28.0,United Kingdom,Western Europe
3197,central european journal of energetic materials,journal,0.345,28.0,Poland,Eastern Europe
3198,biomedical instrumentation and technology,journal,0.116,28.0,United States,Northern America
3199,archives of mechanics,journal,0.312,28.0,Poland,Eastern Europe
3200,jianzhu cailiao xuebaojournal of building materials,journal,0.266,28.0,China,Asiatic Region
3201,remediation,journal,0.813,28.0,United States,Northern America
3202,korea australia rheology journal,journal,0.237,28.0,South Korea,Asiatic Region
3203,epolymers,journal,0.429,27.0,France,Western Europe
3204,jiqirenrobot,journal,0.291,27.0,China,Asiatic Region
3205,management of biological invasions,journal,0.561,27.0,Finland,Western Europe
3206,russian journal of bioorganic chemistry,journal,0.216,27.0,United States,Northern America
3207,iranian journal of chemistry and chemical engineering,journal,0.304,27.0,Iran,Middle East
3208,transactions geothermal resources council,conference and proceedings,0.22,27.0,United States,Northern America
3209,studies in systems decision and control,book series,0.11,27.0,Switzerland,Western Europe
3210,geochemical perspectives letters,journal,1.958,27.0,France,Western Europe
3211,journal of pipeline systems engineering and practice,journal,0.459,27.0,United States,Northern America
3212,imaging science journal,journal,0.242,27.0,United Kingdom,Western Europe
3213,environmental practice,journal,0.212,27.0,United Kingdom,Western Europe
3214,translational vision science and technology,journal,0.9,27.0,United States,Northern America
3215,propulsion and power research,journal,0.698,27.0,Netherlands,Western Europe
3216,beijing daxue xuebao ziran kexue banacta scientiarum naturalium universitatis pekinensis,journal,0.161,27.0,China,Asiatic Region
3217,journal of computational biophysics and chemistry,journal,0.22,27.0,Singapore,Asiatic Region
3218,conference proceedings lasers and electrooptics society annual meetingleos,conference and proceedings,0.142,27.0,United States,Northern America
3219,bulletin of the chemical society of ethiopia,journal,0.249,27.0,Ethiopia,Africa
3220,international review of environmental and resource economics,journal,1.231,27.0,United States,Northern America
3221,chembioeng reviews,journal,0.764,27.0,United Kingdom,Western Europe
3222,protection of metals and physical chemistry of surfaces,journal,0.276,27.0,United States,Northern America
3223,journal of the royal society of western australia,journal,0.28,27.0,Australia,Pacific Region
3224,open astronomy,journal,0.326,27.0,Poland,Eastern Europe
3225,remote sensing in ecology and conservation,journal,1.452,27.0,United Kingdom,Western Europe
3226,journal of nano research,journal,0.262,27.0,Switzerland,Western Europe
3227,international journal of automotive and mechanical engineering,journal,0.287,27.0,Malaysia,Asiatic Region
3228,energy and environmental materials,journal,3.694,27.0,United States,Northern America
3229,bionanoscience,journal,0.432,27.0,United States,Northern America
3230,computer systems science and engineering,journal,0.316,27.0,United Kingdom,Western Europe
3231,surface topography metrology and properties,journal,0.339,27.0,United Kingdom,Western Europe
3232,ite journal institute of transportation engineers,journal,0.234,27.0,United States,Northern America
3233,international journal of powder metallurgy princeton new jersey,journal,0.144,27.0,United States,Northern America
3234,materiali in tehnologije,journal,0.213,27.0,Slovenia,Eastern Europe
3235,journal of integrated pest management,journal,0.755,27.0,United Kingdom,Western Europe
3236,solid state technology,trade journal,0.115,27.0,United States,Northern America
3237,china ocean engineering,journal,0.442,27.0,United States,Northern America
3238,sustainable chemistry and pharmacy,journal,0.681,27.0,Netherlands,Western Europe
3239,environment and history,journal,0.218,27.0,United Kingdom,Western Europe
3240,proceedings of the institution of civil engineers engineering sustainability,journal,0.309,27.0,United Kingdom,Western Europe
3241,journal of political ecology,journal,0.838,27.0,United States,Northern America
3242,journal of polymer engineering,journal,0.289,27.0,Germany,Western Europe
3243,bioresource technology reports,journal,0.837,27.0,United Kingdom,Western Europe
3244,international journal of nanoscience,journal,0.209,27.0,Singapore,Asiatic Region
3245,biodiversity,journal,0.411,27.0,United Kingdom,Western Europe
3246,universe,journal,0.684,27.0,Switzerland,Western Europe
3247,journal of sustainable metallurgy,journal,0.534,27.0,Switzerland,Western Europe
3248,astronomy and computing,journal,0.688,27.0,Netherlands,Western Europe
3249,glass physics and chemistry,journal,0.229,27.0,United States,Northern America
3250,journal of applied mechanics and technical physics,journal,0.304,27.0,United States,Northern America
3251,foundations of science,journal,0.359,27.0,Netherlands,Western Europe
3252,plant sociology,journal,0.411,27.0,Italy,Western Europe
3253,tire science and technology,journal,0.156,27.0,United States,Northern America
3254,taiyangneng xuebaoacta energiae solaris sinica,journal,0.201,27.0,China,Asiatic Region
3255,petroleum chemistry,journal,0.274,27.0,United States,Northern America
3256,international journal of bioprinting,journal,0.911,27.0,Singapore,Asiatic Region
3257,cosmetics,journal,0.496,27.0,Switzerland,Western Europe
3258,journal of astronomical telescopes instruments and systems,journal,0.432,27.0,United States,Northern America
3259,wuji cailiao xuebaojournal of inorganic materials,journal,0.233,27.0,China,Asiatic Region
3260,solid mechanics and its applications,book series,0.235,27.0,Germany,Western Europe
3261,wseas transactions on systems,journal,,27.0,Greece,Western Europe
3262,journal of spatial science,journal,0.367,27.0,United Kingdom,Western Europe
3263,fuhe cailiao xuebaoacta materiae compositae sinica,journal,0.18,27.0,China,Asiatic Region
3264,mocaxue xuebaotribology,journal,0.227,27.0,China,Asiatic Region
3265,image analysis and stereology,journal,0.316,27.0,Slovenia,Eastern Europe
3266,international journal of critical infrastructures,journal,0.229,27.0,United Kingdom,Western Europe
3267,sae international journal of passenger cars mechanical systems,journal,0.218,27.0,United States,Northern America
3268,journal of theoretical and applied mechanics,journal,0.247,27.0,Poland,Eastern Europe
3269,international journal of civil engineering,journal,0.645,27.0,Switzerland,Western Europe
3270,green processing and synthesis,journal,0.491,27.0,Germany,Western Europe
3271,pet clinics,journal,0.466,27.0,United States,Northern America
3272,chinese journal of electronics,journal,0.402,27.0,United States,Northern America
3273,lecture notes in applied and computational mechanics,book series,0.327,27.0,Germany,Western Europe
3274,internet of things netherlands,journal,1.607,27.0,Netherlands,Western Europe
3275,journal of food measurement and characterization,journal,0.515,27.0,United States,Northern America
3276,physics and chemistry of glasses european journal of glass science and technology part b,journal,0.174,27.0,United Kingdom,Western Europe
3277,journal of the association of environmental and resource economists,journal,2.803,27.0,United States,Northern America
3278,environmental economics and policy studies,journal,0.601,27.0,Japan,Asiatic Region
3279,psychological injury and law,journal,0.419,27.0,United States,Northern America
3280,journal of flow chemistry,journal,0.735,27.0,Hungary,Eastern Europe
3281,soft materials,journal,0.36,27.0,United States,Northern America
3282,natural resources journal,journal,0.263,27.0,United States,Northern America
3283,ieee engineering management review,journal,0.96,27.0,United States,Northern America
3284,quarterly report of rtri railway technical research institute japan,journal,0.225,26.0,Japan,Asiatic Region
3285,robotics,journal,0.764,26.0,Switzerland,Western Europe
3286,proceedings of the institution of civil engineers transport,journal,0.214,26.0,United Kingdom,Western Europe
3287,european journal of computational mechanics,journal,0.184,26.0,United Kingdom,Western Europe
3288,journal of russian laser research,journal,0.217,26.0,United States,Northern America
3289,notes on numerical fluid mechanics and multidisciplinary design,book series,0.181,26.0,United States,Northern America
3290,boletin de la sociedad espanola de ceramica y vidrio,journal,0.444,26.0,Spain,Western Europe
3291,international journal of climate change strategies and management,journal,0.753,26.0,United Kingdom,Western Europe
3292,climate services,journal,1.416,26.0,Netherlands,Western Europe
3293,zhejiang daxue xuebao gongxue banjournal of zhejiang university engineering science,journal,0.194,26.0,China,Asiatic Region
3294,check list,journal,0.259,26.0,Brazil,Latin America
3295,hsian chiao tung ta hsuehjournal of xi'an jiaotong university,journal,0.213,26.0,China,Asiatic Region
3296,journal of plastic film and sheeting,journal,0.518,26.0,United Kingdom,Western Europe
3297,journal of innovative optical health sciences,journal,0.473,26.0,Singapore,Asiatic Region
3298,international journal of management science and engineering management,journal,0.783,26.0,United Kingdom,Western Europe
3299,qiangjiguang yu lizishuhigh power laser and particle beams,journal,0.17,26.0,China,Asiatic Region
3300,journal of imaging,journal,0.728,26.0,Switzerland,Western Europe
3301,forest ecosystems,journal,1.027,26.0,Germany,Western Europe
3302,jurnal teknologi sciences and engineering,journal,0.203,26.0,Malaysia,Asiatic Region
3303,journal of simulation,journal,0.866,26.0,United Kingdom,Western Europe
3304,ecosystem health and sustainability,journal,0.894,26.0,United Kingdom,Western Europe
3305,latin american applied research,journal,0.164,26.0,Argentina,Latin America
3306,scientific drilling,journal,0.548,26.0,United States,Northern America
3307,shiyou diqiu wuli kantanoil geophysical prospecting,journal,0.322,26.0,China,Asiatic Region
3308,jmir serious games,journal,0.581,26.0,Canada,Northern America
3309,instrumentation science and technology,journal,0.295,26.0,United States,Northern America
3310,progress in reaction kinetics and mechanism,journal,0.193,26.0,United Kingdom,Western Europe
3311,international journal of global energy issues,journal,0.156,26.0,United Kingdom,Western Europe
3312,journal of location based services,journal,0.618,26.0,United Kingdom,Western Europe
3313,scientifica,journal,0.46,26.0,Egypt,Africa/Middle East
3314,welding international,journal,0.14,26.0,United Kingdom,Western Europe
3315,tenside surfactants detergents,journal,0.239,26.0,Germany,Western Europe
3316,comprehensive analytical chemistry,book series,0.252,26.0,Netherlands,Western Europe
3317,communications chemistry,journal,1.596,26.0,United States,Northern America
3318,international journal of robotics and automation,journal,0.304,26.0,Canada,Northern America
3319,avian conservation and ecology,journal,0.495,26.0,Canada,Northern America
3320,perspectives on science,journal,0.231,26.0,United States,Northern America
3321,journal of optical communications,journal,0.288,26.0,Germany,Western Europe
3322,journal of communications technology and electronics,journal,0.306,26.0,United States,Northern America
3323,materials performance,trade journal,0.117,26.0,United States,Northern America
3324,automatisierungstechnik,journal,0.342,26.0,Germany,Western Europe
3325,spectroscopy santa monica,journal,0.177,26.0,United States,Northern America
3326,transactions of the royal society of south africa,journal,0.283,26.0,United Kingdom,Western Europe
3327,journal of the chemical society of pakistan,journal,0.169,26.0,Pakistan,Asiatic Region
3328,easterneuropean journal of enterprise technologies,journal,0.402,26.0,Ukraine,Eastern Europe
3329,renewable energy focus,trade journal,0.938,26.0,United Kingdom,Western Europe
3330,zairyojournal of the society of materials science japan,journal,0.171,26.0,Japan,Asiatic Region
3331,international journal of electrical and computer engineering,journal,0.376,26.0,Indonesia,Asiatic Region
3332,expert review of ophthalmology,journal,0.375,26.0,United Kingdom,Western Europe
3333,advanced steel construction,journal,0.444,26.0,China,Asiatic Region
3334,american laboratory,trade journal,0.101,26.0,United States,Northern America
3335,journal of engineering design and technology,journal,0.371,26.0,United Kingdom,Western Europe
3336,ecology law quarterly,journal,0.172,26.0,United States,Northern America
3337,animal biotelemetry,journal,0.83,26.0,United Kingdom,Western Europe
3338,d research,journal,0.363,26.0,South Korea,Asiatic Region
3339,journal of the society of leather technologies and chemists,journal,0.178,26.0,United Kingdom,Western Europe
3340,studies in informatics and control,journal,0.507,26.0,Romania,Eastern Europe
3341,heat transfer research,journal,0.361,26.0,United States,Northern America
3342,izvestiya physics of the solid earth,journal,0.374,26.0,United States,Northern America
3343,pfg journal of photogrammetry remote sensing and geoinformation science,journal,1.014,26.0,Switzerland,Western Europe
3344,science and technology of nuclear installations,journal,0.338,26.0,Egypt,Africa/Middle East
3345,current opinion in biomedical engineering,journal,0.91,26.0,Netherlands,Western Europe
3346,journal of conflict and security law,journal,0.306,26.0,United Kingdom,Western Europe
3347,epe journal european power electronics and drives journal,journal,0.232,26.0,United Kingdom,Western Europe
3348,environmental engineering research,journal,0.658,26.0,South Korea,Asiatic Region
3349,sustainability science practice and policy,journal,1.795,26.0,United States,Northern America
3350,international journal for computational methods in engineering science and mechanics,journal,0.236,26.0,United Kingdom,Western Europe
3351,condensed matter physics,journal,0.293,26.0,Ukraine,Eastern Europe
3352,applied biological chemistry,journal,0.437,26.0,Netherlands,Western Europe
3353,journal of ocean university of china,journal,0.244,26.0,China,Asiatic Region
3354,inorganics,journal,0.54,26.0,Switzerland,Western Europe
3355,hangkong dongli xuebaojournal of aerospace power,journal,0.258,26.0,China,Asiatic Region
3356,natural products and bioprospecting,journal,0.612,26.0,Singapore,Asiatic Region
3357,medziagotyra,journal,0.193,26.0,Lithuania,Eastern Europe
3358,journal of the international association for shell and spatial structures,journal,0.261,26.0,Spain,Western Europe
3359,archives of acoustics,journal,0.312,26.0,Poland,Eastern Europe
3360,international journal of recycling of organic waste in agriculture,journal,0.709,26.0,Iran,Middle East
3361,international journal of industrial engineering theory applications and practice,journal,0.232,26.0,United States,Northern America
3362,materials science,journal,0.328,26.0,United States,Northern America
3363,frequenz,journal,0.251,26.0,Germany,Western Europe
3364,acta polymerica sinica,journal,0.384,26.0,China,Asiatic Region
3365,biochip journal,journal,0.692,26.0,Germany,Western Europe
3366,southwestern entomologist,journal,0.238,26.0,United States,Northern America
3367,lixue xuebaochinese journal of theoretical and applied mechanics,journal,0.278,26.0,China,Asiatic Region
3368,ieee magnetics letters,journal,0.376,26.0,United States,Northern America
3369,magazine of civil engineering,journal,0.938,26.0,Russian Federation,Eastern Europe
3370,international journal of engineering research in africa,journal,0.249,26.0,Switzerland,Western Europe
3371,eurasip journal on embedded systems,journal,0.279,26.0,United States,Northern America
3372,international journal of security and networks,journal,0.253,26.0,United Kingdom,Western Europe
3373,food structure,journal,0.818,25.0,Netherlands,Western Europe
3374,ieee africon conference,conference and proceedings,0.158,25.0,United States,Northern America
3375,ontario health technology assessment series,journal,0.52,25.0,Canada,Northern America
3376,deutsche lebensmittelrundschau,journal,0.159,25.0,Germany,Western Europe
3377,journal of homeland security and emergency management,journal,0.5,25.0,Germany,Western Europe
3378,advances in electrical and computer engineering,journal,0.281,25.0,Romania,Eastern Europe
3379,journal of marine science and application,journal,0.488,25.0,China,Asiatic Region
3380,ieee transactions on sustainable computing,journal,1.35,25.0,United States,Northern America
3381,fme transactions,journal,0.47,25.0,Serbia,Eastern Europe
3382,laser therapy,journal,0.346,25.0,United States,Northern America
3383,inform international news on fats oils and related materials,trade journal,0.102,25.0,United States,Northern America
3384,nuclear science and techniqueshewuli,journal,0.708,25.0,Singapore,Asiatic Region
3385,mechanika,journal,0.169,25.0,Lithuania,Eastern Europe
3386,quantitative infrared thermography journal,journal,0.379,25.0,United Kingdom,Western Europe
3387,actuators,journal,0.42,25.0,Switzerland,Western Europe
3388,systems science and control engineering,journal,0.417,25.0,United Kingdom,Western Europe
3389,international journal of dynamics and control,journal,0.408,25.0,Switzerland,Western Europe
3390,nuovo cimento della societa italiana di fisica c,journal,0.152,25.0,Italy,Western Europe
3391,asian journal of civil engineering,journal,0.397,25.0,Iran,Middle East
3392,international journal of six sigma and competitive advantage,journal,0.222,25.0,United Kingdom,Western Europe
3393,journal of optical technology a translation of opticheskii zhurnal,journal,0.201,25.0,United States,Northern America
3394,kao teng hsueh hsiao hua heush hsueh pao chemical journal of chinese universities,journal,0.168,25.0,China,Asiatic Region
3395,international journal of performability engineering,journal,0.206,25.0,India,Asiatic Region
3396,network security,trade journal,0.285,25.0,Netherlands,Western Europe
3397,chemphotochem,journal,1.018,25.0,Germany,Western Europe
3398,journal of spectroscopy,journal,0.314,25.0,Egypt,Africa/Middle East
3399,gongcheng kexue xuebaochinese journal of engineering,journal,0.216,25.0,China,Asiatic Region
3400,chinese journal of chemical physics,journal,0.304,25.0,United States,Northern America
3401,theoretical foundations of chemical engineering,journal,0.299,25.0,United States,Northern America
3402,advanced theory and simulations,journal,0.924,25.0,Germany,Western Europe
3403,harbin gongye daxue xuebaojournal of harbin institute of technology,journal,0.21,25.0,China,Asiatic Region
3404,computational particle mechanics,journal,0.698,25.0,Switzerland,Western Europe
3405,journal of ship production and design,journal,0.304,25.0,United States,Northern America
3406,journal of construction in developing countries,journal,0.227,25.0,Malaysia,Asiatic Region
3407,fluid dynamics,journal,0.308,25.0,United States,Northern America
3408,avicenna journal of medical biotechnology,journal,0.308,25.0,Iran,Middle East
3409,interdisciplinary science reviews,journal,0.257,25.0,United Kingdom,Western Europe
3410,advances in mathematical physics,journal,0.275,25.0,United States,Northern America
3411,engineering journal,trade journal,0.254,25.0,United States,Northern America
3412,photonics,journal,0.558,25.0,Switzerland,Western Europe
3413,wit transactions on the built environment,journal,0.177,25.0,United Kingdom,Western Europe
3414,mechanical sciences,journal,0.319,25.0,Germany,Western Europe
3415,chemosensors,journal,0.526,25.0,Switzerland,Western Europe
3416,reviews in analytical chemistry,journal,0.532,25.0,Germany,Western Europe
3417,journal of modern transportation,journal,0.588,25.0,China,Asiatic Region
3418,russian physics journal,journal,0.28,25.0,United States,Northern America
3419,jbis journal of the british interplanetary society,journal,0.177,25.0,United Kingdom,Western Europe
3420,building acoustics,journal,0.34,25.0,United Kingdom,Western Europe
3421,cism international centre for mechanical sciences courses and lectures,book series,0.56,25.0,Switzerland,Western Europe
3422,leonardo,journal,0.168,25.0,United States,Northern America
3423,international journal on advanced science engineering and information technology,journal,0.251,25.0,Indonesia,Asiatic Region
3424,vlsi design,journal,0.108,25.0,United States,Northern America
3425,ejnmmi physics,journal,1.031,25.0,Switzerland,Western Europe
3426,heritage science,journal,0.634,25.0,United States,Northern America
3427,revue des sciences de l'eau,journal,0.159,25.0,Canada,Northern America
3428,kung cheng je wu li hsueh paojournal of engineering thermophysics,journal,0.148,25.0,China,Asiatic Region
3429,environmental justice,journal,0.445,25.0,United States,Northern America
3430,international journal of high speed electronics and systems,journal,0.143,25.0,Singapore,Asiatic Region
3431,science of sintering,journal,0.318,25.0,Serbia,Eastern Europe
3432,nano biomedicine and engineering,journal,0.323,25.0,United States,Northern America
3433,metal powder report,journal,0.339,25.0,United Kingdom,Western Europe
3434,keikinzokujournal of japan institute of light metals,journal,0.131,25.0,Japan,Asiatic Region
3435,multidiscipline modeling in materials and structures,journal,0.429,25.0,United Kingdom,Western Europe
3436,advanced biology,journal,0.855,25.0,United States,Northern America
3437,theoretical and applied mechanics letters,journal,0.451,25.0,Netherlands,Western Europe
3438,integrating materials and manufacturing innovation,journal,0.861,25.0,Switzerland,Western Europe
3439,tribology in industry,journal,0.347,25.0,Serbia,Eastern Europe
3440,materials science for energy technologies,journal,1.196,25.0,China,Asiatic Region
3441,main group metal chemistry,journal,0.313,25.0,Germany,Western Europe
3442,regional studies in marine science,journal,0.49,25.0,Netherlands,Western Europe
3443,procedia structural integrity,conference and proceedings,0.358,25.0,Netherlands,Western Europe
3444,journal of sustainable cementbased materials,journal,1.187,25.0,United Kingdom,Western Europe
3445,nature reviews earth and environment,journal,4.247,25.0,Switzerland,Western Europe
3446,transportation research interdisciplinary perspectives,journal,2.095,25.0,United Kingdom,Western Europe
3447,journal of water and climate change,journal,0.492,25.0,United Kingdom,Western Europe
3448,acs applied polymer materials,journal,0.902,25.0,United States,Northern America
3449,evolution medicine and public health,journal,1.166,25.0,United Kingdom,Western Europe
3450,ieee control systems letters,journal,1.671,25.0,United States,Northern America
3451,usda forest service general technical report rmrsgtr,journal,0.262,25.0,United States,Northern America
3452,visualization in engineering,journal,1.894,25.0,Germany,Western Europe
3453,journal of oil palm research,journal,0.412,25.0,Malaysia,Asiatic Region
3454,birth defects research,journal,0.737,25.0,United Kingdom,Western Europe
3455,technology knowledge and learning,journal,1.138,25.0,United States,Northern America
3456,tribology and lubrication technology,trade journal,0.195,25.0,United States,Northern America
3457,health policy and technology,journal,0.848,25.0,Netherlands,Western Europe
3458,chinese journal of ecology,journal,0.211,25.0,China,Asiatic Region
3459,physicochemical problems of mineral processing,journal,0.272,25.0,Poland,Eastern Europe
3460,heron,journal,0.254,25.0,Netherlands,Western Europe
3461,radiophysics and quantum electronics,journal,0.282,25.0,United States,Northern America
3462,journal of rail transport planning and management,journal,0.796,25.0,Netherlands,Western Europe
3463,die erde,journal,0.359,25.0,Germany,Western Europe
3464,materiale plastice,journal,0.212,25.0,Romania,Eastern Europe
3465,proceedings of the ieee international conference on properties and applications of dielectric materials,conference and proceedings,0.197,25.0,United States,Northern America
3466,journal of elementology,journal,0.231,25.0,Poland,Eastern Europe
3467,journal of bionanoscience,journal,0.166,25.0,United States,Northern America
3468,economics of energy and environmental policy,journal,0.739,25.0,United States,Northern America
3469,estonian journal of earth sciences,journal,0.289,25.0,Estonia,Eastern Europe
3470,journal of bio and tribocorrosion,journal,0.441,25.0,Switzerland,Western Europe
3471,electrical contacts proceedings of the annual holm conference on electrical contacts,conference and proceedings,0.273,25.0,United States,Northern America
3472,colloids and interface science communications,journal,0.736,25.0,Netherlands,Western Europe
3473,frontiers in biology,journal,0.201,25.0,China,Asiatic Region
3474,synthetic and systems biotechnology,journal,0.928,25.0,China,Asiatic Region
3475,wood material science and engineering,journal,0.507,25.0,United Kingdom,Western Europe
3476,education for chemical engineers,journal,0.49,24.0,Netherlands,Western Europe
3477,journal of information display,journal,0.631,24.0,United Kingdom,Western Europe
3478,archives of environmental protection,journal,0.402,24.0,Poland,Eastern Europe
3479,guangzi xuebaoacta photonica sinica,journal,0.2,24.0,China,Asiatic Region
3480,international journal of geotechnical engineering,journal,0.572,24.0,United Kingdom,Western Europe
3481,biodiversity data journal,journal,0.492,24.0,Bulgaria,Eastern Europe
3482,nanomaterials and nanotechnology,journal,0.46,24.0,United Kingdom,Western Europe
3483,international journal of micro air vehicles,journal,0.644,24.0,United Kingdom,Western Europe
3484,international journal of automotive technology and management,journal,0.411,24.0,United Kingdom,Western Europe
3485,ecological chemistry and engineering s,journal,0.359,24.0,Germany,Western Europe
3486,automatika,journal,0.404,24.0,United Kingdom,Western Europe
3487,worldwide hospitality and tourism themes,journal,0.393,24.0,United Kingdom,Western Europe
3488,international journal of energy sector management,journal,0.468,24.0,United Kingdom,Western Europe
3489,journal of water sanitation and hygiene for development,journal,0.377,24.0,United Kingdom,Western Europe
3490,journal of neutron research,journal,0.26,24.0,Netherlands,Western Europe
3491,zoological research,journal,0.755,24.0,China,Asiatic Region
3492,international journal of turbo and jet engines,journal,0.281,24.0,Germany,Western Europe
3493,upb scientific bulletin series a applied mathematics and physics,journal,0.39,24.0,Romania,Eastern Europe
3494,journal of superhard materials,journal,0.276,24.0,United States,Northern America
3495,polymer science series c,journal,0.235,24.0,United States,Northern America
3496,international journal of prognostics and health management,journal,0.53,24.0,United States,Northern America
3497,ejournal of surface science and nanotechnology,journal,0.223,24.0,Japan,Asiatic Region
3498,indian concrete journal,trade journal,0.219,24.0,India,Asiatic Region
3499,built environment project and asset management,journal,0.507,24.0,United Kingdom,Western Europe
3500,nanotechnologies in russia,journal,0.173,24.0,United States,Northern America
3501,journal of the mexican chemical society,journal,0.161,24.0,Mexico,Latin America
3502,metallurgical research and technology,journal,0.307,24.0,France,Western Europe
3503,chemie in unserer zeit,journal,0.17,24.0,Germany,Western Europe
3504,measurement and control,journal,0.405,24.0,United States,Northern America
3505,powder metallurgy and metal ceramics,journal,0.311,24.0,United States,Northern America
3506,acoustics australia,journal,0.394,24.0,Australia,Pacific Region
3507,synchrotron radiation news,journal,0.389,24.0,United Kingdom,Western Europe
3508,frontiers in sustainable food systems,journal,0.768,24.0,Switzerland,Western Europe
3509,open chemistry,journal,0.312,24.0,Germany,Western Europe
3510,ieee international symposium on semiconductor manufacturing conference proceedings,conference and proceedings,0.314,24.0,United States,Northern America
3511,reviews in inorganic chemistry,journal,0.264,24.0,Germany,Western Europe
3512,radiochemistry,journal,0.286,24.0,United States,Northern America
3513,high energy chemistry,journal,0.294,24.0,United States,Northern America
3514,heterocyclic communications,journal,0.3,24.0,Germany,Western Europe
3515,chinese optics,journal,0.308,24.0,China,Asiatic Region
3516,international journal for ion mobility spectrometry,journal,0.344,24.0,Germany,Western Europe
3517,journal of women and minorities in science and engineering,journal,0.375,24.0,United States,Northern America
3518,one earth,journal,1.829,24.0,United States,Northern America
3519,emerging contaminants,journal,1.227,24.0,China,Asiatic Region
3520,journal of applied and computational mechanics,journal,0.592,24.0,Iran,Middle East
3521,sports engineering,journal,0.441,24.0,United States,Northern America
3522,international journal of corrosion,journal,0.355,24.0,United States,Northern America
3523,rasayan journal of chemistry,journal,0.333,24.0,India,Asiatic Region
3524,geomechanics and geophysics for geoenergy and georesources,journal,0.74,24.0,Switzerland,Western Europe
3525,journal of traffic and transportation engineering,journal,0.305,24.0,China,Asiatic Region
3526,journal of green building,journal,0.27,24.0,United States,Northern America
3527,open biomedical engineering journal,journal,0.178,24.0,United Arab Emirates,Middle East
3528,flatchem,journal,1.057,24.0,Netherlands,Western Europe
3529,journal of engineering united states,journal,0.334,24.0,Egypt,Africa/Middle East
3530,multiphase science and technology,journal,0.188,24.0,United States,Northern America
3531,agrociencia,journal,0.187,24.0,Mexico,Latin America
3532,international journal of aerospace engineering,journal,0.373,24.0,United States,Northern America
3533,international journal of microwave and wireless technologies,journal,0.321,24.0,United Kingdom,Western Europe
3534,beijing hangkong hangtian daxue xuebaojournal of beijing university of aeronautics and astronautics,journal,0.212,24.0,China,Asiatic Region
3535,advances in geoenergy research,journal,1.461,24.0,Hong Kong,Asiatic Region
3536,zhongguo jixie gongchengchina mechanical engineering,journal,0.238,24.0,China,Asiatic Region
3537,sae international journal of commercial vehicles,journal,0.306,24.0,United States,Northern America
3538,high voltage,journal,1.157,24.0,United Kingdom,Western Europe
3539,binggong xuebaoacta armamentarii,journal,0.241,24.0,China,Asiatic Region
3540,pollution research,journal,,24.0,India,Asiatic Region
3541,international journal of electrical engineering and education,journal,0.302,24.0,United Kingdom,Western Europe
3542,drones,journal,0.995,24.0,Switzerland,Western Europe
3543,footwear science,journal,0.295,24.0,United Kingdom,Western Europe
3544,international journal of vehicle autonomous systems,journal,0.255,24.0,United Kingdom,Western Europe
3545,magnetohydrodynamics,journal,0.258,24.0,Latvia,Eastern Europe
3546,ieee power electronics magazine,trade journal,0.848,24.0,United States,Northern America
3547,international review of mechanical engineering,journal,0.258,24.0,Italy,Western Europe
3548,forschung im ingenieurwesenengineering research,journal,0.258,24.0,Germany,Western Europe
3549,zhendong gongcheng xuebaojournal of vibration engineering,journal,0.259,24.0,China,Asiatic Region
3550,international journal of machining and machinability of materials,journal,0.273,24.0,United Kingdom,Western Europe
3551,materials today nano,journal,2.691,24.0,United Kingdom,Western Europe
3552,carbon energy,journal,4.527,24.0,United States,Northern America
3553,journal of mechanics,journal,0.284,24.0,United Kingdom,Western Europe
3554,russian electrical engineering,journal,0.343,24.0,United States,Northern America
3555,advanced composites and hybrid materials,journal,1.105,24.0,Germany,Western Europe
3556,international journal of information and management sciences,journal,0.163,24.0,Taiwan,Asiatic Region
3557,renewable energy and power quality journal,journal,0.148,24.0,Spain,Western Europe
3558,npj microgravity,journal,0.648,24.0,United Kingdom,Western Europe
3559,nukleonika,journal,0.319,24.0,Poland,Eastern Europe
3560,carpathian journal of earth and environmental sciences,journal,0.316,24.0,Romania,Eastern Europe
3561,wit transactions on ecology and the environment,journal,0.173,24.0,United Kingdom,Western Europe
3562,burns and trauma,journal,0.777,24.0,United Kingdom,Western Europe
3563,international journal of agricultural resources governance and ecology,journal,0.176,24.0,United Kingdom,Western Europe
3564,iranian journal of science and technology transaction a science,journal,0.359,24.0,Switzerland,Western Europe
3565,international journal of services technology and management,journal,0.12,24.0,United Kingdom,Western Europe
3566,architectural design,journal,0.145,24.0,United States,Northern America
3567,proceedings of the institution of civil engineers maritime engineering,journal,0.667,24.0,United Kingdom,Western Europe
3568,frontiers in built environment,journal,0.544,24.0,Switzerland,Western Europe
3569,guangdianzi jiguangjournal of optoelectronics laser,journal,0.154,24.0,China,Asiatic Region
3570,international journal of power electronics and drive systems,journal,0.346,24.0,Indonesia,Asiatic Region
3571,life sciences in space research,journal,0.394,23.0,Netherlands,Western Europe
3572,nature conservation,journal,0.583,23.0,Bulgaria,Eastern Europe
3573,spectroscopy europe,journal,0.126,23.0,United States,Northern America
3574,slas discovery,journal,0.918,23.0,United States,Northern America
3575,environmental science and engineering,book series,0.133,23.0,Germany,Western Europe
3576,proceedings of the european conference on synthetic aperture radar eusar,conference and proceedings,0.258,23.0,United States,Northern America
3577,journal of integrative environmental sciences,journal,0.6,23.0,United Kingdom,Western Europe
3578,eas publications series,book series,0.181,23.0,France,Western Europe
3579,international sampe technical conference,conference and proceedings,0.184,23.0,United States,Northern America
3580,strength of materials,journal,0.25,23.0,United States,Northern America
3581,journal of regional analysis and policy,journal,0.229,23.0,United States,Northern America
3582,fuel cells bulletin,journal,0.294,23.0,Netherlands,Western Europe
3583,international journal of innovation and sustainable development,journal,0.281,23.0,United Kingdom,Western Europe
3584,revue roumaine de chimie,journal,0.171,23.0,Romania,Eastern Europe
3585,loisir et societe,journal,0.153,23.0,United Kingdom,Western Europe
3586,proceedings of institution of civil engineers energy,journal,0.278,23.0,United Kingdom,Western Europe
3587,water resources,journal,0.311,23.0,United States,Northern America
3588,open construction and building technology journal,journal,0.378,23.0,United Arab Emirates,Middle East
3589,international journal of disaster resilience in the built environment,journal,0.34,23.0,United Kingdom,Western Europe
3590,indonesian journal of electrical engineering and computer science,journal,0.276,23.0,Indonesia,Asiatic Region
3591,ceramica,journal,0.272,23.0,Brazil,Latin America
3592,baltic journal of road and bridge engineering,journal,0.281,23.0,Lithuania,Eastern Europe
3593,international review on modelling and simulations,journal,0.283,23.0,Italy,Western Europe
3594,kang t'iehiron and steel peking,journal,0.264,23.0,China,Asiatic Region
3595,hanneng cailiaochinese journal of energetic materials,journal,0.257,23.0,China,Asiatic Region
3596,international journal of ecology,journal,0.493,23.0,United States,Northern America
3597,proceedings of the institution of civil engineers municipal engineer,journal,0.276,23.0,United Kingdom,Western Europe
3598,tuijin jishujournal of propulsion technology,journal,0.293,23.0,China,Asiatic Region
3599,applied geomatics,journal,0.538,23.0,Germany,Western Europe
3600,global journal of environmental science and management,journal,0.567,23.0,Iran,Middle East
3601,molecular and cellular toxicology,journal,0.316,23.0,Germany,Western Europe
3602,international journal of environmental technology and management,journal,0.214,23.0,United Kingdom,Western Europe
3603,membrane technology,journal,0.211,23.0,Netherlands,Western Europe
3604,kovove materialy,journal,0.208,23.0,Slovakia,Eastern Europe
3605,biomedical engineering applications basis and communications,journal,0.241,23.0,Singapore,Asiatic Region
3606,polish journal of chemical technology,journal,0.221,23.0,Poland,Eastern Europe
3607,ergonomics in design,journal,0.336,23.0,United States,Northern America
3608,journal of ocean engineering and marine energy,journal,0.625,23.0,Switzerland,Western Europe
3609,proceedings of the institution of civil engineers civil engineering,journal,0.323,23.0,United Kingdom,Western Europe
3610,wildfowl,journal,0.258,23.0,United Kingdom,Western Europe
3611,new solutions,journal,0.416,23.0,United States,Northern America
3612,energy ecology and environment,journal,0.424,23.0,United States,Northern America
3613,journal of engineering physics and thermophysics,journal,0.331,23.0,Germany,Western Europe
3614,dongnan daxue xuebao ziran kexue banjournal of southeast university natural science edition,journal,0.192,23.0,China,Asiatic Region
3615,international journal of transportation science and technology,journal,1.008,23.0,Netherlands,Western Europe
3616,archives of control sciences,journal,0.356,23.0,Poland,Eastern Europe
3617,neobiota,journal,1.004,23.0,Bulgaria,Eastern Europe
3618,journal of sustainable mining,journal,0.829,23.0,Poland,Eastern Europe
3619,environmental technology reviews,journal,0.793,23.0,United Kingdom,Western Europe
3620,logistics research,journal,0.433,23.0,Germany,Western Europe
3621,sae international journal of materials and manufacturing,journal,0.188,23.0,United States,Northern America
3622,russian engineering research,journal,0.434,23.0,United States,Northern America
3623,journal of chemical health and safety,journal,0.366,23.0,United States,Northern America
3624,international journal of emerging electric power systems,journal,0.26,23.0,Germany,Western Europe
3625,journal of engineering thermophysics,journal,0.402,23.0,United States,Northern America
3626,iranian journal of catalysis,journal,0.264,23.0,Iran,Middle East
3627,journal of medical signals and sensors,journal,0.24,23.0,India,Asiatic Region
3628,journal of energy in southern africa,trade journal,0.262,23.0,South Africa,Africa
3629,active and passive electronic components,journal,0.138,23.0,United States,Northern America
3630,journal of technology education,journal,0.121,23.0,United States,Northern America
3631,international journal of global environmental issues,journal,0.272,23.0,United Kingdom,Western Europe
3632,journal of asian architecture and building engineering,journal,0.234,23.0,Japan,Asiatic Region
3633,modelling and simulation in engineering,journal,0.307,23.0,United States,Northern America
3634,journal of applied geodesy,journal,0.357,23.0,Germany,Western Europe
3635,lean construction journal,journal,0.231,23.0,United States,Northern America
3636,thermophysics and aeromechanics,journal,0.459,23.0,Russian Federation,Eastern Europe
3637,beijing ligong daxue xuebaotransaction of beijing institute of technology,journal,0.228,23.0,China,Asiatic Region
3638,international journal of heavy vehicle systems,journal,0.228,23.0,United Kingdom,Western Europe
3639,circuit world,journal,0.226,23.0,United Kingdom,Western Europe
3640,mechanisms and machine science,book series,0.225,23.0,Netherlands,Western Europe
3641,polish maritime research,journal,0.465,23.0,Poland,Eastern Europe
3642,international journal of rail transportation,journal,0.777,23.0,United Kingdom,Western Europe
3643,indian journal of radio and space physics,journal,0.102,23.0,India,Asiatic Region
3644,high temperature materials and processes,journal,0.297,23.0,Germany,Western Europe
3645,xinan jiaotong daxue xuebaojournal of southwest jiaotong university,journal,0.28,23.0,China,Asiatic Region
3646,proceedings of institution of civil engineers construction materials,journal,0.426,23.0,United Kingdom,Western Europe
3647,fizika nizkikh temperatur,journal,0.189,23.0,Ukraine,Eastern Europe
3648,radiological physics and technology,journal,0.346,23.0,Japan,Asiatic Region
3649,engineering studies,journal,0.613,23.0,United Kingdom,Western Europe
3650,journal of analytical science and technology,journal,0.428,23.0,United Kingdom,Western Europe
3651,international journal of aeroacoustics,journal,0.664,23.0,United Kingdom,Western Europe
3652,metallurgist,journal,0.497,23.0,United States,Northern America
3653,international journal of metalcasting,journal,0.479,23.0,United States,Northern America
3654,proceedings of the international astronomical union,book series,0.112,23.0,United Kingdom,Western Europe
3655,journal of functional biomaterials,journal,0.875,23.0,Switzerland,Western Europe
3656,science technology and society,journal,0.38,23.0,India,Asiatic Region
3657,high power laser science and engineering,journal,1.061,23.0,United Kingdom,Western Europe
3658,npj materials degradation,journal,1.054,23.0,United Kingdom,Western Europe
3659,journal of the australian ceramic society,journal,0.295,23.0,Switzerland,Western Europe
3660,materialia,journal,0.915,23.0,Netherlands,Western Europe
3661,acs applied electronic materials,journal,0.932,23.0,United States,Northern America
3662,aerospace,journal,0.562,23.0,Switzerland,Western Europe
3663,frontiers of optoelectronics,journal,0.752,23.0,China,Asiatic Region
3664,usda forest service general technical report pnw,journal,0.114,23.0,United States,Northern America
3665,bioprinting,journal,0.926,23.0,Netherlands,Western Europe
3666,production and manufacturing research,journal,0.755,23.0,United Kingdom,Western Europe
3667,journal of renewable materials,journal,0.384,23.0,United States,Northern America
3668,yosetsu gakkai ronbunshuquarterly journal of the japan welding society,journal,0.281,23.0,Japan,Asiatic Region
3669,ieee solidstate circuits magazine,trade journal,0.871,23.0,United States,Northern America
3670,shanghai jiaotong daxue xuebaojournal of shanghai jiaotong university,journal,0.174,23.0,China,Asiatic Region
3671,shape memory and superelasticity,journal,0.725,23.0,United States,Northern America
3672,optoelectronic advances,journal,2.2,23.0,China,Asiatic Region
3673,carbon letters,journal,0.409,23.0,Singapore,Asiatic Region
3674,journal of composites science,journal,0.528,23.0,Switzerland,Western Europe
3675,journal of friction and wear,journal,0.461,22.0,United States,Northern America
3676,advances in radio science,journal,0.393,22.0,Germany,Western Europe
3677,geothermal energy,journal,0.879,22.0,United States,Northern America
3678,south african journal of chemical engineering,journal,0.76,22.0,Netherlands,Western Europe
3679,journal of control automation and electrical systems,journal,0.375,22.0,United States,Northern America
3680,boletin de la asociacion de geografos espanoles,journal,0.348,22.0,Spain,Western Europe
3681,journal of the korean ceramic society,journal,0.451,22.0,South Korea,Asiatic Region
3682,transactions on electrical and electronic materials,journal,0.276,22.0,South Korea,Asiatic Region
3683,huozhayao xuebaochinese journal of explosives and propellants,journal,0.325,22.0,China,Asiatic Region
3684,international journal of ventilation,journal,0.39,22.0,United Kingdom,Western Europe
3685,thermal engineering english translation of teploenergetika,journal,0.382,22.0,United States,Northern America
3686,environmental health insights,journal,0.374,22.0,United States,Northern America
3687,xinan shiyou xueyuan xuebaojournal of southwestern petroleum institute,journal,0.336,22.0,China,Asiatic Region
3688,journal of fish and wildlife management,journal,0.37,22.0,United States,Northern America
3689,colourage,trade journal,0.1,22.0,India,Asiatic Region
3690,advanced composites letters,journal,0.273,22.0,United Kingdom,Western Europe
3691,intelligent buildings international,journal,0.394,22.0,United Kingdom,Western Europe
3692,frontiers in heat and mass transfer,journal,0.439,22.0,United States,Northern America
3693,life science alliance,journal,2.318,22.0,United States,Northern America
3694,ieej journal of industry applications,journal,0.589,22.0,Japan,Asiatic Region
3695,npj clean water,journal,2.036,22.0,United States,Northern America
3696,yaogan xuebaojournal of remote sensing,journal,0.281,22.0,China,Asiatic Region
3697,handbook of environmental economics,book series,1.106,22.0,Netherlands,Western Europe
3698,advances in fuzzy systems,journal,0.436,22.0,United States,Northern America
3699,ekoloji,journal,0.149,22.0,Turkey,Middle East
3700,international journal of construction education and research,journal,0.434,22.0,United Kingdom,Western Europe
3701,neutron news,journal,0.219,22.0,China,Asiatic Region
3702,wood research,journal,0.413,22.0,Slovakia,Eastern Europe
3703,measurement techniques,journal,0.207,22.0,United States,Northern America
3704,asian economic policy review,journal,0.667,22.0,Australia,Pacific Region
3705,fennia,journal,0.6,22.0,Finland,Western Europe
3706,systematic and applied acarology,journal,0.526,22.0,Australia,Pacific Region
3707,cuadernos de investigacion geografica,journal,0.491,22.0,Spain,Western Europe
3708,periodica polytechnica civil engineering,journal,0.409,22.0,Hungary,Eastern Europe
3709,bioinvasions records,journal,0.467,22.0,Finland,Western Europe
3710,astronomy and geophysics,journal,0.124,22.0,United Kingdom,Western Europe
3711,wmu journal of maritime affairs,journal,0.449,22.0,Germany,Western Europe
3712,geographica helvetica,journal,0.323,22.0,Germany,Western Europe
3713,ccs chemistry,journal,2.55,22.0,China,Asiatic Region
3714,systems,journal,0.621,22.0,Switzerland,Western Europe
3715,proceedings of the iadcspe asia pacific drilling technology conference and exhibition,conference and proceedings,0.176,22.0,United States,Northern America
3716,wind energy science,journal,0.909,22.0,Germany,Western Europe
3717,proceedings of the national academy of sciences india section b biological sciences,journal,0.282,22.0,India,Asiatic Region
3718,applied environmental education and communication,journal,0.322,22.0,United States,Northern America
3719,matter and radiation at extremes,journal,1.239,22.0,United States,Northern America
3720,international journal of global warming,journal,0.252,22.0,Switzerland,Western Europe
3721,oecologia australis,journal,0.25,22.0,Brazil,Latin America
3722,batteries and supercaps,journal,1.48,22.0,Germany,Western Europe
3723,agricultural engineering international cigr journal,journal,0.209,22.0,Japan,Asiatic Region
3724,ieej transactions on fundamentals and materials,journal,0.219,22.0,Japan,Asiatic Region
3725,cosmic research,journal,0.222,22.0,United States,Northern America
3726,journal of aerospace technology and management,journal,0.224,22.0,Brazil,Latin America
3727,progress in industrial ecology,journal,0.196,22.0,United Kingdom,Western Europe
3728,telkomnika telecommunication computing electronics and control,journal,0.314,22.0,Indonesia,Asiatic Region
3729,proceedings of the academy of natural sciences of philadelphia,journal,0.24,22.0,United States,Northern America
3730,early science and medicine,journal,0.205,22.0,Netherlands,Western Europe
3731,international journal of multimedia information retrieval,journal,1.174,22.0,United Kingdom,Western Europe
3732,periodica polytechnica chemical engineering,journal,0.379,22.0,Hungary,Eastern Europe
3733,information display,journal,0.241,22.0,United States,Northern America
3734,geomechanics for energy and the environment,journal,1.033,22.0,Netherlands,Western Europe
3735,communications scientific letters of the university of zilina,journal,0.244,22.0,Slovakia,Eastern Europe
3736,journal of chemical technology and metallurgy,journal,0.253,22.0,Bulgaria,Eastern Europe
3737,mechanics of solids,journal,0.263,22.0,United States,Northern America
3738,plasma medicine,journal,0.264,22.0,United States,Northern America
3739,promet traffic traffico,journal,0.27,22.0,Croatia,Eastern Europe
3740,naukovyi visnyk natsionalnoho hirnychoho universytetu,journal,0.273,22.0,Ukraine,Eastern Europe
3741,international journal of agile systems and management,journal,0.273,22.0,Switzerland,Western Europe
3742,icic express letters,journal,0.284,22.0,Japan,Asiatic Region
3743,shuili fadian xuebaojournal of hydroelectric engineering,journal,0.253,22.0,China,Asiatic Region
3744,national academy science letters,journal,0.199,22.0,India,Asiatic Region
3745,international journal for quality research,journal,0.326,22.0,Serbia,Eastern Europe
3746,advances in engineering education,journal,0.195,22.0,United States,Northern America
3747,journal of ecological engineering,journal,0.316,22.0,Poland,Eastern Europe
3748,grundwasser,journal,0.312,22.0,Germany,Western Europe
3749,international journal of fruit science,journal,0.292,22.0,United States,Northern America
3750,ekologia bratislava,journal,0.289,22.0,Slovakia,Eastern Europe
3751,sea technology,trade journal,0.112,22.0,United States,Northern America
3752,health and technology,journal,0.36,22.0,Germany,Western Europe
3753,advances in optoelectronics,journal,0.119,22.0,United States,Northern America
3754,dianji yu kongzhi xuebaoelectric machines and control,journal,0.358,22.0,China,Asiatic Region
3755,sei technical review,journal,0.123,22.0,Japan,Asiatic Region
3756,international journal of continuing engineering education and lifelong learning,journal,0.142,22.0,United Kingdom,Western Europe
3757,fujitsu scientific and technical journal,journal,0.145,22.0,Japan,Asiatic Region
3758,flexible and printed electronics,journal,0.855,22.0,United States,Northern America
3759,lecture notes in networks and systems,book series,0.151,22.0,Switzerland,Western Europe
3760,ingegneria sismica,journal,0.67,22.0,Italy,Western Europe
3761,plankton and benthos research,journal,0.273,22.0,Japan,Asiatic Region
3762,construction economics and building,journal,0.342,22.0,Australia,Pacific Region
3763,npj regenerative medicine,journal,2.413,22.0,United States,Northern America
3764,environmental protection engineering,journal,0.185,22.0,Poland,Eastern Europe
3765,ieee international conference on microelectronic test structures,conference and proceedings,0.177,22.0,United States,Northern America
3766,ieee communications standards magazine,journal,2.063,22.0,United States,Northern America
3767,adhoc and sensor wireless networks,journal,0.186,22.0,United States,Northern America
3768,advances in nano research,journal,1.079,22.0,South Korea,Asiatic Region
3769,geotechnical engineering,journal,0.193,22.0,Thailand,Asiatic Region
3770,journal of computer and systems sciences international,journal,0.449,22.0,United States,Northern America
3771,european transport trasporti europei,journal,0.28,22.0,Italy,Western Europe
3772,journal of astronomical instrumentation,journal,0.707,22.0,Singapore,Asiatic Region
3773,journal of physical science,journal,0.265,22.0,Malaysia,Asiatic Region
3774,frontiers in astronomy and space sciences,journal,0.947,22.0,Switzerland,Western Europe
3775,journal of surface investigation,journal,0.206,22.0,United States,Northern America
3776,russian journal of physical chemistry b,journal,0.283,22.0,United States,Northern America
3777,microelectronics international,journal,0.183,22.0,United Kingdom,Western Europe
3778,funtai oyobi fummatsu yakinjournal of the japan society of powder and powder metallurgy,journal,0.174,22.0,Japan,Asiatic Region
3779,journal of sensors and sensor systems,journal,0.453,22.0,Germany,Western Europe
3780,galaxies,journal,0.642,22.0,Switzerland,Western Europe
3781,archives of materials science and engineering,journal,0.253,22.0,Poland,Eastern Europe
3782,journal of mining and metallurgy section b metallurgy,journal,0.288,22.0,Serbia,Eastern Europe
3783,south african journal of chemistry,journal,0.256,22.0,South Africa,Africa
3784,upb scientific bulletin series b chemistry and materials science,journal,0.164,22.0,Romania,Eastern Europe
3785,journal of unmanned vehicle systems,journal,0.56,22.0,Canada,Northern America
3786,frattura ed integrita strutturale,journal,0.486,22.0,Italy,Western Europe
3787,hemijska industrija,journal,0.161,22.0,Serbia,Eastern Europe
3788,doklady physical chemistry,journal,0.23,22.0,United States,Northern America
3789,jiegou huaxue,journal,0.189,22.0,China,Asiatic Region
3790,advances in bioinformatics,journal,0.519,22.0,Egypt,Africa/Middle East
3791,oxidation communications,journal,0.216,22.0,Bulgaria,Eastern Europe
3792,machines,journal,0.523,22.0,Switzerland,Western Europe
3793,journal of ceramic science and technology,journal,0.239,22.0,Germany,Western Europe
3794,european physical journal h,journal,0.309,22.0,Germany,Western Europe
3795,international journal of optomechatronics,journal,0.533,22.0,United States,Northern America
3796,journal of architectural education,journal,0.106,21.0,United Kingdom,Western Europe
3797,international journal of product lifecycle management,journal,0.363,21.0,United Kingdom,Western Europe
3798,research of environmental sciences,journal,0.242,21.0,China,Asiatic Region
3799,polymer science series b,journal,0.221,21.0,United States,Northern America
3800,gyroscopy and navigation,journal,0.368,21.0,United States,Northern America
3801,problemy ekorozwoju,journal,0.242,21.0,Poland,Eastern Europe
3802,jilin daxue xuebao gongxuebanjournal of jilin university engineering and technology edition,journal,0.224,21.0,China,Asiatic Region
3803,world electric vehicle journal,journal,0.498,21.0,Switzerland,Western Europe
3804,glass and ceramics english translation of steklo i keramika,journal,0.222,21.0,United States,Northern America
3805,chemical and process engineering inzynieria chemiczna i procesowa,journal,0.159,21.0,Poland,Eastern Europe
3806,drinking water engineering and science,journal,0.342,21.0,Germany,Western Europe
3807,revista internacional de contaminacion ambiental,journal,0.168,21.0,Mexico,Latin America
3808,advanced optical technologies,journal,0.298,21.0,Germany,Western Europe
3809,international journal of geomate,journal,0.36,21.0,Japan,Asiatic Region
3810,international journal of fluid mechanics research,journal,0.267,21.0,United States,Northern America
3811,chinese journal of chromatography se pu,journal,0.156,21.0,China,Asiatic Region
3812,journal of defense modeling and simulation,journal,0.203,21.0,United States,Northern America
3813,facta universitatis series mechanical engineering,journal,0.529,21.0,Serbia,Eastern Europe
3814,iise transactions on healthcare systems engineering,journal,0.392,21.0,United States,Northern America
3815,environmental geotechnics,journal,0.436,21.0,United Kingdom,Western Europe
3816,unmanned systems,journal,0.738,21.0,Singapore,Asiatic Region
3817,cahiers agricultures,journal,0.428,21.0,France,Western Europe
3818,solvent extraction research and development,journal,0.209,21.0,Japan,Asiatic Region
3819,doklady chemistry,journal,0.197,21.0,United States,Northern America
3820,ambiente e sociedade,journal,0.233,21.0,Brazil,Latin America
3821,journal of applied biological chemistry,journal,0.187,21.0,South Korea,Asiatic Region
3822,international journal of structural integrity,journal,0.38,21.0,United Kingdom,Western Europe
3823,engineering in agriculture environment and food,journal,0.39,21.0,Japan,Asiatic Region
3824,ecletica quimica,journal,0.18,21.0,Brazil,Latin America
3825,international journal of geosynthetics and ground engineering,journal,0.503,21.0,United States,Northern America
3826,journal of the korean chemical society,journal,0.177,21.0,South Korea,Asiatic Region
3827,tianjin daxue xuebao ziran kexue yu gongcheng jishu banjournal of tianjin university science and technology,journal,0.217,21.0,China,Asiatic Region
3828,international journal of reliability and safety,journal,0.27,21.0,United Kingdom,Western Europe
3829,journal of the national science foundation of sri lanka,journal,0.195,21.0,Sri Lanka,Asiatic Region
3830,cailiao rechuli xuebaotransactions of materials and heat treatment,journal,0.166,21.0,China,Asiatic Region
3831,electronic journal of structural engineering,journal,0.202,21.0,Australia,Pacific Region
3832,journal of nanofluids,journal,0.329,21.0,United States,Northern America
3833,journal of the lepidopterists' society,journal,0.264,21.0,United States,Northern America
3834,advances in production engineering and management,journal,0.684,21.0,Slovenia,Eastern Europe
3835,wseas transactions on environment and development,journal,0.186,21.0,Greece,Western Europe
3836,lecture notes in mechanical engineering,book series,0.19,21.0,Germany,Western Europe
3837,optical memory and neural networks information optics,journal,0.219,21.0,United States,Northern America
3838,ieee transactions on multiscale computing systems,journal,0.554,21.0,United States,Northern America
3839,south african journal of plant and soil,journal,0.251,21.0,United Kingdom,Western Europe
3840,proceedings of the institution of mechanical engineers part p journal of sports engineering and technology,journal,0.251,21.0,United Kingdom,Western Europe
3841,sae international journal of electrified vehicles,journal,0.329,21.0,United States,Northern America
3842,journal europeen des systemes automatises,journal,0.198,21.0,France,Western Europe
3843,paiguan jixie gongcheng xuebaojournal of drainage and irrigation machinery engineering,journal,0.302,21.0,China,Asiatic Region
3844,fibre chemistry,journal,0.209,21.0,United States,Northern America
3845,hanjie xuebaotransactions of the china welding institution,journal,0.199,21.0,China,Asiatic Region
3846,sensing and imaging,journal,0.303,21.0,Germany,Western Europe
3847,journal of robotics and mechatronics,journal,0.3,21.0,Japan,Asiatic Region
3848,international journal of acoustics and vibrations,journal,0.251,21.0,United States,Northern America
3849,proceedings of the estonian academy of sciences,journal,0.255,21.0,Estonia,Eastern Europe
3850,international journal of manufacturing technology and management,journal,0.149,21.0,United Kingdom,Western Europe
3851,ericsson review english edition,trade journal,0.127,21.0,Sweden,Western Europe
3852,journal of control science and engineering,journal,0.296,21.0,United States,Northern America
3853,transactions of the canadian society for mechanical engineering,journal,0.242,21.0,Canada,Northern America
3854,dianbo kexue xuebaochinese journal of radio science,journal,0.143,21.0,China,Asiatic Region
3855,proceedings of the institution of civil engineers bridge engineering,journal,0.219,21.0,United Kingdom,Western Europe
3856,journal of agricultural engineering,journal,0.296,21.0,Italy,Western Europe
3857,chiang mai journal of science,journal,0.177,21.0,Thailand,Asiatic Region
3858,international journal of manufacturing research,journal,0.166,21.0,United Kingdom,Western Europe
3859,international journal of technology and globalisation,journal,0.109,21.0,United Kingdom,Western Europe
3860,dongbei daxue xuebaojournal of northeastern university,journal,0.156,21.0,China,Asiatic Region
3861,journal of environmental protection and ecology,journal,0.182,21.0,Bulgaria,Eastern Europe
3862,international journal of technology policy and management,journal,0.157,21.0,United Kingdom,Western Europe
3863,hangkong cailiao xuebaojournal of aeronautical materials,journal,0.179,21.0,China,Asiatic Region
3864,epj quantum technology,journal,1.466,21.0,Germany,Western Europe
3865,guangdian gongchengoptoelectronic engineering,journal,0.252,21.0,China,Asiatic Region
3866,international journal of analytical chemistry,journal,0.305,21.0,Egypt,Africa/Middle East
3867,journal of manufacturing and materials processing,journal,0.788,21.0,Switzerland,Western Europe
3868,analytical and bioanalytical electrochemistry,journal,0.229,21.0,Iran,Middle East
3869,earth systems and environment,journal,1.248,21.0,Switzerland,Western Europe
3870,canadian acoustics acoustique canadienne,journal,0.156,21.0,Canada,Northern America
3871,transnational environmental law,journal,0.781,21.0,United Kingdom,Western Europe
3872,glass technology european journal of glass science and technology part a,journal,0.111,21.0,United Kingdom,Western Europe
3873,karbala international journal of modern science,journal,0.418,21.0,Iraq,Middle East
3874,acta geodaetica et geophysica,journal,0.444,21.0,Netherlands,Western Europe
3875,review of european comparative and international environmental law,journal,0.499,21.0,United Kingdom,Western Europe
3876,webbia,journal,0.21,21.0,Italy,Western Europe
3877,australian journal of environmental education,journal,0.503,21.0,United Kingdom,Western Europe
3878,energychem,journal,7.488,21.0,Netherlands,Western Europe
3879,international journal of geophysics,journal,0.515,21.0,Egypt,Africa/Middle East
3880,neuroquantology,journal,0.285,21.0,Turkey,Middle East
3881,international journal of aeronautical and space sciences,journal,0.39,21.0,South Korea,Asiatic Region
3882,journal of tourism futures,journal,0.811,21.0,United Kingdom,Western Europe
3883,proceedings of the indian national science academy,journal,0.175,21.0,India,Asiatic Region
3884,environmental sociology,journal,1.01,21.0,United Kingdom,Western Europe
3885,cholesterol,journal,0.556,21.0,United States,Northern America
3886,journal of water reuse and desalination,journal,0.559,21.0,United Kingdom,Western Europe
3887,metallography microstructure and analysis,journal,0.377,21.0,United States,Northern America
3888,ceas aeronautical journal,journal,0.441,21.0,United States,Northern America
3889,cim magazine,trade journal,0.102,21.0,Canada,Northern America
3890,international journal of biomedical engineering and technology,journal,0.285,21.0,United Kingdom,Western Europe
3891,proceedings of the royal society of victoria,journal,0.142,21.0,Australia,Pacific Region
3892,hydrology,journal,0.569,21.0,Switzerland,Western Europe
3893,water resources and economics,journal,0.669,21.0,Netherlands,Western Europe
3894,polymer science series d,journal,0.334,21.0,United States,Northern America
3895,science and engineering of composite materials,journal,0.341,21.0,Germany,Western Europe
3896,bulletin of the russian academy of sciences physics,journal,0.238,21.0,United States,Northern America
3897,physics of particles and nuclei letters,journal,0.244,21.0,United States,Northern America
3898,environmental epigenetics,journal,1.07,21.0,United States,Northern America
3899,geosystem engineering,journal,0.275,20.0,United Kingdom,Western Europe
3900,revista de metalurgia,journal,0.209,20.0,Spain,Western Europe
3901,journal of nano and electronic physics,journal,0.178,20.0,Ukraine,Eastern Europe
3902,ceramic transactions,book series,0.133,20.0,United States,Northern America
3903,journal of bioresources and bioproducts,journal,2.466,20.0,Canada,Northern America
3904,national identities,journal,0.291,20.0,United Kingdom,Western Europe
3905,nanotheranostics,journal,0.826,20.0,Australia,Pacific Region
3906,dyna colombia,journal,0.196,20.0,Colombia,Latin America
3907,journal of design research,journal,0.242,20.0,United Kingdom,Western Europe
3908,russian journal of nondestructive testing,journal,0.282,20.0,United States,Northern America
3909,huanan ligong daxue xuebaojournal of south china university of technology natural science,journal,0.175,20.0,China,Asiatic Region
3910,revista mexicana de ingeniera quimica,journal,0.3,20.0,Mexico,Latin America
3911,informes de la construccion,journal,0.181,20.0,Spain,Western Europe
3912,journal of international wildlife law and policy,journal,0.203,20.0,United Kingdom,Western Europe
3913,tm technisches messen,journal,0.329,20.0,Germany,Western Europe
3914,bunseki kagaku,journal,0.115,20.0,Japan,Asiatic Region
3915,journal of fiber science and technology,journal,0.13,20.0,Japan,Asiatic Region
3916,proceedings of the national academy of sciences india section a physical sciences,journal,0.182,20.0,India,Asiatic Region
3917,international journal of electronics and telecommunications,journal,0.218,20.0,Poland,Eastern Europe
3918,advances in biomembranes and lipid selfassembly,book series,0.224,20.0,Netherlands,Western Europe
3919,international journal of environment and waste management,journal,0.255,20.0,United Kingdom,Western Europe
3920,economic affairs,journal,0.254,20.0,United Kingdom,Western Europe
3921,journal of technology management and applied engineering,journal,0.102,20.0,United States,Northern America
3922,progress in additive manufacturing,journal,1.018,20.0,Germany,Western Europe
3923,proceedings of science,conference and proceedings,0.116,20.0,Italy,Western Europe
3924,duke environmental law and policy forum,journal,0.204,20.0,United States,Northern America
3925,rilem bookseries,book series,0.278,20.0,United States,Northern America
3926,marine biodiversity records,journal,0.633,20.0,United States,Northern America
3927,periodica polytechnica mechanical engineering,journal,0.326,20.0,Hungary,Eastern Europe
3928,technology review,journal,0.124,20.0,United States,Northern America
3929,advances in electrical and electronic engineering,journal,0.202,20.0,Czech Republic,Eastern Europe
3930,aims materials science,journal,0.422,20.0,United States,Northern America
3931,wuhan university journal of natural sciences,journal,0.173,20.0,China,Asiatic Region
3932,international journal of mechanics,journal,0.17,20.0,United States,Northern America
3933,journal of semiconductor technology and science,journal,0.166,20.0,South Korea,Asiatic Region
3934,astrophysical bulletin,journal,0.31,20.0,United States,Northern America
3935,ferroelectrics letters section,journal,0.183,20.0,United Kingdom,Western Europe
3936,kongqi donglixue xuebaoacta aerodynamica sinica,journal,0.243,20.0,China,Asiatic Region
3937,china foundry,journal,0.369,20.0,Singapore,Asiatic Region
3938,doklady biochemistry and biophysics,journal,0.224,20.0,United States,Northern America
3939,geoenvironmental disasters,journal,0.731,20.0,United Kingdom,Western Europe
3940,theoretical and experimental chemistry,journal,0.258,20.0,United States,Northern America
3941,automatic control and computer sciences,journal,0.32,20.0,United States,Northern America
3942,journal of hydrology new zealand,journal,0.12,20.0,New Zealand,Pacific Region
3943,international journal of automation technology,journal,0.28,20.0,Japan,Asiatic Region
3944,journal of advanced mechanical design systems and manufacturing,journal,0.259,20.0,Japan,Asiatic Region
3945,jisuan lixue xuebaochinese journal of computational mechanics,journal,0.19,20.0,China,Asiatic Region
3946,smpte motion imaging journal,journal,0.272,20.0,United States,Northern America
3947,surface innovations,journal,0.384,20.0,United Kingdom,Western Europe
3948,tribology materials surfaces and interfaces,journal,0.484,20.0,United Kingdom,Western Europe
3949,transactions of the indian ceramic society,journal,0.482,20.0,United Kingdom,Western Europe
3950,asceasme journal of risk and uncertainty in engineering systems part a civil engineering,journal,0.479,20.0,United States,Northern America
3951,journal of applied and industrial mathematics,journal,0.391,20.0,United States,Northern America
3952,zhendong ceshi yu zhenduanjournal of vibration measurement and diagnosis,journal,0.308,20.0,China,Asiatic Region
3953,international journal on electrical engineering and informatics,journal,0.233,20.0,Indonesia,Asiatic Region
3954,journal of disaster research,journal,0.307,20.0,Japan,Asiatic Region
3955,acta agriculturae slovenica,journal,0.207,20.0,Slovenia,Eastern Europe
3956,applied sciences,journal,0.44,20.0,Romania,Eastern Europe
3957,indian journal of environmental protection,journal,0.137,20.0,India,Asiatic Region
3958,international journal of advanced structural engineering,journal,0.57,20.0,Germany,Western Europe
3959,kagaku kogaku ronbunshu,journal,0.195,20.0,Japan,Asiatic Region
3960,journal of shanghai jiaotong university science,journal,0.209,20.0,China,Asiatic Region
3961,iron and steel technology,journal,0.123,20.0,United States,Northern America
3962,shengxue xuebaoacta acustica,journal,0.129,20.0,China,Asiatic Region
3963,mechanics and industry,journal,0.264,20.0,France,Western Europe
3964,engineering solid mechanics,journal,0.43,20.0,Canada,Northern America
3965,world oil,trade journal,0.103,20.0,United States,Northern America
3966,natura croatica,journal,0.42,20.0,Croatia,Eastern Europe
3967,transactions of the japan society for aeronautical and space sciences,journal,0.274,20.0,Japan,Asiatic Region
3968,stahlbau,trade journal,0.318,20.0,United States,Northern America
3969,smart and sustainable built environment,journal,0.465,20.0,United Kingdom,Western Europe
3970,sustainable water resources management,journal,0.461,20.0,Switzerland,Western Europe
3971,current protocols in nucleic acid chemistry,journal,0.316,20.0,United States,Northern America
3972,international journal of spray and combustion dynamics,journal,0.546,20.0,United Kingdom,Western Europe
3973,atmospheric and oceanic optics,journal,0.452,20.0,United States,Northern America
3974,proceedings of institution of civil engineers waste and resource management,journal,0.198,20.0,United Kingdom,Western Europe
3975,international journal of knowledgebased and intelligent engineering systems,journal,0.271,20.0,Netherlands,Western Europe
3976,elektrotechnik und informationstechnik,journal,0.229,20.0,Austria,Western Europe
3977,engenharia sanitaria e ambiental,journal,0.214,20.0,Brazil,Latin America
3978,annals of forest research,journal,0.373,20.0,Romania,Eastern Europe
3979,environmental and climate technologies,journal,0.33,20.0,Germany,Western Europe
3980,journal of dynamic behavior of materials,journal,0.645,20.0,Switzerland,Western Europe
3981,jixie qiangdujournal of mechanical strength,journal,0.222,20.0,China,Asiatic Region
3982,main group chemistry,journal,0.16,20.0,Netherlands,Western Europe
3983,water science,journal,0.539,20.0,United Kingdom,Western Europe
3984,regenerative therapy,journal,0.645,20.0,Japan,Asiatic Region
3985,materials for renewable and sustainable energy,journal,0.644,20.0,Switzerland,Western Europe
3986,underwater technology,journal,0.18,20.0,United Kingdom,Western Europe
3987,ieee transactions on molecular biological and multiscale communications,journal,1.152,20.0,United States,Northern America
3988,international journal of sustainable energy planning and management,journal,0.635,20.0,Denmark,Western Europe
3989,journal of information systems education,journal,0.484,20.0,United States,Northern America
3990,proceedings of the institution of mechanical engineers part n journal of nanomaterials nanoengineering and nanosystems,journal,0.353,20.0,United Kingdom,Western Europe
3991,biomedical physics and engineering express,journal,0.329,20.0,United Kingdom,Western Europe
3992,ecosistemas,journal,0.208,20.0,Spain,Western Europe
3993,telecommunications and radio engineering english translation of elektrosvyaz and radiotekhnika,journal,0.163,20.0,United States,Northern America
3994,magnetochemistry,journal,0.427,20.0,Switzerland,Western Europe
3995,przemysl chemiczny,journal,0.164,20.0,Poland,Eastern Europe
3996,journal of korean institute of metals and materials,journal,0.284,20.0,South Korea,Asiatic Region
3997,natural gas industry b,journal,0.391,20.0,Netherlands,Western Europe
3998,nonlinear optics quantum optics,journal,0.225,20.0,United States,Northern America
3999,tamkang journal of mathematics,journal,0.312,20.0,Taiwan,Asiatic Region
4000,journal of combustion,journal,0.458,20.0,United States,Northern America
4001,climate law,journal,0.383,20.0,Netherlands,Western Europe
4002,soil and environment,journal,0.261,20.0,Pakistan,Asiatic Region
4003,information technology and control,journal,0.332,20.0,Lithuania,Eastern Europe
4004,journal of architecture,journal,0.188,19.0,United Kingdom,Western Europe
4005,nanjing hangkong hangtian daxue xuebaojournal of nanjing university of aeronautics and astronautics,journal,0.192,19.0,China,Asiatic Region
4006,new scientist,journal,0.107,19.0,United States,Northern America
4007,chuan bo li xuejournal of ship mechanics,journal,0.192,19.0,China,Asiatic Region
4008,transactions of tianjin university,journal,0.483,19.0,China,Asiatic Region
4009,ieee transactions on radiation and plasma medical sciences,journal,1.004,19.0,United States,Northern America
4010,journal of insect biotechnology and sericology,journal,0.195,19.0,Japan,Asiatic Region
4011,chinese journal of electrical engineering,journal,1.591,19.0,United States,Northern America
4012,genes and environment,journal,0.449,19.0,United Kingdom,Western Europe
4013,izvestiya vysshikh uchebnykh zavedenii seriya teknologiya tekstil'noi promyshlennosti,trade journal,0.128,19.0,Russian Federation,Eastern Europe
4014,biocycle,trade journal,0.103,19.0,United States,Northern America
4015,chang'an daxue xuebao ziran kexue banjournal of chang'an university natural science edition,journal,0.235,19.0,China,Asiatic Region
4016,advanced quantum technologies,journal,1.858,19.0,United States,Northern America
4017,yingyong jichu yu gongcheng kexue xuebaojournal of basic science and engineering,journal,0.24,19.0,China,Asiatic Region
4018,constructivist foundations,journal,0.266,19.0,Belgium,Western Europe
4019,optoelectronics letters,journal,0.231,19.0,Germany,Western Europe
4020,apl bioengineering,journal,1.332,19.0,United States,Northern America
4021,riai revista iberoamericana de automatica e informatica industrial,journal,0.446,19.0,Spain,Western Europe
4022,australian journal of structural engineering,journal,0.445,19.0,United Kingdom,Western Europe
4023,journal of thermal science and technology,journal,0.28,19.0,Japan,Asiatic Region
4024,natures sciences societes,journal,0.21,19.0,France,Western Europe
4025,environmentasia,journal,0.195,19.0,Thailand,Asiatic Region
4026,international journal of vehicle noise and vibration,journal,0.219,19.0,United Kingdom,Western Europe
4027,pertanika journal of science and technology,journal,0.21,19.0,Malaysia,Asiatic Region
4028,bautechnik,trade journal,0.335,19.0,Germany,Western Europe
4029,international journal of environment and sustainable development,journal,0.249,19.0,United Kingdom,Western Europe
4030,south african journal of industrial engineering,journal,0.211,19.0,South Africa,Africa
4031,international journal of online engineering,journal,0.208,19.0,Germany,Western Europe
4032,ship technology research,journal,0.779,19.0,United Kingdom,Western Europe
4033,international journal of automation and control,journal,0.444,19.0,United Kingdom,Western Europe
4034,russian metallurgy metally,journal,0.294,19.0,United States,Northern America
4035,comptes rendus de l'academie bulgare des sciences,journal,0.194,19.0,Bulgaria,Eastern Europe
4036,plasma and fusion research,journal,0.311,19.0,Japan,Asiatic Region
4037,gefahrstoffe reinhaltung der luft,journal,0.146,19.0,Germany,Western Europe
4038,computer methods in biomechanics and biomedical engineering imaging and visualization,journal,0.52,19.0,United Kingdom,Western Europe
4039,aacl bioflux,journal,0.257,19.0,Romania,Eastern Europe
4040,suo,journal,0.112,19.0,Finland,Western Europe
4041,maritime studies,journal,0.691,19.0,Germany,Western Europe
4042,acta scientiarum technology,journal,0.184,19.0,Brazil,Latin America
4043,atoms,journal,0.494,19.0,Switzerland,Western Europe
4044,zoology and ecology,journal,0.168,19.0,United Kingdom,Western Europe
4045,taiwania,journal,0.341,19.0,Taiwan,Asiatic Region
4046,international journal of engineering transactions b applications,journal,0.263,19.0,Iran,Middle East
4047,guangxue jishuoptical technique,journal,0.175,19.0,China,Asiatic Region
4048,business theory and practice,journal,0.371,19.0,Lithuania,Eastern Europe
4049,journal of microwaves optoelectronics and electromagnetic applications,journal,0.263,19.0,Brazil,Latin America
4050,recycling,journal,0.672,19.0,Switzerland,Western Europe
4051,advances in tribology,journal,0.426,19.0,Egypt,Africa/Middle East
4052,chemical product and process modeling,journal,0.204,19.0,Germany,Western Europe
4053,bulletin of chemical reaction engineering and catalysis,journal,0.315,19.0,Indonesia,Asiatic Region
4054,russian meteorology and hydrology,journal,0.311,19.0,United States,Northern America
4055,international journal of engineering transactions a basics,journal,0.292,19.0,Iran,Middle East
4056,arabic sciences and philosophy,journal,0.149,19.0,United Kingdom,Western Europe
4057,emagres,book series,0.423,19.0,United Kingdom,Western Europe
4058,journal of light and visual environment,journal,,19.0,Japan,Asiatic Region
4059,cell reports physical science,journal,2.324,19.0,United States,Northern America
4060,spin,journal,0.304,19.0,Singapore,Asiatic Region
4061,journal of the korean astronomical society,journal,0.603,19.0,South Korea,Asiatic Region
4062,gamm mitteilungen,journal,0.553,19.0,Germany,Western Europe
4063,journal of ocean engineering and science,journal,0.534,19.0,China,Asiatic Region
4064,targets in heterocyclic systems,book series,0.221,19.0,Italy,Western Europe
4065,web ecology,journal,0.443,19.0,Germany,Western Europe
4066,chinese journal of applied and environmental biology,journal,0.161,19.0,China,Asiatic Region
4067,international journal of oil gas and coal technology,journal,0.2,19.0,United Kingdom,Western Europe
4068,ish journal of hydraulic engineering,journal,0.404,19.0,United Kingdom,Western Europe
4069,international journal of corrosion and scale inhibition,journal,0.446,19.0,Russian Federation,Eastern Europe
4070,ethics in science and environmental politics,journal,0.473,19.0,Germany,Western Europe
4071,malaysian journal of analytical sciences,journal,0.183,19.0,Malaysia,Asiatic Region
4072,computational thermal sciences,journal,0.29,19.0,United States,Northern America
4073,asian journal of atmospheric environment,journal,0.393,19.0,South Korea,Asiatic Region
4074,sae international journal of passenger cars electronic and electrical systems,journal,0.274,19.0,United States,Northern America
4075,acta physica polonica b proceedings supplement,journal,0.173,19.0,Poland,Eastern Europe
4076,chemical and petroleum engineering english translation of khimicheskoe i neftyanoe mashinostroenie,journal,0.367,19.0,United States,Northern America
4077,acta limnologica brasiliensia,journal,0.378,19.0,Brazil,Latin America
4078,russian journal of nonferrous metals,journal,0.261,19.0,United States,Northern America
4079,journal of the japan society for precision engineering,journal,0.112,19.0,Japan,Asiatic Region
4080,european journal of science and theology,journal,0.284,19.0,Romania,Eastern Europe
4081,international journal on food system dynamics,journal,0.282,19.0,Germany,Western Europe
4082,sae international journal of aerospace,journal,0.147,19.0,United States,Northern America
4083,gravitation and cosmology,journal,0.326,19.0,United States,Northern America
4084,control engineering and applied informatics,journal,0.251,19.0,Romania,Eastern Europe
4085,minerva biotecnologica,journal,0.191,19.0,Italy,Western Europe
4086,dianzi keji daxue xuebaojournal of the university of electronic science and technology of china,journal,0.16,19.0,China,Asiatic Region
4087,lundiana,journal,,19.0,Brazil,Latin America
4088,cailiao gongchengjournal of materials engineering,journal,0.179,19.0,China,Asiatic Region
4089,gerontechnology,journal,0.167,19.0,Netherlands,Western Europe
4090,journal of the faculty of engineering and architecture of gazi university,journal,0.251,19.0,Turkey,Middle East
4091,high temperature material processes,journal,0.184,19.0,United States,Northern America
4092,journal of east european management studies,journal,0.227,19.0,Germany,Western Europe
4093,analytical chemistry insights,journal,0.712,19.0,New Zealand,Pacific Region
4094,liquid crystals reviews,journal,0.943,19.0,United States,Northern America
4095,environmental and planning law journal,journal,0.148,19.0,Australia,Pacific Region
4096,international journal of wireless and mobile computing,journal,0.183,19.0,United Kingdom,Western Europe
4097,emerging science journal,journal,0.6,19.0,Italy,Western Europe
4098,acta crystallographica section c structural chemistry,journal,0.247,19.0,United States,Northern America
4099,innovationchina,journal,2.392,19.0,United States,Northern America
4100,international journal of modelling and simulation,journal,0.352,19.0,United Kingdom,Western Europe
4101,international journal of navigation and observation,journal,0.13,19.0,United States,Northern America
4102,engineering letters,journal,0.256,19.0,Hong Kong,Asiatic Region
4103,food webs,journal,0.632,19.0,Netherlands,Western Europe
4104,advances in concrete construction,journal,0.558,19.0,South Korea,Asiatic Region
4105,recent patents on engineering,journal,0.145,19.0,United Arab Emirates,Middle East
4106,ieee international professional communication conference,conference and proceedings,0.125,19.0,United States,Northern America
4107,journal of remanufacturing,journal,0.666,19.0,Netherlands,Western Europe
4108,jordan journal of civil engineering,journal,0.262,19.0,Jordan,Middle East
4109,geomechanik und tunnelbau,journal,0.253,19.0,Germany,Western Europe
4110,research journal of chemistry and environment,journal,0.141,19.0,India,Asiatic Region
4111,kerntechnik,journal,0.174,19.0,Germany,Western Europe
4112,international conference on digital printing technologies,conference and proceedings,0.142,19.0,United States,Northern America
4113,aquaculture and fisheries,journal,0.688,19.0,China,Asiatic Region
4114,international journal of surface science and engineering,journal,0.234,18.0,United Kingdom,Western Europe
4115,dongli gongcheng xuebaojournal of chinese society of power engineering,journal,0.251,18.0,China,Asiatic Region
4116,nihon reoroji gakkaishi,journal,0.243,18.0,Japan,Asiatic Region
4117,ethics policy and environment,journal,0.232,18.0,United Kingdom,Western Europe
4118,ohio journal of sciences,journal,0.132,18.0,United States,Northern America
4119,walailak journal of science and technology,journal,0.166,18.0,Thailand,Asiatic Region
4120,mechatronic systems and control,journal,0.249,18.0,Canada,Northern America
4121,surface engineering and applied electrochemistry,journal,0.243,18.0,United States,Northern America
4122,maejo international journal of science and technology,journal,0.188,18.0,Thailand,Asiatic Region
4123,archives of electrical engineering,journal,0.276,18.0,Poland,Eastern Europe
4124,international journal of optics,journal,0.262,18.0,United States,Northern America
4125,journal of integrated design and process science,journal,0.14,18.0,Netherlands,Western Europe
4126,journal of environmental management and tourism,journal,0.238,18.0,Romania,Eastern Europe
4127,emission control science and technology,journal,0.432,18.0,Switzerland,Western Europe
4128,humanwildlife interactions,journal,0.406,18.0,United States,Northern America
4129,ranshao kexue yu jishujournal of combustion science and technology,journal,0.19,18.0,China,Asiatic Region
4130,neftyanoe khozyaystvo oil industry,journal,0.28,18.0,Russian Federation,Eastern Europe
4131,atomic energy,journal,0.318,18.0,Germany,Western Europe
4132,polymer korea,journal,0.157,18.0,South Korea,Asiatic Region
4133,solid fuel chemistry,journal,0.323,18.0,United States,Northern America
4134,applied solar energy english translation of geliotekhnika,journal,0.372,18.0,United States,Northern America
4135,bulgarian chemical communications,journal,0.168,18.0,Bulgaria,Eastern Europe
4136,ieee nanotechnology magazine,journal,0.538,18.0,United States,Northern America
4137,hupo kexuejournal of lake sciences,journal,0.349,18.0,China,Asiatic Region
4138,journal of asiapacific biodiversity,journal,0.329,18.0,South Korea,Asiatic Region
4139,advances in physical chemistry,journal,0.143,18.0,United States,Northern America
4140,macedonian journal of chemistry and chemical engineering,journal,0.142,18.0,Macedonia,Eastern Europe
4141,contemporary problems of ecology,journal,0.316,18.0,United States,Northern America
4142,biomimetics,journal,0.691,18.0,Switzerland,Western Europe
4143,transactions of the royal institution of naval architects part a international journal of maritime engineering,journal,0.298,18.0,United Kingdom,Western Europe
4144,international journal of conservation science,journal,0.295,18.0,Romania,Eastern Europe
4145,nihon enerugi gakkaishijournal of the japan institute of energy,journal,0.12,18.0,Japan,Asiatic Region
4146,international journal of plastics technology,journal,0.314,18.0,India,Asiatic Region
4147,international journal of vehicle structures and systems,journal,0.226,18.0,India,Asiatic Region
4148,egyptian journal of chemistry,journal,0.229,18.0,Egypt,Africa/Middle East
4149,springerbriefs in applied sciences and technology,book series,0.104,18.0,United States,Northern America
4150,separations,journal,0.418,18.0,Switzerland,Western Europe
4151,review of high pressure science and technologykoatsuryoku no kagaku to gijutsu,journal,0.101,18.0,Japan,Asiatic Region
4152,research journal of textile and apparel,journal,0.367,18.0,United Kingdom,Western Europe
4153,gongneng cailiaojournal of functional materials,journal,0.125,18.0,China,Asiatic Region
4154,computational condensed matter,journal,0.373,18.0,Netherlands,Western Europe
4155,frontiers in forests and global change,journal,1.041,18.0,Switzerland,Western Europe
4156,steel in translation,journal,0.343,18.0,United States,Northern America
4157,san francisco estuary and watershed science,journal,0.771,18.0,United States,Northern America
4158,international journal of urban sustainable development,journal,0.611,18.0,United Kingdom,Western Europe
4159,life sciences society and policy,journal,0.608,18.0,Switzerland,Western Europe
4160,forensic sciences research,journal,0.894,18.0,United Kingdom,Western Europe
4161,macroheterocycles,journal,0.253,18.0,Russian Federation,Eastern Europe
4162,nanotechnology for environmental engineering,journal,0.56,18.0,Switzerland,Western Europe
4163,advanced structural and chemical imaging,journal,1.153,18.0,Switzerland,Western Europe
4164,journal of the balkan tribological association,journal,0.142,18.0,Bulgaria,Eastern Europe
4165,radioprotection,journal,0.49,18.0,France,Western Europe
4166,photonics spectra,trade journal,0.115,18.0,United States,Northern America
4167,journal of water and land development,journal,0.29,18.0,Poland,Eastern Europe
4168,wuhan ligong daxue xuebaojournal of wuhan university of technology,journal,0.104,18.0,China,Asiatic Region
4169,chemistry world,trade journal,0.101,18.0,United Kingdom,Western Europe
4170,guofang keji daxue xuebaojournal of national university of defense technology,journal,0.185,18.0,China,Asiatic Region
4171,journal of biomechanical science and engineering,journal,0.182,18.0,Japan,Asiatic Region
4172,ieej transactions on electronics information and systems,journal,0.182,18.0,Japan,Asiatic Region
4173,russian microelectronics,journal,0.188,18.0,United States,Northern America
4174,international journal of electric and hybrid vehicles,journal,0.198,18.0,United Kingdom,Western Europe
4175,historia agraria,journal,0.342,18.0,Spain,Western Europe
4176,gestao e producao,journal,0.199,18.0,Brazil,Latin America
4177,rsc green chemistry,book series,0.253,18.0,United Kingdom,Western Europe
4178,international journal of lightweight materials and manufacture,journal,1.191,18.0,China,Asiatic Region
4179,jinshu rechuliheat treatment of metals,journal,0.212,18.0,China,Asiatic Region
4180,upb scientific bulletin series d mechanical engineering,journal,0.21,18.0,Romania,Eastern Europe
4181,gradevinar,trade journal,0.212,18.0,Croatia,Eastern Europe
4182,journal of geodetic science,journal,0.474,18.0,Poland,Eastern Europe
4183,acta cybernetica,journal,0.22,18.0,Hungary,Eastern Europe
4184,proceedings of the institution of civil engineers urban design and planning,journal,0.221,18.0,United Kingdom,Western Europe
4185,materials physics and mechanics,journal,0.222,18.0,Russian Federation,Eastern Europe
4186,jordan journal of mechanical and industrial engineering,journal,0.224,18.0,Jordan,Middle East
4187,lasers in engineering,journal,0.176,18.0,United States,Northern America
4188,international journal of power and energy systems,journal,0.173,18.0,Canada,Northern America
4189,gazi university journal of science,journal,0.172,18.0,Turkey,Middle East
4190,chinese journal of sensors and actuators,journal,0.137,18.0,China,Asiatic Region
4191,journal of iron and steel research,journal,0.165,18.0,China,Asiatic Region
4192,vdiberichte,book series,0.117,18.0,Germany,Western Europe
4193,forensic chemistry,journal,0.739,18.0,Netherlands,Western Europe
4194,gao xiao hua xue gong cheng xue baojournal of chemical engineering of chinese universities,journal,0.141,18.0,China,Asiatic Region
4195,research journal of biotechnology,journal,0.13,18.0,India,Asiatic Region
4196,annals of pde,journal,2.803,18.0,Switzerland,Western Europe
4197,dalian ligong daxue xuebaojournal of dalian university of technology,journal,0.134,18.0,China,Asiatic Region
4198,neiranji xuebaotransactions of csice chinese society for internal combustion engines,journal,0.14,18.0,China,Asiatic Region
4199,fluid dynamics and materials processing,journal,0.295,18.0,United States,Northern America
4200,reviews in physics,journal,2.163,18.0,Netherlands,Western Europe
4201,informacije midem,journal,0.176,18.0,Slovenia,Eastern Europe
4202,zeitschrift fur kristallographie crystalline materials,journal,0.297,18.0,Germany,Western Europe
4203,mechanical engineering,trade journal,0.156,18.0,United States,Northern America
4204,journal of computational methods in sciences and engineering,journal,0.165,18.0,Netherlands,Western Europe
4205,grey room,journal,0.169,18.0,United States,Northern America
4206,wseas transactions on systems and control,journal,0.172,18.0,Greece,Western Europe
4207,fashion and textiles,journal,0.545,18.0,Singapore,Asiatic Region
4208,journal of scientific exploration,journal,,18.0,United States,Northern America
4209,bauingenieur,trade journal,0.314,18.0,Germany,Western Europe
4210,international journal of fashion design technology and education,journal,0.458,18.0,United Kingdom,Western Europe
4211,tropical and subtropical agroecosystems,journal,0.198,18.0,Mexico,Latin America
4212,transactions of the royal society of south australia,journal,0.208,18.0,United Kingdom,Western Europe
4213,fluids,journal,0.414,18.0,Switzerland,Western Europe
4214,journal of the institution of engineers india series c,journal,0.349,18.0,India,Asiatic Region
4215,current sustainablerenewable energy reports,journal,0.832,18.0,Switzerland,Western Europe
4216,management and production engineering review,journal,0.343,18.0,Poland,Eastern Europe
4217,fuzzy information and engineering,journal,0.312,18.0,United Kingdom,Western Europe
4218,research and practice in technology enhanced learning,journal,0.713,18.0,Singapore,Asiatic Region
4219,advances in mechanics,journal,0.289,18.0,China,Asiatic Region
4220,journal of environmental science and engineering,journal,0.101,18.0,India,Asiatic Region
4221,iranian journal of science and technology transactions of civil engineering,journal,0.313,18.0,Switzerland,Western Europe
4222,international journal of extreme manufacturing,journal,1.721,18.0,United Kingdom,Western Europe
4223,journal of low power electronics and applications,journal,0.442,18.0,Switzerland,Western Europe
4224,international journal of intelligent transportation systems research,journal,0.433,18.0,Germany,Western Europe
4225,inventions,journal,0.546,18.0,Switzerland,Western Europe
4226,reseaux,journal,0.293,18.0,France,Western Europe
4227,publications,journal,0.399,18.0,Switzerland,Western Europe
4228,etransportation,journal,2.172,18.0,Netherlands,Western Europe
4229,curved and layered structures,journal,0.41,18.0,Poland,Eastern Europe
4230,journal of automation and information sciences,journal,0.468,18.0,United States,Northern America
4231,production,journal,0.296,18.0,Brazil,Latin America
4232,design science,journal,0.636,18.0,United Kingdom,Western Europe
4233,nonlinear engineering,journal,0.52,18.0,Germany,Western Europe
4234,journal of advanced manufacturing systems,journal,0.432,18.0,Singapore,Asiatic Region
4235,archiv fur lebensmittelhygiene,journal,0.139,18.0,Germany,Western Europe
4236,british wildlife,journal,0.107,18.0,United Kingdom,Western Europe
4237,braincomputer interfaces,journal,0.445,18.0,United Kingdom,Western Europe
4238,ceas space journal,journal,0.543,18.0,Austria,Western Europe
4239,international journal of intelligent engineering and systems,journal,0.282,18.0,Japan,Asiatic Region
4240,iranian journal of science and technology transactions of mechanical engineering,journal,0.362,18.0,Switzerland,Western Europe
4241,guocheng gongcheng xuebaothe chinese journal of process engineering,journal,0.145,17.0,China,Asiatic Region
4242,jphys materials,journal,1.4,17.0,United Kingdom,Western Europe
4243,wit transactions on engineering sciences,conference and proceedings,0.185,17.0,United Kingdom,Western Europe
4244,oil gas european magazine,trade journal,0.12,17.0,Germany,Western Europe
4245,applied network science,journal,0.667,17.0,United Kingdom,Western Europe
4246,ecology environment and conservation,journal,,17.0,India,Asiatic Region
4247,journal of computing science and engineering,journal,0.196,17.0,South Korea,Asiatic Region
4248,journal of high energy astrophysics,journal,0.99,17.0,Netherlands,Western Europe
4249,mathematics and mechanics of complex systems,journal,1.354,17.0,United States,Northern America
4250,urban rail transit,journal,0.507,17.0,Germany,Western Europe
4251,advances in transportation studies,journal,0.245,17.0,Italy,Western Europe
4252,sustainable and resilient infrastructure,journal,1.031,17.0,United States,Northern America
4253,waterlines,journal,0.314,17.0,United Kingdom,Western Europe
4254,journal of physics communications,journal,0.367,17.0,United States,Northern America
4255,revista iberoamericana de tecnologias del aprendizaje,journal,0.48,17.0,United States,Northern America
4256,resonance,journal,0.218,17.0,India,Asiatic Region
4257,processing and application of ceramics,journal,0.277,17.0,Serbia,Eastern Europe
4258,egyptian journal of biological pest control,journal,0.576,17.0,Egypt,Africa/Middle East
4259,disaster advances,journal,0.158,17.0,India,Asiatic Region
4260,mapan journal of metrology society of india,journal,0.303,17.0,India,Asiatic Region
4261,international journal of digital multimedia broadcasting,journal,0.331,17.0,United States,Northern America
4262,phytobiomes journal,journal,1.053,17.0,United States,Northern America
4263,journal of advanced dielectrics,journal,0.378,17.0,Singapore,Asiatic Region
4264,record of conference papers annual petroleum and chemical industry conference,conference and proceedings,0.101,17.0,United States,Northern America
4265,journal of microbio robotics,journal,0.346,17.0,United States,Northern America
4266,praktische metallographiepractical metallography,journal,0.186,17.0,Germany,Western Europe
4267,journal of computational multiphase flows,journal,0.331,17.0,United Kingdom,Western Europe
4268,international journal of nanoelectronics and materials,journal,0.239,17.0,Malaysia,Asiatic Region
4269,wseas transactions on circuits and systems,journal,,17.0,Greece,Western Europe
4270,chongqing daxue xuebaojournal of chongqing university,journal,0.157,17.0,China,Asiatic Region
4271,journal for the history of astronomy,journal,0.12,17.0,United States,Northern America
4272,journal of architectural conservation,journal,0.299,17.0,United Kingdom,Western Europe
4273,hedongli gongchengnuclear power engineering,journal,0.135,17.0,China,Asiatic Region
4274,refractories and industrial ceramics,journal,0.323,17.0,United States,Northern America
4275,horticultural plant journal,journal,1.024,17.0,China,Asiatic Region
4276,advanced modeling and simulation in engineering sciences,journal,0.877,17.0,United Kingdom,Western Europe
4277,journal of vibration engineering and technologies,journal,0.459,17.0,Switzerland,Western Europe
4278,acta periodica technologica,journal,0.205,17.0,Serbia,Eastern Europe
4279,infection ecology and epidemiology,journal,0.974,17.0,United Kingdom,Western Europe
4280,rynek energii,journal,0.182,17.0,Poland,Eastern Europe
4281,civil engineering journal iran,journal,0.981,17.0,Iran,Middle East
4282,journal of marine engineering and technology,journal,0.415,17.0,United Kingdom,Western Europe
4283,chemical data collections,journal,0.217,17.0,Netherlands,Western Europe
4284,world of metallurgy erzmetall,journal,0.141,17.0,Germany,Western Europe
4285,indonesian journal of chemistry,journal,0.289,17.0,Indonesia,Asiatic Region
4286,chemistry and technology of fuels and oils,journal,0.197,17.0,Germany,Western Europe
4287,green materials,journal,0.621,17.0,United Kingdom,Western Europe
4288,journal of solid waste technology and management,journal,0.174,17.0,United States,Northern America
4289,journal of cybersecurity,journal,0.874,17.0,United Kingdom,Western Europe
4290,journal of surface science and technology,journal,0.145,17.0,India,Asiatic Region
4291,liaoning gongcheng jishu daxue xuebao ziran kexue banjournal of liaoning technical university natural science edition,journal,0.163,17.0,China,Asiatic Region
4292,international journal of industrial engineering and management,journal,0.396,17.0,Serbia,Eastern Europe
4293,water practice and technology,journal,0.236,17.0,United Kingdom,Western Europe
4294,world review of entrepreneurship management and sustainable development,journal,0.233,17.0,United Kingdom,Western Europe
4295,data science and engineering,journal,1.563,17.0,Germany,Western Europe
4296,hidrobiologica,journal,0.142,17.0,Mexico,Latin America
4297,forest science and technology,journal,0.496,17.0,United Kingdom,Western Europe
4298,journal of magnetics,journal,0.183,17.0,South Korea,Asiatic Region
4299,revista materia,journal,0.196,17.0,Brazil,Latin America
4300,ieee electromagnetic compatibility magazine,trade journal,0.21,17.0,United States,Northern America
4301,environmental dna,journal,1.734,17.0,United States,Northern America
4302,yuanzineng kexue jishuatomic energy science and technology,journal,0.204,17.0,China,Asiatic Region
4303,journal of optics india,journal,0.278,17.0,India,Asiatic Region
4304,lecture notes on data engineering and communications technologies,book series,,17.0,Switzerland,Western Europe
4305,journal of radars,journal,0.383,17.0,China,Asiatic Region
4306,noise mapping,journal,0.897,17.0,Germany,Western Europe
4307,ukrainian journal of physical optics,journal,0.185,17.0,Ukraine,Eastern Europe
4308,internet policy review,journal,0.903,17.0,Germany,Western Europe
4309,mrs advances,journal,0.25,17.0,Switzerland,Western Europe
4310,international review of aerospace engineering,journal,0.457,17.0,Italy,Western Europe
4311,international journal of sustainable development and planning,journal,0.284,17.0,United Kingdom,Western Europe
4312,open civil engineering journal,journal,0.255,17.0,United Arab Emirates,Middle East
4313,international journal of sustainable building technology and urban development,journal,0.157,17.0,United Kingdom,Western Europe
4314,soil mechanics and foundation engineering,journal,0.436,17.0,United States,Northern America
4315,agris online papers in economics and informatics,journal,0.266,17.0,Czech Republic,Eastern Europe
4316,houille blanche,journal,0.145,17.0,France,Western Europe
4317,journal of structural fire engineering,journal,0.374,17.0,United Kingdom,Western Europe
4318,toxicology and environmental health sciences,journal,0.342,17.0,South Korea,Asiatic Region
4319,journal of robotics,journal,0.445,17.0,Egypt,Africa/Middle East
4320,metallurgia italiana,trade journal,0.163,17.0,Italy,Western Europe
4321,journal of the chinese society of corrosion and protection,journal,0.161,17.0,China,Asiatic Region
4322,rocznik ochrona srodowiska,journal,0.206,17.0,Poland,Eastern Europe
4323,biobased and applied economics,journal,0.266,17.0,Italy,Western Europe
4324,jiangsu daxue xuebao ziran kexue ban journal of jiangsu university natural science edition,journal,0.179,17.0,China,Asiatic Region
4325,international wood products journal,journal,0.287,17.0,United Kingdom,Western Europe
4326,inorganic materials applied research,journal,0.287,17.0,United States,Northern America
4327,interceram international ceramic review,journal,0.165,17.0,Germany,Western Europe
4328,biotribology,journal,0.4,17.0,United Kingdom,Western Europe
4329,metallofizika i noveishie tekhnologii,journal,0.311,17.0,Ukraine,Eastern Europe
4330,international journal of water,journal,0.161,17.0,United Kingdom,Western Europe
4331,geohealth,journal,1.178,17.0,United States,Northern America
4332,zhongguo guanxing jishu xuebaojournal of chinese inertial technology,journal,0.274,17.0,China,Asiatic Region
4333,journal of scholarly publishing,journal,0.464,17.0,Canada,Northern America
4334,catalysis in industry,journal,0.226,17.0,United States,Northern America
4335,afinidad,journal,0.141,17.0,Spain,Western Europe
4336,nexus network journal,journal,0.281,17.0,United States,Northern America
4337,international journal of technology,journal,0.393,17.0,Indonesia,Asiatic Region
4338,research on biomedical engineering,journal,0.28,17.0,Brazil,Latin America
4339,gayana botanica,journal,0.462,17.0,Chile,Latin America
4340,hyle,journal,0.113,17.0,Germany,Western Europe
4341,cogent environmental science,journal,0.356,17.0,United Kingdom,Western Europe
4342,nachrichten aus der chemie,journal,0.11,17.0,Germany,Western Europe
4343,biomedical engineering,journal,0.282,17.0,United States,Northern America
4344,materials today advances,journal,1.771,17.0,United Kingdom,Western Europe
4345,archives of thermodynamics,journal,0.22,17.0,Poland,Eastern Europe
4346,journal of sustainable development of energy water and environment systems,journal,0.463,17.0,Croatia,Eastern Europe
4347,photonics letters of poland,journal,0.213,17.0,Poland,Eastern Europe
4348,tuexenia,journal,0.35,17.0,Germany,Western Europe
4349,acm transactions on privacy and security,journal,1.276,17.0,United States,Northern America
4350,proceedings of meetings on acoustics,conference and proceedings,0.136,17.0,United States,Northern America
4351,international journal of environment and health,journal,0.177,17.0,United Kingdom,Western Europe
4352,astrophysics,journal,0.23,17.0,Germany,Western Europe
4353,urbani izziv,journal,0.268,17.0,Slovenia,Eastern Europe
4354,cailiao yanjiu xuebaochinese journal of materials research,journal,0.165,17.0,China,Asiatic Region
4355,kobunshi ronbunshu,journal,0.109,17.0,Japan,Asiatic Region
4356,beijing gongye daxue xuebao journal of beijing university of technology,journal,0.158,17.0,China,Asiatic Region
4357,ukrainian journal of physics,journal,0.238,17.0,Ukraine,Eastern Europe
4358,journal of low power electronics,journal,0.187,17.0,United States,Northern America
4359,journal of electrical systems,journal,0.187,17.0,France,Western Europe
4360,organic reactions,book series,1.432,17.0,United States,Northern America
4361,nase more,journal,0.371,17.0,Croatia,Eastern Europe
4362,chemengineering,journal,0.52,17.0,Switzerland,Western Europe
4363,jfe technical report,journal,0.101,17.0,Japan,Asiatic Region
4364,infrastructures,journal,0.516,17.0,Switzerland,Western Europe
4365,science for conservation,book series,0.101,17.0,New Zealand,Pacific Region
4366,science and global security,journal,0.122,17.0,United Kingdom,Western Europe
4367,journal of advanced research in fluid mechanics and thermal sciences,journal,0.28,17.0,Malaysia,Asiatic Region
4368,xiyou jinshu,journal,0.231,17.0,China,Asiatic Region
4369,publishing research quarterly,journal,0.256,17.0,United States,Northern America
4370,journal of electrical bioimpedance,journal,0.436,17.0,Norway,Western Europe
4371,journal of mechanical engineering research and developments,journal,,17.0,Bangladesh,Asiatic Region
4372,nuclear technology and radiation protection,journal,0.295,17.0,Serbia,Eastern Europe
4373,journal of microelectronics and electronic packaging,journal,0.281,17.0,United States,Northern America
4374,hunan daxue xuebaojournal of hunan university natural sciences,journal,0.243,17.0,China,Asiatic Region
4375,annual technical conference antec conference proceedings,conference and proceedings,0.11,17.0,United States,Northern America
4376,journal of membrane science and research,journal,0.282,17.0,Iran,Middle East
4377,peace economics peace science and public policy,journal,0.205,17.0,Germany,Western Europe
4378,structural monitoring and maintenance,journal,0.361,17.0,South Korea,Asiatic Region
4379,open ecology journal,journal,0.205,17.0,United Arab Emirates,Middle East
4380,journal of the south african institution of civil engineering,journal,0.185,17.0,South Africa,Africa
4381,qiche gongchengautomotive engineering,journal,0.26,17.0,China,Asiatic Region
4382,harbin gongcheng daxue xuebaojournal of harbin engineering university,journal,0.186,17.0,China,Asiatic Region
4383,international journal of bioinformatics research and applications,journal,0.184,17.0,United Kingdom,Western Europe
4384,xi'an dianzi keji daxue xuebaojournal of xidian university,journal,0.16,17.0,China,Asiatic Region
4385,lithuanian journal of physics,journal,0.17,17.0,Lithuania,Eastern Europe
4386,nanocomposites,journal,0.569,17.0,United Kingdom,Western Europe
4387,xibei gongye daxue xuebaojournal of northwestern polytechnical university,journal,0.187,17.0,China,Asiatic Region
4388,australian journal of electrical and electronics engineering,journal,0.223,17.0,United Kingdom,Western Europe
4389,philippine journal of science,journal,0.2,17.0,Philippines,Asiatic Region
4390,zhongguo xitu xuebaojournal of the chinese rare earth society,journal,0.168,17.0,China,Asiatic Region
4391,international journal of thermofluids,journal,1.334,16.0,Netherlands,Western Europe
4392,world transactions on engineering and technology education,journal,0.319,16.0,Australia,Pacific Region
4393,mires and peat,journal,0.528,16.0,Germany,Western Europe
4394,ieee conference record of annual pulp and paper industry technical conference,conference and proceedings,0.106,16.0,United States,Northern America
4395,jphys energy,journal,1.502,16.0,United Kingdom,Western Europe
4396,global sustainability,journal,1.581,16.0,United Kingdom,Western Europe
4397,drilling fluid and completion fluid,journal,0.256,16.0,China,Asiatic Region
4398,international journal of energy technology and policy,journal,0.246,16.0,United Kingdom,Western Europe
4399,water research x,journal,1.765,16.0,United Kingdom,Western Europe
4400,international journal of rf technologies research and applications,journal,0.215,16.0,Netherlands,Western Europe
4401,russian aeronautics,journal,0.218,16.0,United States,Northern America
4402,journal of theoretical and applied physics,journal,0.298,16.0,United Kingdom,Western Europe
4403,architectural research quarterly,journal,0.106,16.0,United Kingdom,Western Europe
4404,comunicacoes geologicas,journal,0.114,16.0,Portugal,Western Europe
4405,cpem digest conference on precision electromagnetic measurements,conference and proceedings,0.13,16.0,United States,Northern America
4406,cfi ceramic forum internationalberichte der dkg deutsche keramische gesellschaft,trade journal,0.11,16.0,Germany,Western Europe
4407,international journal of mechatronics and manufacturing systems,journal,0.345,16.0,United Kingdom,Western Europe
4408,australian journal of water resources,journal,0.425,16.0,United Kingdom,Western Europe
4409,iranian journal of science and technology transactions of electrical engineering,journal,0.447,16.0,Switzerland,Western Europe
4410,biodesign and manufacturing,journal,0.775,16.0,Singapore,Asiatic Region
4411,ieej transactions on sensors and micromachines,journal,0.183,16.0,Japan,Asiatic Region
4412,advances in acoustics and vibration,journal,0.181,16.0,United States,Northern America
4413,worldviews environment culture religion,journal,0.159,16.0,Netherlands,Western Europe
4414,journal of spectral theory,journal,0.898,16.0,Switzerland,Western Europe
4415,zwf zeitschrift fuer wirtschaftlichen fabrikbetrieb,journal,0.339,16.0,Germany,Western Europe
4416,physics and imaging in radiation oncology,journal,0.889,16.0,Ireland,Western Europe
4417,journal of southeast university english edition,journal,0.177,16.0,China,Asiatic Region
4418,stahl und eisen,trade journal,0.103,16.0,Germany,Western Europe
4419,ieee journal of electromagnetics rf and microwaves in medicine and biology,journal,0.884,16.0,United States,Northern America
4420,journal of machinery manufacture and reliability,journal,0.445,16.0,United States,Northern America
4421,international journal of biometrics,journal,0.166,16.0,United Kingdom,Western Europe
4422,ctyf ciencia tecnologia y futuro,journal,0.172,16.0,Colombia,Latin America
4423,shuidonglixue yanjiu yu jinzhanchinese journal of hydrodynamics ser a,journal,0.172,16.0,China,Asiatic Region
4424,international journal of sustainable society,journal,0.184,16.0,United Kingdom,Western Europe
4425,journal of electrochemical energy conversion and storage,journal,0.414,16.0,United States,Northern America
4426,journal of molecular catalysis,journal,0.169,16.0,China,Asiatic Region
4427,archnetijar,journal,0.332,16.0,United Kingdom,Western Europe
4428,nano futures,journal,0.932,16.0,United Kingdom,Western Europe
4429,advanced electromagnetics,journal,0.231,16.0,France,Western Europe
4430,issues in science and technology librarianship,journal,0.149,16.0,United States,Northern America
4431,international journal of advanced mechatronic systems,journal,0.105,16.0,Switzerland,Western Europe
4432,rengong jingti xuebaojournal of synthetic crystals,journal,0.129,16.0,China,Asiatic Region
4433,kuwait journal of science,journal,0.272,16.0,Kuwait,Middle East
4434,special topics and reviews in porous media,journal,0.305,16.0,United States,Northern America
4435,advances and applications in bioinformatics and chemistry,journal,0.287,16.0,New Zealand,Pacific Region
4436,corrosion science and protection technology,journal,0.127,16.0,China,Asiatic Region
4437,innovative infrastructure solutions,journal,0.512,16.0,Switzerland,Western Europe
4438,shiyan liuti lixuejournal of experiments in fluid mechanics,journal,0.205,16.0,China,Asiatic Region
4439,international journal of sustainable manufacturing,journal,0.148,16.0,Switzerland,Western Europe
4440,fractal and fractional,journal,0.644,16.0,Switzerland,Western Europe
4441,colloids and interfaces,journal,0.498,16.0,Switzerland,Western Europe
4442,jamba journal of disaster risk studies,journal,0.498,16.0,South Africa,Africa
4443,cfd letters,journal,0.394,16.0,Malaysia,Asiatic Region
4444,chemistry and chemical technology,journal,0.304,16.0,Ukraine,Eastern Europe
4445,tekstil ve konfeksiyon,journal,0.205,16.0,Turkey,Middle East
4446,physics of wave phenomena,journal,0.27,16.0,United States,Northern America
4447,emergent materials,journal,0.648,16.0,Switzerland,Western Europe
4448,transactions hong kong institution of engineers,journal,0.452,16.0,Hong Kong,Asiatic Region
4449,eea electrotehnica electronica automatica,journal,0.193,16.0,Romania,Eastern Europe
4450,science and technology studies,journal,0.83,16.0,Finland,Western Europe
4451,forest research,journal,0.156,16.0,China,Asiatic Region
4452,problems of atomic science and technology,journal,0.216,16.0,Ukraine,Eastern Europe
4453,revista ambiente e agua,journal,0.243,16.0,Brazil,Latin America
4454,transport problems,journal,0.304,16.0,Poland,Eastern Europe
4455,world pumps,trade journal,0.13,16.0,Netherlands,Western Europe
4456,international journal of architectural computing,journal,0.366,16.0,United Kingdom,Western Europe
4457,acta polytechnica,journal,0.261,16.0,Czech Republic,Eastern Europe
4458,ying yong li xue xue baochinese journal of applied mechanics,journal,0.241,16.0,China,Asiatic Region
4459,manufacturing review,journal,0.482,16.0,France,Western Europe
4460,transactions of the atomic energy society of japan,journal,0.13,16.0,Japan,Asiatic Region
4461,advanced manufacturing polymer and composites science,journal,0.435,16.0,United Kingdom,Western Europe
4462,parks,journal,0.736,16.0,Switzerland,Western Europe
4463,international journal of innovation science,journal,0.562,16.0,United Kingdom,Western Europe
4464,journal of control and decision,journal,0.803,16.0,United Kingdom,Western Europe
4465,philosophy psychiatry and psychology,journal,0.367,16.0,United States,Northern America
4466,reviews of adhesion and adhesives,journal,0.317,16.0,United States,Northern America
4467,boletin de investigaciones marinas y costeras,journal,0.173,16.0,Colombia,Latin America
4468,journal of innovation management,journal,0.267,16.0,Portugal,Western Europe
4469,rev roumaine des sciences techniquesseries electrotechnique et energetique,journal,0.268,16.0,Romania,Eastern Europe
4470,scandinavian economic history review,journal,0.307,16.0,United Kingdom,Western Europe
4471,international journal of tourism cities,journal,0.711,16.0,United Kingdom,Western Europe
4472,organic communications,journal,0.157,16.0,Turkey,Middle East
4473,transactions of famena,journal,0.234,16.0,Croatia,Eastern Europe
4474,plant direct,journal,0.95,16.0,United States,Northern America
4475,international journal of information technology singapore,journal,0.423,16.0,Singapore,Asiatic Region
4476,proceedings of the international astronautical congress iac,conference and proceedings,0.132,16.0,United States,Northern America
4477,landscape online,journal,0.232,16.0,Germany,Western Europe
4478,journal of applied engineering science,journal,0.297,16.0,Serbia,Eastern Europe
4479,ntt technical review,journal,0.11,16.0,Japan,Asiatic Region
4480,rivista italiana delle sostanze grasse,journal,0.172,16.0,Italy,Western Europe
4481,annales de la fondation louis de broglie,journal,0.103,16.0,France,Western Europe
4482,international journal of design creativity and innovation,journal,0.503,16.0,United Kingdom,Western Europe
4483,membrane water treatment,journal,0.28,16.0,South Korea,Asiatic Region
4484,ieee journal on exploratory solidstate computational devices and circuits,journal,0.546,16.0,United States,Northern America
4485,journal of transportation engineering part a systems,journal,0.62,16.0,United States,Northern America
4486,transport and telecommunication,journal,0.254,16.0,Latvia,Eastern Europe
4487,sustainability and climate change,journal,0.325,16.0,United States,Northern America
4488,agricultural and environmental letters,journal,0.384,16.0,United States,Northern America
4489,bulletin of electrical engineering and informatics,journal,0.357,16.0,Indonesia,Asiatic Region
4490,underground space china,journal,0.808,16.0,China,Asiatic Region
4491,international journal on communications antenna and propagation,journal,0.245,16.0,Italy,Western Europe
4492,journal of engineering and technological sciences,journal,0.245,16.0,Indonesia,Asiatic Region
4493,journal of sustainability science and management,journal,0.22,16.0,Malaysia,Asiatic Region
4494,ethnobiology and conservation,journal,0.304,16.0,Brazil,Latin America
4495,journal of environmental economics and policy,journal,0.551,16.0,United Kingdom,Western Europe
4496,archives of civil engineering,journal,0.256,16.0,Poland,Eastern Europe
4497,periodicals of engineering and natural sciences,journal,0.233,16.0,Bosnia and Herzegovina,Eastern Europe
4498,archives of transport,journal,0.305,16.0,Poland,Eastern Europe
4499,journal of the society of architectural historians,journal,0.132,16.0,United States,Northern America
4500,incas bulletin,journal,0.355,16.0,Romania,Eastern Europe
4501,chinese journal of luminescence,journal,0.139,16.0,China,Asiatic Region
4502,international journal of renewable energy development,journal,0.351,16.0,Indonesia,Asiatic Region
4503,bridge structures,journal,0.224,16.0,United Kingdom,Western Europe
4504,cement wapno beton,journal,0.185,16.0,Poland,Eastern Europe
4505,progress in disaster science,journal,1.361,16.0,United Kingdom,Western Europe
4506,eurasian mining,journal,1.261,16.0,Russian Federation,Eastern Europe
4507,african journal of research in mathematics science and technology education,journal,0.284,16.0,United Kingdom,Western Europe
4508,world review of science technology and sustainable development,journal,0.194,16.0,United Kingdom,Western Europe
4509,springer tracts in modern physics,book series,0.13,16.0,Germany,Western Europe
4510,chemical fibers international,trade journal,0.116,16.0,Germany,Western Europe
4511,europhysics news,journal,0.129,16.0,France,Western Europe
4512,economy of region,journal,0.352,16.0,Russian Federation,Eastern Europe
4513,lecture notes in computational vision and biomechanics,book series,0.114,16.0,Switzerland,Western Europe
4514,irriga,journal,0.197,16.0,Brazil,Latin America
4515,osa continuum,journal,0.53,16.0,United States,Northern America
4516,revista virtual de quimica,journal,0.151,16.0,Brazil,Latin America
4517,journal of transnational management,journal,0.167,16.0,United Kingdom,Western Europe
4518,bridge construction,journal,0.272,16.0,China,Asiatic Region
4519,leos summer topical meeting,conference and proceedings,,16.0,United States,Northern America
4520,journal of engineering and applied science,journal,0.118,16.0,Switzerland,Western Europe
4521,japanese journal of limnology,journal,0.112,15.0,Japan,Asiatic Region
4522,light metal age,trade journal,0.172,15.0,United States,Northern America
4523,reneng dongli gongchengjournal of engineering for thermal energy and power,journal,0.174,15.0,China,Asiatic Region
4524,journal of the korean wood science and technology,journal,0.411,15.0,South Korea,Asiatic Region
4525,moscow university physics bulletin english translation of vestnik moskovskogo universiteta fizika,journal,0.222,15.0,United States,Northern America
4526,subterranean biology,journal,0.359,15.0,Bulgaria,Eastern Europe
4527,wseas transactions on power systems,journal,0.19,15.0,Greece,Western Europe
4528,journal of marine and island cultures,journal,0.358,15.0,Netherlands,Western Europe
4529,xi'an jianzhu keji daxue xuebaojournal of xi'an university of architecture and technology,journal,0.172,15.0,China,Asiatic Region
4530,fundamental theories of physics,book series,0.13,15.0,Switzerland,Western Europe
4531,information bulletin on variable stars,journal,0.121,15.0,Hungary,Eastern Europe
4532,acta crystallographica section e crystallographic communications,journal,0.261,15.0,United Kingdom,Western Europe
4533,geology ecology and landscapes,journal,0.64,15.0,United Kingdom,Western Europe
4534,socar proceedings,journal,0.481,15.0,Azerbaijan,Eastern Europe
4535,electronics and communications in japan,journal,0.172,15.0,United States,Northern America
4536,journal of marine environmental engineering,journal,0.167,15.0,United States,Northern America
4537,international journal of nanomanufacturing,journal,0.163,15.0,United Kingdom,Western Europe
4538,journal of investigative medicine high impact case reports,journal,0.296,15.0,United Kingdom,Western Europe
4539,iet smart grid,journal,0.794,15.0,United Kingdom,Western Europe
4540,industria textila,journal,0.293,15.0,Romania,Eastern Europe
4541,journal of biomedical physics and engineering,journal,0.315,15.0,Iran,Middle East
4542,area development and policy,journal,0.775,15.0,United Kingdom,Western Europe
4543,journal of geometric mechanics,journal,0.26,15.0,United States,Northern America
4544,international journal of electronic security and digital forensics,journal,0.294,15.0,United Kingdom,Western Europe
4545,jisuan wulichinese journal of computational physics,journal,0.208,15.0,China,Asiatic Region
4546,fire,journal,0.706,15.0,Switzerland,Western Europe
4547,materials discovery,journal,0.423,15.0,United Kingdom,Western Europe
4548,brodogradnja,journal,0.662,15.0,Croatia,Eastern Europe
4549,international journal of airconditioning and refrigeration,journal,0.337,15.0,United States,Northern America
4550,journal of applied security research,journal,0.271,15.0,United Kingdom,Western Europe
4551,guti lixue xuebaoacta mechanica solida sinica,journal,0.182,15.0,China,Asiatic Region
4552,chemtexts,journal,0.432,15.0,Switzerland,Western Europe
4553,traitement du signal,journal,0.337,15.0,France,Western Europe
4554,issues in environmental science and technology,book series,0.216,15.0,United Kingdom,Western Europe
4555,journal of micro and nanomanufacturing,journal,0.359,15.0,United States,Northern America
4556,international journal of mechatronics and automation,journal,0.183,15.0,Switzerland,Western Europe
4557,hardwarex,journal,0.608,15.0,United Kingdom,Western Europe
4558,chemija,journal,0.159,15.0,Lithuania,Eastern Europe
4559,aistech iron and steel technology conference proceedings,conference and proceedings,0.183,15.0,United States,Northern America
4560,journal of urban and environmental engineering,journal,0.205,15.0,Brazil,Latin America
4561,international agricultural engineering journal,journal,0.116,15.0,Thailand,Asiatic Region
4562,current materials science,journal,0.167,15.0,Netherlands,Western Europe
4563,peace review,journal,0.185,15.0,United Kingdom,Western Europe
4564,journal of electromagnetic engineering and science,journal,0.546,15.0,South Korea,Asiatic Region
4565,internet of things,book series,0.769,15.0,Switzerland,Western Europe
4566,dianli jiansheelectric power construction,journal,0.275,15.0,China,Asiatic Region
4567,journal of communications software and systems,journal,0.261,15.0,Croatia,Eastern Europe
4568,imago mundi,journal,0.102,15.0,United Kingdom,Western Europe
4569,african journal of science technology innovation and development,journal,0.26,15.0,United Kingdom,Western Europe
4570,modern tunnelling technology,journal,0.27,15.0,China,Asiatic Region
4571,jmir diabetes,journal,0.745,15.0,Canada,Northern America
4572,sealing technology,trade journal,0.111,15.0,United Kingdom,Western Europe
4573,european countryside,journal,0.329,15.0,Germany,Western Europe
4574,liquid crystals today,journal,0.263,15.0,United Kingdom,Western Europe
4575,wiadomosci lekarskie,journal,0.126,15.0,Poland,Eastern Europe
4576,acta mechanica et automatica,journal,0.248,15.0,Poland,Eastern Europe
4577,journal of the institution of engineers india series b,journal,0.237,15.0,India,Asiatic Region
4578,international journal of design and nature and ecodynamics,journal,0.252,15.0,United Kingdom,Western Europe
4579,international journal of vehicle safety,journal,0.135,15.0,United Kingdom,Western Europe
4580,international journal of vehicle systems modelling and testing,journal,0.134,15.0,United Kingdom,Western Europe
4581,nano materials science,journal,2.133,15.0,China,Asiatic Region
4582,applied computational electromagnetics society newsletter,trade journal,0.211,15.0,United States,Northern America
4583,zywnosc nauka technologia jakoscfood science technology quality,journal,0.133,15.0,Poland,Eastern Europe
4584,operational research in engineering sciences theory and applications,journal,0.963,15.0,Serbia,Eastern Europe
4585,evergreen,journal,0.48,15.0,Japan,Asiatic Region
4586,nato science for peace and security series b physics and biophysics,book series,0.105,15.0,Germany,Western Europe
4587,fishes,journal,0.549,15.0,Switzerland,Western Europe
4588,international review of automatic control,journal,0.321,15.0,Italy,Western Europe
4589,linguistics in the netherlands,journal,0.133,15.0,Netherlands,Western Europe
4590,frontiers in mechanical engineering,journal,0.446,15.0,Switzerland,Western Europe
4591,periodica polytechnica transportation engineering,journal,0.439,15.0,Hungary,Eastern Europe
4592,international journal of selfpropagating hightemperature synthesis,journal,0.255,15.0,United States,Northern America
4593,ieee sensors letters,journal,0.694,15.0,United States,Northern America
4594,robomech journal,journal,0.63,15.0,Switzerland,Western Europe
4595,progress in rubber plastics and recycling technology,journal,0.369,15.0,United Kingdom,Western Europe
4596,upb scientific bulletin series c electrical engineering and computer science,journal,0.141,15.0,Romania,Eastern Europe
4597,international journal of microstructure and materials properties,journal,0.141,15.0,United Kingdom,Western Europe
4598,xi'an shiyou daxue xuebao ziran kexue banjournal of xi'an shiyou university natural sciences edition,journal,0.26,15.0,China,Asiatic Region
4599,international journal of microwave and optical technology,journal,0.134,15.0,United States,Northern America
4600,beijing jiaotong daxue xuebaojournal of beijing jiaotong university,journal,0.22,15.0,China,Asiatic Region
4601,archive of mechanical engineering,journal,0.22,15.0,Poland,Eastern Europe
4602,technical electrodynamics,journal,0.221,15.0,Ukraine,Eastern Europe
4603,engineering and technology,trade journal,0.106,15.0,United Kingdom,Western Europe
4604,aviation,journal,0.218,15.0,Lithuania,Eastern Europe
4605,advances in civil engineering materials,journal,0.554,15.0,United States,Northern America
4606,regenerative engineering and translational medicine,journal,0.565,15.0,Switzerland,Western Europe
4607,international energy journal,journal,0.235,15.0,Thailand,Asiatic Region
4608,gigiena i sanitariia,journal,0.24,15.0,Russian Federation,Eastern Europe
4609,journal of textile engineering,journal,0.193,15.0,Japan,Asiatic Region
4610,materials today bio,journal,1.555,15.0,Netherlands,Western Europe
4611,revista escola de minas,journal,0.188,15.0,Brazil,Latin America
4612,international journal of information and computer security,journal,0.223,15.0,United Kingdom,Western Europe
4613,mathematical modelling of engineering problems,journal,0.314,15.0,Canada,Northern America
4614,geo geography and environment,journal,0.548,15.0,United Kingdom,Western Europe
4615,admet and dmpk,journal,0.262,15.0,Croatia,Eastern Europe
4616,archives des sciences,journal,0.161,15.0,Switzerland,Western Europe
4617,computational toxicology,journal,0.631,15.0,Netherlands,Western Europe
4618,results in engineering,journal,0.692,15.0,Netherlands,Western Europe
4619,beijing youdian xueyuan xuebaojournal of beijing university of posts and telecommunications,journal,0.148,15.0,China,Asiatic Region
4620,gaoya wuli xuebaochinese journal of high pressure physics,journal,0.18,15.0,China,Asiatic Region
4621,international journal of nanoparticles,journal,0.123,15.0,United Kingdom,Western Europe
4622,primate conservation,journal,0.277,15.0,United States,Northern America
4623,applied computational intelligence and soft computing,journal,0.611,15.0,Egypt,Africa/Middle East
4624,journal of mechanical engineering,journal,0.246,15.0,Malaysia,Asiatic Region
4625,functional materials,journal,0.176,15.0,Ukraine,Eastern Europe
4626,tunnels and tunnelling international,trade journal,0.101,15.0,United Kingdom,Western Europe
4627,aims energy,journal,0.362,15.0,United States,Northern America
4628,concurrent systems engineering series,book series,0.108,15.0,Netherlands,Western Europe
4629,journal of cellular automata,journal,0.197,15.0,United States,Northern America
4630,revista romana de materiale romanian journal of materials,journal,0.203,15.0,Romania,Eastern Europe
4631,materials advances,journal,0.667,15.0,United Kingdom,Western Europe
4632,micro and nano systems letters,journal,0.373,15.0,Germany,Western Europe
4633,informacion tecnologica,journal,,15.0,Chile,Latin America
4634,proceedings of the institution of civil engineers engineering and computational mechanics,journal,0.202,15.0,United Kingdom,Western Europe
4635,iranian journal of materials science and engineering,journal,0.2,15.0,Iran,Middle East
4636,scientific african,journal,0.436,15.0,Netherlands,Western Europe
4637,food chemistry x,journal,1.012,15.0,United Kingdom,Western Europe
4638,international journal of circuits systems and signal processing,journal,0.195,15.0,United States,Northern America
4639,noise and vibration worldwide,journal,0.24,15.0,United States,Northern America
4640,physics in perspective,journal,0.113,15.0,Switzerland,Western Europe
4641,micro and nanosystems,journal,0.178,15.0,Netherlands,Western Europe
4642,indian chemical engineer,journal,0.285,14.0,United Kingdom,Western Europe
4643,journal of beijing institute of technology english edition,journal,0.125,14.0,China,Asiatic Region
4644,international journal of food contamination,journal,0.66,14.0,United Kingdom,Western Europe
4645,tecnologia y ciencias del agua,journal,0.158,14.0,Mexico,Latin America
4646,energy engineering journal of the association of energy engineers,journal,0.165,14.0,United States,Northern America
4647,nami jishu yu jingmi gongchengnanotechnology and precision engineering,journal,0.426,14.0,China,Asiatic Region
4648,pirineos,journal,0.271,14.0,Spain,Western Europe
4649,melliand international,trade journal,0.1,14.0,United States,Northern America
4650,guti huojian jishujournal of solid rocket technology,journal,0.242,14.0,China,Asiatic Region
4651,nanoscience and technology,journal,0.734,14.0,United States,Northern America
4652,metabarcoding and metagenomics,journal,1.366,14.0,Bulgaria,Eastern Europe
4653,international journal of metrology and quality engineering,journal,0.169,14.0,France,Western Europe
4654,environment and society advances in research,journal,1.442,14.0,United States,Northern America
4655,bmc chemistry,journal,0.526,14.0,United Kingdom,Western Europe
4656,water security,journal,0.8,14.0,Netherlands,Western Europe
4657,rubber world,journal,0.104,14.0,United States,Northern America
4658,european policy analysis,journal,0.601,14.0,United States,Northern America
4659,acta metallurgica slovaca,journal,0.228,14.0,Slovakia,Eastern Europe
4660,wuhan ligong daxue xuebao jiaotong kexue yu gongcheng banjournal of wuhan university of technology transportation science and engineering,journal,0.128,14.0,China,Asiatic Region
4661,journal of electrochemical science and technology,journal,0.459,14.0,South Korea,Asiatic Region
4662,annals of solid and structural mechanics,journal,0.423,14.0,Germany,Western Europe
4663,materials performance and characterization,journal,0.255,14.0,United States,Northern America
4664,military operations research,journal,0.147,14.0,United States,Northern America
4665,ocean and polar research,journal,0.147,14.0,South Korea,Asiatic Region
4666,open house international,journal,0.161,14.0,United Kingdom,Western Europe
4667,european energy and environmental law review,journal,0.147,14.0,Netherlands,Western Europe
4668,international journal of engineering systems modelling and simulation,journal,0.131,14.0,Switzerland,Western Europe
4669,atmospheric environment x,journal,1.048,14.0,United Kingdom,Western Europe
4670,journal of sustainable water in the built environment,journal,0.589,14.0,United States,Northern America
4671,ieee journal on multiscale and multiphysics computational techniques,journal,0.607,14.0,United States,Northern America
4672,industrie alimentari,journal,0.123,14.0,Italy,Western Europe
4673,naturschutz und landschaftsplanung,journal,0.123,14.0,Germany,Western Europe
4674,journal of ecology and environment,journal,0.471,14.0,United Kingdom,Western Europe
4675,cis iron and steel review,journal,0.694,14.0,Russian Federation,Eastern Europe
4676,air soil and water research,journal,0.7,14.0,United States,Northern America
4677,interaction design and architectures,journal,0.353,14.0,Italy,Western Europe
4678,chinese journal of population resources and environment,journal,0.521,14.0,United Kingdom,Western Europe
4679,civil engineering,trade journal,0.102,14.0,United States,Northern America
4680,microwaves and rf,trade journal,0.117,14.0,United States,Northern America
4681,japan journal of food engineering,journal,0.133,14.0,Japan,Asiatic Region
4682,one ecosystem,journal,0.891,14.0,Bulgaria,Eastern Europe
4683,journal of analysis and testing,journal,0.574,14.0,Singapore,Asiatic Region
4684,neiranji gongchengchinese internal combustion engine engineering,journal,0.156,14.0,China,Asiatic Region
4685,anuario do instituto de geociencias,journal,0.186,14.0,Brazil,Latin America
4686,floresta,journal,0.247,14.0,Brazil,Latin America
4687,journal of the institution of engineers india series a,journal,0.323,14.0,India,Asiatic Region
4688,nanjing li gong daxue xuebaojournal of nanjing university of science and technology,journal,0.218,14.0,China,Asiatic Region
4689,global energy interconnection,journal,0.488,14.0,China,Asiatic Region
4690,physical chemistry research,journal,0.269,14.0,Iran,Middle East
4691,biochar,journal,1.365,14.0,Germany,Western Europe
4692,biomedical glasses,journal,0.348,14.0,Germany,Western Europe
4693,ochrona srodowiska,journal,0.132,14.0,Poland,Eastern Europe
4694,petroleum and coal,journal,0.204,14.0,Slovakia,Eastern Europe
4695,advanced industrial and engineering polymer research,journal,1.327,14.0,China,Asiatic Region
4696,mechanics and mechanical engineering,journal,0.199,14.0,Poland,Eastern Europe
4697,journal of emergency management,journal,0.26,14.0,United States,Northern America
4698,gaofenzi cailiao kexue yu gongchengpolymeric materials science and engineering,journal,0.127,14.0,China,Asiatic Region
4699,journal of fiber bioengineering and informatics,journal,0.126,14.0,China,Asiatic Region
4700,carbon resources conversion,journal,1.126,14.0,China,Asiatic Region
4701,international journal of service science management engineering and technology,journal,0.324,14.0,United States,Northern America
4702,advances in environmental accounting and management,book series,0.107,14.0,United Kingdom,Western Europe
4703,international journal of low radiation,journal,0.11,14.0,United Kingdom,Western Europe
4704,journal of precollege engineering education research,journal,0.374,14.0,United States,Northern America
4705,bioinspired biomimetic and nanobiomaterials,journal,0.299,14.0,United Kingdom,Western Europe
4706,nanobiomedicine,journal,0.692,14.0,United Kingdom,Western Europe
4707,earth,journal,0.103,14.0,United States,Northern America
4708,pnrpu mechanics bulletin,journal,0.374,14.0,Russian Federation,Eastern Europe
4709,quantum studies mathematics and foundations,journal,0.27,14.0,Switzerland,Western Europe
4710,facets,journal,0.59,14.0,Canada,Northern America
4711,journal of the indian ocean region,journal,0.344,14.0,United States,Northern America
4712,shi you lian zhi yu hua gongpetroleum processing and petrochemicals,journal,0.106,14.0,China,Asiatic Region
4713,drewno,journal,0.311,14.0,Poland,Eastern Europe
4714,jphys photonics,journal,1.02,14.0,United Kingdom,Western Europe
4715,serbian astronomical journal,journal,0.269,14.0,Serbia,Eastern Europe
4716,he jishunuclear techniques,journal,0.268,14.0,China,Asiatic Region
4717,indonesian journal of science and technology,journal,0.71,14.0,Indonesia,Asiatic Region
4718,arab gulf journal of scientific research,journal,0.102,14.0,United Kingdom,Western Europe
4719,asceasme journal of risk and uncertainty in engineering systems part b mechanical engineering,journal,0.385,14.0,United States,Northern America
4720,radioelectronics and communications systems,journal,0.294,14.0,United States,Northern America
4721,dandao xuebaojournal of ballistics,journal,0.256,14.0,China,Asiatic Region
4722,lecture notes in energy,book series,0.485,14.0,United States,Northern America
4723,revista invi,journal,0.38,14.0,Chile,Latin America
4724,international journal of abrasive technology,journal,0.173,14.0,United Kingdom,Western Europe
4725,lasers in manufacturing and materials processing,journal,0.498,14.0,United States,Northern America
4726,electron paramagnetic resonance,book series,0.197,14.0,United Kingdom,Western Europe
4727,journal of hard tissue biology,journal,0.152,14.0,Japan,Asiatic Region
4728,austrian journal of forest science,journal,0.303,14.0,Austria,Western Europe
4729,malaysian journal of science,journal,0.159,14.0,Malaysia,Asiatic Region
4730,vakuum in forschung und praxis,journal,0.149,14.0,Germany,Western Europe
4731,international journal bioautomation,journal,0.198,14.0,Bulgaria,Eastern Europe
4732,international journal of fluid machinery and systems,journal,0.305,14.0,Japan,Asiatic Region
4733,applied mathematics and nonlinear sciences,journal,0.84,14.0,Poland,Eastern Europe
4734,tribology online,journal,0.336,14.0,Japan,Asiatic Region
4735,advances in power electronics,journal,0.234,14.0,Egypt,Africa/Middle East
4736,journal of thermal engineering,journal,0.288,14.0,Turkey,Middle East
4737,international journal of mechanical engineering education,journal,0.388,14.0,United Kingdom,Western Europe
4738,physical sciences reviews,journal,0.318,14.0,Germany,Western Europe
4739,open biotechnology journal,journal,0.374,14.0,United Arab Emirates,Middle East
4740,european coatings journal,trade journal,0.319,14.0,Germany,Western Europe
4741,shenyang jianzhu daxue xuebao ziran kexue banjournal of shenyang jianzhu university natural science,journal,0.184,14.0,China,Asiatic Region
4742,cailiao kexue yu gongyimaterial science and technology,journal,0.141,14.0,China,Asiatic Region
4743,international journal of structural engineering,journal,0.228,14.0,United Kingdom,Western Europe
4744,jiliang xuebaoacta metrologica sinica,journal,0.226,14.0,China,Asiatic Region
4745,acta imeko,journal,0.224,14.0,Hungary,Eastern Europe
4746,ite transactions on media technology and applications,journal,0.363,14.0,Japan,Asiatic Region
4747,catalysis structure and reactivity,journal,0.305,14.0,United Kingdom,Western Europe
4748,engineering management in production and services,journal,0.429,14.0,Poland,Eastern Europe
4749,ieee solidstate circuits letters,journal,1.484,14.0,United States,Northern America
4750,conference digest ieee international semiconductor laser conference,conference and proceedings,0.175,14.0,United States,Northern America
4751,international journal of mining and mineral engineering,journal,0.181,14.0,Switzerland,Western Europe
4752,archives of foundry engineering,journal,0.21,14.0,Poland,Eastern Europe
4753,manufacturing engineering,trade journal,0.101,14.0,United States,Northern America
4754,journal of reliable intelligent environments,journal,0.707,14.0,Switzerland,Western Europe
4755,journal of protective coatings and linings,journal,0.105,14.0,United States,Northern America
4756,mining of mineral deposits,journal,0.522,14.0,Ukraine,Eastern Europe
4757,international journal of energy for a clean environment,journal,0.445,14.0,United States,Northern America
4758,school library research,journal,0.284,14.0,United States,Northern America
4759,stochastics and quality control,journal,0.401,14.0,Germany,Western Europe
4760,asian myrmecology,journal,0.211,14.0,Malaysia,Asiatic Region
4761,journal of electrochemical science and engineering,journal,0.287,14.0,Croatia,Eastern Europe
4762,iranian journal of electrical and electronic engineering,journal,0.189,14.0,Iran,Middle East
4763,international journal of energetic materials and chemical propulsion,journal,0.387,14.0,United States,Northern America
4764,journal of green engineering,journal,,14.0,Denmark,Western Europe
4765,advances in materials and processing technologies,journal,0.397,14.0,United Kingdom,Western Europe
4766,coke and chemistry,journal,0.26,14.0,United States,Northern America
4767,cartographic perspectives,journal,0.347,14.0,United States,Northern America
4768,journal of animal science and technology,journal,0.454,14.0,South Korea,Asiatic Region
4769,bulletin of the lebedev physics institute,journal,0.229,14.0,United States,Northern America
4770,ingenieria e investigacion,journal,0.19,14.0,Colombia,Latin America
4771,eaispringer innovations in communication and computing,book series,0.178,14.0,Switzerland,Western Europe
4772,xiandai huagongmodern chemical industry,journal,0.112,14.0,China,Asiatic Region
4773,diagnostyka,journal,0.281,14.0,Poland,Eastern Europe
4774,journal of ovonic research,journal,0.293,14.0,Romania,Eastern Europe
4775,transactions of nanjing university of aeronautics and astronautics,journal,0.187,14.0,China,Asiatic Region
4776,journal of the chinese society of mechanical engineers transactions of the chinese institute of engineers series cchungkuo chi hsueh kung ch'eng hsuebo pao,journal,0.13,13.0,Taiwan,Asiatic Region
4777,technology and economics of smart grids and sustainable energy,journal,0.524,13.0,Singapore,Asiatic Region
4778,international journal of advanced intelligence paradigms,journal,0.237,13.0,United Kingdom,Western Europe
4779,recent patents on mechanical engineering,journal,0.166,13.0,United Arab Emirates,Middle East
4780,soldagem e inspecao,journal,0.22,13.0,Brazil,Latin America
4781,chinese rare earths,journal,0.183,13.0,China,Asiatic Region
4782,international journal of multiphysics,journal,0.239,13.0,United Kingdom,Western Europe
4783,aerospace america,trade journal,0.107,13.0,United States,Northern America
4784,mikologiya i fitopatologiya,journal,0.176,13.0,Russian Federation,Eastern Europe
4785,organometallic chemistry,book series,0.517,13.0,United Kingdom,Western Europe
4786,mainzer geowissenschaftliche mitteilungen,journal,0.109,13.0,Germany,Western Europe
4787,power technology and engineering,trade journal,0.307,13.0,United States,Northern America
4788,soil science annual,journal,0.363,13.0,Poland,Eastern Europe
4789,gaojishu tongxinhigh technology letters,journal,0.119,13.0,China,Asiatic Region
4790,plastics engineering,journal,0.107,13.0,United States,Northern America
4791,international journal of geoengineering,journal,0.603,13.0,Singapore,Asiatic Region
4792,lecture notes in civil engineering,book series,0.133,13.0,Switzerland,Western Europe
4793,journal of harbin institute of technology new series,journal,0.133,13.0,China,Asiatic Region
4794,journal of telecommunications and information technology,journal,0.23,13.0,Poland,Eastern Europe
4795,journal of transportation engineering part b pavements,journal,0.636,13.0,United States,Northern America
4796,international journal of signal and imaging systems engineering,journal,0.178,13.0,United Kingdom,Western Europe
4797,hydrologie und wasserbewirtschaftung,journal,0.163,13.0,Germany,Western Europe
4798,leonardo music journal,journal,0.135,13.0,United States,Northern America
4799,ingegneria ferroviaria,journal,0.24,13.0,Italy,Western Europe
4800,zhongshan daxue xuebaoacta scientiarum natralium universitatis sunyatseni,journal,0.158,13.0,China,Asiatic Region
4801,international journal of computer aided engineering and technology,journal,0.175,13.0,Switzerland,Western Europe
4802,electronic journal of theoretical physics,journal,0.143,13.0,Ukraine,Eastern Europe
4803,nature environment and pollution technology,journal,0.169,13.0,India,Asiatic Region
4804,world journal of engineering,journal,0.296,13.0,United Kingdom,Western Europe
4805,earth and planetary physics,journal,0.513,13.0,United States,Northern America
4806,tekstilec,trade journal,0.312,13.0,Slovenia,Eastern Europe
4807,psyecology,journal,0.326,13.0,United Kingdom,Western Europe
4808,observatory,journal,0.123,13.0,United Kingdom,Western Europe
4809,iranian journal of pharmaceutical sciences,journal,0.136,13.0,Iran,Middle East
4810,advancing microelectronics,journal,0.112,13.0,United States,Northern America
4811,advances in aircraft and spacecraft science,journal,0.294,13.0,South Korea,Asiatic Region
4812,designs,journal,0.372,13.0,Switzerland,Western Europe
4813,international journal of hydrology science and technology,journal,0.28,13.0,United Kingdom,Western Europe
4814,energy harvesting and systems,journal,0.618,13.0,Germany,Western Europe
4815,theology and science,journal,0.122,13.0,United Kingdom,Western Europe
4816,studia universitatis babesbolyai chemia,journal,0.165,13.0,Romania,Eastern Europe
4817,journal of flow visualization and image processing,journal,0.378,13.0,United States,Northern America
4818,glass structures and engineering,journal,0.486,13.0,Switzerland,Western Europe
4819,water economics and policy,journal,0.376,13.0,Singapore,Asiatic Region
4820,journal of water law,journal,0.102,13.0,United Kingdom,Western Europe
4821,textile history,journal,0.121,13.0,United Kingdom,Western Europe
4822,shengwu yixue gongchengxue zazhijournal of biomedical engineering,journal,0.127,13.0,China,Asiatic Region
4823,japanese journal of ecology,journal,0.109,13.0,Japan,Asiatic Region
4824,chinese astronomy and astrophysics,journal,0.133,13.0,United Kingdom,Western Europe
4825,applied adhesion science,journal,0.314,13.0,Switzerland,Western Europe
4826,environmental research communications,journal,0.834,13.0,United Kingdom,Western Europe
4827,west african journal of applied ecology,journal,0.178,13.0,Ghana,Africa
4828,structural integrity and life,journal,0.283,13.0,Serbia,Eastern Europe
4829,usda forest service research papers rmrs,journal,0.115,13.0,United States,Northern America
4830,international journal of power electronics,journal,0.128,13.0,Switzerland,Western Europe
4831,china petroleum exploration,journal,1.843,13.0,China,Asiatic Region
4832,letters on materials,journal,0.31,13.0,Russian Federation,Eastern Europe
4833,geography and natural resources,journal,0.296,13.0,United States,Northern America
4834,zhuzaofoundry,journal,0.108,13.0,China,Asiatic Region
4835,periodica polytechnica electrical engineering and computer science,journal,0.315,13.0,Hungary,Eastern Europe
4836,obogashchenie rud,journal,0.505,13.0,Russian Federation,Eastern Europe
4837,international journal of nuclear energy science and technology,journal,0.155,13.0,United Kingdom,Western Europe
4838,csee journal of power and energy systems,journal,0.63,13.0,United States,Northern America
4839,chungkuo tsao chihchina pulp and paper,trade journal,0.149,13.0,China,Asiatic Region
4840,international journal of plasma environmental science and technology,journal,0.18,13.0,Japan,Asiatic Region
4841,sdhm structural durability and health monitoring,journal,0.274,13.0,United States,Northern America
4842,ingeniare,journal,0.188,13.0,Chile,Latin America
4843,australian journal of mechanical engineering,journal,0.286,13.0,United Kingdom,Western Europe
4844,energy and ai,journal,2.536,13.0,Netherlands,Western Europe
4845,journal of structural engineering madras,journal,0.136,13.0,India,Asiatic Region
4846,materials today sustainability,journal,1.102,13.0,United Kingdom,Western Europe
4847,foundations and trends in systems and control,journal,3.273,13.0,United States,Northern America
4848,nanomedicine research journal,journal,0.255,13.0,Iran,Middle East
4849,ugol,journal,0.415,13.0,Russian Federation,Eastern Europe
4850,china petroleum processing and petrochemical technology,journal,0.205,13.0,China,Asiatic Region
4851,springer geography,book series,0.104,13.0,Germany,Western Europe
4852,journal of language aggression and conflict,journal,0.643,13.0,Netherlands,Western Europe
4853,bulletin of the tomsk polytechnic university geo assets engineering,journal,0.397,13.0,Russian Federation,Eastern Europe
4854,environmental policy and law,journal,0.18,13.0,Netherlands,Western Europe
4855,international journal of autonomous and adaptive communications systems,journal,0.151,13.0,United Kingdom,Western Europe
4856,epj photovoltaics,journal,0.248,13.0,France,Western Europe
4857,chinese space science and technology,journal,0.243,13.0,China,Asiatic Region
4858,mendel,journal,0.199,13.0,Czech Republic,Eastern Europe
4859,international journal of dynamical systems and differential equations,journal,0.197,13.0,United Kingdom,Western Europe
4860,archives of hydroengineering and environmental mechanics,journal,0.119,13.0,Poland,Eastern Europe
4861,journal of environmental accounting and management,journal,0.259,13.0,United States,Northern America
4862,nuclear physics news,journal,0.254,13.0,United Kingdom,Western Europe
4863,revista ingenieria de construccion,journal,0.197,13.0,Chile,Latin America
4864,environnement risques et sante,journal,,13.0,France,Western Europe
4865,geochemical perspectives,journal,0.143,13.0,Netherlands,Western Europe
4866,nanomanufacturing and metrology,journal,0.975,13.0,Singapore,Asiatic Region
4867,huadong ligong daxue xuebao journal of east china university of science and technology,journal,0.114,13.0,China,Asiatic Region
4868,pharmaceutical nanotechnology,journal,0.519,13.0,Netherlands,Western Europe
4869,revista facultad de ingenieria,journal,0.206,13.0,Colombia,Latin America
4870,distributed generation and alternative energy journal,journal,0.159,13.0,Denmark,Western Europe
4871,journal of health and pollution,journal,0.605,13.0,United States,Northern America
4872,fenmo yejin jishupowder metallurgy technology,journal,0.163,13.0,China,Asiatic Region
4873,nanoscience and nanotechnology asia,journal,0.192,13.0,United Arab Emirates,Middle East
4874,tsvetnye metally,journal,0.344,13.0,Russian Federation,Eastern Europe
4875,catalysis,book series,0.249,13.0,United Kingdom,Western Europe
4876,biodiversity science,journal,0.273,13.0,China,Asiatic Region
4877,chinese journal of biomedical engineering,journal,0.117,13.0,China,Asiatic Region
4878,palpu chongi gisuljournal of korea technical association of the pulp and paper industry,journal,0.188,13.0,South Korea,Asiatic Region
4879,periodica polytechnica social and management sciences,journal,0.338,13.0,Hungary,Eastern Europe
4880,photobiomodulation photomedicine and laser surgery,journal,0.464,13.0,United States,Northern America
4881,rudarsko geolosko naftni zbornik,journal,0.434,13.0,Croatia,Eastern Europe
4882,epj applied metamaterials,journal,0.237,13.0,France,Western Europe
4883,journal of mathematical and fundamental sciences,journal,0.24,13.0,Indonesia,Asiatic Region
4884,bulletin of the georgian national academy of sciences,journal,0.194,13.0,Georgia,Eastern Europe
4885,yadian yu shengguangpiezoelectrics and acoustooptics,journal,0.188,13.0,China,Asiatic Region
4886,metall,journal,0.108,13.0,Germany,Western Europe
4887,suxing gongcheng xuebaojournal of plasticity engineering,journal,0.228,13.0,China,Asiatic Region
4888,movement and sports sciences science et motricite,journal,0.238,13.0,France,Western Europe
4889,proceedings of institution of civil engineers management procurement and law,journal,0.287,13.0,United Kingdom,Western Europe
4890,rilem technical letters,journal,0.898,13.0,France,Western Europe
4891,zhongguo kexue jishu kexuescientia sinica technologica,journal,0.213,13.0,China,Asiatic Region
4892,intelligent systems control and automation science and engineering,book series,0.275,13.0,United States,Northern America
4893,ipsj transactions on system lsi design methodology,journal,0.142,13.0,Japan,Asiatic Region
4894,international journal of systems control and communications,journal,0.186,13.0,Switzerland,Western Europe
4895,resources conservation and recycling x,journal,2.304,13.0,Netherlands,Western Europe
4896,journal of legal affairs and dispute resolution in engineering and construction,journal,0.672,13.0,United States,Northern America
4897,proceedings rapid excavation and tunneling conference,conference and proceedings,0.106,13.0,United States,Northern America
4898,australian journal of civil engineering,journal,0.458,13.0,United Kingdom,Western Europe
4899,geographische rundschau,journal,0.179,13.0,Germany,Western Europe
4900,industry week,trade journal,0.103,13.0,United States,Northern America
4901,advances in military technology,journal,0.21,13.0,Czech Republic,Eastern Europe
4902,journal of urban ecology,journal,0.513,13.0,United States,Northern America
4903,journal of the institute of telecommunications professionals,journal,0.112,12.0,United Kingdom,Western Europe
4904,revista brasileira de recursos hidricos,journal,0.332,12.0,Brazil,Latin America
4905,nature conservation research,journal,0.362,12.0,Russian Federation,Eastern Europe
4906,journal of structural and construction engineering,journal,0.378,12.0,Japan,Asiatic Region
4907,journal of property planning and environmental law,journal,0.459,12.0,United Kingdom,Western Europe
4908,smart science,journal,0.373,12.0,United Kingdom,Western Europe
4909,revista mexicana de fisica e,journal,0.201,12.0,Mexico,Latin America
4910,nonlinear phenomena in complex systems,journal,0.274,12.0,Belarus,Eastern Europe
4911,journal of mines metals and fuels,journal,0.117,12.0,India,Asiatic Region
4912,agrarian south,journal,0.492,12.0,United States,Northern America
4913,public roads,trade journal,0.101,12.0,United States,Northern America
4914,mpt metallurgical plant and technology international,trade journal,0.101,12.0,Germany,Western Europe
4915,regional science policy and practice,journal,0.483,12.0,United States,Northern America
4916,regional research of russia,journal,0.426,12.0,United States,Northern America
4917,scientia sinica physica mechanica et astronomica,journal,0.177,12.0,China,Asiatic Region
4918,ecology and industry of russia,journal,0.478,12.0,Russian Federation,Eastern Europe
4919,revista brasileira de ensino de fisica,journal,0.204,12.0,Brazil,Latin America
4920,automotive innovation,journal,0.403,12.0,United States,Northern America
4921,international journal of materials engineering innovation,journal,0.282,12.0,United Kingdom,Western Europe
4922,eb elektrische bahnen,trade journal,0.101,12.0,Germany,Western Europe
4923,applied in vitro toxicology,journal,0.458,12.0,United States,Northern America
4924,kinematics and physics of celestial bodies,journal,0.177,12.0,United States,Northern America
4925,oilfield chemistry,journal,0.16,12.0,China,Asiatic Region
4926,petroleum research,journal,0.485,12.0,China,Asiatic Region
4927,international journal of geoinformatics,journal,0.157,12.0,Thailand,Asiatic Region
4928,energy informatics,journal,0.478,12.0,United Kingdom,Western Europe
4929,chiang mai university journal of natural sciences,journal,0.166,12.0,Thailand,Asiatic Region
4930,roads and bridges drogi i mosty,journal,0.371,12.0,Poland,Eastern Europe
4931,coupled systems mechanics,journal,0.369,12.0,South Korea,Asiatic Region
4932,energy conversion and management x,journal,1.662,12.0,United Kingdom,Western Europe
4933,quantum beam science,journal,0.366,12.0,Switzerland,Western Europe
4934,ribarstvo croatian journal of fisheries,journal,0.289,12.0,Croatia,Eastern Europe
4935,kyokai joho imeji zasshijournal of the institute of image information and television engineers,journal,0.1,12.0,Japan,Asiatic Region
4936,eurasian journal of biosciences,journal,0.163,12.0,Turkey,Middle East
4937,journal of nuclear engineering and radiation science,journal,0.285,12.0,United States,Northern America
4938,polymer crystallization,journal,0.336,12.0,United States,Northern America
4939,furukawa review,journal,0.102,12.0,Japan,Asiatic Region
4940,safety,journal,0.396,12.0,Switzerland,Western Europe
4941,chernye metally,journal,0.35,12.0,Russian Federation,Eastern Europe
4942,contributions of the astronomical observatory skalnate pleso,journal,0.218,12.0,Slovakia,Eastern Europe
4943,o papel brazil,trade journal,0.102,12.0,Brazil,Latin America
4944,journal of advanced microscopy research,journal,0.119,12.0,United States,Northern America
4945,transactions of the korean institute of electrical engineers,journal,0.16,12.0,South Korea,Asiatic Region
4946,beijing huagong daxue xuebao ziran kexuebanjournal of beijing university of chemical technology natural science edition,journal,0.121,12.0,China,Asiatic Region
4947,international journal of mechanics and control,journal,0.339,12.0,Italy,Western Europe
4948,zhenkong kexue yu jishu xuebaojournal of vacuum science and technology,journal,0.107,12.0,China,Asiatic Region
4949,journal of institute of control robotics and systems,journal,0.222,12.0,South Korea,Asiatic Region
4950,international journal of technoethics,journal,0.174,12.0,United States,Northern America
4951,laser and optoelectronics progress,journal,0.224,12.0,China,Asiatic Region
4952,international journal of radio frequency identification technology and applications,journal,0.225,12.0,United Kingdom,Western Europe
4953,universitas scientiarum,journal,0.186,12.0,Colombia,Latin America
4954,computing and software for big science,journal,1.48,12.0,Switzerland,Western Europe
4955,isi bilimi ve teknigi dergisi journal of thermal science and technology,journal,0.185,12.0,Turkey,Middle East
4956,electrica,journal,0.231,12.0,Turkey,Middle East
4957,minerals metals and materials series,book series,0.213,12.0,Switzerland,Western Europe
4958,proceedings of the institution of civil engineers forensic engineering,journal,0.234,12.0,United Kingdom,Western Europe
4959,journal of telecommunications and the digital economy,journal,0.234,12.0,Australia,Pacific Region
4960,engineering transactions,journal,0.234,12.0,Poland,Eastern Europe
4961,mm science journal,journal,0.235,12.0,Czech Republic,Eastern Europe
4962,current protocols in essential laboratory techniques,journal,0.381,12.0,Germany,Western Europe
4963,technische mechanik,journal,0.307,12.0,Germany,Western Europe
4964,chinese journal of environmental engineering,journal,0.129,12.0,China,Asiatic Region
4965,mathematical and computational forestry and naturalresource sciences,journal,0.184,12.0,United States,Northern America
4966,studia geotechnica et mechanica,journal,0.342,12.0,Poland,Eastern Europe
4967,new space,journal,0.32,12.0,United States,Northern America
4968,materials china,journal,0.149,12.0,China,Asiatic Region
4969,landscape journal,journal,0.232,12.0,United States,Northern America
4970,current directions in biomedical engineering,journal,0.242,12.0,Germany,Western Europe
4971,wseas transactions on fluid mechanics,journal,0.163,12.0,Greece,Western Europe
4972,international journal of mechanical engineering and robotics research,journal,0.246,12.0,India,Asiatic Region
4973,annals of silvicultural research,journal,0.359,12.0,Italy,Western Europe
4974,journal of environmental law and litigation,journal,0.122,12.0,United States,Northern America
4975,huaxue gongchengchemical engineering,journal,0.112,12.0,China,Asiatic Region
4976,photochemistry,book series,0.351,12.0,United Kingdom,Western Europe
4977,yejin fenximetallurgical analysis,journal,0.192,12.0,China,Asiatic Region
4978,revista de la construccion,journal,0.213,12.0,Chile,Latin America
4979,international journal of reasoningbased intelligent systems,journal,0.21,12.0,Switzerland,Western Europe
4980,asian journal of water environment and pollution,journal,0.192,12.0,Netherlands,Western Europe
4981,analytical and bioanalytical chemistry research,journal,0.295,12.0,Iran,Middle East
4982,galvanotechnik,trade journal,0.123,12.0,Germany,Western Europe
4983,energy and built environment,journal,1.571,12.0,China,Asiatic Region
4984,development engineering,journal,0.706,12.0,United Kingdom,Western Europe
4985,journal of biomimetics biomaterials and biomedical engineering,journal,0.212,12.0,Germany,Western Europe
4986,communications in applied and industrial mathematics,journal,0.199,12.0,Germany,Western Europe
4987,acm transactions on modeling and performance evaluation of computing systems,journal,0.452,12.0,United States,Northern America
4988,moscow university biological sciences bulletin,journal,0.189,12.0,United States,Northern America
4989,journal of ict research and applications,journal,0.198,12.0,Indonesia,Asiatic Region
4990,journal of ocean technology,journal,0.197,12.0,Canada,Northern America
4991,ekologiya cheloveka human ecology,journal,0.188,12.0,Russian Federation,Eastern Europe
4992,high technology letters,journal,0.131,12.0,China,Asiatic Region
4993,iet nanodielectrics,journal,0.763,12.0,United Kingdom,Western Europe
4994,polymers from renewable resources,journal,0.208,12.0,United Kingdom,Western Europe
4995,tumu yu huanjing gongcheng xuebaojournal of civil and environmental engineering,journal,0.192,12.0,China,Asiatic Region
4996,italian journal of engineering geology and environment,journal,0.194,12.0,Italy,Western Europe
4997,discontinuity nonlinearity and complexity,journal,0.191,12.0,United States,Northern America
4998,corrosion and protection,journal,0.113,12.0,China,Asiatic Region
4999,international journal of mathematical engineering and management sciences,journal,0.332,12.0,India,Asiatic Region
5000,advances in science technology and engineering systems,journal,0.188,12.0,United States,Northern America
5001,welding and cutting,trade journal,0.111,12.0,Germany,Western Europe
5002,yiyong shengwu lixuejournal of medical biomechanics,journal,0.187,12.0,China,Asiatic Region
5003,ippta quarterly journal of indian pulp and paper technical association,journal,0.11,12.0,India,Asiatic Region
5004,current organocatalysis,journal,0.246,12.0,United Arab Emirates,Middle East
5005,carbohydrate chemistry,book series,0.244,12.0,United Kingdom,Western Europe
5006,dyna spain,journal,0.16,12.0,Spain,Western Europe
5007,indian journal of forensic medicine and toxicology,journal,,12.0,India,Asiatic Region
5008,advances in systems science and applications,journal,0.26,12.0,United States,Northern America
5009,actualite chimique,journal,0.101,12.0,France,Western Europe
5010,journal of sciences islamic republic of iran,journal,0.127,12.0,Iran,Middle East
5011,international journal of safety and security engineering,journal,0.22,12.0,United Kingdom,Western Europe
5012,condensed matter,journal,0.554,12.0,Switzerland,Western Europe
5013,international journal of medical engineering and informatics,journal,0.168,12.0,United Kingdom,Western Europe
5014,papers and proceedings royal society of tasmania,journal,0.119,12.0,Australia,Pacific Region
5015,springer series in geomechanics and geoengineering,book series,0.138,12.0,Germany,Western Europe
5016,case studies in chemical and environmental engineering,journal,1.128,12.0,United Kingdom,Western Europe
5017,advances in computational design,journal,0.259,12.0,South Korea,Asiatic Region
5018,optoelectronics instrumentation and data processing,journal,0.29,12.0,United States,Northern America
5019,clean energy,journal,0.859,12.0,United Kingdom,Western Europe
5020,nec technical journal,journal,0.161,12.0,Japan,Asiatic Region
5021,hydrobiological journal,journal,0.214,12.0,United States,Northern America
5022,journal of marine sciences,journal,0.208,12.0,Egypt,Africa/Middle East
5023,journal of engineering research,journal,0.254,12.0,Kuwait,Middle East
5024,journal of integrated circuits and systems,journal,0.125,12.0,Brazil,Latin America
5025,folia forestalia polonica series a,journal,0.213,12.0,Poland,Eastern Europe
5026,journal of the zhejiang university agriculture and life science,journal,0.131,12.0,China,Asiatic Region
5027,applied system innovation,journal,0.358,12.0,Switzerland,Western Europe
5028,strength fracture and complexity,journal,0.279,12.0,Netherlands,Western Europe
5029,composites mechanics computations applications,journal,0.163,12.0,United States,Northern America
5030,ambix,journal,0.114,12.0,United Kingdom,Western Europe
5031,international journal of integrated engineering,journal,0.267,12.0,Malaysia,Asiatic Region
5032,vernacular architecture,journal,0.117,12.0,United Kingdom,Western Europe
5033,polish journal of soil science,journal,0.151,12.0,Poland,Eastern Europe
5034,journal of mobile multimedia,journal,0.282,12.0,United States,Northern America
5035,rivista di studi sulla sostenibilita,journal,0.153,12.0,Italy,Western Europe
5036,inmateh agricultural engineering,journal,0.353,12.0,Romania,Eastern Europe
5037,journal of industrial integration and management,journal,1.517,12.0,Singapore,Asiatic Region
5038,engineering review,journal,0.152,12.0,Croatia,Eastern Europe
5039,journal of the institution of engineers india series d,journal,0.257,12.0,India,Asiatic Region
5040,journal of the iest,journal,0.137,12.0,United States,Northern America
5041,journal of the indian academy of wood science,journal,0.252,12.0,India,Asiatic Region
5042,kuste,journal,0.155,12.0,Germany,Western Europe
5043,educacion quimica,journal,0.19,12.0,Mexico,Latin America
5044,bandaoti guangdiansemiconductor optoelectronics,journal,0.148,12.0,China,Asiatic Region
5045,metu journal of the faculty of architecture,journal,0.156,12.0,Turkey,Middle East
5046,pollack periodica,journal,0.26,12.0,Hungary,Eastern Europe
5047,aapp atti della accademia peloritana dei pericolanti classe di scienze fisiche matematiche e naturali,journal,0.178,12.0,Italy,Western Europe
5048,moscow university chemistry bulletin,journal,0.171,12.0,United States,Northern America
5049,transactions of the royal institution of naval architects part b international journal of small craft technology,journal,0.243,11.0,United Kingdom,Western Europe
5050,fenmo yejin cailiao kexue yu gongchengmaterials science and engineering of powder metallurgy,journal,0.135,11.0,China,Asiatic Region
5051,proceedings of the latvian academy of sciences section b natural exact and applied sciences,journal,0.143,11.0,Poland,Eastern Europe
5052,heritage,journal,0.345,11.0,Switzerland,Western Europe
5053,international journal of computational materials science and surface engineering,journal,0.192,11.0,United Kingdom,Western Europe
5054,jingangshi yu moliao moju gongchengdiamond and abrasives engineering,journal,0.133,11.0,China,Asiatic Region
5055,cailiao daobaomaterials review,journal,0.164,11.0,China,Asiatic Region
5056,process integration and optimization for sustainability,journal,0.404,11.0,Singapore,Asiatic Region
5057,transportation infrastructure geotechnology,journal,0.362,11.0,United States,Northern America
5058,open fuels and energy science journal,journal,0.206,11.0,Netherlands,Western Europe
5059,jmir pediatrics and parenting,journal,0.78,11.0,Canada,Northern America
5060,chemistry africa,journal,0.324,11.0,Germany,Western Europe
5061,biometric technology today,trade journal,0.212,11.0,Netherlands,Western Europe
5062,bulletin de la societe vaudoise des sciences naturelles,journal,0.101,11.0,Switzerland,Western Europe
5063,revista chapingo serie ciencias forestales y del ambiente,journal,0.2,11.0,Mexico,Latin America
5064,applied chemistry for engineering,journal,0.139,11.0,South Korea,Asiatic Region
5065,journal of applied nonlinear dynamics,journal,0.212,11.0,United States,Northern America
5066,chemical engineering science x,journal,0.564,11.0,United Kingdom,Western Europe
5067,international journal of materials and structural integrity,journal,0.131,11.0,United Kingdom,Western Europe
5068,optica pura y aplicada,journal,0.179,11.0,Spain,Western Europe
5069,economia agroalimentare,journal,0.21,11.0,Italy,Western Europe
5070,journal of astronomy and space sciences,journal,0.296,11.0,South Korea,Asiatic Region
5071,international journal of electronics letters,journal,0.196,11.0,United Kingdom,Western Europe
5072,wseas transactions on applied and theoretical mechanics,journal,0.129,11.0,Greece,Western Europe
5073,journal of landscape ecologyczech republic,journal,0.31,11.0,Germany,Western Europe
5074,cyberphysical systems,journal,0.382,11.0,United Kingdom,Western Europe
5075,acta prataculturae sinica,journal,0.229,11.0,China,Asiatic Region
5076,indonesian journal of electrical engineering and informatics,journal,0.218,11.0,Indonesia,Asiatic Region
5077,latvian journal of physics and technical sciences,journal,0.272,11.0,Poland,Eastern Europe
5078,central asia and the caucasus,journal,,11.0,Sweden,Western Europe
5079,polish journal of natural sciences,journal,0.14,11.0,Poland,Eastern Europe
5080,bulletin de la societe royale des sciences de liege,journal,0.17,11.0,Belgium,Western Europe
5081,international journal of applied mechanics and engineering,journal,0.23,11.0,Germany,Western Europe
5082,aestimum,journal,0.325,11.0,Italy,Western Europe
5083,ecomont,journal,0.221,11.0,Austria,Western Europe
5084,international journal of rural management,journal,0.372,11.0,India,Asiatic Region
5085,journal of management science and engineering,journal,1.04,11.0,China,Asiatic Region
5086,progress in color colorants and coatings,journal,0.307,11.0,Iran,Middle East
5087,journal of the textile association,journal,0.169,11.0,India,Asiatic Region
5088,progress on chemistry and application of chitin and its derivatives,journal,0.172,11.0,Poland,Eastern Europe
5089,conservation evidence,journal,0.233,11.0,United Kingdom,Western Europe
5090,journal of railway engineering society,journal,0.299,11.0,China,Asiatic Region
5091,htm journal of heat treatment and materials,trade journal,0.33,11.0,Germany,Western Europe
5092,materiaux et techniques,journal,0.173,11.0,France,Western Europe
5093,city territory and architecture,journal,0.367,11.0,United Kingdom,Western Europe
5094,shenyang gongye daxue xuebaojournal of shenyang university of technology,journal,0.222,11.0,China,Asiatic Region
5095,bois et forets des tropiques,journal,0.242,11.0,France,Western Europe
5096,detritus,journal,0.331,11.0,Italy,Western Europe
5097,world scientific series on asiapacific weather and climate,book series,0.218,11.0,United States,Northern America
5098,international journal of intelligent unmanned systems,journal,0.305,11.0,United Kingdom,Western Europe
5099,arid ecosystems,journal,0.368,11.0,United States,Northern America
5100,spiiras proceedings,journal,0.267,11.0,Russian Federation,Eastern Europe
5101,hydrological research letters,journal,0.336,11.0,Japan,Asiatic Region
5102,pakistan journal of life and social sciences,journal,0.138,11.0,Pakistan,Asiatic Region
5103,advances in science and technology of water resources,journal,0.286,11.0,China,Asiatic Region
5104,journal of building pathology and rehabilitation,journal,0.381,11.0,Germany,Western Europe
5105,international journal of aviation aeronautics and aerospace,journal,0.317,11.0,United States,Northern America
5106,ecological questions,journal,0.312,11.0,Poland,Eastern Europe
5107,journal of university of science and technology of china,journal,0.113,11.0,China,Asiatic Region
5108,journal of biotech research,journal,0.183,11.0,United States,Northern America
5109,geography and sustainability,journal,1.634,11.0,China,Asiatic Region
5110,advances in materials research south korea,journal,0.583,11.0,South Korea,Asiatic Region
5111,steel construction,journal,0.617,11.0,United States,Northern America
5112,iaes international journal of artificial intelligence,journal,0.35,11.0,Indonesia,Asiatic Region
5113,peptide science,journal,0.628,11.0,United Kingdom,Western Europe
5114,journal of computational dynamics,journal,0.613,11.0,United States,Northern America
5115,dalian haishi daxue xuebaojournal of dalian maritime university,journal,0.147,11.0,China,Asiatic Region
5116,shenzhen daxue xuebao ligong banjournal of shenzhen university science and engineering,journal,0.149,11.0,China,Asiatic Region
5117,wochenblatt fuer papierfabrikation,trade journal,0.1,11.0,Germany,Western Europe
5118,technical textiles international,trade journal,0.1,11.0,United Kingdom,Western Europe
5119,proceedings of the royal society of queensland,journal,0.12,11.0,Australia,Pacific Region
5120,international journal for engineering modelling,journal,0.155,11.0,Croatia,Eastern Europe
5121,nanjing youdian daxue xuebao ziran kexue banjournal of nanjing university of posts and telecommunications natural science,journal,0.158,11.0,China,Asiatic Region
5122,international dyer and finisher,trade journal,0.101,11.0,United Kingdom,Western Europe
5123,heythrop journal quarterly review of philosophy and theology,journal,0.122,11.0,United States,Northern America
5124,economia agraria y recursos naturales,journal,0.477,11.0,Spain,Western Europe
5125,meitiandizhi yu kantancoal geology and exploration,journal,0.175,11.0,China,Asiatic Region
5126,journal of corrosion science and engineering,journal,0.102,11.0,United Kingdom,Western Europe
5127,journal of mass spectrometry and advances in the clinical lab,journal,0.436,11.0,Netherlands,Western Europe
5128,open chemical engineering journal,journal,0.213,11.0,United Arab Emirates,Middle East
5129,wt werkstattstechnik,journal,0.167,11.0,Germany,Western Europe
5130,mining informational and analytical bulletin,journal,0.466,11.0,Russian Federation,Eastern Europe
5131,social enterprise journal,journal,0.522,11.0,United Kingdom,Western Europe
5132,journal of hydrology x,journal,1.524,11.0,Netherlands,Western Europe
5133,journal of micromechanics and molecular physics,journal,0.418,11.0,Singapore,Asiatic Region
5134,chinese journal of tissue engineering research,journal,0.106,11.0,China,Asiatic Region
5135,recherche transports securite,journal,0.115,11.0,France,Western Europe
5136,journal of japan institute of electronics packaging,journal,0.112,11.0,Japan,Asiatic Region
5137,environmental and sustainability indicators,journal,0.703,11.0,Netherlands,Western Europe
5138,international journal of automation and smart technology,journal,0.121,11.0,Taiwan,Asiatic Region
5139,material design and processing communications,journal,0.422,11.0,United States,Northern America
5140,statistica e applicazioni,journal,0.125,11.0,Italy,Western Europe
5141,la mer,journal,0.124,11.0,Japan,Asiatic Region
5142,international journal of comadem,journal,0.125,11.0,United Kingdom,Western Europe
5143,european journal of spatial development,journal,0.572,11.0,Italy,Western Europe
5144,african review of physics,journal,0.12,11.0,Ghana,Africa
5145,journal of nanostructures,journal,0.261,11.0,Iran,Middle East
5146,limnology and oceanography bulletin,journal,0.557,11.0,United States,Northern America
5147,frontiers of biogeography,journal,0.862,11.0,United States,Northern America
5148,studies in regional science,journal,0.101,11.0,Japan,Asiatic Region
5149,architectural history,journal,0.128,11.0,United Kingdom,Western Europe
5150,international water power and dam construction,trade journal,0.101,11.0,United Kingdom,Western Europe
5151,international journal of masonry research and innovation,journal,0.436,11.0,United Kingdom,Western Europe
5152,journal of biophysics,journal,0.13,11.0,Egypt,Africa/Middle East
5153,gas wasserfach wasser abwasser,journal,0.1,11.0,Germany,Western Europe
5154,malaysian construction research journal,journal,0.139,11.0,Malaysia,Asiatic Region
5155,korean chemical engineering research,journal,0.184,11.0,South Korea,Asiatic Region
5156,journal of energy and natural resources law,journal,0.6,11.0,United Kingdom,Western Europe
5157,journal of the institution of engineers india series e,journal,0.285,11.0,India,Asiatic Region
5158,wireless power transfer,journal,0.34,11.0,United Kingdom,Western Europe
5159,shanghai ligong daxue xuebaojournal of university of shanghai for science and technology,journal,0.113,11.0,China,Asiatic Region
5160,transactions of the korean society of mechanical engineers a,journal,0.174,11.0,South Korea,Asiatic Region
5161,new carbon materials,journal,0.106,11.0,United States,Northern America
5162,power,trade journal,0.103,11.0,United States,Northern America
5163,linchan huaxue yu gongyechemistry and industry of forest products,journal,0.129,11.0,China,Asiatic Region
5164,international journal of computer science in sport,journal,0.403,11.0,Austria,Western Europe
5165,journal of donghua university english edition,journal,0.108,11.0,China,Asiatic Region
5166,journal of cryptologic research,journal,0.181,11.0,China,Asiatic Region
5167,international journal of social ecology and sustainable development,journal,0.259,11.0,United States,Northern America
5168,emerging materials research,journal,0.296,11.0,United Kingdom,Western Europe
5169,international journal of the society of materials engineering for resources,journal,0.108,11.0,Japan,Asiatic Region
5170,journal of hohai university,journal,0.263,11.0,China,Asiatic Region
5171,farbe und lack,trade journal,0.113,11.0,Germany,Western Europe
5172,international journal of nano and biomaterials,journal,0.113,11.0,United Kingdom,Western Europe
5173,china welding english edition,journal,0.332,11.0,China,Asiatic Region
5174,nova biotechnologica et chimica,journal,0.19,11.0,Germany,Western Europe
5175,jp journal of heat and mass transfer,journal,0.223,11.0,India,Asiatic Region
5176,chinese journal of plant ecology,journal,0.257,11.0,China,Asiatic Region
5177,neotropical biodiversity,journal,0.27,11.0,United Kingdom,Western Europe
5178,international review of civil engineering,journal,0.322,11.0,Italy,Western Europe
5179,molecular astrophysics,journal,0.378,11.0,Netherlands,Western Europe
5180,journal of environmental treatment techniques,journal,,11.0,United Arab Emirates,Middle East
5181,journal of contemporary physics,journal,0.218,11.0,United States,Northern America
5182,multifunctional materials,journal,1.06,11.0,United Kingdom,Western Europe
5183,eurasian chemicotechnological journal,journal,0.201,11.0,Kazakhstan,Asiatic Region
5184,coatingstech,trade journal,0.105,11.0,United States,Northern America
5185,zeitschrift kunststofftechnikjournal of plastics technology,journal,0.119,10.0,Germany,Western Europe
5186,open quaternary,journal,0.692,10.0,United Kingdom,Western Europe
5187,capillarity,journal,1.119,10.0,Hong Kong,Asiatic Region
5188,memoirs of the faculty of engineering kyushu university,journal,0.106,10.0,Japan,Asiatic Region
5189,yosetsu gakkai shijournal of the japan welding society,journal,0.115,10.0,Japan,Asiatic Region
5190,tezhong zhuzao ji youse hejinspecial casting and nonferrous alloys,journal,0.115,10.0,China,Asiatic Region
5191,tribologie und schmierungstechnik,journal,0.124,10.0,Germany,Western Europe
5192,socijalna ekologija,journal,0.126,10.0,Croatia,Eastern Europe
5193,rsc polymer chemistry series,book series,0.112,10.0,United Kingdom,Western Europe
5194,international journal of engineering pedagogy,journal,0.435,10.0,Austria,Western Europe
5195,journal of world energy law and business,journal,0.409,10.0,United States,Northern America
5196,journal of southern hemisphere earth systems science,journal,0.758,10.0,Australia,Pacific Region
5197,international atomic energy agency bulletin,trade journal,0.104,10.0,Austria,Western Europe
5198,medicinal plants international journal of phytomedicines and related industries,journal,0.136,10.0,Netherlands,Western Europe
5199,rsc catalysis series,book series,0.13,10.0,United Kingdom,Western Europe
5200,cuadernos de turismo,journal,0.148,10.0,Spain,Western Europe
5201,reference series in phytochemistry,book series,,10.0,Switzerland,Western Europe
5202,geoecomarina,journal,0.147,10.0,Romania,Eastern Europe
5203,toraibarojisutojournal of japanese society of tribologists,journal,0.11,10.0,Japan,Asiatic Region
5204,israel journal of entomology,journal,0.156,10.0,Israel,Middle East
5205,jec composites magazine,trade journal,0.101,10.0,France,Western Europe
5206,korean journal of materials research,journal,0.147,10.0,South Korea,Asiatic Region
5207,sustainable development of mountain territories,journal,0.393,10.0,Russian Federation,Eastern Europe
5208,isle interdisciplinary studies in literature and environment,journal,0.139,10.0,United States,Northern America
5209,chinese journal of liquid crystals and displays,journal,0.217,10.0,China,Asiatic Region
5210,forest and society,journal,0.454,10.0,Indonesia,Asiatic Region
5211,journal of daylighting,journal,0.33,10.0,Pakistan,Asiatic Region
5212,scientia sinica chimica,journal,0.185,10.0,China,Asiatic Region
5213,pipeline and gas journal,trade journal,0.105,10.0,United States,Northern America
5214,manmade textiles in india,trade journal,0.143,10.0,India,Asiatic Region
5215,agrarforschung schweiz,journal,0.129,10.0,Switzerland,Western Europe
5216,international journal of computational materials science and engineering,journal,0.227,10.0,Singapore,Asiatic Region
5217,manuals and reports on engineering practice american society of civil engineers,book series,0.13,10.0,United States,Northern America
5218,geoingegneria ambientale e mineraria,journal,0.159,10.0,Italy,Western Europe
5219,environmental science and ecotechnology,journal,1.479,10.0,Netherlands,Western Europe
5220,revista latinoamericana de metalurgia y materiales,journal,0.101,10.0,Venezuela,Latin America
5221,hydroecologie appliquee,journal,0.164,10.0,France,Western Europe
5222,magnetic resonance in solids,journal,0.287,10.0,Russian Federation,Eastern Europe
5223,plastics technology,trade journal,0.1,10.0,United States,Northern America
5224,open cybernetics and systemics journal,journal,0.405,10.0,Netherlands,Western Europe
5225,journal of machine engineering,journal,0.392,10.0,Poland,Eastern Europe
5226,spectroscopic properties of inorganic and organometallic compounds,book series,0.17,10.0,United Kingdom,Western Europe
5227,techniques sciences methodes,journal,0.145,10.0,France,Western Europe
5228,r and d research and development kobe steel engineering reports,journal,0.104,10.0,Japan,Asiatic Region
5229,mass spectrometry letters,journal,0.169,10.0,South Korea,Asiatic Region
5230,journal of robotics and control jrc,journal,0.395,10.0,Indonesia,Asiatic Region
5231,papers in physics,journal,0.17,10.0,Argentina,Latin America
5232,naihuo cailiaorefractories,journal,0.102,10.0,China,Asiatic Region
5233,huaxue fanying gongcheng yu gongyichemical reaction engineering and technology,journal,0.114,10.0,China,Asiatic Region
5234,ercoftac series,book series,0.148,10.0,Netherlands,Western Europe
5235,herald of the bauman moscow state technical university series natural sciences,journal,0.32,10.0,Russian Federation,Eastern Europe
5236,synthetic biology,journal,0.936,10.0,United Kingdom,Western Europe
5237,gongcheng kexue yu jishuadvanced engineering science,journal,0.197,10.0,China,Asiatic Region
5238,bauphysik,trade journal,0.191,10.0,United Kingdom,Western Europe
5239,nuclear engineering international,trade journal,0.101,10.0,United Kingdom,Western Europe
5240,journal of applied optics,journal,0.236,10.0,China,Asiatic Region
5241,waldokologie online,journal,0.109,10.0,Germany,Western Europe
5242,international journal of engineering and technology innovation,journal,0.205,10.0,Taiwan,Asiatic Region
5243,academic journal of manufacturing engineering,journal,0.207,10.0,Romania,Eastern Europe
5244,journal of theoretical and applied mechanics bulgaria,journal,0.21,10.0,Germany,Western Europe
5245,journal of integrated coastal zone management,journal,0.244,10.0,Portugal,Western Europe
5246,bioengineering and translational medicine,journal,1.47,10.0,United States,Northern America
5247,asian textile journal,trade journal,0.1,10.0,India,Asiatic Region
5248,wseas transactions on electronics,journal,,10.0,Greece,Western Europe
5249,footprint,journal,0.119,10.0,Netherlands,Western Europe
5250,genetic engineering and biotechnology news,journal,0.115,10.0,United States,Northern America
5251,chinese journal of ecoagriculture,journal,0.247,10.0,China,Asiatic Region
5252,iraqi journal of agricultural sciences,journal,0.288,10.0,Iraq,Middle East
5253,aerosol science and engineering,journal,0.314,10.0,Switzerland,Western Europe
5254,romanian journal of acoustics and vibration,journal,0.192,10.0,Romania,Eastern Europe
5255,folia oecologica,journal,0.26,10.0,Slovakia,Eastern Europe
5256,ingenieria y universidad,journal,0.135,10.0,Colombia,Latin America
5257,sae international journal of transportation safety,journal,0.138,10.0,United States,Northern America
5258,iet cyberphysical systems theory and applications,journal,0.647,10.0,United Kingdom,Western Europe
5259,nano biomedicine,journal,0.152,10.0,Japan,Asiatic Region
5260,optical materials x,journal,0.642,10.0,Netherlands,Western Europe
5261,journal of noncrystalline solids x,journal,0.692,10.0,Netherlands,Western Europe
5262,journal of aeronautics astronautics and aviation series a,journal,0.148,10.0,Taiwan,Asiatic Region
5263,elektrotehniski vestnikelectrotechnical review,journal,0.159,10.0,Slovenia,Eastern Europe
5264,electronics,journal,0.159,10.0,Bosnia and Herzegovina,Eastern Europe
5265,functional composites and structures,journal,0.696,10.0,United Kingdom,Western Europe
5266,instruments,journal,0.269,10.0,Switzerland,Western Europe
5267,neotropical biology and conservation,journal,0.279,10.0,Brazil,Latin America
5268,ieee international conference on plasma science,conference and proceedings,0.1,10.0,United States,Northern America
5269,journal of information and telecommunication,journal,0.342,10.0,United Kingdom,Western Europe
5270,strojnicky casopis,journal,0.355,10.0,Slovakia,Eastern Europe
5271,international journal of electrical and electronic engineering and telecommunications,journal,0.167,10.0,Poland,Eastern Europe
5272,yingyong kexue xuebaojournal of applied sciences,journal,0.172,10.0,China,Asiatic Region
5273,journal of maritime research,journal,0.1,10.0,Spain,Western Europe
5274,transactions of the south african institute of electrical engineers,journal,0.178,10.0,South Africa,Africa
5275,journal of physical studies,journal,0.131,10.0,Ukraine,Eastern Europe
5276,defence s and t technical bulletin,journal,0.154,10.0,Malaysia,Asiatic Region
5277,applied mathematics and mechanics,journal,0.218,10.0,China,Asiatic Region
5278,acta technologica agriculturae,journal,0.319,10.0,Poland,Eastern Europe
5279,ereview of tourism research,journal,0.2,10.0,United States,Northern America
5280,astropolitics,journal,0.133,10.0,United States,Northern America
5281,yingxiang kexue yu guanghuaxueimaging science and photochemistry,journal,0.102,10.0,China,Asiatic Region
5282,geography environment sustainability,journal,0.323,10.0,Russian Federation,Eastern Europe
5283,betonwerk und fertigteiltechnikconcrete precasting plant and technology,trade journal,0.106,10.0,Germany,Western Europe
5284,landscape history,journal,0.175,10.0,United Kingdom,Western Europe
5285,synthesiology,journal,0.105,10.0,Japan,Asiatic Region
5286,journal of the mechanical behavior of materials,journal,0.422,10.0,Germany,Western Europe
5287,quanta,journal,0.376,10.0,Bulgaria,Eastern Europe
5288,journal of the serbian society for computational mechanics,journal,0.256,10.0,Serbia,Eastern Europe
5289,pomorstvo,journal,0.263,10.0,Croatia,Eastern Europe
5290,biotropia,journal,0.214,10.0,Indonesia,Asiatic Region
5291,journal of the institute of electrical engineers of japan,journal,0.104,10.0,Japan,Asiatic Region
5292,production engineering archives,journal,0.362,10.0,Poland,Eastern Europe
5293,tb mitteilungen forschen und prufen,journal,0.103,10.0,Germany,Western Europe
5294,international journal of online and biomedical engineering,journal,0.277,10.0,Austria,Western Europe
5295,journal of agroenvironment science,journal,0.211,10.0,China,Asiatic Region
5296,journal of animal behaviour and biometeorology,journal,0.321,10.0,Brazil,Latin America
5297,journal of soft computing in civil engineering,journal,0.301,10.0,Iran,Middle East
5298,journal of naval architecture and marine engineering,journal,0.24,10.0,Bangladesh,Asiatic Region
5299,wasserwirtschaft,journal,0.2,10.0,Germany,Western Europe
5300,journal of quality,journal,0.113,10.0,Taiwan,Asiatic Region
5301,journal of environmental science and management,journal,0.171,10.0,Philippines,Asiatic Region
5302,journal of applied water engineering and research,journal,0.299,10.0,United Kingdom,Western Europe
5303,meditsina truda i promyshlennaia ekologiia,journal,0.223,10.0,Russian Federation,Eastern Europe
5304,zpravy lesnickeho vyzkumu,journal,0.196,10.0,Czech Republic,Eastern Europe
5305,journal of threatened taxa,journal,0.241,10.0,India,Asiatic Region
5306,economics and policy of energy and the environment,journal,0.149,9.0,Italy,Western Europe
5307,hedianzixue yu tance jishunuclear electronics and detection technology,journal,0.11,9.0,China,Asiatic Region
5308,international journal of electrical engineering,journal,0.12,9.0,Taiwan,Asiatic Region
5309,applied water science,journal,0.581,9.0,Germany,Western Europe
5310,micro and nano engineering,journal,0.6,9.0,Netherlands,Western Europe
5311,environmental forum,trade journal,0.101,9.0,United States,Northern America
5312,complex systems and complexity science,journal,0.145,9.0,China,Asiatic Region
5313,progress in physics of metals,journal,0.624,9.0,Ukraine,Eastern Europe
5314,information and control,journal,0.139,9.0,China,Asiatic Region
5315,journal of japan industrial management association,journal,0.111,9.0,Japan,Asiatic Region
5316,jordan journal of physics,journal,0.13,9.0,Jordan,Middle East
5317,annals of emerging technologies in computing,journal,0.413,9.0,United Kingdom,Western Europe
5318,resource engineering and technology for sustainable world,trade journal,0.105,9.0,United States,Northern America
5319,journal of engineering technology,journal,0.11,9.0,United States,Northern America
5320,revista tecnica de la facultad de ingenieria universidad del zulia,journal,0.122,9.0,Venezuela,Latin America
5321,epigenomes,journal,0.53,9.0,Switzerland,Western Europe
5322,water and energy international,journal,0.116,9.0,India,Asiatic Region
5323,acoustics bulletin,journal,0.101,9.0,United Kingdom,Western Europe
5324,studies in applied electromagnetics and mechanics,book series,0.128,9.0,Netherlands,Western Europe
5325,international journal of gas turbine propulsion and power systems,journal,0.109,9.0,Japan,Asiatic Region
5326,dlr deutsches zentrum fur luft und raumfahrt ev forschungsberichte,book series,0.107,9.0,Germany,Western Europe
5327,signals and communication technology,book series,0.13,9.0,Germany,Western Europe
5328,marine systems and ocean technology,journal,0.418,9.0,Switzerland,Western Europe
5329,ship building of china,journal,0.131,9.0,China,Asiatic Region
5330,journal of planning and environment law,journal,0.1,9.0,United Kingdom,Western Europe
5331,journal of structural integrity and maintenance,journal,0.494,9.0,United Kingdom,Western Europe
5332,ecology and civil engineering,journal,0.116,9.0,Japan,Asiatic Region
5333,amphibian and reptile conservation,journal,0.565,9.0,United States,Northern America
5334,international journal of internet manufacturing and services,journal,0.138,9.0,United Kingdom,Western Europe
5335,natur und landschaft,journal,0.15,9.0,Germany,Western Europe
5336,advances in science technology and innovation,book series,,9.0,Switzerland,Western Europe
5337,international journal of ultra wideband communications and systems,journal,0.12,9.0,Switzerland,Western Europe
5338,journal of nonlinear functional analysis,journal,0.334,9.0,United Kingdom,Western Europe
5339,journal of reports in pharmaceutical sciences,journal,0.155,9.0,Iran,Middle East
5340,jurnal manajemen hutan tropika,journal,0.199,9.0,Indonesia,Asiatic Region
5341,steel times international,trade journal,0.133,9.0,United Kingdom,Western Europe
5342,journal for the study of religion nature and culture,journal,0.141,9.0,United Kingdom,Western Europe
5343,international journal of forestry research,journal,0.244,9.0,United States,Northern America
5344,giant,journal,1.759,9.0,United Kingdom,Western Europe
5345,strategic planning for energy and the environment,journal,0.243,9.0,Denmark,Western Europe
5346,zhongguo zaozhi xuebaotransactions of china pulp and paper,journal,0.189,9.0,China,Asiatic Region
5347,computer assisted methods in engineering and science,journal,0.224,9.0,Poland,Eastern Europe
5348,journal of biorheology,journal,0.142,9.0,Japan,Asiatic Region
5349,applied biosafety,journal,0.239,9.0,United States,Northern America
5350,toxicologie analytique et clinique,journal,0.237,9.0,France,Western Europe
5351,englera,book series,0.139,9.0,Germany,Western Europe
5352,engineering research express,journal,0.24,9.0,United Kingdom,Western Europe
5353,journal of environmental engineering japan,journal,0.23,9.0,Japan,Asiatic Region
5354,eai endorsed transactions on energy web,journal,0.211,9.0,Belgium,Western Europe
5355,australasian journal of engineering education,journal,0.476,9.0,United Kingdom,Western Europe
5356,journal of environmental studies,journal,0.13,9.0,Iran,Middle East
5357,raptor journal,journal,0.137,9.0,Poland,Eastern Europe
5358,journal of landscape ecology,journal,0.136,9.0,Hungary,Eastern Europe
5359,international journal of automotive engineering,journal,0.249,9.0,Japan,Asiatic Region
5360,aatcc journal of research,journal,0.172,9.0,United States,Northern America
5361,ethics and the environment,journal,0.204,9.0,United States,Northern America
5362,revista lasallista de investigacion,journal,0.11,9.0,Colombia,Latin America
5363,koroze a ochrana materialu,journal,0.161,9.0,Germany,Western Europe
5364,global journal of emerging market economies,journal,0.208,9.0,United States,Northern America
5365,international journal of technology management and sustainable development,journal,0.214,9.0,United Kingdom,Western Europe
5366,plant science today,journal,0.211,9.0,India,Asiatic Region
5367,light and engineering,journal,0.213,9.0,Russian Federation,Eastern Europe
5368,open bioinformatics journal,journal,0.208,9.0,Netherlands,Western Europe
5369,international conference on geoinformatics,journal,0.155,9.0,United States,Northern America
5370,annals of the university dunarea de jos of galati fascicle vi food technology,journal,0.18,9.0,Romania,Eastern Europe
5371,international journal of computational methods and experimental measurements,journal,0.156,9.0,United Kingdom,Western Europe
5372,paper,trade journal,0.101,9.0,United States,Northern America
5373,rsc detection science,book series,0.121,9.0,United Kingdom,Western Europe
5374,taiwan water conservancy,journal,0.122,9.0,Taiwan,Asiatic Region
5375,vlakna a textil,journal,0.227,9.0,Slovakia,Eastern Europe
5376,paint and coatings industry,journal,0.102,9.0,United States,Northern America
5377,techne,journal,0.162,9.0,Italy,Western Europe
5378,kunststoffe international,trade journal,0.102,9.0,Germany,Western Europe
5379,management systems in production engineering,journal,0.344,9.0,Germany,Western Europe
5380,indian journal of ecology,journal,,9.0,India,Asiatic Region
5381,nanotechnology perceptions,journal,0.104,9.0,Switzerland,Western Europe
5382,journal of the institute of conservation,journal,0.282,9.0,United Kingdom,Western Europe
5383,journal of automation mobile robotics and intelligent systems,journal,0.181,9.0,Poland,Eastern Europe
5384,astrodynamics,journal,1.555,9.0,Singapore,Asiatic Region
5385,electronic structure,journal,0.822,9.0,United Kingdom,Western Europe
5386,journal of nondestructive evaluation diagnostics and prognostics of engineering systems,journal,0.336,9.0,United States,Northern America
5387,revista internacional de metodos numericos para calculo y diseno en ingenieria,journal,0.187,9.0,Spain,Western Europe
5388,teknik dergitechnical journal of turkish chamber of civil engineers,journal,0.188,9.0,Turkey,Middle East
5389,keikinzoku yosetsujournal of light metal welding and construction,journal,0.111,9.0,Japan,Asiatic Region
5390,journal of human rights and the environment,journal,0.26,9.0,United Kingdom,Western Europe
5391,international journal of manufacturing materials and mechanical engineering,journal,0.195,9.0,United States,Northern America
5392,synthesis lectures on image video and multimedia processing,book series,1.8,9.0,United States,Northern America
5393,international biomechanics,journal,0.326,9.0,United Kingdom,Western Europe
5394,environmental claims journal,journal,0.189,9.0,United Kingdom,Western Europe
5395,railway engineering science,journal,1.573,9.0,Switzerland,Western Europe
5396,european journal of environmental sciences,journal,0.255,9.0,Czech Republic,Eastern Europe
5397,chemical engineering world,trade journal,0.103,9.0,India,Asiatic Region
5398,international journal of transport development and integration,journal,0.281,9.0,United Kingdom,Western Europe
5399,petroleum refinery engineering,journal,0.103,9.0,China,Asiatic Region
5400,aviation week and space technology,trade journal,0.1,9.0,United States,Northern America
5401,current optics and photonics,journal,0.269,9.0,South Korea,Asiatic Region
5402,hejubian yu dengliziti wulinuclear fusion and plasma physics,journal,0.112,9.0,China,Asiatic Region
5403,cybernetics and physics,journal,0.363,9.0,Russian Federation,Eastern Europe
5404,european journal of ecology,journal,0.296,9.0,United States,Northern America
5405,journal of king abdulaziz university marine science,journal,0.111,9.0,Saudi Arabia,Middle East
5406,international journal of nanoscience and nanotechnology,journal,0.309,9.0,Iran,Middle East
5407,international review for spatial planning and sustainable development,journal,0.303,9.0,Japan,Asiatic Region
5408,asian fisheries science,journal,0.304,9.0,Malaysia,Asiatic Region
5409,journal of siberian federal university mathematics and physics,journal,0.267,9.0,Russian Federation,Eastern Europe
5410,sustainable civil infrastructures,book series,0.171,9.0,Switzerland,Western Europe
5411,animal migration,journal,0.381,9.0,Germany,Western Europe
5412,smart and sustainable manufacturing systems,journal,0.382,9.0,United States,Northern America
5413,quantum reports,journal,0.402,9.0,Switzerland,Western Europe
5414,reach,journal,0.565,9.0,Germany,Western Europe
5415,mineral deposits,journal,0.387,9.0,China,Asiatic Region
5416,studies in the history of gardens and designed landscapes,journal,0.111,9.0,United Kingdom,Western Europe
5417,shiyou huagong gaodeng xuexiao xuebaojournal of petrochemical universities,journal,0.136,9.0,China,Asiatic Region
5418,enr engineering newsrecord,trade journal,0.101,9.0,United States,Northern America
5419,atom indonesia,journal,0.163,9.0,Indonesia,Asiatic Region
5420,well testing,journal,0.215,9.0,China,Asiatic Region
5421,international journal of power and energy conversion,journal,0.225,9.0,United Kingdom,Western Europe
5422,multiscale and multidisciplinary modeling experiments and design,journal,0.339,9.0,Switzerland,Western Europe
5423,journal of achievements in materials and manufacturing engineering,journal,0.305,9.0,Poland,Eastern Europe
5424,izvestiya vysshikh uchebnykh zavedeniy prikladnaya nelineynaya dinamika,journal,0.284,9.0,Russian Federation,Eastern Europe
5425,problems of atomic science and technology series thermonuclear fusion,journal,0.17,9.0,Russian Federation,Eastern Europe
5426,journal of energy markets,journal,0.169,9.0,United Kingdom,Western Europe
5427,architecture city and environment,journal,0.389,9.0,Spain,Western Europe
5428,international journal on energy conversion,journal,0.283,9.0,Italy,Western Europe
5429,izvestiya vysshikh uchebnykh zavedenij chernaya metallurgiya,journal,0.369,9.0,Russian Federation,Eastern Europe
5430,aims environmental science,journal,0.4,9.0,United States,Northern America
5431,us department of agriculture forest service resource bulletin,journal,0.109,9.0,United States,Northern America
5432,energetika,journal,0.149,9.0,Lithuania,Eastern Europe
5433,bioelectricity,journal,0.389,9.0,United States,Northern America
5434,renewable resources journal,journal,0.109,9.0,United States,Northern America
5435,water conservation and management,journal,0.325,9.0,Malaysia,Asiatic Region
5436,procedia environmental science engineering and management,journal,0.409,9.0,Romania,Eastern Europe
5437,public transport international,journal,0.103,9.0,Belgium,Western Europe
5438,polityka energetyczna,journal,0.338,9.0,Poland,Eastern Europe
5439,biorisk,journal,0.167,9.0,Bulgaria,Eastern Europe
5440,proceedings of the iasted international conference on intelligent systems and control,conference and proceedings,0.102,9.0,Canada,Northern America
5441,akustika,journal,0.466,9.0,Czech Republic,Eastern Europe
5442,international journal of turbomachinery propulsion and power,journal,0.375,9.0,Switzerland,Western Europe
5443,revista de obras publicas,journal,0.104,8.0,Spain,Western Europe
5444,trends in carbohydrate research,journal,0.129,8.0,India,Asiatic Region
5445,voprosy khimii i khimicheskoi tekhnologii,journal,0.196,8.0,Ukraine,Eastern Europe
5446,journal of entomological and acarological research,journal,0.181,8.0,Italy,Western Europe
5447,environmental law and management,journal,0.101,8.0,United Kingdom,Western Europe
5448,vestnik udmurtskogo universiteta matematika mekhanika komp'yuternye nauki,journal,0.31,8.0,Russian Federation,Eastern Europe
5449,new developments in nmr,book series,0.266,8.0,United Kingdom,Western Europe
5450,journal for european environmental and planning law,journal,0.274,8.0,Netherlands,Western Europe
5451,iraqi journal of science,journal,0.273,8.0,Iraq,Middle East
5452,new physics sae mulli,journal,0.18,8.0,South Korea,Asiatic Region
5453,international journal of sensors wireless communications and control,journal,0.158,8.0,Netherlands,Western Europe
5454,mondo digitale,journal,0.106,8.0,Italy,Western Europe
5455,journal of computational physics x,journal,1.087,8.0,United States,Northern America
5456,ausimm bulletin,trade journal,0.104,8.0,Australia,Pacific Region
5457,sae international journal of vehicle dynamics stability and nvh,journal,0.322,8.0,United States,Northern America
5458,control engineering,trade journal,0.102,8.0,United States,Northern America
5459,haiyang xuebao,journal,0.16,8.0,China,Asiatic Region
5460,journal of air transportation,journal,0.398,8.0,United States,Northern America
5461,spr electrochemistry,book series,0.569,8.0,United Kingdom,Western Europe
5462,complex systems,journal,0.162,8.0,United States,Northern America
5463,electronic design,trade journal,0.101,8.0,United States,Northern America
5464,annales universitatis mariae curiesklodowska sectio b,journal,0.143,8.0,Poland,Eastern Europe
5465,radiation detection technology and methods,journal,0.36,8.0,Singapore,Asiatic Region
5466,acta phytotaxonomica et geobotanica,journal,0.278,8.0,Japan,Asiatic Region
5467,environmental research engineering and management,journal,0.277,8.0,Lithuania,Eastern Europe
5468,journal of space safety engineering,journal,0.316,8.0,United Kingdom,Western Europe
5469,food chemistry function and analysis,book series,0.14,8.0,United Kingdom,Western Europe
5470,synthesis lectures on digital circuits and systems,book series,0.15,8.0,United States,Northern America
5471,led i sneg,journal,0.363,8.0,Russian Federation,Eastern Europe
5472,synthesis lectures on power electronics,book series,0.275,8.0,United States,Northern America
5473,nova mehanizacija sumarstva,journal,0.155,8.0,Croatia,Eastern Europe
5474,journal of facade design and engineering,journal,0.385,8.0,Netherlands,Western Europe
5475,international journal of energy environment and economics,journal,0.101,8.0,United States,Northern America
5476,textile outlook international,journal,0.1,8.0,United Kingdom,Western Europe
5477,future of food journal on food agriculture and society,journal,0.143,8.0,Germany,Western Europe
5478,journal of electrical and electronics engineering,journal,0.154,8.0,Romania,Eastern Europe
5479,biotechnology law report,journal,0.166,8.0,United States,Northern America
5480,international journal of particle therapy,journal,0.671,8.0,United States,Northern America
5481,spatium,journal,0.155,8.0,Serbia,Eastern Europe
5482,progress in agricultural engineering sciences,journal,0.141,8.0,Hungary,Eastern Europe
5483,lecture notes in bioengineering,book series,,8.0,Germany,Western Europe
5484,current research in green and sustainable chemistry,journal,0.606,8.0,Netherlands,Western Europe
5485,mathematical biology and bioinformatics,journal,0.176,8.0,Russian Federation,Eastern Europe
5486,journal of the institute of image electronics engineers of japan,journal,0.1,8.0,Japan,Asiatic Region
5487,mathematics in engineering science and aerospace,journal,0.187,8.0,United States,Northern America
5488,mathematical engineering,book series,0.103,8.0,United States,Northern America
5489,majlesi journal of electrical engineering,journal,0.173,8.0,Iran,Middle East
5490,annales de l'institut henri poincare d combinatorics physics and their interactions,journal,0.309,8.0,Switzerland,Western Europe
5491,afte journal,journal,0.174,8.0,United States,Northern America
5492,international journal of vehicle information and communication systems,journal,0.183,8.0,United Kingdom,Western Europe
5493,czech polar reports,journal,0.185,8.0,Czech Republic,Eastern Europe
5494,russian journal of nonlinear dynamics,journal,0.339,8.0,Russian Federation,Eastern Europe
5495,asia pacific journal of environmental law,journal,0.186,8.0,Australia,Pacific Region
5496,keramische zeitschrift,journal,0.107,8.0,Germany,Western Europe
5497,proceedings annual safe symposium survival and flight equipment association,conference and proceedings,0.1,8.0,United States,Northern America
5498,journal of electronic science and technology,journal,0.338,8.0,China,Asiatic Region
5499,fog freiberg online geoscience,journal,0.125,8.0,Germany,Western Europe
5500,journal of computational and applied research in mechanical engineering,journal,0.18,8.0,Iran,Middle East
5501,ctbuh journal,journal,0.103,8.0,United States,Northern America
5502,xray structure analysis online,journal,0.212,8.0,Japan,Asiatic Region
5503,journal of mathematics and computer science,journal,0.338,8.0,Malaysia,Asiatic Region
5504,fangzhi xuebaojournal of textile research,journal,0.213,8.0,China,Asiatic Region
5505,lizi jiaohuan yu xifuion exchange and adsorption,journal,0.104,8.0,China,Asiatic Region
5506,transactions of the korean society of mechanical engineers b,journal,0.163,8.0,South Korea,Asiatic Region
5507,shiyou huagong shebei petrochemical equipment,journal,0.189,8.0,China,Asiatic Region
5508,center for oceans law and policy,book series,0.108,8.0,Netherlands,Western Europe
5509,terra latinoamericana,journal,0.162,8.0,Mexico,Latin America
5510,asiapacific journal of regional science,journal,0.275,8.0,Netherlands,Western Europe
5511,citizen science theory and practice,journal,0.607,8.0,United Kingdom,Western Europe
5512,hehuaxue yu fangshe huaxuejournal of nuclear and radiochemistry,journal,0.115,8.0,China,Asiatic Region
5513,revue francaise de photogrammetrie et de teledetection,journal,0.166,8.0,France,Western Europe
5514,planetary science journal,journal,0.792,8.0,United Kingdom,Western Europe
5515,journal of tianjin polytechnic university,journal,0.103,8.0,China,Asiatic Region
5516,international polymer science and technology,journal,0.116,8.0,United Kingdom,Western Europe
5517,interfacial phenomena and heat transfer,journal,0.396,8.0,United States,Northern America
5518,ecti transactions on electrical engineering electronics and communications,journal,0.192,8.0,Thailand,Asiatic Region
5519,results in chemistry,journal,0.321,8.0,Netherlands,Western Europe
5520,technische textilien,trade journal,0.104,8.0,Germany,Western Europe
5521,geotermia,journal,0.107,8.0,Mexico,Latin America
5522,urbe,journal,0.169,8.0,Brazil,Latin America
5523,vertiflite,journal,0.1,8.0,United States,Northern America
5524,performance apparel markets,journal,0.104,8.0,United Kingdom,Western Europe
5525,konstruktion,journal,0.112,8.0,Germany,Western Europe
5526,molbank,journal,0.141,8.0,Switzerland,Western Europe
5527,a|z itu journal of faculty of architecture,journal,0.172,8.0,Turkey,Middle East
5528,air force magazine,journal,0.1,8.0,United States,Northern America
5529,nuclear physics and atomic energy,journal,0.264,8.0,Ukraine,Eastern Europe
5530,science and technology of materials,journal,0.392,8.0,Spain,Western Europe
5531,international water and irrigation,trade journal,0.115,8.0,Israel,Middle East
5532,biopesticides international,journal,0.109,8.0,India,Asiatic Region
5533,transnav,journal,0.272,8.0,Poland,Eastern Europe
5534,environmental challenges,journal,0.323,8.0,Netherlands,Western Europe
5535,journal of digital media and policy,journal,0.303,8.0,United Kingdom,Western Europe
5536,asm science journal,journal,0.137,8.0,Malaysia,Asiatic Region
5537,malayan nature journal,journal,0.166,8.0,Malaysia,Asiatic Region
5538,nonferrous metals,journal,0.406,8.0,Russian Federation,Eastern Europe
5539,tribologia finnish journal of tribology,journal,0.165,8.0,Finland,Western Europe
5540,international journal of thermofluid science and technology,journal,0.129,8.0,China,Asiatic Region
5541,international journal of modern manufacturing technologies,journal,0.255,8.0,Romania,Eastern Europe
5542,journal of the turkish chemical society section a chemistry,journal,0.179,8.0,Turkey,Middle East
5543,ashrae standard,journal,0.13,8.0,United States,Northern America
5544,journal of statistics applications and probability,journal,0.234,8.0,United States,Northern America
5545,baghdad science journal,journal,0.198,8.0,Iraq,Middle East
5546,progress in superconductivity and cryogenics psac,journal,0.159,8.0,South Korea,Asiatic Region
5547,kronoscope,journal,0.101,8.0,Netherlands,Western Europe
5548,eurasian journal of soil science,journal,0.328,8.0,Turkey,Middle East
5549,biosystems diversity,journal,0.227,8.0,Ukraine,Eastern Europe
5550,journal of chinese mass spectrometry society,journal,0.129,8.0,China,Asiatic Region
5551,logos netherlands,journal,0.125,8.0,Netherlands,Western Europe
5552,journal of fisheries of china,journal,0.203,8.0,China,Asiatic Region
5553,leather and footwear journal,journal,0.125,8.0,Romania,Eastern Europe
5554,publications on ocean development,book series,0.115,8.0,Netherlands,Western Europe
5555,applied environmental biotechnology,journal,0.567,8.0,Singapore,Asiatic Region
5556,journal and proceedings royal society of new south wales,journal,0.125,8.0,Australia,Pacific Region
5557,recent advances in electrical and electronic engineering,journal,0.158,8.0,Netherlands,Western Europe
5558,synthesis lectures on biomedical engineering,book series,0.11,8.0,United States,Northern America
5559,turczaninowia,journal,0.367,8.0,Russian Federation,Eastern Europe
5560,iet collaborative intelligent manufacturing,journal,0.568,8.0,United States,Northern America
5561,terra,journal,0.133,8.0,Finland,Western Europe
5562,international journal of vehicle performance,journal,0.229,8.0,United Kingdom,Western Europe
5563,engineered systems,trade journal,0.101,8.0,United States,Northern America
5564,bwk energiefachmagazin,trade journal,0.101,8.0,Germany,Western Europe
5565,journal of architecture and urbanism,journal,0.181,8.0,Lithuania,Eastern Europe
5566,revista colombiana de quimica,journal,0.157,8.0,Colombia,Latin America
5567,pollution,journal,0.315,8.0,Iran,Middle East
5568,infocommunications journal,journal,0.271,8.0,Hungary,Eastern Europe
5569,acm sigbed review,journal,0.554,8.0,United States,Northern America
5570,journal of water and environment technology,journal,0.334,8.0,Japan,Asiatic Region
5571,composites part c open access,journal,0.518,8.0,Netherlands,Western Europe
5572,iium engineering journal,journal,0.307,8.0,Malaysia,Asiatic Region
5573,arqueologia de la arquitectura,journal,0.263,8.0,Spain,Western Europe
5574,informatsionnoupravliaiushchie sistemy,journal,0.235,8.0,Russian Federation,Eastern Europe
5575,italian journal of planning practice,journal,0.121,8.0,Italy,Western Europe
5576,annals of the university of craiova physics,journal,0.137,8.0,Romania,Eastern Europe
5577,radio journal,journal,0.291,8.0,United Kingdom,Western Europe
5578,oceanologia et limnologia sinica,journal,0.161,8.0,China,Asiatic Region
5579,international journal of energy production and management,journal,0.207,8.0,United Kingdom,Western Europe
5580,ocean systems engineering,journal,0.331,8.0,South Korea,Asiatic Region
5581,machine design,trade journal,0.101,8.0,United States,Northern America
5582,springer climate,book series,0.115,8.0,Switzerland,Western Europe
5583,engineering and mining journal,trade journal,0.11,8.0,United States,Northern America
5584,journal of agriculture and environment for international development,journal,0.226,7.0,Italy,Western Europe
5585,sensors and actuators reports,journal,0.98,7.0,Netherlands,Western Europe
5586,journal of energy and development,journal,0.263,7.0,United States,Northern America
5587,physics in medicine,journal,0.997,7.0,Netherlands,Western Europe
5588,computational and mathematical methods,journal,0.255,7.0,United Kingdom,Western Europe
5589,current chemistry letters,journal,0.174,7.0,Canada,Northern America
5590,orbital,journal,0.173,7.0,Brazil,Latin America
5591,transportation engineering,journal,0.797,7.0,United Kingdom,Western Europe
5592,journal of environmental horticulture,journal,0.371,7.0,United States,Northern America
5593,transactions of japanese society for medical and biological engineering,journal,0.1,7.0,Japan,Asiatic Region
5594,international journal of geoheritage and parks,journal,0.37,7.0,China,Asiatic Region
5595,studies in big data,book series,0.257,7.0,Germany,Western Europe
5596,australian journal of maritime and ocean affairs,journal,0.261,7.0,United Kingdom,Western Europe
5597,proceedings of the pakistan academy of sciences part b,journal,0.143,7.0,Pakistan,Asiatic Region
5598,international journal of supply and operations management,journal,0.334,7.0,Iran,Middle East
5599,monographs in supramolecular chemistry,book series,0.164,7.0,United Kingdom,Western Europe
5600,journal of optimization in industrial engineering,journal,0.263,7.0,Iran,Middle East
5601,revista em agronegocio e meio ambiente,journal,0.133,7.0,Brazil,Latin America
5602,aij journal of technology and design,journal,0.269,7.0,Japan,Asiatic Region
5603,international journal of design sciences and technology,journal,0.199,7.0,France,Western Europe
5604,journal of zhejiang university science edition,journal,0.147,7.0,China,Asiatic Region
5605,direccion y organizacion,journal,0.201,7.0,Spain,Western Europe
5606,journal of fishery sciences of china,journal,0.198,7.0,China,Asiatic Region
5607,nuclear and radiation safety,journal,0.287,7.0,Ukraine,Eastern Europe
5608,khimiya rastitel'nogo syr'ya,journal,0.194,7.0,Russian Federation,Eastern Europe
5609,journal of digital landscape architecture,journal,0.245,7.0,Germany,Western Europe
5610,mediterranean botany,journal,0.292,7.0,Spain,Western Europe
5611,international journal on engineering applications,journal,0.24,7.0,Italy,Western Europe
5612,chemchemtech,journal,0.214,7.0,Russian Federation,Eastern Europe
5613,journal of system and management sciences,journal,0.275,7.0,China,Asiatic Region
5614,scientia sinica informationis,journal,0.273,7.0,China,Asiatic Region
5615,current research in environmental and applied mycology,journal,0.233,7.0,China,Asiatic Region
5616,revista brasileira de gestao e desenvolvimento regional,journal,0.129,7.0,Brazil,Latin America
5617,education in chemistry,journal,0.102,7.0,United Kingdom,Western Europe
5618,chemistry journal of moldova,journal,0.195,7.0,Moldova,Eastern Europe
5619,journal of the bombay natural history society,journal,0.173,7.0,India,Asiatic Region
5620,international journal of language and culture,journal,0.177,7.0,Netherlands,Western Europe
5621,psychotherapy and politics international,journal,0.207,7.0,Germany,Western Europe
5622,moscow university mechanics bulletin,journal,0.223,7.0,United States,Northern America
5623,iwmi research report,journal,0.386,7.0,Sri Lanka,Asiatic Region
5624,civil engineering and architecture,journal,0.228,7.0,United States,Northern America
5625,biosensors and bioelectronics x,journal,0.967,7.0,United Kingdom,Western Europe
5626,smart materials in medicine,journal,2.023,7.0,China,Asiatic Region
5627,smithsonian,journal,0.102,7.0,United States,Northern America
5628,journal of engineering education transformations,journal,0.214,7.0,India,Asiatic Region
5629,technology architecture and design,journal,0.203,7.0,United States,Northern America
5630,vibrations in physical systems,journal,0.21,7.0,Poland,Eastern Europe
5631,hopen journal,journal,0.328,7.0,United Kingdom,Western Europe
5632,theoretical and applied ecology,journal,0.326,7.0,Russian Federation,Eastern Europe
5633,rsc soft matter,book series,0.119,7.0,United Kingdom,Western Europe
5634,international review of applied sciences and engineering,journal,0.199,7.0,Hungary,Eastern Europe
5635,journal of spectral imaging,journal,0.231,7.0,United Kingdom,Western Europe
5636,eureka physics and engineering,journal,0.3,7.0,Estonia,Eastern Europe
5637,fragmenta entomologica,journal,0.249,7.0,Italy,Western Europe
5638,moroccan journal of chemistry,journal,0.287,7.0,Morocco,Africa
5639,egyptian journal of botany,journal,0.211,7.0,Egypt,Africa/Middle East
5640,botanica pacifica,journal,0.373,7.0,Russian Federation,Eastern Europe
5641,analitika i kontrol,journal,0.208,7.0,Russian Federation,Eastern Europe
5642,journal of information and communication convergence engineering,journal,0.248,7.0,South Korea,Asiatic Region
5643,journal of design and built environment,journal,0.193,7.0,Malaysia,Asiatic Region
5644,international journal of applied science and engineering,journal,0.211,7.0,Taiwan,Asiatic Region
5645,organophosphorus chemistry,book series,0.126,7.0,United Kingdom,Western Europe
5646,ega revista de expresion grafica arquitectonica,journal,0.211,7.0,Spain,Western Europe
5647,bezopasnost' truda v promyshlennosti,journal,0.34,7.0,Russian Federation,Eastern Europe
5648,studia universitatis vasile goldis arad seria stiintele vietii,journal,0.11,7.0,Romania,Eastern Europe
5649,plasma research express,journal,0.302,7.0,United Kingdom,Western Europe
5650,energetika proceedings of cis higher education institutions and power engineering associations,journal,0.306,7.0,Belarus,Eastern Europe
5651,chemical processing,trade journal,0.101,7.0,United States,Northern America
5652,journal of the new england water works association,journal,0.11,7.0,United States,Northern America
5653,scientific review engineering and environmental sciences,journal,0.154,7.0,Poland,Eastern Europe
5654,cutting tool engineering,trade journal,0.1,7.0,United States,Northern America
5655,acque sotterranee italian journal of groundwater,journal,0.182,7.0,Italy,Western Europe
5656,biogeographia,journal,0.442,7.0,United States,Northern America
5657,revista cubana de fisica,journal,0.135,7.0,Cuba,Latin America
5658,arctic science,journal,0.607,7.0,Canada,Northern America
5659,usda forest service research note rmrsrn,journal,0.148,7.0,United States,Northern America
5660,journal of the japan research association for textile enduses,journal,0.101,7.0,Japan,Asiatic Region
5661,issledovanie zemli iz kosmosa earth research from space,journal,0.159,7.0,Switzerland,Western Europe
5662,international paperworld ipw,trade journal,0.101,7.0,Germany,Western Europe
5663,zhidkie kristally i ikh prakticheskoe ispol'zovanie,journal,0.235,7.0,Russian Federation,Eastern Europe
5664,radiation and risk,journal,0.276,7.0,Russian Federation,Eastern Europe
5665,natur und recht,journal,0.104,7.0,Germany,Western Europe
5666,harvard design magazine,journal,0.112,7.0,United States,Northern America
5667,international journal of applied systemic studies,journal,0.112,7.0,United Kingdom,Western Europe
5668,adhaesion kleben und dichten,trade journal,0.101,7.0,Germany,Western Europe
5669,asean journal of chemical engineering,journal,0.235,7.0,Indonesia,Asiatic Region
5670,bridge,journal,0.162,7.0,United States,Northern America
5671,revista mexicana de ingenieria biomedica,journal,0.115,7.0,Mexico,Latin America
5672,current topics in toxicology,journal,0.12,7.0,India,Asiatic Region
5673,global environment,journal,0.16,7.0,United Kingdom,Western Europe
5674,letters in high energy physics,journal,0.563,7.0,United Kingdom,Western Europe
5675,electronic device failure analysis,journal,0.137,7.0,United States,Northern America
5676,instrumentation mesure metrologie,journal,0.175,7.0,United Kingdom,Western Europe
5677,scientific mining journal,journal,0.127,7.0,Turkey,Middle East
5678,international journal of quality engineering and technology,journal,0.14,7.0,Switzerland,Western Europe
5679,international journal of biology and biomedical engineering,journal,0.14,7.0,United States,Northern America
5680,genes and cells,journal,0.123,7.0,Russian Federation,Eastern Europe
5681,architectural record,journal,0.1,7.0,United States,Northern America
5682,international journal of islamic architecture,journal,0.148,7.0,United Kingdom,Western Europe
5683,anthropocene coasts,journal,0.646,7.0,Canada,Northern America
5684,soil ecology letters,journal,0.714,7.0,Switzerland,Western Europe
5685,chinese journal of engineering design,journal,0.15,7.0,United States,Northern America
5686,intech,trade journal,0.101,7.0,United States,Northern America
5687,annals of dunarea de jos university of galati fascicle xii welding equipment and technology,journal,0.151,7.0,Romania,Eastern Europe
5688,synthesis lectures on signal processing,book series,0.117,7.0,United States,Northern America
5689,olhydraulik und penumatik,journal,0.1,7.0,Germany,Western Europe
5690,analytica chimica acta x,journal,0.67,7.0,Netherlands,Western Europe
5691,guti dianzixue yanjiu yu jinzhanresearch and progress of solid state electronics,journal,0.102,7.0,China,Asiatic Region
5692,change over time,journal,0.147,7.0,United States,Northern America
5693,applied physics,journal,0.216,7.0,Russian Federation,Eastern Europe
5694,journal of rangeland science,journal,0.271,7.0,Iran,Middle East
5695,alternatives journal,trade journal,0.104,7.0,Canada,Northern America
5696,revue des composites et des materiaux avances,journal,0.219,7.0,France,Western Europe
5697,recent innovations in chemical engineering,journal,0.183,7.0,Netherlands,Western Europe
5698,applied surface science advances,journal,0.427,7.0,Netherlands,Western Europe
5699,serbian journal of electrical engineering,journal,0.174,7.0,Serbia,Eastern Europe
5700,uchenye zapiski kazanskogo universiteta seriya fizikomatematicheskie nauki,journal,0.15,7.0,Russian Federation,Eastern Europe
5701,design engineering toronto,trade journal,0.101,7.0,Canada,Northern America
5702,flora montiberica,journal,0.156,7.0,Spain,Western Europe
5703,field mycology,journal,0.155,7.0,Netherlands,Western Europe
5704,applied science and engineering progress,journal,0.169,7.0,Thailand,Asiatic Region
5705,professional papermaking,trade journal,0.103,7.0,Germany,Western Europe
5706,cement international,journal,0.104,7.0,Germany,Western Europe
5707,productivity management,trade journal,0.103,7.0,Germany,Western Europe
5708,clean air journal,journal,0.283,7.0,United States,Northern America
5709,epri journal,trade journal,0.102,7.0,United States,Northern America
5710,atip association technique de l'industrie papetiere,trade journal,0.102,7.0,France,Western Europe
5711,allgemeine vermessungsnachrichten,journal,0.169,7.0,Germany,Western Europe
5712,ee evaluation engineering,trade journal,0.101,7.0,United States,Northern America
5713,depositional record,journal,0.727,6.0,United States,Northern America
5714,environmental epidemiology,journal,0.792,6.0,United States,Northern America
5715,vestnik of saint petersburg university earth sciences,journal,0.202,6.0,Russian Federation,Eastern Europe
5716,applied engineering letters,journal,0.175,6.0,Serbia,Eastern Europe
5717,iwmi working papers,book series,0.158,6.0,Sri Lanka,Asiatic Region
5718,chemist,journal,0.106,6.0,United States,Northern America
5719,regions and cohesion,journal,0.203,6.0,United States,Northern America
5720,nuclear plant journal,trade journal,0.101,6.0,United States,Northern America
5721,telfor journal,journal,0.121,6.0,Serbia,Eastern Europe
5722,physical activity and health,journal,0.279,6.0,United Kingdom,Western Europe
5723,asian dyer,journal,0.1,6.0,India,Asiatic Region
5724,clean air and containment review,journal,0.101,6.0,United Kingdom,Western Europe
5725,proceedings of the ice engineering history and heritage,journal,0.128,6.0,United Kingdom,Western Europe
5726,journal of groundwater science and engineering,journal,0.199,6.0,China,Asiatic Region
5727,vestnik tomskogo gosudarstvennogo universiteta matematika i mekhanika,journal,0.356,6.0,Russian Federation,Eastern Europe
5728,eau l'industrie les nuisances,journal,0.1,6.0,France,Western Europe
5729,fushe yanjiu yu fushe gongyi xuebaojournal of radiation research and radiation processing,journal,,6.0,China,Asiatic Region
5730,applied and computational mechanics,journal,0.129,6.0,Czech Republic,Eastern Europe
5731,disegnarecon,journal,0.129,6.0,Italy,Western Europe
5732,scientific journal of king faisal university,journal,0.149,6.0,Saudi Arabia,Middle East
5733,fronteiras,journal,0.149,6.0,Brazil,Latin America
5734,proceedings of the annual isa analysis division symposium,conference and proceedings,0.1,6.0,United States,Northern America
5735,printed circuit design and fab,journal,0.101,6.0,United States,Northern America
5736,revista latinoamericana de quimica,journal,0.111,6.0,Mexico,Latin America
5737,interiors design architecture culture,journal,0.126,6.0,United Kingdom,Western Europe
5738,physics and chemistry of solid state,journal,0.177,6.0,Ukraine,Eastern Europe
5739,environment and natural resources journal,journal,0.227,6.0,Thailand,Asiatic Region
5740,journal of fluid science and technology,journal,0.299,6.0,Japan,Asiatic Region
5741,journal of korean society for atmospheric environment,journal,0.221,6.0,South Korea,Asiatic Region
5742,acta innovations,journal,0.225,6.0,Poland,Eastern Europe
5743,european chemical bulletin,journal,0.139,6.0,Hungary,Eastern Europe
5744,international journal of highrise buildings,journal,0.288,6.0,South Korea,Asiatic Region
5745,open ceramics,journal,0.429,6.0,Netherlands,Western Europe
5746,city and environment interactions,journal,0.577,6.0,Netherlands,Western Europe
5747,journal of network intelligence,journal,0.289,6.0,Taiwan,Asiatic Region
5748,pakistan journal of scientific and industrial research series a physical sciences,journal,0.162,6.0,Pakistan,Asiatic Region
5749,peace and conflict studies,journal,0.112,6.0,United States,Northern America
5750,usda forest service resource bulletin pnwrb,journal,0.115,6.0,United States,Northern America
5751,brazilian journal of analytical chemistry,journal,0.142,6.0,Brazil,Latin America
5752,uchenye zapiski kazanskogo universiteta seriya estestvennye nauki,journal,0.158,6.0,Russian Federation,Eastern Europe
5753,aiche ammonia plant safty and related facilities v cep tech manual,conference and proceedings,0.101,6.0,United States,Northern America
5754,agriculture and forestry,journal,0.215,6.0,Montenegro,Eastern Europe
5755,research reports on information science and electrical engineering of kyushu university,journal,0.107,6.0,Japan,Asiatic Region
5756,journal of environmental health and sustainable development,journal,0.153,6.0,Iran,Middle East
5757,rsc chemical biology,journal,0.847,6.0,United Kingdom,Western Europe
5758,coal international,trade journal,0.102,6.0,United Kingdom,Western Europe
5759,international journal of environmental cultural economic and social sustainability,book series,0.102,6.0,United States,Northern America
5760,progress in steel building structures,journal,0.17,6.0,China,Asiatic Region
5761,nuclear future,journal,0.102,6.0,United Kingdom,Western Europe
5762,microwave review,journal,0.106,6.0,Serbia,Eastern Europe
5763,logistics journal,journal,0.115,6.0,Germany,Western Europe
5764,revista de gestao social e ambiental,journal,0.115,6.0,Brazil,Latin America
5765,journal of spacecraft technology,journal,0.105,6.0,India,Asiatic Region
5766,advanced biomedical engineering,journal,0.284,6.0,Japan,Asiatic Region
5767,disegnare idee immagini,book series,0.115,6.0,Italy,Western Europe
5768,australasian journal of regional studies,journal,0.134,6.0,Australia,Pacific Region
5769,ciencia and engenharia science and engineering journal,journal,0.107,6.0,Brazil,Latin America
5770,indian silk,trade journal,0.101,6.0,India,Asiatic Region
5771,energia elettrica,journal,0.119,6.0,Italy,Western Europe
5772,huagong jinzhanchemical industry and engineering progress,journal,,6.0,China,Asiatic Region
5773,journal of condensed matter nuclear science,journal,0.102,6.0,United Kingdom,Western Europe
5774,hart's e and p,trade journal,0.1,6.0,United States,Northern America
5775,journal of internet services and information security,journal,0.342,6.0,South Korea,Asiatic Region
5776,series on biomechanics,journal,0.201,6.0,Bulgaria,Eastern Europe
5777,international journal of applied engineering research netherlands,journal,,6.0,Netherlands,Western Europe
5778,czech mycology,journal,0.273,6.0,Czech Republic,Eastern Europe
5779,journal of participatory medicine,journal,0.325,6.0,Canada,Northern America
5780,aus,journal,0.163,6.0,Chile,Latin America
5781,ejnmmi radiopharmacy and chemistry,journal,0.447,6.0,Switzerland,Western Europe
5782,chemical physics letters x,journal,0.457,6.0,Netherlands,Western Europe
5783,international journal of electrical and computer engineering systems,journal,0.209,6.0,Croatia,Eastern Europe
5784,dfi journal,journal,0.159,6.0,United Kingdom,Western Europe
5785,journal of hygienic engineering and design,journal,0.158,6.0,Macedonia,Eastern Europe
5786,coal age,trade journal,0.1,6.0,United States,Northern America
5787,euroheat and powerfernwarme international,trade journal,0.1,6.0,Germany,Western Europe
5788,journal of wind engineering,journal,0.144,6.0,Japan,Asiatic Region
5789,architecture and engineering,journal,1.334,6.0,Russian Federation,Eastern Europe
5790,transactions of the institute of indian geographers,journal,0.111,6.0,India,Asiatic Region
5791,radioelektronika nanosistemy informacionnye tehnologii,journal,0.232,6.0,Russian Federation,Eastern Europe
5792,transactions on maritime science,journal,0.249,6.0,Croatia,Eastern Europe
5793,izvestiya wysshikh uchebnykh zawedeniy yadernaya energetika,journal,0.271,6.0,Russian Federation,Eastern Europe
5794,marine biological journal,journal,0.189,6.0,Russian Federation,Eastern Europe
5795,journal of metals materials and minerals,journal,0.232,6.0,Thailand,Asiatic Region
5796,academic journal of interdisciplinary studies,journal,0.162,6.0,Italy,Western Europe
5797,future anterior,journal,0.103,6.0,United States,Northern America
5798,maritime affairs,journal,0.143,6.0,United Kingdom,Western Europe
5799,sylvia,journal,0.107,6.0,Czech Republic,Eastern Europe
5800,technische sicherheit,journal,0.1,6.0,Germany,Western Europe
5801,irbm news,journal,0.1,6.0,France,Western Europe
5802,hecheng shuzhi ji suliaochina synthetic resin and plastics,journal,0.104,6.0,China,Asiatic Region
5803,artificial intelligence in agriculture,journal,2.471,6.0,China,Asiatic Region
5804,ieie transactions on smart processing and computing,journal,0.19,6.0,South Korea,Asiatic Region
5805,international journal of industrial engineering and production research,journal,0.191,6.0,Iran,Middle East
5806,communications in science and technology,journal,0.191,6.0,Indonesia,Asiatic Region
5807,engineering and applied science research,journal,0.169,6.0,Thailand,Asiatic Region
5808,journal of accessibility and design for all,journal,0.192,6.0,Spain,Western Europe
5809,science of soil and water conservation,journal,0.184,6.0,China,Asiatic Region
5810,kobunshi,journal,0.103,6.0,Japan,Asiatic Region
5811,acta microscopica,journal,0.118,6.0,Venezuela,Latin America
5812,pakistan textile journal,trade journal,0.103,6.0,Pakistan,Asiatic Region
5813,digests of the intermag conference,conference and proceedings,,6.0,United States,Northern America
5814,case studies in the environment,journal,0.248,6.0,United States,Northern America
5815,isaca journal,journal,0.103,6.0,United States,Northern America
5816,ochrona srodowiska i zasobow naturalnych,journal,0.181,6.0,Poland,Eastern Europe
5817,usda forest service research note pnwrn,journal,0.147,6.0,United States,Northern America
5818,arq,journal,0.14,6.0,Chile,Latin America
5819,journal of power sources advances,journal,0.59,6.0,Netherlands,Western Europe
5820,textile world,trade journal,0.101,6.0,United States,Northern America
5821,asiapacific journal of science and technology,journal,0.146,6.0,Thailand,Asiatic Region
5822,international journal of agricultural management,journal,0.161,6.0,United Kingdom,Western Europe
5823,theoretical and applied mechanics,journal,0.156,6.0,Serbia,Eastern Europe
5824,ssrg international journal of engineering trends and technology,journal,0.139,6.0,India,Asiatic Region
5825,zhongguo biaomian gongchengchina surface engineering,journal,0.14,6.0,China,Asiatic Region
5826,aims electronics and electrical engineering,journal,0.231,6.0,United States,Northern America
5827,trees forests and people,journal,0.389,6.0,Netherlands,Western Europe
5828,jeoloji muhendisligi dergisi,journal,0.118,6.0,Turkey,Middle East
5829,euroheat and power english edition,journal,0.11,6.0,Germany,Western Europe
5830,zapiski rossiiskogo mineralogicheskogo obshchestva,journal,0.19,6.0,Russian Federation,Eastern Europe
5831,geopolitics of energy,journal,0.102,6.0,Canada,Northern America
5832,international journal of powertrains,journal,0.233,6.0,United Kingdom,Western Europe
5833,journal of chinese soil and water conservation,journal,0.129,6.0,Taiwan,Asiatic Region
5834,knitting international,trade journal,0.1,6.0,United Kingdom,Western Europe
5835,transactions of the korean society of automotive engineers,journal,0.215,6.0,South Korea,Asiatic Region
5836,dgmk tagungsbericht,conference and proceedings,0.119,6.0,Germany,Western Europe
5837,synopen,journal,0.244,6.0,Germany,Western Europe
5838,journal of biosystems engineering,journal,0.218,6.0,Switzerland,Western Europe
5839,sulzer technical review,trade journal,0.101,6.0,Switzerland,Western Europe
5840,international journal of evidence and proof,journal,0.383,6.0,United Kingdom,Western Europe
5841,transactions of the japan society for computational engineering and science,journal,0.137,6.0,Japan,Asiatic Region
5842,journal of advanced manufacturing technology,journal,0.218,6.0,Malaysia,Asiatic Region
5843,russian journal of biomechanics,journal,0.25,6.0,Russian Federation,Eastern Europe
5844,international journal of environmental sustainability,journal,0.111,6.0,United States,Northern America
5845,tekstil ve muhendis,journal,0.142,6.0,Turkey,Middle East
5846,studies in spanish and latin american cinemas,journal,0.102,5.0,United Kingdom,Western Europe
5847,journal of communications and information networks,journal,0.906,5.0,China,Asiatic Region
5848,rendiconti di matematica e delle sue applicazioni,journal,0.195,5.0,Italy,Western Europe
5849,avances en quimica,journal,0.103,5.0,Venezuela,Latin America
5850,radwaste solutions,journal,0.103,5.0,United States,Northern America
5851,water wheel,trade journal,0.107,5.0,South Africa,Africa
5852,tropicultura,journal,0.124,5.0,Belgium,Western Europe
5853,journal of silk,journal,0.204,5.0,China,Asiatic Region
5854,journal of business analytics,journal,0.525,5.0,United Kingdom,Western Europe
5855,iranian journal of physics research,journal,0.127,5.0,Iran,Middle East
5856,metode,journal,0.117,5.0,Spain,Western Europe
5857,landscapes united kingdom,journal,0.119,5.0,United Kingdom,Western Europe
5858,european journal of sustainable development,journal,,5.0,Italy,Western Europe
5859,nanotechnologies in construction,journal,0.786,5.0,Russian Federation,Eastern Europe
5860,tapuya latin american science technology and society,journal,0.223,5.0,United States,Northern America
5861,humans and nature,journal,0.112,5.0,Japan,Asiatic Region
5862,journal of the korean society of clothing and textiles,journal,0.225,5.0,South Korea,Asiatic Region
5863,bulgarian astronomical journal,journal,0.138,5.0,Bulgaria,Eastern Europe
5864,concawe reports,journal,0.118,5.0,Belgium,Western Europe
5865,nuclear magnetic resonance,book series,,5.0,United Kingdom,Western Europe
5866,energy studies review,journal,0.104,5.0,Canada,Northern America
5867,jurnal tribologi,journal,0.263,5.0,Malaysia,Asiatic Region
5868,ymer,journal,0.118,5.0,Sweden,Western Europe
5869,malaysian journal of microscopy,journal,0.144,5.0,Malaysia,Asiatic Region
5870,materials letters x,journal,0.337,5.0,Netherlands,Western Europe
5871,asiapacific journal of innovation in hospitality and tourism,journal,0.13,5.0,Malaysia,Asiatic Region
5872,journal of the chinese institute of civil and hydraulic engineering,journal,0.109,5.0,Taiwan,Asiatic Region
5873,international journal of environmental science and development,journal,0.184,5.0,Singapore,Asiatic Region
5874,bulletin of japan association for fire science and engineering,journal,0.144,5.0,Japan,Asiatic Region
5875,changjiang liuyu ziyuan yu huanjingresources and environment in the yangtze valley,journal,0.16,5.0,China,Asiatic Region
5876,quaternary and environmental geosciences,journal,0.25,5.0,Brazil,Latin America
5877,resources environment and sustainability,journal,0.42,5.0,Netherlands,Western Europe
5878,wool textile journal,journal,0.117,5.0,China,Asiatic Region
5879,synthesis lectures on communications,book series,0.13,5.0,United States,Northern America
5880,arid zone research,journal,0.192,5.0,China,Asiatic Region
5881,science and innovation,journal,0.211,5.0,Ukraine,Eastern Europe
5882,international journal of mechatronics and applied mechanics,journal,0.123,5.0,Romania,Eastern Europe
5883,russian journal of forest science,journal,0.249,5.0,Russian Federation,Eastern Europe
5884,speciality petrochemicals,journal,0.103,5.0,China,Asiatic Region
5885,pakistan journal of analytical and environmental chemistry,journal,0.142,5.0,Pakistan,Asiatic Region
5886,arquiteturarevista,journal,0.128,5.0,Brazil,Latin America
5887,halteres,journal,0.161,5.0,India,Asiatic Region
5888,building and landscapes,journal,0.127,5.0,United States,Northern America
5889,spr nanoscience,book series,0.26,5.0,United Kingdom,Western Europe
5890,urbanism architecture constructions,journal,0.219,5.0,Romania,Eastern Europe
5891,bulletin of the iraq natural history museum,journal,0.194,5.0,Iraq,Middle East
5892,automotive experiences,journal,0.219,5.0,Indonesia,Asiatic Region
5893,international journal of sustainable construction engineering and technology,journal,0.164,5.0,Malaysia,Asiatic Region
5894,journal of water management modeling,journal,0.242,5.0,Canada,Northern America
5895,usda forest service research papers pnwrp,journal,0.141,5.0,United States,Northern America
5896,journal of nanjing agricultural university,journal,0.166,5.0,China,Asiatic Region
5897,current research in toxicology,journal,0.364,5.0,Netherlands,Western Europe
5898,vestnik tomskogo gosudarstvennogo universiteta biologiya,journal,0.168,5.0,Russian Federation,Eastern Europe
5899,new disease reports,journal,0.336,5.0,United Kingdom,Western Europe
5900,nanosistemi nanomateriali nanotehnologii,journal,0.141,5.0,Ukraine,Eastern Europe
5901,gmsarn international journal,journal,0.168,5.0,Thailand,Asiatic Region
5902,journal of nuclear fuel cycle and waste technology,journal,0.241,5.0,South Korea,Asiatic Region
5903,trudy instituta matematiki i mekhaniki uro ran,journal,0.313,5.0,Russian Federation,Eastern Europe
5904,korean journal of remote sensing,journal,0.201,5.0,South Korea,Asiatic Region
5905,desenvolvimento e meio ambiente,journal,0.178,5.0,Brazil,Latin America
5906,vdiz integrierte produktion,journal,0.108,5.0,Germany,Western Europe
5907,boletin de la asociacion espanola de entomologia,journal,0.18,5.0,Spain,Western Europe
5908,landschap,journal,0.184,5.0,Netherlands,Western Europe
5909,dams and reservoirs,journal,0.17,5.0,United Kingdom,Western Europe
5910,naval architect,trade journal,0.101,5.0,United Kingdom,Western Europe
5911,military engineer,trade journal,0.159,5.0,United States,Northern America
5912,future cities and environment,journal,0.276,5.0,United Kingdom,Western Europe
5913,civil and environmental engineering,journal,0.268,5.0,Germany,Western Europe
5914,revista,journal,0.158,5.0,Chile,Latin America
5915,theatre and performance design,journal,0.158,5.0,United Kingdom,Western Europe
5916,coating international,trade journal,0.1,5.0,Switzerland,Western Europe
5917,current nanomedicine,journal,0.157,5.0,United Arab Emirates,Middle East
5918,archives of design research,journal,0.18,5.0,South Korea,Asiatic Region
5919,polymers paint colour journal,trade journal,0.101,5.0,United Kingdom,Western Europe
5920,nonwovens industry,trade journal,0.101,5.0,United States,Northern America
5921,journal of thermoelectricity,journal,0.101,5.0,Ukraine,Eastern Europe
5922,ecological genetics,journal,0.155,5.0,Russian Federation,Eastern Europe
5923,ecological engineering x,journal,0.793,5.0,Netherlands,Western Europe
5924,journal of the korean society for precision engineering,journal,0.183,5.0,South Korea,Asiatic Region
5925,talanta open,journal,0.74,5.0,Netherlands,Western Europe
5926,drug delivery letters,journal,0.186,5.0,Netherlands,Western Europe
5927,revista brasileira de geografia fisica,journal,0.151,5.0,Brazil,Latin America
5928,international conference on perspective technologies and methods in mems design,journal,0.19,5.0,United States,Northern America
5929,corrosion and materials,journal,0.103,5.0,Australia,Pacific Region
5930,human factors and mechanical engineering for defense and safety,journal,0.192,5.0,Singapore,Asiatic Region
5931,economic and environmental geology,journal,0.187,5.0,South Korea,Asiatic Region
5932,motivation science,journal,0.621,5.0,United States,Northern America
5933,wasser und abfall,journal,0.18,5.0,Germany,Western Europe
5934,philippine journal of systematic biology,journal,0.155,5.0,Philippines,Asiatic Region
5935,przeglad wlokienniczy,trade journal,0.105,5.0,Poland,Eastern Europe
5936,journal of irrigation and drainage,journal,0.196,5.0,China,Asiatic Region
5937,journal of agricultural resources and environment,journal,0.183,5.0,China,Asiatic Region
5938,radioelectronic and computer systems,journal,0.235,5.0,Ukraine,Eastern Europe
5939,control,trade journal,0.1,5.0,United States,Northern America
5940,ec and m electrical construction and maintenance,trade journal,0.1,5.0,United States,Northern America
5941,environmental health and toxicology,journal,0.282,5.0,South Korea,Asiatic Region
5942,korean journal of mycology,journal,0.217,5.0,South Korea,Asiatic Region
5943,proceedings of the pakistan academy of sciences part a,journal,0.161,5.0,Pakistan,Asiatic Region
5944,journal of operation and automation in power engineering,journal,0.25,5.0,Iran,Middle East
5945,international marine energy journal,journal,0.235,5.0,United Kingdom,Western Europe
5946,fundamentalnaya i prikladnaya gidrofizika,journal,0.22,5.0,Russian Federation,Eastern Europe
5947,colombia forestal,journal,0.175,5.0,Colombia,Latin America
5948,acta logistica,journal,0.24,5.0,Slovakia,Eastern Europe
5949,tropical natural history,journal,0.284,5.0,Thailand,Asiatic Region
5950,south of russia ecology development,journal,0.23,5.0,Russian Federation,Eastern Europe
5951,international journal of aquatic biology,journal,0.228,5.0,Iran,Middle East
5952,construction history,journal,0.105,5.0,United Kingdom,Western Europe
5953,fangzhi gaoxiao jichukexue xuebao,journal,0.146,5.0,China,Asiatic Region
5954,appropriate technology,trade journal,0.102,5.0,United Kingdom,Western Europe
5955,silicon semiconductor,journal,0.1,5.0,United Kingdom,Western Europe
5956,ihs jane's defence weekly,trade journal,0.1,5.0,United Kingdom,Western Europe
5957,building engineer,journal,0.102,5.0,United Kingdom,Western Europe
5958,architektura a urbanizmus,journal,0.103,5.0,Slovakia,Eastern Europe
5959,journal of resources and ecology,journal,0.235,5.0,China,Asiatic Region
5960,tropical journal of natural product research,journal,0.128,5.0,Nigeria,Africa
5961,journal of advanced joining processes,journal,0.493,5.0,Netherlands,Western Europe
5962,journal of beijing institute of clothing technology natural science edition,journal,0.151,5.0,China,Asiatic Region
5963,standort,journal,0.222,5.0,Germany,Western Europe
5964,swe magazine,trade journal,0.101,5.0,United States,Northern America
5965,clinical archives of communication disorders,journal,0.292,5.0,South Korea,Asiatic Region
5966,semiconductor physics quantum electronics and optoelectronics,journal,0.16,5.0,Ukraine,Eastern Europe
5967,progress in geography,journal,0.225,5.0,China,Asiatic Region
5968,journal of medicinal and chemical sciences,journal,0.203,5.0,France,Western Europe
5969,school science and mathematics,journal,0.36,5.0,United States,Northern America
5970,rsc theoretical and computational chemistry series,book series,0.13,5.0,United Kingdom,Western Europe
5971,environmental and socioeconomic studies,journal,0.237,5.0,Germany,Western Europe
5972,automotive industries ai,journal,0.1,5.0,United States,Northern America
5973,plant engineering,trade journal,0.1,5.0,United States,Northern America
5974,canadian mining journal,trade journal,0.1,5.0,Canada,Northern America
5975,international journal of mechanical engineering,journal,,5.0,India,Asiatic Region
5976,online journal of communication and media technologies,journal,0.648,4.0,United Kingdom,Western Europe
5977,offshore engineering,trade journal,0.1,4.0,United States,Northern America
5978,advanced series on ocean engineering,book series,0.102,4.0,Singapore,Asiatic Region
5979,journal of fruit science,journal,0.152,4.0,China,Asiatic Region
5980,journal of biotechnology x,journal,0.379,4.0,Netherlands,Western Europe
5981,limnological review,journal,0.18,4.0,Poland,Eastern Europe
5982,east asian publishing and society,journal,0.125,4.0,Netherlands,Western Europe
5983,journal of new england water environment association,journal,0.102,4.0,United States,Northern America
5984,international journal of interdisciplinary environmental studies,journal,0.115,4.0,United States,Northern America
5985,alam cipta,journal,0.144,4.0,Malaysia,Asiatic Region
5986,sociologia urbana e rurale,journal,0.183,4.0,Italy,Western Europe
5987,elcezeri journal of science and engineering,journal,0.159,4.0,Turkey,Middle East
5988,thyssenkrupp techforum,journal,0.101,4.0,Germany,Western Europe
5989,marine technology,journal,0.101,4.0,United States,Northern America
5990,sustentabilidade em debate,journal,0.144,4.0,Brazil,Latin America
5991,itu news,trade journal,0.101,4.0,Switzerland,Western Europe
5992,epitesepiteszettudomany,journal,0.101,4.0,Hungary,Eastern Europe
5993,physics open,journal,0.286,4.0,Netherlands,Western Europe
5994,engineer,trade journal,0.101,4.0,United Kingdom,Western Europe
5995,bmj surgery interventions and health technologies,journal,0.437,4.0,United Kingdom,Western Europe
5996,assembly,trade journal,0.101,4.0,United States,Northern America
5997,architect,journal,0.101,4.0,United States,Northern America
5998,molekul,journal,0.262,4.0,Indonesia,Asiatic Region
5999,waste forum,journal,0.149,4.0,Czech Republic,Eastern Europe
6000,granja,journal,0.154,4.0,Ecuador,Latin America
6001,journal of taiwan society of naval architects and marine engineers,journal,0.139,4.0,Taiwan,Asiatic Region
6002,journal of the magnetics society of japan,journal,0.277,4.0,Japan,Asiatic Region
6003,journal of the illuminating engineering institute of japan shomei gakkai shi,journal,0.114,4.0,Japan,Asiatic Region
6004,journal of chemical health risks,journal,0.163,4.0,Iran,Middle East
6005,advances in science and research,journal,0.4,4.0,Germany,Western Europe
6006,southwestern journal of horticulture biology and environment,journal,0.164,4.0,Romania,Eastern Europe
6007,international journal of computational intelligence in control,journal,,4.0,India,Asiatic Region
6008,international journal of cyber warfare and terrorism,journal,0.168,4.0,United States,Northern America
6009,international journal of climate change impacts and responses,journal,0.165,4.0,United States,Northern America
6010,scopus journal of east african ornithology,journal,0.166,4.0,Kenya,Africa
6011,international journal of designed objects,journal,0.114,4.0,United States,Northern America
6012,architecture and culture,journal,0.112,4.0,United Kingdom,Western Europe
6013,suranaree journal of science and technology,journal,0.127,4.0,Thailand,Asiatic Region
6014,journal of dynamics and control,journal,0.115,4.0,China,Asiatic Region
6015,sains tanah,journal,0.282,4.0,Indonesia,Asiatic Region
6016,revista luna azul,journal,0.11,4.0,Colombia,Latin America
6017,synthesis lectures on engineering,book series,0.127,4.0,United States,Northern America
6018,international journal of social sustainability in economic social and cultural context,journal,0.171,4.0,United States,Northern America
6019,uporto journal of engineering,journal,0.124,4.0,Portugal,Western Europe
6020,forestry ideas,journal,0.162,4.0,Bulgaria,Eastern Europe
6021,landscape architecture and art,journal,0.283,4.0,Latvia,Eastern Europe
6022,international journal of design management and professional practice,journal,0.144,4.0,United States,Northern America
6023,japanese railway engineering,journal,0.103,4.0,Japan,Asiatic Region
6024,polytrauma,journal,0.143,4.0,Russian Federation,Eastern Europe
6025,papers on global change igbp,journal,0.113,4.0,Poland,Eastern Europe
6026,current applied science and technology,journal,0.158,4.0,Thailand,Asiatic Region
6027,environmental humanities,journal,0.483,4.0,United States,Northern America
6028,reliability theory and applications,journal,0.14,4.0,United States,Northern America
6029,international journal for the history of engineering and technology,journal,0.138,4.0,United Kingdom,Western Europe
6030,alpine entomology,journal,0.458,4.0,Bulgaria,Eastern Europe
6031,lighting design and application ld and a,trade journal,0.104,4.0,United States,Northern America
6032,historia ambiental latinoamericana y caribena,journal,0.287,4.0,Brazil,Latin America
6033,cleanroom technology,trade journal,0.1,4.0,United Kingdom,Western Europe
6034,rethinking ecology,journal,0.431,4.0,Bulgaria,Eastern Europe
6035,consultingspecifying engineer,trade journal,0.104,4.0,United States,Northern America
6036,american city and county,journal,0.1,4.0,United States,Northern America
6037,carreteras,journal,0.104,4.0,Spain,Western Europe
6038,isvs ejournal,journal,0.281,4.0,India,Asiatic Region
6039,petroleum economist,trade journal,0.1,4.0,United Kingdom,Western Europe
6040,physicist,journal,0.103,4.0,Australia,Pacific Region
6041,rivista italiana della saldatura,journal,0.101,4.0,Italy,Western Europe
6042,iranian journal of mathematical chemistry,journal,0.244,4.0,Iran,Middle East
6043,science of synthesis,book series,0.203,4.0,Germany,Western Europe
6044,journal of degraded and mining lands management,journal,0.197,4.0,Indonesia,Asiatic Region
6045,international journal of construction supply chain management,journal,0.23,4.0,New Zealand,Pacific Region
6046,wiadomosci konserwatorskie,journal,0.309,4.0,Poland,Eastern Europe
6047,international journal of thin film science and technology,journal,0.18,4.0,United States,Northern America
6048,cuadernos de geografia revista colombiana de geografia,journal,0.196,4.0,Colombia,Latin America
6049,japanese journal of health physics,journal,0.196,4.0,Japan,Asiatic Region
6050,biotekhnologiya,journal,0.139,4.0,Russian Federation,Eastern Europe
6051,agit journal fur angewandte geoinformatik,journal,0.195,4.0,Germany,Western Europe
6052,agraarteadus,journal,0.195,4.0,Estonia,Eastern Europe
6053,revista cientifica general jose maria cordova,journal,0.222,4.0,Colombia,Latin America
6054,acta scientiae,journal,0.209,4.0,Brazil,Latin America
6055,chemistry teacher international,journal,0.239,4.0,Germany,Western Europe
6056,jot journal fuer oberflaechentechnik,trade journal,0.139,4.0,Germany,Western Europe
6057,malaysian journal of chemistry,journal,0.138,4.0,Malaysia,Asiatic Region
6058,fashion style and popular culture,journal,0.192,4.0,United Kingdom,Western Europe
6059,transactions on transport sciences,journal,0.246,4.0,Czech Republic,Eastern Europe
6060,journal of survey in fisheries sciences,journal,0.246,4.0,Canada,Northern America
6061,state crime journal,journal,0.247,4.0,United Kingdom,Western Europe
6062,vytapeni vetrani instalace,journal,0.142,4.0,Czech Republic,Eastern Europe
6063,journal of tekirdag agricultural faculty,journal,0.247,4.0,Turkey,Middle East
6064,aerospace systems,journal,0.213,4.0,Singapore,Asiatic Region
6065,journal of sustainable architecture and civil engineering,journal,0.212,4.0,Lithuania,Eastern Europe
6066,pakistan journal of engineering and applied sciences,journal,0.12,4.0,Pakistan,Asiatic Region
6067,geologiya i geofizika yuga rossii,journal,0.249,4.0,Russian Federation,Eastern Europe
6068,eurasian physical technical journal,journal,0.205,4.0,Kazakhstan,Asiatic Region
6069,gornaya promyshlennost,journal,0.231,4.0,Russian Federation,Eastern Europe
6070,international journal of engineering transactions c aspects,journal,0.234,4.0,Iran,Middle East
6071,strategic design research journal,journal,0.207,4.0,Brazil,Latin America
6072,mongolian journal of chemistry,journal,0.153,4.0,Mongolia,Asiatic Region
6073,revista de urbanismo,journal,0.212,4.0,Chile,Latin America
6074,journal of energy systems,journal,0.213,4.0,Turkey,Middle East
6075,interiority,journal,0.276,4.0,Indonesia,Asiatic Region
6076,contributii botanice,journal,0.205,4.0,Romania,Eastern Europe
6077,iraqi journal of pharmaceutical sciences,journal,0.143,4.0,Iraq,Middle East
6078,international electronic journal of environmental education,journal,0.215,4.0,Turkey,Middle East
6079,geomatics and environmental engineering,journal,0.218,4.0,Poland,Eastern Europe
6080,applied environmental research,journal,0.204,4.0,Thailand,Asiatic Region
6081,malaysian journal of fundamental and applied sciences,journal,0.155,4.0,Malaysia,Asiatic Region
6082,acta hydrotechnica,journal,0.219,4.0,Slovenia,Eastern Europe
6083,science and technology indonesia,journal,,4.0,Indonesia,Asiatic Region
6084,geoscape,journal,0.22,4.0,Poland,Eastern Europe
6085,computers and graphics x,journal,0.497,4.0,United Kingdom,Western Europe
6086,methods and objects of chemical analysis,journal,0.156,4.0,Ukraine,Eastern Europe
6087,metallurgical and materials engineering,journal,0.166,4.0,Serbia,Eastern Europe
6088,science and technology asia,journal,0.13,4.0,Thailand,Asiatic Region
6089,uniciencia,journal,0.167,4.0,Costa Rica,Latin America
6090,masonry international,journal,0.159,4.0,United Kingdom,Western Europe
6091,asean engineering journal,journal,0.134,4.0,Thailand,Asiatic Region
6092,vietnam journal of chemistry,journal,0.173,4.0,United Kingdom,Western Europe
6093,izvestiya of saratov university new series series mathematics mechanics informatics,journal,0.243,4.0,Russian Federation,Eastern Europe
6094,relations,journal,0.136,4.0,Italy,Western Europe
6095,polyolefins journal,journal,0.175,4.0,Iran,Middle East
6096,nanosystems physics chemistry mathematics,journal,0.176,4.0,Russian Federation,Eastern Europe
6097,mekhatronika avtomatizatsiya upravlenie,journal,0.235,4.0,Russian Federation,Eastern Europe
6098,turkish computational and theoretical chemistry,journal,0.206,4.0,Turkey,Middle East
6099,journal of biomedical photonics and engineering,journal,0.39,4.0,Russian Federation,Eastern Europe
6100,british plastics and rubber,trade journal,0.104,4.0,United Kingdom,Western Europe
6101,spinnovation,trade journal,0.107,4.0,Germany,Western Europe
6102,mass spectrometry,journal,0.362,4.0,Japan,Asiatic Region
6103,corrosion science and technology,journal,0.213,4.0,South Korea,Asiatic Region
6104,aquatic science and engineering,journal,0.187,4.0,Turkey,Middle East
6105,contemporary management research,journal,0.268,4.0,Taiwan,Asiatic Region
6106,world sports activewear,trade journal,0.101,4.0,United Kingdom,Western Europe
6107,biosurface and biotribology,journal,0.215,4.0,United Kingdom,Western Europe
6108,journal of graphic engineering and design,journal,0.194,4.0,Serbia,Eastern Europe
6109,textiles trends,trade journal,0.104,4.0,India,Asiatic Region
6110,arktika ekologia i ekonomika,journal,0.259,4.0,Russian Federation,Eastern Europe
6111,international journal on technical and physical problems of engineering,journal,0.192,4.0,Romania,Eastern Europe
6112,caspian journal of environmental sciences,journal,0.185,4.0,Iran,Middle East
6113,rinsan shikenj ohajournal of the hokkaido forest products research institute,journal,0.103,4.0,Japan,Asiatic Region
6114,revista de direito estado e telecomunicacoes,journal,0.183,4.0,Brazil,Latin America
6115,mathematical scientist,journal,0.102,4.0,United Kingdom,Western Europe
6116,vestnik samarskogo gosudarstvennogo tekhnicheskogo universiteta seriya fizikomatematicheskie nauki,journal,0.323,4.0,Russian Federation,Eastern Europe
6117,fire risk management,trade journal,0.101,4.0,United Kingdom,Western Europe
6118,environmental health engineering and management,journal,0.186,4.0,Iran,Middle East
6119,asian journal of conservation biology,journal,0.185,4.0,India,Asiatic Region
6120,china's refractories,journal,0.101,4.0,China,Asiatic Region
6121,international journal of sustainability policy and practice,journal,0.12,4.0,United States,Northern America
6122,project baikal,journal,0.184,4.0,Russian Federation,Eastern Europe
6123,advances in technology innovation,journal,0.27,4.0,Taiwan,Asiatic Region
6124,journal of the korean society for railway,journal,0.196,4.0,South Korea,Asiatic Region
6125,journal of the korea concrete institute,journal,0.212,4.0,South Korea,Asiatic Region
6126,corrosion management,trade journal,0.111,4.0,United Kingdom,Western Europe
6127,journal of transport and supply chain management,journal,0.201,4.0,South Africa,Africa
6128,paper asia,trade journal,0.109,4.0,Malaysia,Asiatic Region
6129,mechanics of advanced composite structures,journal,0.211,4.0,Iran,Middle East
6130,journal of the society of powder technology japan,journal,0.16,4.0,Japan,Asiatic Region
6131,journal of technology,journal,0.103,3.0,Taiwan,Asiatic Region
6132,chelyabinsk physical and mathematical journal,journal,0.244,3.0,Russian Federation,Eastern Europe
6133,biota colombiana,journal,0.209,3.0,Colombia,Latin America
6134,european journal of forest engineering,journal,0.162,3.0,Turkey,Middle East
6135,science engineering and health studies,journal,0.117,3.0,Thailand,Asiatic Region
6136,mindanao journal of science and technology,journal,0.129,3.0,Philippines,Asiatic Region
6137,journal of taiwan agricultural engineering,journal,0.101,3.0,Taiwan,Asiatic Region
6138,taiwan review,journal,0.1,3.0,Taiwan,Asiatic Region
6139,journal of astronomical history and heritage,journal,0.198,3.0,Thailand,Asiatic Region
6140,environmental engineering,trade journal,0.102,3.0,United Kingdom,Western Europe
6141,international journal of visual design,journal,0.103,3.0,United States,Northern America
6142,journal of insect biodiversity,journal,0.227,3.0,New Zealand,Pacific Region
6143,lia today,journal,0.101,3.0,United States,Northern America
6144,ecti transactions on computer and information technology,journal,0.156,3.0,Thailand,Asiatic Region
6145,journal of the acoustical society of korea,journal,0.207,3.0,South Korea,Asiatic Region
6146,cientifica,journal,0.184,3.0,Brazil,Latin America
6147,geological field trips and maps,journal,0.27,3.0,Italy,Western Europe
6148,explosion,journal,0.106,3.0,Japan,Asiatic Region
6149,abu technical review,journal,0.101,3.0,Malaysia,Asiatic Region
6150,horizon studies in phenomenology,journal,0.16,3.0,Russian Federation,Eastern Europe
6151,journal of geography chigaku zasshi,journal,,3.0,Japan,Asiatic Region
6152,journal of current science and technology,journal,0.115,3.0,Thailand,Asiatic Region
6153,ernahrung,journal,0.101,3.0,Austria,Western Europe
6154,landscapes,journal,0.102,3.0,United States,Northern America
6155,international journal of innovative research and scientific studies,journal,0.145,3.0,United States,Northern America
6156,organization technology and management in construction,journal,0.175,3.0,Poland,Eastern Europe
6157,romanian astronomical journal,journal,0.221,3.0,Romania,Eastern Europe
6158,journal of engineering project and production management,journal,0.206,3.0,Poland,Eastern Europe
6159,disegno,journal,0.112,3.0,Italy,Western Europe
6160,international journal of advanced technology and engineering exploration,journal,0.154,3.0,India,Asiatic Region
6161,advances in polar science,journal,0.187,3.0,China,Asiatic Region
6162,anales de la asociacion fisica argentina,journal,0.111,3.0,Argentina,Latin America
6163,journal of heat and mass transfer research,journal,0.166,3.0,Iran,Middle East
6164,revista proyecto progreso arquitectura,journal,0.197,3.0,Spain,Western Europe
6165,logi scientific journal on transport and logistics,journal,0.315,3.0,Germany,Western Europe
6166,applied computer science,journal,0.219,3.0,Poland,Eastern Europe
6167,chinese journal of ship research,journal,0.139,3.0,China,Asiatic Region
6168,sae international journal of connected and automated vehicles,journal,0.2,3.0,United States,Northern America
6169,medical science technology,journal,0.127,3.0,United States,Northern America
6170,fatigue of aircraft structures,journal,0.127,3.0,Poland,Eastern Europe
6171,exploratory animal and medical research,journal,0.178,3.0,India,Asiatic Region
6172,food processing techniques and technology,journal,0.132,3.0,Russian Federation,Eastern Europe
6173,resource recycling,journal,0.1,3.0,United States,Northern America
6174,squalen bulletin of marine and fisheries postharvest and biotechnology,journal,0.194,3.0,Indonesia,Asiatic Region
6175,msw management,journal,0.1,3.0,United States,Northern America
6176,international journal of architectonic spatial and environmental design,journal,0.131,3.0,United States,Northern America
6177,plan journal,journal,0.141,3.0,Italy,Western Europe
6178,computational continuum mechanics,journal,0.222,3.0,Russian Federation,Eastern Europe
6179,journal of rehabilitation in civil engineering,journal,0.154,3.0,Iran,Middle East
6180,indian journal of computer science and engineering,journal,0.126,3.0,India,Asiatic Region
6181,italian journal of mycology,journal,0.227,3.0,Italy,Western Europe
6182,journal of physical sciences,journal,0.158,3.0,United States,Northern America
6183,advances in industrial and manufacturing engineering,journal,0.24,3.0,Netherlands,Western Europe
6184,cern yellow reports school proceedings,journal,0.143,3.0,Switzerland,Western Europe
6185,scientific journal of silesian university of technology series transport,journal,0.153,3.0,Poland,Eastern Europe
6186,archistor,journal,0.11,3.0,Italy,Western Europe
6187,ecological engineering and environmental technology,journal,,3.0,Poland,Eastern Europe
6188,journal of computational applied mechanics,journal,0.19,3.0,Iran,Middle East
6189,st petersburg state polytechnical university journal physics and mathematics,journal,0.135,3.0,Russian Federation,Eastern Europe
6190,assistive technology outcomes and benefits,journal,0.149,3.0,United States,Northern America
6191,journal of architecture and planning,journal,0.115,3.0,China,Asiatic Region
6192,international journal of emerging technology and advanced engineering,journal,0.121,3.0,India,Asiatic Region
6193,research on engineering structures and materials,journal,0.122,3.0,Turkey,Middle East
6194,ilmu kelautan indonesian journal of marine sciences,journal,0.178,3.0,Indonesia,Asiatic Region
6195,forum geografic,journal,0.178,3.0,Romania,Eastern Europe
6196,journal of sustainable real estate,journal,0.271,3.0,United States,Northern America
6197,journal of petroleum exploration and production,journal,,3.0,Germany,Western Europe
6198,carbon and climate law review,journal,0.153,3.0,Germany,Western Europe
6199,computational and experimental methods in structures,book series,0.124,3.0,Singapore,Asiatic Region
6200,acta scientiarum polonorum administratio locorum,journal,0.141,3.0,Poland,Eastern Europe
6201,acta biologica sibirica,journal,0.431,3.0,Russian Federation,Eastern Europe
6202,metal casting design and purchasing,trade journal,0.101,3.0,United States,Northern America
6203,journal of people plants and environment,journal,0.16,3.0,South Korea,Asiatic Region
6204,cigre science and engineering,journal,0.463,3.0,France,Western Europe
6205,advances in pharmacological and pharmaceutical sciences,journal,0.254,3.0,United Kingdom,Western Europe
6206,brazilian journal of operations and production management,journal,,3.0,Brazil,Latin America
6207,scientific and technical journal of information technologies mechanics and optics,journal,0.135,3.0,Russian Federation,Eastern Europe
6208,nanoworld journal,journal,0.19,3.0,United States,Northern America
6209,journal of chemical metrology,journal,0.232,3.0,Turkey,Middle East
6210,sustainable humanosphere,trade journal,0.107,3.0,Japan,Asiatic Region
6211,basrah journal of agricultural sciences,journal,0.159,3.0,Iraq,Middle East
6212,glass international,trade journal,0.1,3.0,United Kingdom,Western Europe
6213,powder metallurgy progress,journal,0.215,3.0,Germany,Western Europe
6214,kondensirovannye sredy mezhfaznye granitsy,journal,0.144,3.0,Russian Federation,Eastern Europe
6215,analytical science and technology,journal,0.147,3.0,South Korea,Asiatic Region
6216,eurasian journal of physics and functional materials,journal,0.179,3.0,Kazakhstan,Asiatic Region
6217,kinoshi kenkyu kaishiannals of the high performance paper society japan,journal,0.101,3.0,Japan,Asiatic Region
6218,journal of japan society of civil engineers,journal,0.142,3.0,Japan,Asiatic Region
6219,journal of microscopy and ultrastructure,journal,0.178,3.0,India,Asiatic Region
6220,chinese journal of applied chemistry,journal,0.122,3.0,China,Asiatic Region
6221,revista de la academia colombiana de ciencias exactas fisicas y naturales,journal,0.15,3.0,Colombia,Latin America
6222,journal of land and development,journal,0.11,3.0,United States,Northern America
6223,journal of tropical life science,journal,0.167,3.0,Indonesia,Asiatic Region
6224,materials and energy,book series,0.108,3.0,Singapore,Asiatic Region
6225,journal of measurements in engineering,journal,0.218,3.0,Lithuania,Eastern Europe
6226,current topics in electrochemistry,journal,0.136,3.0,India,Asiatic Region
6227,international journal of environmental health engineering,journal,0.17,3.0,India,Asiatic Region
6228,iranian journal of toxicology,journal,0.143,3.0,Iran,Middle East
6229,veredas do direito,journal,0.171,3.0,Brazil,Latin America
6230,journal of new zealand grasslands,journal,0.308,3.0,New Zealand,Pacific Region
6231,geocarrefour,journal,0.122,3.0,France,Western Europe
6232,journal of park and recreation administration,journal,0.293,3.0,United States,Northern America
6233,journal of fisheries and environment,journal,0.173,3.0,Thailand,Asiatic Region
6234,concawe review,journal,0.173,3.0,Belgium,Western Europe
6235,travaux du museum national d'histoire naturelle grigore antipa,journal,0.143,3.0,Poland,Eastern Europe
6236,unitex,trade journal,0.102,3.0,Belgium,Western Europe
6237,studies in territorial and cultural diversity governance,book series,0.13,3.0,Netherlands,Western Europe
6238,fuentes el reventon energetico,journal,0.202,3.0,Colombia,Latin America
6239,journal of chemistry and technologies,journal,0.142,3.0,Ukraine,Eastern Europe
6240,comprehensive series in photochemical and photobiological sciences,book series,0.13,3.0,United Kingdom,Western Europe
6241,journal of the nigerian society of physical sciences,journal,0.154,3.0,Nigeria,Africa
6242,electronic products,trade journal,0.1,3.0,United States,Northern America
6243,engineerit,trade journal,0.1,3.0,South Africa,Africa
6244,journal of siberian federal university chemistry,journal,0.152,3.0,Russian Federation,Eastern Europe
6245,ra revista de arquitectura,journal,0.101,3.0,Spain,Western Europe
6246,indonesian journal of biotechnology,journal,0.133,3.0,Indonesia,Asiatic Region
6247,flexo,trade journal,0.1,3.0,United States,Northern America
6248,ekonomia i srodowisko,journal,0.133,3.0,Poland,Eastern Europe
6249,composites theory and practice,journal,0.159,3.0,Poland,Eastern Europe
6250,archidoct,journal,0.116,3.0,Belgium,Western Europe
6251,journal of water and environmental nanotechnology,journal,0.159,3.0,Iran,Middle East
6252,architecture d'aujourd hui,journal,0.1,3.0,France,Western Europe
6253,environmental law review,journal,0.151,3.0,United Kingdom,Western Europe
6254,arab journal of plant protection,journal,0.144,3.0,Lebanon,Middle East
6255,lotus international,journal,0.1,3.0,Italy,Western Europe
6256,world agriculture,journal,0.103,3.0,United Kingdom,Western Europe
6257,research and development barrington illinois,journal,0.101,3.0,United States,Northern America
6258,journal of ultrafine grained and nanostructured materials,journal,0.154,3.0,Iran,Middle East
6259,international journal of surface engineering and interdisciplinary materials science,journal,0.156,3.0,United States,Northern America
6260,ecologia mediterranea,journal,0.154,3.0,France,Western Europe
6261,international journal on magnetic particle imaging,journal,0.174,3.0,Germany,Western Europe
6262,transactions of the ancient monuments society,journal,0.101,3.0,United Kingdom,Western Europe
6263,produccion y limpia,journal,0.131,3.0,Colombia,Latin America
6264,surface technology,journal,,3.0,China,Asiatic Region
6265,annual review of heat transfer,book series,0.152,2.0,United States,Northern America
6266,adhesion adhesives and sealants,trade journal,0.103,2.0,Germany,Western Europe
6267,rivista,journal,0.115,2.0,Italy,Western Europe
6268,advances in dynamical systems and applications,journal,0.152,2.0,India,Asiatic Region
6269,gulf and caribbean research,journal,0.186,2.0,United States,Northern America
6270,vitruvio,journal,0.151,2.0,Spain,Western Europe
6271,journal of the architectural institute of korea,journal,0.187,2.0,South Korea,Asiatic Region
6272,new electronics,trade journal,0.1,2.0,United Kingdom,Western Europe
6273,us geological survey techniques and methods,journal,0.768,2.0,United States,Northern America
6274,water reuse,journal,,2.0,United Kingdom,Western Europe
6275,international journal of difference equations,journal,0.157,2.0,India,Asiatic Region
6276,textile network,journal,0.1,2.0,Germany,Western Europe
6277,journal for weavers spinners and dyers,journal,0.1,2.0,United Kingdom,Western Europe
6278,vlc arquitectura,journal,0.168,2.0,Spain,Western Europe
6279,ink world,trade journal,0.1,2.0,United States,Northern America
6280,paper and biomaterials,journal,,2.0,China,Asiatic Region
6281,international journal of space science and engineering,journal,0.176,2.0,United Kingdom,Western Europe
6282,cossma,journal,0.1,2.0,Germany,Western Europe
6283,international journal of intelligent systems and applications in engineering,journal,0.157,2.0,Turkey,Middle East
6284,northern logger and timber processor,trade journal,0.102,2.0,United States,Northern America
6285,packaging news,trade journal,0.101,2.0,Australia,Pacific Region
6286,sciences in cold and arid regions,journal,0.147,2.0,China,Asiatic Region
6287,celulosa y papel,trade journal,0.101,2.0,Chile,Latin America
6288,printwear,trade journal,0.1,2.0,United States,Northern America
6289,sustainable mediterranean construction,journal,0.151,2.0,Italy,Western Europe
6290,journal of nuclear energy science and power generation technology,journal,,2.0,United Kingdom,Western Europe
6291,journal of renewable energy and environment,journal,,2.0,Iran,Middle East
6292,international paper board industry,trade journal,0.1,2.0,United Kingdom,Western Europe
6293,plant engineer,journal,0.101,2.0,United Kingdom,Western Europe
6294,advanced composites bulletin,trade journal,0.107,2.0,United Kingdom,Western Europe
6295,current nanomaterials,journal,0.168,2.0,Netherlands,Western Europe
6296,rural sustainability research,journal,0.13,2.0,Germany,Western Europe
6297,revista de gestao ambiental e sustentabilidade,journal,0.138,2.0,Brazil,Latin America
6298,sorbtsionnye i khromatograficheskie protsessy,journal,0.153,2.0,Russian Federation,Eastern Europe
6299,ecologia balkanica,journal,0.137,2.0,Bulgaria,Eastern Europe
6300,journal of aridland agriculture,journal,0.13,2.0,United Arab Emirates,Middle East
6301,international journal of management and sustainability,journal,0.233,2.0,United States,Northern America
6302,glasnik srpskog geografskog drustva,journal,0.13,2.0,Croatia,Eastern Europe
6303,pesticide research journal,journal,0.135,2.0,India,Asiatic Region
6304,indonesian journal of forestry research,journal,0.134,2.0,Indonesia,Asiatic Region
6305,journal of engineering geology,journal,0.204,2.0,South Korea,Asiatic Region
6306,visions for sustainability,journal,0.241,2.0,Italy,Western Europe
6307,habitat sustentable,journal,0.16,2.0,Chile,Latin America
6308,trends in phytochemical research,journal,,2.0,Iran,Middle East
6309,chemistry didactics ecology metrology,journal,0.204,2.0,Poland,Eastern Europe
6310,studies in fungi,journal,0.205,2.0,Thailand,Asiatic Region
6311,progress in plant protection,journal,0.131,2.0,Poland,Eastern Europe
6312,chinese annals of history of science and technology,journal,0.111,2.0,China,Asiatic Region
6313,proceedings of the national academy of sciences of belarus chemical series,journal,0.147,2.0,Belarus,Eastern Europe
6314,forest chemicals review,trade journal,0.105,2.0,United States,Northern America
6315,international journal of advanced and applied sciences,journal,,2.0,Taiwan,Asiatic Region
6316,journal of architecture and civil engineering,journal,0.149,2.0,China,Asiatic Region
6317,journal of siberian federal university biology,journal,0.14,2.0,Russian Federation,Eastern Europe
6318,mechanics in engineering,journal,0.197,2.0,China,Asiatic Region
6319,clean coal technology,journal,,2.0,China,Asiatic Region
6320,acta hydrologica slovaca,journal,0.188,2.0,Slovakia,Eastern Europe
6321,izvestiya of saratov university new series physics,journal,0.198,2.0,Russian Federation,Eastern Europe
6322,international journal for computational civil and structural engineering,journal,0.2,2.0,Russian Federation,Eastern Europe
6323,ochrona przed korozja,journal,0.114,2.0,Poland,Eastern Europe
6324,revista catalana de dret ambiental,journal,0.192,2.0,Spain,Western Europe
6325,environment and ecology research,journal,0.192,2.0,United States,Northern America
6326,iranian journal of polymer science and technology,journal,0.115,2.0,Iran,Middle East
6327,sae international journal of transportation cybersecurity and privacy,journal,0.205,2.0,United States,Northern America
6328,mining science and technologyrussian federation,journal,0.205,2.0,Russian Federation,Eastern Europe
6329,journal of applied and natural science,journal,0.126,2.0,India,Asiatic Region
6330,advances in environmental technology,journal,0.128,2.0,Iran,Middle East
6331,east european journal of physics,journal,0.128,2.0,Ukraine,Eastern Europe
6332,online journal of animal and feed research,journal,0.127,2.0,Turkey,Middle East
6333,asean journal on science and technology for development,journal,0.141,2.0,Indonesia,Asiatic Region
6334,measurement sensors,journal,0.195,2.0,United Kingdom,Western Europe
6335,journal of design business and society,journal,0.218,2.0,United Kingdom,Western Europe
6336,applied science and convergence technology,journal,0.133,2.0,South Korea,Asiatic Region
6337,chimica techno acta,journal,0.139,2.0,Russian Federation,Eastern Europe
6338,engineering project organization journal,journal,0.222,2.0,United States,Northern America
6339,indian journal of entomology,journal,0.14,2.0,India,Asiatic Region
6340,informacijos mokslai,journal,0.21,2.0,Lithuania,Eastern Europe
6341,challenges in sustainability,journal,0.772,2.0,Switzerland,Western Europe
6342,neilreichia,journal,0.131,2.0,Austria,Western Europe
6343,aiub journal of science and engineering,journal,0.103,2.0,Bangladesh,Asiatic Region
6344,earsel eproceedings,journal,0.112,2.0,France,Western Europe
6345,frontiers in biomedical technologies,journal,0.135,2.0,Iran,Middle East
6346,texas transportation researcher,trade journal,0.102,2.0,United States,Northern America
6347,international journal of science mathematics and technology learning,journal,0.134,2.0,United States,Northern America
6348,eurobiotech journal,journal,,2.0,Poland,Eastern Europe
6349,water and wastes digest,trade journal,0.1,2.0,United States,Northern America
6350,revista del jardin botanico nacional,journal,0.105,2.0,Cuba,Latin America
6351,atelie geografico,journal,0.105,2.0,Brazil,Latin America
6352,international journal of geospatial and environmental research,journal,0.16,2.0,United States,Northern America
6353,metszet,journal,0.1,2.0,Hungary,Eastern Europe
6354,new design,journal,0.1,2.0,United Kingdom,Western Europe
6355,medicine in novel technology and devices,journal,0.13,2.0,Netherlands,Western Europe
6356,rita revista indexada de textos academicos,journal,0.1,2.0,Spain,Western Europe
6357,fuels and lubes international,journal,0.101,2.0,Philippines,Asiatic Region
6358,us geological survey fact sheet,journal,0.107,2.0,United States,Northern America
6359,international journal of production management and engineering,journal,0.138,2.0,Spain,Western Europe
6360,screen printing,trade journal,0.1,2.0,United States,Northern America
6361,opec energy review,journal,0.146,2.0,United States,Northern America
6362,zarch,journal,0.105,2.0,Spain,Western Europe
6363,iranian journal of botany,journal,0.164,2.0,Iran,Middle East
6364,spore,journal,0.101,2.0,Netherlands,Western Europe
6365,chinese journal of urban and environmental studies,journal,0.168,2.0,United States,Northern America
6366,journal of radiation protection and research,journal,0.169,2.0,South Korea,Asiatic Region
6367,infrastructure asset management,journal,0.124,2.0,United Kingdom,Western Europe
6368,astronomical and astrophysical transactions,journal,0.125,2.0,United Kingdom,Western Europe
6369,lex portus,journal,0.174,2.0,Ukraine,Eastern Europe
6370,boletin academico,journal,0.109,2.0,Spain,Western Europe
6371,egyptian journal of basic and applied sciences,journal,,2.0,United Kingdom,Western Europe
6372,fabriksoftware,journal,0.113,2.0,Germany,Western Europe
6373,journal of print and media technology research,journal,0.111,2.0,Germany,Western Europe
6374,world dredging mining and constructions,trade journal,0.102,2.0,United States,Northern America
6375,water sewage and effluent,trade journal,0.1,2.0,South Africa,Africa
6376,cell and organ transplantology,journal,0.138,2.0,Ukraine,Eastern Europe
6377,revista de la sociedad entomologica argentina,journal,0.159,2.0,Argentina,Latin America
6378,journal of engineering,journal,0.354,2.0,United Kingdom,Western Europe
6379,paliva,journal,0.159,2.0,Czech Republic,Eastern Europe
6380,a uarchitecture and urbanism,journal,0.1,2.0,Japan,Asiatic Region
6381,machinery and production engineering,trade journal,0.101,2.0,United Kingdom,Western Europe
6382,architectural digest,journal,0.1,2.0,United States,Northern America
6383,aqua water infrastructure ecosystems and society,journal,,2.0,United Kingdom,Western Europe
6384,architectural histories,journal,0.143,2.0,United Kingdom,Western Europe
6385,maritime by holland,journal,0.101,2.0,Netherlands,Western Europe
6386,rural landscapes,journal,0.28,2.0,Sweden,Western Europe
6387,ecn electronic component news,trade journal,0.101,2.0,United States,Northern America
6388,rostaniha,journal,0.155,2.0,Iran,Middle East
6389,australian mining,trade journal,0.101,2.0,United States,Northern America
6390,nakhara journal of environmental design and planning,journal,0.18,2.0,Thailand,Asiatic Region
6391,journal of globalization studies,journal,0.159,2.0,Russian Federation,Eastern Europe
6392,indonesian aquaculture journal,journal,0.128,1.0,Indonesia,Asiatic Region
6393,inform,trade journal,0.104,1.0,United States,Northern America
6394,motor ship,trade journal,0.101,1.0,United Kingdom,Western Europe
6395,tekst kniga knigoizdaniye,journal,0.215,1.0,Russian Federation,Eastern Europe
6396,converting today,trade journal,0.106,1.0,United Kingdom,Western Europe
6397,advances in organic synthesis,book series,0.115,1.0,Netherlands,Western Europe
6398,egyptian journal of archaeological and restoration studies,journal,0.128,1.0,Egypt,Africa/Middle East
6399,edelweiss applied science and technology,journal,0.102,1.0,United States,Northern America
6400,studii de istoria si teoria arhitecturii,journal,0.107,1.0,Romania,Eastern Europe
6401,eai endorsed transactions on industrial networks and intelligent systems,journal,,1.0,Belgium,Western Europe
6402,civil engineering infrastructures journal,journal,,1.0,Iran,Middle East
6403,news and tech,trade journal,0.107,1.0,United States,Northern America
6404,spool,journal,0.11,1.0,Netherlands,Western Europe
6405,connections,journal,0.107,1.0,Germany,Western Europe
6406,european journal of interdisciplinary studies,journal,0.108,1.0,Romania,Eastern Europe
6407,conservacion colombiana,journal,0.107,1.0,Colombia,Latin America
6408,radovi zavoda za znanstvenoistrazivacki i umjetnicki rad u bjelovaru,journal,0.101,1.0,Croatia,Eastern Europe
6409,ecological chemistry and engineering a,journal,0.13,1.0,Poland,Eastern Europe
6410,seybold report,trade journal,0.104,1.0,United States,Northern America
6411,journal of islamic architecture,journal,0.104,1.0,Indonesia,Asiatic Region
6412,modulo arquitectura cuc,journal,0.104,1.0,Colombia,Latin America
6413,ars judaica,journal,0.101,1.0,United Kingdom,Western Europe
6414,graphic arts monthly,trade journal,0.1,1.0,United States,Northern America
6415,highways,trade journal,0.1,1.0,United Kingdom,Western Europe
6416,revista conhecimento online,journal,0.144,1.0,Brazil,Latin America
6417,estudios de literatura colombiana,journal,0.1,1.0,Colombia,Latin America
6418,revista de derecho ambientalchile,journal,0.135,1.0,Chile,Latin America
6419,contexto,journal,0.101,1.0,Mexico,Latin America
6420,research journal of pharmacognosy,journal,,1.0,Iran,Middle East
6421,musica tecnologia,journal,0.102,1.0,Italy,Western Europe
6422,china surfactant detergent and cosmetics,journal,,1.0,China,Asiatic Region
6423,bulletin of the karaganda university chemistry series,journal,,1.0,Kazakhstan,Asiatic Region
6424,chinese journal of polar research,journal,0.103,1.0,China,Asiatic Region
6425,appita time magazine,journal,0.102,1.0,Australia,Pacific Region
6426,inbo,journal,0.101,1.0,Italy,Western Europe
6427,revcedoua,journal,0.106,1.0,Portugal,Western Europe
6428,print and promo,trade journal,0.1,1.0,United States,Northern America
6429,printing impressions,trade journal,0.1,1.0,United States,Northern America
6430,canadian packaging,trade journal,0.1,1.0,Canada,Northern America
6431,studia universitatis babesbolyai biologia,journal,0.102,1.0,Romania,Eastern Europe
6432,textiles eastern europe,trade journal,0.13,1.0,United Kingdom,Western Europe
6433,journal of the national academy of forensic engineers,journal,0.101,1.0,United States,Northern America
6434,festival dell'architettura magazine,journal,0.1,1.0,Italy,Western Europe
6435,tichodroma,journal,0.14,1.0,Slovakia,Eastern Europe
6436,azerbaijan chemical journal,journal,0.127,1.0,Azerbaijan,Eastern Europe
6437,journal of pollination ecology,journal,0.153,1.0,Canada,Northern America
6438,acta geographica universitatis comenianae,journal,0.107,1.0,Slovakia,Eastern Europe
6439,textile rental,journal,0.1,1.0,United States,Northern America
6440,geosfernye issledovaniya,journal,,1.0,Russian Federation,Eastern Europe
6441,functional differential equations,journal,,1.0,Israel,Middle East
6442,earozoru kenkyu,journal,,1.0,Japan,Asiatic Region
6443,twist,trade journal,0.1,1.0,United Kingdom,Western Europe
6444,textilwirtschaft,trade journal,0.1,1.0,Germany,Western Europe
6445,textiles panamericanos,trade journal,0.1,1.0,United States,Northern America
6446,jordan journal of earth and environmental sciences,journal,,1.0,Jordan,Middle East
6447,minerva biotechnology and biomolecular research,journal,,1.0,Italy,Western Europe
6448,acta palaeontologica romaniae,journal,,1.0,Romania,Eastern Europe
6449,package printing,trade journal,0.1,1.0,United States,Northern America
6450,acta hydrobiologica sinica,journal,,1.0,China,Asiatic Region
6451,catalytic science series,book series,0.13,1.0,Singapore,Asiatic Region
6452,scientific bulletin of naval academy,journal,0.134,1.0,Romania,Eastern Europe
6453,international bulk journal,trade journal,,1.0,United Kingdom,Western Europe
6454,himia fizika ta tehnologia poverhni,journal,,1.0,Ukraine,Eastern Europe
6455,makara journal of science,journal,,1.0,Indonesia,Asiatic Region
6456,materials protection,journal,,1.0,Serbia,Eastern Europe
6457,nanobiotechnology reports,journal,,1.0,United States,Northern America
6458,science and technologies oil and oil products pipeline transportation,journal,,1.0,Russian Federation,Eastern Europe
6459,agricultural engineering,journal,,1.0,Poland,Eastern Europe
6460,revista de geomorfologie,journal,0.117,1.0,Romania,Eastern Europe
6461,campo juridico,journal,0.112,1.0,Brazil,Latin America
6462,awwa water science,journal,,1.0,United States,Northern America
6463,ecology economy and society,journal,,1.0,India,Asiatic Region
6464,journal of contextual economicsschmollers jahrbuch,journal,0.113,1.0,Germany,Western Europe
6465,resource recovery and reuse,book series,0.151,1.0,Sri Lanka,Asiatic Region
6466,esarda bulletin,journal,0.142,1.0,Italy,Western Europe
6467,architecture and urban planning,journal,0.157,1.0,Poland,Eastern Europe
6468,climate change research,journal,,1.0,China,Asiatic Region
6469,rakenteiden mekaniikka,journal,0.147,1.0,Finland,Western Europe
6470,business ethics environment and responsibility,journal,,1.0,United Kingdom,Western Europe
6471,synthesis lectures on electrical engineering,book series,0.132,1.0,United States,Northern America
6472,sportswear international,trade journal,0.101,1.0,Germany,Western Europe
6473,radio physics and radio astronomy,journal,,1.0,Ukraine,Eastern Europe
6474,shiprepair and conversion technology,trade journal,0.13,1.0,United Kingdom,Western Europe
6475,converter,trade journal,0.106,1.0,United Kingdom,Western Europe
6476,bohemistyka,journal,0.122,1.0,Poland,Eastern Europe
6477,nigerian journal of technological development,journal,0.117,1.0,Nigeria,Africa
6478,banko janakari,journal,,1.0,Nepal,Asiatic Region
6479,proceedings of the acm on measurement and analysis of computing systems,journal,,1.0,United States,Northern America
6480,icon news,trade journal,0.103,1.0,United Kingdom,Western Europe
6481,nordic journal of architectural research,journal,,1.0,Norway,Western Europe
6482,momento,journal,0.103,1.0,Colombia,Latin America
6483,home textiles today,trade journal,0.115,1.0,United States,Northern America
6484,journal of the japan society for technology of plasticity,journal,0.111,1.0,Japan,Asiatic Region
6485,international journal of nuclear security,journal,0.111,1.0,United States,Northern America
6486,silva gabreta,journal,0.126,1.0,Czech Republic,Eastern Europe
6487,problems of the regional energetics,journal,,1.0,Moldova,Eastern Europe
6488,fau studies mathematics and physics,book series,0.458,1.0,Germany,Western Europe
6489,journal of nanjing forestry university natural sciences edition,journal,,1.0,China,Asiatic Region
6490,international nano letters,journal,0.13,1.0,United States,Northern America
6491,international journal of membrane science and technology,journal,0.119,1.0,Pakistan,Asiatic Region
6492,journal of systems science and information,journal,,1.0,China,Asiatic Region
6493,china textile and apparel,trade journal,0.101,1.0,Hong Kong,Asiatic Region
6494,us geological survey data series,journal,0.11,1.0,United States,Northern America
6495,microphysiological systems,journal,,0.0,China,Asiatic Region
6496,ecocycles,journal,,0.0,Hungary,Eastern Europe
6497,international journal of applied engineering and technology london,journal,0.102,0.0,United Kingdom,Western Europe
6498,enquiry,journal,,0.0,United States,Northern America
6499,d printing in medicine,journal,0.13,0.0,United Kingdom,Western Europe
6500,peremennye zvezdy,journal,0.102,0.0,Russian Federation,Eastern Europe
6501,textilrevue,trade journal,0.1,0.0,Switzerland,Western Europe
6502,revista de quimica e industria textil,journal,0.104,0.0,Spain,Western Europe
6503,ochrona zabytkow,journal,0.102,0.0,Poland,Eastern Europe
6504,biophysical bulletin,journal,,0.0,Ukraine,Eastern Europe
6505,plasma physics and technology,journal,,0.0,Czech Republic,Eastern Europe
6506,international review of environmental history,journal,,0.0,Australia,Pacific Region
6507,proceedings of the national academy of sciences of belarus physics and mathematics series,journal,,0.0,Belarus,Eastern Europe
6508,iotex,trade journal,0.1,0.0,United Kingdom,Western Europe
6509,geoplanning,journal,0.13,0.0,Indonesia,Asiatic Region
6510,foundations and trends in electric energy systems,journal,0.13,0.0,United States,Northern America
6511,digital tv europe,journal,0.102,0.0,United Kingdom,Western Europe
6512,staleta praha,journal,0.102,0.0,Czech Republic,Eastern Europe
6513,timber bulletin,trade journal,0.104,0.0,Switzerland,Western Europe
